[0.150s] DEBUG:colcon:Command line arguments: ['/usr/bin/colcon', 'build', '--packages-select', 'apriltag', 'apriltag_msgs', 'apriltag_ros', 'cartographer', 'costmap_converter_msgs', 'costmap_converter', 'emcl2', 'explore_lite', 'openslam_gmapping', 'slam_gmapping', 'ldlidar', 'rf2o_laser_odometry', 'robot_pose_publisher', 'teb_msgs', 'teb_local_planner', 'vizanti', 'vizanti_cpp', 'vizanti_demos', 'vizanti_msgs', 'vizanti_server', 'ugv_base_node', 'ugv_interface']
[0.150s] DEBUG:colcon:Parsed command line arguments: Namespace(log_base=None, log_level=None, verb_name='build', build_base='build', install_base='install', merge_install=False, symlink_install=False, test_result_base=None, continue_on_error=False, executor='parallel', parallel_workers=4, event_handlers=None, ignore_user_meta=False, metas=['./colcon.meta'], base_paths=['.'], packages_ignore=None, packages_ignore_regex=None, paths=None, packages_up_to=None, packages_up_to_regex=None, packages_above=None, packages_above_and_dependencies=None, packages_above_depth=None, packages_select_by_dep=None, packages_skip_by_dep=None, packages_skip_up_to=None, packages_select_build_failed=False, packages_skip_build_finished=False, packages_select_test_failures=False, packages_skip_test_passed=False, packages_select=['apriltag', 'apriltag_msgs', 'apriltag_ros', 'cartographer', 'costmap_converter_msgs', 'costmap_converter', 'emcl2', 'explore_lite', 'openslam_gmapping', 'slam_gmapping', 'ldlidar', 'rf2o_laser_odometry', 'robot_pose_publisher', 'teb_msgs', 'teb_local_planner', 'vizanti', 'vizanti_cpp', 'vizanti_demos', 'vizanti_msgs', 'vizanti_server', 'ugv_base_node', 'ugv_interface'], packages_skip=None, packages_select_regex=None, packages_skip_regex=None, packages_start=None, packages_end=None, cmake_args=None, cmake_target=None, cmake_target_skip_unavailable=False, cmake_clean_cache=False, cmake_clean_first=False, cmake_force_configure=False, ament_cmake_args=None, catkin_cmake_args=None, catkin_skip_building_tests=False, mixin_files=None, mixin=None, verb_parser=<colcon_mixin.mixin.mixin_argument.MixinArgumentDecorator object at 0x7fff1ce77550>, verb_extension=<colcon_core.verb.build.BuildVerb object at 0x7fff1ce770a0>, main=<bound method BuildVerb.main of <colcon_core.verb.build.BuildVerb object at 0x7fff1ce770a0>>, mixin_verb=('build',))
[0.335s] Level 1:colcon.colcon_core.package_discovery:discover_packages(colcon_meta) check parameters
[0.336s] INFO:colcon.colcon_metadata.package_discovery.colcon_meta:Using configuration from '/root/.colcon/metadata/default/Gazebo.meta'
[0.336s] INFO:colcon.colcon_metadata.package_discovery.colcon_meta:Using configuration from '/root/.colcon/metadata/default/fastrtps.meta'
[0.336s] Level 1:colcon.colcon_core.package_discovery:discover_packages(recursive) check parameters
[0.336s] Level 1:colcon.colcon_core.package_discovery:discover_packages(ignore) check parameters
[0.336s] Level 1:colcon.colcon_core.package_discovery:discover_packages(path) check parameters
[0.337s] Level 1:colcon.colcon_core.package_discovery:discover_packages(colcon_meta) discover
[0.337s] Level 1:colcon.colcon_core.package_discovery:discover_packages(recursive) discover
[0.337s] INFO:colcon.colcon_core.package_discovery:Crawling recursively for packages in '/home/ws/ugv_ws'
[0.337s] Level 1:colcon.colcon_core.package_identification:_identify(.) by extensions ['ignore', 'ignore_ament_install']
[0.337s] Level 1:colcon.colcon_core.package_identification:_identify(.) by extension 'ignore'
[0.337s] Level 1:colcon.colcon_core.package_identification:_identify(.) by extension 'ignore_ament_install'
[0.337s] Level 1:colcon.colcon_core.package_identification:_identify(.) by extensions ['colcon_pkg']
[0.337s] Level 1:colcon.colcon_core.package_identification:_identify(.) by extension 'colcon_pkg'
[0.337s] Level 1:colcon.colcon_core.package_identification:_identify(.) by extensions ['colcon_meta']
[0.337s] Level 1:colcon.colcon_core.package_identification:_identify(.) by extension 'colcon_meta'
[0.337s] Level 1:colcon.colcon_core.package_identification:_identify(.) by extensions ['ros']
[0.337s] Level 1:colcon.colcon_core.package_identification:_identify(.) by extension 'ros'
[0.353s] Level 1:colcon.colcon_core.package_identification:_identify(.) by extensions ['cmake', 'python']
[0.353s] Level 1:colcon.colcon_core.package_identification:_identify(.) by extension 'cmake'
[0.353s] Level 1:colcon.colcon_core.package_identification:_identify(.) by extension 'python'
[0.353s] Level 1:colcon.colcon_core.package_identification:_identify(.) by extensions ['python_setup_py']
[0.353s] Level 1:colcon.colcon_core.package_identification:_identify(.) by extension 'python_setup_py'
[0.353s] Level 1:colcon.colcon_core.package_identification:_identify(build) by extensions ['ignore', 'ignore_ament_install']
[0.353s] Level 1:colcon.colcon_core.package_identification:_identify(build) by extension 'ignore'
[0.353s] Level 1:colcon.colcon_core.package_identification:_identify(build) ignored
[0.353s] Level 1:colcon.colcon_core.package_identification:_identify(install) by extensions ['ignore', 'ignore_ament_install']
[0.353s] Level 1:colcon.colcon_core.package_identification:_identify(install) by extension 'ignore'
[0.353s] Level 1:colcon.colcon_core.package_identification:_identify(install) ignored
[0.354s] Level 1:colcon.colcon_core.package_identification:_identify(log) by extensions ['ignore', 'ignore_ament_install']
[0.354s] Level 1:colcon.colcon_core.package_identification:_identify(log) by extension 'ignore'
[0.354s] Level 1:colcon.colcon_core.package_identification:_identify(log) ignored
[0.354s] Level 1:colcon.colcon_core.package_identification:_identify(src) by extensions ['ignore', 'ignore_ament_install']
[0.354s] Level 1:colcon.colcon_core.package_identification:_identify(src) by extension 'ignore'
[0.354s] Level 1:colcon.colcon_core.package_identification:_identify(src) by extension 'ignore_ament_install'
[0.354s] Level 1:colcon.colcon_core.package_identification:_identify(src) by extensions ['colcon_pkg']
[0.354s] Level 1:colcon.colcon_core.package_identification:_identify(src) by extension 'colcon_pkg'
[0.354s] Level 1:colcon.colcon_core.package_identification:_identify(src) by extensions ['colcon_meta']
[0.354s] Level 1:colcon.colcon_core.package_identification:_identify(src) by extension 'colcon_meta'
[0.354s] Level 1:colcon.colcon_core.package_identification:_identify(src) by extensions ['ros']
[0.354s] Level 1:colcon.colcon_core.package_identification:_identify(src) by extension 'ros'
[0.354s] Level 1:colcon.colcon_core.package_identification:_identify(src) by extensions ['cmake', 'python']
[0.354s] Level 1:colcon.colcon_core.package_identification:_identify(src) by extension 'cmake'
[0.354s] Level 1:colcon.colcon_core.package_identification:_identify(src) by extension 'python'
[0.354s] Level 1:colcon.colcon_core.package_identification:_identify(src) by extensions ['python_setup_py']
[0.354s] Level 1:colcon.colcon_core.package_identification:_identify(src) by extension 'python_setup_py'
[0.354s] Level 1:colcon.colcon_core.package_identification:_identify(src/ugv_else) by extensions ['ignore', 'ignore_ament_install']
[0.354s] Level 1:colcon.colcon_core.package_identification:_identify(src/ugv_else) by extension 'ignore'
[0.354s] Level 1:colcon.colcon_core.package_identification:_identify(src/ugv_else) by extension 'ignore_ament_install'
[0.355s] Level 1:colcon.colcon_core.package_identification:_identify(src/ugv_else) by extensions ['colcon_pkg']
[0.355s] Level 1:colcon.colcon_core.package_identification:_identify(src/ugv_else) by extension 'colcon_pkg'
[0.355s] Level 1:colcon.colcon_core.package_identification:_identify(src/ugv_else) by extensions ['colcon_meta']
[0.355s] Level 1:colcon.colcon_core.package_identification:_identify(src/ugv_else) by extension 'colcon_meta'
[0.355s] Level 1:colcon.colcon_core.package_identification:_identify(src/ugv_else) by extensions ['ros']
[0.355s] Level 1:colcon.colcon_core.package_identification:_identify(src/ugv_else) by extension 'ros'
[0.355s] Level 1:colcon.colcon_core.package_identification:_identify(src/ugv_else) by extensions ['cmake', 'python']
[0.355s] Level 1:colcon.colcon_core.package_identification:_identify(src/ugv_else) by extension 'cmake'
[0.355s] Level 1:colcon.colcon_core.package_identification:_identify(src/ugv_else) by extension 'python'
[0.355s] Level 1:colcon.colcon_core.package_identification:_identify(src/ugv_else) by extensions ['python_setup_py']
[0.355s] Level 1:colcon.colcon_core.package_identification:_identify(src/ugv_else) by extension 'python_setup_py'
[0.355s] Level 1:colcon.colcon_core.package_identification:_identify(src/ugv_else/apriltag_ros) by extensions ['ignore', 'ignore_ament_install']
[0.355s] Level 1:colcon.colcon_core.package_identification:_identify(src/ugv_else/apriltag_ros) by extension 'ignore'
[0.355s] Level 1:colcon.colcon_core.package_identification:_identify(src/ugv_else/apriltag_ros) by extension 'ignore_ament_install'
[0.355s] Level 1:colcon.colcon_core.package_identification:_identify(src/ugv_else/apriltag_ros) by extensions ['colcon_pkg']
[0.355s] Level 1:colcon.colcon_core.package_identification:_identify(src/ugv_else/apriltag_ros) by extension 'colcon_pkg'
[0.355s] Level 1:colcon.colcon_core.package_identification:_identify(src/ugv_else/apriltag_ros) by extensions ['colcon_meta']
[0.355s] Level 1:colcon.colcon_core.package_identification:_identify(src/ugv_else/apriltag_ros) by extension 'colcon_meta'
[0.355s] Level 1:colcon.colcon_core.package_identification:_identify(src/ugv_else/apriltag_ros) by extensions ['ros']
[0.355s] Level 1:colcon.colcon_core.package_identification:_identify(src/ugv_else/apriltag_ros) by extension 'ros'
[0.355s] Level 1:colcon.colcon_core.package_identification:_identify(src/ugv_else/apriltag_ros) by extensions ['cmake', 'python']
[0.355s] Level 1:colcon.colcon_core.package_identification:_identify(src/ugv_else/apriltag_ros) by extension 'cmake'
[0.355s] Level 1:colcon.colcon_core.package_identification:_identify(src/ugv_else/apriltag_ros) by extension 'python'
[0.355s] Level 1:colcon.colcon_core.package_identification:_identify(src/ugv_else/apriltag_ros) by extensions ['python_setup_py']
[0.355s] Level 1:colcon.colcon_core.package_identification:_identify(src/ugv_else/apriltag_ros) by extension 'python_setup_py'
[0.356s] Level 1:colcon.colcon_core.package_identification:_identify(src/ugv_else/apriltag_ros/apriltag) by extensions ['ignore', 'ignore_ament_install']
[0.356s] Level 1:colcon.colcon_core.package_identification:_identify(src/ugv_else/apriltag_ros/apriltag) by extension 'ignore'
[0.356s] Level 1:colcon.colcon_core.package_identification:_identify(src/ugv_else/apriltag_ros/apriltag) by extension 'ignore_ament_install'
[0.356s] Level 1:colcon.colcon_core.package_identification:_identify(src/ugv_else/apriltag_ros/apriltag) by extensions ['colcon_pkg']
[0.356s] Level 1:colcon.colcon_core.package_identification:_identify(src/ugv_else/apriltag_ros/apriltag) by extension 'colcon_pkg'
[0.356s] Level 1:colcon.colcon_core.package_identification:_identify(src/ugv_else/apriltag_ros/apriltag) by extensions ['colcon_meta']
[0.356s] Level 1:colcon.colcon_core.package_identification:_identify(src/ugv_else/apriltag_ros/apriltag) by extension 'colcon_meta'
[0.356s] Level 1:colcon.colcon_core.package_identification:_identify(src/ugv_else/apriltag_ros/apriltag) by extensions ['ros']
[0.356s] Level 1:colcon.colcon_core.package_identification:_identify(src/ugv_else/apriltag_ros/apriltag) by extension 'ros'
[0.361s] DEBUG:colcon.colcon_core.package_identification:Package 'src/ugv_else/apriltag_ros/apriltag' with type 'ros.cmake' and name 'apriltag'
[0.361s] Level 1:colcon.colcon_core.package_identification:_identify(src/ugv_else/apriltag_ros/apriltag_msgs) by extensions ['ignore', 'ignore_ament_install']
[0.361s] Level 1:colcon.colcon_core.package_identification:_identify(src/ugv_else/apriltag_ros/apriltag_msgs) by extension 'ignore'
[0.361s] Level 1:colcon.colcon_core.package_identification:_identify(src/ugv_else/apriltag_ros/apriltag_msgs) by extension 'ignore_ament_install'
[0.362s] Level 1:colcon.colcon_core.package_identification:_identify(src/ugv_else/apriltag_ros/apriltag_msgs) by extensions ['colcon_pkg']
[0.362s] Level 1:colcon.colcon_core.package_identification:_identify(src/ugv_else/apriltag_ros/apriltag_msgs) by extension 'colcon_pkg'
[0.362s] Level 1:colcon.colcon_core.package_identification:_identify(src/ugv_else/apriltag_ros/apriltag_msgs) by extensions ['colcon_meta']
[0.362s] Level 1:colcon.colcon_core.package_identification:_identify(src/ugv_else/apriltag_ros/apriltag_msgs) by extension 'colcon_meta'
[0.362s] Level 1:colcon.colcon_core.package_identification:_identify(src/ugv_else/apriltag_ros/apriltag_msgs) by extensions ['ros']
[0.362s] Level 1:colcon.colcon_core.package_identification:_identify(src/ugv_else/apriltag_ros/apriltag_msgs) by extension 'ros'
[0.362s] DEBUG:colcon.colcon_core.package_identification:Package 'src/ugv_else/apriltag_ros/apriltag_msgs' with type 'ros.ament_cmake' and name 'apriltag_msgs'
[0.363s] Level 1:colcon.colcon_core.package_identification:_identify(src/ugv_else/apriltag_ros/apriltag_ros) by extensions ['ignore', 'ignore_ament_install']
[0.363s] Level 1:colcon.colcon_core.package_identification:_identify(src/ugv_else/apriltag_ros/apriltag_ros) by extension 'ignore'
[0.363s] Level 1:colcon.colcon_core.package_identification:_identify(src/ugv_else/apriltag_ros/apriltag_ros) by extension 'ignore_ament_install'
[0.363s] Level 1:colcon.colcon_core.package_identification:_identify(src/ugv_else/apriltag_ros/apriltag_ros) by extensions ['colcon_pkg']
[0.363s] Level 1:colcon.colcon_core.package_identification:_identify(src/ugv_else/apriltag_ros/apriltag_ros) by extension 'colcon_pkg'
[0.363s] Level 1:colcon.colcon_core.package_identification:_identify(src/ugv_else/apriltag_ros/apriltag_ros) by extensions ['colcon_meta']
[0.363s] Level 1:colcon.colcon_core.package_identification:_identify(src/ugv_else/apriltag_ros/apriltag_ros) by extension 'colcon_meta'
[0.363s] Level 1:colcon.colcon_core.package_identification:_identify(src/ugv_else/apriltag_ros/apriltag_ros) by extensions ['ros']
[0.363s] Level 1:colcon.colcon_core.package_identification:_identify(src/ugv_else/apriltag_ros/apriltag_ros) by extension 'ros'
[0.365s] DEBUG:colcon.colcon_core.package_identification:Package 'src/ugv_else/apriltag_ros/apriltag_ros' with type 'ros.ament_cmake' and name 'apriltag_ros'
[0.365s] Level 1:colcon.colcon_core.package_identification:_identify(src/ugv_else/cartographer) by extensions ['ignore', 'ignore_ament_install']
[0.365s] Level 1:colcon.colcon_core.package_identification:_identify(src/ugv_else/cartographer) by extension 'ignore'
[0.365s] Level 1:colcon.colcon_core.package_identification:_identify(src/ugv_else/cartographer) by extension 'ignore_ament_install'
[0.365s] Level 1:colcon.colcon_core.package_identification:_identify(src/ugv_else/cartographer) by extensions ['colcon_pkg']
[0.365s] Level 1:colcon.colcon_core.package_identification:_identify(src/ugv_else/cartographer) by extension 'colcon_pkg'
[0.365s] Level 1:colcon.colcon_core.package_identification:_identify(src/ugv_else/cartographer) by extensions ['colcon_meta']
[0.365s] Level 1:colcon.colcon_core.package_identification:_identify(src/ugv_else/cartographer) by extension 'colcon_meta'
[0.365s] Level 1:colcon.colcon_core.package_identification:_identify(src/ugv_else/cartographer) by extensions ['ros']
[0.365s] Level 1:colcon.colcon_core.package_identification:_identify(src/ugv_else/cartographer) by extension 'ros'
[0.366s] DEBUG:colcon.colcon_core.package_identification:Package 'src/ugv_else/cartographer' with type 'ros.ament_cmake' and name 'cartographer'
[0.366s] Level 1:colcon.colcon_core.package_identification:_identify(src/ugv_else/costmap_converter) by extensions ['ignore', 'ignore_ament_install']
[0.366s] Level 1:colcon.colcon_core.package_identification:_identify(src/ugv_else/costmap_converter) by extension 'ignore'
[0.366s] Level 1:colcon.colcon_core.package_identification:_identify(src/ugv_else/costmap_converter) by extension 'ignore_ament_install'
[0.366s] Level 1:colcon.colcon_core.package_identification:_identify(src/ugv_else/costmap_converter) by extensions ['colcon_pkg']
[0.366s] Level 1:colcon.colcon_core.package_identification:_identify(src/ugv_else/costmap_converter) by extension 'colcon_pkg'
[0.366s] Level 1:colcon.colcon_core.package_identification:_identify(src/ugv_else/costmap_converter) by extensions ['colcon_meta']
[0.366s] Level 1:colcon.colcon_core.package_identification:_identify(src/ugv_else/costmap_converter) by extension 'colcon_meta'
[0.366s] Level 1:colcon.colcon_core.package_identification:_identify(src/ugv_else/costmap_converter) by extensions ['ros']
[0.366s] Level 1:colcon.colcon_core.package_identification:_identify(src/ugv_else/costmap_converter) by extension 'ros'
[0.366s] Level 1:colcon.colcon_core.package_identification:_identify(src/ugv_else/costmap_converter) by extensions ['cmake', 'python']
[0.366s] Level 1:colcon.colcon_core.package_identification:_identify(src/ugv_else/costmap_converter) by extension 'cmake'
[0.366s] Level 1:colcon.colcon_core.package_identification:_identify(src/ugv_else/costmap_converter) by extension 'python'
[0.366s] Level 1:colcon.colcon_core.package_identification:_identify(src/ugv_else/costmap_converter) by extensions ['python_setup_py']
[0.366s] Level 1:colcon.colcon_core.package_identification:_identify(src/ugv_else/costmap_converter) by extension 'python_setup_py'
[0.366s] Level 1:colcon.colcon_core.package_identification:_identify(src/ugv_else/costmap_converter/costmap_converter) by extensions ['ignore', 'ignore_ament_install']
[0.367s] Level 1:colcon.colcon_core.package_identification:_identify(src/ugv_else/costmap_converter/costmap_converter) by extension 'ignore'
[0.367s] Level 1:colcon.colcon_core.package_identification:_identify(src/ugv_else/costmap_converter/costmap_converter) by extension 'ignore_ament_install'
[0.367s] Level 1:colcon.colcon_core.package_identification:_identify(src/ugv_else/costmap_converter/costmap_converter) by extensions ['colcon_pkg']
[0.367s] Level 1:colcon.colcon_core.package_identification:_identify(src/ugv_else/costmap_converter/costmap_converter) by extension 'colcon_pkg'
[0.367s] Level 1:colcon.colcon_core.package_identification:_identify(src/ugv_else/costmap_converter/costmap_converter) by extensions ['colcon_meta']
[0.367s] Level 1:colcon.colcon_core.package_identification:_identify(src/ugv_else/costmap_converter/costmap_converter) by extension 'colcon_meta'
[0.367s] Level 1:colcon.colcon_core.package_identification:_identify(src/ugv_else/costmap_converter/costmap_converter) by extensions ['ros']
[0.367s] Level 1:colcon.colcon_core.package_identification:_identify(src/ugv_else/costmap_converter/costmap_converter) by extension 'ros'
[0.368s] DEBUG:colcon.colcon_core.package_identification:Package 'src/ugv_else/costmap_converter/costmap_converter' with type 'ros.ament_cmake' and name 'costmap_converter'
[0.368s] Level 1:colcon.colcon_core.package_identification:_identify(src/ugv_else/costmap_converter/costmap_converter_msgs) by extensions ['ignore', 'ignore_ament_install']
[0.368s] Level 1:colcon.colcon_core.package_identification:_identify(src/ugv_else/costmap_converter/costmap_converter_msgs) by extension 'ignore'
[0.368s] Level 1:colcon.colcon_core.package_identification:_identify(src/ugv_else/costmap_converter/costmap_converter_msgs) by extension 'ignore_ament_install'
[0.368s] Level 1:colcon.colcon_core.package_identification:_identify(src/ugv_else/costmap_converter/costmap_converter_msgs) by extensions ['colcon_pkg']
[0.368s] Level 1:colcon.colcon_core.package_identification:_identify(src/ugv_else/costmap_converter/costmap_converter_msgs) by extension 'colcon_pkg'
[0.368s] Level 1:colcon.colcon_core.package_identification:_identify(src/ugv_else/costmap_converter/costmap_converter_msgs) by extensions ['colcon_meta']
[0.368s] Level 1:colcon.colcon_core.package_identification:_identify(src/ugv_else/costmap_converter/costmap_converter_msgs) by extension 'colcon_meta'
[0.368s] Level 1:colcon.colcon_core.package_identification:_identify(src/ugv_else/costmap_converter/costmap_converter_msgs) by extensions ['ros']
[0.368s] Level 1:colcon.colcon_core.package_identification:_identify(src/ugv_else/costmap_converter/costmap_converter_msgs) by extension 'ros'
[0.369s] DEBUG:colcon.colcon_core.package_identification:Package 'src/ugv_else/costmap_converter/costmap_converter_msgs' with type 'ros.ament_cmake' and name 'costmap_converter_msgs'
[0.369s] Level 1:colcon.colcon_core.package_identification:_identify(src/ugv_else/emcl2_ros2) by extensions ['ignore', 'ignore_ament_install']
[0.369s] Level 1:colcon.colcon_core.package_identification:_identify(src/ugv_else/emcl2_ros2) by extension 'ignore'
[0.369s] Level 1:colcon.colcon_core.package_identification:_identify(src/ugv_else/emcl2_ros2) by extension 'ignore_ament_install'
[0.369s] Level 1:colcon.colcon_core.package_identification:_identify(src/ugv_else/emcl2_ros2) by extensions ['colcon_pkg']
[0.369s] Level 1:colcon.colcon_core.package_identification:_identify(src/ugv_else/emcl2_ros2) by extension 'colcon_pkg'
[0.369s] Level 1:colcon.colcon_core.package_identification:_identify(src/ugv_else/emcl2_ros2) by extensions ['colcon_meta']
[0.369s] Level 1:colcon.colcon_core.package_identification:_identify(src/ugv_else/emcl2_ros2) by extension 'colcon_meta'
[0.370s] Level 1:colcon.colcon_core.package_identification:_identify(src/ugv_else/emcl2_ros2) by extensions ['ros']
[0.370s] Level 1:colcon.colcon_core.package_identification:_identify(src/ugv_else/emcl2_ros2) by extension 'ros'
[0.371s] DEBUG:colcon.colcon_core.package_identification:Package 'src/ugv_else/emcl2_ros2' with type 'ros.ament_cmake' and name 'emcl2'
[0.371s] Level 1:colcon.colcon_core.package_identification:_identify(src/ugv_else/explore_lite) by extensions ['ignore', 'ignore_ament_install']
[0.371s] Level 1:colcon.colcon_core.package_identification:_identify(src/ugv_else/explore_lite) by extension 'ignore'
[0.371s] Level 1:colcon.colcon_core.package_identification:_identify(src/ugv_else/explore_lite) by extension 'ignore_ament_install'
[0.371s] Level 1:colcon.colcon_core.package_identification:_identify(src/ugv_else/explore_lite) by extensions ['colcon_pkg']
[0.371s] Level 1:colcon.colcon_core.package_identification:_identify(src/ugv_else/explore_lite) by extension 'colcon_pkg'
[0.371s] Level 1:colcon.colcon_core.package_identification:_identify(src/ugv_else/explore_lite) by extensions ['colcon_meta']
[0.371s] Level 1:colcon.colcon_core.package_identification:_identify(src/ugv_else/explore_lite) by extension 'colcon_meta'
[0.371s] Level 1:colcon.colcon_core.package_identification:_identify(src/ugv_else/explore_lite) by extensions ['ros']
[0.371s] Level 1:colcon.colcon_core.package_identification:_identify(src/ugv_else/explore_lite) by extension 'ros'
[0.373s] DEBUG:colcon.colcon_core.package_identification:Package 'src/ugv_else/explore_lite' with type 'ros.ament_cmake' and name 'explore_lite'
[0.373s] Level 1:colcon.colcon_core.package_identification:_identify(src/ugv_else/gmapping) by extensions ['ignore', 'ignore_ament_install']
[0.373s] Level 1:colcon.colcon_core.package_identification:_identify(src/ugv_else/gmapping) by extension 'ignore'
[0.373s] Level 1:colcon.colcon_core.package_identification:_identify(src/ugv_else/gmapping) by extension 'ignore_ament_install'
[0.373s] Level 1:colcon.colcon_core.package_identification:_identify(src/ugv_else/gmapping) by extensions ['colcon_pkg']
[0.373s] Level 1:colcon.colcon_core.package_identification:_identify(src/ugv_else/gmapping) by extension 'colcon_pkg'
[0.373s] Level 1:colcon.colcon_core.package_identification:_identify(src/ugv_else/gmapping) by extensions ['colcon_meta']
[0.373s] Level 1:colcon.colcon_core.package_identification:_identify(src/ugv_else/gmapping) by extension 'colcon_meta'
[0.373s] Level 1:colcon.colcon_core.package_identification:_identify(src/ugv_else/gmapping) by extensions ['ros']
[0.373s] Level 1:colcon.colcon_core.package_identification:_identify(src/ugv_else/gmapping) by extension 'ros'
[0.373s] Level 1:colcon.colcon_core.package_identification:_identify(src/ugv_else/gmapping) by extensions ['cmake', 'python']
[0.373s] Level 1:colcon.colcon_core.package_identification:_identify(src/ugv_else/gmapping) by extension 'cmake'
[0.373s] Level 1:colcon.colcon_core.package_identification:_identify(src/ugv_else/gmapping) by extension 'python'
[0.373s] Level 1:colcon.colcon_core.package_identification:_identify(src/ugv_else/gmapping) by extensions ['python_setup_py']
[0.373s] Level 1:colcon.colcon_core.package_identification:_identify(src/ugv_else/gmapping) by extension 'python_setup_py'
[0.374s] Level 1:colcon.colcon_core.package_identification:_identify(src/ugv_else/gmapping/openslam_gmapping) by extensions ['ignore', 'ignore_ament_install']
[0.374s] Level 1:colcon.colcon_core.package_identification:_identify(src/ugv_else/gmapping/openslam_gmapping) by extension 'ignore'
[0.374s] Level 1:colcon.colcon_core.package_identification:_identify(src/ugv_else/gmapping/openslam_gmapping) by extension 'ignore_ament_install'
[0.374s] Level 1:colcon.colcon_core.package_identification:_identify(src/ugv_else/gmapping/openslam_gmapping) by extensions ['colcon_pkg']
[0.374s] Level 1:colcon.colcon_core.package_identification:_identify(src/ugv_else/gmapping/openslam_gmapping) by extension 'colcon_pkg'
[0.374s] Level 1:colcon.colcon_core.package_identification:_identify(src/ugv_else/gmapping/openslam_gmapping) by extensions ['colcon_meta']
[0.374s] Level 1:colcon.colcon_core.package_identification:_identify(src/ugv_else/gmapping/openslam_gmapping) by extension 'colcon_meta'
[0.374s] Level 1:colcon.colcon_core.package_identification:_identify(src/ugv_else/gmapping/openslam_gmapping) by extensions ['ros']
[0.374s] Level 1:colcon.colcon_core.package_identification:_identify(src/ugv_else/gmapping/openslam_gmapping) by extension 'ros'
[0.374s] DEBUG:colcon.colcon_core.package_identification:Package 'src/ugv_else/gmapping/openslam_gmapping' with type 'ros.ament_cmake' and name 'openslam_gmapping'
[0.375s] Level 1:colcon.colcon_core.package_identification:_identify(src/ugv_else/gmapping/slam_gmapping) by extensions ['ignore', 'ignore_ament_install']
[0.375s] Level 1:colcon.colcon_core.package_identification:_identify(src/ugv_else/gmapping/slam_gmapping) by extension 'ignore'
[0.375s] Level 1:colcon.colcon_core.package_identification:_identify(src/ugv_else/gmapping/slam_gmapping) by extension 'ignore_ament_install'
[0.375s] Level 1:colcon.colcon_core.package_identification:_identify(src/ugv_else/gmapping/slam_gmapping) by extensions ['colcon_pkg']
[0.375s] Level 1:colcon.colcon_core.package_identification:_identify(src/ugv_else/gmapping/slam_gmapping) by extension 'colcon_pkg'
[0.375s] Level 1:colcon.colcon_core.package_identification:_identify(src/ugv_else/gmapping/slam_gmapping) by extensions ['colcon_meta']
[0.375s] Level 1:colcon.colcon_core.package_identification:_identify(src/ugv_else/gmapping/slam_gmapping) by extension 'colcon_meta'
[0.375s] Level 1:colcon.colcon_core.package_identification:_identify(src/ugv_else/gmapping/slam_gmapping) by extensions ['ros']
[0.375s] Level 1:colcon.colcon_core.package_identification:_identify(src/ugv_else/gmapping/slam_gmapping) by extension 'ros'
[0.376s] DEBUG:colcon.colcon_core.package_identification:Package 'src/ugv_else/gmapping/slam_gmapping' with type 'ros.ament_cmake' and name 'slam_gmapping'
[0.376s] Level 1:colcon.colcon_core.package_identification:_identify(src/ugv_else/ldlidar) by extensions ['ignore', 'ignore_ament_install']
[0.376s] Level 1:colcon.colcon_core.package_identification:_identify(src/ugv_else/ldlidar) by extension 'ignore'
[0.376s] Level 1:colcon.colcon_core.package_identification:_identify(src/ugv_else/ldlidar) by extension 'ignore_ament_install'
[0.376s] Level 1:colcon.colcon_core.package_identification:_identify(src/ugv_else/ldlidar) by extensions ['colcon_pkg']
[0.376s] Level 1:colcon.colcon_core.package_identification:_identify(src/ugv_else/ldlidar) by extension 'colcon_pkg'
[0.377s] Level 1:colcon.colcon_core.package_identification:_identify(src/ugv_else/ldlidar) by extensions ['colcon_meta']
[0.377s] Level 1:colcon.colcon_core.package_identification:_identify(src/ugv_else/ldlidar) by extension 'colcon_meta'
[0.377s] Level 1:colcon.colcon_core.package_identification:_identify(src/ugv_else/ldlidar) by extensions ['ros']
[0.377s] Level 1:colcon.colcon_core.package_identification:_identify(src/ugv_else/ldlidar) by extension 'ros'
[0.377s] DEBUG:colcon.colcon_core.package_identification:Package 'src/ugv_else/ldlidar' with type 'ros.ament_cmake' and name 'ldlidar'
[0.377s] Level 1:colcon.colcon_core.package_identification:_identify(src/ugv_else/rf2o_laser_odometry) by extensions ['ignore', 'ignore_ament_install']
[0.378s] Level 1:colcon.colcon_core.package_identification:_identify(src/ugv_else/rf2o_laser_odometry) by extension 'ignore'
[0.378s] Level 1:colcon.colcon_core.package_identification:_identify(src/ugv_else/rf2o_laser_odometry) by extension 'ignore_ament_install'
[0.378s] Level 1:colcon.colcon_core.package_identification:_identify(src/ugv_else/rf2o_laser_odometry) by extensions ['colcon_pkg']
[0.378s] Level 1:colcon.colcon_core.package_identification:_identify(src/ugv_else/rf2o_laser_odometry) by extension 'colcon_pkg'
[0.378s] Level 1:colcon.colcon_core.package_identification:_identify(src/ugv_else/rf2o_laser_odometry) by extensions ['colcon_meta']
[0.378s] Level 1:colcon.colcon_core.package_identification:_identify(src/ugv_else/rf2o_laser_odometry) by extension 'colcon_meta'
[0.378s] Level 1:colcon.colcon_core.package_identification:_identify(src/ugv_else/rf2o_laser_odometry) by extensions ['ros']
[0.378s] Level 1:colcon.colcon_core.package_identification:_identify(src/ugv_else/rf2o_laser_odometry) by extension 'ros'
[0.379s] DEBUG:colcon.colcon_core.package_identification:Package 'src/ugv_else/rf2o_laser_odometry' with type 'ros.ament_cmake' and name 'rf2o_laser_odometry'
[0.379s] Level 1:colcon.colcon_core.package_identification:_identify(src/ugv_else/robot_pose_publisher) by extensions ['ignore', 'ignore_ament_install']
[0.379s] Level 1:colcon.colcon_core.package_identification:_identify(src/ugv_else/robot_pose_publisher) by extension 'ignore'
[0.379s] Level 1:colcon.colcon_core.package_identification:_identify(src/ugv_else/robot_pose_publisher) by extension 'ignore_ament_install'
[0.379s] Level 1:colcon.colcon_core.package_identification:_identify(src/ugv_else/robot_pose_publisher) by extensions ['colcon_pkg']
[0.379s] Level 1:colcon.colcon_core.package_identification:_identify(src/ugv_else/robot_pose_publisher) by extension 'colcon_pkg'
[0.379s] Level 1:colcon.colcon_core.package_identification:_identify(src/ugv_else/robot_pose_publisher) by extensions ['colcon_meta']
[0.379s] Level 1:colcon.colcon_core.package_identification:_identify(src/ugv_else/robot_pose_publisher) by extension 'colcon_meta'
[0.379s] Level 1:colcon.colcon_core.package_identification:_identify(src/ugv_else/robot_pose_publisher) by extensions ['ros']
[0.379s] Level 1:colcon.colcon_core.package_identification:_identify(src/ugv_else/robot_pose_publisher) by extension 'ros'
[0.380s] DEBUG:colcon.colcon_core.package_identification:Package 'src/ugv_else/robot_pose_publisher' with type 'ros.ament_cmake' and name 'robot_pose_publisher'
[0.380s] Level 1:colcon.colcon_core.package_identification:_identify(src/ugv_else/teb_local_planner) by extensions ['ignore', 'ignore_ament_install']
[0.380s] Level 1:colcon.colcon_core.package_identification:_identify(src/ugv_else/teb_local_planner) by extension 'ignore'
[0.380s] Level 1:colcon.colcon_core.package_identification:_identify(src/ugv_else/teb_local_planner) by extension 'ignore_ament_install'
[0.380s] Level 1:colcon.colcon_core.package_identification:_identify(src/ugv_else/teb_local_planner) by extensions ['colcon_pkg']
[0.380s] Level 1:colcon.colcon_core.package_identification:_identify(src/ugv_else/teb_local_planner) by extension 'colcon_pkg'
[0.380s] Level 1:colcon.colcon_core.package_identification:_identify(src/ugv_else/teb_local_planner) by extensions ['colcon_meta']
[0.380s] Level 1:colcon.colcon_core.package_identification:_identify(src/ugv_else/teb_local_planner) by extension 'colcon_meta'
[0.380s] Level 1:colcon.colcon_core.package_identification:_identify(src/ugv_else/teb_local_planner) by extensions ['ros']
[0.380s] Level 1:colcon.colcon_core.package_identification:_identify(src/ugv_else/teb_local_planner) by extension 'ros'
[0.381s] Level 1:colcon.colcon_core.package_identification:_identify(src/ugv_else/teb_local_planner) by extensions ['cmake', 'python']
[0.381s] Level 1:colcon.colcon_core.package_identification:_identify(src/ugv_else/teb_local_planner) by extension 'cmake'
[0.381s] Level 1:colcon.colcon_core.package_identification:_identify(src/ugv_else/teb_local_planner) by extension 'python'
[0.381s] Level 1:colcon.colcon_core.package_identification:_identify(src/ugv_else/teb_local_planner) by extensions ['python_setup_py']
[0.381s] Level 1:colcon.colcon_core.package_identification:_identify(src/ugv_else/teb_local_planner) by extension 'python_setup_py'
[0.381s] Level 1:colcon.colcon_core.package_identification:_identify(src/ugv_else/teb_local_planner/teb_local_planner) by extensions ['ignore', 'ignore_ament_install']
[0.381s] Level 1:colcon.colcon_core.package_identification:_identify(src/ugv_else/teb_local_planner/teb_local_planner) by extension 'ignore'
[0.381s] Level 1:colcon.colcon_core.package_identification:_identify(src/ugv_else/teb_local_planner/teb_local_planner) by extension 'ignore_ament_install'
[0.381s] Level 1:colcon.colcon_core.package_identification:_identify(src/ugv_else/teb_local_planner/teb_local_planner) by extensions ['colcon_pkg']
[0.381s] Level 1:colcon.colcon_core.package_identification:_identify(src/ugv_else/teb_local_planner/teb_local_planner) by extension 'colcon_pkg'
[0.381s] Level 1:colcon.colcon_core.package_identification:_identify(src/ugv_else/teb_local_planner/teb_local_planner) by extensions ['colcon_meta']
[0.381s] Level 1:colcon.colcon_core.package_identification:_identify(src/ugv_else/teb_local_planner/teb_local_planner) by extension 'colcon_meta'
[0.381s] Level 1:colcon.colcon_core.package_identification:_identify(src/ugv_else/teb_local_planner/teb_local_planner) by extensions ['ros']
[0.381s] Level 1:colcon.colcon_core.package_identification:_identify(src/ugv_else/teb_local_planner/teb_local_planner) by extension 'ros'
[0.383s] DEBUG:colcon.colcon_core.package_identification:Package 'src/ugv_else/teb_local_planner/teb_local_planner' with type 'ros.ament_cmake' and name 'teb_local_planner'
[0.383s] Level 1:colcon.colcon_core.package_identification:_identify(src/ugv_else/teb_local_planner/teb_msgs) by extensions ['ignore', 'ignore_ament_install']
[0.384s] Level 1:colcon.colcon_core.package_identification:_identify(src/ugv_else/teb_local_planner/teb_msgs) by extension 'ignore'
[0.384s] Level 1:colcon.colcon_core.package_identification:_identify(src/ugv_else/teb_local_planner/teb_msgs) by extension 'ignore_ament_install'
[0.384s] Level 1:colcon.colcon_core.package_identification:_identify(src/ugv_else/teb_local_planner/teb_msgs) by extensions ['colcon_pkg']
[0.384s] Level 1:colcon.colcon_core.package_identification:_identify(src/ugv_else/teb_local_planner/teb_msgs) by extension 'colcon_pkg'
[0.384s] Level 1:colcon.colcon_core.package_identification:_identify(src/ugv_else/teb_local_planner/teb_msgs) by extensions ['colcon_meta']
[0.384s] Level 1:colcon.colcon_core.package_identification:_identify(src/ugv_else/teb_local_planner/teb_msgs) by extension 'colcon_meta'
[0.384s] Level 1:colcon.colcon_core.package_identification:_identify(src/ugv_else/teb_local_planner/teb_msgs) by extensions ['ros']
[0.384s] Level 1:colcon.colcon_core.package_identification:_identify(src/ugv_else/teb_local_planner/teb_msgs) by extension 'ros'
[0.384s] DEBUG:colcon.colcon_core.package_identification:Package 'src/ugv_else/teb_local_planner/teb_msgs' with type 'ros.ament_cmake' and name 'teb_msgs'
[0.385s] Level 1:colcon.colcon_core.package_identification:_identify(src/ugv_else/vizanti) by extensions ['ignore', 'ignore_ament_install']
[0.385s] Level 1:colcon.colcon_core.package_identification:_identify(src/ugv_else/vizanti) by extension 'ignore'
[0.385s] Level 1:colcon.colcon_core.package_identification:_identify(src/ugv_else/vizanti) by extension 'ignore_ament_install'
[0.385s] Level 1:colcon.colcon_core.package_identification:_identify(src/ugv_else/vizanti) by extensions ['colcon_pkg']
[0.385s] Level 1:colcon.colcon_core.package_identification:_identify(src/ugv_else/vizanti) by extension 'colcon_pkg'
[0.385s] Level 1:colcon.colcon_core.package_identification:_identify(src/ugv_else/vizanti) by extensions ['colcon_meta']
[0.385s] Level 1:colcon.colcon_core.package_identification:_identify(src/ugv_else/vizanti) by extension 'colcon_meta'
[0.385s] Level 1:colcon.colcon_core.package_identification:_identify(src/ugv_else/vizanti) by extensions ['ros']
[0.385s] Level 1:colcon.colcon_core.package_identification:_identify(src/ugv_else/vizanti) by extension 'ros'
[0.385s] Level 1:colcon.colcon_core.package_identification:_identify(src/ugv_else/vizanti) by extensions ['cmake', 'python']
[0.385s] Level 1:colcon.colcon_core.package_identification:_identify(src/ugv_else/vizanti) by extension 'cmake'
[0.385s] Level 1:colcon.colcon_core.package_identification:_identify(src/ugv_else/vizanti) by extension 'python'
[0.385s] Level 1:colcon.colcon_core.package_identification:_identify(src/ugv_else/vizanti) by extensions ['python_setup_py']
[0.385s] Level 1:colcon.colcon_core.package_identification:_identify(src/ugv_else/vizanti) by extension 'python_setup_py'
[0.385s] Level 1:colcon.colcon_core.package_identification:_identify(src/ugv_else/vizanti/vizanti) by extensions ['ignore', 'ignore_ament_install']
[0.385s] Level 1:colcon.colcon_core.package_identification:_identify(src/ugv_else/vizanti/vizanti) by extension 'ignore'
[0.385s] Level 1:colcon.colcon_core.package_identification:_identify(src/ugv_else/vizanti/vizanti) by extension 'ignore_ament_install'
[0.385s] Level 1:colcon.colcon_core.package_identification:_identify(src/ugv_else/vizanti/vizanti) by extensions ['colcon_pkg']
[0.385s] Level 1:colcon.colcon_core.package_identification:_identify(src/ugv_else/vizanti/vizanti) by extension 'colcon_pkg'
[0.385s] Level 1:colcon.colcon_core.package_identification:_identify(src/ugv_else/vizanti/vizanti) by extensions ['colcon_meta']
[0.385s] Level 1:colcon.colcon_core.package_identification:_identify(src/ugv_else/vizanti/vizanti) by extension 'colcon_meta'
[0.385s] Level 1:colcon.colcon_core.package_identification:_identify(src/ugv_else/vizanti/vizanti) by extensions ['ros']
[0.386s] Level 1:colcon.colcon_core.package_identification:_identify(src/ugv_else/vizanti/vizanti) by extension 'ros'
[0.386s] DEBUG:colcon.colcon_core.package_identification:Package 'src/ugv_else/vizanti/vizanti' with type 'ros.ament_cmake' and name 'vizanti'
[0.386s] Level 1:colcon.colcon_core.package_identification:_identify(src/ugv_else/vizanti/vizanti_cpp) by extensions ['ignore', 'ignore_ament_install']
[0.386s] Level 1:colcon.colcon_core.package_identification:_identify(src/ugv_else/vizanti/vizanti_cpp) by extension 'ignore'
[0.386s] Level 1:colcon.colcon_core.package_identification:_identify(src/ugv_else/vizanti/vizanti_cpp) by extension 'ignore_ament_install'
[0.386s] Level 1:colcon.colcon_core.package_identification:_identify(src/ugv_else/vizanti/vizanti_cpp) by extensions ['colcon_pkg']
[0.386s] Level 1:colcon.colcon_core.package_identification:_identify(src/ugv_else/vizanti/vizanti_cpp) by extension 'colcon_pkg'
[0.386s] Level 1:colcon.colcon_core.package_identification:_identify(src/ugv_else/vizanti/vizanti_cpp) by extensions ['colcon_meta']
[0.387s] Level 1:colcon.colcon_core.package_identification:_identify(src/ugv_else/vizanti/vizanti_cpp) by extension 'colcon_meta'
[0.387s] Level 1:colcon.colcon_core.package_identification:_identify(src/ugv_else/vizanti/vizanti_cpp) by extensions ['ros']
[0.387s] Level 1:colcon.colcon_core.package_identification:_identify(src/ugv_else/vizanti/vizanti_cpp) by extension 'ros'
[0.387s] DEBUG:colcon.colcon_core.package_identification:Package 'src/ugv_else/vizanti/vizanti_cpp' with type 'ros.ament_cmake' and name 'vizanti_cpp'
[0.387s] Level 1:colcon.colcon_core.package_identification:_identify(src/ugv_else/vizanti/vizanti_demos) by extensions ['ignore', 'ignore_ament_install']
[0.387s] Level 1:colcon.colcon_core.package_identification:_identify(src/ugv_else/vizanti/vizanti_demos) by extension 'ignore'
[0.388s] Level 1:colcon.colcon_core.package_identification:_identify(src/ugv_else/vizanti/vizanti_demos) by extension 'ignore_ament_install'
[0.388s] Level 1:colcon.colcon_core.package_identification:_identify(src/ugv_else/vizanti/vizanti_demos) by extensions ['colcon_pkg']
[0.388s] Level 1:colcon.colcon_core.package_identification:_identify(src/ugv_else/vizanti/vizanti_demos) by extension 'colcon_pkg'
[0.388s] Level 1:colcon.colcon_core.package_identification:_identify(src/ugv_else/vizanti/vizanti_demos) by extensions ['colcon_meta']
[0.388s] Level 1:colcon.colcon_core.package_identification:_identify(src/ugv_else/vizanti/vizanti_demos) by extension 'colcon_meta'
[0.388s] Level 1:colcon.colcon_core.package_identification:_identify(src/ugv_else/vizanti/vizanti_demos) by extensions ['ros']
[0.388s] Level 1:colcon.colcon_core.package_identification:_identify(src/ugv_else/vizanti/vizanti_demos) by extension 'ros'
[0.389s] DEBUG:colcon.colcon_core.package_identification:Package 'src/ugv_else/vizanti/vizanti_demos' with type 'ros.ament_cmake' and name 'vizanti_demos'
[0.389s] Level 1:colcon.colcon_core.package_identification:_identify(src/ugv_else/vizanti/vizanti_msgs) by extensions ['ignore', 'ignore_ament_install']
[0.389s] Level 1:colcon.colcon_core.package_identification:_identify(src/ugv_else/vizanti/vizanti_msgs) by extension 'ignore'
[0.389s] Level 1:colcon.colcon_core.package_identification:_identify(src/ugv_else/vizanti/vizanti_msgs) by extension 'ignore_ament_install'
[0.389s] Level 1:colcon.colcon_core.package_identification:_identify(src/ugv_else/vizanti/vizanti_msgs) by extensions ['colcon_pkg']
[0.389s] Level 1:colcon.colcon_core.package_identification:_identify(src/ugv_else/vizanti/vizanti_msgs) by extension 'colcon_pkg'
[0.389s] Level 1:colcon.colcon_core.package_identification:_identify(src/ugv_else/vizanti/vizanti_msgs) by extensions ['colcon_meta']
[0.389s] Level 1:colcon.colcon_core.package_identification:_identify(src/ugv_else/vizanti/vizanti_msgs) by extension 'colcon_meta'
[0.389s] Level 1:colcon.colcon_core.package_identification:_identify(src/ugv_else/vizanti/vizanti_msgs) by extensions ['ros']
[0.389s] Level 1:colcon.colcon_core.package_identification:_identify(src/ugv_else/vizanti/vizanti_msgs) by extension 'ros'
[0.390s] DEBUG:colcon.colcon_core.package_identification:Package 'src/ugv_else/vizanti/vizanti_msgs' with type 'ros.ament_cmake' and name 'vizanti_msgs'
[0.390s] Level 1:colcon.colcon_core.package_identification:_identify(src/ugv_else/vizanti/vizanti_server) by extensions ['ignore', 'ignore_ament_install']
[0.390s] Level 1:colcon.colcon_core.package_identification:_identify(src/ugv_else/vizanti/vizanti_server) by extension 'ignore'
[0.391s] Level 1:colcon.colcon_core.package_identification:_identify(src/ugv_else/vizanti/vizanti_server) by extension 'ignore_ament_install'
[0.391s] Level 1:colcon.colcon_core.package_identification:_identify(src/ugv_else/vizanti/vizanti_server) by extensions ['colcon_pkg']
[0.391s] Level 1:colcon.colcon_core.package_identification:_identify(src/ugv_else/vizanti/vizanti_server) by extension 'colcon_pkg'
[0.391s] Level 1:colcon.colcon_core.package_identification:_identify(src/ugv_else/vizanti/vizanti_server) by extensions ['colcon_meta']
[0.391s] Level 1:colcon.colcon_core.package_identification:_identify(src/ugv_else/vizanti/vizanti_server) by extension 'colcon_meta'
[0.391s] Level 1:colcon.colcon_core.package_identification:_identify(src/ugv_else/vizanti/vizanti_server) by extensions ['ros']
[0.391s] Level 1:colcon.colcon_core.package_identification:_identify(src/ugv_else/vizanti/vizanti_server) by extension 'ros'
[0.392s] DEBUG:colcon.colcon_core.package_identification:Package 'src/ugv_else/vizanti/vizanti_server' with type 'ros.ament_cmake' and name 'vizanti_server'
[0.392s] Level 1:colcon.colcon_core.package_identification:_identify(src/ugv_main) by extensions ['ignore', 'ignore_ament_install']
[0.392s] Level 1:colcon.colcon_core.package_identification:_identify(src/ugv_main) by extension 'ignore'
[0.392s] Level 1:colcon.colcon_core.package_identification:_identify(src/ugv_main) by extension 'ignore_ament_install'
[0.392s] Level 1:colcon.colcon_core.package_identification:_identify(src/ugv_main) by extensions ['colcon_pkg']
[0.392s] Level 1:colcon.colcon_core.package_identification:_identify(src/ugv_main) by extension 'colcon_pkg'
[0.392s] Level 1:colcon.colcon_core.package_identification:_identify(src/ugv_main) by extensions ['colcon_meta']
[0.392s] Level 1:colcon.colcon_core.package_identification:_identify(src/ugv_main) by extension 'colcon_meta'
[0.393s] Level 1:colcon.colcon_core.package_identification:_identify(src/ugv_main) by extensions ['ros']
[0.393s] Level 1:colcon.colcon_core.package_identification:_identify(src/ugv_main) by extension 'ros'
[0.393s] Level 1:colcon.colcon_core.package_identification:_identify(src/ugv_main) by extensions ['cmake', 'python']
[0.393s] Level 1:colcon.colcon_core.package_identification:_identify(src/ugv_main) by extension 'cmake'
[0.393s] Level 1:colcon.colcon_core.package_identification:_identify(src/ugv_main) by extension 'python'
[0.393s] Level 1:colcon.colcon_core.package_identification:_identify(src/ugv_main) by extensions ['python_setup_py']
[0.393s] Level 1:colcon.colcon_core.package_identification:_identify(src/ugv_main) by extension 'python_setup_py'
[0.393s] Level 1:colcon.colcon_core.package_identification:_identify(src/ugv_main/ugv_base_node) by extensions ['ignore', 'ignore_ament_install']
[0.393s] Level 1:colcon.colcon_core.package_identification:_identify(src/ugv_main/ugv_base_node) by extension 'ignore'
[0.393s] Level 1:colcon.colcon_core.package_identification:_identify(src/ugv_main/ugv_base_node) by extension 'ignore_ament_install'
[0.393s] Level 1:colcon.colcon_core.package_identification:_identify(src/ugv_main/ugv_base_node) by extensions ['colcon_pkg']
[0.393s] Level 1:colcon.colcon_core.package_identification:_identify(src/ugv_main/ugv_base_node) by extension 'colcon_pkg'
[0.393s] Level 1:colcon.colcon_core.package_identification:_identify(src/ugv_main/ugv_base_node) by extensions ['colcon_meta']
[0.393s] Level 1:colcon.colcon_core.package_identification:_identify(src/ugv_main/ugv_base_node) by extension 'colcon_meta'
[0.393s] Level 1:colcon.colcon_core.package_identification:_identify(src/ugv_main/ugv_base_node) by extensions ['ros']
[0.393s] Level 1:colcon.colcon_core.package_identification:_identify(src/ugv_main/ugv_base_node) by extension 'ros'
[0.394s] DEBUG:colcon.colcon_core.package_identification:Package 'src/ugv_main/ugv_base_node' with type 'ros.ament_cmake' and name 'ugv_base_node'
[0.394s] Level 1:colcon.colcon_core.package_identification:_identify(src/ugv_main/ugv_bringup) by extensions ['ignore', 'ignore_ament_install']
[0.394s] Level 1:colcon.colcon_core.package_identification:_identify(src/ugv_main/ugv_bringup) by extension 'ignore'
[0.394s] Level 1:colcon.colcon_core.package_identification:_identify(src/ugv_main/ugv_bringup) by extension 'ignore_ament_install'
[0.394s] Level 1:colcon.colcon_core.package_identification:_identify(src/ugv_main/ugv_bringup) by extensions ['colcon_pkg']
[0.394s] Level 1:colcon.colcon_core.package_identification:_identify(src/ugv_main/ugv_bringup) by extension 'colcon_pkg'
[0.394s] Level 1:colcon.colcon_core.package_identification:_identify(src/ugv_main/ugv_bringup) by extensions ['colcon_meta']
[0.394s] Level 1:colcon.colcon_core.package_identification:_identify(src/ugv_main/ugv_bringup) by extension 'colcon_meta'
[0.394s] Level 1:colcon.colcon_core.package_identification:_identify(src/ugv_main/ugv_bringup) by extensions ['ros']
[0.394s] Level 1:colcon.colcon_core.package_identification:_identify(src/ugv_main/ugv_bringup) by extension 'ros'
[0.395s] DEBUG:colcon.colcon_core.package_identification:Package 'src/ugv_main/ugv_bringup' with type 'ros.ament_python' and name 'ugv_bringup'
[0.395s] Level 1:colcon.colcon_core.package_identification:_identify(src/ugv_main/ugv_chat_ai) by extensions ['ignore', 'ignore_ament_install']
[0.395s] Level 1:colcon.colcon_core.package_identification:_identify(src/ugv_main/ugv_chat_ai) by extension 'ignore'
[0.395s] Level 1:colcon.colcon_core.package_identification:_identify(src/ugv_main/ugv_chat_ai) by extension 'ignore_ament_install'
[0.395s] Level 1:colcon.colcon_core.package_identification:_identify(src/ugv_main/ugv_chat_ai) by extensions ['colcon_pkg']
[0.395s] Level 1:colcon.colcon_core.package_identification:_identify(src/ugv_main/ugv_chat_ai) by extension 'colcon_pkg'
[0.395s] Level 1:colcon.colcon_core.package_identification:_identify(src/ugv_main/ugv_chat_ai) by extensions ['colcon_meta']
[0.395s] Level 1:colcon.colcon_core.package_identification:_identify(src/ugv_main/ugv_chat_ai) by extension 'colcon_meta'
[0.395s] Level 1:colcon.colcon_core.package_identification:_identify(src/ugv_main/ugv_chat_ai) by extensions ['ros']
[0.395s] Level 1:colcon.colcon_core.package_identification:_identify(src/ugv_main/ugv_chat_ai) by extension 'ros'
[0.396s] DEBUG:colcon.colcon_core.package_identification:Package 'src/ugv_main/ugv_chat_ai' with type 'ros.ament_python' and name 'ugv_chat_ai'
[0.396s] Level 1:colcon.colcon_core.package_identification:_identify(src/ugv_main/ugv_description) by extensions ['ignore', 'ignore_ament_install']
[0.396s] Level 1:colcon.colcon_core.package_identification:_identify(src/ugv_main/ugv_description) by extension 'ignore'
[0.396s] Level 1:colcon.colcon_core.package_identification:_identify(src/ugv_main/ugv_description) by extension 'ignore_ament_install'
[0.396s] Level 1:colcon.colcon_core.package_identification:_identify(src/ugv_main/ugv_description) by extensions ['colcon_pkg']
[0.396s] Level 1:colcon.colcon_core.package_identification:_identify(src/ugv_main/ugv_description) by extension 'colcon_pkg'
[0.396s] Level 1:colcon.colcon_core.package_identification:_identify(src/ugv_main/ugv_description) by extensions ['colcon_meta']
[0.396s] Level 1:colcon.colcon_core.package_identification:_identify(src/ugv_main/ugv_description) by extension 'colcon_meta'
[0.397s] Level 1:colcon.colcon_core.package_identification:_identify(src/ugv_main/ugv_description) by extensions ['ros']
[0.397s] Level 1:colcon.colcon_core.package_identification:_identify(src/ugv_main/ugv_description) by extension 'ros'
[0.397s] DEBUG:colcon.colcon_core.package_identification:Package 'src/ugv_main/ugv_description' with type 'ros.ament_cmake' and name 'ugv_description'
[0.397s] Level 1:colcon.colcon_core.package_identification:_identify(src/ugv_main/ugv_gazebo) by extensions ['ignore', 'ignore_ament_install']
[0.398s] Level 1:colcon.colcon_core.package_identification:_identify(src/ugv_main/ugv_gazebo) by extension 'ignore'
[0.398s] Level 1:colcon.colcon_core.package_identification:_identify(src/ugv_main/ugv_gazebo) by extension 'ignore_ament_install'
[0.398s] Level 1:colcon.colcon_core.package_identification:_identify(src/ugv_main/ugv_gazebo) by extensions ['colcon_pkg']
[0.398s] Level 1:colcon.colcon_core.package_identification:_identify(src/ugv_main/ugv_gazebo) by extension 'colcon_pkg'
[0.398s] Level 1:colcon.colcon_core.package_identification:_identify(src/ugv_main/ugv_gazebo) by extensions ['colcon_meta']
[0.398s] Level 1:colcon.colcon_core.package_identification:_identify(src/ugv_main/ugv_gazebo) by extension 'colcon_meta'
[0.398s] Level 1:colcon.colcon_core.package_identification:_identify(src/ugv_main/ugv_gazebo) by extensions ['ros']
[0.398s] Level 1:colcon.colcon_core.package_identification:_identify(src/ugv_main/ugv_gazebo) by extension 'ros'
[0.399s] DEBUG:colcon.colcon_core.package_identification:Package 'src/ugv_main/ugv_gazebo' with type 'ros.ament_cmake' and name 'ugv_gazebo'
[0.399s] Level 1:colcon.colcon_core.package_identification:_identify(src/ugv_main/ugv_interface) by extensions ['ignore', 'ignore_ament_install']
[0.399s] Level 1:colcon.colcon_core.package_identification:_identify(src/ugv_main/ugv_interface) by extension 'ignore'
[0.399s] Level 1:colcon.colcon_core.package_identification:_identify(src/ugv_main/ugv_interface) by extension 'ignore_ament_install'
[0.399s] Level 1:colcon.colcon_core.package_identification:_identify(src/ugv_main/ugv_interface) by extensions ['colcon_pkg']
[0.399s] Level 1:colcon.colcon_core.package_identification:_identify(src/ugv_main/ugv_interface) by extension 'colcon_pkg'
[0.399s] Level 1:colcon.colcon_core.package_identification:_identify(src/ugv_main/ugv_interface) by extensions ['colcon_meta']
[0.399s] Level 1:colcon.colcon_core.package_identification:_identify(src/ugv_main/ugv_interface) by extension 'colcon_meta'
[0.399s] Level 1:colcon.colcon_core.package_identification:_identify(src/ugv_main/ugv_interface) by extensions ['ros']
[0.399s] Level 1:colcon.colcon_core.package_identification:_identify(src/ugv_main/ugv_interface) by extension 'ros'
[0.400s] DEBUG:colcon.colcon_core.package_identification:Package 'src/ugv_main/ugv_interface' with type 'ros.ament_cmake' and name 'ugv_interface'
[0.400s] Level 1:colcon.colcon_core.package_identification:_identify(src/ugv_main/ugv_nav) by extensions ['ignore', 'ignore_ament_install']
[0.400s] Level 1:colcon.colcon_core.package_identification:_identify(src/ugv_main/ugv_nav) by extension 'ignore'
[0.400s] Level 1:colcon.colcon_core.package_identification:_identify(src/ugv_main/ugv_nav) by extension 'ignore_ament_install'
[0.400s] Level 1:colcon.colcon_core.package_identification:_identify(src/ugv_main/ugv_nav) by extensions ['colcon_pkg']
[0.401s] Level 1:colcon.colcon_core.package_identification:_identify(src/ugv_main/ugv_nav) by extension 'colcon_pkg'
[0.401s] Level 1:colcon.colcon_core.package_identification:_identify(src/ugv_main/ugv_nav) by extensions ['colcon_meta']
[0.401s] Level 1:colcon.colcon_core.package_identification:_identify(src/ugv_main/ugv_nav) by extension 'colcon_meta'
[0.401s] Level 1:colcon.colcon_core.package_identification:_identify(src/ugv_main/ugv_nav) by extensions ['ros']
[0.401s] Level 1:colcon.colcon_core.package_identification:_identify(src/ugv_main/ugv_nav) by extension 'ros'
[0.401s] DEBUG:colcon.colcon_core.package_identification:Package 'src/ugv_main/ugv_nav' with type 'ros.ament_cmake' and name 'ugv_nav'
[0.401s] Level 1:colcon.colcon_core.package_identification:_identify(src/ugv_main/ugv_slam) by extensions ['ignore', 'ignore_ament_install']
[0.401s] Level 1:colcon.colcon_core.package_identification:_identify(src/ugv_main/ugv_slam) by extension 'ignore'
[0.401s] Level 1:colcon.colcon_core.package_identification:_identify(src/ugv_main/ugv_slam) by extension 'ignore_ament_install'
[0.401s] Level 1:colcon.colcon_core.package_identification:_identify(src/ugv_main/ugv_slam) by extensions ['colcon_pkg']
[0.401s] Level 1:colcon.colcon_core.package_identification:_identify(src/ugv_main/ugv_slam) by extension 'colcon_pkg'
[0.401s] Level 1:colcon.colcon_core.package_identification:_identify(src/ugv_main/ugv_slam) by extensions ['colcon_meta']
[0.402s] Level 1:colcon.colcon_core.package_identification:_identify(src/ugv_main/ugv_slam) by extension 'colcon_meta'
[0.402s] Level 1:colcon.colcon_core.package_identification:_identify(src/ugv_main/ugv_slam) by extensions ['ros']
[0.402s] Level 1:colcon.colcon_core.package_identification:_identify(src/ugv_main/ugv_slam) by extension 'ros'
[0.403s] DEBUG:colcon.colcon_core.package_identification:Package 'src/ugv_main/ugv_slam' with type 'ros.ament_cmake' and name 'ugv_slam'
[0.403s] Level 1:colcon.colcon_core.package_identification:_identify(src/ugv_main/ugv_tools) by extensions ['ignore', 'ignore_ament_install']
[0.403s] Level 1:colcon.colcon_core.package_identification:_identify(src/ugv_main/ugv_tools) by extension 'ignore'
[0.403s] Level 1:colcon.colcon_core.package_identification:_identify(src/ugv_main/ugv_tools) by extension 'ignore_ament_install'
[0.403s] Level 1:colcon.colcon_core.package_identification:_identify(src/ugv_main/ugv_tools) by extensions ['colcon_pkg']
[0.403s] Level 1:colcon.colcon_core.package_identification:_identify(src/ugv_main/ugv_tools) by extension 'colcon_pkg'
[0.403s] Level 1:colcon.colcon_core.package_identification:_identify(src/ugv_main/ugv_tools) by extensions ['colcon_meta']
[0.403s] Level 1:colcon.colcon_core.package_identification:_identify(src/ugv_main/ugv_tools) by extension 'colcon_meta'
[0.403s] Level 1:colcon.colcon_core.package_identification:_identify(src/ugv_main/ugv_tools) by extensions ['ros']
[0.403s] Level 1:colcon.colcon_core.package_identification:_identify(src/ugv_main/ugv_tools) by extension 'ros'
[0.404s] DEBUG:colcon.colcon_core.package_identification:Package 'src/ugv_main/ugv_tools' with type 'ros.ament_python' and name 'ugv_tools'
[0.404s] Level 1:colcon.colcon_core.package_identification:_identify(src/ugv_main/ugv_vision) by extensions ['ignore', 'ignore_ament_install']
[0.404s] Level 1:colcon.colcon_core.package_identification:_identify(src/ugv_main/ugv_vision) by extension 'ignore'
[0.404s] Level 1:colcon.colcon_core.package_identification:_identify(src/ugv_main/ugv_vision) by extension 'ignore_ament_install'
[0.404s] Level 1:colcon.colcon_core.package_identification:_identify(src/ugv_main/ugv_vision) by extensions ['colcon_pkg']
[0.404s] Level 1:colcon.colcon_core.package_identification:_identify(src/ugv_main/ugv_vision) by extension 'colcon_pkg'
[0.404s] Level 1:colcon.colcon_core.package_identification:_identify(src/ugv_main/ugv_vision) by extensions ['colcon_meta']
[0.404s] Level 1:colcon.colcon_core.package_identification:_identify(src/ugv_main/ugv_vision) by extension 'colcon_meta'
[0.404s] Level 1:colcon.colcon_core.package_identification:_identify(src/ugv_main/ugv_vision) by extensions ['ros']
[0.404s] Level 1:colcon.colcon_core.package_identification:_identify(src/ugv_main/ugv_vision) by extension 'ros'
[0.405s] DEBUG:colcon.colcon_core.package_identification:Package 'src/ugv_main/ugv_vision' with type 'ros.ament_python' and name 'ugv_vision'
[0.405s] Level 1:colcon.colcon_core.package_identification:_identify(src/ugv_main/ugv_web_app) by extensions ['ignore', 'ignore_ament_install']
[0.405s] Level 1:colcon.colcon_core.package_identification:_identify(src/ugv_main/ugv_web_app) by extension 'ignore'
[0.405s] Level 1:colcon.colcon_core.package_identification:_identify(src/ugv_main/ugv_web_app) by extension 'ignore_ament_install'
[0.405s] Level 1:colcon.colcon_core.package_identification:_identify(src/ugv_main/ugv_web_app) by extensions ['colcon_pkg']
[0.405s] Level 1:colcon.colcon_core.package_identification:_identify(src/ugv_main/ugv_web_app) by extension 'colcon_pkg'
[0.405s] Level 1:colcon.colcon_core.package_identification:_identify(src/ugv_main/ugv_web_app) by extensions ['colcon_meta']
[0.405s] Level 1:colcon.colcon_core.package_identification:_identify(src/ugv_main/ugv_web_app) by extension 'colcon_meta'
[0.405s] Level 1:colcon.colcon_core.package_identification:_identify(src/ugv_main/ugv_web_app) by extensions ['ros']
[0.405s] Level 1:colcon.colcon_core.package_identification:_identify(src/ugv_main/ugv_web_app) by extension 'ros'
[0.406s] DEBUG:colcon.colcon_core.package_identification:Package 'src/ugv_main/ugv_web_app' with type 'ros.ament_python' and name 'ugv_web_app'
[0.406s] Level 1:colcon.colcon_core.package_discovery:discover_packages(recursive) using defaults
[0.406s] Level 1:colcon.colcon_core.package_discovery:discover_packages(ignore) discover
[0.406s] Level 1:colcon.colcon_core.package_discovery:discover_packages(ignore) using defaults
[0.406s] Level 1:colcon.colcon_core.package_discovery:discover_packages(path) discover
[0.406s] Level 1:colcon.colcon_core.package_discovery:discover_packages(path) using defaults
[0.460s] INFO:colcon.colcon_core.package_selection:Skipping not selected package 'ugv_bringup' in 'src/ugv_main/ugv_bringup'
[0.460s] INFO:colcon.colcon_core.package_selection:Skipping not selected package 'ugv_chat_ai' in 'src/ugv_main/ugv_chat_ai'
[0.460s] INFO:colcon.colcon_core.package_selection:Skipping not selected package 'ugv_description' in 'src/ugv_main/ugv_description'
[0.460s] INFO:colcon.colcon_core.package_selection:Skipping not selected package 'ugv_gazebo' in 'src/ugv_main/ugv_gazebo'
[0.460s] INFO:colcon.colcon_core.package_selection:Skipping not selected package 'ugv_nav' in 'src/ugv_main/ugv_nav'
[0.460s] INFO:colcon.colcon_core.package_selection:Skipping not selected package 'ugv_slam' in 'src/ugv_main/ugv_slam'
[0.460s] INFO:colcon.colcon_core.package_selection:Skipping not selected package 'ugv_tools' in 'src/ugv_main/ugv_tools'
[0.460s] INFO:colcon.colcon_core.package_selection:Skipping not selected package 'ugv_vision' in 'src/ugv_main/ugv_vision'
[0.460s] INFO:colcon.colcon_core.package_selection:Skipping not selected package 'ugv_web_app' in 'src/ugv_main/ugv_web_app'
[0.461s] Level 5:colcon.colcon_core.verb:set package 'apriltag' build argument 'cmake_args' from command line to 'None'
[0.461s] Level 5:colcon.colcon_core.verb:set package 'apriltag' build argument 'cmake_target' from command line to 'None'
[0.461s] Level 5:colcon.colcon_core.verb:set package 'apriltag' build argument 'cmake_target_skip_unavailable' from command line to 'False'
[0.461s] Level 5:colcon.colcon_core.verb:set package 'apriltag' build argument 'cmake_clean_cache' from command line to 'False'
[0.461s] Level 5:colcon.colcon_core.verb:set package 'apriltag' build argument 'cmake_clean_first' from command line to 'False'
[0.461s] Level 5:colcon.colcon_core.verb:set package 'apriltag' build argument 'cmake_force_configure' from command line to 'False'
[0.461s] Level 5:colcon.colcon_core.verb:set package 'apriltag' build argument 'ament_cmake_args' from command line to 'None'
[0.461s] Level 5:colcon.colcon_core.verb:set package 'apriltag' build argument 'catkin_cmake_args' from command line to 'None'
[0.461s] Level 5:colcon.colcon_core.verb:set package 'apriltag' build argument 'catkin_skip_building_tests' from command line to 'False'
[0.461s] DEBUG:colcon.colcon_core.verb:Building package 'apriltag' with the following arguments: {'ament_cmake_args': None, 'build_base': '/home/ws/ugv_ws/build/apriltag', 'catkin_cmake_args': None, 'catkin_skip_building_tests': False, 'cmake_args': None, 'cmake_clean_cache': False, 'cmake_clean_first': False, 'cmake_force_configure': False, 'cmake_target': None, 'cmake_target_skip_unavailable': False, 'install_base': '/home/ws/ugv_ws/install/apriltag', 'merge_install': False, 'path': '/home/ws/ugv_ws/src/ugv_else/apriltag_ros/apriltag', 'symlink_install': False, 'test_result_base': None}
[0.462s] Level 5:colcon.colcon_core.verb:set package 'apriltag_msgs' build argument 'cmake_args' from command line to 'None'
[0.462s] Level 5:colcon.colcon_core.verb:set package 'apriltag_msgs' build argument 'cmake_target' from command line to 'None'
[0.462s] Level 5:colcon.colcon_core.verb:set package 'apriltag_msgs' build argument 'cmake_target_skip_unavailable' from command line to 'False'
[0.462s] Level 5:colcon.colcon_core.verb:set package 'apriltag_msgs' build argument 'cmake_clean_cache' from command line to 'False'
[0.462s] Level 5:colcon.colcon_core.verb:set package 'apriltag_msgs' build argument 'cmake_clean_first' from command line to 'False'
[0.462s] Level 5:colcon.colcon_core.verb:set package 'apriltag_msgs' build argument 'cmake_force_configure' from command line to 'False'
[0.462s] Level 5:colcon.colcon_core.verb:set package 'apriltag_msgs' build argument 'ament_cmake_args' from command line to 'None'
[0.462s] Level 5:colcon.colcon_core.verb:set package 'apriltag_msgs' build argument 'catkin_cmake_args' from command line to 'None'
[0.462s] Level 5:colcon.colcon_core.verb:set package 'apriltag_msgs' build argument 'catkin_skip_building_tests' from command line to 'False'
[0.462s] DEBUG:colcon.colcon_core.verb:Building package 'apriltag_msgs' with the following arguments: {'ament_cmake_args': None, 'build_base': '/home/ws/ugv_ws/build/apriltag_msgs', 'catkin_cmake_args': None, 'catkin_skip_building_tests': False, 'cmake_args': None, 'cmake_clean_cache': False, 'cmake_clean_first': False, 'cmake_force_configure': False, 'cmake_target': None, 'cmake_target_skip_unavailable': False, 'install_base': '/home/ws/ugv_ws/install/apriltag_msgs', 'merge_install': False, 'path': '/home/ws/ugv_ws/src/ugv_else/apriltag_ros/apriltag_msgs', 'symlink_install': False, 'test_result_base': None}
[0.462s] Level 5:colcon.colcon_core.verb:set package 'cartographer' build argument 'cmake_args' from command line to 'None'
[0.462s] Level 5:colcon.colcon_core.verb:set package 'cartographer' build argument 'cmake_target' from command line to 'None'
[0.462s] Level 5:colcon.colcon_core.verb:set package 'cartographer' build argument 'cmake_target_skip_unavailable' from command line to 'False'
[0.462s] Level 5:colcon.colcon_core.verb:set package 'cartographer' build argument 'cmake_clean_cache' from command line to 'False'
[0.462s] Level 5:colcon.colcon_core.verb:set package 'cartographer' build argument 'cmake_clean_first' from command line to 'False'
[0.462s] Level 5:colcon.colcon_core.verb:set package 'cartographer' build argument 'cmake_force_configure' from command line to 'False'
[0.462s] Level 5:colcon.colcon_core.verb:set package 'cartographer' build argument 'ament_cmake_args' from command line to 'None'
[0.462s] Level 5:colcon.colcon_core.verb:set package 'cartographer' build argument 'catkin_cmake_args' from command line to 'None'
[0.462s] Level 5:colcon.colcon_core.verb:set package 'cartographer' build argument 'catkin_skip_building_tests' from command line to 'False'
[0.462s] DEBUG:colcon.colcon_core.verb:Building package 'cartographer' with the following arguments: {'ament_cmake_args': None, 'build_base': '/home/ws/ugv_ws/build/cartographer', 'catkin_cmake_args': None, 'catkin_skip_building_tests': False, 'cmake_args': None, 'cmake_clean_cache': False, 'cmake_clean_first': False, 'cmake_force_configure': False, 'cmake_target': None, 'cmake_target_skip_unavailable': False, 'install_base': '/home/ws/ugv_ws/install/cartographer', 'merge_install': False, 'path': '/home/ws/ugv_ws/src/ugv_else/cartographer', 'symlink_install': False, 'test_result_base': None}
[0.463s] Level 5:colcon.colcon_core.verb:set package 'costmap_converter_msgs' build argument 'cmake_args' from command line to 'None'
[0.463s] Level 5:colcon.colcon_core.verb:set package 'costmap_converter_msgs' build argument 'cmake_target' from command line to 'None'
[0.463s] Level 5:colcon.colcon_core.verb:set package 'costmap_converter_msgs' build argument 'cmake_target_skip_unavailable' from command line to 'False'
[0.463s] Level 5:colcon.colcon_core.verb:set package 'costmap_converter_msgs' build argument 'cmake_clean_cache' from command line to 'False'
[0.463s] Level 5:colcon.colcon_core.verb:set package 'costmap_converter_msgs' build argument 'cmake_clean_first' from command line to 'False'
[0.463s] Level 5:colcon.colcon_core.verb:set package 'costmap_converter_msgs' build argument 'cmake_force_configure' from command line to 'False'
[0.463s] Level 5:colcon.colcon_core.verb:set package 'costmap_converter_msgs' build argument 'ament_cmake_args' from command line to 'None'
[0.463s] Level 5:colcon.colcon_core.verb:set package 'costmap_converter_msgs' build argument 'catkin_cmake_args' from command line to 'None'
[0.463s] Level 5:colcon.colcon_core.verb:set package 'costmap_converter_msgs' build argument 'catkin_skip_building_tests' from command line to 'False'
[0.463s] DEBUG:colcon.colcon_core.verb:Building package 'costmap_converter_msgs' with the following arguments: {'ament_cmake_args': None, 'build_base': '/home/ws/ugv_ws/build/costmap_converter_msgs', 'catkin_cmake_args': None, 'catkin_skip_building_tests': False, 'cmake_args': None, 'cmake_clean_cache': False, 'cmake_clean_first': False, 'cmake_force_configure': False, 'cmake_target': None, 'cmake_target_skip_unavailable': False, 'install_base': '/home/ws/ugv_ws/install/costmap_converter_msgs', 'merge_install': False, 'path': '/home/ws/ugv_ws/src/ugv_else/costmap_converter/costmap_converter_msgs', 'symlink_install': False, 'test_result_base': None}
[0.463s] Level 5:colcon.colcon_core.verb:set package 'emcl2' build argument 'cmake_args' from command line to 'None'
[0.463s] Level 5:colcon.colcon_core.verb:set package 'emcl2' build argument 'cmake_target' from command line to 'None'
[0.463s] Level 5:colcon.colcon_core.verb:set package 'emcl2' build argument 'cmake_target_skip_unavailable' from command line to 'False'
[0.463s] Level 5:colcon.colcon_core.verb:set package 'emcl2' build argument 'cmake_clean_cache' from command line to 'False'
[0.463s] Level 5:colcon.colcon_core.verb:set package 'emcl2' build argument 'cmake_clean_first' from command line to 'False'
[0.463s] Level 5:colcon.colcon_core.verb:set package 'emcl2' build argument 'cmake_force_configure' from command line to 'False'
[0.463s] Level 5:colcon.colcon_core.verb:set package 'emcl2' build argument 'ament_cmake_args' from command line to 'None'
[0.463s] Level 5:colcon.colcon_core.verb:set package 'emcl2' build argument 'catkin_cmake_args' from command line to 'None'
[0.463s] Level 5:colcon.colcon_core.verb:set package 'emcl2' build argument 'catkin_skip_building_tests' from command line to 'False'
[0.463s] DEBUG:colcon.colcon_core.verb:Building package 'emcl2' with the following arguments: {'ament_cmake_args': None, 'build_base': '/home/ws/ugv_ws/build/emcl2', 'catkin_cmake_args': None, 'catkin_skip_building_tests': False, 'cmake_args': None, 'cmake_clean_cache': False, 'cmake_clean_first': False, 'cmake_force_configure': False, 'cmake_target': None, 'cmake_target_skip_unavailable': False, 'install_base': '/home/ws/ugv_ws/install/emcl2', 'merge_install': False, 'path': '/home/ws/ugv_ws/src/ugv_else/emcl2_ros2', 'symlink_install': False, 'test_result_base': None}
[0.464s] Level 5:colcon.colcon_core.verb:set package 'explore_lite' build argument 'cmake_args' from command line to 'None'
[0.464s] Level 5:colcon.colcon_core.verb:set package 'explore_lite' build argument 'cmake_target' from command line to 'None'
[0.464s] Level 5:colcon.colcon_core.verb:set package 'explore_lite' build argument 'cmake_target_skip_unavailable' from command line to 'False'
[0.464s] Level 5:colcon.colcon_core.verb:set package 'explore_lite' build argument 'cmake_clean_cache' from command line to 'False'
[0.464s] Level 5:colcon.colcon_core.verb:set package 'explore_lite' build argument 'cmake_clean_first' from command line to 'False'
[0.464s] Level 5:colcon.colcon_core.verb:set package 'explore_lite' build argument 'cmake_force_configure' from command line to 'False'
[0.464s] Level 5:colcon.colcon_core.verb:set package 'explore_lite' build argument 'ament_cmake_args' from command line to 'None'
[0.464s] Level 5:colcon.colcon_core.verb:set package 'explore_lite' build argument 'catkin_cmake_args' from command line to 'None'
[0.464s] Level 5:colcon.colcon_core.verb:set package 'explore_lite' build argument 'catkin_skip_building_tests' from command line to 'False'
[0.464s] DEBUG:colcon.colcon_core.verb:Building package 'explore_lite' with the following arguments: {'ament_cmake_args': None, 'build_base': '/home/ws/ugv_ws/build/explore_lite', 'catkin_cmake_args': None, 'catkin_skip_building_tests': False, 'cmake_args': None, 'cmake_clean_cache': False, 'cmake_clean_first': False, 'cmake_force_configure': False, 'cmake_target': None, 'cmake_target_skip_unavailable': False, 'install_base': '/home/ws/ugv_ws/install/explore_lite', 'merge_install': False, 'path': '/home/ws/ugv_ws/src/ugv_else/explore_lite', 'symlink_install': False, 'test_result_base': None}
[0.464s] Level 5:colcon.colcon_core.verb:set package 'ldlidar' build argument 'cmake_args' from command line to 'None'
[0.464s] Level 5:colcon.colcon_core.verb:set package 'ldlidar' build argument 'cmake_target' from command line to 'None'
[0.464s] Level 5:colcon.colcon_core.verb:set package 'ldlidar' build argument 'cmake_target_skip_unavailable' from command line to 'False'
[0.464s] Level 5:colcon.colcon_core.verb:set package 'ldlidar' build argument 'cmake_clean_cache' from command line to 'False'
[0.464s] Level 5:colcon.colcon_core.verb:set package 'ldlidar' build argument 'cmake_clean_first' from command line to 'False'
[0.464s] Level 5:colcon.colcon_core.verb:set package 'ldlidar' build argument 'cmake_force_configure' from command line to 'False'
[0.464s] Level 5:colcon.colcon_core.verb:set package 'ldlidar' build argument 'ament_cmake_args' from command line to 'None'
[0.464s] Level 5:colcon.colcon_core.verb:set package 'ldlidar' build argument 'catkin_cmake_args' from command line to 'None'
[0.464s] Level 5:colcon.colcon_core.verb:set package 'ldlidar' build argument 'catkin_skip_building_tests' from command line to 'False'
[0.465s] DEBUG:colcon.colcon_core.verb:Building package 'ldlidar' with the following arguments: {'ament_cmake_args': None, 'build_base': '/home/ws/ugv_ws/build/ldlidar', 'catkin_cmake_args': None, 'catkin_skip_building_tests': False, 'cmake_args': None, 'cmake_clean_cache': False, 'cmake_clean_first': False, 'cmake_force_configure': False, 'cmake_target': None, 'cmake_target_skip_unavailable': False, 'install_base': '/home/ws/ugv_ws/install/ldlidar', 'merge_install': False, 'path': '/home/ws/ugv_ws/src/ugv_else/ldlidar', 'symlink_install': False, 'test_result_base': None}
[0.465s] Level 5:colcon.colcon_core.verb:set package 'openslam_gmapping' build argument 'cmake_args' from command line to 'None'
[0.465s] Level 5:colcon.colcon_core.verb:set package 'openslam_gmapping' build argument 'cmake_target' from command line to 'None'
[0.465s] Level 5:colcon.colcon_core.verb:set package 'openslam_gmapping' build argument 'cmake_target_skip_unavailable' from command line to 'False'
[0.465s] Level 5:colcon.colcon_core.verb:set package 'openslam_gmapping' build argument 'cmake_clean_cache' from command line to 'False'
[0.465s] Level 5:colcon.colcon_core.verb:set package 'openslam_gmapping' build argument 'cmake_clean_first' from command line to 'False'
[0.465s] Level 5:colcon.colcon_core.verb:set package 'openslam_gmapping' build argument 'cmake_force_configure' from command line to 'False'
[0.465s] Level 5:colcon.colcon_core.verb:set package 'openslam_gmapping' build argument 'ament_cmake_args' from command line to 'None'
[0.465s] Level 5:colcon.colcon_core.verb:set package 'openslam_gmapping' build argument 'catkin_cmake_args' from command line to 'None'
[0.465s] Level 5:colcon.colcon_core.verb:set package 'openslam_gmapping' build argument 'catkin_skip_building_tests' from command line to 'False'
[0.465s] DEBUG:colcon.colcon_core.verb:Building package 'openslam_gmapping' with the following arguments: {'ament_cmake_args': None, 'build_base': '/home/ws/ugv_ws/build/openslam_gmapping', 'catkin_cmake_args': None, 'catkin_skip_building_tests': False, 'cmake_args': None, 'cmake_clean_cache': False, 'cmake_clean_first': False, 'cmake_force_configure': False, 'cmake_target': None, 'cmake_target_skip_unavailable': False, 'install_base': '/home/ws/ugv_ws/install/openslam_gmapping', 'merge_install': False, 'path': '/home/ws/ugv_ws/src/ugv_else/gmapping/openslam_gmapping', 'symlink_install': False, 'test_result_base': None}
[0.465s] Level 5:colcon.colcon_core.verb:set package 'rf2o_laser_odometry' build argument 'cmake_args' from command line to 'None'
[0.465s] Level 5:colcon.colcon_core.verb:set package 'rf2o_laser_odometry' build argument 'cmake_target' from command line to 'None'
[0.465s] Level 5:colcon.colcon_core.verb:set package 'rf2o_laser_odometry' build argument 'cmake_target_skip_unavailable' from command line to 'False'
[0.465s] Level 5:colcon.colcon_core.verb:set package 'rf2o_laser_odometry' build argument 'cmake_clean_cache' from command line to 'False'
[0.465s] Level 5:colcon.colcon_core.verb:set package 'rf2o_laser_odometry' build argument 'cmake_clean_first' from command line to 'False'
[0.465s] Level 5:colcon.colcon_core.verb:set package 'rf2o_laser_odometry' build argument 'cmake_force_configure' from command line to 'False'
[0.466s] Level 5:colcon.colcon_core.verb:set package 'rf2o_laser_odometry' build argument 'ament_cmake_args' from command line to 'None'
[0.466s] Level 5:colcon.colcon_core.verb:set package 'rf2o_laser_odometry' build argument 'catkin_cmake_args' from command line to 'None'
[0.466s] Level 5:colcon.colcon_core.verb:set package 'rf2o_laser_odometry' build argument 'catkin_skip_building_tests' from command line to 'False'
[0.466s] DEBUG:colcon.colcon_core.verb:Building package 'rf2o_laser_odometry' with the following arguments: {'ament_cmake_args': None, 'build_base': '/home/ws/ugv_ws/build/rf2o_laser_odometry', 'catkin_cmake_args': None, 'catkin_skip_building_tests': False, 'cmake_args': None, 'cmake_clean_cache': False, 'cmake_clean_first': False, 'cmake_force_configure': False, 'cmake_target': None, 'cmake_target_skip_unavailable': False, 'install_base': '/home/ws/ugv_ws/install/rf2o_laser_odometry', 'merge_install': False, 'path': '/home/ws/ugv_ws/src/ugv_else/rf2o_laser_odometry', 'symlink_install': False, 'test_result_base': None}
[0.466s] Level 5:colcon.colcon_core.verb:set package 'robot_pose_publisher' build argument 'cmake_args' from command line to 'None'
[0.466s] Level 5:colcon.colcon_core.verb:set package 'robot_pose_publisher' build argument 'cmake_target' from command line to 'None'
[0.466s] Level 5:colcon.colcon_core.verb:set package 'robot_pose_publisher' build argument 'cmake_target_skip_unavailable' from command line to 'False'
[0.466s] Level 5:colcon.colcon_core.verb:set package 'robot_pose_publisher' build argument 'cmake_clean_cache' from command line to 'False'
[0.466s] Level 5:colcon.colcon_core.verb:set package 'robot_pose_publisher' build argument 'cmake_clean_first' from command line to 'False'
[0.466s] Level 5:colcon.colcon_core.verb:set package 'robot_pose_publisher' build argument 'cmake_force_configure' from command line to 'False'
[0.466s] Level 5:colcon.colcon_core.verb:set package 'robot_pose_publisher' build argument 'ament_cmake_args' from command line to 'None'
[0.466s] Level 5:colcon.colcon_core.verb:set package 'robot_pose_publisher' build argument 'catkin_cmake_args' from command line to 'None'
[0.466s] Level 5:colcon.colcon_core.verb:set package 'robot_pose_publisher' build argument 'catkin_skip_building_tests' from command line to 'False'
[0.466s] DEBUG:colcon.colcon_core.verb:Building package 'robot_pose_publisher' with the following arguments: {'ament_cmake_args': None, 'build_base': '/home/ws/ugv_ws/build/robot_pose_publisher', 'catkin_cmake_args': None, 'catkin_skip_building_tests': False, 'cmake_args': None, 'cmake_clean_cache': False, 'cmake_clean_first': False, 'cmake_force_configure': False, 'cmake_target': None, 'cmake_target_skip_unavailable': False, 'install_base': '/home/ws/ugv_ws/install/robot_pose_publisher', 'merge_install': False, 'path': '/home/ws/ugv_ws/src/ugv_else/robot_pose_publisher', 'symlink_install': False, 'test_result_base': None}
[0.466s] Level 5:colcon.colcon_core.verb:set package 'ugv_base_node' build argument 'cmake_args' from command line to 'None'
[0.466s] Level 5:colcon.colcon_core.verb:set package 'ugv_base_node' build argument 'cmake_target' from command line to 'None'
[0.466s] Level 5:colcon.colcon_core.verb:set package 'ugv_base_node' build argument 'cmake_target_skip_unavailable' from command line to 'False'
[0.467s] Level 5:colcon.colcon_core.verb:set package 'ugv_base_node' build argument 'cmake_clean_cache' from command line to 'False'
[0.467s] Level 5:colcon.colcon_core.verb:set package 'ugv_base_node' build argument 'cmake_clean_first' from command line to 'False'
[0.467s] Level 5:colcon.colcon_core.verb:set package 'ugv_base_node' build argument 'cmake_force_configure' from command line to 'False'
[0.467s] Level 5:colcon.colcon_core.verb:set package 'ugv_base_node' build argument 'ament_cmake_args' from command line to 'None'
[0.467s] Level 5:colcon.colcon_core.verb:set package 'ugv_base_node' build argument 'catkin_cmake_args' from command line to 'None'
[0.467s] Level 5:colcon.colcon_core.verb:set package 'ugv_base_node' build argument 'catkin_skip_building_tests' from command line to 'False'
[0.467s] DEBUG:colcon.colcon_core.verb:Building package 'ugv_base_node' with the following arguments: {'ament_cmake_args': None, 'build_base': '/home/ws/ugv_ws/build/ugv_base_node', 'catkin_cmake_args': None, 'catkin_skip_building_tests': False, 'cmake_args': None, 'cmake_clean_cache': False, 'cmake_clean_first': False, 'cmake_force_configure': False, 'cmake_target': None, 'cmake_target_skip_unavailable': False, 'install_base': '/home/ws/ugv_ws/install/ugv_base_node', 'merge_install': False, 'path': '/home/ws/ugv_ws/src/ugv_main/ugv_base_node', 'symlink_install': False, 'test_result_base': None}
[0.467s] Level 5:colcon.colcon_core.verb:set package 'ugv_interface' build argument 'cmake_args' from command line to 'None'
[0.467s] Level 5:colcon.colcon_core.verb:set package 'ugv_interface' build argument 'cmake_target' from command line to 'None'
[0.467s] Level 5:colcon.colcon_core.verb:set package 'ugv_interface' build argument 'cmake_target_skip_unavailable' from command line to 'False'
[0.467s] Level 5:colcon.colcon_core.verb:set package 'ugv_interface' build argument 'cmake_clean_cache' from command line to 'False'
[0.467s] Level 5:colcon.colcon_core.verb:set package 'ugv_interface' build argument 'cmake_clean_first' from command line to 'False'
[0.467s] Level 5:colcon.colcon_core.verb:set package 'ugv_interface' build argument 'cmake_force_configure' from command line to 'False'
[0.467s] Level 5:colcon.colcon_core.verb:set package 'ugv_interface' build argument 'ament_cmake_args' from command line to 'None'
[0.467s] Level 5:colcon.colcon_core.verb:set package 'ugv_interface' build argument 'catkin_cmake_args' from command line to 'None'
[0.467s] Level 5:colcon.colcon_core.verb:set package 'ugv_interface' build argument 'catkin_skip_building_tests' from command line to 'False'
[0.467s] DEBUG:colcon.colcon_core.verb:Building package 'ugv_interface' with the following arguments: {'ament_cmake_args': None, 'build_base': '/home/ws/ugv_ws/build/ugv_interface', 'catkin_cmake_args': None, 'catkin_skip_building_tests': False, 'cmake_args': None, 'cmake_clean_cache': False, 'cmake_clean_first': False, 'cmake_force_configure': False, 'cmake_target': None, 'cmake_target_skip_unavailable': False, 'install_base': '/home/ws/ugv_ws/install/ugv_interface', 'merge_install': False, 'path': '/home/ws/ugv_ws/src/ugv_main/ugv_interface', 'symlink_install': False, 'test_result_base': None}
[0.468s] Level 5:colcon.colcon_core.verb:set package 'vizanti_cpp' build argument 'cmake_args' from command line to 'None'
[0.468s] Level 5:colcon.colcon_core.verb:set package 'vizanti_cpp' build argument 'cmake_target' from command line to 'None'
[0.468s] Level 5:colcon.colcon_core.verb:set package 'vizanti_cpp' build argument 'cmake_target_skip_unavailable' from command line to 'False'
[0.468s] Level 5:colcon.colcon_core.verb:set package 'vizanti_cpp' build argument 'cmake_clean_cache' from command line to 'False'
[0.468s] Level 5:colcon.colcon_core.verb:set package 'vizanti_cpp' build argument 'cmake_clean_first' from command line to 'False'
[0.468s] Level 5:colcon.colcon_core.verb:set package 'vizanti_cpp' build argument 'cmake_force_configure' from command line to 'False'
[0.468s] Level 5:colcon.colcon_core.verb:set package 'vizanti_cpp' build argument 'ament_cmake_args' from command line to 'None'
[0.468s] Level 5:colcon.colcon_core.verb:set package 'vizanti_cpp' build argument 'catkin_cmake_args' from command line to 'None'
[0.468s] Level 5:colcon.colcon_core.verb:set package 'vizanti_cpp' build argument 'catkin_skip_building_tests' from command line to 'False'
[0.468s] DEBUG:colcon.colcon_core.verb:Building package 'vizanti_cpp' with the following arguments: {'ament_cmake_args': None, 'build_base': '/home/ws/ugv_ws/build/vizanti_cpp', 'catkin_cmake_args': None, 'catkin_skip_building_tests': False, 'cmake_args': None, 'cmake_clean_cache': False, 'cmake_clean_first': False, 'cmake_force_configure': False, 'cmake_target': None, 'cmake_target_skip_unavailable': False, 'install_base': '/home/ws/ugv_ws/install/vizanti_cpp', 'merge_install': False, 'path': '/home/ws/ugv_ws/src/ugv_else/vizanti/vizanti_cpp', 'symlink_install': False, 'test_result_base': None}
[0.468s] Level 5:colcon.colcon_core.verb:set package 'vizanti_msgs' build argument 'cmake_args' from command line to 'None'
[0.468s] Level 5:colcon.colcon_core.verb:set package 'vizanti_msgs' build argument 'cmake_target' from command line to 'None'
[0.468s] Level 5:colcon.colcon_core.verb:set package 'vizanti_msgs' build argument 'cmake_target_skip_unavailable' from command line to 'False'
[0.468s] Level 5:colcon.colcon_core.verb:set package 'vizanti_msgs' build argument 'cmake_clean_cache' from command line to 'False'
[0.468s] Level 5:colcon.colcon_core.verb:set package 'vizanti_msgs' build argument 'cmake_clean_first' from command line to 'False'
[0.468s] Level 5:colcon.colcon_core.verb:set package 'vizanti_msgs' build argument 'cmake_force_configure' from command line to 'False'
[0.468s] Level 5:colcon.colcon_core.verb:set package 'vizanti_msgs' build argument 'ament_cmake_args' from command line to 'None'
[0.468s] Level 5:colcon.colcon_core.verb:set package 'vizanti_msgs' build argument 'catkin_cmake_args' from command line to 'None'
[0.468s] Level 5:colcon.colcon_core.verb:set package 'vizanti_msgs' build argument 'catkin_skip_building_tests' from command line to 'False'
[0.468s] DEBUG:colcon.colcon_core.verb:Building package 'vizanti_msgs' with the following arguments: {'ament_cmake_args': None, 'build_base': '/home/ws/ugv_ws/build/vizanti_msgs', 'catkin_cmake_args': None, 'catkin_skip_building_tests': False, 'cmake_args': None, 'cmake_clean_cache': False, 'cmake_clean_first': False, 'cmake_force_configure': False, 'cmake_target': None, 'cmake_target_skip_unavailable': False, 'install_base': '/home/ws/ugv_ws/install/vizanti_msgs', 'merge_install': False, 'path': '/home/ws/ugv_ws/src/ugv_else/vizanti/vizanti_msgs', 'symlink_install': False, 'test_result_base': None}
[0.469s] Level 5:colcon.colcon_core.verb:set package 'apriltag_ros' build argument 'cmake_args' from command line to 'None'
[0.469s] Level 5:colcon.colcon_core.verb:set package 'apriltag_ros' build argument 'cmake_target' from command line to 'None'
[0.469s] Level 5:colcon.colcon_core.verb:set package 'apriltag_ros' build argument 'cmake_target_skip_unavailable' from command line to 'False'
[0.469s] Level 5:colcon.colcon_core.verb:set package 'apriltag_ros' build argument 'cmake_clean_cache' from command line to 'False'
[0.469s] Level 5:colcon.colcon_core.verb:set package 'apriltag_ros' build argument 'cmake_clean_first' from command line to 'False'
[0.469s] Level 5:colcon.colcon_core.verb:set package 'apriltag_ros' build argument 'cmake_force_configure' from command line to 'False'
[0.469s] Level 5:colcon.colcon_core.verb:set package 'apriltag_ros' build argument 'ament_cmake_args' from command line to 'None'
[0.469s] Level 5:colcon.colcon_core.verb:set package 'apriltag_ros' build argument 'catkin_cmake_args' from command line to 'None'
[0.469s] Level 5:colcon.colcon_core.verb:set package 'apriltag_ros' build argument 'catkin_skip_building_tests' from command line to 'False'
[0.469s] DEBUG:colcon.colcon_core.verb:Building package 'apriltag_ros' with the following arguments: {'ament_cmake_args': None, 'build_base': '/home/ws/ugv_ws/build/apriltag_ros', 'catkin_cmake_args': None, 'catkin_skip_building_tests': False, 'cmake_args': None, 'cmake_clean_cache': False, 'cmake_clean_first': False, 'cmake_force_configure': False, 'cmake_target': None, 'cmake_target_skip_unavailable': False, 'install_base': '/home/ws/ugv_ws/install/apriltag_ros', 'merge_install': False, 'path': '/home/ws/ugv_ws/src/ugv_else/apriltag_ros/apriltag_ros', 'symlink_install': False, 'test_result_base': None}
[0.469s] Level 5:colcon.colcon_core.verb:set package 'costmap_converter' build argument 'cmake_args' from command line to 'None'
[0.469s] Level 5:colcon.colcon_core.verb:set package 'costmap_converter' build argument 'cmake_target' from command line to 'None'
[0.469s] Level 5:colcon.colcon_core.verb:set package 'costmap_converter' build argument 'cmake_target_skip_unavailable' from command line to 'False'
[0.469s] Level 5:colcon.colcon_core.verb:set package 'costmap_converter' build argument 'cmake_clean_cache' from command line to 'False'
[0.469s] Level 5:colcon.colcon_core.verb:set package 'costmap_converter' build argument 'cmake_clean_first' from command line to 'False'
[0.469s] Level 5:colcon.colcon_core.verb:set package 'costmap_converter' build argument 'cmake_force_configure' from command line to 'False'
[0.469s] Level 5:colcon.colcon_core.verb:set package 'costmap_converter' build argument 'ament_cmake_args' from command line to 'None'
[0.469s] Level 5:colcon.colcon_core.verb:set package 'costmap_converter' build argument 'catkin_cmake_args' from command line to 'None'
[0.469s] Level 5:colcon.colcon_core.verb:set package 'costmap_converter' build argument 'catkin_skip_building_tests' from command line to 'False'
[0.469s] DEBUG:colcon.colcon_core.verb:Building package 'costmap_converter' with the following arguments: {'ament_cmake_args': None, 'build_base': '/home/ws/ugv_ws/build/costmap_converter', 'catkin_cmake_args': None, 'catkin_skip_building_tests': False, 'cmake_args': None, 'cmake_clean_cache': False, 'cmake_clean_first': False, 'cmake_force_configure': False, 'cmake_target': None, 'cmake_target_skip_unavailable': False, 'install_base': '/home/ws/ugv_ws/install/costmap_converter', 'merge_install': False, 'path': '/home/ws/ugv_ws/src/ugv_else/costmap_converter/costmap_converter', 'symlink_install': False, 'test_result_base': None}
[0.470s] Level 5:colcon.colcon_core.verb:set package 'slam_gmapping' build argument 'cmake_args' from command line to 'None'
[0.470s] Level 5:colcon.colcon_core.verb:set package 'slam_gmapping' build argument 'cmake_target' from command line to 'None'
[0.470s] Level 5:colcon.colcon_core.verb:set package 'slam_gmapping' build argument 'cmake_target_skip_unavailable' from command line to 'False'
[0.470s] Level 5:colcon.colcon_core.verb:set package 'slam_gmapping' build argument 'cmake_clean_cache' from command line to 'False'
[0.470s] Level 5:colcon.colcon_core.verb:set package 'slam_gmapping' build argument 'cmake_clean_first' from command line to 'False'
[0.470s] Level 5:colcon.colcon_core.verb:set package 'slam_gmapping' build argument 'cmake_force_configure' from command line to 'False'
[0.470s] Level 5:colcon.colcon_core.verb:set package 'slam_gmapping' build argument 'ament_cmake_args' from command line to 'None'
[0.470s] Level 5:colcon.colcon_core.verb:set package 'slam_gmapping' build argument 'catkin_cmake_args' from command line to 'None'
[0.470s] Level 5:colcon.colcon_core.verb:set package 'slam_gmapping' build argument 'catkin_skip_building_tests' from command line to 'False'
[0.470s] DEBUG:colcon.colcon_core.verb:Building package 'slam_gmapping' with the following arguments: {'ament_cmake_args': None, 'build_base': '/home/ws/ugv_ws/build/slam_gmapping', 'catkin_cmake_args': None, 'catkin_skip_building_tests': False, 'cmake_args': None, 'cmake_clean_cache': False, 'cmake_clean_first': False, 'cmake_force_configure': False, 'cmake_target': None, 'cmake_target_skip_unavailable': False, 'install_base': '/home/ws/ugv_ws/install/slam_gmapping', 'merge_install': False, 'path': '/home/ws/ugv_ws/src/ugv_else/gmapping/slam_gmapping', 'symlink_install': False, 'test_result_base': None}
[0.470s] Level 5:colcon.colcon_core.verb:set package 'teb_msgs' build argument 'cmake_args' from command line to 'None'
[0.470s] Level 5:colcon.colcon_core.verb:set package 'teb_msgs' build argument 'cmake_target' from command line to 'None'
[0.470s] Level 5:colcon.colcon_core.verb:set package 'teb_msgs' build argument 'cmake_target_skip_unavailable' from command line to 'False'
[0.470s] Level 5:colcon.colcon_core.verb:set package 'teb_msgs' build argument 'cmake_clean_cache' from command line to 'False'
[0.470s] Level 5:colcon.colcon_core.verb:set package 'teb_msgs' build argument 'cmake_clean_first' from command line to 'False'
[0.470s] Level 5:colcon.colcon_core.verb:set package 'teb_msgs' build argument 'cmake_force_configure' from command line to 'False'
[0.470s] Level 5:colcon.colcon_core.verb:set package 'teb_msgs' build argument 'ament_cmake_args' from command line to 'None'
[0.470s] Level 5:colcon.colcon_core.verb:set package 'teb_msgs' build argument 'catkin_cmake_args' from command line to 'None'
[0.470s] Level 5:colcon.colcon_core.verb:set package 'teb_msgs' build argument 'catkin_skip_building_tests' from command line to 'False'
[0.470s] DEBUG:colcon.colcon_core.verb:Building package 'teb_msgs' with the following arguments: {'ament_cmake_args': None, 'build_base': '/home/ws/ugv_ws/build/teb_msgs', 'catkin_cmake_args': None, 'catkin_skip_building_tests': False, 'cmake_args': None, 'cmake_clean_cache': False, 'cmake_clean_first': False, 'cmake_force_configure': False, 'cmake_target': None, 'cmake_target_skip_unavailable': False, 'install_base': '/home/ws/ugv_ws/install/teb_msgs', 'merge_install': False, 'path': '/home/ws/ugv_ws/src/ugv_else/teb_local_planner/teb_msgs', 'symlink_install': False, 'test_result_base': None}
[0.471s] Level 5:colcon.colcon_core.verb:set package 'vizanti_demos' build argument 'cmake_args' from command line to 'None'
[0.471s] Level 5:colcon.colcon_core.verb:set package 'vizanti_demos' build argument 'cmake_target' from command line to 'None'
[0.471s] Level 5:colcon.colcon_core.verb:set package 'vizanti_demos' build argument 'cmake_target_skip_unavailable' from command line to 'False'
[0.471s] Level 5:colcon.colcon_core.verb:set package 'vizanti_demos' build argument 'cmake_clean_cache' from command line to 'False'
[0.471s] Level 5:colcon.colcon_core.verb:set package 'vizanti_demos' build argument 'cmake_clean_first' from command line to 'False'
[0.471s] Level 5:colcon.colcon_core.verb:set package 'vizanti_demos' build argument 'cmake_force_configure' from command line to 'False'
[0.471s] Level 5:colcon.colcon_core.verb:set package 'vizanti_demos' build argument 'ament_cmake_args' from command line to 'None'
[0.471s] Level 5:colcon.colcon_core.verb:set package 'vizanti_demos' build argument 'catkin_cmake_args' from command line to 'None'
[0.471s] Level 5:colcon.colcon_core.verb:set package 'vizanti_demos' build argument 'catkin_skip_building_tests' from command line to 'False'
[0.471s] DEBUG:colcon.colcon_core.verb:Building package 'vizanti_demos' with the following arguments: {'ament_cmake_args': None, 'build_base': '/home/ws/ugv_ws/build/vizanti_demos', 'catkin_cmake_args': None, 'catkin_skip_building_tests': False, 'cmake_args': None, 'cmake_clean_cache': False, 'cmake_clean_first': False, 'cmake_force_configure': False, 'cmake_target': None, 'cmake_target_skip_unavailable': False, 'install_base': '/home/ws/ugv_ws/install/vizanti_demos', 'merge_install': False, 'path': '/home/ws/ugv_ws/src/ugv_else/vizanti/vizanti_demos', 'symlink_install': False, 'test_result_base': None}
[0.471s] Level 5:colcon.colcon_core.verb:set package 'vizanti_server' build argument 'cmake_args' from command line to 'None'
[0.471s] Level 5:colcon.colcon_core.verb:set package 'vizanti_server' build argument 'cmake_target' from command line to 'None'
[0.471s] Level 5:colcon.colcon_core.verb:set package 'vizanti_server' build argument 'cmake_target_skip_unavailable' from command line to 'False'
[0.471s] Level 5:colcon.colcon_core.verb:set package 'vizanti_server' build argument 'cmake_clean_cache' from command line to 'False'
[0.471s] Level 5:colcon.colcon_core.verb:set package 'vizanti_server' build argument 'cmake_clean_first' from command line to 'False'
[0.471s] Level 5:colcon.colcon_core.verb:set package 'vizanti_server' build argument 'cmake_force_configure' from command line to 'False'
[0.471s] Level 5:colcon.colcon_core.verb:set package 'vizanti_server' build argument 'ament_cmake_args' from command line to 'None'
[0.471s] Level 5:colcon.colcon_core.verb:set package 'vizanti_server' build argument 'catkin_cmake_args' from command line to 'None'
[0.471s] Level 5:colcon.colcon_core.verb:set package 'vizanti_server' build argument 'catkin_skip_building_tests' from command line to 'False'
[0.471s] DEBUG:colcon.colcon_core.verb:Building package 'vizanti_server' with the following arguments: {'ament_cmake_args': None, 'build_base': '/home/ws/ugv_ws/build/vizanti_server', 'catkin_cmake_args': None, 'catkin_skip_building_tests': False, 'cmake_args': None, 'cmake_clean_cache': False, 'cmake_clean_first': False, 'cmake_force_configure': False, 'cmake_target': None, 'cmake_target_skip_unavailable': False, 'install_base': '/home/ws/ugv_ws/install/vizanti_server', 'merge_install': False, 'path': '/home/ws/ugv_ws/src/ugv_else/vizanti/vizanti_server', 'symlink_install': False, 'test_result_base': None}
[0.472s] Level 5:colcon.colcon_core.verb:set package 'teb_local_planner' build argument 'cmake_args' from command line to 'None'
[0.472s] Level 5:colcon.colcon_core.verb:set package 'teb_local_planner' build argument 'cmake_target' from command line to 'None'
[0.472s] Level 5:colcon.colcon_core.verb:set package 'teb_local_planner' build argument 'cmake_target_skip_unavailable' from command line to 'False'
[0.472s] Level 5:colcon.colcon_core.verb:set package 'teb_local_planner' build argument 'cmake_clean_cache' from command line to 'False'
[0.472s] Level 5:colcon.colcon_core.verb:set package 'teb_local_planner' build argument 'cmake_clean_first' from command line to 'False'
[0.472s] Level 5:colcon.colcon_core.verb:set package 'teb_local_planner' build argument 'cmake_force_configure' from command line to 'False'
[0.472s] Level 5:colcon.colcon_core.verb:set package 'teb_local_planner' build argument 'ament_cmake_args' from command line to 'None'
[0.472s] Level 5:colcon.colcon_core.verb:set package 'teb_local_planner' build argument 'catkin_cmake_args' from command line to 'None'
[0.472s] Level 5:colcon.colcon_core.verb:set package 'teb_local_planner' build argument 'catkin_skip_building_tests' from command line to 'False'
[0.472s] DEBUG:colcon.colcon_core.verb:Building package 'teb_local_planner' with the following arguments: {'ament_cmake_args': None, 'build_base': '/home/ws/ugv_ws/build/teb_local_planner', 'catkin_cmake_args': None, 'catkin_skip_building_tests': False, 'cmake_args': None, 'cmake_clean_cache': False, 'cmake_clean_first': False, 'cmake_force_configure': False, 'cmake_target': None, 'cmake_target_skip_unavailable': False, 'install_base': '/home/ws/ugv_ws/install/teb_local_planner', 'merge_install': False, 'path': '/home/ws/ugv_ws/src/ugv_else/teb_local_planner/teb_local_planner', 'symlink_install': False, 'test_result_base': None}
[0.472s] Level 5:colcon.colcon_core.verb:set package 'vizanti' build argument 'cmake_args' from command line to 'None'
[0.472s] Level 5:colcon.colcon_core.verb:set package 'vizanti' build argument 'cmake_target' from command line to 'None'
[0.472s] Level 5:colcon.colcon_core.verb:set package 'vizanti' build argument 'cmake_target_skip_unavailable' from command line to 'False'
[0.472s] Level 5:colcon.colcon_core.verb:set package 'vizanti' build argument 'cmake_clean_cache' from command line to 'False'
[0.472s] Level 5:colcon.colcon_core.verb:set package 'vizanti' build argument 'cmake_clean_first' from command line to 'False'
[0.472s] Level 5:colcon.colcon_core.verb:set package 'vizanti' build argument 'cmake_force_configure' from command line to 'False'
[0.472s] Level 5:colcon.colcon_core.verb:set package 'vizanti' build argument 'ament_cmake_args' from command line to 'None'
[0.472s] Level 5:colcon.colcon_core.verb:set package 'vizanti' build argument 'catkin_cmake_args' from command line to 'None'
[0.472s] Level 5:colcon.colcon_core.verb:set package 'vizanti' build argument 'catkin_skip_building_tests' from command line to 'False'
[0.472s] DEBUG:colcon.colcon_core.verb:Building package 'vizanti' with the following arguments: {'ament_cmake_args': None, 'build_base': '/home/ws/ugv_ws/build/vizanti', 'catkin_cmake_args': None, 'catkin_skip_building_tests': False, 'cmake_args': None, 'cmake_clean_cache': False, 'cmake_clean_first': False, 'cmake_force_configure': False, 'cmake_target': None, 'cmake_target_skip_unavailable': False, 'install_base': '/home/ws/ugv_ws/install/vizanti', 'merge_install': False, 'path': '/home/ws/ugv_ws/src/ugv_else/vizanti/vizanti', 'symlink_install': False, 'test_result_base': None}
[0.473s] INFO:colcon.colcon_core.executor:Executing jobs using 'parallel' executor
[0.474s] DEBUG:colcon.colcon_parallel_executor.executor.parallel:run_until_complete
[0.475s] INFO:colcon.colcon_ros.task.ament_cmake.build:Building ROS package in '/home/ws/ugv_ws/src/ugv_else/costmap_converter/costmap_converter_msgs' with build type 'ament_cmake'
[0.475s] INFO:colcon.colcon_cmake.task.cmake.build:Building CMake package in '/home/ws/ugv_ws/src/ugv_else/costmap_converter/costmap_converter_msgs'
[0.478s] INFO:colcon.colcon_core.plugin_system:Skipping extension 'colcon_core.shell.bat': Not used on non-Windows systems
[0.478s] INFO:colcon.colcon_core.shell:Skip shell extension 'powershell' for command environment: Not usable outside of PowerShell
[0.478s] DEBUG:colcon.colcon_core.shell:Skip shell extension 'dsv' for command environment
[0.480s] WARNING:colcon.colcon_ros.prefix_path.ament:The path '/home/ws/ugv_ws/install/ugv_chat_ai' in the environment variable AMENT_PREFIX_PATH doesn't exist
[0.486s] INFO:colcon.colcon_ros.task.ament_cmake.build:Building ROS package in '/home/ws/ugv_ws/src/ugv_else/vizanti/vizanti_msgs' with build type 'ament_cmake'
[0.486s] INFO:colcon.colcon_cmake.task.cmake.build:Building CMake package in '/home/ws/ugv_ws/src/ugv_else/vizanti/vizanti_msgs'
[0.486s] INFO:colcon.colcon_core.shell:Skip shell extension 'powershell' for command environment: Not usable outside of PowerShell
[0.486s] DEBUG:colcon.colcon_core.shell:Skip shell extension 'dsv' for command environment
[0.493s] INFO:colcon.colcon_ros.task.cmake.build:Building ROS package in '/home/ws/ugv_ws/src/ugv_else/apriltag_ros/apriltag' with build type 'cmake'
[0.493s] INFO:colcon.colcon_cmake.task.cmake.build:Building CMake package in '/home/ws/ugv_ws/src/ugv_else/apriltag_ros/apriltag'
[0.493s] INFO:colcon.colcon_core.shell:Skip shell extension 'powershell' for command environment: Not usable outside of PowerShell
[0.493s] DEBUG:colcon.colcon_core.shell:Skip shell extension 'dsv' for command environment
[0.499s] INFO:colcon.colcon_ros.task.ament_cmake.build:Building ROS package in '/home/ws/ugv_ws/src/ugv_else/apriltag_ros/apriltag_msgs' with build type 'ament_cmake'
[0.500s] INFO:colcon.colcon_cmake.task.cmake.build:Building CMake package in '/home/ws/ugv_ws/src/ugv_else/apriltag_ros/apriltag_msgs'
[0.500s] INFO:colcon.colcon_core.shell:Skip shell extension 'powershell' for command environment: Not usable outside of PowerShell
[0.500s] DEBUG:colcon.colcon_core.shell:Skip shell extension 'dsv' for command environment
[0.516s] DEBUG:colcon.colcon_core.event_handler.log_command:Invoking command in '/home/ws/ugv_ws/build/costmap_converter_msgs': CMAKE_PREFIX_PATH=${CMAKE_PREFIX_PATH}:/home/ws/ugv_ws/install/ugv_web_app:/home/ws/ugv_ws/install/ugv_vision:/home/ws/ugv_ws/install/ugv_tools:/home/ws/ugv_ws/install/ugv_chat_ai:/home/ws/ugv_ws/install/ugv_bringup:/opt/ros/humble /usr/bin/cmake --build /home/ws/ugv_ws/build/costmap_converter_msgs -- -j4 -l4
[0.524s] DEBUG:colcon.colcon_core.event_handler.log_command:Invoking command in '/home/ws/ugv_ws/build/vizanti_msgs': CMAKE_PREFIX_PATH=${CMAKE_PREFIX_PATH}:/home/ws/ugv_ws/install/ugv_web_app:/home/ws/ugv_ws/install/ugv_vision:/home/ws/ugv_ws/install/ugv_tools:/home/ws/ugv_ws/install/ugv_chat_ai:/home/ws/ugv_ws/install/ugv_bringup:/opt/ros/humble /usr/bin/cmake --build /home/ws/ugv_ws/build/vizanti_msgs -- -j4 -l4
[0.533s] DEBUG:colcon.colcon_core.event_handler.log_command:Invoking command in '/home/ws/ugv_ws/build/apriltag': CMAKE_PREFIX_PATH=${CMAKE_PREFIX_PATH}:/home/ws/ugv_ws/install/ugv_web_app:/home/ws/ugv_ws/install/ugv_vision:/home/ws/ugv_ws/install/ugv_tools:/home/ws/ugv_ws/install/ugv_chat_ai:/home/ws/ugv_ws/install/ugv_bringup:/opt/ros/humble /usr/bin/cmake --build /home/ws/ugv_ws/build/apriltag -- -j4 -l4
[0.547s] DEBUG:colcon.colcon_core.event_handler.log_command:Invoking command in '/home/ws/ugv_ws/build/apriltag_msgs': CMAKE_PREFIX_PATH=${CMAKE_PREFIX_PATH}:/home/ws/ugv_ws/install/ugv_web_app:/home/ws/ugv_ws/install/ugv_vision:/home/ws/ugv_ws/install/ugv_tools:/home/ws/ugv_ws/install/ugv_chat_ai:/home/ws/ugv_ws/install/ugv_bringup:/opt/ros/humble /usr/bin/cmake --build /home/ws/ugv_ws/build/apriltag_msgs -- -j4 -l4
[1.524s] DEBUG:colcon.colcon_core.event_handler.log_command:Invoked command in '/home/ws/ugv_ws/build/apriltag' returned '0': CMAKE_PREFIX_PATH=${CMAKE_PREFIX_PATH}:/home/ws/ugv_ws/install/ugv_web_app:/home/ws/ugv_ws/install/ugv_vision:/home/ws/ugv_ws/install/ugv_tools:/home/ws/ugv_ws/install/ugv_chat_ai:/home/ws/ugv_ws/install/ugv_bringup:/opt/ros/humble /usr/bin/cmake --build /home/ws/ugv_ws/build/apriltag -- -j4 -l4
[1.609s] DEBUG:colcon.colcon_core.event_handler.log_command:Invoked command in '/home/ws/ugv_ws/build/costmap_converter_msgs' returned '0': CMAKE_PREFIX_PATH=${CMAKE_PREFIX_PATH}:/home/ws/ugv_ws/install/ugv_web_app:/home/ws/ugv_ws/install/ugv_vision:/home/ws/ugv_ws/install/ugv_tools:/home/ws/ugv_ws/install/ugv_chat_ai:/home/ws/ugv_ws/install/ugv_bringup:/opt/ros/humble /usr/bin/cmake --build /home/ws/ugv_ws/build/costmap_converter_msgs -- -j4 -l4
[1.631s] DEBUG:colcon.colcon_core.event_handler.log_command:Invoked command in '/home/ws/ugv_ws/build/apriltag_msgs' returned '0': CMAKE_PREFIX_PATH=${CMAKE_PREFIX_PATH}:/home/ws/ugv_ws/install/ugv_web_app:/home/ws/ugv_ws/install/ugv_vision:/home/ws/ugv_ws/install/ugv_tools:/home/ws/ugv_ws/install/ugv_chat_ai:/home/ws/ugv_ws/install/ugv_bringup:/opt/ros/humble /usr/bin/cmake --build /home/ws/ugv_ws/build/apriltag_msgs -- -j4 -l4
[1.650s] DEBUG:colcon.colcon_core.event_handler.log_command:Invoked command in '/home/ws/ugv_ws/build/vizanti_msgs' returned '0': CMAKE_PREFIX_PATH=${CMAKE_PREFIX_PATH}:/home/ws/ugv_ws/install/ugv_web_app:/home/ws/ugv_ws/install/ugv_vision:/home/ws/ugv_ws/install/ugv_tools:/home/ws/ugv_ws/install/ugv_chat_ai:/home/ws/ugv_ws/install/ugv_bringup:/opt/ros/humble /usr/bin/cmake --build /home/ws/ugv_ws/build/vizanti_msgs -- -j4 -l4
[1.727s] DEBUG:colcon.colcon_core.event_handler.log_command:Invoking command in '/home/ws/ugv_ws/build/apriltag': CMAKE_PREFIX_PATH=${CMAKE_PREFIX_PATH}:/home/ws/ugv_ws/install/ugv_web_app:/home/ws/ugv_ws/install/ugv_vision:/home/ws/ugv_ws/install/ugv_tools:/home/ws/ugv_ws/install/ugv_chat_ai:/home/ws/ugv_ws/install/ugv_bringup:/opt/ros/humble /usr/bin/cmake --install /home/ws/ugv_ws/build/apriltag
[1.734s] DEBUG:colcon.colcon_core.event_handler.log_command:Invoking command in '/home/ws/ugv_ws/build/costmap_converter_msgs': CMAKE_PREFIX_PATH=${CMAKE_PREFIX_PATH}:/home/ws/ugv_ws/install/ugv_web_app:/home/ws/ugv_ws/install/ugv_vision:/home/ws/ugv_ws/install/ugv_tools:/home/ws/ugv_ws/install/ugv_chat_ai:/home/ws/ugv_ws/install/ugv_bringup:/opt/ros/humble /usr/bin/cmake --install /home/ws/ugv_ws/build/costmap_converter_msgs
[1.766s] DEBUG:colcon.colcon_core.event_handler.log_command:Invoking command in '/home/ws/ugv_ws/build/apriltag_msgs': CMAKE_PREFIX_PATH=${CMAKE_PREFIX_PATH}:/home/ws/ugv_ws/install/ugv_web_app:/home/ws/ugv_ws/install/ugv_vision:/home/ws/ugv_ws/install/ugv_tools:/home/ws/ugv_ws/install/ugv_chat_ai:/home/ws/ugv_ws/install/ugv_bringup:/opt/ros/humble /usr/bin/cmake --install /home/ws/ugv_ws/build/apriltag_msgs
[1.773s] DEBUG:colcon.colcon_core.event_handler.log_command:Invoked command in '/home/ws/ugv_ws/build/apriltag' returned '0': CMAKE_PREFIX_PATH=${CMAKE_PREFIX_PATH}:/home/ws/ugv_ws/install/ugv_web_app:/home/ws/ugv_ws/install/ugv_vision:/home/ws/ugv_ws/install/ugv_tools:/home/ws/ugv_ws/install/ugv_chat_ai:/home/ws/ugv_ws/install/ugv_bringup:/opt/ros/humble /usr/bin/cmake --install /home/ws/ugv_ws/build/apriltag
[1.846s] Level 1:colcon.colcon_core.environment:create_environment_scripts_only(costmap_converter_msgs)
[1.859s] Level 1:colcon.colcon_core.environment:checking '/home/ws/ugv_ws/install/costmap_converter_msgs' for CMake module files
[1.863s] Level 1:colcon.colcon_core.environment:checking '/home/ws/ugv_ws/install/costmap_converter_msgs' for CMake config files
[1.864s] DEBUG:colcon.colcon_core.event_handler.log_command:Invoked command in '/home/ws/ugv_ws/build/costmap_converter_msgs' returned '0': CMAKE_PREFIX_PATH=${CMAKE_PREFIX_PATH}:/home/ws/ugv_ws/install/ugv_web_app:/home/ws/ugv_ws/install/ugv_vision:/home/ws/ugv_ws/install/ugv_tools:/home/ws/ugv_ws/install/ugv_chat_ai:/home/ws/ugv_ws/install/ugv_bringup:/opt/ros/humble /usr/bin/cmake --install /home/ws/ugv_ws/build/costmap_converter_msgs
[1.869s] Level 1:colcon.colcon_core.shell:create_environment_hook('costmap_converter_msgs', 'cmake_prefix_path')
[1.869s] INFO:colcon.colcon_core.shell:Creating environment hook '/home/ws/ugv_ws/install/costmap_converter_msgs/share/costmap_converter_msgs/hook/cmake_prefix_path.ps1'
[1.870s] INFO:colcon.colcon_core.shell:Creating environment descriptor '/home/ws/ugv_ws/install/costmap_converter_msgs/share/costmap_converter_msgs/hook/cmake_prefix_path.dsv'
[1.875s] INFO:colcon.colcon_core.shell:Creating environment hook '/home/ws/ugv_ws/install/costmap_converter_msgs/share/costmap_converter_msgs/hook/cmake_prefix_path.sh'
[1.879s] Level 1:colcon.colcon_core.environment:checking '/home/ws/ugv_ws/install/costmap_converter_msgs/lib'
[1.880s] Level 1:colcon.colcon_core.shell:create_environment_hook('costmap_converter_msgs', 'ld_library_path_lib')
[1.880s] INFO:colcon.colcon_core.shell:Creating environment hook '/home/ws/ugv_ws/install/costmap_converter_msgs/share/costmap_converter_msgs/hook/ld_library_path_lib.ps1'
[1.882s] INFO:colcon.colcon_core.shell:Creating environment descriptor '/home/ws/ugv_ws/install/costmap_converter_msgs/share/costmap_converter_msgs/hook/ld_library_path_lib.dsv'
[1.886s] INFO:colcon.colcon_core.shell:Creating environment hook '/home/ws/ugv_ws/install/costmap_converter_msgs/share/costmap_converter_msgs/hook/ld_library_path_lib.sh'
[1.890s] Level 1:colcon.colcon_core.environment:checking '/home/ws/ugv_ws/install/costmap_converter_msgs/bin'
[1.890s] Level 1:colcon.colcon_core.environment:checking '/home/ws/ugv_ws/install/costmap_converter_msgs/lib/pkgconfig/costmap_converter_msgs.pc'
[1.894s] Level 1:colcon.colcon_core.environment:checking '/home/ws/ugv_ws/install/costmap_converter_msgs/lib/python3.10/site-packages'
[1.894s] Level 1:colcon.colcon_core.environment:checking '/home/ws/ugv_ws/install/costmap_converter_msgs/bin'
[1.895s] INFO:colcon.colcon_core.shell:Creating package script '/home/ws/ugv_ws/install/costmap_converter_msgs/share/costmap_converter_msgs/package.ps1'
[1.896s] INFO:colcon.colcon_core.shell:Creating package descriptor '/home/ws/ugv_ws/install/costmap_converter_msgs/share/costmap_converter_msgs/package.dsv'
[1.900s] INFO:colcon.colcon_core.shell:Creating package script '/home/ws/ugv_ws/install/costmap_converter_msgs/share/costmap_converter_msgs/package.sh'
[1.904s] INFO:colcon.colcon_core.shell:Creating package script '/home/ws/ugv_ws/install/costmap_converter_msgs/share/costmap_converter_msgs/package.bash'
[1.908s] INFO:colcon.colcon_core.shell:Creating package script '/home/ws/ugv_ws/install/costmap_converter_msgs/share/costmap_converter_msgs/package.zsh'
[1.909s] Level 1:colcon.colcon_core.environment:create_file_with_runtime_dependencies(/home/ws/ugv_ws/install/costmap_converter_msgs/share/colcon-core/packages/costmap_converter_msgs)
[1.912s] Level 1:colcon.colcon_core.shell:create_environment_hook('apriltag', 'pkg_config_path')
[1.913s] INFO:colcon.colcon_core.shell:Creating environment hook '/home/ws/ugv_ws/install/apriltag/share/apriltag/hook/pkg_config_path.ps1'
[1.914s] INFO:colcon.colcon_core.shell:Creating environment descriptor '/home/ws/ugv_ws/install/apriltag/share/apriltag/hook/pkg_config_path.dsv'
[1.915s] INFO:colcon.colcon_core.shell:Creating environment hook '/home/ws/ugv_ws/install/apriltag/share/apriltag/hook/pkg_config_path.sh'
[1.920s] Level 1:colcon.colcon_core.shell:create_environment_hook('apriltag', 'pkg_config_path_multiarch')
[1.921s] INFO:colcon.colcon_core.shell:Creating environment hook '/home/ws/ugv_ws/install/apriltag/share/apriltag/hook/pkg_config_path_multiarch.ps1'
[1.922s] INFO:colcon.colcon_core.shell:Creating environment descriptor '/home/ws/ugv_ws/install/apriltag/share/apriltag/hook/pkg_config_path_multiarch.dsv'
[1.922s] INFO:colcon.colcon_core.shell:Creating environment hook '/home/ws/ugv_ws/install/apriltag/share/apriltag/hook/pkg_config_path_multiarch.sh'
[1.923s] Level 1:colcon.colcon_core.environment:create_environment_scripts_only(apriltag)
[1.923s] Level 1:colcon.colcon_core.environment:checking '/home/ws/ugv_ws/install/apriltag' for CMake module files
[1.924s] Level 1:colcon.colcon_core.environment:checking '/home/ws/ugv_ws/install/apriltag' for CMake config files
[1.925s] Level 1:colcon.colcon_core.shell:create_environment_hook('apriltag', 'cmake_prefix_path')
[1.925s] INFO:colcon.colcon_core.shell:Creating environment hook '/home/ws/ugv_ws/install/apriltag/share/apriltag/hook/cmake_prefix_path.ps1'
[1.926s] INFO:colcon.colcon_core.shell:Creating environment descriptor '/home/ws/ugv_ws/install/apriltag/share/apriltag/hook/cmake_prefix_path.dsv'
[1.927s] INFO:colcon.colcon_core.shell:Creating environment hook '/home/ws/ugv_ws/install/apriltag/share/apriltag/hook/cmake_prefix_path.sh'
[1.928s] Level 1:colcon.colcon_core.environment:checking '/home/ws/ugv_ws/install/apriltag/lib'
[1.928s] Level 1:colcon.colcon_core.shell:create_environment_hook('apriltag', 'ld_library_path_lib')
[1.929s] INFO:colcon.colcon_core.shell:Creating environment hook '/home/ws/ugv_ws/install/apriltag/share/apriltag/hook/ld_library_path_lib.ps1'
[1.930s] INFO:colcon.colcon_core.shell:Creating environment descriptor '/home/ws/ugv_ws/install/apriltag/share/apriltag/hook/ld_library_path_lib.dsv'
[1.931s] INFO:colcon.colcon_core.shell:Creating environment hook '/home/ws/ugv_ws/install/apriltag/share/apriltag/hook/ld_library_path_lib.sh'
[1.932s] Level 1:colcon.colcon_core.environment:checking '/home/ws/ugv_ws/install/apriltag/bin'
[1.932s] Level 1:colcon.colcon_core.shell:create_environment_hook('apriltag', 'path')
[1.933s] INFO:colcon.colcon_core.shell:Creating environment hook '/home/ws/ugv_ws/install/apriltag/share/apriltag/hook/path.ps1'
[1.934s] INFO:colcon.colcon_core.shell:Creating environment descriptor '/home/ws/ugv_ws/install/apriltag/share/apriltag/hook/path.dsv'
[1.935s] INFO:colcon.colcon_core.shell:Creating environment hook '/home/ws/ugv_ws/install/apriltag/share/apriltag/hook/path.sh'
[1.939s] Level 1:colcon.colcon_core.environment:checking '/home/ws/ugv_ws/install/apriltag/lib/pkgconfig/apriltag.pc'
[1.939s] Level 1:colcon.colcon_core.shell:create_environment_hook('apriltag', 'pkg_config')
[1.940s] INFO:colcon.colcon_core.shell:Creating environment hook '/home/ws/ugv_ws/install/apriltag/share/apriltag/hook/pkg_config.ps1'
[1.940s] INFO:colcon.colcon_core.shell:Creating environment descriptor '/home/ws/ugv_ws/install/apriltag/share/apriltag/hook/pkg_config.dsv'
[1.941s] INFO:colcon.colcon_core.shell:Creating environment hook '/home/ws/ugv_ws/install/apriltag/share/apriltag/hook/pkg_config.sh'
[1.942s] Level 1:colcon.colcon_core.environment:checking '/home/ws/ugv_ws/install/apriltag/lib/python3.10/site-packages'
[1.942s] Level 1:colcon.colcon_core.shell:create_environment_hook('apriltag', 'pythonpath')
[1.943s] INFO:colcon.colcon_core.shell:Creating environment hook '/home/ws/ugv_ws/install/apriltag/share/apriltag/hook/pythonpath.ps1'
[1.944s] INFO:colcon.colcon_core.shell:Creating environment descriptor '/home/ws/ugv_ws/install/apriltag/share/apriltag/hook/pythonpath.dsv'
[1.944s] INFO:colcon.colcon_core.shell:Creating environment hook '/home/ws/ugv_ws/install/apriltag/share/apriltag/hook/pythonpath.sh'
[1.945s] Level 1:colcon.colcon_core.environment:checking '/home/ws/ugv_ws/install/apriltag/bin'
[1.946s] Level 1:colcon.colcon_core.shell:create_environment_hook('apriltag', 'pythonscriptspath')
[1.946s] INFO:colcon.colcon_core.shell:Creating environment hook '/home/ws/ugv_ws/install/apriltag/share/apriltag/hook/pythonscriptspath.ps1'
[1.947s] INFO:colcon.colcon_core.shell:Creating environment descriptor '/home/ws/ugv_ws/install/apriltag/share/apriltag/hook/pythonscriptspath.dsv'
[1.948s] INFO:colcon.colcon_core.shell:Creating environment hook '/home/ws/ugv_ws/install/apriltag/share/apriltag/hook/pythonscriptspath.sh'
[1.949s] INFO:colcon.colcon_core.shell:Creating package script '/home/ws/ugv_ws/install/apriltag/share/apriltag/package.ps1'
[1.950s] INFO:colcon.colcon_core.shell:Creating package descriptor '/home/ws/ugv_ws/install/apriltag/share/apriltag/package.dsv'
[1.952s] INFO:colcon.colcon_core.shell:Creating package script '/home/ws/ugv_ws/install/apriltag/share/apriltag/package.sh'
[1.955s] INFO:colcon.colcon_core.shell:Creating package script '/home/ws/ugv_ws/install/apriltag/share/apriltag/package.bash'
[1.956s] INFO:colcon.colcon_core.shell:Creating package script '/home/ws/ugv_ws/install/apriltag/share/apriltag/package.zsh'
[1.957s] Level 1:colcon.colcon_core.environment:create_file_with_runtime_dependencies(/home/ws/ugv_ws/install/apriltag/share/colcon-core/packages/apriltag)
[1.959s] INFO:colcon.colcon_ros.task.ament_cmake.build:Building ROS package in '/home/ws/ugv_ws/src/ugv_else/gmapping/openslam_gmapping' with build type 'ament_cmake'
[1.960s] INFO:colcon.colcon_cmake.task.cmake.build:Building CMake package in '/home/ws/ugv_ws/src/ugv_else/gmapping/openslam_gmapping'
[1.960s] INFO:colcon.colcon_core.shell:Skip shell extension 'powershell' for command environment: Not usable outside of PowerShell
[1.960s] DEBUG:colcon.colcon_core.shell:Skip shell extension 'dsv' for command environment
[1.968s] Level 1:colcon.colcon_core.environment:create_environment_scripts_only(apriltag_msgs)
[1.969s] Level 1:colcon.colcon_core.environment:checking '/home/ws/ugv_ws/install/apriltag_msgs' for CMake module files
[1.970s] DEBUG:colcon.colcon_core.event_handler.log_command:Invoked command in '/home/ws/ugv_ws/build/apriltag_msgs' returned '0': CMAKE_PREFIX_PATH=${CMAKE_PREFIX_PATH}:/home/ws/ugv_ws/install/ugv_web_app:/home/ws/ugv_ws/install/ugv_vision:/home/ws/ugv_ws/install/ugv_tools:/home/ws/ugv_ws/install/ugv_chat_ai:/home/ws/ugv_ws/install/ugv_bringup:/opt/ros/humble /usr/bin/cmake --install /home/ws/ugv_ws/build/apriltag_msgs
[1.971s] Level 1:colcon.colcon_core.environment:checking '/home/ws/ugv_ws/install/apriltag_msgs' for CMake config files
[1.972s] Level 1:colcon.colcon_core.shell:create_environment_hook('apriltag_msgs', 'cmake_prefix_path')
[1.972s] INFO:colcon.colcon_core.shell:Creating environment hook '/home/ws/ugv_ws/install/apriltag_msgs/share/apriltag_msgs/hook/cmake_prefix_path.ps1'
[1.973s] INFO:colcon.colcon_core.shell:Creating environment descriptor '/home/ws/ugv_ws/install/apriltag_msgs/share/apriltag_msgs/hook/cmake_prefix_path.dsv'
[1.974s] INFO:colcon.colcon_core.shell:Creating environment hook '/home/ws/ugv_ws/install/apriltag_msgs/share/apriltag_msgs/hook/cmake_prefix_path.sh'
[1.974s] Level 1:colcon.colcon_core.environment:checking '/home/ws/ugv_ws/install/apriltag_msgs/lib'
[1.975s] Level 1:colcon.colcon_core.shell:create_environment_hook('apriltag_msgs', 'ld_library_path_lib')
[1.975s] INFO:colcon.colcon_core.shell:Creating environment hook '/home/ws/ugv_ws/install/apriltag_msgs/share/apriltag_msgs/hook/ld_library_path_lib.ps1'
[1.976s] INFO:colcon.colcon_core.shell:Creating environment descriptor '/home/ws/ugv_ws/install/apriltag_msgs/share/apriltag_msgs/hook/ld_library_path_lib.dsv'
[1.976s] INFO:colcon.colcon_core.shell:Creating environment hook '/home/ws/ugv_ws/install/apriltag_msgs/share/apriltag_msgs/hook/ld_library_path_lib.sh'
[1.977s] Level 1:colcon.colcon_core.environment:checking '/home/ws/ugv_ws/install/apriltag_msgs/bin'
[1.977s] Level 1:colcon.colcon_core.environment:checking '/home/ws/ugv_ws/install/apriltag_msgs/lib/pkgconfig/apriltag_msgs.pc'
[1.977s] Level 1:colcon.colcon_core.environment:checking '/home/ws/ugv_ws/install/apriltag_msgs/lib/python3.10/site-packages'
[1.978s] Level 1:colcon.colcon_core.environment:checking '/home/ws/ugv_ws/install/apriltag_msgs/bin'
[1.978s] INFO:colcon.colcon_core.shell:Creating package script '/home/ws/ugv_ws/install/apriltag_msgs/share/apriltag_msgs/package.ps1'
[1.979s] INFO:colcon.colcon_core.shell:Creating package descriptor '/home/ws/ugv_ws/install/apriltag_msgs/share/apriltag_msgs/package.dsv'
[1.980s] INFO:colcon.colcon_core.shell:Creating package script '/home/ws/ugv_ws/install/apriltag_msgs/share/apriltag_msgs/package.sh'
[1.984s] INFO:colcon.colcon_core.shell:Creating package script '/home/ws/ugv_ws/install/apriltag_msgs/share/apriltag_msgs/package.bash'
[1.984s] INFO:colcon.colcon_core.shell:Creating package script '/home/ws/ugv_ws/install/apriltag_msgs/share/apriltag_msgs/package.zsh'
[1.985s] Level 1:colcon.colcon_core.environment:create_file_with_runtime_dependencies(/home/ws/ugv_ws/install/apriltag_msgs/share/colcon-core/packages/apriltag_msgs)
[1.994s] DEBUG:colcon.colcon_core.event_handler.log_command:Invoking command in '/home/ws/ugv_ws/build/vizanti_msgs': CMAKE_PREFIX_PATH=${CMAKE_PREFIX_PATH}:/home/ws/ugv_ws/install/ugv_web_app:/home/ws/ugv_ws/install/ugv_vision:/home/ws/ugv_ws/install/ugv_tools:/home/ws/ugv_ws/install/ugv_chat_ai:/home/ws/ugv_ws/install/ugv_bringup:/opt/ros/humble /usr/bin/cmake --install /home/ws/ugv_ws/build/vizanti_msgs
[2.000s] DEBUG:colcon.colcon_core.event_handler.log_command:Invoking command in '/home/ws/ugv_ws/build/openslam_gmapping': CMAKE_PREFIX_PATH=${CMAKE_PREFIX_PATH}:/home/ws/ugv_ws/install/ugv_web_app:/home/ws/ugv_ws/install/ugv_vision:/home/ws/ugv_ws/install/ugv_tools:/home/ws/ugv_ws/install/ugv_chat_ai:/home/ws/ugv_ws/install/ugv_bringup:/opt/ros/humble /usr/bin/cmake --build /home/ws/ugv_ws/build/openslam_gmapping -- -j4 -l4
[2.010s] Level 1:colcon.colcon_core.environment:create_environment_scripts_only(costmap_converter_msgs)
[2.011s] Level 1:colcon.colcon_core.environment:checking '/home/ws/ugv_ws/install/costmap_converter_msgs' for CMake module files
[2.014s] Level 1:colcon.colcon_core.environment:checking '/home/ws/ugv_ws/install/costmap_converter_msgs' for CMake config files
[2.014s] Level 1:colcon.colcon_core.shell:create_environment_hook('costmap_converter_msgs', 'cmake_prefix_path')
[2.015s] INFO:colcon.colcon_core.shell:Creating environment hook '/home/ws/ugv_ws/install/costmap_converter_msgs/share/costmap_converter_msgs/hook/cmake_prefix_path.ps1'
[2.037s] INFO:colcon.colcon_core.shell:Creating environment descriptor '/home/ws/ugv_ws/install/costmap_converter_msgs/share/costmap_converter_msgs/hook/cmake_prefix_path.dsv'
[2.041s] INFO:colcon.colcon_core.shell:Creating environment hook '/home/ws/ugv_ws/install/costmap_converter_msgs/share/costmap_converter_msgs/hook/cmake_prefix_path.sh'
[2.049s] Level 1:colcon.colcon_core.environment:checking '/home/ws/ugv_ws/install/costmap_converter_msgs/lib'
[2.049s] Level 1:colcon.colcon_core.shell:create_environment_hook('costmap_converter_msgs', 'ld_library_path_lib')
[2.049s] INFO:colcon.colcon_core.shell:Creating environment hook '/home/ws/ugv_ws/install/costmap_converter_msgs/share/costmap_converter_msgs/hook/ld_library_path_lib.ps1'
[2.053s] INFO:colcon.colcon_core.shell:Creating environment descriptor '/home/ws/ugv_ws/install/costmap_converter_msgs/share/costmap_converter_msgs/hook/ld_library_path_lib.dsv'
[2.057s] INFO:colcon.colcon_core.shell:Creating environment hook '/home/ws/ugv_ws/install/costmap_converter_msgs/share/costmap_converter_msgs/hook/ld_library_path_lib.sh'
[2.062s] Level 1:colcon.colcon_core.environment:checking '/home/ws/ugv_ws/install/costmap_converter_msgs/bin'
[2.062s] Level 1:colcon.colcon_core.environment:checking '/home/ws/ugv_ws/install/costmap_converter_msgs/lib/pkgconfig/costmap_converter_msgs.pc'
[2.063s] Level 1:colcon.colcon_core.environment:checking '/home/ws/ugv_ws/install/costmap_converter_msgs/lib/python3.10/site-packages'
[2.064s] Level 1:colcon.colcon_core.environment:checking '/home/ws/ugv_ws/install/costmap_converter_msgs/bin'
[2.065s] INFO:colcon.colcon_core.shell:Creating package script '/home/ws/ugv_ws/install/costmap_converter_msgs/share/costmap_converter_msgs/package.ps1'
[2.066s] INFO:colcon.colcon_core.shell:Creating package descriptor '/home/ws/ugv_ws/install/costmap_converter_msgs/share/costmap_converter_msgs/package.dsv'
[2.068s] INFO:colcon.colcon_core.shell:Creating package script '/home/ws/ugv_ws/install/costmap_converter_msgs/share/costmap_converter_msgs/package.sh'
[2.069s] INFO:colcon.colcon_core.shell:Creating package script '/home/ws/ugv_ws/install/costmap_converter_msgs/share/costmap_converter_msgs/package.bash'
[2.070s] INFO:colcon.colcon_core.shell:Creating package script '/home/ws/ugv_ws/install/costmap_converter_msgs/share/costmap_converter_msgs/package.zsh'
[2.071s] Level 1:colcon.colcon_core.environment:create_file_with_runtime_dependencies(/home/ws/ugv_ws/install/costmap_converter_msgs/share/colcon-core/packages/costmap_converter_msgs)
[2.072s] INFO:colcon.colcon_ros.task.ament_cmake.build:Building ROS package in '/home/ws/ugv_ws/src/ugv_else/costmap_converter/costmap_converter' with build type 'ament_cmake'
[2.074s] INFO:colcon.colcon_cmake.task.cmake.build:Building CMake package in '/home/ws/ugv_ws/src/ugv_else/costmap_converter/costmap_converter'
[2.075s] INFO:colcon.colcon_core.shell:Skip shell extension 'powershell' for command environment: Not usable outside of PowerShell
[2.075s] DEBUG:colcon.colcon_core.shell:Skip shell extension 'dsv' for command environment
[2.106s] DEBUG:colcon.colcon_core.event_handler.log_command:Invoking command in '/home/ws/ugv_ws/build/costmap_converter': CMAKE_PREFIX_PATH=/home/ws/ugv_ws/install/costmap_converter_msgs:/home/ws/ugv_ws/install/vizanti:/home/ws/ugv_ws/install/vizanti_server:/home/ws/ugv_ws/install/vizanti_demos:/home/ws/ugv_ws/install/vizanti_msgs:/home/ws/ugv_ws/install/vizanti_cpp:/home/ws/ugv_ws/install/ugv_slam:/home/ws/ugv_ws/install/ugv_nav:/home/ws/ugv_ws/install/ugv_interface:/home/ws/ugv_ws/install/ugv_gazebo:/home/ws/ugv_ws/install/ugv_description:/home/ws/ugv_ws/install/ugv_base_node:/home/ws/ugv_ws/install/teb_local_planner:/home/ws/ugv_ws/install/teb_msgs:/home/ws/ugv_ws/install/slam_gmapping:/home/ws/ugv_ws/install/robot_pose_publisher:/home/ws/ugv_ws/install/rf2o_laser_odometry:/home/ws/ugv_ws/install/openslam_gmapping:/home/ws/ugv_ws/install/ldlidar:/home/ws/ugv_ws/install/explore_lite:/home/ws/ugv_ws/install/emcl2:/home/ws/ugv_ws/install/costmap_converter:/home/ws/ugv_ws/install/cartographer:/home/ws/ugv_ws/install/apriltag_ros:/home/ws/ugv_ws/install/apriltag_msgs:/home/ws/ugv_ws/install/apriltag:/home/ws/ugv_ws/install/ugv_web_app:/home/ws/ugv_ws/install/ugv_vision:/home/ws/ugv_ws/install/ugv_tools:/home/ws/ugv_ws/install/ugv_chat_ai:/home/ws/ugv_ws/install/ugv_bringup:/opt/ros/humble LD_LIBRARY_PATH=/home/ws/ugv_ws/install/costmap_converter_msgs/lib:/home/ws/ugv_ws/install/vizanti_msgs/lib:/home/ws/ugv_ws/install/ugv_interface/lib:/home/ws/ugv_ws/install/teb_local_planner/lib:/home/ws/ugv_ws/install/teb_msgs/lib:/home/ws/ugv_ws/install/openslam_gmapping/lib:/home/ws/ugv_ws/install/costmap_converter/lib:/home/ws/ugv_ws/install/apriltag_ros/lib:/home/ws/ugv_ws/install/apriltag_msgs/lib:/home/ws/ugv_ws/install/apriltag/lib:/opt/ros/humble/opt/rviz_ogre_vendor/lib:/opt/ros/humble/lib/aarch64-linux-gnu:/opt/ros/humble/lib /usr/bin/cmake --build /home/ws/ugv_ws/build/costmap_converter -- -j4 -l4
[2.132s] Level 1:colcon.colcon_core.environment:create_environment_scripts_only(apriltag_msgs)
[2.133s] Level 1:colcon.colcon_core.environment:checking '/home/ws/ugv_ws/install/apriltag_msgs' for CMake module files
[2.134s] Level 1:colcon.colcon_core.environment:checking '/home/ws/ugv_ws/install/apriltag_msgs' for CMake config files
[2.135s] Level 1:colcon.colcon_core.shell:create_environment_hook('apriltag_msgs', 'cmake_prefix_path')
[2.137s] INFO:colcon.colcon_core.shell:Creating environment hook '/home/ws/ugv_ws/install/apriltag_msgs/share/apriltag_msgs/hook/cmake_prefix_path.ps1'
[2.138s] INFO:colcon.colcon_core.shell:Creating environment descriptor '/home/ws/ugv_ws/install/apriltag_msgs/share/apriltag_msgs/hook/cmake_prefix_path.dsv'
[2.139s] INFO:colcon.colcon_core.shell:Creating environment hook '/home/ws/ugv_ws/install/apriltag_msgs/share/apriltag_msgs/hook/cmake_prefix_path.sh'
[2.140s] Level 1:colcon.colcon_core.environment:checking '/home/ws/ugv_ws/install/apriltag_msgs/lib'
[2.141s] Level 1:colcon.colcon_core.shell:create_environment_hook('apriltag_msgs', 'ld_library_path_lib')
[2.141s] INFO:colcon.colcon_core.shell:Creating environment hook '/home/ws/ugv_ws/install/apriltag_msgs/share/apriltag_msgs/hook/ld_library_path_lib.ps1'
[2.142s] INFO:colcon.colcon_core.shell:Creating environment descriptor '/home/ws/ugv_ws/install/apriltag_msgs/share/apriltag_msgs/hook/ld_library_path_lib.dsv'
[2.143s] INFO:colcon.colcon_core.shell:Creating environment hook '/home/ws/ugv_ws/install/apriltag_msgs/share/apriltag_msgs/hook/ld_library_path_lib.sh'
[2.144s] Level 1:colcon.colcon_core.environment:checking '/home/ws/ugv_ws/install/apriltag_msgs/bin'
[2.144s] Level 1:colcon.colcon_core.environment:checking '/home/ws/ugv_ws/install/apriltag_msgs/lib/pkgconfig/apriltag_msgs.pc'
[2.144s] Level 1:colcon.colcon_core.environment:checking '/home/ws/ugv_ws/install/apriltag_msgs/lib/python3.10/site-packages'
[2.145s] Level 1:colcon.colcon_core.environment:checking '/home/ws/ugv_ws/install/apriltag_msgs/bin'
[2.146s] INFO:colcon.colcon_core.shell:Creating package script '/home/ws/ugv_ws/install/apriltag_msgs/share/apriltag_msgs/package.ps1'
[2.148s] INFO:colcon.colcon_core.shell:Creating package descriptor '/home/ws/ugv_ws/install/apriltag_msgs/share/apriltag_msgs/package.dsv'
[2.149s] INFO:colcon.colcon_core.shell:Creating package script '/home/ws/ugv_ws/install/apriltag_msgs/share/apriltag_msgs/package.sh'
[2.151s] INFO:colcon.colcon_core.shell:Creating package script '/home/ws/ugv_ws/install/apriltag_msgs/share/apriltag_msgs/package.bash'
[2.153s] INFO:colcon.colcon_core.shell:Creating package script '/home/ws/ugv_ws/install/apriltag_msgs/share/apriltag_msgs/package.zsh'
[2.155s] Level 1:colcon.colcon_core.environment:create_file_with_runtime_dependencies(/home/ws/ugv_ws/install/apriltag_msgs/share/colcon-core/packages/apriltag_msgs)
[2.160s] INFO:colcon.colcon_ros.task.ament_cmake.build:Building ROS package in '/home/ws/ugv_ws/src/ugv_else/teb_local_planner/teb_msgs' with build type 'ament_cmake'
[2.160s] INFO:colcon.colcon_cmake.task.cmake.build:Building CMake package in '/home/ws/ugv_ws/src/ugv_else/teb_local_planner/teb_msgs'
[2.160s] INFO:colcon.colcon_core.shell:Skip shell extension 'powershell' for command environment: Not usable outside of PowerShell
[2.161s] DEBUG:colcon.colcon_core.shell:Skip shell extension 'dsv' for command environment
[2.192s] Level 1:colcon.colcon_core.environment:create_environment_scripts_only(vizanti_msgs)
[2.193s] Level 1:colcon.colcon_core.environment:checking '/home/ws/ugv_ws/install/vizanti_msgs' for CMake module files
[2.194s] Level 1:colcon.colcon_core.environment:checking '/home/ws/ugv_ws/install/vizanti_msgs' for CMake config files
[2.197s] DEBUG:colcon.colcon_core.event_handler.log_command:Invoked command in '/home/ws/ugv_ws/build/vizanti_msgs' returned '0': CMAKE_PREFIX_PATH=${CMAKE_PREFIX_PATH}:/home/ws/ugv_ws/install/ugv_web_app:/home/ws/ugv_ws/install/ugv_vision:/home/ws/ugv_ws/install/ugv_tools:/home/ws/ugv_ws/install/ugv_chat_ai:/home/ws/ugv_ws/install/ugv_bringup:/opt/ros/humble /usr/bin/cmake --install /home/ws/ugv_ws/build/vizanti_msgs
[2.198s] Level 1:colcon.colcon_core.shell:create_environment_hook('vizanti_msgs', 'cmake_prefix_path')
[2.199s] INFO:colcon.colcon_core.shell:Creating environment hook '/home/ws/ugv_ws/install/vizanti_msgs/share/vizanti_msgs/hook/cmake_prefix_path.ps1'
[2.200s] INFO:colcon.colcon_core.shell:Creating environment descriptor '/home/ws/ugv_ws/install/vizanti_msgs/share/vizanti_msgs/hook/cmake_prefix_path.dsv'
[2.201s] INFO:colcon.colcon_core.shell:Creating environment hook '/home/ws/ugv_ws/install/vizanti_msgs/share/vizanti_msgs/hook/cmake_prefix_path.sh'
[2.203s] Level 1:colcon.colcon_core.environment:checking '/home/ws/ugv_ws/install/vizanti_msgs/lib'
[2.203s] Level 1:colcon.colcon_core.shell:create_environment_hook('vizanti_msgs', 'ld_library_path_lib')
[2.203s] INFO:colcon.colcon_core.shell:Creating environment hook '/home/ws/ugv_ws/install/vizanti_msgs/share/vizanti_msgs/hook/ld_library_path_lib.ps1'
[2.205s] INFO:colcon.colcon_core.shell:Creating environment descriptor '/home/ws/ugv_ws/install/vizanti_msgs/share/vizanti_msgs/hook/ld_library_path_lib.dsv'
[2.206s] INFO:colcon.colcon_core.shell:Creating environment hook '/home/ws/ugv_ws/install/vizanti_msgs/share/vizanti_msgs/hook/ld_library_path_lib.sh'
[2.207s] Level 1:colcon.colcon_core.environment:checking '/home/ws/ugv_ws/install/vizanti_msgs/bin'
[2.207s] Level 1:colcon.colcon_core.environment:checking '/home/ws/ugv_ws/install/vizanti_msgs/lib/pkgconfig/vizanti_msgs.pc'
[2.208s] Level 1:colcon.colcon_core.environment:checking '/home/ws/ugv_ws/install/vizanti_msgs/lib/python3.10/site-packages'
[2.208s] Level 1:colcon.colcon_core.environment:checking '/home/ws/ugv_ws/install/vizanti_msgs/bin'
[2.209s] INFO:colcon.colcon_core.shell:Creating package script '/home/ws/ugv_ws/install/vizanti_msgs/share/vizanti_msgs/package.ps1'
[2.211s] INFO:colcon.colcon_core.shell:Creating package descriptor '/home/ws/ugv_ws/install/vizanti_msgs/share/vizanti_msgs/package.dsv'
[2.213s] INFO:colcon.colcon_core.shell:Creating package script '/home/ws/ugv_ws/install/vizanti_msgs/share/vizanti_msgs/package.sh'
[2.213s] INFO:colcon.colcon_core.shell:Creating package script '/home/ws/ugv_ws/install/vizanti_msgs/share/vizanti_msgs/package.bash'
[2.214s] INFO:colcon.colcon_core.shell:Creating package script '/home/ws/ugv_ws/install/vizanti_msgs/share/vizanti_msgs/package.zsh'
[2.215s] Level 1:colcon.colcon_core.environment:create_file_with_runtime_dependencies(/home/ws/ugv_ws/install/vizanti_msgs/share/colcon-core/packages/vizanti_msgs)
[2.221s] DEBUG:colcon.colcon_core.event_handler.log_command:Invoking command in '/home/ws/ugv_ws/build/teb_msgs': CMAKE_PREFIX_PATH=/home/ws/ugv_ws/install/costmap_converter_msgs:/home/ws/ugv_ws/install/vizanti:/home/ws/ugv_ws/install/vizanti_server:/home/ws/ugv_ws/install/vizanti_demos:/home/ws/ugv_ws/install/vizanti_msgs:/home/ws/ugv_ws/install/vizanti_cpp:/home/ws/ugv_ws/install/ugv_slam:/home/ws/ugv_ws/install/ugv_nav:/home/ws/ugv_ws/install/ugv_interface:/home/ws/ugv_ws/install/ugv_gazebo:/home/ws/ugv_ws/install/ugv_description:/home/ws/ugv_ws/install/ugv_base_node:/home/ws/ugv_ws/install/teb_local_planner:/home/ws/ugv_ws/install/teb_msgs:/home/ws/ugv_ws/install/slam_gmapping:/home/ws/ugv_ws/install/robot_pose_publisher:/home/ws/ugv_ws/install/rf2o_laser_odometry:/home/ws/ugv_ws/install/openslam_gmapping:/home/ws/ugv_ws/install/ldlidar:/home/ws/ugv_ws/install/explore_lite:/home/ws/ugv_ws/install/emcl2:/home/ws/ugv_ws/install/costmap_converter:/home/ws/ugv_ws/install/cartographer:/home/ws/ugv_ws/install/apriltag_ros:/home/ws/ugv_ws/install/apriltag_msgs:/home/ws/ugv_ws/install/apriltag:/home/ws/ugv_ws/install/ugv_web_app:/home/ws/ugv_ws/install/ugv_vision:/home/ws/ugv_ws/install/ugv_tools:/home/ws/ugv_ws/install/ugv_chat_ai:/home/ws/ugv_ws/install/ugv_bringup:/opt/ros/humble LD_LIBRARY_PATH=/home/ws/ugv_ws/install/costmap_converter_msgs/lib:/home/ws/ugv_ws/install/vizanti_msgs/lib:/home/ws/ugv_ws/install/ugv_interface/lib:/home/ws/ugv_ws/install/teb_local_planner/lib:/home/ws/ugv_ws/install/teb_msgs/lib:/home/ws/ugv_ws/install/openslam_gmapping/lib:/home/ws/ugv_ws/install/costmap_converter/lib:/home/ws/ugv_ws/install/apriltag_ros/lib:/home/ws/ugv_ws/install/apriltag_msgs/lib:/home/ws/ugv_ws/install/apriltag/lib:/opt/ros/humble/opt/rviz_ogre_vendor/lib:/opt/ros/humble/lib/aarch64-linux-gnu:/opt/ros/humble/lib /usr/bin/cmake --build /home/ws/ugv_ws/build/teb_msgs -- -j4 -l4
[2.228s] DEBUG:colcon.colcon_core.event_handler.log_command:Invoked command in '/home/ws/ugv_ws/build/openslam_gmapping' returned '0': CMAKE_PREFIX_PATH=${CMAKE_PREFIX_PATH}:/home/ws/ugv_ws/install/ugv_web_app:/home/ws/ugv_ws/install/ugv_vision:/home/ws/ugv_ws/install/ugv_tools:/home/ws/ugv_ws/install/ugv_chat_ai:/home/ws/ugv_ws/install/ugv_bringup:/opt/ros/humble /usr/bin/cmake --build /home/ws/ugv_ws/build/openslam_gmapping -- -j4 -l4
[2.278s] DEBUG:colcon.colcon_core.event_handler.log_command:Invoking command in '/home/ws/ugv_ws/build/openslam_gmapping': CMAKE_PREFIX_PATH=${CMAKE_PREFIX_PATH}:/home/ws/ugv_ws/install/ugv_web_app:/home/ws/ugv_ws/install/ugv_vision:/home/ws/ugv_ws/install/ugv_tools:/home/ws/ugv_ws/install/ugv_chat_ai:/home/ws/ugv_ws/install/ugv_bringup:/opt/ros/humble /usr/bin/cmake --install /home/ws/ugv_ws/build/openslam_gmapping
[2.317s] Level 1:colcon.colcon_core.environment:create_environment_scripts_only(openslam_gmapping)
[2.319s] Level 1:colcon.colcon_core.environment:checking '/home/ws/ugv_ws/install/openslam_gmapping' for CMake module files
[2.319s] Level 1:colcon.colcon_core.environment:checking '/home/ws/ugv_ws/install/openslam_gmapping' for CMake config files
[2.321s] Level 1:colcon.colcon_core.shell:create_environment_hook('openslam_gmapping', 'cmake_prefix_path')
[2.322s] INFO:colcon.colcon_core.shell:Creating environment hook '/home/ws/ugv_ws/install/openslam_gmapping/share/openslam_gmapping/hook/cmake_prefix_path.ps1'
[2.323s] INFO:colcon.colcon_core.shell:Creating environment descriptor '/home/ws/ugv_ws/install/openslam_gmapping/share/openslam_gmapping/hook/cmake_prefix_path.dsv'
[2.324s] DEBUG:colcon.colcon_core.event_handler.log_command:Invoked command in '/home/ws/ugv_ws/build/openslam_gmapping' returned '0': CMAKE_PREFIX_PATH=${CMAKE_PREFIX_PATH}:/home/ws/ugv_ws/install/ugv_web_app:/home/ws/ugv_ws/install/ugv_vision:/home/ws/ugv_ws/install/ugv_tools:/home/ws/ugv_ws/install/ugv_chat_ai:/home/ws/ugv_ws/install/ugv_bringup:/opt/ros/humble /usr/bin/cmake --install /home/ws/ugv_ws/build/openslam_gmapping
[2.325s] INFO:colcon.colcon_core.shell:Creating environment hook '/home/ws/ugv_ws/install/openslam_gmapping/share/openslam_gmapping/hook/cmake_prefix_path.sh'
[2.326s] Level 1:colcon.colcon_core.environment:checking '/home/ws/ugv_ws/install/openslam_gmapping/lib'
[2.327s] Level 1:colcon.colcon_core.environment:checking '/home/ws/ugv_ws/install/openslam_gmapping/bin'
[2.327s] Level 1:colcon.colcon_core.environment:checking '/home/ws/ugv_ws/install/openslam_gmapping/lib/pkgconfig/openslam_gmapping.pc'
[2.327s] Level 1:colcon.colcon_core.environment:checking '/home/ws/ugv_ws/install/openslam_gmapping/lib/python3.10/site-packages'
[2.329s] Level 1:colcon.colcon_core.environment:checking '/home/ws/ugv_ws/install/openslam_gmapping/bin'
[2.330s] INFO:colcon.colcon_core.shell:Creating package script '/home/ws/ugv_ws/install/openslam_gmapping/share/openslam_gmapping/package.ps1'
[2.331s] INFO:colcon.colcon_core.shell:Creating package descriptor '/home/ws/ugv_ws/install/openslam_gmapping/share/openslam_gmapping/package.dsv'
[2.332s] INFO:colcon.colcon_core.shell:Creating package script '/home/ws/ugv_ws/install/openslam_gmapping/share/openslam_gmapping/package.sh'
[2.333s] INFO:colcon.colcon_core.shell:Creating package script '/home/ws/ugv_ws/install/openslam_gmapping/share/openslam_gmapping/package.bash'
[2.334s] INFO:colcon.colcon_core.shell:Creating package script '/home/ws/ugv_ws/install/openslam_gmapping/share/openslam_gmapping/package.zsh'
[2.334s] Level 1:colcon.colcon_core.environment:create_file_with_runtime_dependencies(/home/ws/ugv_ws/install/openslam_gmapping/share/colcon-core/packages/openslam_gmapping)
[2.345s] DEBUG:colcon.colcon_core.event_handler.log_command:Invoked command in '/home/ws/ugv_ws/build/costmap_converter' returned '0': CMAKE_PREFIX_PATH=/home/ws/ugv_ws/install/costmap_converter_msgs:/home/ws/ugv_ws/install/vizanti:/home/ws/ugv_ws/install/vizanti_server:/home/ws/ugv_ws/install/vizanti_demos:/home/ws/ugv_ws/install/vizanti_msgs:/home/ws/ugv_ws/install/vizanti_cpp:/home/ws/ugv_ws/install/ugv_slam:/home/ws/ugv_ws/install/ugv_nav:/home/ws/ugv_ws/install/ugv_interface:/home/ws/ugv_ws/install/ugv_gazebo:/home/ws/ugv_ws/install/ugv_description:/home/ws/ugv_ws/install/ugv_base_node:/home/ws/ugv_ws/install/teb_local_planner:/home/ws/ugv_ws/install/teb_msgs:/home/ws/ugv_ws/install/slam_gmapping:/home/ws/ugv_ws/install/robot_pose_publisher:/home/ws/ugv_ws/install/rf2o_laser_odometry:/home/ws/ugv_ws/install/openslam_gmapping:/home/ws/ugv_ws/install/ldlidar:/home/ws/ugv_ws/install/explore_lite:/home/ws/ugv_ws/install/emcl2:/home/ws/ugv_ws/install/costmap_converter:/home/ws/ugv_ws/install/cartographer:/home/ws/ugv_ws/install/apriltag_ros:/home/ws/ugv_ws/install/apriltag_msgs:/home/ws/ugv_ws/install/apriltag:/home/ws/ugv_ws/install/ugv_web_app:/home/ws/ugv_ws/install/ugv_vision:/home/ws/ugv_ws/install/ugv_tools:/home/ws/ugv_ws/install/ugv_chat_ai:/home/ws/ugv_ws/install/ugv_bringup:/opt/ros/humble LD_LIBRARY_PATH=/home/ws/ugv_ws/install/costmap_converter_msgs/lib:/home/ws/ugv_ws/install/vizanti_msgs/lib:/home/ws/ugv_ws/install/ugv_interface/lib:/home/ws/ugv_ws/install/teb_local_planner/lib:/home/ws/ugv_ws/install/teb_msgs/lib:/home/ws/ugv_ws/install/openslam_gmapping/lib:/home/ws/ugv_ws/install/costmap_converter/lib:/home/ws/ugv_ws/install/apriltag_ros/lib:/home/ws/ugv_ws/install/apriltag_msgs/lib:/home/ws/ugv_ws/install/apriltag/lib:/opt/ros/humble/opt/rviz_ogre_vendor/lib:/opt/ros/humble/lib/aarch64-linux-gnu:/opt/ros/humble/lib /usr/bin/cmake --build /home/ws/ugv_ws/build/costmap_converter -- -j4 -l4
[2.402s] Level 1:colcon.colcon_core.environment:create_environment_scripts_only(openslam_gmapping)
[2.403s] Level 1:colcon.colcon_core.environment:checking '/home/ws/ugv_ws/install/openslam_gmapping' for CMake module files
[2.406s] Level 1:colcon.colcon_core.environment:checking '/home/ws/ugv_ws/install/openslam_gmapping' for CMake config files
[2.407s] Level 1:colcon.colcon_core.shell:create_environment_hook('openslam_gmapping', 'cmake_prefix_path')
[2.407s] INFO:colcon.colcon_core.shell:Creating environment hook '/home/ws/ugv_ws/install/openslam_gmapping/share/openslam_gmapping/hook/cmake_prefix_path.ps1'
[2.411s] INFO:colcon.colcon_core.shell:Creating environment descriptor '/home/ws/ugv_ws/install/openslam_gmapping/share/openslam_gmapping/hook/cmake_prefix_path.dsv'
[2.414s] INFO:colcon.colcon_core.shell:Creating environment hook '/home/ws/ugv_ws/install/openslam_gmapping/share/openslam_gmapping/hook/cmake_prefix_path.sh'
[2.415s] Level 1:colcon.colcon_core.environment:checking '/home/ws/ugv_ws/install/openslam_gmapping/lib'
[2.420s] Level 1:colcon.colcon_core.environment:checking '/home/ws/ugv_ws/install/openslam_gmapping/bin'
[2.420s] Level 1:colcon.colcon_core.environment:checking '/home/ws/ugv_ws/install/openslam_gmapping/lib/pkgconfig/openslam_gmapping.pc'
[2.421s] Level 1:colcon.colcon_core.environment:checking '/home/ws/ugv_ws/install/openslam_gmapping/lib/python3.10/site-packages'
[2.421s] Level 1:colcon.colcon_core.environment:checking '/home/ws/ugv_ws/install/openslam_gmapping/bin'
[2.422s] INFO:colcon.colcon_core.shell:Creating package script '/home/ws/ugv_ws/install/openslam_gmapping/share/openslam_gmapping/package.ps1'
[2.427s] INFO:colcon.colcon_core.shell:Creating package descriptor '/home/ws/ugv_ws/install/openslam_gmapping/share/openslam_gmapping/package.dsv'
[2.429s] INFO:colcon.colcon_core.shell:Creating package script '/home/ws/ugv_ws/install/openslam_gmapping/share/openslam_gmapping/package.sh'
[2.430s] INFO:colcon.colcon_core.shell:Creating package script '/home/ws/ugv_ws/install/openslam_gmapping/share/openslam_gmapping/package.bash'
[2.430s] INFO:colcon.colcon_core.shell:Creating package script '/home/ws/ugv_ws/install/openslam_gmapping/share/openslam_gmapping/package.zsh'
[2.432s] Level 1:colcon.colcon_core.environment:create_file_with_runtime_dependencies(/home/ws/ugv_ws/install/openslam_gmapping/share/colcon-core/packages/openslam_gmapping)
[2.433s] INFO:colcon.colcon_ros.task.ament_cmake.build:Building ROS package in '/home/ws/ugv_ws/src/ugv_else/cartographer' with build type 'ament_cmake'
[2.433s] INFO:colcon.colcon_cmake.task.cmake.build:Building CMake package in '/home/ws/ugv_ws/src/ugv_else/cartographer'
[2.434s] INFO:colcon.colcon_core.shell:Skip shell extension 'powershell' for command environment: Not usable outside of PowerShell
[2.434s] DEBUG:colcon.colcon_core.shell:Skip shell extension 'dsv' for command environment
[2.465s] DEBUG:colcon.colcon_core.event_handler.log_command:Invoking command in '/home/ws/ugv_ws/build/cartographer': CMAKE_PREFIX_PATH=${CMAKE_PREFIX_PATH}:/home/ws/ugv_ws/install/ugv_web_app:/home/ws/ugv_ws/install/ugv_vision:/home/ws/ugv_ws/install/ugv_tools:/home/ws/ugv_ws/install/ugv_chat_ai:/home/ws/ugv_ws/install/ugv_bringup:/opt/ros/humble /usr/bin/cmake --build /home/ws/ugv_ws/build/cartographer -- -j4 -l4
[2.494s] DEBUG:colcon.colcon_core.event_handler.log_command:Invoking command in '/home/ws/ugv_ws/build/costmap_converter': CMAKE_PREFIX_PATH=/home/ws/ugv_ws/install/costmap_converter_msgs:/home/ws/ugv_ws/install/vizanti:/home/ws/ugv_ws/install/vizanti_server:/home/ws/ugv_ws/install/vizanti_demos:/home/ws/ugv_ws/install/vizanti_msgs:/home/ws/ugv_ws/install/vizanti_cpp:/home/ws/ugv_ws/install/ugv_slam:/home/ws/ugv_ws/install/ugv_nav:/home/ws/ugv_ws/install/ugv_interface:/home/ws/ugv_ws/install/ugv_gazebo:/home/ws/ugv_ws/install/ugv_description:/home/ws/ugv_ws/install/ugv_base_node:/home/ws/ugv_ws/install/teb_local_planner:/home/ws/ugv_ws/install/teb_msgs:/home/ws/ugv_ws/install/slam_gmapping:/home/ws/ugv_ws/install/robot_pose_publisher:/home/ws/ugv_ws/install/rf2o_laser_odometry:/home/ws/ugv_ws/install/openslam_gmapping:/home/ws/ugv_ws/install/ldlidar:/home/ws/ugv_ws/install/explore_lite:/home/ws/ugv_ws/install/emcl2:/home/ws/ugv_ws/install/costmap_converter:/home/ws/ugv_ws/install/cartographer:/home/ws/ugv_ws/install/apriltag_ros:/home/ws/ugv_ws/install/apriltag_msgs:/home/ws/ugv_ws/install/apriltag:/home/ws/ugv_ws/install/ugv_web_app:/home/ws/ugv_ws/install/ugv_vision:/home/ws/ugv_ws/install/ugv_tools:/home/ws/ugv_ws/install/ugv_chat_ai:/home/ws/ugv_ws/install/ugv_bringup:/opt/ros/humble LD_LIBRARY_PATH=/home/ws/ugv_ws/install/costmap_converter_msgs/lib:/home/ws/ugv_ws/install/vizanti_msgs/lib:/home/ws/ugv_ws/install/ugv_interface/lib:/home/ws/ugv_ws/install/teb_local_planner/lib:/home/ws/ugv_ws/install/teb_msgs/lib:/home/ws/ugv_ws/install/openslam_gmapping/lib:/home/ws/ugv_ws/install/costmap_converter/lib:/home/ws/ugv_ws/install/apriltag_ros/lib:/home/ws/ugv_ws/install/apriltag_msgs/lib:/home/ws/ugv_ws/install/apriltag/lib:/opt/ros/humble/opt/rviz_ogre_vendor/lib:/opt/ros/humble/lib/aarch64-linux-gnu:/opt/ros/humble/lib /usr/bin/cmake --install /home/ws/ugv_ws/build/costmap_converter
[2.531s] Level 1:colcon.colcon_core.environment:create_environment_scripts_only(costmap_converter)
[2.533s] Level 1:colcon.colcon_core.environment:checking '/home/ws/ugv_ws/install/costmap_converter' for CMake module files
[2.534s] DEBUG:colcon.colcon_core.event_handler.log_command:Invoked command in '/home/ws/ugv_ws/build/costmap_converter' returned '0': CMAKE_PREFIX_PATH=/home/ws/ugv_ws/install/costmap_converter_msgs:/home/ws/ugv_ws/install/vizanti:/home/ws/ugv_ws/install/vizanti_server:/home/ws/ugv_ws/install/vizanti_demos:/home/ws/ugv_ws/install/vizanti_msgs:/home/ws/ugv_ws/install/vizanti_cpp:/home/ws/ugv_ws/install/ugv_slam:/home/ws/ugv_ws/install/ugv_nav:/home/ws/ugv_ws/install/ugv_interface:/home/ws/ugv_ws/install/ugv_gazebo:/home/ws/ugv_ws/install/ugv_description:/home/ws/ugv_ws/install/ugv_base_node:/home/ws/ugv_ws/install/teb_local_planner:/home/ws/ugv_ws/install/teb_msgs:/home/ws/ugv_ws/install/slam_gmapping:/home/ws/ugv_ws/install/robot_pose_publisher:/home/ws/ugv_ws/install/rf2o_laser_odometry:/home/ws/ugv_ws/install/openslam_gmapping:/home/ws/ugv_ws/install/ldlidar:/home/ws/ugv_ws/install/explore_lite:/home/ws/ugv_ws/install/emcl2:/home/ws/ugv_ws/install/costmap_converter:/home/ws/ugv_ws/install/cartographer:/home/ws/ugv_ws/install/apriltag_ros:/home/ws/ugv_ws/install/apriltag_msgs:/home/ws/ugv_ws/install/apriltag:/home/ws/ugv_ws/install/ugv_web_app:/home/ws/ugv_ws/install/ugv_vision:/home/ws/ugv_ws/install/ugv_tools:/home/ws/ugv_ws/install/ugv_chat_ai:/home/ws/ugv_ws/install/ugv_bringup:/opt/ros/humble LD_LIBRARY_PATH=/home/ws/ugv_ws/install/costmap_converter_msgs/lib:/home/ws/ugv_ws/install/vizanti_msgs/lib:/home/ws/ugv_ws/install/ugv_interface/lib:/home/ws/ugv_ws/install/teb_local_planner/lib:/home/ws/ugv_ws/install/teb_msgs/lib:/home/ws/ugv_ws/install/openslam_gmapping/lib:/home/ws/ugv_ws/install/costmap_converter/lib:/home/ws/ugv_ws/install/apriltag_ros/lib:/home/ws/ugv_ws/install/apriltag_msgs/lib:/home/ws/ugv_ws/install/apriltag/lib:/opt/ros/humble/opt/rviz_ogre_vendor/lib:/opt/ros/humble/lib/aarch64-linux-gnu:/opt/ros/humble/lib /usr/bin/cmake --install /home/ws/ugv_ws/build/costmap_converter
[2.534s] Level 1:colcon.colcon_core.environment:checking '/home/ws/ugv_ws/install/costmap_converter' for CMake config files
[2.535s] Level 1:colcon.colcon_core.shell:create_environment_hook('costmap_converter', 'cmake_prefix_path')
[2.535s] INFO:colcon.colcon_core.shell:Creating environment hook '/home/ws/ugv_ws/install/costmap_converter/share/costmap_converter/hook/cmake_prefix_path.ps1'
[2.536s] INFO:colcon.colcon_core.shell:Creating environment descriptor '/home/ws/ugv_ws/install/costmap_converter/share/costmap_converter/hook/cmake_prefix_path.dsv'
[2.537s] INFO:colcon.colcon_core.shell:Creating environment hook '/home/ws/ugv_ws/install/costmap_converter/share/costmap_converter/hook/cmake_prefix_path.sh'
[2.539s] Level 1:colcon.colcon_core.environment:checking '/home/ws/ugv_ws/install/costmap_converter/lib'
[2.539s] Level 1:colcon.colcon_core.shell:create_environment_hook('costmap_converter', 'ld_library_path_lib')
[2.539s] INFO:colcon.colcon_core.shell:Creating environment hook '/home/ws/ugv_ws/install/costmap_converter/share/costmap_converter/hook/ld_library_path_lib.ps1'
[2.540s] INFO:colcon.colcon_core.shell:Creating environment descriptor '/home/ws/ugv_ws/install/costmap_converter/share/costmap_converter/hook/ld_library_path_lib.dsv'
[2.541s] INFO:colcon.colcon_core.shell:Creating environment hook '/home/ws/ugv_ws/install/costmap_converter/share/costmap_converter/hook/ld_library_path_lib.sh'
[2.542s] Level 1:colcon.colcon_core.environment:checking '/home/ws/ugv_ws/install/costmap_converter/bin'
[2.542s] Level 1:colcon.colcon_core.shell:create_environment_hook('costmap_converter', 'path')
[2.542s] INFO:colcon.colcon_core.shell:Creating environment hook '/home/ws/ugv_ws/install/costmap_converter/share/costmap_converter/hook/path.ps1'
[2.543s] INFO:colcon.colcon_core.shell:Creating environment descriptor '/home/ws/ugv_ws/install/costmap_converter/share/costmap_converter/hook/path.dsv'
[2.544s] INFO:colcon.colcon_core.shell:Creating environment hook '/home/ws/ugv_ws/install/costmap_converter/share/costmap_converter/hook/path.sh'
[2.548s] Level 1:colcon.colcon_core.environment:checking '/home/ws/ugv_ws/install/costmap_converter/lib/pkgconfig/costmap_converter.pc'
[2.548s] Level 1:colcon.colcon_core.environment:checking '/home/ws/ugv_ws/install/costmap_converter/lib/python3.10/site-packages'
[2.549s] Level 1:colcon.colcon_core.environment:checking '/home/ws/ugv_ws/install/costmap_converter/bin'
[2.549s] Level 1:colcon.colcon_core.shell:create_environment_hook('costmap_converter', 'pythonscriptspath')
[2.550s] INFO:colcon.colcon_core.shell:Creating environment hook '/home/ws/ugv_ws/install/costmap_converter/share/costmap_converter/hook/pythonscriptspath.ps1'
[2.551s] INFO:colcon.colcon_core.shell:Creating environment descriptor '/home/ws/ugv_ws/install/costmap_converter/share/costmap_converter/hook/pythonscriptspath.dsv'
[2.552s] INFO:colcon.colcon_core.shell:Creating environment hook '/home/ws/ugv_ws/install/costmap_converter/share/costmap_converter/hook/pythonscriptspath.sh'
[2.554s] INFO:colcon.colcon_core.shell:Creating package script '/home/ws/ugv_ws/install/costmap_converter/share/costmap_converter/package.ps1'
[2.556s] INFO:colcon.colcon_core.shell:Creating package descriptor '/home/ws/ugv_ws/install/costmap_converter/share/costmap_converter/package.dsv'
[2.558s] INFO:colcon.colcon_core.shell:Creating package script '/home/ws/ugv_ws/install/costmap_converter/share/costmap_converter/package.sh'
[2.559s] INFO:colcon.colcon_core.shell:Creating package script '/home/ws/ugv_ws/install/costmap_converter/share/costmap_converter/package.bash'
[2.560s] INFO:colcon.colcon_core.shell:Creating package script '/home/ws/ugv_ws/install/costmap_converter/share/costmap_converter/package.zsh'
[2.561s] Level 1:colcon.colcon_core.environment:create_file_with_runtime_dependencies(/home/ws/ugv_ws/install/costmap_converter/share/colcon-core/packages/costmap_converter)
[2.588s] DEBUG:colcon.colcon_core.event_handler.log_command:Invoked command in '/home/ws/ugv_ws/build/cartographer' returned '0': CMAKE_PREFIX_PATH=${CMAKE_PREFIX_PATH}:/home/ws/ugv_ws/install/ugv_web_app:/home/ws/ugv_ws/install/ugv_vision:/home/ws/ugv_ws/install/ugv_tools:/home/ws/ugv_ws/install/ugv_chat_ai:/home/ws/ugv_ws/install/ugv_bringup:/opt/ros/humble /usr/bin/cmake --build /home/ws/ugv_ws/build/cartographer -- -j4 -l4
[2.623s] DEBUG:colcon.colcon_core.event_handler.log_command:Invoking command in '/home/ws/ugv_ws/build/cartographer': CMAKE_PREFIX_PATH=${CMAKE_PREFIX_PATH}:/home/ws/ugv_ws/install/ugv_web_app:/home/ws/ugv_ws/install/ugv_vision:/home/ws/ugv_ws/install/ugv_tools:/home/ws/ugv_ws/install/ugv_chat_ai:/home/ws/ugv_ws/install/ugv_bringup:/opt/ros/humble /usr/bin/cmake --install /home/ws/ugv_ws/build/cartographer
[2.669s] Level 1:colcon.colcon_core.environment:create_environment_scripts_only(cartographer)
[2.670s] Level 1:colcon.colcon_core.environment:checking '/home/ws/ugv_ws/install/cartographer' for CMake module files
[2.670s] Level 1:colcon.colcon_core.environment:checking '/home/ws/ugv_ws/install/cartographer' for CMake config files
[2.671s] Level 1:colcon.colcon_core.shell:create_environment_hook('cartographer', 'cmake_prefix_path')
[2.671s] INFO:colcon.colcon_core.shell:Creating environment hook '/home/ws/ugv_ws/install/cartographer/share/cartographer/hook/cmake_prefix_path.ps1'
[2.672s] DEBUG:colcon.colcon_core.event_handler.log_command:Invoked command in '/home/ws/ugv_ws/build/cartographer' returned '0': CMAKE_PREFIX_PATH=${CMAKE_PREFIX_PATH}:/home/ws/ugv_ws/install/ugv_web_app:/home/ws/ugv_ws/install/ugv_vision:/home/ws/ugv_ws/install/ugv_tools:/home/ws/ugv_ws/install/ugv_chat_ai:/home/ws/ugv_ws/install/ugv_bringup:/opt/ros/humble /usr/bin/cmake --install /home/ws/ugv_ws/build/cartographer
[2.673s] INFO:colcon.colcon_core.shell:Creating environment descriptor '/home/ws/ugv_ws/install/cartographer/share/cartographer/hook/cmake_prefix_path.dsv'
[2.674s] INFO:colcon.colcon_core.shell:Creating environment hook '/home/ws/ugv_ws/install/cartographer/share/cartographer/hook/cmake_prefix_path.sh'
[2.679s] Level 1:colcon.colcon_core.environment:checking '/home/ws/ugv_ws/install/cartographer/bin'
[2.679s] Level 1:colcon.colcon_core.environment:checking '/home/ws/ugv_ws/install/cartographer/lib/pkgconfig/cartographer.pc'
[2.679s] Level 1:colcon.colcon_core.environment:checking '/home/ws/ugv_ws/install/cartographer/lib/python3.10/site-packages'
[2.679s] Level 1:colcon.colcon_core.environment:checking '/home/ws/ugv_ws/install/cartographer/bin'
[2.680s] INFO:colcon.colcon_core.shell:Creating package script '/home/ws/ugv_ws/install/cartographer/share/cartographer/package.ps1'
[2.681s] INFO:colcon.colcon_core.shell:Creating package descriptor '/home/ws/ugv_ws/install/cartographer/share/cartographer/package.dsv'
[2.681s] INFO:colcon.colcon_core.shell:Creating package script '/home/ws/ugv_ws/install/cartographer/share/cartographer/package.sh'
[2.682s] INFO:colcon.colcon_core.shell:Creating package script '/home/ws/ugv_ws/install/cartographer/share/cartographer/package.bash'
[2.683s] INFO:colcon.colcon_core.shell:Creating package script '/home/ws/ugv_ws/install/cartographer/share/cartographer/package.zsh'
[2.684s] Level 1:colcon.colcon_core.environment:create_file_with_runtime_dependencies(/home/ws/ugv_ws/install/cartographer/share/colcon-core/packages/cartographer)
[2.686s] Level 1:colcon.colcon_core.environment:create_environment_scripts_only(costmap_converter)
[2.687s] Level 1:colcon.colcon_core.environment:checking '/home/ws/ugv_ws/install/costmap_converter' for CMake module files
[2.688s] Level 1:colcon.colcon_core.environment:checking '/home/ws/ugv_ws/install/costmap_converter' for CMake config files
[2.688s] Level 1:colcon.colcon_core.shell:create_environment_hook('costmap_converter', 'cmake_prefix_path')
[2.689s] INFO:colcon.colcon_core.shell:Creating environment hook '/home/ws/ugv_ws/install/costmap_converter/share/costmap_converter/hook/cmake_prefix_path.ps1'
[2.690s] INFO:colcon.colcon_core.shell:Creating environment descriptor '/home/ws/ugv_ws/install/costmap_converter/share/costmap_converter/hook/cmake_prefix_path.dsv'
[2.691s] INFO:colcon.colcon_core.shell:Creating environment hook '/home/ws/ugv_ws/install/costmap_converter/share/costmap_converter/hook/cmake_prefix_path.sh'
[2.693s] Level 1:colcon.colcon_core.environment:checking '/home/ws/ugv_ws/install/costmap_converter/lib'
[2.694s] Level 1:colcon.colcon_core.shell:create_environment_hook('costmap_converter', 'ld_library_path_lib')
[2.694s] INFO:colcon.colcon_core.shell:Creating environment hook '/home/ws/ugv_ws/install/costmap_converter/share/costmap_converter/hook/ld_library_path_lib.ps1'
[2.695s] INFO:colcon.colcon_core.shell:Creating environment descriptor '/home/ws/ugv_ws/install/costmap_converter/share/costmap_converter/hook/ld_library_path_lib.dsv'
[2.696s] INFO:colcon.colcon_core.shell:Creating environment hook '/home/ws/ugv_ws/install/costmap_converter/share/costmap_converter/hook/ld_library_path_lib.sh'
[2.697s] Level 1:colcon.colcon_core.environment:checking '/home/ws/ugv_ws/install/costmap_converter/bin'
[2.697s] Level 1:colcon.colcon_core.shell:create_environment_hook('costmap_converter', 'path')
[2.697s] INFO:colcon.colcon_core.shell:Creating environment hook '/home/ws/ugv_ws/install/costmap_converter/share/costmap_converter/hook/path.ps1'
[2.698s] INFO:colcon.colcon_core.shell:Creating environment descriptor '/home/ws/ugv_ws/install/costmap_converter/share/costmap_converter/hook/path.dsv'
[2.699s] INFO:colcon.colcon_core.shell:Creating environment hook '/home/ws/ugv_ws/install/costmap_converter/share/costmap_converter/hook/path.sh'
[2.704s] Level 1:colcon.colcon_core.environment:checking '/home/ws/ugv_ws/install/costmap_converter/lib/pkgconfig/costmap_converter.pc'
[2.704s] Level 1:colcon.colcon_core.environment:checking '/home/ws/ugv_ws/install/costmap_converter/lib/python3.10/site-packages'
[2.705s] Level 1:colcon.colcon_core.environment:checking '/home/ws/ugv_ws/install/costmap_converter/bin'
[2.705s] Level 1:colcon.colcon_core.shell:create_environment_hook('costmap_converter', 'pythonscriptspath')
[2.705s] INFO:colcon.colcon_core.shell:Creating environment hook '/home/ws/ugv_ws/install/costmap_converter/share/costmap_converter/hook/pythonscriptspath.ps1'
[2.706s] INFO:colcon.colcon_core.shell:Creating environment descriptor '/home/ws/ugv_ws/install/costmap_converter/share/costmap_converter/hook/pythonscriptspath.dsv'
[2.707s] INFO:colcon.colcon_core.shell:Creating environment hook '/home/ws/ugv_ws/install/costmap_converter/share/costmap_converter/hook/pythonscriptspath.sh'
[2.708s] INFO:colcon.colcon_core.shell:Creating package script '/home/ws/ugv_ws/install/costmap_converter/share/costmap_converter/package.ps1'
[2.710s] INFO:colcon.colcon_core.shell:Creating package descriptor '/home/ws/ugv_ws/install/costmap_converter/share/costmap_converter/package.dsv'
[2.711s] INFO:colcon.colcon_core.shell:Creating package script '/home/ws/ugv_ws/install/costmap_converter/share/costmap_converter/package.sh'
[2.712s] INFO:colcon.colcon_core.shell:Creating package script '/home/ws/ugv_ws/install/costmap_converter/share/costmap_converter/package.bash'
[2.712s] INFO:colcon.colcon_core.shell:Creating package script '/home/ws/ugv_ws/install/costmap_converter/share/costmap_converter/package.zsh'
[2.713s] Level 1:colcon.colcon_core.environment:create_file_with_runtime_dependencies(/home/ws/ugv_ws/install/costmap_converter/share/colcon-core/packages/costmap_converter)
[2.715s] INFO:colcon.colcon_ros.task.ament_cmake.build:Building ROS package in '/home/ws/ugv_ws/src/ugv_else/emcl2_ros2' with build type 'ament_cmake'
[2.716s] INFO:colcon.colcon_cmake.task.cmake.build:Building CMake package in '/home/ws/ugv_ws/src/ugv_else/emcl2_ros2'
[2.716s] INFO:colcon.colcon_core.shell:Skip shell extension 'powershell' for command environment: Not usable outside of PowerShell
[2.716s] DEBUG:colcon.colcon_core.shell:Skip shell extension 'dsv' for command environment
[2.725s] Level 1:colcon.colcon_core.environment:create_environment_scripts_only(cartographer)
[2.726s] Level 1:colcon.colcon_core.environment:checking '/home/ws/ugv_ws/install/cartographer' for CMake module files
[2.726s] Level 1:colcon.colcon_core.environment:checking '/home/ws/ugv_ws/install/cartographer' for CMake config files
[2.727s] Level 1:colcon.colcon_core.shell:create_environment_hook('cartographer', 'cmake_prefix_path')
[2.727s] INFO:colcon.colcon_core.shell:Creating environment hook '/home/ws/ugv_ws/install/cartographer/share/cartographer/hook/cmake_prefix_path.ps1'
[2.727s] INFO:colcon.colcon_core.shell:Creating environment descriptor '/home/ws/ugv_ws/install/cartographer/share/cartographer/hook/cmake_prefix_path.dsv'
[2.728s] INFO:colcon.colcon_core.shell:Creating environment hook '/home/ws/ugv_ws/install/cartographer/share/cartographer/hook/cmake_prefix_path.sh'
[2.729s] Level 1:colcon.colcon_core.environment:checking '/home/ws/ugv_ws/install/cartographer/bin'
[2.729s] Level 1:colcon.colcon_core.environment:checking '/home/ws/ugv_ws/install/cartographer/lib/pkgconfig/cartographer.pc'
[2.729s] Level 1:colcon.colcon_core.environment:checking '/home/ws/ugv_ws/install/cartographer/lib/python3.10/site-packages'
[2.730s] Level 1:colcon.colcon_core.environment:checking '/home/ws/ugv_ws/install/cartographer/bin'
[2.730s] INFO:colcon.colcon_core.shell:Creating package script '/home/ws/ugv_ws/install/cartographer/share/cartographer/package.ps1'
[2.731s] INFO:colcon.colcon_core.shell:Creating package descriptor '/home/ws/ugv_ws/install/cartographer/share/cartographer/package.dsv'
[2.731s] INFO:colcon.colcon_core.shell:Creating package script '/home/ws/ugv_ws/install/cartographer/share/cartographer/package.sh'
[2.732s] INFO:colcon.colcon_core.shell:Creating package script '/home/ws/ugv_ws/install/cartographer/share/cartographer/package.bash'
[2.732s] INFO:colcon.colcon_core.shell:Creating package script '/home/ws/ugv_ws/install/cartographer/share/cartographer/package.zsh'
[2.733s] Level 1:colcon.colcon_core.environment:create_file_with_runtime_dependencies(/home/ws/ugv_ws/install/cartographer/share/colcon-core/packages/cartographer)
[2.735s] INFO:colcon.colcon_ros.task.ament_cmake.build:Building ROS package in '/home/ws/ugv_ws/src/ugv_else/explore_lite' with build type 'ament_cmake'
[2.735s] INFO:colcon.colcon_cmake.task.cmake.build:Building CMake package in '/home/ws/ugv_ws/src/ugv_else/explore_lite'
[2.735s] INFO:colcon.colcon_core.shell:Skip shell extension 'powershell' for command environment: Not usable outside of PowerShell
[2.736s] DEBUG:colcon.colcon_core.shell:Skip shell extension 'dsv' for command environment
[2.742s] Level 1:colcon.colcon_core.environment:create_environment_scripts_only(vizanti_msgs)
[2.742s] Level 1:colcon.colcon_core.environment:checking '/home/ws/ugv_ws/install/vizanti_msgs' for CMake module files
[2.743s] Level 1:colcon.colcon_core.environment:checking '/home/ws/ugv_ws/install/vizanti_msgs' for CMake config files
[2.744s] Level 1:colcon.colcon_core.shell:create_environment_hook('vizanti_msgs', 'cmake_prefix_path')
[2.744s] INFO:colcon.colcon_core.shell:Creating environment hook '/home/ws/ugv_ws/install/vizanti_msgs/share/vizanti_msgs/hook/cmake_prefix_path.ps1'
[2.745s] INFO:colcon.colcon_core.shell:Creating environment descriptor '/home/ws/ugv_ws/install/vizanti_msgs/share/vizanti_msgs/hook/cmake_prefix_path.dsv'
[2.745s] INFO:colcon.colcon_core.shell:Creating environment hook '/home/ws/ugv_ws/install/vizanti_msgs/share/vizanti_msgs/hook/cmake_prefix_path.sh'
[2.749s] Level 1:colcon.colcon_core.environment:checking '/home/ws/ugv_ws/install/vizanti_msgs/lib'
[2.749s] Level 1:colcon.colcon_core.shell:create_environment_hook('vizanti_msgs', 'ld_library_path_lib')
[2.750s] INFO:colcon.colcon_core.shell:Creating environment hook '/home/ws/ugv_ws/install/vizanti_msgs/share/vizanti_msgs/hook/ld_library_path_lib.ps1'
[2.750s] INFO:colcon.colcon_core.shell:Creating environment descriptor '/home/ws/ugv_ws/install/vizanti_msgs/share/vizanti_msgs/hook/ld_library_path_lib.dsv'
[2.750s] INFO:colcon.colcon_core.shell:Creating environment hook '/home/ws/ugv_ws/install/vizanti_msgs/share/vizanti_msgs/hook/ld_library_path_lib.sh'
[2.751s] Level 1:colcon.colcon_core.environment:checking '/home/ws/ugv_ws/install/vizanti_msgs/bin'
[2.751s] Level 1:colcon.colcon_core.environment:checking '/home/ws/ugv_ws/install/vizanti_msgs/lib/pkgconfig/vizanti_msgs.pc'
[2.752s] Level 1:colcon.colcon_core.environment:checking '/home/ws/ugv_ws/install/vizanti_msgs/lib/python3.10/site-packages'
[2.752s] Level 1:colcon.colcon_core.environment:checking '/home/ws/ugv_ws/install/vizanti_msgs/bin'
[2.752s] INFO:colcon.colcon_core.shell:Creating package script '/home/ws/ugv_ws/install/vizanti_msgs/share/vizanti_msgs/package.ps1'
[2.753s] INFO:colcon.colcon_core.shell:Creating package descriptor '/home/ws/ugv_ws/install/vizanti_msgs/share/vizanti_msgs/package.dsv'
[2.754s] INFO:colcon.colcon_core.shell:Creating package script '/home/ws/ugv_ws/install/vizanti_msgs/share/vizanti_msgs/package.sh'
[2.754s] INFO:colcon.colcon_core.shell:Creating package script '/home/ws/ugv_ws/install/vizanti_msgs/share/vizanti_msgs/package.bash'
[2.755s] INFO:colcon.colcon_core.shell:Creating package script '/home/ws/ugv_ws/install/vizanti_msgs/share/vizanti_msgs/package.zsh'
[2.756s] Level 1:colcon.colcon_core.environment:create_file_with_runtime_dependencies(/home/ws/ugv_ws/install/vizanti_msgs/share/colcon-core/packages/vizanti_msgs)
[2.758s] INFO:colcon.colcon_ros.task.ament_cmake.build:Building ROS package in '/home/ws/ugv_ws/src/ugv_else/vizanti/vizanti_server' with build type 'ament_cmake'
[2.758s] INFO:colcon.colcon_cmake.task.cmake.build:Building CMake package in '/home/ws/ugv_ws/src/ugv_else/vizanti/vizanti_server'
[2.758s] INFO:colcon.colcon_core.shell:Skip shell extension 'powershell' for command environment: Not usable outside of PowerShell
[2.758s] DEBUG:colcon.colcon_core.shell:Skip shell extension 'dsv' for command environment
[2.771s] DEBUG:colcon.colcon_core.event_handler.log_command:Invoking command in '/home/ws/ugv_ws/build/emcl2': CMAKE_PREFIX_PATH=${CMAKE_PREFIX_PATH}:/home/ws/ugv_ws/install/ugv_web_app:/home/ws/ugv_ws/install/ugv_vision:/home/ws/ugv_ws/install/ugv_tools:/home/ws/ugv_ws/install/ugv_chat_ai:/home/ws/ugv_ws/install/ugv_bringup:/opt/ros/humble /usr/bin/cmake --build /home/ws/ugv_ws/build/emcl2 -- -j4 -l4
[2.782s] DEBUG:colcon.colcon_core.event_handler.log_command:Invoking command in '/home/ws/ugv_ws/build/explore_lite': CMAKE_PREFIX_PATH=${CMAKE_PREFIX_PATH}:/home/ws/ugv_ws/install/ugv_web_app:/home/ws/ugv_ws/install/ugv_vision:/home/ws/ugv_ws/install/ugv_tools:/home/ws/ugv_ws/install/ugv_chat_ai:/home/ws/ugv_ws/install/ugv_bringup:/opt/ros/humble /usr/bin/cmake --build /home/ws/ugv_ws/build/explore_lite -- -j4 -l4
[2.790s] DEBUG:colcon.colcon_core.event_handler.log_command:Invoking command in '/home/ws/ugv_ws/build/vizanti_server': CMAKE_PREFIX_PATH=/home/ws/ugv_ws/install/vizanti_msgs:/home/ws/ugv_ws/install/vizanti:/home/ws/ugv_ws/install/vizanti_server:/home/ws/ugv_ws/install/vizanti_demos:/home/ws/ugv_ws/install/vizanti_cpp:/home/ws/ugv_ws/install/ugv_slam:/home/ws/ugv_ws/install/ugv_nav:/home/ws/ugv_ws/install/ugv_interface:/home/ws/ugv_ws/install/ugv_gazebo:/home/ws/ugv_ws/install/ugv_description:/home/ws/ugv_ws/install/ugv_base_node:/home/ws/ugv_ws/install/teb_local_planner:/home/ws/ugv_ws/install/teb_msgs:/home/ws/ugv_ws/install/slam_gmapping:/home/ws/ugv_ws/install/robot_pose_publisher:/home/ws/ugv_ws/install/rf2o_laser_odometry:/home/ws/ugv_ws/install/openslam_gmapping:/home/ws/ugv_ws/install/ldlidar:/home/ws/ugv_ws/install/explore_lite:/home/ws/ugv_ws/install/emcl2:/home/ws/ugv_ws/install/costmap_converter:/home/ws/ugv_ws/install/costmap_converter_msgs:/home/ws/ugv_ws/install/cartographer:/home/ws/ugv_ws/install/apriltag_ros:/home/ws/ugv_ws/install/apriltag_msgs:/home/ws/ugv_ws/install/apriltag:/home/ws/ugv_ws/install/ugv_web_app:/home/ws/ugv_ws/install/ugv_vision:/home/ws/ugv_ws/install/ugv_tools:/home/ws/ugv_ws/install/ugv_chat_ai:/home/ws/ugv_ws/install/ugv_bringup:/opt/ros/humble /usr/bin/cmake --build /home/ws/ugv_ws/build/vizanti_server -- -j4 -l4
[2.864s] DEBUG:colcon.colcon_core.event_handler.log_command:Invoked command in '/home/ws/ugv_ws/build/vizanti_server' returned '0': CMAKE_PREFIX_PATH=/home/ws/ugv_ws/install/vizanti_msgs:/home/ws/ugv_ws/install/vizanti:/home/ws/ugv_ws/install/vizanti_server:/home/ws/ugv_ws/install/vizanti_demos:/home/ws/ugv_ws/install/vizanti_cpp:/home/ws/ugv_ws/install/ugv_slam:/home/ws/ugv_ws/install/ugv_nav:/home/ws/ugv_ws/install/ugv_interface:/home/ws/ugv_ws/install/ugv_gazebo:/home/ws/ugv_ws/install/ugv_description:/home/ws/ugv_ws/install/ugv_base_node:/home/ws/ugv_ws/install/teb_local_planner:/home/ws/ugv_ws/install/teb_msgs:/home/ws/ugv_ws/install/slam_gmapping:/home/ws/ugv_ws/install/robot_pose_publisher:/home/ws/ugv_ws/install/rf2o_laser_odometry:/home/ws/ugv_ws/install/openslam_gmapping:/home/ws/ugv_ws/install/ldlidar:/home/ws/ugv_ws/install/explore_lite:/home/ws/ugv_ws/install/emcl2:/home/ws/ugv_ws/install/costmap_converter:/home/ws/ugv_ws/install/costmap_converter_msgs:/home/ws/ugv_ws/install/cartographer:/home/ws/ugv_ws/install/apriltag_ros:/home/ws/ugv_ws/install/apriltag_msgs:/home/ws/ugv_ws/install/apriltag:/home/ws/ugv_ws/install/ugv_web_app:/home/ws/ugv_ws/install/ugv_vision:/home/ws/ugv_ws/install/ugv_tools:/home/ws/ugv_ws/install/ugv_chat_ai:/home/ws/ugv_ws/install/ugv_bringup:/opt/ros/humble /usr/bin/cmake --build /home/ws/ugv_ws/build/vizanti_server -- -j4 -l4
[2.904s] DEBUG:colcon.colcon_core.event_handler.log_command:Invoked command in '/home/ws/ugv_ws/build/emcl2' returned '0': CMAKE_PREFIX_PATH=${CMAKE_PREFIX_PATH}:/home/ws/ugv_ws/install/ugv_web_app:/home/ws/ugv_ws/install/ugv_vision:/home/ws/ugv_ws/install/ugv_tools:/home/ws/ugv_ws/install/ugv_chat_ai:/home/ws/ugv_ws/install/ugv_bringup:/opt/ros/humble /usr/bin/cmake --build /home/ws/ugv_ws/build/emcl2 -- -j4 -l4
[2.911s] DEBUG:colcon.colcon_core.event_handler.log_command:Invoking command in '/home/ws/ugv_ws/build/vizanti_server': CMAKE_PREFIX_PATH=/home/ws/ugv_ws/install/vizanti_msgs:/home/ws/ugv_ws/install/vizanti:/home/ws/ugv_ws/install/vizanti_server:/home/ws/ugv_ws/install/vizanti_demos:/home/ws/ugv_ws/install/vizanti_cpp:/home/ws/ugv_ws/install/ugv_slam:/home/ws/ugv_ws/install/ugv_nav:/home/ws/ugv_ws/install/ugv_interface:/home/ws/ugv_ws/install/ugv_gazebo:/home/ws/ugv_ws/install/ugv_description:/home/ws/ugv_ws/install/ugv_base_node:/home/ws/ugv_ws/install/teb_local_planner:/home/ws/ugv_ws/install/teb_msgs:/home/ws/ugv_ws/install/slam_gmapping:/home/ws/ugv_ws/install/robot_pose_publisher:/home/ws/ugv_ws/install/rf2o_laser_odometry:/home/ws/ugv_ws/install/openslam_gmapping:/home/ws/ugv_ws/install/ldlidar:/home/ws/ugv_ws/install/explore_lite:/home/ws/ugv_ws/install/emcl2:/home/ws/ugv_ws/install/costmap_converter:/home/ws/ugv_ws/install/costmap_converter_msgs:/home/ws/ugv_ws/install/cartographer:/home/ws/ugv_ws/install/apriltag_ros:/home/ws/ugv_ws/install/apriltag_msgs:/home/ws/ugv_ws/install/apriltag:/home/ws/ugv_ws/install/ugv_web_app:/home/ws/ugv_ws/install/ugv_vision:/home/ws/ugv_ws/install/ugv_tools:/home/ws/ugv_ws/install/ugv_chat_ai:/home/ws/ugv_ws/install/ugv_bringup:/opt/ros/humble /usr/bin/cmake --install /home/ws/ugv_ws/build/vizanti_server
[2.939s] Level 1:colcon.colcon_core.environment:create_environment_scripts_only(vizanti_server)
[2.941s] Level 1:colcon.colcon_core.environment:checking '/home/ws/ugv_ws/install/vizanti_server' for CMake module files
[2.942s] Level 1:colcon.colcon_core.environment:checking '/home/ws/ugv_ws/install/vizanti_server' for CMake config files
[2.945s] Level 1:colcon.colcon_core.shell:create_environment_hook('vizanti_server', 'cmake_prefix_path')
[2.945s] INFO:colcon.colcon_core.shell:Creating environment hook '/home/ws/ugv_ws/install/vizanti_server/share/vizanti_server/hook/cmake_prefix_path.ps1'
[2.951s] INFO:colcon.colcon_core.shell:Creating environment descriptor '/home/ws/ugv_ws/install/vizanti_server/share/vizanti_server/hook/cmake_prefix_path.dsv'
[2.953s] INFO:colcon.colcon_core.shell:Creating environment hook '/home/ws/ugv_ws/install/vizanti_server/share/vizanti_server/hook/cmake_prefix_path.sh'
[2.957s] Level 1:colcon.colcon_core.environment:checking '/home/ws/ugv_ws/install/vizanti_server/lib'
[2.959s] Level 1:colcon.colcon_core.environment:checking '/home/ws/ugv_ws/install/vizanti_server/bin'
[2.959s] Level 1:colcon.colcon_core.environment:checking '/home/ws/ugv_ws/install/vizanti_server/lib/pkgconfig/vizanti_server.pc'
[2.960s] Level 1:colcon.colcon_core.environment:checking '/home/ws/ugv_ws/install/vizanti_server/lib/python3.10/site-packages'
[2.961s] Level 1:colcon.colcon_core.environment:checking '/home/ws/ugv_ws/install/vizanti_server/bin'
[2.961s] INFO:colcon.colcon_core.shell:Creating package script '/home/ws/ugv_ws/install/vizanti_server/share/vizanti_server/package.ps1'
[2.967s] INFO:colcon.colcon_core.shell:Creating package descriptor '/home/ws/ugv_ws/install/vizanti_server/share/vizanti_server/package.dsv'
[2.972s] INFO:colcon.colcon_core.shell:Creating package script '/home/ws/ugv_ws/install/vizanti_server/share/vizanti_server/package.sh'
[2.975s] INFO:colcon.colcon_core.shell:Creating package script '/home/ws/ugv_ws/install/vizanti_server/share/vizanti_server/package.bash'
[2.981s] INFO:colcon.colcon_core.shell:Creating package script '/home/ws/ugv_ws/install/vizanti_server/share/vizanti_server/package.zsh'
[2.984s] DEBUG:colcon.colcon_core.event_handler.log_command:Invoked command in '/home/ws/ugv_ws/build/vizanti_server' returned '0': CMAKE_PREFIX_PATH=/home/ws/ugv_ws/install/vizanti_msgs:/home/ws/ugv_ws/install/vizanti:/home/ws/ugv_ws/install/vizanti_server:/home/ws/ugv_ws/install/vizanti_demos:/home/ws/ugv_ws/install/vizanti_cpp:/home/ws/ugv_ws/install/ugv_slam:/home/ws/ugv_ws/install/ugv_nav:/home/ws/ugv_ws/install/ugv_interface:/home/ws/ugv_ws/install/ugv_gazebo:/home/ws/ugv_ws/install/ugv_description:/home/ws/ugv_ws/install/ugv_base_node:/home/ws/ugv_ws/install/teb_local_planner:/home/ws/ugv_ws/install/teb_msgs:/home/ws/ugv_ws/install/slam_gmapping:/home/ws/ugv_ws/install/robot_pose_publisher:/home/ws/ugv_ws/install/rf2o_laser_odometry:/home/ws/ugv_ws/install/openslam_gmapping:/home/ws/ugv_ws/install/ldlidar:/home/ws/ugv_ws/install/explore_lite:/home/ws/ugv_ws/install/emcl2:/home/ws/ugv_ws/install/costmap_converter:/home/ws/ugv_ws/install/costmap_converter_msgs:/home/ws/ugv_ws/install/cartographer:/home/ws/ugv_ws/install/apriltag_ros:/home/ws/ugv_ws/install/apriltag_msgs:/home/ws/ugv_ws/install/apriltag:/home/ws/ugv_ws/install/ugv_web_app:/home/ws/ugv_ws/install/ugv_vision:/home/ws/ugv_ws/install/ugv_tools:/home/ws/ugv_ws/install/ugv_chat_ai:/home/ws/ugv_ws/install/ugv_bringup:/opt/ros/humble /usr/bin/cmake --install /home/ws/ugv_ws/build/vizanti_server
[2.984s] Level 1:colcon.colcon_core.environment:create_file_with_runtime_dependencies(/home/ws/ugv_ws/install/vizanti_server/share/colcon-core/packages/vizanti_server)
[2.996s] DEBUG:colcon.colcon_core.event_handler.log_command:Invoking command in '/home/ws/ugv_ws/build/emcl2': CMAKE_PREFIX_PATH=${CMAKE_PREFIX_PATH}:/home/ws/ugv_ws/install/ugv_web_app:/home/ws/ugv_ws/install/ugv_vision:/home/ws/ugv_ws/install/ugv_tools:/home/ws/ugv_ws/install/ugv_chat_ai:/home/ws/ugv_ws/install/ugv_bringup:/opt/ros/humble /usr/bin/cmake --install /home/ws/ugv_ws/build/emcl2
[3.002s] DEBUG:colcon.colcon_core.event_handler.log_command:Invoked command in '/home/ws/ugv_ws/build/explore_lite' returned '0': CMAKE_PREFIX_PATH=${CMAKE_PREFIX_PATH}:/home/ws/ugv_ws/install/ugv_web_app:/home/ws/ugv_ws/install/ugv_vision:/home/ws/ugv_ws/install/ugv_tools:/home/ws/ugv_ws/install/ugv_chat_ai:/home/ws/ugv_ws/install/ugv_bringup:/opt/ros/humble /usr/bin/cmake --build /home/ws/ugv_ws/build/explore_lite -- -j4 -l4
[3.017s] Level 1:colcon.colcon_core.environment:create_environment_scripts_only(emcl2)
[3.018s] Level 1:colcon.colcon_core.environment:checking '/home/ws/ugv_ws/install/emcl2' for CMake module files
[3.019s] Level 1:colcon.colcon_core.environment:checking '/home/ws/ugv_ws/install/emcl2' for CMake config files
[3.020s] DEBUG:colcon.colcon_core.event_handler.log_command:Invoked command in '/home/ws/ugv_ws/build/emcl2' returned '0': CMAKE_PREFIX_PATH=${CMAKE_PREFIX_PATH}:/home/ws/ugv_ws/install/ugv_web_app:/home/ws/ugv_ws/install/ugv_vision:/home/ws/ugv_ws/install/ugv_tools:/home/ws/ugv_ws/install/ugv_chat_ai:/home/ws/ugv_ws/install/ugv_bringup:/opt/ros/humble /usr/bin/cmake --install /home/ws/ugv_ws/build/emcl2
[3.020s] Level 1:colcon.colcon_core.shell:create_environment_hook('emcl2', 'cmake_prefix_path')
[3.021s] INFO:colcon.colcon_core.shell:Creating environment hook '/home/ws/ugv_ws/install/emcl2/share/emcl2/hook/cmake_prefix_path.ps1'
[3.022s] INFO:colcon.colcon_core.shell:Creating environment descriptor '/home/ws/ugv_ws/install/emcl2/share/emcl2/hook/cmake_prefix_path.dsv'
[3.026s] INFO:colcon.colcon_core.shell:Creating environment hook '/home/ws/ugv_ws/install/emcl2/share/emcl2/hook/cmake_prefix_path.sh'
[3.027s] Level 1:colcon.colcon_core.environment:checking '/home/ws/ugv_ws/install/emcl2/lib'
[3.027s] Level 1:colcon.colcon_core.environment:checking '/home/ws/ugv_ws/install/emcl2/bin'
[3.027s] Level 1:colcon.colcon_core.environment:checking '/home/ws/ugv_ws/install/emcl2/lib/pkgconfig/emcl2.pc'
[3.028s] Level 1:colcon.colcon_core.environment:checking '/home/ws/ugv_ws/install/emcl2/lib/python3.10/site-packages'
[3.028s] Level 1:colcon.colcon_core.environment:checking '/home/ws/ugv_ws/install/emcl2/bin'
[3.029s] INFO:colcon.colcon_core.shell:Creating package script '/home/ws/ugv_ws/install/emcl2/share/emcl2/package.ps1'
[3.030s] INFO:colcon.colcon_core.shell:Creating package descriptor '/home/ws/ugv_ws/install/emcl2/share/emcl2/package.dsv'
[3.031s] INFO:colcon.colcon_core.shell:Creating package script '/home/ws/ugv_ws/install/emcl2/share/emcl2/package.sh'
[3.032s] INFO:colcon.colcon_core.shell:Creating package script '/home/ws/ugv_ws/install/emcl2/share/emcl2/package.bash'
[3.033s] INFO:colcon.colcon_core.shell:Creating package script '/home/ws/ugv_ws/install/emcl2/share/emcl2/package.zsh'
[3.034s] Level 1:colcon.colcon_core.environment:create_file_with_runtime_dependencies(/home/ws/ugv_ws/install/emcl2/share/colcon-core/packages/emcl2)
[3.038s] Level 1:colcon.colcon_core.environment:create_environment_scripts_only(vizanti_server)
[3.039s] Level 1:colcon.colcon_core.environment:checking '/home/ws/ugv_ws/install/vizanti_server' for CMake module files
[3.040s] Level 1:colcon.colcon_core.environment:checking '/home/ws/ugv_ws/install/vizanti_server' for CMake config files
[3.041s] Level 1:colcon.colcon_core.shell:create_environment_hook('vizanti_server', 'cmake_prefix_path')
[3.042s] INFO:colcon.colcon_core.shell:Creating environment hook '/home/ws/ugv_ws/install/vizanti_server/share/vizanti_server/hook/cmake_prefix_path.ps1'
[3.043s] INFO:colcon.colcon_core.shell:Creating environment descriptor '/home/ws/ugv_ws/install/vizanti_server/share/vizanti_server/hook/cmake_prefix_path.dsv'
[3.043s] INFO:colcon.colcon_core.shell:Creating environment hook '/home/ws/ugv_ws/install/vizanti_server/share/vizanti_server/hook/cmake_prefix_path.sh'
[3.044s] Level 1:colcon.colcon_core.environment:checking '/home/ws/ugv_ws/install/vizanti_server/lib'
[3.045s] Level 1:colcon.colcon_core.environment:checking '/home/ws/ugv_ws/install/vizanti_server/bin'
[3.045s] Level 1:colcon.colcon_core.environment:checking '/home/ws/ugv_ws/install/vizanti_server/lib/pkgconfig/vizanti_server.pc'
[3.045s] Level 1:colcon.colcon_core.environment:checking '/home/ws/ugv_ws/install/vizanti_server/lib/python3.10/site-packages'
[3.045s] Level 1:colcon.colcon_core.environment:checking '/home/ws/ugv_ws/install/vizanti_server/bin'
[3.046s] INFO:colcon.colcon_core.shell:Creating package script '/home/ws/ugv_ws/install/vizanti_server/share/vizanti_server/package.ps1'
[3.047s] INFO:colcon.colcon_core.shell:Creating package descriptor '/home/ws/ugv_ws/install/vizanti_server/share/vizanti_server/package.dsv'
[3.047s] INFO:colcon.colcon_core.shell:Creating package script '/home/ws/ugv_ws/install/vizanti_server/share/vizanti_server/package.sh'
[3.051s] INFO:colcon.colcon_core.shell:Creating package script '/home/ws/ugv_ws/install/vizanti_server/share/vizanti_server/package.bash'
[3.052s] INFO:colcon.colcon_core.shell:Creating package script '/home/ws/ugv_ws/install/vizanti_server/share/vizanti_server/package.zsh'
[3.052s] Level 1:colcon.colcon_core.environment:create_file_with_runtime_dependencies(/home/ws/ugv_ws/install/vizanti_server/share/colcon-core/packages/vizanti_server)
[3.054s] INFO:colcon.colcon_ros.task.ament_cmake.build:Building ROS package in '/home/ws/ugv_ws/src/ugv_else/ldlidar' with build type 'ament_cmake'
[3.054s] INFO:colcon.colcon_cmake.task.cmake.build:Building CMake package in '/home/ws/ugv_ws/src/ugv_else/ldlidar'
[3.055s] INFO:colcon.colcon_core.shell:Skip shell extension 'powershell' for command environment: Not usable outside of PowerShell
[3.055s] DEBUG:colcon.colcon_core.shell:Skip shell extension 'dsv' for command environment
[3.065s] DEBUG:colcon.colcon_core.event_handler.log_command:Invoking command in '/home/ws/ugv_ws/build/explore_lite': CMAKE_PREFIX_PATH=${CMAKE_PREFIX_PATH}:/home/ws/ugv_ws/install/ugv_web_app:/home/ws/ugv_ws/install/ugv_vision:/home/ws/ugv_ws/install/ugv_tools:/home/ws/ugv_ws/install/ugv_chat_ai:/home/ws/ugv_ws/install/ugv_bringup:/opt/ros/humble /usr/bin/cmake --install /home/ws/ugv_ws/build/explore_lite
[3.067s] DEBUG:colcon.colcon_core.event_handler.log_command:Invoked command in '/home/ws/ugv_ws/build/teb_msgs' returned '0': CMAKE_PREFIX_PATH=/home/ws/ugv_ws/install/costmap_converter_msgs:/home/ws/ugv_ws/install/vizanti:/home/ws/ugv_ws/install/vizanti_server:/home/ws/ugv_ws/install/vizanti_demos:/home/ws/ugv_ws/install/vizanti_msgs:/home/ws/ugv_ws/install/vizanti_cpp:/home/ws/ugv_ws/install/ugv_slam:/home/ws/ugv_ws/install/ugv_nav:/home/ws/ugv_ws/install/ugv_interface:/home/ws/ugv_ws/install/ugv_gazebo:/home/ws/ugv_ws/install/ugv_description:/home/ws/ugv_ws/install/ugv_base_node:/home/ws/ugv_ws/install/teb_local_planner:/home/ws/ugv_ws/install/teb_msgs:/home/ws/ugv_ws/install/slam_gmapping:/home/ws/ugv_ws/install/robot_pose_publisher:/home/ws/ugv_ws/install/rf2o_laser_odometry:/home/ws/ugv_ws/install/openslam_gmapping:/home/ws/ugv_ws/install/ldlidar:/home/ws/ugv_ws/install/explore_lite:/home/ws/ugv_ws/install/emcl2:/home/ws/ugv_ws/install/costmap_converter:/home/ws/ugv_ws/install/cartographer:/home/ws/ugv_ws/install/apriltag_ros:/home/ws/ugv_ws/install/apriltag_msgs:/home/ws/ugv_ws/install/apriltag:/home/ws/ugv_ws/install/ugv_web_app:/home/ws/ugv_ws/install/ugv_vision:/home/ws/ugv_ws/install/ugv_tools:/home/ws/ugv_ws/install/ugv_chat_ai:/home/ws/ugv_ws/install/ugv_bringup:/opt/ros/humble LD_LIBRARY_PATH=/home/ws/ugv_ws/install/costmap_converter_msgs/lib:/home/ws/ugv_ws/install/vizanti_msgs/lib:/home/ws/ugv_ws/install/ugv_interface/lib:/home/ws/ugv_ws/install/teb_local_planner/lib:/home/ws/ugv_ws/install/teb_msgs/lib:/home/ws/ugv_ws/install/openslam_gmapping/lib:/home/ws/ugv_ws/install/costmap_converter/lib:/home/ws/ugv_ws/install/apriltag_ros/lib:/home/ws/ugv_ws/install/apriltag_msgs/lib:/home/ws/ugv_ws/install/apriltag/lib:/opt/ros/humble/opt/rviz_ogre_vendor/lib:/opt/ros/humble/lib/aarch64-linux-gnu:/opt/ros/humble/lib /usr/bin/cmake --build /home/ws/ugv_ws/build/teb_msgs -- -j4 -l4
[3.078s] DEBUG:colcon.colcon_core.event_handler.log_command:Invoking command in '/home/ws/ugv_ws/build/ldlidar': CMAKE_PREFIX_PATH=${CMAKE_PREFIX_PATH}:/home/ws/ugv_ws/install/ugv_web_app:/home/ws/ugv_ws/install/ugv_vision:/home/ws/ugv_ws/install/ugv_tools:/home/ws/ugv_ws/install/ugv_chat_ai:/home/ws/ugv_ws/install/ugv_bringup:/opt/ros/humble /usr/bin/cmake --build /home/ws/ugv_ws/build/ldlidar -- -j4 -l4
[3.083s] Level 1:colcon.colcon_core.environment:create_environment_scripts_only(explore_lite)
[3.085s] Level 1:colcon.colcon_core.environment:checking '/home/ws/ugv_ws/install/explore_lite' for CMake module files
[3.085s] Level 1:colcon.colcon_core.environment:checking '/home/ws/ugv_ws/install/explore_lite' for CMake config files
[3.086s] Level 1:colcon.colcon_core.shell:create_environment_hook('explore_lite', 'cmake_prefix_path')
[3.084s] DEBUG:colcon.colcon_core.event_handler.log_command:Invoked command in '/home/ws/ugv_ws/build/explore_lite' returned '0': CMAKE_PREFIX_PATH=${CMAKE_PREFIX_PATH}:/home/ws/ugv_ws/install/ugv_web_app:/home/ws/ugv_ws/install/ugv_vision:/home/ws/ugv_ws/install/ugv_tools:/home/ws/ugv_ws/install/ugv_chat_ai:/home/ws/ugv_ws/install/ugv_bringup:/opt/ros/humble /usr/bin/cmake --install /home/ws/ugv_ws/build/explore_lite
[3.086s] INFO:colcon.colcon_core.shell:Creating environment hook '/home/ws/ugv_ws/install/explore_lite/share/explore_lite/hook/cmake_prefix_path.ps1'
[3.087s] INFO:colcon.colcon_core.shell:Creating environment descriptor '/home/ws/ugv_ws/install/explore_lite/share/explore_lite/hook/cmake_prefix_path.dsv'
[3.088s] INFO:colcon.colcon_core.shell:Creating environment hook '/home/ws/ugv_ws/install/explore_lite/share/explore_lite/hook/cmake_prefix_path.sh'
[3.089s] Level 1:colcon.colcon_core.environment:checking '/home/ws/ugv_ws/install/explore_lite/lib'
[3.089s] Level 1:colcon.colcon_core.environment:checking '/home/ws/ugv_ws/install/explore_lite/bin'
[3.089s] Level 1:colcon.colcon_core.environment:checking '/home/ws/ugv_ws/install/explore_lite/lib/pkgconfig/explore_lite.pc'
[3.090s] Level 1:colcon.colcon_core.environment:checking '/home/ws/ugv_ws/install/explore_lite/lib/python3.10/site-packages'
[3.090s] Level 1:colcon.colcon_core.environment:checking '/home/ws/ugv_ws/install/explore_lite/bin'
[3.091s] INFO:colcon.colcon_core.shell:Creating package script '/home/ws/ugv_ws/install/explore_lite/share/explore_lite/package.ps1'
[3.093s] INFO:colcon.colcon_core.shell:Creating package descriptor '/home/ws/ugv_ws/install/explore_lite/share/explore_lite/package.dsv'
[3.096s] INFO:colcon.colcon_core.shell:Creating package script '/home/ws/ugv_ws/install/explore_lite/share/explore_lite/package.sh'
[3.097s] INFO:colcon.colcon_core.shell:Creating package script '/home/ws/ugv_ws/install/explore_lite/share/explore_lite/package.bash'
[3.098s] INFO:colcon.colcon_core.shell:Creating package script '/home/ws/ugv_ws/install/explore_lite/share/explore_lite/package.zsh'
[3.099s] Level 1:colcon.colcon_core.environment:create_file_with_runtime_dependencies(/home/ws/ugv_ws/install/explore_lite/share/colcon-core/packages/explore_lite)
[3.101s] Level 1:colcon.colcon_core.environment:create_environment_scripts_only(emcl2)
[3.102s] Level 1:colcon.colcon_core.environment:checking '/home/ws/ugv_ws/install/emcl2' for CMake module files
[3.104s] Level 1:colcon.colcon_core.environment:checking '/home/ws/ugv_ws/install/emcl2' for CMake config files
[3.104s] Level 1:colcon.colcon_core.shell:create_environment_hook('emcl2', 'cmake_prefix_path')
[3.105s] INFO:colcon.colcon_core.shell:Creating environment hook '/home/ws/ugv_ws/install/emcl2/share/emcl2/hook/cmake_prefix_path.ps1'
[3.106s] INFO:colcon.colcon_core.shell:Creating environment descriptor '/home/ws/ugv_ws/install/emcl2/share/emcl2/hook/cmake_prefix_path.dsv'
[3.107s] INFO:colcon.colcon_core.shell:Creating environment hook '/home/ws/ugv_ws/install/emcl2/share/emcl2/hook/cmake_prefix_path.sh'
[3.109s] Level 1:colcon.colcon_core.environment:checking '/home/ws/ugv_ws/install/emcl2/lib'
[3.109s] Level 1:colcon.colcon_core.environment:checking '/home/ws/ugv_ws/install/emcl2/bin'
[3.110s] Level 1:colcon.colcon_core.environment:checking '/home/ws/ugv_ws/install/emcl2/lib/pkgconfig/emcl2.pc'
[3.110s] Level 1:colcon.colcon_core.environment:checking '/home/ws/ugv_ws/install/emcl2/lib/python3.10/site-packages'
[3.111s] Level 1:colcon.colcon_core.environment:checking '/home/ws/ugv_ws/install/emcl2/bin'
[3.111s] INFO:colcon.colcon_core.shell:Creating package script '/home/ws/ugv_ws/install/emcl2/share/emcl2/package.ps1'
[3.113s] INFO:colcon.colcon_core.shell:Creating package descriptor '/home/ws/ugv_ws/install/emcl2/share/emcl2/package.dsv'
[3.114s] INFO:colcon.colcon_core.shell:Creating package script '/home/ws/ugv_ws/install/emcl2/share/emcl2/package.sh'
[3.115s] INFO:colcon.colcon_core.shell:Creating package script '/home/ws/ugv_ws/install/emcl2/share/emcl2/package.bash'
[3.120s] INFO:colcon.colcon_core.shell:Creating package script '/home/ws/ugv_ws/install/emcl2/share/emcl2/package.zsh'
[3.121s] Level 1:colcon.colcon_core.environment:create_file_with_runtime_dependencies(/home/ws/ugv_ws/install/emcl2/share/colcon-core/packages/emcl2)
[3.122s] INFO:colcon.colcon_ros.task.ament_cmake.build:Building ROS package in '/home/ws/ugv_ws/src/ugv_else/rf2o_laser_odometry' with build type 'ament_cmake'
[3.123s] INFO:colcon.colcon_cmake.task.cmake.build:Building CMake package in '/home/ws/ugv_ws/src/ugv_else/rf2o_laser_odometry'
[3.123s] INFO:colcon.colcon_core.shell:Skip shell extension 'powershell' for command environment: Not usable outside of PowerShell
[3.123s] DEBUG:colcon.colcon_core.shell:Skip shell extension 'dsv' for command environment
[3.143s] DEBUG:colcon.colcon_core.event_handler.log_command:Invoking command in '/home/ws/ugv_ws/build/rf2o_laser_odometry': CMAKE_PREFIX_PATH=${CMAKE_PREFIX_PATH}:/home/ws/ugv_ws/install/ugv_web_app:/home/ws/ugv_ws/install/ugv_vision:/home/ws/ugv_ws/install/ugv_tools:/home/ws/ugv_ws/install/ugv_chat_ai:/home/ws/ugv_ws/install/ugv_bringup:/opt/ros/humble /usr/bin/cmake --build /home/ws/ugv_ws/build/rf2o_laser_odometry -- -j4 -l4
[3.147s] Level 1:colcon.colcon_core.environment:create_environment_scripts_only(explore_lite)
[3.147s] Level 1:colcon.colcon_core.environment:checking '/home/ws/ugv_ws/install/explore_lite' for CMake module files
[3.148s] Level 1:colcon.colcon_core.environment:checking '/home/ws/ugv_ws/install/explore_lite' for CMake config files
[3.149s] Level 1:colcon.colcon_core.shell:create_environment_hook('explore_lite', 'cmake_prefix_path')
[3.149s] INFO:colcon.colcon_core.shell:Creating environment hook '/home/ws/ugv_ws/install/explore_lite/share/explore_lite/hook/cmake_prefix_path.ps1'
[3.150s] INFO:colcon.colcon_core.shell:Creating environment descriptor '/home/ws/ugv_ws/install/explore_lite/share/explore_lite/hook/cmake_prefix_path.dsv'
[3.151s] INFO:colcon.colcon_core.shell:Creating environment hook '/home/ws/ugv_ws/install/explore_lite/share/explore_lite/hook/cmake_prefix_path.sh'
[3.153s] Level 1:colcon.colcon_core.environment:checking '/home/ws/ugv_ws/install/explore_lite/lib'
[3.153s] Level 1:colcon.colcon_core.environment:checking '/home/ws/ugv_ws/install/explore_lite/bin'
[3.153s] Level 1:colcon.colcon_core.environment:checking '/home/ws/ugv_ws/install/explore_lite/lib/pkgconfig/explore_lite.pc'
[3.154s] Level 1:colcon.colcon_core.environment:checking '/home/ws/ugv_ws/install/explore_lite/lib/python3.10/site-packages'
[3.154s] Level 1:colcon.colcon_core.environment:checking '/home/ws/ugv_ws/install/explore_lite/bin'
[3.155s] INFO:colcon.colcon_core.shell:Creating package script '/home/ws/ugv_ws/install/explore_lite/share/explore_lite/package.ps1'
[3.156s] INFO:colcon.colcon_core.shell:Creating package descriptor '/home/ws/ugv_ws/install/explore_lite/share/explore_lite/package.dsv'
[3.157s] INFO:colcon.colcon_core.shell:Creating package script '/home/ws/ugv_ws/install/explore_lite/share/explore_lite/package.sh'
[3.158s] INFO:colcon.colcon_core.shell:Creating package script '/home/ws/ugv_ws/install/explore_lite/share/explore_lite/package.bash'
[3.162s] INFO:colcon.colcon_core.shell:Creating package script '/home/ws/ugv_ws/install/explore_lite/share/explore_lite/package.zsh'
[3.163s] Level 1:colcon.colcon_core.environment:create_file_with_runtime_dependencies(/home/ws/ugv_ws/install/explore_lite/share/colcon-core/packages/explore_lite)
[3.165s] INFO:colcon.colcon_ros.task.ament_cmake.build:Building ROS package in '/home/ws/ugv_ws/src/ugv_else/robot_pose_publisher' with build type 'ament_cmake'
[3.165s] INFO:colcon.colcon_cmake.task.cmake.build:Building CMake package in '/home/ws/ugv_ws/src/ugv_else/robot_pose_publisher'
[3.166s] INFO:colcon.colcon_core.shell:Skip shell extension 'powershell' for command environment: Not usable outside of PowerShell
[3.166s] DEBUG:colcon.colcon_core.shell:Skip shell extension 'dsv' for command environment
[3.183s] DEBUG:colcon.colcon_core.event_handler.log_command:Invoking command in '/home/ws/ugv_ws/build/robot_pose_publisher': CMAKE_PREFIX_PATH=${CMAKE_PREFIX_PATH}:/home/ws/ugv_ws/install/ugv_web_app:/home/ws/ugv_ws/install/ugv_vision:/home/ws/ugv_ws/install/ugv_tools:/home/ws/ugv_ws/install/ugv_chat_ai:/home/ws/ugv_ws/install/ugv_bringup:/opt/ros/humble /usr/bin/cmake --build /home/ws/ugv_ws/build/robot_pose_publisher -- -j4 -l4
[3.189s] DEBUG:colcon.colcon_core.event_handler.log_command:Invoked command in '/home/ws/ugv_ws/build/ldlidar' returned '0': CMAKE_PREFIX_PATH=${CMAKE_PREFIX_PATH}:/home/ws/ugv_ws/install/ugv_web_app:/home/ws/ugv_ws/install/ugv_vision:/home/ws/ugv_ws/install/ugv_tools:/home/ws/ugv_ws/install/ugv_chat_ai:/home/ws/ugv_ws/install/ugv_bringup:/opt/ros/humble /usr/bin/cmake --build /home/ws/ugv_ws/build/ldlidar -- -j4 -l4
[3.230s] DEBUG:colcon.colcon_core.event_handler.log_command:Invoking command in '/home/ws/ugv_ws/build/teb_msgs': CMAKE_PREFIX_PATH=/home/ws/ugv_ws/install/costmap_converter_msgs:/home/ws/ugv_ws/install/vizanti:/home/ws/ugv_ws/install/vizanti_server:/home/ws/ugv_ws/install/vizanti_demos:/home/ws/ugv_ws/install/vizanti_msgs:/home/ws/ugv_ws/install/vizanti_cpp:/home/ws/ugv_ws/install/ugv_slam:/home/ws/ugv_ws/install/ugv_nav:/home/ws/ugv_ws/install/ugv_interface:/home/ws/ugv_ws/install/ugv_gazebo:/home/ws/ugv_ws/install/ugv_description:/home/ws/ugv_ws/install/ugv_base_node:/home/ws/ugv_ws/install/teb_local_planner:/home/ws/ugv_ws/install/teb_msgs:/home/ws/ugv_ws/install/slam_gmapping:/home/ws/ugv_ws/install/robot_pose_publisher:/home/ws/ugv_ws/install/rf2o_laser_odometry:/home/ws/ugv_ws/install/openslam_gmapping:/home/ws/ugv_ws/install/ldlidar:/home/ws/ugv_ws/install/explore_lite:/home/ws/ugv_ws/install/emcl2:/home/ws/ugv_ws/install/costmap_converter:/home/ws/ugv_ws/install/cartographer:/home/ws/ugv_ws/install/apriltag_ros:/home/ws/ugv_ws/install/apriltag_msgs:/home/ws/ugv_ws/install/apriltag:/home/ws/ugv_ws/install/ugv_web_app:/home/ws/ugv_ws/install/ugv_vision:/home/ws/ugv_ws/install/ugv_tools:/home/ws/ugv_ws/install/ugv_chat_ai:/home/ws/ugv_ws/install/ugv_bringup:/opt/ros/humble LD_LIBRARY_PATH=/home/ws/ugv_ws/install/costmap_converter_msgs/lib:/home/ws/ugv_ws/install/vizanti_msgs/lib:/home/ws/ugv_ws/install/ugv_interface/lib:/home/ws/ugv_ws/install/teb_local_planner/lib:/home/ws/ugv_ws/install/teb_msgs/lib:/home/ws/ugv_ws/install/openslam_gmapping/lib:/home/ws/ugv_ws/install/costmap_converter/lib:/home/ws/ugv_ws/install/apriltag_ros/lib:/home/ws/ugv_ws/install/apriltag_msgs/lib:/home/ws/ugv_ws/install/apriltag/lib:/opt/ros/humble/opt/rviz_ogre_vendor/lib:/opt/ros/humble/lib/aarch64-linux-gnu:/opt/ros/humble/lib /usr/bin/cmake --install /home/ws/ugv_ws/build/teb_msgs
[3.275s] DEBUG:colcon.colcon_core.event_handler.log_command:Invoking command in '/home/ws/ugv_ws/build/ldlidar': CMAKE_PREFIX_PATH=${CMAKE_PREFIX_PATH}:/home/ws/ugv_ws/install/ugv_web_app:/home/ws/ugv_ws/install/ugv_vision:/home/ws/ugv_ws/install/ugv_tools:/home/ws/ugv_ws/install/ugv_chat_ai:/home/ws/ugv_ws/install/ugv_bringup:/opt/ros/humble /usr/bin/cmake --install /home/ws/ugv_ws/build/ldlidar
[3.284s] DEBUG:colcon.colcon_core.event_handler.log_command:Invoked command in '/home/ws/ugv_ws/build/rf2o_laser_odometry' returned '0': CMAKE_PREFIX_PATH=${CMAKE_PREFIX_PATH}:/home/ws/ugv_ws/install/ugv_web_app:/home/ws/ugv_ws/install/ugv_vision:/home/ws/ugv_ws/install/ugv_tools:/home/ws/ugv_ws/install/ugv_chat_ai:/home/ws/ugv_ws/install/ugv_bringup:/opt/ros/humble /usr/bin/cmake --build /home/ws/ugv_ws/build/rf2o_laser_odometry -- -j4 -l4
[3.292s] Level 1:colcon.colcon_core.environment:create_environment_scripts_only(ldlidar)
[3.292s] Level 1:colcon.colcon_core.environment:checking '/home/ws/ugv_ws/install/ldlidar' for CMake module files
[3.293s] Level 1:colcon.colcon_core.environment:checking '/home/ws/ugv_ws/install/ldlidar' for CMake config files
[3.294s] DEBUG:colcon.colcon_core.event_handler.log_command:Invoked command in '/home/ws/ugv_ws/build/ldlidar' returned '0': CMAKE_PREFIX_PATH=${CMAKE_PREFIX_PATH}:/home/ws/ugv_ws/install/ugv_web_app:/home/ws/ugv_ws/install/ugv_vision:/home/ws/ugv_ws/install/ugv_tools:/home/ws/ugv_ws/install/ugv_chat_ai:/home/ws/ugv_ws/install/ugv_bringup:/opt/ros/humble /usr/bin/cmake --install /home/ws/ugv_ws/build/ldlidar
[3.294s] Level 1:colcon.colcon_core.shell:create_environment_hook('ldlidar', 'cmake_prefix_path')
[3.295s] INFO:colcon.colcon_core.shell:Creating environment hook '/home/ws/ugv_ws/install/ldlidar/share/ldlidar/hook/cmake_prefix_path.ps1'
[3.296s] INFO:colcon.colcon_core.shell:Creating environment descriptor '/home/ws/ugv_ws/install/ldlidar/share/ldlidar/hook/cmake_prefix_path.dsv'
[3.297s] INFO:colcon.colcon_core.shell:Creating environment hook '/home/ws/ugv_ws/install/ldlidar/share/ldlidar/hook/cmake_prefix_path.sh'
[3.298s] Level 1:colcon.colcon_core.environment:checking '/home/ws/ugv_ws/install/ldlidar/lib'
[3.298s] Level 1:colcon.colcon_core.environment:checking '/home/ws/ugv_ws/install/ldlidar/bin'
[3.298s] Level 1:colcon.colcon_core.environment:checking '/home/ws/ugv_ws/install/ldlidar/lib/pkgconfig/ldlidar.pc'
[3.299s] Level 1:colcon.colcon_core.environment:checking '/home/ws/ugv_ws/install/ldlidar/lib/python3.10/site-packages'
[3.299s] Level 1:colcon.colcon_core.environment:checking '/home/ws/ugv_ws/install/ldlidar/bin'
[3.300s] INFO:colcon.colcon_core.shell:Creating package script '/home/ws/ugv_ws/install/ldlidar/share/ldlidar/package.ps1'
[3.301s] INFO:colcon.colcon_core.shell:Creating package descriptor '/home/ws/ugv_ws/install/ldlidar/share/ldlidar/package.dsv'
[3.302s] INFO:colcon.colcon_core.shell:Creating package script '/home/ws/ugv_ws/install/ldlidar/share/ldlidar/package.sh'
[3.302s] INFO:colcon.colcon_core.shell:Creating package script '/home/ws/ugv_ws/install/ldlidar/share/ldlidar/package.bash'
[3.304s] INFO:colcon.colcon_core.shell:Creating package script '/home/ws/ugv_ws/install/ldlidar/share/ldlidar/package.zsh'
[3.306s] Level 1:colcon.colcon_core.environment:create_file_with_runtime_dependencies(/home/ws/ugv_ws/install/ldlidar/share/colcon-core/packages/ldlidar)
[3.317s] DEBUG:colcon.colcon_core.event_handler.log_command:Invoked command in '/home/ws/ugv_ws/build/robot_pose_publisher' returned '0': CMAKE_PREFIX_PATH=${CMAKE_PREFIX_PATH}:/home/ws/ugv_ws/install/ugv_web_app:/home/ws/ugv_ws/install/ugv_vision:/home/ws/ugv_ws/install/ugv_tools:/home/ws/ugv_ws/install/ugv_chat_ai:/home/ws/ugv_ws/install/ugv_bringup:/opt/ros/humble /usr/bin/cmake --build /home/ws/ugv_ws/build/robot_pose_publisher -- -j4 -l4
[3.339s] DEBUG:colcon.colcon_core.event_handler.log_command:Invoking command in '/home/ws/ugv_ws/build/rf2o_laser_odometry': CMAKE_PREFIX_PATH=${CMAKE_PREFIX_PATH}:/home/ws/ugv_ws/install/ugv_web_app:/home/ws/ugv_ws/install/ugv_vision:/home/ws/ugv_ws/install/ugv_tools:/home/ws/ugv_ws/install/ugv_chat_ai:/home/ws/ugv_ws/install/ugv_bringup:/opt/ros/humble /usr/bin/cmake --install /home/ws/ugv_ws/build/rf2o_laser_odometry
[3.356s] Level 1:colcon.colcon_core.environment:create_environment_scripts_only(rf2o_laser_odometry)
[3.356s] Level 1:colcon.colcon_core.environment:checking '/home/ws/ugv_ws/install/rf2o_laser_odometry' for CMake module files
[3.361s] DEBUG:colcon.colcon_core.event_handler.log_command:Invoked command in '/home/ws/ugv_ws/build/rf2o_laser_odometry' returned '0': CMAKE_PREFIX_PATH=${CMAKE_PREFIX_PATH}:/home/ws/ugv_ws/install/ugv_web_app:/home/ws/ugv_ws/install/ugv_vision:/home/ws/ugv_ws/install/ugv_tools:/home/ws/ugv_ws/install/ugv_chat_ai:/home/ws/ugv_ws/install/ugv_bringup:/opt/ros/humble /usr/bin/cmake --install /home/ws/ugv_ws/build/rf2o_laser_odometry
[3.362s] Level 1:colcon.colcon_core.environment:checking '/home/ws/ugv_ws/install/rf2o_laser_odometry' for CMake config files
[3.362s] Level 1:colcon.colcon_core.shell:create_environment_hook('rf2o_laser_odometry', 'cmake_prefix_path')
[3.363s] INFO:colcon.colcon_core.shell:Creating environment hook '/home/ws/ugv_ws/install/rf2o_laser_odometry/share/rf2o_laser_odometry/hook/cmake_prefix_path.ps1'
[3.363s] INFO:colcon.colcon_core.shell:Creating environment descriptor '/home/ws/ugv_ws/install/rf2o_laser_odometry/share/rf2o_laser_odometry/hook/cmake_prefix_path.dsv'
[3.364s] INFO:colcon.colcon_core.shell:Creating environment hook '/home/ws/ugv_ws/install/rf2o_laser_odometry/share/rf2o_laser_odometry/hook/cmake_prefix_path.sh'
[3.365s] Level 1:colcon.colcon_core.environment:checking '/home/ws/ugv_ws/install/rf2o_laser_odometry/lib'
[3.365s] Level 1:colcon.colcon_core.environment:checking '/home/ws/ugv_ws/install/rf2o_laser_odometry/bin'
[3.365s] Level 1:colcon.colcon_core.environment:checking '/home/ws/ugv_ws/install/rf2o_laser_odometry/lib/pkgconfig/rf2o_laser_odometry.pc'
[3.366s] Level 1:colcon.colcon_core.environment:checking '/home/ws/ugv_ws/install/rf2o_laser_odometry/lib/python3.10/site-packages'
[3.367s] Level 1:colcon.colcon_core.environment:checking '/home/ws/ugv_ws/install/rf2o_laser_odometry/bin'
[3.368s] INFO:colcon.colcon_core.shell:Creating package script '/home/ws/ugv_ws/install/rf2o_laser_odometry/share/rf2o_laser_odometry/package.ps1'
[3.368s] INFO:colcon.colcon_core.shell:Creating package descriptor '/home/ws/ugv_ws/install/rf2o_laser_odometry/share/rf2o_laser_odometry/package.dsv'
[3.369s] INFO:colcon.colcon_core.shell:Creating package script '/home/ws/ugv_ws/install/rf2o_laser_odometry/share/rf2o_laser_odometry/package.sh'
[3.370s] INFO:colcon.colcon_core.shell:Creating package script '/home/ws/ugv_ws/install/rf2o_laser_odometry/share/rf2o_laser_odometry/package.bash'
[3.370s] INFO:colcon.colcon_core.shell:Creating package script '/home/ws/ugv_ws/install/rf2o_laser_odometry/share/rf2o_laser_odometry/package.zsh'
[3.371s] Level 1:colcon.colcon_core.environment:create_file_with_runtime_dependencies(/home/ws/ugv_ws/install/rf2o_laser_odometry/share/colcon-core/packages/rf2o_laser_odometry)
[3.375s] DEBUG:colcon.colcon_core.event_handler.log_command:Invoking command in '/home/ws/ugv_ws/build/robot_pose_publisher': CMAKE_PREFIX_PATH=${CMAKE_PREFIX_PATH}:/home/ws/ugv_ws/install/ugv_web_app:/home/ws/ugv_ws/install/ugv_vision:/home/ws/ugv_ws/install/ugv_tools:/home/ws/ugv_ws/install/ugv_chat_ai:/home/ws/ugv_ws/install/ugv_bringup:/opt/ros/humble /usr/bin/cmake --install /home/ws/ugv_ws/build/robot_pose_publisher
[3.376s] Level 1:colcon.colcon_core.environment:create_environment_scripts_only(teb_msgs)
[3.377s] DEBUG:colcon.colcon_core.event_handler.log_command:Invoked command in '/home/ws/ugv_ws/build/teb_msgs' returned '0': CMAKE_PREFIX_PATH=/home/ws/ugv_ws/install/costmap_converter_msgs:/home/ws/ugv_ws/install/vizanti:/home/ws/ugv_ws/install/vizanti_server:/home/ws/ugv_ws/install/vizanti_demos:/home/ws/ugv_ws/install/vizanti_msgs:/home/ws/ugv_ws/install/vizanti_cpp:/home/ws/ugv_ws/install/ugv_slam:/home/ws/ugv_ws/install/ugv_nav:/home/ws/ugv_ws/install/ugv_interface:/home/ws/ugv_ws/install/ugv_gazebo:/home/ws/ugv_ws/install/ugv_description:/home/ws/ugv_ws/install/ugv_base_node:/home/ws/ugv_ws/install/teb_local_planner:/home/ws/ugv_ws/install/teb_msgs:/home/ws/ugv_ws/install/slam_gmapping:/home/ws/ugv_ws/install/robot_pose_publisher:/home/ws/ugv_ws/install/rf2o_laser_odometry:/home/ws/ugv_ws/install/openslam_gmapping:/home/ws/ugv_ws/install/ldlidar:/home/ws/ugv_ws/install/explore_lite:/home/ws/ugv_ws/install/emcl2:/home/ws/ugv_ws/install/costmap_converter:/home/ws/ugv_ws/install/cartographer:/home/ws/ugv_ws/install/apriltag_ros:/home/ws/ugv_ws/install/apriltag_msgs:/home/ws/ugv_ws/install/apriltag:/home/ws/ugv_ws/install/ugv_web_app:/home/ws/ugv_ws/install/ugv_vision:/home/ws/ugv_ws/install/ugv_tools:/home/ws/ugv_ws/install/ugv_chat_ai:/home/ws/ugv_ws/install/ugv_bringup:/opt/ros/humble LD_LIBRARY_PATH=/home/ws/ugv_ws/install/costmap_converter_msgs/lib:/home/ws/ugv_ws/install/vizanti_msgs/lib:/home/ws/ugv_ws/install/ugv_interface/lib:/home/ws/ugv_ws/install/teb_local_planner/lib:/home/ws/ugv_ws/install/teb_msgs/lib:/home/ws/ugv_ws/install/openslam_gmapping/lib:/home/ws/ugv_ws/install/costmap_converter/lib:/home/ws/ugv_ws/install/apriltag_ros/lib:/home/ws/ugv_ws/install/apriltag_msgs/lib:/home/ws/ugv_ws/install/apriltag/lib:/opt/ros/humble/opt/rviz_ogre_vendor/lib:/opt/ros/humble/lib/aarch64-linux-gnu:/opt/ros/humble/lib /usr/bin/cmake --install /home/ws/ugv_ws/build/teb_msgs
[3.377s] Level 1:colcon.colcon_core.environment:checking '/home/ws/ugv_ws/install/teb_msgs' for CMake module files
[3.378s] Level 1:colcon.colcon_core.environment:checking '/home/ws/ugv_ws/install/teb_msgs' for CMake config files
[3.379s] Level 1:colcon.colcon_core.shell:create_environment_hook('teb_msgs', 'cmake_prefix_path')
[3.380s] INFO:colcon.colcon_core.shell:Creating environment hook '/home/ws/ugv_ws/install/teb_msgs/share/teb_msgs/hook/cmake_prefix_path.ps1'
[3.381s] INFO:colcon.colcon_core.shell:Creating environment descriptor '/home/ws/ugv_ws/install/teb_msgs/share/teb_msgs/hook/cmake_prefix_path.dsv'
[3.382s] INFO:colcon.colcon_core.shell:Creating environment hook '/home/ws/ugv_ws/install/teb_msgs/share/teb_msgs/hook/cmake_prefix_path.sh'
[3.383s] Level 1:colcon.colcon_core.environment:checking '/home/ws/ugv_ws/install/teb_msgs/lib'
[3.383s] Level 1:colcon.colcon_core.shell:create_environment_hook('teb_msgs', 'ld_library_path_lib')
[3.383s] INFO:colcon.colcon_core.shell:Creating environment hook '/home/ws/ugv_ws/install/teb_msgs/share/teb_msgs/hook/ld_library_path_lib.ps1'
[3.384s] INFO:colcon.colcon_core.shell:Creating environment descriptor '/home/ws/ugv_ws/install/teb_msgs/share/teb_msgs/hook/ld_library_path_lib.dsv'
[3.385s] INFO:colcon.colcon_core.shell:Creating environment hook '/home/ws/ugv_ws/install/teb_msgs/share/teb_msgs/hook/ld_library_path_lib.sh'
[3.386s] Level 1:colcon.colcon_core.environment:checking '/home/ws/ugv_ws/install/teb_msgs/bin'
[3.386s] Level 1:colcon.colcon_core.environment:checking '/home/ws/ugv_ws/install/teb_msgs/lib/pkgconfig/teb_msgs.pc'
[3.387s] Level 1:colcon.colcon_core.environment:checking '/home/ws/ugv_ws/install/teb_msgs/lib/python3.10/site-packages'
[3.387s] Level 1:colcon.colcon_core.environment:checking '/home/ws/ugv_ws/install/teb_msgs/bin'
[3.388s] INFO:colcon.colcon_core.shell:Creating package script '/home/ws/ugv_ws/install/teb_msgs/share/teb_msgs/package.ps1'
[3.390s] INFO:colcon.colcon_core.shell:Creating package descriptor '/home/ws/ugv_ws/install/teb_msgs/share/teb_msgs/package.dsv'
[3.390s] INFO:colcon.colcon_core.shell:Creating package script '/home/ws/ugv_ws/install/teb_msgs/share/teb_msgs/package.sh'
[3.391s] INFO:colcon.colcon_core.shell:Creating package script '/home/ws/ugv_ws/install/teb_msgs/share/teb_msgs/package.bash'
[3.392s] INFO:colcon.colcon_core.shell:Creating package script '/home/ws/ugv_ws/install/teb_msgs/share/teb_msgs/package.zsh'
[3.392s] Level 1:colcon.colcon_core.environment:create_file_with_runtime_dependencies(/home/ws/ugv_ws/install/teb_msgs/share/colcon-core/packages/teb_msgs)
[3.395s] Level 1:colcon.colcon_core.environment:create_environment_scripts_only(ldlidar)
[3.395s] Level 1:colcon.colcon_core.environment:checking '/home/ws/ugv_ws/install/ldlidar' for CMake module files
[3.396s] Level 1:colcon.colcon_core.environment:checking '/home/ws/ugv_ws/install/ldlidar' for CMake config files
[3.397s] Level 1:colcon.colcon_core.shell:create_environment_hook('ldlidar', 'cmake_prefix_path')
[3.397s] INFO:colcon.colcon_core.shell:Creating environment hook '/home/ws/ugv_ws/install/ldlidar/share/ldlidar/hook/cmake_prefix_path.ps1'
[3.398s] INFO:colcon.colcon_core.shell:Creating environment descriptor '/home/ws/ugv_ws/install/ldlidar/share/ldlidar/hook/cmake_prefix_path.dsv'
[3.399s] INFO:colcon.colcon_core.shell:Creating environment hook '/home/ws/ugv_ws/install/ldlidar/share/ldlidar/hook/cmake_prefix_path.sh'
[3.400s] Level 1:colcon.colcon_core.environment:checking '/home/ws/ugv_ws/install/ldlidar/lib'
[3.400s] Level 1:colcon.colcon_core.environment:checking '/home/ws/ugv_ws/install/ldlidar/bin'
[3.400s] Level 1:colcon.colcon_core.environment:checking '/home/ws/ugv_ws/install/ldlidar/lib/pkgconfig/ldlidar.pc'
[3.401s] Level 1:colcon.colcon_core.environment:checking '/home/ws/ugv_ws/install/ldlidar/lib/python3.10/site-packages'
[3.401s] Level 1:colcon.colcon_core.environment:checking '/home/ws/ugv_ws/install/ldlidar/bin'
[3.402s] INFO:colcon.colcon_core.shell:Creating package script '/home/ws/ugv_ws/install/ldlidar/share/ldlidar/package.ps1'
[3.403s] INFO:colcon.colcon_core.shell:Creating package descriptor '/home/ws/ugv_ws/install/ldlidar/share/ldlidar/package.dsv'
[3.404s] INFO:colcon.colcon_core.shell:Creating package script '/home/ws/ugv_ws/install/ldlidar/share/ldlidar/package.sh'
[3.405s] INFO:colcon.colcon_core.shell:Creating package script '/home/ws/ugv_ws/install/ldlidar/share/ldlidar/package.bash'
[3.406s] INFO:colcon.colcon_core.shell:Creating package script '/home/ws/ugv_ws/install/ldlidar/share/ldlidar/package.zsh'
[3.407s] Level 1:colcon.colcon_core.environment:create_file_with_runtime_dependencies(/home/ws/ugv_ws/install/ldlidar/share/colcon-core/packages/ldlidar)
[3.408s] INFO:colcon.colcon_ros.task.ament_cmake.build:Building ROS package in '/home/ws/ugv_ws/src/ugv_main/ugv_base_node' with build type 'ament_cmake'
[3.409s] INFO:colcon.colcon_cmake.task.cmake.build:Building CMake package in '/home/ws/ugv_ws/src/ugv_main/ugv_base_node'
[3.409s] INFO:colcon.colcon_core.shell:Skip shell extension 'powershell' for command environment: Not usable outside of PowerShell
[3.409s] DEBUG:colcon.colcon_core.shell:Skip shell extension 'dsv' for command environment
[3.419s] Level 1:colcon.colcon_core.environment:create_environment_scripts_only(rf2o_laser_odometry)
[3.419s] Level 1:colcon.colcon_core.environment:checking '/home/ws/ugv_ws/install/rf2o_laser_odometry' for CMake module files
[3.420s] Level 1:colcon.colcon_core.environment:checking '/home/ws/ugv_ws/install/rf2o_laser_odometry' for CMake config files
[3.420s] Level 1:colcon.colcon_core.shell:create_environment_hook('rf2o_laser_odometry', 'cmake_prefix_path')
[3.421s] INFO:colcon.colcon_core.shell:Creating environment hook '/home/ws/ugv_ws/install/rf2o_laser_odometry/share/rf2o_laser_odometry/hook/cmake_prefix_path.ps1'
[3.421s] INFO:colcon.colcon_core.shell:Creating environment descriptor '/home/ws/ugv_ws/install/rf2o_laser_odometry/share/rf2o_laser_odometry/hook/cmake_prefix_path.dsv'
[3.425s] INFO:colcon.colcon_core.shell:Creating environment hook '/home/ws/ugv_ws/install/rf2o_laser_odometry/share/rf2o_laser_odometry/hook/cmake_prefix_path.sh'
[3.426s] Level 1:colcon.colcon_core.environment:checking '/home/ws/ugv_ws/install/rf2o_laser_odometry/lib'
[3.426s] Level 1:colcon.colcon_core.environment:checking '/home/ws/ugv_ws/install/rf2o_laser_odometry/bin'
[3.426s] Level 1:colcon.colcon_core.environment:checking '/home/ws/ugv_ws/install/rf2o_laser_odometry/lib/pkgconfig/rf2o_laser_odometry.pc'
[3.426s] Level 1:colcon.colcon_core.environment:checking '/home/ws/ugv_ws/install/rf2o_laser_odometry/lib/python3.10/site-packages'
[3.427s] Level 1:colcon.colcon_core.environment:checking '/home/ws/ugv_ws/install/rf2o_laser_odometry/bin'
[3.427s] INFO:colcon.colcon_core.shell:Creating package script '/home/ws/ugv_ws/install/rf2o_laser_odometry/share/rf2o_laser_odometry/package.ps1'
[3.428s] INFO:colcon.colcon_core.shell:Creating package descriptor '/home/ws/ugv_ws/install/rf2o_laser_odometry/share/rf2o_laser_odometry/package.dsv'
[3.429s] INFO:colcon.colcon_core.shell:Creating package script '/home/ws/ugv_ws/install/rf2o_laser_odometry/share/rf2o_laser_odometry/package.sh'
[3.430s] INFO:colcon.colcon_core.shell:Creating package script '/home/ws/ugv_ws/install/rf2o_laser_odometry/share/rf2o_laser_odometry/package.bash'
[3.430s] INFO:colcon.colcon_core.shell:Creating package script '/home/ws/ugv_ws/install/rf2o_laser_odometry/share/rf2o_laser_odometry/package.zsh'
[3.431s] Level 1:colcon.colcon_core.environment:create_file_with_runtime_dependencies(/home/ws/ugv_ws/install/rf2o_laser_odometry/share/colcon-core/packages/rf2o_laser_odometry)
[3.432s] Level 1:colcon.colcon_core.environment:create_environment_scripts_only(robot_pose_publisher)
[3.432s] Level 1:colcon.colcon_core.environment:checking '/home/ws/ugv_ws/install/robot_pose_publisher' for CMake module files
[3.433s] Level 1:colcon.colcon_core.environment:checking '/home/ws/ugv_ws/install/robot_pose_publisher' for CMake config files
[3.434s] DEBUG:colcon.colcon_core.event_handler.log_command:Invoked command in '/home/ws/ugv_ws/build/robot_pose_publisher' returned '0': CMAKE_PREFIX_PATH=${CMAKE_PREFIX_PATH}:/home/ws/ugv_ws/install/ugv_web_app:/home/ws/ugv_ws/install/ugv_vision:/home/ws/ugv_ws/install/ugv_tools:/home/ws/ugv_ws/install/ugv_chat_ai:/home/ws/ugv_ws/install/ugv_bringup:/opt/ros/humble /usr/bin/cmake --install /home/ws/ugv_ws/build/robot_pose_publisher
[3.434s] Level 1:colcon.colcon_core.shell:create_environment_hook('robot_pose_publisher', 'cmake_prefix_path')
[3.435s] INFO:colcon.colcon_core.shell:Creating environment hook '/home/ws/ugv_ws/install/robot_pose_publisher/share/robot_pose_publisher/hook/cmake_prefix_path.ps1'
[3.435s] INFO:colcon.colcon_core.shell:Creating environment descriptor '/home/ws/ugv_ws/install/robot_pose_publisher/share/robot_pose_publisher/hook/cmake_prefix_path.dsv'
[3.436s] INFO:colcon.colcon_core.shell:Creating environment hook '/home/ws/ugv_ws/install/robot_pose_publisher/share/robot_pose_publisher/hook/cmake_prefix_path.sh'
[3.437s] Level 1:colcon.colcon_core.environment:checking '/home/ws/ugv_ws/install/robot_pose_publisher/lib'
[3.437s] Level 1:colcon.colcon_core.environment:checking '/home/ws/ugv_ws/install/robot_pose_publisher/bin'
[3.437s] Level 1:colcon.colcon_core.environment:checking '/home/ws/ugv_ws/install/robot_pose_publisher/lib/pkgconfig/robot_pose_publisher.pc'
[3.437s] Level 1:colcon.colcon_core.environment:checking '/home/ws/ugv_ws/install/robot_pose_publisher/lib/python3.10/site-packages'
[3.438s] Level 1:colcon.colcon_core.environment:checking '/home/ws/ugv_ws/install/robot_pose_publisher/bin'
[3.438s] INFO:colcon.colcon_core.shell:Creating package script '/home/ws/ugv_ws/install/robot_pose_publisher/share/robot_pose_publisher/package.ps1'
[3.439s] INFO:colcon.colcon_core.shell:Creating package descriptor '/home/ws/ugv_ws/install/robot_pose_publisher/share/robot_pose_publisher/package.dsv'
[3.439s] INFO:colcon.colcon_core.shell:Creating package script '/home/ws/ugv_ws/install/robot_pose_publisher/share/robot_pose_publisher/package.sh'
[3.443s] INFO:colcon.colcon_core.shell:Creating package script '/home/ws/ugv_ws/install/robot_pose_publisher/share/robot_pose_publisher/package.bash'
[3.444s] INFO:colcon.colcon_core.shell:Creating package script '/home/ws/ugv_ws/install/robot_pose_publisher/share/robot_pose_publisher/package.zsh'
[3.445s] Level 1:colcon.colcon_core.environment:create_file_with_runtime_dependencies(/home/ws/ugv_ws/install/robot_pose_publisher/share/colcon-core/packages/robot_pose_publisher)
[3.447s] INFO:colcon.colcon_ros.task.ament_cmake.build:Building ROS package in '/home/ws/ugv_ws/src/ugv_main/ugv_interface' with build type 'ament_cmake'
[3.447s] INFO:colcon.colcon_cmake.task.cmake.build:Building CMake package in '/home/ws/ugv_ws/src/ugv_main/ugv_interface'
[3.447s] INFO:colcon.colcon_core.shell:Skip shell extension 'powershell' for command environment: Not usable outside of PowerShell
[3.447s] DEBUG:colcon.colcon_core.shell:Skip shell extension 'dsv' for command environment
[3.464s] DEBUG:colcon.colcon_core.event_handler.log_command:Invoking command in '/home/ws/ugv_ws/build/ugv_base_node': CMAKE_PREFIX_PATH=${CMAKE_PREFIX_PATH}:/home/ws/ugv_ws/install/ugv_web_app:/home/ws/ugv_ws/install/ugv_vision:/home/ws/ugv_ws/install/ugv_tools:/home/ws/ugv_ws/install/ugv_chat_ai:/home/ws/ugv_ws/install/ugv_bringup:/opt/ros/humble /usr/bin/cmake --build /home/ws/ugv_ws/build/ugv_base_node -- -j4 -l4
[3.479s] Level 1:colcon.colcon_core.environment:create_environment_scripts_only(robot_pose_publisher)
[3.480s] Level 1:colcon.colcon_core.environment:checking '/home/ws/ugv_ws/install/robot_pose_publisher' for CMake module files
[3.481s] DEBUG:colcon.colcon_core.event_handler.log_command:Invoking command in '/home/ws/ugv_ws/build/ugv_interface': CMAKE_PREFIX_PATH=${CMAKE_PREFIX_PATH}:/home/ws/ugv_ws/install/ugv_web_app:/home/ws/ugv_ws/install/ugv_vision:/home/ws/ugv_ws/install/ugv_tools:/home/ws/ugv_ws/install/ugv_chat_ai:/home/ws/ugv_ws/install/ugv_bringup:/opt/ros/humble /usr/bin/cmake --build /home/ws/ugv_ws/build/ugv_interface -- -j4 -l4
[3.482s] Level 1:colcon.colcon_core.environment:checking '/home/ws/ugv_ws/install/robot_pose_publisher' for CMake config files
[3.482s] Level 1:colcon.colcon_core.shell:create_environment_hook('robot_pose_publisher', 'cmake_prefix_path')
[3.483s] INFO:colcon.colcon_core.shell:Creating environment hook '/home/ws/ugv_ws/install/robot_pose_publisher/share/robot_pose_publisher/hook/cmake_prefix_path.ps1'
[3.484s] INFO:colcon.colcon_core.shell:Creating environment descriptor '/home/ws/ugv_ws/install/robot_pose_publisher/share/robot_pose_publisher/hook/cmake_prefix_path.dsv'
[3.485s] INFO:colcon.colcon_core.shell:Creating environment hook '/home/ws/ugv_ws/install/robot_pose_publisher/share/robot_pose_publisher/hook/cmake_prefix_path.sh'
[3.486s] Level 1:colcon.colcon_core.environment:checking '/home/ws/ugv_ws/install/robot_pose_publisher/lib'
[3.487s] Level 1:colcon.colcon_core.environment:checking '/home/ws/ugv_ws/install/robot_pose_publisher/bin'
[3.487s] Level 1:colcon.colcon_core.environment:checking '/home/ws/ugv_ws/install/robot_pose_publisher/lib/pkgconfig/robot_pose_publisher.pc'
[3.487s] Level 1:colcon.colcon_core.environment:checking '/home/ws/ugv_ws/install/robot_pose_publisher/lib/python3.10/site-packages'
[3.488s] Level 1:colcon.colcon_core.environment:checking '/home/ws/ugv_ws/install/robot_pose_publisher/bin'
[3.488s] INFO:colcon.colcon_core.shell:Creating package script '/home/ws/ugv_ws/install/robot_pose_publisher/share/robot_pose_publisher/package.ps1'
[3.492s] INFO:colcon.colcon_core.shell:Creating package descriptor '/home/ws/ugv_ws/install/robot_pose_publisher/share/robot_pose_publisher/package.dsv'
[3.493s] INFO:colcon.colcon_core.shell:Creating package script '/home/ws/ugv_ws/install/robot_pose_publisher/share/robot_pose_publisher/package.sh'
[3.494s] INFO:colcon.colcon_core.shell:Creating package script '/home/ws/ugv_ws/install/robot_pose_publisher/share/robot_pose_publisher/package.bash'
[3.495s] INFO:colcon.colcon_core.shell:Creating package script '/home/ws/ugv_ws/install/robot_pose_publisher/share/robot_pose_publisher/package.zsh'
[3.497s] Level 1:colcon.colcon_core.environment:create_file_with_runtime_dependencies(/home/ws/ugv_ws/install/robot_pose_publisher/share/colcon-core/packages/robot_pose_publisher)
[3.498s] INFO:colcon.colcon_ros.task.ament_cmake.build:Building ROS package in '/home/ws/ugv_ws/src/ugv_else/vizanti/vizanti_cpp' with build type 'ament_cmake'
[3.499s] INFO:colcon.colcon_cmake.task.cmake.build:Building CMake package in '/home/ws/ugv_ws/src/ugv_else/vizanti/vizanti_cpp'
[3.499s] INFO:colcon.colcon_core.shell:Skip shell extension 'powershell' for command environment: Not usable outside of PowerShell
[3.500s] DEBUG:colcon.colcon_core.shell:Skip shell extension 'dsv' for command environment
[3.515s] Level 1:colcon.colcon_core.environment:create_environment_scripts_only(teb_msgs)
[3.515s] Level 1:colcon.colcon_core.environment:checking '/home/ws/ugv_ws/install/teb_msgs' for CMake module files
[3.516s] Level 1:colcon.colcon_core.environment:checking '/home/ws/ugv_ws/install/teb_msgs' for CMake config files
[3.517s] Level 1:colcon.colcon_core.shell:create_environment_hook('teb_msgs', 'cmake_prefix_path')
[3.517s] INFO:colcon.colcon_core.shell:Creating environment hook '/home/ws/ugv_ws/install/teb_msgs/share/teb_msgs/hook/cmake_prefix_path.ps1'
[3.518s] INFO:colcon.colcon_core.shell:Creating environment descriptor '/home/ws/ugv_ws/install/teb_msgs/share/teb_msgs/hook/cmake_prefix_path.dsv'
[3.519s] INFO:colcon.colcon_core.shell:Creating environment hook '/home/ws/ugv_ws/install/teb_msgs/share/teb_msgs/hook/cmake_prefix_path.sh'
[3.521s] Level 1:colcon.colcon_core.environment:checking '/home/ws/ugv_ws/install/teb_msgs/lib'
[3.521s] Level 1:colcon.colcon_core.shell:create_environment_hook('teb_msgs', 'ld_library_path_lib')
[3.522s] INFO:colcon.colcon_core.shell:Creating environment hook '/home/ws/ugv_ws/install/teb_msgs/share/teb_msgs/hook/ld_library_path_lib.ps1'
[3.522s] INFO:colcon.colcon_core.shell:Creating environment descriptor '/home/ws/ugv_ws/install/teb_msgs/share/teb_msgs/hook/ld_library_path_lib.dsv'
[3.524s] INFO:colcon.colcon_core.shell:Creating environment hook '/home/ws/ugv_ws/install/teb_msgs/share/teb_msgs/hook/ld_library_path_lib.sh'
[3.528s] Level 1:colcon.colcon_core.environment:checking '/home/ws/ugv_ws/install/teb_msgs/bin'
[3.528s] Level 1:colcon.colcon_core.environment:checking '/home/ws/ugv_ws/install/teb_msgs/lib/pkgconfig/teb_msgs.pc'
[3.528s] Level 1:colcon.colcon_core.environment:checking '/home/ws/ugv_ws/install/teb_msgs/lib/python3.10/site-packages'
[3.529s] Level 1:colcon.colcon_core.environment:checking '/home/ws/ugv_ws/install/teb_msgs/bin'
[3.530s] INFO:colcon.colcon_core.shell:Creating package script '/home/ws/ugv_ws/install/teb_msgs/share/teb_msgs/package.ps1'
[3.531s] INFO:colcon.colcon_core.shell:Creating package descriptor '/home/ws/ugv_ws/install/teb_msgs/share/teb_msgs/package.dsv'
[3.533s] INFO:colcon.colcon_core.shell:Creating package script '/home/ws/ugv_ws/install/teb_msgs/share/teb_msgs/package.sh'
[3.534s] INFO:colcon.colcon_core.shell:Creating package script '/home/ws/ugv_ws/install/teb_msgs/share/teb_msgs/package.bash'
[3.534s] INFO:colcon.colcon_core.shell:Creating package script '/home/ws/ugv_ws/install/teb_msgs/share/teb_msgs/package.zsh'
[3.536s] Level 1:colcon.colcon_core.environment:create_file_with_runtime_dependencies(/home/ws/ugv_ws/install/teb_msgs/share/colcon-core/packages/teb_msgs)
[3.537s] INFO:colcon.colcon_ros.task.ament_cmake.build:Building ROS package in '/home/ws/ugv_ws/src/ugv_else/apriltag_ros/apriltag_ros' with build type 'ament_cmake'
[3.537s] INFO:colcon.colcon_cmake.task.cmake.build:Building CMake package in '/home/ws/ugv_ws/src/ugv_else/apriltag_ros/apriltag_ros'
[3.538s] INFO:colcon.colcon_core.shell:Skip shell extension 'powershell' for command environment: Not usable outside of PowerShell
[3.538s] DEBUG:colcon.colcon_core.shell:Skip shell extension 'dsv' for command environment
[3.560s] DEBUG:colcon.colcon_core.event_handler.log_command:Invoking command in '/home/ws/ugv_ws/build/vizanti_cpp': CMAKE_PREFIX_PATH=${CMAKE_PREFIX_PATH}:/home/ws/ugv_ws/install/ugv_web_app:/home/ws/ugv_ws/install/ugv_vision:/home/ws/ugv_ws/install/ugv_tools:/home/ws/ugv_ws/install/ugv_chat_ai:/home/ws/ugv_ws/install/ugv_bringup:/opt/ros/humble /usr/bin/cmake --build /home/ws/ugv_ws/build/vizanti_cpp -- -j4 -l4
[3.590s] DEBUG:colcon.colcon_core.event_handler.log_command:Invoking command in '/home/ws/ugv_ws/build/apriltag_ros': CMAKE_PREFIX_PATH=/home/ws/ugv_ws/install/apriltag_msgs:/home/ws/ugv_ws/install/apriltag:/home/ws/ugv_ws/install/vizanti:/home/ws/ugv_ws/install/vizanti_server:/home/ws/ugv_ws/install/vizanti_demos:/home/ws/ugv_ws/install/vizanti_msgs:/home/ws/ugv_ws/install/vizanti_cpp:/home/ws/ugv_ws/install/ugv_slam:/home/ws/ugv_ws/install/ugv_nav:/home/ws/ugv_ws/install/ugv_interface:/home/ws/ugv_ws/install/ugv_gazebo:/home/ws/ugv_ws/install/ugv_description:/home/ws/ugv_ws/install/ugv_base_node:/home/ws/ugv_ws/install/teb_local_planner:/home/ws/ugv_ws/install/teb_msgs:/home/ws/ugv_ws/install/slam_gmapping:/home/ws/ugv_ws/install/robot_pose_publisher:/home/ws/ugv_ws/install/rf2o_laser_odometry:/home/ws/ugv_ws/install/openslam_gmapping:/home/ws/ugv_ws/install/ldlidar:/home/ws/ugv_ws/install/explore_lite:/home/ws/ugv_ws/install/emcl2:/home/ws/ugv_ws/install/costmap_converter:/home/ws/ugv_ws/install/costmap_converter_msgs:/home/ws/ugv_ws/install/cartographer:/home/ws/ugv_ws/install/apriltag_ros:/home/ws/ugv_ws/install/ugv_web_app:/home/ws/ugv_ws/install/ugv_vision:/home/ws/ugv_ws/install/ugv_tools:/home/ws/ugv_ws/install/ugv_chat_ai:/home/ws/ugv_ws/install/ugv_bringup:/opt/ros/humble LD_LIBRARY_PATH=/home/ws/ugv_ws/install/apriltag_msgs/lib:/home/ws/ugv_ws/install/apriltag/lib:/home/ws/ugv_ws/install/vizanti_msgs/lib:/home/ws/ugv_ws/install/ugv_interface/lib:/home/ws/ugv_ws/install/teb_local_planner/lib:/home/ws/ugv_ws/install/teb_msgs/lib:/home/ws/ugv_ws/install/openslam_gmapping/lib:/home/ws/ugv_ws/install/costmap_converter/lib:/home/ws/ugv_ws/install/costmap_converter_msgs/lib:/home/ws/ugv_ws/install/apriltag_ros/lib:/opt/ros/humble/opt/rviz_ogre_vendor/lib:/opt/ros/humble/lib/aarch64-linux-gnu:/opt/ros/humble/lib PATH=/home/ws/ugv_ws/install/apriltag/bin:/home/ws/ugv_ws/install/costmap_converter/bin:/home/ws/ugv_ws/install/apriltag_ros/bin:/opt/ros/humble/bin:/usr/local/sbin:/usr/local/bin:/usr/sbin:/usr/bin:/sbin:/bin:/usr/games:/usr/local/games:/snap/bin PYTHONPATH=/home/ws/ugv_ws/install/apriltag/lib/python3.10/site-packages:/home/ws/ugv_ws/install/vizanti_msgs/local/lib/python3.10/dist-packages:/home/ws/ugv_ws/build/ugv_web_app:/home/ws/ugv_ws/install/ugv_web_app/lib/python3.10/site-packages:/home/ws/ugv_ws/build/ugv_vision:/home/ws/ugv_ws/install/ugv_vision/lib/python3.10/site-packages:/home/ws/ugv_ws/build/ugv_tools:/home/ws/ugv_ws/install/ugv_tools/lib/python3.10/site-packages:/home/ws/ugv_ws/install/ugv_interface/local/lib/python3.10/dist-packages:/home/ws/ugv_ws/build/ugv_chat_ai:/home/ws/ugv_ws/install/ugv_chat_ai/lib/python3.10/site-packages:/home/ws/ugv_ws/build/ugv_bringup:/home/ws/ugv_ws/install/ugv_bringup/lib/python3.10/site-packages:/home/ws/ugv_ws/install/teb_msgs/local/lib/python3.10/dist-packages:/home/ws/ugv_ws/install/costmap_converter_msgs/local/lib/python3.10/dist-packages:/home/ws/ugv_ws/install/apriltag_msgs/local/lib/python3.10/dist-packages:/opt/ros/humble/lib/python3.10/site-packages:/opt/ros/humble/local/lib/python3.10/dist-packages /usr/bin/cmake --build /home/ws/ugv_ws/build/apriltag_ros -- -j4 -l4
[3.613s] DEBUG:colcon.colcon_core.event_handler.log_command:Invoked command in '/home/ws/ugv_ws/build/ugv_base_node' returned '0': CMAKE_PREFIX_PATH=${CMAKE_PREFIX_PATH}:/home/ws/ugv_ws/install/ugv_web_app:/home/ws/ugv_ws/install/ugv_vision:/home/ws/ugv_ws/install/ugv_tools:/home/ws/ugv_ws/install/ugv_chat_ai:/home/ws/ugv_ws/install/ugv_bringup:/opt/ros/humble /usr/bin/cmake --build /home/ws/ugv_ws/build/ugv_base_node -- -j4 -l4
[3.734s] DEBUG:colcon.colcon_core.event_handler.log_command:Invoking command in '/home/ws/ugv_ws/build/ugv_base_node': CMAKE_PREFIX_PATH=${CMAKE_PREFIX_PATH}:/home/ws/ugv_ws/install/ugv_web_app:/home/ws/ugv_ws/install/ugv_vision:/home/ws/ugv_ws/install/ugv_tools:/home/ws/ugv_ws/install/ugv_chat_ai:/home/ws/ugv_ws/install/ugv_bringup:/opt/ros/humble /usr/bin/cmake --install /home/ws/ugv_ws/build/ugv_base_node
[3.742s] DEBUG:colcon.colcon_core.event_handler.log_command:Invoked command in '/home/ws/ugv_ws/build/vizanti_cpp' returned '0': CMAKE_PREFIX_PATH=${CMAKE_PREFIX_PATH}:/home/ws/ugv_ws/install/ugv_web_app:/home/ws/ugv_ws/install/ugv_vision:/home/ws/ugv_ws/install/ugv_tools:/home/ws/ugv_ws/install/ugv_chat_ai:/home/ws/ugv_ws/install/ugv_bringup:/opt/ros/humble /usr/bin/cmake --build /home/ws/ugv_ws/build/vizanti_cpp -- -j4 -l4
[3.754s] DEBUG:colcon.colcon_core.event_handler.log_command:Invoked command in '/home/ws/ugv_ws/build/apriltag_ros' returned '0': CMAKE_PREFIX_PATH=/home/ws/ugv_ws/install/apriltag_msgs:/home/ws/ugv_ws/install/apriltag:/home/ws/ugv_ws/install/vizanti:/home/ws/ugv_ws/install/vizanti_server:/home/ws/ugv_ws/install/vizanti_demos:/home/ws/ugv_ws/install/vizanti_msgs:/home/ws/ugv_ws/install/vizanti_cpp:/home/ws/ugv_ws/install/ugv_slam:/home/ws/ugv_ws/install/ugv_nav:/home/ws/ugv_ws/install/ugv_interface:/home/ws/ugv_ws/install/ugv_gazebo:/home/ws/ugv_ws/install/ugv_description:/home/ws/ugv_ws/install/ugv_base_node:/home/ws/ugv_ws/install/teb_local_planner:/home/ws/ugv_ws/install/teb_msgs:/home/ws/ugv_ws/install/slam_gmapping:/home/ws/ugv_ws/install/robot_pose_publisher:/home/ws/ugv_ws/install/rf2o_laser_odometry:/home/ws/ugv_ws/install/openslam_gmapping:/home/ws/ugv_ws/install/ldlidar:/home/ws/ugv_ws/install/explore_lite:/home/ws/ugv_ws/install/emcl2:/home/ws/ugv_ws/install/costmap_converter:/home/ws/ugv_ws/install/costmap_converter_msgs:/home/ws/ugv_ws/install/cartographer:/home/ws/ugv_ws/install/apriltag_ros:/home/ws/ugv_ws/install/ugv_web_app:/home/ws/ugv_ws/install/ugv_vision:/home/ws/ugv_ws/install/ugv_tools:/home/ws/ugv_ws/install/ugv_chat_ai:/home/ws/ugv_ws/install/ugv_bringup:/opt/ros/humble LD_LIBRARY_PATH=/home/ws/ugv_ws/install/apriltag_msgs/lib:/home/ws/ugv_ws/install/apriltag/lib:/home/ws/ugv_ws/install/vizanti_msgs/lib:/home/ws/ugv_ws/install/ugv_interface/lib:/home/ws/ugv_ws/install/teb_local_planner/lib:/home/ws/ugv_ws/install/teb_msgs/lib:/home/ws/ugv_ws/install/openslam_gmapping/lib:/home/ws/ugv_ws/install/costmap_converter/lib:/home/ws/ugv_ws/install/costmap_converter_msgs/lib:/home/ws/ugv_ws/install/apriltag_ros/lib:/opt/ros/humble/opt/rviz_ogre_vendor/lib:/opt/ros/humble/lib/aarch64-linux-gnu:/opt/ros/humble/lib PATH=/home/ws/ugv_ws/install/apriltag/bin:/home/ws/ugv_ws/install/costmap_converter/bin:/home/ws/ugv_ws/install/apriltag_ros/bin:/opt/ros/humble/bin:/usr/local/sbin:/usr/local/bin:/usr/sbin:/usr/bin:/sbin:/bin:/usr/games:/usr/local/games:/snap/bin PYTHONPATH=/home/ws/ugv_ws/install/apriltag/lib/python3.10/site-packages:/home/ws/ugv_ws/install/vizanti_msgs/local/lib/python3.10/dist-packages:/home/ws/ugv_ws/build/ugv_web_app:/home/ws/ugv_ws/install/ugv_web_app/lib/python3.10/site-packages:/home/ws/ugv_ws/build/ugv_vision:/home/ws/ugv_ws/install/ugv_vision/lib/python3.10/site-packages:/home/ws/ugv_ws/build/ugv_tools:/home/ws/ugv_ws/install/ugv_tools/lib/python3.10/site-packages:/home/ws/ugv_ws/install/ugv_interface/local/lib/python3.10/dist-packages:/home/ws/ugv_ws/build/ugv_chat_ai:/home/ws/ugv_ws/install/ugv_chat_ai/lib/python3.10/site-packages:/home/ws/ugv_ws/build/ugv_bringup:/home/ws/ugv_ws/install/ugv_bringup/lib/python3.10/site-packages:/home/ws/ugv_ws/install/teb_msgs/local/lib/python3.10/dist-packages:/home/ws/ugv_ws/install/costmap_converter_msgs/local/lib/python3.10/dist-packages:/home/ws/ugv_ws/install/apriltag_msgs/local/lib/python3.10/dist-packages:/opt/ros/humble/lib/python3.10/site-packages:/opt/ros/humble/local/lib/python3.10/dist-packages /usr/bin/cmake --build /home/ws/ugv_ws/build/apriltag_ros -- -j4 -l4
[3.765s] Level 1:colcon.colcon_core.environment:create_environment_scripts_only(ugv_base_node)
[3.766s] Level 1:colcon.colcon_core.environment:checking '/home/ws/ugv_ws/install/ugv_base_node' for CMake module files
[3.766s] Level 1:colcon.colcon_core.environment:checking '/home/ws/ugv_ws/install/ugv_base_node' for CMake config files
[3.767s] Level 1:colcon.colcon_core.shell:create_environment_hook('ugv_base_node', 'cmake_prefix_path')
[3.767s] INFO:colcon.colcon_core.shell:Creating environment hook '/home/ws/ugv_ws/install/ugv_base_node/share/ugv_base_node/hook/cmake_prefix_path.ps1'
[3.768s] DEBUG:colcon.colcon_core.event_handler.log_command:Invoked command in '/home/ws/ugv_ws/build/ugv_base_node' returned '0': CMAKE_PREFIX_PATH=${CMAKE_PREFIX_PATH}:/home/ws/ugv_ws/install/ugv_web_app:/home/ws/ugv_ws/install/ugv_vision:/home/ws/ugv_ws/install/ugv_tools:/home/ws/ugv_ws/install/ugv_chat_ai:/home/ws/ugv_ws/install/ugv_bringup:/opt/ros/humble /usr/bin/cmake --install /home/ws/ugv_ws/build/ugv_base_node
[3.769s] INFO:colcon.colcon_core.shell:Creating environment descriptor '/home/ws/ugv_ws/install/ugv_base_node/share/ugv_base_node/hook/cmake_prefix_path.dsv'
[3.770s] INFO:colcon.colcon_core.shell:Creating environment hook '/home/ws/ugv_ws/install/ugv_base_node/share/ugv_base_node/hook/cmake_prefix_path.sh'
[3.771s] Level 1:colcon.colcon_core.environment:checking '/home/ws/ugv_ws/install/ugv_base_node/lib'
[3.772s] Level 1:colcon.colcon_core.environment:checking '/home/ws/ugv_ws/install/ugv_base_node/bin'
[3.772s] Level 1:colcon.colcon_core.environment:checking '/home/ws/ugv_ws/install/ugv_base_node/lib/pkgconfig/ugv_base_node.pc'
[3.772s] Level 1:colcon.colcon_core.environment:checking '/home/ws/ugv_ws/install/ugv_base_node/lib/python3.10/site-packages'
[3.773s] Level 1:colcon.colcon_core.environment:checking '/home/ws/ugv_ws/install/ugv_base_node/bin'
[3.773s] INFO:colcon.colcon_core.shell:Creating package script '/home/ws/ugv_ws/install/ugv_base_node/share/ugv_base_node/package.ps1'
[3.774s] INFO:colcon.colcon_core.shell:Creating package descriptor '/home/ws/ugv_ws/install/ugv_base_node/share/ugv_base_node/package.dsv'
[3.778s] INFO:colcon.colcon_core.shell:Creating package script '/home/ws/ugv_ws/install/ugv_base_node/share/ugv_base_node/package.sh'
[3.779s] INFO:colcon.colcon_core.shell:Creating package script '/home/ws/ugv_ws/install/ugv_base_node/share/ugv_base_node/package.bash'
[3.780s] INFO:colcon.colcon_core.shell:Creating package script '/home/ws/ugv_ws/install/ugv_base_node/share/ugv_base_node/package.zsh'
[3.781s] Level 1:colcon.colcon_core.environment:create_file_with_runtime_dependencies(/home/ws/ugv_ws/install/ugv_base_node/share/colcon-core/packages/ugv_base_node)
[3.806s] DEBUG:colcon.colcon_core.event_handler.log_command:Invoking command in '/home/ws/ugv_ws/build/apriltag_ros': CMAKE_PREFIX_PATH=/home/ws/ugv_ws/install/apriltag_msgs:/home/ws/ugv_ws/install/apriltag:/home/ws/ugv_ws/install/vizanti:/home/ws/ugv_ws/install/vizanti_server:/home/ws/ugv_ws/install/vizanti_demos:/home/ws/ugv_ws/install/vizanti_msgs:/home/ws/ugv_ws/install/vizanti_cpp:/home/ws/ugv_ws/install/ugv_slam:/home/ws/ugv_ws/install/ugv_nav:/home/ws/ugv_ws/install/ugv_interface:/home/ws/ugv_ws/install/ugv_gazebo:/home/ws/ugv_ws/install/ugv_description:/home/ws/ugv_ws/install/ugv_base_node:/home/ws/ugv_ws/install/teb_local_planner:/home/ws/ugv_ws/install/teb_msgs:/home/ws/ugv_ws/install/slam_gmapping:/home/ws/ugv_ws/install/robot_pose_publisher:/home/ws/ugv_ws/install/rf2o_laser_odometry:/home/ws/ugv_ws/install/openslam_gmapping:/home/ws/ugv_ws/install/ldlidar:/home/ws/ugv_ws/install/explore_lite:/home/ws/ugv_ws/install/emcl2:/home/ws/ugv_ws/install/costmap_converter:/home/ws/ugv_ws/install/costmap_converter_msgs:/home/ws/ugv_ws/install/cartographer:/home/ws/ugv_ws/install/apriltag_ros:/home/ws/ugv_ws/install/ugv_web_app:/home/ws/ugv_ws/install/ugv_vision:/home/ws/ugv_ws/install/ugv_tools:/home/ws/ugv_ws/install/ugv_chat_ai:/home/ws/ugv_ws/install/ugv_bringup:/opt/ros/humble LD_LIBRARY_PATH=/home/ws/ugv_ws/install/apriltag_msgs/lib:/home/ws/ugv_ws/install/apriltag/lib:/home/ws/ugv_ws/install/vizanti_msgs/lib:/home/ws/ugv_ws/install/ugv_interface/lib:/home/ws/ugv_ws/install/teb_local_planner/lib:/home/ws/ugv_ws/install/teb_msgs/lib:/home/ws/ugv_ws/install/openslam_gmapping/lib:/home/ws/ugv_ws/install/costmap_converter/lib:/home/ws/ugv_ws/install/costmap_converter_msgs/lib:/home/ws/ugv_ws/install/apriltag_ros/lib:/opt/ros/humble/opt/rviz_ogre_vendor/lib:/opt/ros/humble/lib/aarch64-linux-gnu:/opt/ros/humble/lib PATH=/home/ws/ugv_ws/install/apriltag/bin:/home/ws/ugv_ws/install/costmap_converter/bin:/home/ws/ugv_ws/install/apriltag_ros/bin:/opt/ros/humble/bin:/usr/local/sbin:/usr/local/bin:/usr/sbin:/usr/bin:/sbin:/bin:/usr/games:/usr/local/games:/snap/bin PYTHONPATH=/home/ws/ugv_ws/install/apriltag/lib/python3.10/site-packages:/home/ws/ugv_ws/install/vizanti_msgs/local/lib/python3.10/dist-packages:/home/ws/ugv_ws/build/ugv_web_app:/home/ws/ugv_ws/install/ugv_web_app/lib/python3.10/site-packages:/home/ws/ugv_ws/build/ugv_vision:/home/ws/ugv_ws/install/ugv_vision/lib/python3.10/site-packages:/home/ws/ugv_ws/build/ugv_tools:/home/ws/ugv_ws/install/ugv_tools/lib/python3.10/site-packages:/home/ws/ugv_ws/install/ugv_interface/local/lib/python3.10/dist-packages:/home/ws/ugv_ws/build/ugv_chat_ai:/home/ws/ugv_ws/install/ugv_chat_ai/lib/python3.10/site-packages:/home/ws/ugv_ws/build/ugv_bringup:/home/ws/ugv_ws/install/ugv_bringup/lib/python3.10/site-packages:/home/ws/ugv_ws/install/teb_msgs/local/lib/python3.10/dist-packages:/home/ws/ugv_ws/install/costmap_converter_msgs/local/lib/python3.10/dist-packages:/home/ws/ugv_ws/install/apriltag_msgs/local/lib/python3.10/dist-packages:/opt/ros/humble/lib/python3.10/site-packages:/opt/ros/humble/local/lib/python3.10/dist-packages /usr/bin/cmake --install /home/ws/ugv_ws/build/apriltag_ros
[3.817s] DEBUG:colcon.colcon_core.event_handler.log_command:Invoking command in '/home/ws/ugv_ws/build/vizanti_cpp': CMAKE_PREFIX_PATH=${CMAKE_PREFIX_PATH}:/home/ws/ugv_ws/install/ugv_web_app:/home/ws/ugv_ws/install/ugv_vision:/home/ws/ugv_ws/install/ugv_tools:/home/ws/ugv_ws/install/ugv_chat_ai:/home/ws/ugv_ws/install/ugv_bringup:/opt/ros/humble /usr/bin/cmake --install /home/ws/ugv_ws/build/vizanti_cpp
[3.832s] Level 1:colcon.colcon_core.environment:create_environment_scripts_only(apriltag_ros)
[3.832s] Level 1:colcon.colcon_core.environment:checking '/home/ws/ugv_ws/install/apriltag_ros' for CMake module files
[3.833s] Level 1:colcon.colcon_core.environment:checking '/home/ws/ugv_ws/install/apriltag_ros' for CMake config files
[3.833s] Level 1:colcon.colcon_core.shell:create_environment_hook('apriltag_ros', 'cmake_prefix_path')
[3.834s] INFO:colcon.colcon_core.shell:Creating environment hook '/home/ws/ugv_ws/install/apriltag_ros/share/apriltag_ros/hook/cmake_prefix_path.ps1'
[3.840s] INFO:colcon.colcon_core.shell:Creating environment descriptor '/home/ws/ugv_ws/install/apriltag_ros/share/apriltag_ros/hook/cmake_prefix_path.dsv'
[3.841s] INFO:colcon.colcon_core.shell:Creating environment hook '/home/ws/ugv_ws/install/apriltag_ros/share/apriltag_ros/hook/cmake_prefix_path.sh'
[3.842s] Level 1:colcon.colcon_core.environment:checking '/home/ws/ugv_ws/install/apriltag_ros/lib'
[3.843s] Level 1:colcon.colcon_core.shell:create_environment_hook('apriltag_ros', 'ld_library_path_lib')
[3.843s] INFO:colcon.colcon_core.shell:Creating environment hook '/home/ws/ugv_ws/install/apriltag_ros/share/apriltag_ros/hook/ld_library_path_lib.ps1'
[3.845s] DEBUG:colcon.colcon_core.event_handler.log_command:Invoked command in '/home/ws/ugv_ws/build/apriltag_ros' returned '0': CMAKE_PREFIX_PATH=/home/ws/ugv_ws/install/apriltag_msgs:/home/ws/ugv_ws/install/apriltag:/home/ws/ugv_ws/install/vizanti:/home/ws/ugv_ws/install/vizanti_server:/home/ws/ugv_ws/install/vizanti_demos:/home/ws/ugv_ws/install/vizanti_msgs:/home/ws/ugv_ws/install/vizanti_cpp:/home/ws/ugv_ws/install/ugv_slam:/home/ws/ugv_ws/install/ugv_nav:/home/ws/ugv_ws/install/ugv_interface:/home/ws/ugv_ws/install/ugv_gazebo:/home/ws/ugv_ws/install/ugv_description:/home/ws/ugv_ws/install/ugv_base_node:/home/ws/ugv_ws/install/teb_local_planner:/home/ws/ugv_ws/install/teb_msgs:/home/ws/ugv_ws/install/slam_gmapping:/home/ws/ugv_ws/install/robot_pose_publisher:/home/ws/ugv_ws/install/rf2o_laser_odometry:/home/ws/ugv_ws/install/openslam_gmapping:/home/ws/ugv_ws/install/ldlidar:/home/ws/ugv_ws/install/explore_lite:/home/ws/ugv_ws/install/emcl2:/home/ws/ugv_ws/install/costmap_converter:/home/ws/ugv_ws/install/costmap_converter_msgs:/home/ws/ugv_ws/install/cartographer:/home/ws/ugv_ws/install/apriltag_ros:/home/ws/ugv_ws/install/ugv_web_app:/home/ws/ugv_ws/install/ugv_vision:/home/ws/ugv_ws/install/ugv_tools:/home/ws/ugv_ws/install/ugv_chat_ai:/home/ws/ugv_ws/install/ugv_bringup:/opt/ros/humble LD_LIBRARY_PATH=/home/ws/ugv_ws/install/apriltag_msgs/lib:/home/ws/ugv_ws/install/apriltag/lib:/home/ws/ugv_ws/install/vizanti_msgs/lib:/home/ws/ugv_ws/install/ugv_interface/lib:/home/ws/ugv_ws/install/teb_local_planner/lib:/home/ws/ugv_ws/install/teb_msgs/lib:/home/ws/ugv_ws/install/openslam_gmapping/lib:/home/ws/ugv_ws/install/costmap_converter/lib:/home/ws/ugv_ws/install/costmap_converter_msgs/lib:/home/ws/ugv_ws/install/apriltag_ros/lib:/opt/ros/humble/opt/rviz_ogre_vendor/lib:/opt/ros/humble/lib/aarch64-linux-gnu:/opt/ros/humble/lib PATH=/home/ws/ugv_ws/install/apriltag/bin:/home/ws/ugv_ws/install/costmap_converter/bin:/home/ws/ugv_ws/install/apriltag_ros/bin:/opt/ros/humble/bin:/usr/local/sbin:/usr/local/bin:/usr/sbin:/usr/bin:/sbin:/bin:/usr/games:/usr/local/games:/snap/bin PYTHONPATH=/home/ws/ugv_ws/install/apriltag/lib/python3.10/site-packages:/home/ws/ugv_ws/install/vizanti_msgs/local/lib/python3.10/dist-packages:/home/ws/ugv_ws/build/ugv_web_app:/home/ws/ugv_ws/install/ugv_web_app/lib/python3.10/site-packages:/home/ws/ugv_ws/build/ugv_vision:/home/ws/ugv_ws/install/ugv_vision/lib/python3.10/site-packages:/home/ws/ugv_ws/build/ugv_tools:/home/ws/ugv_ws/install/ugv_tools/lib/python3.10/site-packages:/home/ws/ugv_ws/install/ugv_interface/local/lib/python3.10/dist-packages:/home/ws/ugv_ws/build/ugv_chat_ai:/home/ws/ugv_ws/install/ugv_chat_ai/lib/python3.10/site-packages:/home/ws/ugv_ws/build/ugv_bringup:/home/ws/ugv_ws/install/ugv_bringup/lib/python3.10/site-packages:/home/ws/ugv_ws/install/teb_msgs/local/lib/python3.10/dist-packages:/home/ws/ugv_ws/install/costmap_converter_msgs/local/lib/python3.10/dist-packages:/home/ws/ugv_ws/install/apriltag_msgs/local/lib/python3.10/dist-packages:/opt/ros/humble/lib/python3.10/site-packages:/opt/ros/humble/local/lib/python3.10/dist-packages /usr/bin/cmake --install /home/ws/ugv_ws/build/apriltag_ros
[3.847s] INFO:colcon.colcon_core.shell:Creating environment descriptor '/home/ws/ugv_ws/install/apriltag_ros/share/apriltag_ros/hook/ld_library_path_lib.dsv'
[3.848s] INFO:colcon.colcon_core.shell:Creating environment hook '/home/ws/ugv_ws/install/apriltag_ros/share/apriltag_ros/hook/ld_library_path_lib.sh'
[3.849s] Level 1:colcon.colcon_core.environment:checking '/home/ws/ugv_ws/install/apriltag_ros/bin'
[3.849s] Level 1:colcon.colcon_core.shell:create_environment_hook('apriltag_ros', 'path')
[3.849s] INFO:colcon.colcon_core.shell:Creating environment hook '/home/ws/ugv_ws/install/apriltag_ros/share/apriltag_ros/hook/path.ps1'
[3.853s] INFO:colcon.colcon_core.shell:Creating environment descriptor '/home/ws/ugv_ws/install/apriltag_ros/share/apriltag_ros/hook/path.dsv'
[3.853s] INFO:colcon.colcon_core.shell:Creating environment hook '/home/ws/ugv_ws/install/apriltag_ros/share/apriltag_ros/hook/path.sh'
[3.854s] Level 1:colcon.colcon_core.environment:checking '/home/ws/ugv_ws/install/apriltag_ros/lib/pkgconfig/apriltag_ros.pc'
[3.855s] Level 1:colcon.colcon_core.environment:checking '/home/ws/ugv_ws/install/apriltag_ros/lib/python3.10/site-packages'
[3.856s] Level 1:colcon.colcon_core.environment:checking '/home/ws/ugv_ws/install/apriltag_ros/bin'
[3.856s] Level 1:colcon.colcon_core.shell:create_environment_hook('apriltag_ros', 'pythonscriptspath')
[3.857s] INFO:colcon.colcon_core.shell:Creating environment hook '/home/ws/ugv_ws/install/apriltag_ros/share/apriltag_ros/hook/pythonscriptspath.ps1'
[3.857s] INFO:colcon.colcon_core.shell:Creating environment descriptor '/home/ws/ugv_ws/install/apriltag_ros/share/apriltag_ros/hook/pythonscriptspath.dsv'
[3.858s] INFO:colcon.colcon_core.shell:Creating environment hook '/home/ws/ugv_ws/install/apriltag_ros/share/apriltag_ros/hook/pythonscriptspath.sh'
[3.859s] INFO:colcon.colcon_core.shell:Creating package script '/home/ws/ugv_ws/install/apriltag_ros/share/apriltag_ros/package.ps1'
[3.861s] INFO:colcon.colcon_core.shell:Creating package descriptor '/home/ws/ugv_ws/install/apriltag_ros/share/apriltag_ros/package.dsv'
[3.862s] INFO:colcon.colcon_core.shell:Creating package script '/home/ws/ugv_ws/install/apriltag_ros/share/apriltag_ros/package.sh'
[3.863s] INFO:colcon.colcon_core.shell:Creating package script '/home/ws/ugv_ws/install/apriltag_ros/share/apriltag_ros/package.bash'
[3.869s] INFO:colcon.colcon_core.shell:Creating package script '/home/ws/ugv_ws/install/apriltag_ros/share/apriltag_ros/package.zsh'
[3.872s] Level 1:colcon.colcon_core.environment:create_file_with_runtime_dependencies(/home/ws/ugv_ws/install/apriltag_ros/share/colcon-core/packages/apriltag_ros)
[3.879s] Level 1:colcon.colcon_core.environment:create_environment_scripts_only(vizanti_cpp)
[3.880s] Level 1:colcon.colcon_core.environment:checking '/home/ws/ugv_ws/install/vizanti_cpp' for CMake module files
[3.880s] Level 1:colcon.colcon_core.environment:checking '/home/ws/ugv_ws/install/vizanti_cpp' for CMake config files
[3.880s] Level 1:colcon.colcon_core.shell:create_environment_hook('vizanti_cpp', 'cmake_prefix_path')
[3.881s] INFO:colcon.colcon_core.shell:Creating environment hook '/home/ws/ugv_ws/install/vizanti_cpp/share/vizanti_cpp/hook/cmake_prefix_path.ps1'
[3.882s] DEBUG:colcon.colcon_core.event_handler.log_command:Invoked command in '/home/ws/ugv_ws/build/vizanti_cpp' returned '0': CMAKE_PREFIX_PATH=${CMAKE_PREFIX_PATH}:/home/ws/ugv_ws/install/ugv_web_app:/home/ws/ugv_ws/install/ugv_vision:/home/ws/ugv_ws/install/ugv_tools:/home/ws/ugv_ws/install/ugv_chat_ai:/home/ws/ugv_ws/install/ugv_bringup:/opt/ros/humble /usr/bin/cmake --install /home/ws/ugv_ws/build/vizanti_cpp
[3.883s] INFO:colcon.colcon_core.shell:Creating environment descriptor '/home/ws/ugv_ws/install/vizanti_cpp/share/vizanti_cpp/hook/cmake_prefix_path.dsv'
[3.884s] INFO:colcon.colcon_core.shell:Creating environment hook '/home/ws/ugv_ws/install/vizanti_cpp/share/vizanti_cpp/hook/cmake_prefix_path.sh'
[3.885s] Level 1:colcon.colcon_core.environment:checking '/home/ws/ugv_ws/install/vizanti_cpp/lib'
[3.886s] Level 1:colcon.colcon_core.environment:checking '/home/ws/ugv_ws/install/vizanti_cpp/bin'
[3.886s] Level 1:colcon.colcon_core.environment:checking '/home/ws/ugv_ws/install/vizanti_cpp/lib/pkgconfig/vizanti_cpp.pc'
[3.886s] Level 1:colcon.colcon_core.environment:checking '/home/ws/ugv_ws/install/vizanti_cpp/lib/python3.10/site-packages'
[3.886s] Level 1:colcon.colcon_core.environment:checking '/home/ws/ugv_ws/install/vizanti_cpp/bin'
[3.887s] INFO:colcon.colcon_core.shell:Creating package script '/home/ws/ugv_ws/install/vizanti_cpp/share/vizanti_cpp/package.ps1'
[3.888s] INFO:colcon.colcon_core.shell:Creating package descriptor '/home/ws/ugv_ws/install/vizanti_cpp/share/vizanti_cpp/package.dsv'
[3.889s] INFO:colcon.colcon_core.shell:Creating package script '/home/ws/ugv_ws/install/vizanti_cpp/share/vizanti_cpp/package.sh'
[3.890s] INFO:colcon.colcon_core.shell:Creating package script '/home/ws/ugv_ws/install/vizanti_cpp/share/vizanti_cpp/package.bash'
[3.890s] INFO:colcon.colcon_core.shell:Creating package script '/home/ws/ugv_ws/install/vizanti_cpp/share/vizanti_cpp/package.zsh'
[3.891s] Level 1:colcon.colcon_core.environment:create_file_with_runtime_dependencies(/home/ws/ugv_ws/install/vizanti_cpp/share/colcon-core/packages/vizanti_cpp)
[3.897s] Level 1:colcon.colcon_core.environment:create_environment_scripts_only(ugv_base_node)
[3.897s] Level 1:colcon.colcon_core.environment:checking '/home/ws/ugv_ws/install/ugv_base_node' for CMake module files
[3.898s] Level 1:colcon.colcon_core.environment:checking '/home/ws/ugv_ws/install/ugv_base_node' for CMake config files
[3.898s] Level 1:colcon.colcon_core.shell:create_environment_hook('ugv_base_node', 'cmake_prefix_path')
[3.899s] INFO:colcon.colcon_core.shell:Creating environment hook '/home/ws/ugv_ws/install/ugv_base_node/share/ugv_base_node/hook/cmake_prefix_path.ps1'
[3.900s] INFO:colcon.colcon_core.shell:Creating environment descriptor '/home/ws/ugv_ws/install/ugv_base_node/share/ugv_base_node/hook/cmake_prefix_path.dsv'
[3.901s] INFO:colcon.colcon_core.shell:Creating environment hook '/home/ws/ugv_ws/install/ugv_base_node/share/ugv_base_node/hook/cmake_prefix_path.sh'
[3.902s] Level 1:colcon.colcon_core.environment:checking '/home/ws/ugv_ws/install/ugv_base_node/lib'
[3.902s] Level 1:colcon.colcon_core.environment:checking '/home/ws/ugv_ws/install/ugv_base_node/bin'
[3.902s] Level 1:colcon.colcon_core.environment:checking '/home/ws/ugv_ws/install/ugv_base_node/lib/pkgconfig/ugv_base_node.pc'
[3.903s] Level 1:colcon.colcon_core.environment:checking '/home/ws/ugv_ws/install/ugv_base_node/lib/python3.10/site-packages'
[3.903s] Level 1:colcon.colcon_core.environment:checking '/home/ws/ugv_ws/install/ugv_base_node/bin'
[3.904s] INFO:colcon.colcon_core.shell:Creating package script '/home/ws/ugv_ws/install/ugv_base_node/share/ugv_base_node/package.ps1'
[3.905s] INFO:colcon.colcon_core.shell:Creating package descriptor '/home/ws/ugv_ws/install/ugv_base_node/share/ugv_base_node/package.dsv'
[3.909s] INFO:colcon.colcon_core.shell:Creating package script '/home/ws/ugv_ws/install/ugv_base_node/share/ugv_base_node/package.sh'
[3.910s] INFO:colcon.colcon_core.shell:Creating package script '/home/ws/ugv_ws/install/ugv_base_node/share/ugv_base_node/package.bash'
[3.911s] INFO:colcon.colcon_core.shell:Creating package script '/home/ws/ugv_ws/install/ugv_base_node/share/ugv_base_node/package.zsh'
[3.912s] Level 1:colcon.colcon_core.environment:create_file_with_runtime_dependencies(/home/ws/ugv_ws/install/ugv_base_node/share/colcon-core/packages/ugv_base_node)
[3.914s] INFO:colcon.colcon_ros.task.ament_cmake.build:Building ROS package in '/home/ws/ugv_ws/src/ugv_else/gmapping/slam_gmapping' with build type 'ament_cmake'
[3.914s] INFO:colcon.colcon_cmake.task.cmake.build:Building CMake package in '/home/ws/ugv_ws/src/ugv_else/gmapping/slam_gmapping'
[3.914s] INFO:colcon.colcon_core.shell:Skip shell extension 'powershell' for command environment: Not usable outside of PowerShell
[3.914s] DEBUG:colcon.colcon_core.shell:Skip shell extension 'dsv' for command environment
[3.923s] Level 1:colcon.colcon_core.environment:create_environment_scripts_only(apriltag_ros)
[3.924s] Level 1:colcon.colcon_core.environment:checking '/home/ws/ugv_ws/install/apriltag_ros' for CMake module files
[3.924s] Level 1:colcon.colcon_core.environment:checking '/home/ws/ugv_ws/install/apriltag_ros' for CMake config files
[3.925s] Level 1:colcon.colcon_core.shell:create_environment_hook('apriltag_ros', 'cmake_prefix_path')
[3.925s] INFO:colcon.colcon_core.shell:Creating environment hook '/home/ws/ugv_ws/install/apriltag_ros/share/apriltag_ros/hook/cmake_prefix_path.ps1'
[3.926s] INFO:colcon.colcon_core.shell:Creating environment descriptor '/home/ws/ugv_ws/install/apriltag_ros/share/apriltag_ros/hook/cmake_prefix_path.dsv'
[3.926s] INFO:colcon.colcon_core.shell:Creating environment hook '/home/ws/ugv_ws/install/apriltag_ros/share/apriltag_ros/hook/cmake_prefix_path.sh'
[3.927s] Level 1:colcon.colcon_core.environment:checking '/home/ws/ugv_ws/install/apriltag_ros/lib'
[3.927s] Level 1:colcon.colcon_core.shell:create_environment_hook('apriltag_ros', 'ld_library_path_lib')
[3.928s] INFO:colcon.colcon_core.shell:Creating environment hook '/home/ws/ugv_ws/install/apriltag_ros/share/apriltag_ros/hook/ld_library_path_lib.ps1'
[3.928s] INFO:colcon.colcon_core.shell:Creating environment descriptor '/home/ws/ugv_ws/install/apriltag_ros/share/apriltag_ros/hook/ld_library_path_lib.dsv'
[3.928s] INFO:colcon.colcon_core.shell:Creating environment hook '/home/ws/ugv_ws/install/apriltag_ros/share/apriltag_ros/hook/ld_library_path_lib.sh'
[3.929s] Level 1:colcon.colcon_core.environment:checking '/home/ws/ugv_ws/install/apriltag_ros/bin'
[3.929s] Level 1:colcon.colcon_core.shell:create_environment_hook('apriltag_ros', 'path')
[3.929s] INFO:colcon.colcon_core.shell:Creating environment hook '/home/ws/ugv_ws/install/apriltag_ros/share/apriltag_ros/hook/path.ps1'
[3.933s] INFO:colcon.colcon_core.shell:Creating environment descriptor '/home/ws/ugv_ws/install/apriltag_ros/share/apriltag_ros/hook/path.dsv'
[3.933s] INFO:colcon.colcon_core.shell:Creating environment hook '/home/ws/ugv_ws/install/apriltag_ros/share/apriltag_ros/hook/path.sh'
[3.934s] Level 1:colcon.colcon_core.environment:checking '/home/ws/ugv_ws/install/apriltag_ros/lib/pkgconfig/apriltag_ros.pc'
[3.934s] Level 1:colcon.colcon_core.environment:checking '/home/ws/ugv_ws/install/apriltag_ros/lib/python3.10/site-packages'
[3.934s] Level 1:colcon.colcon_core.environment:checking '/home/ws/ugv_ws/install/apriltag_ros/bin'
[3.934s] Level 1:colcon.colcon_core.shell:create_environment_hook('apriltag_ros', 'pythonscriptspath')
[3.935s] INFO:colcon.colcon_core.shell:Creating environment hook '/home/ws/ugv_ws/install/apriltag_ros/share/apriltag_ros/hook/pythonscriptspath.ps1'
[3.935s] INFO:colcon.colcon_core.shell:Creating environment descriptor '/home/ws/ugv_ws/install/apriltag_ros/share/apriltag_ros/hook/pythonscriptspath.dsv'
[3.936s] INFO:colcon.colcon_core.shell:Creating environment hook '/home/ws/ugv_ws/install/apriltag_ros/share/apriltag_ros/hook/pythonscriptspath.sh'
[3.937s] INFO:colcon.colcon_core.shell:Creating package script '/home/ws/ugv_ws/install/apriltag_ros/share/apriltag_ros/package.ps1'
[3.937s] INFO:colcon.colcon_core.shell:Creating package descriptor '/home/ws/ugv_ws/install/apriltag_ros/share/apriltag_ros/package.dsv'
[3.938s] INFO:colcon.colcon_core.shell:Creating package script '/home/ws/ugv_ws/install/apriltag_ros/share/apriltag_ros/package.sh'
[3.939s] INFO:colcon.colcon_core.shell:Creating package script '/home/ws/ugv_ws/install/apriltag_ros/share/apriltag_ros/package.bash'
[3.940s] INFO:colcon.colcon_core.shell:Creating package script '/home/ws/ugv_ws/install/apriltag_ros/share/apriltag_ros/package.zsh'
[3.940s] Level 1:colcon.colcon_core.environment:create_file_with_runtime_dependencies(/home/ws/ugv_ws/install/apriltag_ros/share/colcon-core/packages/apriltag_ros)
[3.942s] INFO:colcon.colcon_ros.task.ament_cmake.build:Building ROS package in '/home/ws/ugv_ws/src/ugv_else/vizanti/vizanti_demos' with build type 'ament_cmake'
[3.942s] INFO:colcon.colcon_cmake.task.cmake.build:Building CMake package in '/home/ws/ugv_ws/src/ugv_else/vizanti/vizanti_demos'
[3.942s] INFO:colcon.colcon_core.shell:Skip shell extension 'powershell' for command environment: Not usable outside of PowerShell
[3.942s] DEBUG:colcon.colcon_core.shell:Skip shell extension 'dsv' for command environment
[3.949s] Level 1:colcon.colcon_core.environment:create_environment_scripts_only(vizanti_cpp)
[3.950s] Level 1:colcon.colcon_core.environment:checking '/home/ws/ugv_ws/install/vizanti_cpp' for CMake module files
[3.951s] Level 1:colcon.colcon_core.environment:checking '/home/ws/ugv_ws/install/vizanti_cpp' for CMake config files
[3.951s] Level 1:colcon.colcon_core.shell:create_environment_hook('vizanti_cpp', 'cmake_prefix_path')
[3.952s] INFO:colcon.colcon_core.shell:Creating environment hook '/home/ws/ugv_ws/install/vizanti_cpp/share/vizanti_cpp/hook/cmake_prefix_path.ps1'
[3.952s] INFO:colcon.colcon_core.shell:Creating environment descriptor '/home/ws/ugv_ws/install/vizanti_cpp/share/vizanti_cpp/hook/cmake_prefix_path.dsv'
[3.953s] INFO:colcon.colcon_core.shell:Creating environment hook '/home/ws/ugv_ws/install/vizanti_cpp/share/vizanti_cpp/hook/cmake_prefix_path.sh'
[3.954s] Level 1:colcon.colcon_core.environment:checking '/home/ws/ugv_ws/install/vizanti_cpp/lib'
[3.955s] Level 1:colcon.colcon_core.environment:checking '/home/ws/ugv_ws/install/vizanti_cpp/bin'
[3.955s] Level 1:colcon.colcon_core.environment:checking '/home/ws/ugv_ws/install/vizanti_cpp/lib/pkgconfig/vizanti_cpp.pc'
[3.955s] Level 1:colcon.colcon_core.environment:checking '/home/ws/ugv_ws/install/vizanti_cpp/lib/python3.10/site-packages'
[3.956s] Level 1:colcon.colcon_core.environment:checking '/home/ws/ugv_ws/install/vizanti_cpp/bin'
[3.956s] INFO:colcon.colcon_core.shell:Creating package script '/home/ws/ugv_ws/install/vizanti_cpp/share/vizanti_cpp/package.ps1'
[3.957s] INFO:colcon.colcon_core.shell:Creating package descriptor '/home/ws/ugv_ws/install/vizanti_cpp/share/vizanti_cpp/package.dsv'
[3.958s] INFO:colcon.colcon_core.shell:Creating package script '/home/ws/ugv_ws/install/vizanti_cpp/share/vizanti_cpp/package.sh'
[3.958s] INFO:colcon.colcon_core.shell:Creating package script '/home/ws/ugv_ws/install/vizanti_cpp/share/vizanti_cpp/package.bash'
[3.959s] INFO:colcon.colcon_core.shell:Creating package script '/home/ws/ugv_ws/install/vizanti_cpp/share/vizanti_cpp/package.zsh'
[3.960s] Level 1:colcon.colcon_core.environment:create_file_with_runtime_dependencies(/home/ws/ugv_ws/install/vizanti_cpp/share/colcon-core/packages/vizanti_cpp)
[3.967s] INFO:colcon.colcon_ros.task.ament_cmake.build:Building ROS package in '/home/ws/ugv_ws/src/ugv_else/teb_local_planner/teb_local_planner' with build type 'ament_cmake'
[3.968s] INFO:colcon.colcon_cmake.task.cmake.build:Building CMake package in '/home/ws/ugv_ws/src/ugv_else/teb_local_planner/teb_local_planner'
[3.968s] INFO:colcon.colcon_core.shell:Skip shell extension 'powershell' for command environment: Not usable outside of PowerShell
[3.968s] DEBUG:colcon.colcon_core.shell:Skip shell extension 'dsv' for command environment
[3.969s] DEBUG:colcon.colcon_core.event_handler.log_command:Invoking command in '/home/ws/ugv_ws/build/slam_gmapping': CMAKE_PREFIX_PATH=/home/ws/ugv_ws/install/openslam_gmapping:/home/ws/ugv_ws/install/vizanti:/home/ws/ugv_ws/install/vizanti_server:/home/ws/ugv_ws/install/vizanti_demos:/home/ws/ugv_ws/install/vizanti_msgs:/home/ws/ugv_ws/install/vizanti_cpp:/home/ws/ugv_ws/install/ugv_slam:/home/ws/ugv_ws/install/ugv_nav:/home/ws/ugv_ws/install/ugv_interface:/home/ws/ugv_ws/install/ugv_gazebo:/home/ws/ugv_ws/install/ugv_description:/home/ws/ugv_ws/install/ugv_base_node:/home/ws/ugv_ws/install/teb_local_planner:/home/ws/ugv_ws/install/teb_msgs:/home/ws/ugv_ws/install/slam_gmapping:/home/ws/ugv_ws/install/robot_pose_publisher:/home/ws/ugv_ws/install/rf2o_laser_odometry:/home/ws/ugv_ws/install/ldlidar:/home/ws/ugv_ws/install/explore_lite:/home/ws/ugv_ws/install/emcl2:/home/ws/ugv_ws/install/costmap_converter:/home/ws/ugv_ws/install/costmap_converter_msgs:/home/ws/ugv_ws/install/cartographer:/home/ws/ugv_ws/install/apriltag_ros:/home/ws/ugv_ws/install/apriltag_msgs:/home/ws/ugv_ws/install/apriltag:/home/ws/ugv_ws/install/ugv_web_app:/home/ws/ugv_ws/install/ugv_vision:/home/ws/ugv_ws/install/ugv_tools:/home/ws/ugv_ws/install/ugv_chat_ai:/home/ws/ugv_ws/install/ugv_bringup:/opt/ros/humble /usr/bin/cmake --build /home/ws/ugv_ws/build/slam_gmapping -- -j4 -l4
[3.985s] DEBUG:colcon.colcon_core.event_handler.log_command:Invoking command in '/home/ws/ugv_ws/build/vizanti_demos': CMAKE_PREFIX_PATH=/home/ws/ugv_ws/install/vizanti_msgs:/home/ws/ugv_ws/install/vizanti:/home/ws/ugv_ws/install/vizanti_server:/home/ws/ugv_ws/install/vizanti_demos:/home/ws/ugv_ws/install/vizanti_cpp:/home/ws/ugv_ws/install/ugv_slam:/home/ws/ugv_ws/install/ugv_nav:/home/ws/ugv_ws/install/ugv_interface:/home/ws/ugv_ws/install/ugv_gazebo:/home/ws/ugv_ws/install/ugv_description:/home/ws/ugv_ws/install/ugv_base_node:/home/ws/ugv_ws/install/teb_local_planner:/home/ws/ugv_ws/install/teb_msgs:/home/ws/ugv_ws/install/slam_gmapping:/home/ws/ugv_ws/install/robot_pose_publisher:/home/ws/ugv_ws/install/rf2o_laser_odometry:/home/ws/ugv_ws/install/openslam_gmapping:/home/ws/ugv_ws/install/ldlidar:/home/ws/ugv_ws/install/explore_lite:/home/ws/ugv_ws/install/emcl2:/home/ws/ugv_ws/install/costmap_converter:/home/ws/ugv_ws/install/costmap_converter_msgs:/home/ws/ugv_ws/install/cartographer:/home/ws/ugv_ws/install/apriltag_ros:/home/ws/ugv_ws/install/apriltag_msgs:/home/ws/ugv_ws/install/apriltag:/home/ws/ugv_ws/install/ugv_web_app:/home/ws/ugv_ws/install/ugv_vision:/home/ws/ugv_ws/install/ugv_tools:/home/ws/ugv_ws/install/ugv_chat_ai:/home/ws/ugv_ws/install/ugv_bringup:/opt/ros/humble /usr/bin/cmake --build /home/ws/ugv_ws/build/vizanti_demos -- -j4 -l4
[4.002s] DEBUG:colcon.colcon_core.event_handler.log_command:Invoking command in '/home/ws/ugv_ws/build/teb_local_planner': CMAKE_PREFIX_PATH=/home/ws/ugv_ws/install/teb_msgs:/home/ws/ugv_ws/install/costmap_converter:/home/ws/ugv_ws/install/costmap_converter_msgs:/home/ws/ugv_ws/install/vizanti:/home/ws/ugv_ws/install/vizanti_server:/home/ws/ugv_ws/install/vizanti_demos:/home/ws/ugv_ws/install/vizanti_msgs:/home/ws/ugv_ws/install/vizanti_cpp:/home/ws/ugv_ws/install/ugv_slam:/home/ws/ugv_ws/install/ugv_nav:/home/ws/ugv_ws/install/ugv_interface:/home/ws/ugv_ws/install/ugv_gazebo:/home/ws/ugv_ws/install/ugv_description:/home/ws/ugv_ws/install/ugv_base_node:/home/ws/ugv_ws/install/teb_local_planner:/home/ws/ugv_ws/install/slam_gmapping:/home/ws/ugv_ws/install/robot_pose_publisher:/home/ws/ugv_ws/install/rf2o_laser_odometry:/home/ws/ugv_ws/install/openslam_gmapping:/home/ws/ugv_ws/install/ldlidar:/home/ws/ugv_ws/install/explore_lite:/home/ws/ugv_ws/install/emcl2:/home/ws/ugv_ws/install/cartographer:/home/ws/ugv_ws/install/apriltag_ros:/home/ws/ugv_ws/install/apriltag_msgs:/home/ws/ugv_ws/install/apriltag:/home/ws/ugv_ws/install/ugv_web_app:/home/ws/ugv_ws/install/ugv_vision:/home/ws/ugv_ws/install/ugv_tools:/home/ws/ugv_ws/install/ugv_chat_ai:/home/ws/ugv_ws/install/ugv_bringup:/opt/ros/humble LD_LIBRARY_PATH=/home/ws/ugv_ws/install/teb_msgs/lib:/home/ws/ugv_ws/install/costmap_converter/lib:/home/ws/ugv_ws/install/costmap_converter_msgs/lib:/home/ws/ugv_ws/install/vizanti_msgs/lib:/home/ws/ugv_ws/install/ugv_interface/lib:/home/ws/ugv_ws/install/teb_local_planner/lib:/home/ws/ugv_ws/install/openslam_gmapping/lib:/home/ws/ugv_ws/install/apriltag_ros/lib:/home/ws/ugv_ws/install/apriltag_msgs/lib:/home/ws/ugv_ws/install/apriltag/lib:/opt/ros/humble/opt/rviz_ogre_vendor/lib:/opt/ros/humble/lib/aarch64-linux-gnu:/opt/ros/humble/lib /usr/bin/cmake --build /home/ws/ugv_ws/build/teb_local_planner -- -j4 -l4
[4.042s] DEBUG:colcon.colcon_core.event_handler.log_command:Invoked command in '/home/ws/ugv_ws/build/vizanti_demos' returned '0': CMAKE_PREFIX_PATH=/home/ws/ugv_ws/install/vizanti_msgs:/home/ws/ugv_ws/install/vizanti:/home/ws/ugv_ws/install/vizanti_server:/home/ws/ugv_ws/install/vizanti_demos:/home/ws/ugv_ws/install/vizanti_cpp:/home/ws/ugv_ws/install/ugv_slam:/home/ws/ugv_ws/install/ugv_nav:/home/ws/ugv_ws/install/ugv_interface:/home/ws/ugv_ws/install/ugv_gazebo:/home/ws/ugv_ws/install/ugv_description:/home/ws/ugv_ws/install/ugv_base_node:/home/ws/ugv_ws/install/teb_local_planner:/home/ws/ugv_ws/install/teb_msgs:/home/ws/ugv_ws/install/slam_gmapping:/home/ws/ugv_ws/install/robot_pose_publisher:/home/ws/ugv_ws/install/rf2o_laser_odometry:/home/ws/ugv_ws/install/openslam_gmapping:/home/ws/ugv_ws/install/ldlidar:/home/ws/ugv_ws/install/explore_lite:/home/ws/ugv_ws/install/emcl2:/home/ws/ugv_ws/install/costmap_converter:/home/ws/ugv_ws/install/costmap_converter_msgs:/home/ws/ugv_ws/install/cartographer:/home/ws/ugv_ws/install/apriltag_ros:/home/ws/ugv_ws/install/apriltag_msgs:/home/ws/ugv_ws/install/apriltag:/home/ws/ugv_ws/install/ugv_web_app:/home/ws/ugv_ws/install/ugv_vision:/home/ws/ugv_ws/install/ugv_tools:/home/ws/ugv_ws/install/ugv_chat_ai:/home/ws/ugv_ws/install/ugv_bringup:/opt/ros/humble /usr/bin/cmake --build /home/ws/ugv_ws/build/vizanti_demos -- -j4 -l4
[4.074s] DEBUG:colcon.colcon_core.event_handler.log_command:Invoking command in '/home/ws/ugv_ws/build/vizanti_demos': CMAKE_PREFIX_PATH=/home/ws/ugv_ws/install/vizanti_msgs:/home/ws/ugv_ws/install/vizanti:/home/ws/ugv_ws/install/vizanti_server:/home/ws/ugv_ws/install/vizanti_demos:/home/ws/ugv_ws/install/vizanti_cpp:/home/ws/ugv_ws/install/ugv_slam:/home/ws/ugv_ws/install/ugv_nav:/home/ws/ugv_ws/install/ugv_interface:/home/ws/ugv_ws/install/ugv_gazebo:/home/ws/ugv_ws/install/ugv_description:/home/ws/ugv_ws/install/ugv_base_node:/home/ws/ugv_ws/install/teb_local_planner:/home/ws/ugv_ws/install/teb_msgs:/home/ws/ugv_ws/install/slam_gmapping:/home/ws/ugv_ws/install/robot_pose_publisher:/home/ws/ugv_ws/install/rf2o_laser_odometry:/home/ws/ugv_ws/install/openslam_gmapping:/home/ws/ugv_ws/install/ldlidar:/home/ws/ugv_ws/install/explore_lite:/home/ws/ugv_ws/install/emcl2:/home/ws/ugv_ws/install/costmap_converter:/home/ws/ugv_ws/install/costmap_converter_msgs:/home/ws/ugv_ws/install/cartographer:/home/ws/ugv_ws/install/apriltag_ros:/home/ws/ugv_ws/install/apriltag_msgs:/home/ws/ugv_ws/install/apriltag:/home/ws/ugv_ws/install/ugv_web_app:/home/ws/ugv_ws/install/ugv_vision:/home/ws/ugv_ws/install/ugv_tools:/home/ws/ugv_ws/install/ugv_chat_ai:/home/ws/ugv_ws/install/ugv_bringup:/opt/ros/humble /usr/bin/cmake --install /home/ws/ugv_ws/build/vizanti_demos
[4.080s] DEBUG:colcon.colcon_core.event_handler.log_command:Invoked command in '/home/ws/ugv_ws/build/slam_gmapping' returned '0': CMAKE_PREFIX_PATH=/home/ws/ugv_ws/install/openslam_gmapping:/home/ws/ugv_ws/install/vizanti:/home/ws/ugv_ws/install/vizanti_server:/home/ws/ugv_ws/install/vizanti_demos:/home/ws/ugv_ws/install/vizanti_msgs:/home/ws/ugv_ws/install/vizanti_cpp:/home/ws/ugv_ws/install/ugv_slam:/home/ws/ugv_ws/install/ugv_nav:/home/ws/ugv_ws/install/ugv_interface:/home/ws/ugv_ws/install/ugv_gazebo:/home/ws/ugv_ws/install/ugv_description:/home/ws/ugv_ws/install/ugv_base_node:/home/ws/ugv_ws/install/teb_local_planner:/home/ws/ugv_ws/install/teb_msgs:/home/ws/ugv_ws/install/slam_gmapping:/home/ws/ugv_ws/install/robot_pose_publisher:/home/ws/ugv_ws/install/rf2o_laser_odometry:/home/ws/ugv_ws/install/ldlidar:/home/ws/ugv_ws/install/explore_lite:/home/ws/ugv_ws/install/emcl2:/home/ws/ugv_ws/install/costmap_converter:/home/ws/ugv_ws/install/costmap_converter_msgs:/home/ws/ugv_ws/install/cartographer:/home/ws/ugv_ws/install/apriltag_ros:/home/ws/ugv_ws/install/apriltag_msgs:/home/ws/ugv_ws/install/apriltag:/home/ws/ugv_ws/install/ugv_web_app:/home/ws/ugv_ws/install/ugv_vision:/home/ws/ugv_ws/install/ugv_tools:/home/ws/ugv_ws/install/ugv_chat_ai:/home/ws/ugv_ws/install/ugv_bringup:/opt/ros/humble /usr/bin/cmake --build /home/ws/ugv_ws/build/slam_gmapping -- -j4 -l4
[4.092s] Level 1:colcon.colcon_core.environment:create_environment_scripts_only(vizanti_demos)
[4.093s] Level 1:colcon.colcon_core.environment:checking '/home/ws/ugv_ws/install/vizanti_demos' for CMake module files
[4.093s] Level 1:colcon.colcon_core.environment:checking '/home/ws/ugv_ws/install/vizanti_demos' for CMake config files
[4.094s] Level 1:colcon.colcon_core.shell:create_environment_hook('vizanti_demos', 'cmake_prefix_path')
[4.094s] INFO:colcon.colcon_core.shell:Creating environment hook '/home/ws/ugv_ws/install/vizanti_demos/share/vizanti_demos/hook/cmake_prefix_path.ps1'
[4.094s] INFO:colcon.colcon_core.shell:Creating environment descriptor '/home/ws/ugv_ws/install/vizanti_demos/share/vizanti_demos/hook/cmake_prefix_path.dsv'
[4.096s] DEBUG:colcon.colcon_core.event_handler.log_command:Invoked command in '/home/ws/ugv_ws/build/vizanti_demos' returned '0': CMAKE_PREFIX_PATH=/home/ws/ugv_ws/install/vizanti_msgs:/home/ws/ugv_ws/install/vizanti:/home/ws/ugv_ws/install/vizanti_server:/home/ws/ugv_ws/install/vizanti_demos:/home/ws/ugv_ws/install/vizanti_cpp:/home/ws/ugv_ws/install/ugv_slam:/home/ws/ugv_ws/install/ugv_nav:/home/ws/ugv_ws/install/ugv_interface:/home/ws/ugv_ws/install/ugv_gazebo:/home/ws/ugv_ws/install/ugv_description:/home/ws/ugv_ws/install/ugv_base_node:/home/ws/ugv_ws/install/teb_local_planner:/home/ws/ugv_ws/install/teb_msgs:/home/ws/ugv_ws/install/slam_gmapping:/home/ws/ugv_ws/install/robot_pose_publisher:/home/ws/ugv_ws/install/rf2o_laser_odometry:/home/ws/ugv_ws/install/openslam_gmapping:/home/ws/ugv_ws/install/ldlidar:/home/ws/ugv_ws/install/explore_lite:/home/ws/ugv_ws/install/emcl2:/home/ws/ugv_ws/install/costmap_converter:/home/ws/ugv_ws/install/costmap_converter_msgs:/home/ws/ugv_ws/install/cartographer:/home/ws/ugv_ws/install/apriltag_ros:/home/ws/ugv_ws/install/apriltag_msgs:/home/ws/ugv_ws/install/apriltag:/home/ws/ugv_ws/install/ugv_web_app:/home/ws/ugv_ws/install/ugv_vision:/home/ws/ugv_ws/install/ugv_tools:/home/ws/ugv_ws/install/ugv_chat_ai:/home/ws/ugv_ws/install/ugv_bringup:/opt/ros/humble /usr/bin/cmake --install /home/ws/ugv_ws/build/vizanti_demos
[4.096s] INFO:colcon.colcon_core.shell:Creating environment hook '/home/ws/ugv_ws/install/vizanti_demos/share/vizanti_demos/hook/cmake_prefix_path.sh'
[4.097s] Level 1:colcon.colcon_core.environment:checking '/home/ws/ugv_ws/install/vizanti_demos/lib'
[4.098s] Level 1:colcon.colcon_core.environment:checking '/home/ws/ugv_ws/install/vizanti_demos/bin'
[4.098s] Level 1:colcon.colcon_core.environment:checking '/home/ws/ugv_ws/install/vizanti_demos/lib/pkgconfig/vizanti_demos.pc'
[4.098s] Level 1:colcon.colcon_core.environment:checking '/home/ws/ugv_ws/install/vizanti_demos/lib/python3.10/site-packages'
[4.098s] Level 1:colcon.colcon_core.environment:checking '/home/ws/ugv_ws/install/vizanti_demos/bin'
[4.099s] INFO:colcon.colcon_core.shell:Creating package script '/home/ws/ugv_ws/install/vizanti_demos/share/vizanti_demos/package.ps1'
[4.100s] INFO:colcon.colcon_core.shell:Creating package descriptor '/home/ws/ugv_ws/install/vizanti_demos/share/vizanti_demos/package.dsv'
[4.101s] INFO:colcon.colcon_core.shell:Creating package script '/home/ws/ugv_ws/install/vizanti_demos/share/vizanti_demos/package.sh'
[4.102s] INFO:colcon.colcon_core.shell:Creating package script '/home/ws/ugv_ws/install/vizanti_demos/share/vizanti_demos/package.bash'
[4.106s] INFO:colcon.colcon_core.shell:Creating package script '/home/ws/ugv_ws/install/vizanti_demos/share/vizanti_demos/package.zsh'
[4.107s] Level 1:colcon.colcon_core.environment:create_file_with_runtime_dependencies(/home/ws/ugv_ws/install/vizanti_demos/share/colcon-core/packages/vizanti_demos)
[4.121s] DEBUG:colcon.colcon_core.event_handler.log_command:Invoking command in '/home/ws/ugv_ws/build/slam_gmapping': CMAKE_PREFIX_PATH=/home/ws/ugv_ws/install/openslam_gmapping:/home/ws/ugv_ws/install/vizanti:/home/ws/ugv_ws/install/vizanti_server:/home/ws/ugv_ws/install/vizanti_demos:/home/ws/ugv_ws/install/vizanti_msgs:/home/ws/ugv_ws/install/vizanti_cpp:/home/ws/ugv_ws/install/ugv_slam:/home/ws/ugv_ws/install/ugv_nav:/home/ws/ugv_ws/install/ugv_interface:/home/ws/ugv_ws/install/ugv_gazebo:/home/ws/ugv_ws/install/ugv_description:/home/ws/ugv_ws/install/ugv_base_node:/home/ws/ugv_ws/install/teb_local_planner:/home/ws/ugv_ws/install/teb_msgs:/home/ws/ugv_ws/install/slam_gmapping:/home/ws/ugv_ws/install/robot_pose_publisher:/home/ws/ugv_ws/install/rf2o_laser_odometry:/home/ws/ugv_ws/install/ldlidar:/home/ws/ugv_ws/install/explore_lite:/home/ws/ugv_ws/install/emcl2:/home/ws/ugv_ws/install/costmap_converter:/home/ws/ugv_ws/install/costmap_converter_msgs:/home/ws/ugv_ws/install/cartographer:/home/ws/ugv_ws/install/apriltag_ros:/home/ws/ugv_ws/install/apriltag_msgs:/home/ws/ugv_ws/install/apriltag:/home/ws/ugv_ws/install/ugv_web_app:/home/ws/ugv_ws/install/ugv_vision:/home/ws/ugv_ws/install/ugv_tools:/home/ws/ugv_ws/install/ugv_chat_ai:/home/ws/ugv_ws/install/ugv_bringup:/opt/ros/humble /usr/bin/cmake --install /home/ws/ugv_ws/build/slam_gmapping
[4.138s] Level 1:colcon.colcon_core.environment:create_environment_scripts_only(slam_gmapping)
[4.139s] Level 1:colcon.colcon_core.environment:checking '/home/ws/ugv_ws/install/slam_gmapping' for CMake module files
[4.139s] Level 1:colcon.colcon_core.environment:checking '/home/ws/ugv_ws/install/slam_gmapping' for CMake config files
[4.140s] DEBUG:colcon.colcon_core.event_handler.log_command:Invoked command in '/home/ws/ugv_ws/build/slam_gmapping' returned '0': CMAKE_PREFIX_PATH=/home/ws/ugv_ws/install/openslam_gmapping:/home/ws/ugv_ws/install/vizanti:/home/ws/ugv_ws/install/vizanti_server:/home/ws/ugv_ws/install/vizanti_demos:/home/ws/ugv_ws/install/vizanti_msgs:/home/ws/ugv_ws/install/vizanti_cpp:/home/ws/ugv_ws/install/ugv_slam:/home/ws/ugv_ws/install/ugv_nav:/home/ws/ugv_ws/install/ugv_interface:/home/ws/ugv_ws/install/ugv_gazebo:/home/ws/ugv_ws/install/ugv_description:/home/ws/ugv_ws/install/ugv_base_node:/home/ws/ugv_ws/install/teb_local_planner:/home/ws/ugv_ws/install/teb_msgs:/home/ws/ugv_ws/install/slam_gmapping:/home/ws/ugv_ws/install/robot_pose_publisher:/home/ws/ugv_ws/install/rf2o_laser_odometry:/home/ws/ugv_ws/install/ldlidar:/home/ws/ugv_ws/install/explore_lite:/home/ws/ugv_ws/install/emcl2:/home/ws/ugv_ws/install/costmap_converter:/home/ws/ugv_ws/install/costmap_converter_msgs:/home/ws/ugv_ws/install/cartographer:/home/ws/ugv_ws/install/apriltag_ros:/home/ws/ugv_ws/install/apriltag_msgs:/home/ws/ugv_ws/install/apriltag:/home/ws/ugv_ws/install/ugv_web_app:/home/ws/ugv_ws/install/ugv_vision:/home/ws/ugv_ws/install/ugv_tools:/home/ws/ugv_ws/install/ugv_chat_ai:/home/ws/ugv_ws/install/ugv_bringup:/opt/ros/humble /usr/bin/cmake --install /home/ws/ugv_ws/build/slam_gmapping
[4.141s] Level 1:colcon.colcon_core.shell:create_environment_hook('slam_gmapping', 'cmake_prefix_path')
[4.141s] INFO:colcon.colcon_core.shell:Creating environment hook '/home/ws/ugv_ws/install/slam_gmapping/share/slam_gmapping/hook/cmake_prefix_path.ps1'
[4.142s] INFO:colcon.colcon_core.shell:Creating environment descriptor '/home/ws/ugv_ws/install/slam_gmapping/share/slam_gmapping/hook/cmake_prefix_path.dsv'
[4.143s] INFO:colcon.colcon_core.shell:Creating environment hook '/home/ws/ugv_ws/install/slam_gmapping/share/slam_gmapping/hook/cmake_prefix_path.sh'
[4.144s] Level 1:colcon.colcon_core.environment:checking '/home/ws/ugv_ws/install/slam_gmapping/lib'
[4.144s] Level 1:colcon.colcon_core.environment:checking '/home/ws/ugv_ws/install/slam_gmapping/bin'
[4.144s] Level 1:colcon.colcon_core.environment:checking '/home/ws/ugv_ws/install/slam_gmapping/lib/pkgconfig/slam_gmapping.pc'
[4.145s] Level 1:colcon.colcon_core.environment:checking '/home/ws/ugv_ws/install/slam_gmapping/lib/python3.10/site-packages'
[4.145s] Level 1:colcon.colcon_core.environment:checking '/home/ws/ugv_ws/install/slam_gmapping/bin'
[4.145s] INFO:colcon.colcon_core.shell:Creating package script '/home/ws/ugv_ws/install/slam_gmapping/share/slam_gmapping/package.ps1'
[4.146s] INFO:colcon.colcon_core.shell:Creating package descriptor '/home/ws/ugv_ws/install/slam_gmapping/share/slam_gmapping/package.dsv'
[4.147s] INFO:colcon.colcon_core.shell:Creating package script '/home/ws/ugv_ws/install/slam_gmapping/share/slam_gmapping/package.sh'
[4.148s] INFO:colcon.colcon_core.shell:Creating package script '/home/ws/ugv_ws/install/slam_gmapping/share/slam_gmapping/package.bash'
[4.148s] INFO:colcon.colcon_core.shell:Creating package script '/home/ws/ugv_ws/install/slam_gmapping/share/slam_gmapping/package.zsh'
[4.149s] Level 1:colcon.colcon_core.environment:create_file_with_runtime_dependencies(/home/ws/ugv_ws/install/slam_gmapping/share/colcon-core/packages/slam_gmapping)
[4.157s] Level 1:colcon.colcon_core.environment:create_environment_scripts_only(vizanti_demos)
[4.158s] Level 1:colcon.colcon_core.environment:checking '/home/ws/ugv_ws/install/vizanti_demos' for CMake module files
[4.158s] Level 1:colcon.colcon_core.environment:checking '/home/ws/ugv_ws/install/vizanti_demos' for CMake config files
[4.159s] Level 1:colcon.colcon_core.shell:create_environment_hook('vizanti_demos', 'cmake_prefix_path')
[4.159s] INFO:colcon.colcon_core.shell:Creating environment hook '/home/ws/ugv_ws/install/vizanti_demos/share/vizanti_demos/hook/cmake_prefix_path.ps1'
[4.160s] INFO:colcon.colcon_core.shell:Creating environment descriptor '/home/ws/ugv_ws/install/vizanti_demos/share/vizanti_demos/hook/cmake_prefix_path.dsv'
[4.164s] INFO:colcon.colcon_core.shell:Creating environment hook '/home/ws/ugv_ws/install/vizanti_demos/share/vizanti_demos/hook/cmake_prefix_path.sh'
[4.166s] Level 1:colcon.colcon_core.environment:checking '/home/ws/ugv_ws/install/vizanti_demos/lib'
[4.168s] Level 1:colcon.colcon_core.environment:checking '/home/ws/ugv_ws/install/vizanti_demos/bin'
[4.168s] Level 1:colcon.colcon_core.environment:checking '/home/ws/ugv_ws/install/vizanti_demos/lib/pkgconfig/vizanti_demos.pc'
[4.168s] Level 1:colcon.colcon_core.environment:checking '/home/ws/ugv_ws/install/vizanti_demos/lib/python3.10/site-packages'
[4.169s] Level 1:colcon.colcon_core.environment:checking '/home/ws/ugv_ws/install/vizanti_demos/bin'
[4.169s] INFO:colcon.colcon_core.shell:Creating package script '/home/ws/ugv_ws/install/vizanti_demos/share/vizanti_demos/package.ps1'
[4.170s] INFO:colcon.colcon_core.shell:Creating package descriptor '/home/ws/ugv_ws/install/vizanti_demos/share/vizanti_demos/package.dsv'
[4.173s] INFO:colcon.colcon_core.shell:Creating package script '/home/ws/ugv_ws/install/vizanti_demos/share/vizanti_demos/package.sh'
[4.175s] INFO:colcon.colcon_core.shell:Creating package script '/home/ws/ugv_ws/install/vizanti_demos/share/vizanti_demos/package.bash'
[4.176s] INFO:colcon.colcon_core.shell:Creating package script '/home/ws/ugv_ws/install/vizanti_demos/share/vizanti_demos/package.zsh'
[4.177s] Level 1:colcon.colcon_core.environment:create_file_with_runtime_dependencies(/home/ws/ugv_ws/install/vizanti_demos/share/colcon-core/packages/vizanti_demos)
[4.178s] INFO:colcon.colcon_ros.task.ament_cmake.build:Building ROS package in '/home/ws/ugv_ws/src/ugv_else/vizanti/vizanti' with build type 'ament_cmake'
[4.179s] INFO:colcon.colcon_cmake.task.cmake.build:Building CMake package in '/home/ws/ugv_ws/src/ugv_else/vizanti/vizanti'
[4.179s] INFO:colcon.colcon_core.shell:Skip shell extension 'powershell' for command environment: Not usable outside of PowerShell
[4.179s] DEBUG:colcon.colcon_core.shell:Skip shell extension 'dsv' for command environment
[4.195s] DEBUG:colcon.colcon_core.event_handler.log_command:Invoked command in '/home/ws/ugv_ws/build/teb_local_planner' returned '0': CMAKE_PREFIX_PATH=/home/ws/ugv_ws/install/teb_msgs:/home/ws/ugv_ws/install/costmap_converter:/home/ws/ugv_ws/install/costmap_converter_msgs:/home/ws/ugv_ws/install/vizanti:/home/ws/ugv_ws/install/vizanti_server:/home/ws/ugv_ws/install/vizanti_demos:/home/ws/ugv_ws/install/vizanti_msgs:/home/ws/ugv_ws/install/vizanti_cpp:/home/ws/ugv_ws/install/ugv_slam:/home/ws/ugv_ws/install/ugv_nav:/home/ws/ugv_ws/install/ugv_interface:/home/ws/ugv_ws/install/ugv_gazebo:/home/ws/ugv_ws/install/ugv_description:/home/ws/ugv_ws/install/ugv_base_node:/home/ws/ugv_ws/install/teb_local_planner:/home/ws/ugv_ws/install/slam_gmapping:/home/ws/ugv_ws/install/robot_pose_publisher:/home/ws/ugv_ws/install/rf2o_laser_odometry:/home/ws/ugv_ws/install/openslam_gmapping:/home/ws/ugv_ws/install/ldlidar:/home/ws/ugv_ws/install/explore_lite:/home/ws/ugv_ws/install/emcl2:/home/ws/ugv_ws/install/cartographer:/home/ws/ugv_ws/install/apriltag_ros:/home/ws/ugv_ws/install/apriltag_msgs:/home/ws/ugv_ws/install/apriltag:/home/ws/ugv_ws/install/ugv_web_app:/home/ws/ugv_ws/install/ugv_vision:/home/ws/ugv_ws/install/ugv_tools:/home/ws/ugv_ws/install/ugv_chat_ai:/home/ws/ugv_ws/install/ugv_bringup:/opt/ros/humble LD_LIBRARY_PATH=/home/ws/ugv_ws/install/teb_msgs/lib:/home/ws/ugv_ws/install/costmap_converter/lib:/home/ws/ugv_ws/install/costmap_converter_msgs/lib:/home/ws/ugv_ws/install/vizanti_msgs/lib:/home/ws/ugv_ws/install/ugv_interface/lib:/home/ws/ugv_ws/install/teb_local_planner/lib:/home/ws/ugv_ws/install/openslam_gmapping/lib:/home/ws/ugv_ws/install/apriltag_ros/lib:/home/ws/ugv_ws/install/apriltag_msgs/lib:/home/ws/ugv_ws/install/apriltag/lib:/opt/ros/humble/opt/rviz_ogre_vendor/lib:/opt/ros/humble/lib/aarch64-linux-gnu:/opt/ros/humble/lib /usr/bin/cmake --build /home/ws/ugv_ws/build/teb_local_planner -- -j4 -l4
[4.197s] Level 1:colcon.colcon_core.environment:create_environment_scripts_only(slam_gmapping)
[4.197s] Level 1:colcon.colcon_core.environment:checking '/home/ws/ugv_ws/install/slam_gmapping' for CMake module files
[4.198s] Level 1:colcon.colcon_core.environment:checking '/home/ws/ugv_ws/install/slam_gmapping' for CMake config files
[4.199s] Level 1:colcon.colcon_core.shell:create_environment_hook('slam_gmapping', 'cmake_prefix_path')
[4.199s] INFO:colcon.colcon_core.shell:Creating environment hook '/home/ws/ugv_ws/install/slam_gmapping/share/slam_gmapping/hook/cmake_prefix_path.ps1'
[4.201s] INFO:colcon.colcon_core.shell:Creating environment descriptor '/home/ws/ugv_ws/install/slam_gmapping/share/slam_gmapping/hook/cmake_prefix_path.dsv'
[4.202s] INFO:colcon.colcon_core.shell:Creating environment hook '/home/ws/ugv_ws/install/slam_gmapping/share/slam_gmapping/hook/cmake_prefix_path.sh'
[4.203s] Level 1:colcon.colcon_core.environment:checking '/home/ws/ugv_ws/install/slam_gmapping/lib'
[4.203s] Level 1:colcon.colcon_core.environment:checking '/home/ws/ugv_ws/install/slam_gmapping/bin'
[4.204s] Level 1:colcon.colcon_core.environment:checking '/home/ws/ugv_ws/install/slam_gmapping/lib/pkgconfig/slam_gmapping.pc'
[4.204s] Level 1:colcon.colcon_core.environment:checking '/home/ws/ugv_ws/install/slam_gmapping/lib/python3.10/site-packages'
[4.205s] Level 1:colcon.colcon_core.environment:checking '/home/ws/ugv_ws/install/slam_gmapping/bin'
[4.205s] INFO:colcon.colcon_core.shell:Creating package script '/home/ws/ugv_ws/install/slam_gmapping/share/slam_gmapping/package.ps1'
[4.206s] INFO:colcon.colcon_core.shell:Creating package descriptor '/home/ws/ugv_ws/install/slam_gmapping/share/slam_gmapping/package.dsv'
[4.207s] INFO:colcon.colcon_core.shell:Creating package script '/home/ws/ugv_ws/install/slam_gmapping/share/slam_gmapping/package.sh'
[4.208s] INFO:colcon.colcon_core.shell:Creating package script '/home/ws/ugv_ws/install/slam_gmapping/share/slam_gmapping/package.bash'
[4.209s] INFO:colcon.colcon_core.shell:Creating package script '/home/ws/ugv_ws/install/slam_gmapping/share/slam_gmapping/package.zsh'
[4.210s] Level 1:colcon.colcon_core.environment:create_file_with_runtime_dependencies(/home/ws/ugv_ws/install/slam_gmapping/share/colcon-core/packages/slam_gmapping)
[4.220s] DEBUG:colcon.colcon_core.event_handler.log_command:Invoking command in '/home/ws/ugv_ws/build/vizanti': CMAKE_PREFIX_PATH=/home/ws/ugv_ws/install/vizanti_server:/home/ws/ugv_ws/install/vizanti_msgs:/home/ws/ugv_ws/install/vizanti:/home/ws/ugv_ws/install/vizanti_demos:/home/ws/ugv_ws/install/vizanti_cpp:/home/ws/ugv_ws/install/ugv_slam:/home/ws/ugv_ws/install/ugv_nav:/home/ws/ugv_ws/install/ugv_interface:/home/ws/ugv_ws/install/ugv_gazebo:/home/ws/ugv_ws/install/ugv_description:/home/ws/ugv_ws/install/ugv_base_node:/home/ws/ugv_ws/install/teb_local_planner:/home/ws/ugv_ws/install/teb_msgs:/home/ws/ugv_ws/install/slam_gmapping:/home/ws/ugv_ws/install/robot_pose_publisher:/home/ws/ugv_ws/install/rf2o_laser_odometry:/home/ws/ugv_ws/install/openslam_gmapping:/home/ws/ugv_ws/install/ldlidar:/home/ws/ugv_ws/install/explore_lite:/home/ws/ugv_ws/install/emcl2:/home/ws/ugv_ws/install/costmap_converter:/home/ws/ugv_ws/install/costmap_converter_msgs:/home/ws/ugv_ws/install/cartographer:/home/ws/ugv_ws/install/apriltag_ros:/home/ws/ugv_ws/install/apriltag_msgs:/home/ws/ugv_ws/install/apriltag:/home/ws/ugv_ws/install/ugv_web_app:/home/ws/ugv_ws/install/ugv_vision:/home/ws/ugv_ws/install/ugv_tools:/home/ws/ugv_ws/install/ugv_chat_ai:/home/ws/ugv_ws/install/ugv_bringup:/opt/ros/humble /usr/bin/cmake --build /home/ws/ugv_ws/build/vizanti -- -j4 -l4
[4.267s] DEBUG:colcon.colcon_core.event_handler.log_command:Invoking command in '/home/ws/ugv_ws/build/teb_local_planner': CMAKE_PREFIX_PATH=/home/ws/ugv_ws/install/teb_msgs:/home/ws/ugv_ws/install/costmap_converter:/home/ws/ugv_ws/install/costmap_converter_msgs:/home/ws/ugv_ws/install/vizanti:/home/ws/ugv_ws/install/vizanti_server:/home/ws/ugv_ws/install/vizanti_demos:/home/ws/ugv_ws/install/vizanti_msgs:/home/ws/ugv_ws/install/vizanti_cpp:/home/ws/ugv_ws/install/ugv_slam:/home/ws/ugv_ws/install/ugv_nav:/home/ws/ugv_ws/install/ugv_interface:/home/ws/ugv_ws/install/ugv_gazebo:/home/ws/ugv_ws/install/ugv_description:/home/ws/ugv_ws/install/ugv_base_node:/home/ws/ugv_ws/install/teb_local_planner:/home/ws/ugv_ws/install/slam_gmapping:/home/ws/ugv_ws/install/robot_pose_publisher:/home/ws/ugv_ws/install/rf2o_laser_odometry:/home/ws/ugv_ws/install/openslam_gmapping:/home/ws/ugv_ws/install/ldlidar:/home/ws/ugv_ws/install/explore_lite:/home/ws/ugv_ws/install/emcl2:/home/ws/ugv_ws/install/cartographer:/home/ws/ugv_ws/install/apriltag_ros:/home/ws/ugv_ws/install/apriltag_msgs:/home/ws/ugv_ws/install/apriltag:/home/ws/ugv_ws/install/ugv_web_app:/home/ws/ugv_ws/install/ugv_vision:/home/ws/ugv_ws/install/ugv_tools:/home/ws/ugv_ws/install/ugv_chat_ai:/home/ws/ugv_ws/install/ugv_bringup:/opt/ros/humble LD_LIBRARY_PATH=/home/ws/ugv_ws/install/teb_msgs/lib:/home/ws/ugv_ws/install/costmap_converter/lib:/home/ws/ugv_ws/install/costmap_converter_msgs/lib:/home/ws/ugv_ws/install/vizanti_msgs/lib:/home/ws/ugv_ws/install/ugv_interface/lib:/home/ws/ugv_ws/install/teb_local_planner/lib:/home/ws/ugv_ws/install/openslam_gmapping/lib:/home/ws/ugv_ws/install/apriltag_ros/lib:/home/ws/ugv_ws/install/apriltag_msgs/lib:/home/ws/ugv_ws/install/apriltag/lib:/opt/ros/humble/opt/rviz_ogre_vendor/lib:/opt/ros/humble/lib/aarch64-linux-gnu:/opt/ros/humble/lib /usr/bin/cmake --install /home/ws/ugv_ws/build/teb_local_planner
[4.272s] DEBUG:colcon.colcon_core.event_handler.log_command:Invoked command in '/home/ws/ugv_ws/build/vizanti' returned '0': CMAKE_PREFIX_PATH=/home/ws/ugv_ws/install/vizanti_server:/home/ws/ugv_ws/install/vizanti_msgs:/home/ws/ugv_ws/install/vizanti:/home/ws/ugv_ws/install/vizanti_demos:/home/ws/ugv_ws/install/vizanti_cpp:/home/ws/ugv_ws/install/ugv_slam:/home/ws/ugv_ws/install/ugv_nav:/home/ws/ugv_ws/install/ugv_interface:/home/ws/ugv_ws/install/ugv_gazebo:/home/ws/ugv_ws/install/ugv_description:/home/ws/ugv_ws/install/ugv_base_node:/home/ws/ugv_ws/install/teb_local_planner:/home/ws/ugv_ws/install/teb_msgs:/home/ws/ugv_ws/install/slam_gmapping:/home/ws/ugv_ws/install/robot_pose_publisher:/home/ws/ugv_ws/install/rf2o_laser_odometry:/home/ws/ugv_ws/install/openslam_gmapping:/home/ws/ugv_ws/install/ldlidar:/home/ws/ugv_ws/install/explore_lite:/home/ws/ugv_ws/install/emcl2:/home/ws/ugv_ws/install/costmap_converter:/home/ws/ugv_ws/install/costmap_converter_msgs:/home/ws/ugv_ws/install/cartographer:/home/ws/ugv_ws/install/apriltag_ros:/home/ws/ugv_ws/install/apriltag_msgs:/home/ws/ugv_ws/install/apriltag:/home/ws/ugv_ws/install/ugv_web_app:/home/ws/ugv_ws/install/ugv_vision:/home/ws/ugv_ws/install/ugv_tools:/home/ws/ugv_ws/install/ugv_chat_ai:/home/ws/ugv_ws/install/ugv_bringup:/opt/ros/humble /usr/bin/cmake --build /home/ws/ugv_ws/build/vizanti -- -j4 -l4
[4.273s] DEBUG:colcon.colcon_core.event_handler.log_command:Invoked command in '/home/ws/ugv_ws/build/ugv_interface' returned '0': CMAKE_PREFIX_PATH=${CMAKE_PREFIX_PATH}:/home/ws/ugv_ws/install/ugv_web_app:/home/ws/ugv_ws/install/ugv_vision:/home/ws/ugv_ws/install/ugv_tools:/home/ws/ugv_ws/install/ugv_chat_ai:/home/ws/ugv_ws/install/ugv_bringup:/opt/ros/humble /usr/bin/cmake --build /home/ws/ugv_ws/build/ugv_interface -- -j4 -l4
[4.286s] Level 1:colcon.colcon_core.environment:create_environment_scripts_only(teb_local_planner)
[4.287s] Level 1:colcon.colcon_core.environment:checking '/home/ws/ugv_ws/install/teb_local_planner' for CMake module files
[4.289s] DEBUG:colcon.colcon_core.event_handler.log_command:Invoked command in '/home/ws/ugv_ws/build/teb_local_planner' returned '0': CMAKE_PREFIX_PATH=/home/ws/ugv_ws/install/teb_msgs:/home/ws/ugv_ws/install/costmap_converter:/home/ws/ugv_ws/install/costmap_converter_msgs:/home/ws/ugv_ws/install/vizanti:/home/ws/ugv_ws/install/vizanti_server:/home/ws/ugv_ws/install/vizanti_demos:/home/ws/ugv_ws/install/vizanti_msgs:/home/ws/ugv_ws/install/vizanti_cpp:/home/ws/ugv_ws/install/ugv_slam:/home/ws/ugv_ws/install/ugv_nav:/home/ws/ugv_ws/install/ugv_interface:/home/ws/ugv_ws/install/ugv_gazebo:/home/ws/ugv_ws/install/ugv_description:/home/ws/ugv_ws/install/ugv_base_node:/home/ws/ugv_ws/install/teb_local_planner:/home/ws/ugv_ws/install/slam_gmapping:/home/ws/ugv_ws/install/robot_pose_publisher:/home/ws/ugv_ws/install/rf2o_laser_odometry:/home/ws/ugv_ws/install/openslam_gmapping:/home/ws/ugv_ws/install/ldlidar:/home/ws/ugv_ws/install/explore_lite:/home/ws/ugv_ws/install/emcl2:/home/ws/ugv_ws/install/cartographer:/home/ws/ugv_ws/install/apriltag_ros:/home/ws/ugv_ws/install/apriltag_msgs:/home/ws/ugv_ws/install/apriltag:/home/ws/ugv_ws/install/ugv_web_app:/home/ws/ugv_ws/install/ugv_vision:/home/ws/ugv_ws/install/ugv_tools:/home/ws/ugv_ws/install/ugv_chat_ai:/home/ws/ugv_ws/install/ugv_bringup:/opt/ros/humble LD_LIBRARY_PATH=/home/ws/ugv_ws/install/teb_msgs/lib:/home/ws/ugv_ws/install/costmap_converter/lib:/home/ws/ugv_ws/install/costmap_converter_msgs/lib:/home/ws/ugv_ws/install/vizanti_msgs/lib:/home/ws/ugv_ws/install/ugv_interface/lib:/home/ws/ugv_ws/install/teb_local_planner/lib:/home/ws/ugv_ws/install/openslam_gmapping/lib:/home/ws/ugv_ws/install/apriltag_ros/lib:/home/ws/ugv_ws/install/apriltag_msgs/lib:/home/ws/ugv_ws/install/apriltag/lib:/opt/ros/humble/opt/rviz_ogre_vendor/lib:/opt/ros/humble/lib/aarch64-linux-gnu:/opt/ros/humble/lib /usr/bin/cmake --install /home/ws/ugv_ws/build/teb_local_planner
[4.290s] Level 1:colcon.colcon_core.environment:checking '/home/ws/ugv_ws/install/teb_local_planner' for CMake config files
[4.290s] Level 1:colcon.colcon_core.shell:create_environment_hook('teb_local_planner', 'cmake_prefix_path')
[4.291s] INFO:colcon.colcon_core.shell:Creating environment hook '/home/ws/ugv_ws/install/teb_local_planner/share/teb_local_planner/hook/cmake_prefix_path.ps1'
[4.291s] INFO:colcon.colcon_core.shell:Creating environment descriptor '/home/ws/ugv_ws/install/teb_local_planner/share/teb_local_planner/hook/cmake_prefix_path.dsv'
[4.293s] INFO:colcon.colcon_core.shell:Creating environment hook '/home/ws/ugv_ws/install/teb_local_planner/share/teb_local_planner/hook/cmake_prefix_path.sh'
[4.294s] Level 1:colcon.colcon_core.environment:checking '/home/ws/ugv_ws/install/teb_local_planner/lib'
[4.294s] Level 1:colcon.colcon_core.shell:create_environment_hook('teb_local_planner', 'ld_library_path_lib')
[4.295s] INFO:colcon.colcon_core.shell:Creating environment hook '/home/ws/ugv_ws/install/teb_local_planner/share/teb_local_planner/hook/ld_library_path_lib.ps1'
[4.295s] INFO:colcon.colcon_core.shell:Creating environment descriptor '/home/ws/ugv_ws/install/teb_local_planner/share/teb_local_planner/hook/ld_library_path_lib.dsv'
[4.296s] INFO:colcon.colcon_core.shell:Creating environment hook '/home/ws/ugv_ws/install/teb_local_planner/share/teb_local_planner/hook/ld_library_path_lib.sh'
[4.297s] Level 1:colcon.colcon_core.environment:checking '/home/ws/ugv_ws/install/teb_local_planner/bin'
[4.297s] Level 1:colcon.colcon_core.environment:checking '/home/ws/ugv_ws/install/teb_local_planner/lib/pkgconfig/teb_local_planner.pc'
[4.297s] Level 1:colcon.colcon_core.environment:checking '/home/ws/ugv_ws/install/teb_local_planner/lib/python3.10/site-packages'
[4.298s] Level 1:colcon.colcon_core.environment:checking '/home/ws/ugv_ws/install/teb_local_planner/bin'
[4.298s] INFO:colcon.colcon_core.shell:Creating package script '/home/ws/ugv_ws/install/teb_local_planner/share/teb_local_planner/package.ps1'
[4.299s] INFO:colcon.colcon_core.shell:Creating package descriptor '/home/ws/ugv_ws/install/teb_local_planner/share/teb_local_planner/package.dsv'
[4.300s] INFO:colcon.colcon_core.shell:Creating package script '/home/ws/ugv_ws/install/teb_local_planner/share/teb_local_planner/package.sh'
[4.309s] INFO:colcon.colcon_core.shell:Creating package script '/home/ws/ugv_ws/install/teb_local_planner/share/teb_local_planner/package.bash'
[4.309s] INFO:colcon.colcon_core.shell:Creating package script '/home/ws/ugv_ws/install/teb_local_planner/share/teb_local_planner/package.zsh'
[4.310s] Level 1:colcon.colcon_core.environment:create_file_with_runtime_dependencies(/home/ws/ugv_ws/install/teb_local_planner/share/colcon-core/packages/teb_local_planner)
[4.316s] DEBUG:colcon.colcon_core.event_handler.log_command:Invoking command in '/home/ws/ugv_ws/build/vizanti': CMAKE_PREFIX_PATH=/home/ws/ugv_ws/install/vizanti_server:/home/ws/ugv_ws/install/vizanti_msgs:/home/ws/ugv_ws/install/vizanti:/home/ws/ugv_ws/install/vizanti_demos:/home/ws/ugv_ws/install/vizanti_cpp:/home/ws/ugv_ws/install/ugv_slam:/home/ws/ugv_ws/install/ugv_nav:/home/ws/ugv_ws/install/ugv_interface:/home/ws/ugv_ws/install/ugv_gazebo:/home/ws/ugv_ws/install/ugv_description:/home/ws/ugv_ws/install/ugv_base_node:/home/ws/ugv_ws/install/teb_local_planner:/home/ws/ugv_ws/install/teb_msgs:/home/ws/ugv_ws/install/slam_gmapping:/home/ws/ugv_ws/install/robot_pose_publisher:/home/ws/ugv_ws/install/rf2o_laser_odometry:/home/ws/ugv_ws/install/openslam_gmapping:/home/ws/ugv_ws/install/ldlidar:/home/ws/ugv_ws/install/explore_lite:/home/ws/ugv_ws/install/emcl2:/home/ws/ugv_ws/install/costmap_converter:/home/ws/ugv_ws/install/costmap_converter_msgs:/home/ws/ugv_ws/install/cartographer:/home/ws/ugv_ws/install/apriltag_ros:/home/ws/ugv_ws/install/apriltag_msgs:/home/ws/ugv_ws/install/apriltag:/home/ws/ugv_ws/install/ugv_web_app:/home/ws/ugv_ws/install/ugv_vision:/home/ws/ugv_ws/install/ugv_tools:/home/ws/ugv_ws/install/ugv_chat_ai:/home/ws/ugv_ws/install/ugv_bringup:/opt/ros/humble /usr/bin/cmake --install /home/ws/ugv_ws/build/vizanti
[4.328s] Level 1:colcon.colcon_core.environment:create_environment_scripts_only(vizanti)
[4.329s] Level 1:colcon.colcon_core.environment:checking '/home/ws/ugv_ws/install/vizanti' for CMake module files
[4.329s] Level 1:colcon.colcon_core.environment:checking '/home/ws/ugv_ws/install/vizanti' for CMake config files
[4.331s] DEBUG:colcon.colcon_core.event_handler.log_command:Invoked command in '/home/ws/ugv_ws/build/vizanti' returned '0': CMAKE_PREFIX_PATH=/home/ws/ugv_ws/install/vizanti_server:/home/ws/ugv_ws/install/vizanti_msgs:/home/ws/ugv_ws/install/vizanti:/home/ws/ugv_ws/install/vizanti_demos:/home/ws/ugv_ws/install/vizanti_cpp:/home/ws/ugv_ws/install/ugv_slam:/home/ws/ugv_ws/install/ugv_nav:/home/ws/ugv_ws/install/ugv_interface:/home/ws/ugv_ws/install/ugv_gazebo:/home/ws/ugv_ws/install/ugv_description:/home/ws/ugv_ws/install/ugv_base_node:/home/ws/ugv_ws/install/teb_local_planner:/home/ws/ugv_ws/install/teb_msgs:/home/ws/ugv_ws/install/slam_gmapping:/home/ws/ugv_ws/install/robot_pose_publisher:/home/ws/ugv_ws/install/rf2o_laser_odometry:/home/ws/ugv_ws/install/openslam_gmapping:/home/ws/ugv_ws/install/ldlidar:/home/ws/ugv_ws/install/explore_lite:/home/ws/ugv_ws/install/emcl2:/home/ws/ugv_ws/install/costmap_converter:/home/ws/ugv_ws/install/costmap_converter_msgs:/home/ws/ugv_ws/install/cartographer:/home/ws/ugv_ws/install/apriltag_ros:/home/ws/ugv_ws/install/apriltag_msgs:/home/ws/ugv_ws/install/apriltag:/home/ws/ugv_ws/install/ugv_web_app:/home/ws/ugv_ws/install/ugv_vision:/home/ws/ugv_ws/install/ugv_tools:/home/ws/ugv_ws/install/ugv_chat_ai:/home/ws/ugv_ws/install/ugv_bringup:/opt/ros/humble /usr/bin/cmake --install /home/ws/ugv_ws/build/vizanti
[4.332s] Level 1:colcon.colcon_core.shell:create_environment_hook('vizanti', 'cmake_prefix_path')
[4.333s] INFO:colcon.colcon_core.shell:Creating environment hook '/home/ws/ugv_ws/install/vizanti/share/vizanti/hook/cmake_prefix_path.ps1'
[4.334s] INFO:colcon.colcon_core.shell:Creating environment descriptor '/home/ws/ugv_ws/install/vizanti/share/vizanti/hook/cmake_prefix_path.dsv'
[4.334s] INFO:colcon.colcon_core.shell:Creating environment hook '/home/ws/ugv_ws/install/vizanti/share/vizanti/hook/cmake_prefix_path.sh'
[4.335s] Level 1:colcon.colcon_core.environment:checking '/home/ws/ugv_ws/install/vizanti/bin'
[4.336s] Level 1:colcon.colcon_core.environment:checking '/home/ws/ugv_ws/install/vizanti/lib/pkgconfig/vizanti.pc'
[4.336s] Level 1:colcon.colcon_core.environment:checking '/home/ws/ugv_ws/install/vizanti/lib/python3.10/site-packages'
[4.336s] Level 1:colcon.colcon_core.environment:checking '/home/ws/ugv_ws/install/vizanti/bin'
[4.337s] INFO:colcon.colcon_core.shell:Creating package script '/home/ws/ugv_ws/install/vizanti/share/vizanti/package.ps1'
[4.338s] INFO:colcon.colcon_core.shell:Creating package descriptor '/home/ws/ugv_ws/install/vizanti/share/vizanti/package.dsv'
[4.339s] INFO:colcon.colcon_core.shell:Creating package script '/home/ws/ugv_ws/install/vizanti/share/vizanti/package.sh'
[4.339s] INFO:colcon.colcon_core.shell:Creating package script '/home/ws/ugv_ws/install/vizanti/share/vizanti/package.bash'
[4.340s] INFO:colcon.colcon_core.shell:Creating package script '/home/ws/ugv_ws/install/vizanti/share/vizanti/package.zsh'
[4.341s] Level 1:colcon.colcon_core.environment:create_file_with_runtime_dependencies(/home/ws/ugv_ws/install/vizanti/share/colcon-core/packages/vizanti)
[4.367s] DEBUG:colcon.colcon_core.event_handler.log_command:Invoking command in '/home/ws/ugv_ws/build/ugv_interface': CMAKE_PREFIX_PATH=${CMAKE_PREFIX_PATH}:/home/ws/ugv_ws/install/ugv_web_app:/home/ws/ugv_ws/install/ugv_vision:/home/ws/ugv_ws/install/ugv_tools:/home/ws/ugv_ws/install/ugv_chat_ai:/home/ws/ugv_ws/install/ugv_bringup:/opt/ros/humble /usr/bin/cmake --install /home/ws/ugv_ws/build/ugv_interface
[4.369s] Level 1:colcon.colcon_core.environment:create_environment_scripts_only(teb_local_planner)
[4.370s] Level 1:colcon.colcon_core.environment:checking '/home/ws/ugv_ws/install/teb_local_planner' for CMake module files
[4.370s] Level 1:colcon.colcon_core.environment:checking '/home/ws/ugv_ws/install/teb_local_planner' for CMake config files
[4.371s] Level 1:colcon.colcon_core.shell:create_environment_hook('teb_local_planner', 'cmake_prefix_path')
[4.371s] INFO:colcon.colcon_core.shell:Creating environment hook '/home/ws/ugv_ws/install/teb_local_planner/share/teb_local_planner/hook/cmake_prefix_path.ps1'
[4.372s] INFO:colcon.colcon_core.shell:Creating environment descriptor '/home/ws/ugv_ws/install/teb_local_planner/share/teb_local_planner/hook/cmake_prefix_path.dsv'
[4.373s] INFO:colcon.colcon_core.shell:Creating environment hook '/home/ws/ugv_ws/install/teb_local_planner/share/teb_local_planner/hook/cmake_prefix_path.sh'
[4.373s] Level 1:colcon.colcon_core.environment:checking '/home/ws/ugv_ws/install/teb_local_planner/lib'
[4.374s] Level 1:colcon.colcon_core.shell:create_environment_hook('teb_local_planner', 'ld_library_path_lib')
[4.374s] INFO:colcon.colcon_core.shell:Creating environment hook '/home/ws/ugv_ws/install/teb_local_planner/share/teb_local_planner/hook/ld_library_path_lib.ps1'
[4.376s] INFO:colcon.colcon_core.shell:Creating environment descriptor '/home/ws/ugv_ws/install/teb_local_planner/share/teb_local_planner/hook/ld_library_path_lib.dsv'
[4.379s] INFO:colcon.colcon_core.shell:Creating environment hook '/home/ws/ugv_ws/install/teb_local_planner/share/teb_local_planner/hook/ld_library_path_lib.sh'
[4.381s] Level 1:colcon.colcon_core.environment:checking '/home/ws/ugv_ws/install/teb_local_planner/bin'
[4.381s] Level 1:colcon.colcon_core.environment:checking '/home/ws/ugv_ws/install/teb_local_planner/lib/pkgconfig/teb_local_planner.pc'
[4.382s] Level 1:colcon.colcon_core.environment:checking '/home/ws/ugv_ws/install/teb_local_planner/lib/python3.10/site-packages'
[4.383s] Level 1:colcon.colcon_core.environment:checking '/home/ws/ugv_ws/install/teb_local_planner/bin'
[4.383s] INFO:colcon.colcon_core.shell:Creating package script '/home/ws/ugv_ws/install/teb_local_planner/share/teb_local_planner/package.ps1'
[4.385s] INFO:colcon.colcon_core.shell:Creating package descriptor '/home/ws/ugv_ws/install/teb_local_planner/share/teb_local_planner/package.dsv'
[4.386s] INFO:colcon.colcon_core.shell:Creating package script '/home/ws/ugv_ws/install/teb_local_planner/share/teb_local_planner/package.sh'
[4.387s] INFO:colcon.colcon_core.shell:Creating package script '/home/ws/ugv_ws/install/teb_local_planner/share/teb_local_planner/package.bash'
[4.388s] INFO:colcon.colcon_core.shell:Creating package script '/home/ws/ugv_ws/install/teb_local_planner/share/teb_local_planner/package.zsh'
[4.388s] Level 1:colcon.colcon_core.environment:create_file_with_runtime_dependencies(/home/ws/ugv_ws/install/teb_local_planner/share/colcon-core/packages/teb_local_planner)
[4.390s] Level 1:colcon.colcon_core.environment:create_environment_scripts_only(vizanti)
[4.390s] Level 1:colcon.colcon_core.environment:checking '/home/ws/ugv_ws/install/vizanti' for CMake module files
[4.391s] Level 1:colcon.colcon_core.environment:checking '/home/ws/ugv_ws/install/vizanti' for CMake config files
[4.391s] Level 1:colcon.colcon_core.shell:create_environment_hook('vizanti', 'cmake_prefix_path')
[4.391s] INFO:colcon.colcon_core.shell:Creating environment hook '/home/ws/ugv_ws/install/vizanti/share/vizanti/hook/cmake_prefix_path.ps1'
[4.392s] INFO:colcon.colcon_core.shell:Creating environment descriptor '/home/ws/ugv_ws/install/vizanti/share/vizanti/hook/cmake_prefix_path.dsv'
[4.392s] INFO:colcon.colcon_core.shell:Creating environment hook '/home/ws/ugv_ws/install/vizanti/share/vizanti/hook/cmake_prefix_path.sh'
[4.393s] Level 1:colcon.colcon_core.environment:checking '/home/ws/ugv_ws/install/vizanti/bin'
[4.393s] Level 1:colcon.colcon_core.environment:checking '/home/ws/ugv_ws/install/vizanti/lib/pkgconfig/vizanti.pc'
[4.393s] Level 1:colcon.colcon_core.environment:checking '/home/ws/ugv_ws/install/vizanti/lib/python3.10/site-packages'
[4.393s] Level 1:colcon.colcon_core.environment:checking '/home/ws/ugv_ws/install/vizanti/bin'
[4.394s] INFO:colcon.colcon_core.shell:Creating package script '/home/ws/ugv_ws/install/vizanti/share/vizanti/package.ps1'
[4.395s] INFO:colcon.colcon_core.shell:Creating package descriptor '/home/ws/ugv_ws/install/vizanti/share/vizanti/package.dsv'
[4.395s] INFO:colcon.colcon_core.shell:Creating package script '/home/ws/ugv_ws/install/vizanti/share/vizanti/package.sh'
[4.396s] INFO:colcon.colcon_core.shell:Creating package script '/home/ws/ugv_ws/install/vizanti/share/vizanti/package.bash'
[4.396s] INFO:colcon.colcon_core.shell:Creating package script '/home/ws/ugv_ws/install/vizanti/share/vizanti/package.zsh'
[4.397s] Level 1:colcon.colcon_core.environment:create_file_with_runtime_dependencies(/home/ws/ugv_ws/install/vizanti/share/colcon-core/packages/vizanti)
[4.438s] Level 1:colcon.colcon_core.environment:create_environment_scripts_only(ugv_interface)
[4.439s] Level 1:colcon.colcon_core.environment:checking '/home/ws/ugv_ws/install/ugv_interface' for CMake module files
[4.440s] DEBUG:colcon.colcon_core.event_handler.log_command:Invoked command in '/home/ws/ugv_ws/build/ugv_interface' returned '0': CMAKE_PREFIX_PATH=${CMAKE_PREFIX_PATH}:/home/ws/ugv_ws/install/ugv_web_app:/home/ws/ugv_ws/install/ugv_vision:/home/ws/ugv_ws/install/ugv_tools:/home/ws/ugv_ws/install/ugv_chat_ai:/home/ws/ugv_ws/install/ugv_bringup:/opt/ros/humble /usr/bin/cmake --install /home/ws/ugv_ws/build/ugv_interface
[4.440s] Level 1:colcon.colcon_core.environment:checking '/home/ws/ugv_ws/install/ugv_interface' for CMake config files
[4.441s] Level 1:colcon.colcon_core.shell:create_environment_hook('ugv_interface', 'cmake_prefix_path')
[4.441s] INFO:colcon.colcon_core.shell:Creating environment hook '/home/ws/ugv_ws/install/ugv_interface/share/ugv_interface/hook/cmake_prefix_path.ps1'
[4.441s] INFO:colcon.colcon_core.shell:Creating environment descriptor '/home/ws/ugv_ws/install/ugv_interface/share/ugv_interface/hook/cmake_prefix_path.dsv'
[4.446s] INFO:colcon.colcon_core.shell:Creating environment hook '/home/ws/ugv_ws/install/ugv_interface/share/ugv_interface/hook/cmake_prefix_path.sh'
[4.446s] Level 1:colcon.colcon_core.environment:checking '/home/ws/ugv_ws/install/ugv_interface/lib'
[4.446s] Level 1:colcon.colcon_core.shell:create_environment_hook('ugv_interface', 'ld_library_path_lib')
[4.447s] INFO:colcon.colcon_core.shell:Creating environment hook '/home/ws/ugv_ws/install/ugv_interface/share/ugv_interface/hook/ld_library_path_lib.ps1'
[4.447s] INFO:colcon.colcon_core.shell:Creating environment descriptor '/home/ws/ugv_ws/install/ugv_interface/share/ugv_interface/hook/ld_library_path_lib.dsv'
[4.448s] INFO:colcon.colcon_core.shell:Creating environment hook '/home/ws/ugv_ws/install/ugv_interface/share/ugv_interface/hook/ld_library_path_lib.sh'
[4.448s] Level 1:colcon.colcon_core.environment:checking '/home/ws/ugv_ws/install/ugv_interface/bin'
[4.448s] Level 1:colcon.colcon_core.environment:checking '/home/ws/ugv_ws/install/ugv_interface/lib/pkgconfig/ugv_interface.pc'
[4.448s] Level 1:colcon.colcon_core.environment:checking '/home/ws/ugv_ws/install/ugv_interface/lib/python3.10/site-packages'
[4.449s] Level 1:colcon.colcon_core.environment:checking '/home/ws/ugv_ws/install/ugv_interface/bin'
[4.449s] INFO:colcon.colcon_core.shell:Creating package script '/home/ws/ugv_ws/install/ugv_interface/share/ugv_interface/package.ps1'
[4.449s] INFO:colcon.colcon_core.shell:Creating package descriptor '/home/ws/ugv_ws/install/ugv_interface/share/ugv_interface/package.dsv'
[4.450s] INFO:colcon.colcon_core.shell:Creating package script '/home/ws/ugv_ws/install/ugv_interface/share/ugv_interface/package.sh'
[4.451s] INFO:colcon.colcon_core.shell:Creating package script '/home/ws/ugv_ws/install/ugv_interface/share/ugv_interface/package.bash'
[4.451s] INFO:colcon.colcon_core.shell:Creating package script '/home/ws/ugv_ws/install/ugv_interface/share/ugv_interface/package.zsh'
[4.452s] Level 1:colcon.colcon_core.environment:create_file_with_runtime_dependencies(/home/ws/ugv_ws/install/ugv_interface/share/colcon-core/packages/ugv_interface)
[4.520s] Level 1:colcon.colcon_core.environment:create_environment_scripts_only(ugv_interface)
[4.520s] Level 1:colcon.colcon_core.environment:checking '/home/ws/ugv_ws/install/ugv_interface' for CMake module files
[4.521s] Level 1:colcon.colcon_core.environment:checking '/home/ws/ugv_ws/install/ugv_interface' for CMake config files
[4.521s] Level 1:colcon.colcon_core.shell:create_environment_hook('ugv_interface', 'cmake_prefix_path')
[4.522s] INFO:colcon.colcon_core.shell:Creating environment hook '/home/ws/ugv_ws/install/ugv_interface/share/ugv_interface/hook/cmake_prefix_path.ps1'
[4.522s] INFO:colcon.colcon_core.shell:Creating environment descriptor '/home/ws/ugv_ws/install/ugv_interface/share/ugv_interface/hook/cmake_prefix_path.dsv'
[4.526s] INFO:colcon.colcon_core.shell:Creating environment hook '/home/ws/ugv_ws/install/ugv_interface/share/ugv_interface/hook/cmake_prefix_path.sh'
[4.527s] Level 1:colcon.colcon_core.environment:checking '/home/ws/ugv_ws/install/ugv_interface/lib'
[4.527s] Level 1:colcon.colcon_core.shell:create_environment_hook('ugv_interface', 'ld_library_path_lib')
[4.527s] INFO:colcon.colcon_core.shell:Creating environment hook '/home/ws/ugv_ws/install/ugv_interface/share/ugv_interface/hook/ld_library_path_lib.ps1'
[4.528s] INFO:colcon.colcon_core.shell:Creating environment descriptor '/home/ws/ugv_ws/install/ugv_interface/share/ugv_interface/hook/ld_library_path_lib.dsv'
[4.529s] INFO:colcon.colcon_core.shell:Creating environment hook '/home/ws/ugv_ws/install/ugv_interface/share/ugv_interface/hook/ld_library_path_lib.sh'
[4.529s] Level 1:colcon.colcon_core.environment:checking '/home/ws/ugv_ws/install/ugv_interface/bin'
[4.529s] Level 1:colcon.colcon_core.environment:checking '/home/ws/ugv_ws/install/ugv_interface/lib/pkgconfig/ugv_interface.pc'
[4.529s] Level 1:colcon.colcon_core.environment:checking '/home/ws/ugv_ws/install/ugv_interface/lib/python3.10/site-packages'
[4.530s] Level 1:colcon.colcon_core.environment:checking '/home/ws/ugv_ws/install/ugv_interface/bin'
[4.530s] INFO:colcon.colcon_core.shell:Creating package script '/home/ws/ugv_ws/install/ugv_interface/share/ugv_interface/package.ps1'
[4.530s] INFO:colcon.colcon_core.shell:Creating package descriptor '/home/ws/ugv_ws/install/ugv_interface/share/ugv_interface/package.dsv'
[4.531s] INFO:colcon.colcon_core.shell:Creating package script '/home/ws/ugv_ws/install/ugv_interface/share/ugv_interface/package.sh'
[4.532s] INFO:colcon.colcon_core.shell:Creating package script '/home/ws/ugv_ws/install/ugv_interface/share/ugv_interface/package.bash'
[4.532s] INFO:colcon.colcon_core.shell:Creating package script '/home/ws/ugv_ws/install/ugv_interface/share/ugv_interface/package.zsh'
[4.533s] Level 1:colcon.colcon_core.environment:create_file_with_runtime_dependencies(/home/ws/ugv_ws/install/ugv_interface/share/colcon-core/packages/ugv_interface)
[4.533s] DEBUG:colcon.colcon_parallel_executor.executor.parallel:closing loop
[4.534s] DEBUG:colcon.colcon_parallel_executor.executor.parallel:loop closed
[4.534s] DEBUG:colcon.colcon_parallel_executor.executor.parallel:run_until_complete finished with '0'
[4.534s] DEBUG:colcon.colcon_core.event_reactor:joining thread
[4.541s] INFO:colcon.colcon_core.plugin_system:Skipping extension 'colcon_notification.desktop_notification.notify_send': Could not find 'notify-send'
[4.541s] INFO:colcon.colcon_core.plugin_system:Skipping extension 'colcon_notification.desktop_notification.terminal_notifier': Not used on non-Darwin systems
[4.542s] INFO:colcon.colcon_core.plugin_system:Skipping extension 'colcon_notification.desktop_notification.win32': Not used on non-Windows systems
[4.542s] INFO:colcon.colcon_notification.desktop_notification:Sending desktop notification using 'notify2'
[4.544s] DEBUG:colcon.colcon_notification.desktop_notification.notify2:Failed to initialize notify2: org.freedesktop.DBus.Error.Spawn.ExecFailed: /usr/bin/dbus-launch terminated abnormally without any error message
[4.544s] DEBUG:colcon.colcon_core.event_reactor:joined thread
[4.544s] INFO:colcon.colcon_core.shell:Creating prefix script '/home/ws/ugv_ws/install/local_setup.ps1'
[4.546s] INFO:colcon.colcon_core.shell:Creating prefix util module '/home/ws/ugv_ws/install/_local_setup_util_ps1.py'
[4.547s] INFO:colcon.colcon_core.shell:Creating prefix chain script '/home/ws/ugv_ws/install/setup.ps1'
[4.549s] INFO:colcon.colcon_core.shell:Creating prefix script '/home/ws/ugv_ws/install/local_setup.sh'
[4.550s] INFO:colcon.colcon_core.shell:Creating prefix util module '/home/ws/ugv_ws/install/_local_setup_util_sh.py'
[4.551s] INFO:colcon.colcon_core.shell:Creating prefix chain script '/home/ws/ugv_ws/install/setup.sh'
[4.553s] INFO:colcon.colcon_core.shell:Creating prefix script '/home/ws/ugv_ws/install/local_setup.bash'
[4.553s] INFO:colcon.colcon_core.shell:Creating prefix chain script '/home/ws/ugv_ws/install/setup.bash'
[4.555s] INFO:colcon.colcon_core.shell:Creating prefix script '/home/ws/ugv_ws/install/local_setup.zsh'
[4.556s] INFO:colcon.colcon_core.shell:Creating prefix chain script '/home/ws/ugv_ws/install/setup.zsh'
