[0.000000] (-) TimerEvent: {}
[0.001491] (-) JobUnselected: {'identifier': 'apriltag'}
[0.002012] (-) JobUnselected: {'identifier': 'apriltag_msgs'}
[0.002508] (-) JobUnselected: {'identifier': 'apriltag_ros'}
[0.002666] (-) JobUnselected: {'identifier': 'audio_utils'}
[0.002790] (-) JobUnselected: {'identifier': 'audio_utils_msgs'}
[0.002909] (-) JobUnselected: {'identifier': 'cartographer'}
[0.003026] (-) JobUnselected: {'identifier': 'costmap_converter'}
[0.003139] (-) JobUnselected: {'identifier': 'costmap_converter_msgs'}
[0.003249] (-) JobUnselected: {'identifier': 'cv_camera'}
[0.003358] (-) JobUnselected: {'identifier': 'emcl2'}
[0.003466] (-) JobUnselected: {'identifier': 'explore_lite'}
[0.003575] (-) JobUnselected: {'identifier': 'face_cropping'}
[0.003683] (-) JobUnselected: {'identifier': 'ldlidar'}
[0.003789] (-) JobUnselected: {'identifier': 'map_image_generator'}
[0.003897] (-) JobUnselected: {'identifier': 'odas_ros'}
[0.004008] (-) JobUnselected: {'identifier': 'odas_ros_msgs'}
[0.004079] (-) JobUnselected: {'identifier': 'openslam_gmapping'}
[0.004196] (-) JobUnselected: {'identifier': 'opentera_client_ros'}
[0.004305] (-) JobUnselected: {'identifier': 'opentera_protobuf_messages'}
[0.004443] (-) JobUnselected: {'identifier': 'opentera_webrtc_robot_gui'}
[0.004561] (-) JobUnselected: {'identifier': 'opentera_webrtc_ros'}
[0.004672] (-) JobUnselected: {'identifier': 'opentera_webrtc_ros_msgs'}
[0.004781] (-) JobUnselected: {'identifier': 'rf2o_laser_odometry'}
[0.004891] (-) JobUnselected: {'identifier': 'robot_pose_publisher'}
[0.004997] (-) JobUnselected: {'identifier': 'slam_gmapping'}
[0.005105] (-) JobUnselected: {'identifier': 'teb_local_planner'}
[0.005212] (-) JobUnselected: {'identifier': 'teb_msgs'}
[0.005320] (-) JobUnselected: {'identifier': 'turtlebot3_beam_description'}
[0.005428] (-) JobUnselected: {'identifier': 'ugv_base_node'}
[0.005537] (-) JobUnselected: {'identifier': 'ugv_bringup'}
[0.005643] (-) JobUnselected: {'identifier': 'ugv_chat_ai'}
[0.005748] (-) JobUnselected: {'identifier': 'ugv_description'}
[0.005854] (-) JobUnselected: {'identifier': 'ugv_gazebo'}
[0.005963] (-) JobUnselected: {'identifier': 'ugv_interface'}
[0.006072] (-) JobUnselected: {'identifier': 'ugv_nav'}
[0.006179] (-) JobUnselected: {'identifier': 'ugv_slam'}
[0.006287] (-) JobUnselected: {'identifier': 'ugv_tools'}
[0.006394] (-) JobUnselected: {'identifier': 'ugv_vision'}
[0.006502] (-) JobUnselected: {'identifier': 'ugv_web_app'}
[0.006593] (-) JobUnselected: {'identifier': 'vizanti'}
[0.006656] (-) JobUnselected: {'identifier': 'vizanti_cpp'}
[0.006716] (-) JobUnselected: {'identifier': 'vizanti_demos'}
[0.006775] (-) JobUnselected: {'identifier': 'vizanti_msgs'}
[0.006833] (-) JobUnselected: {'identifier': 'vizanti_server'}
[0.006899] (opentera_webrtc_demos) JobQueued: {'identifier': 'opentera_webrtc_demos', 'dependencies': OrderedDict([('audio_utils_msgs', '/home/ws/ugv_ws/install/audio_utils_msgs'), ('cv_camera', '/home/ws/ugv_ws/install/cv_camera'), ('odas_ros_msgs', '/home/ws/ugv_ws/install/odas_ros_msgs'), ('opentera_protobuf_messages', '/home/ws/ugv_ws/install/opentera_protobuf_messages'), ('opentera_webrtc_ros_msgs', '/home/ws/ugv_ws/install/opentera_webrtc_ros_msgs'), ('map_image_generator', '/home/ws/ugv_ws/install/map_image_generator'), ('opentera_client_ros', '/home/ws/ugv_ws/install/opentera_client_ros'), ('opentera_webrtc_ros', '/home/ws/ugv_ws/install/opentera_webrtc_ros')])}
[0.007022] (opentera_webrtc_demos) JobStarted: {'identifier': 'opentera_webrtc_demos'}
[0.098567] (-) TimerEvent: {}
[0.162087] (opentera_webrtc_demos) JobProgress: {'identifier': 'opentera_webrtc_demos', 'progress': 'cmake'}
[0.165752] (opentera_webrtc_demos) JobProgress: {'identifier': 'opentera_webrtc_demos', 'progress': 'build'}
[0.168267] (opentera_webrtc_demos) Command: {'cmd': ['/usr/bin/cmake', '--build', '/home/ws/ugv_ws/build/opentera_webrtc_demos', '--', '-j4', '-l4'], 'cwd': '/home/ws/ugv_ws/build/opentera_webrtc_demos', 'env': OrderedDict([('USER', 'root'), ('SSH_CLIENT', '192.168.9.183 57519 23'), ('LDLIDAR_MODEL', 'ld19'), ('SHLVL', '1'), ('LD_LIBRARY_PATH', '/home/ws/ugv_ws/install/opentera_webrtc_ros/lib:/home/ws/ugv_ws/install/opentera_webrtc_ros_msgs/lib:/home/ws/ugv_ws/install/odas_ros_msgs/lib:/home/ws/ugv_ws/install/audio_utils_msgs/lib:/home/ws/ugv_ws/install/vizanti_msgs/lib:/home/ws/ugv_ws/install/ugv_interface/lib:/home/ws/ugv_ws/install/teb_local_planner/lib:/home/ws/ugv_ws/install/teb_msgs/lib:/home/ws/ugv_ws/install/openslam_gmapping/lib:/home/ws/ugv_ws/install/odas_ros/lib:/home/ws/ugv_ws/install/costmap_converter/lib:/home/ws/ugv_ws/install/costmap_converter_msgs/lib:/home/ws/ugv_ws/install/audio_utils/lib:/home/ws/ugv_ws/install/apriltag_ros/lib:/home/ws/ugv_ws/install/apriltag_msgs/lib:/home/ws/ugv_ws/install/apriltag/lib:/home/ws/ugv_roarm_ws/install/ugv_roarm_moveit_servo/lib:/home/ws/ugv_roarm_ws/install/ugv_roarm_moveit_mtc_demo/lib:/home/ws/ugv_roarm_ws/install/ugv_roarm_moveit_ikfast_plugins/lib:/home/ws/roarm_ws/install/roarm_moveit_mtc_demo/lib:/home/ws/roarm_ws/install/moveit_task_constructor_visualization/lib:/home/ws/roarm_ws/install/moveit_task_constructor_capabilities/lib:/home/ws/roarm_ws/install/moveit_task_constructor_core/lib:/home/ws/roarm_ws/install/rviz_marker_tools/lib:/home/ws/roarm_ws/install/moveit_servo/lib:/home/ws/roarm_ws/install/roarm_msgs/lib:/home/ws/roarm_ws/install/roarm_moveit_servo/lib:/home/ws/roarm_ws/install/roarm_moveit_ikfast_plugins/lib:/home/ws/roarm_ws/install/moveit_task_constructor_msgs/lib:/opt/ros/humble/opt/rviz_ogre_vendor/lib:/opt/ros/humble/lib/aarch64-linux-gnu:/opt/ros/humble/lib'), ('MOTD_SHOWN', 'pam'), ('HOME', '/root'), ('OLDPWD', '/root'), ('SSH_TTY', '/dev/pts/7'), ('ROS_PYTHON_VERSION', '3'), ('LC_CTYPE', 'C.UTF-8'), ('COLCON_PREFIX_PATH', '/home/ws/ugv_roarm_ws/install:/home/ws/roarm_ws/install:/home/ws/ugv_ws/install'), ('ROS_DISTRO', 'humble'), ('LOGNAME', 'root'), ('ROARM_MODEL', 'roarm_m3'), ('PULSE_SERVER', 'unix:/run/user/1000/pulse/native'), ('_', '/usr/bin/colcon'), ('ROS_VERSION', '2'), ('PKG_CONFIG_PATH', '/home/ws/ugv_ws/install/apriltag/lib/aarch64-linux-gnu/pkgconfig:/home/ws/ugv_ws/install/apriltag/lib/pkgconfig'), ('TERM', 'xterm'), ('ROS_LOCALHOST_ONLY', '0'), ('PATH', '/home/ws/ugv_ws/install/opentera_webrtc_ros/bin:/home/ws/ugv_ws/install/costmap_converter/bin:/home/ws/ugv_ws/install/apriltag_ros/bin:/home/ws/ugv_ws/install/apriltag/bin:/opt/ros/humble/bin:/usr/local/sbin:/usr/local/bin:/usr/sbin:/usr/bin:/sbin:/bin:/usr/games:/usr/local/games:/snap/bin'), ('XDG_RUNTIME_DIR', '/run/user/1000'), ('DISPLAY', 'localhost:11.0'), ('LS_COLORS', 'rs=0:di=01;34:ln=01;36:mh=00:pi=40;33:so=01;35:do=01;35:bd=40;33;01:cd=40;33;01:or=40;31;01:mi=00:su=37;41:sg=30;43:ca=30;41:tw=30;42:ow=34;42:st=37;44:ex=01;32:*.tar=01;31:*.tgz=01;31:*.arc=01;31:*.arj=01;31:*.taz=01;31:*.lha=01;31:*.lz4=01;31:*.lzh=01;31:*.lzma=01;31:*.tlz=01;31:*.txz=01;31:*.tzo=01;31:*.t7z=01;31:*.zip=01;31:*.z=01;31:*.dz=01;31:*.gz=01;31:*.lrz=01;31:*.lz=01;31:*.lzo=01;31:*.xz=01;31:*.zst=01;31:*.tzst=01;31:*.bz2=01;31:*.bz=01;31:*.tbz=01;31:*.tbz2=01;31:*.tz=01;31:*.deb=01;31:*.rpm=01;31:*.jar=01;31:*.war=01;31:*.ear=01;31:*.sar=01;31:*.rar=01;31:*.alz=01;31:*.ace=01;31:*.zoo=01;31:*.cpio=01;31:*.7z=01;31:*.rz=01;31:*.cab=01;31:*.wim=01;31:*.swm=01;31:*.dwm=01;31:*.esd=01;31:*.jpg=01;35:*.jpeg=01;35:*.mjpg=01;35:*.mjpeg=01;35:*.gif=01;35:*.bmp=01;35:*.pbm=01;35:*.pgm=01;35:*.ppm=01;35:*.tga=01;35:*.xbm=01;35:*.xpm=01;35:*.tif=01;35:*.tiff=01;35:*.png=01;35:*.svg=01;35:*.svgz=01;35:*.mng=01;35:*.pcx=01;35:*.mov=01;35:*.mpg=01;35:*.mpeg=01;35:*.m2v=01;35:*.mkv=01;35:*.webm=01;35:*.webp=01;35:*.ogm=01;35:*.mp4=01;35:*.m4v=01;35:*.mp4v=01;35:*.vob=01;35:*.qt=01;35:*.nuv=01;35:*.wmv=01;35:*.asf=01;35:*.rm=01;35:*.rmvb=01;35:*.flc=01;35:*.avi=01;35:*.fli=01;35:*.flv=01;35:*.gl=01;35:*.dl=01;35:*.xcf=01;35:*.xwd=01;35:*.yuv=01;35:*.cgm=01;35:*.emf=01;35:*.ogv=01;35:*.ogx=01;35:*.aac=00;36:*.au=00;36:*.flac=00;36:*.m4a=00;36:*.mid=00;36:*.midi=00;36:*.mka=00;36:*.mp3=00;36:*.mpc=00;36:*.ogg=00;36:*.ra=00;36:*.wav=00;36:*.oga=00;36:*.opus=00;36:*.spx=00;36:*.xspf=00;36:'), ('AMENT_PREFIX_PATH', '/home/ws/ugv_ws/install/vizanti:/home/ws/ugv_ws/install/vizanti_server:/home/ws/ugv_ws/install/vizanti_demos:/home/ws/ugv_ws/install/vizanti_msgs:/home/ws/ugv_ws/install/vizanti_cpp:/home/ws/ugv_ws/install/ugv_web_app:/home/ws/ugv_ws/install/ugv_vision:/home/ws/ugv_ws/install/ugv_tools:/home/ws/ugv_ws/install/ugv_slam:/home/ws/ugv_ws/install/ugv_nav:/home/ws/ugv_ws/install/ugv_interface:/home/ws/ugv_ws/install/ugv_gazebo:/home/ws/ugv_ws/install/ugv_description:/home/ws/ugv_ws/install/ugv_chat_ai:/home/ws/ugv_ws/install/ugv_bringup:/home/ws/ugv_ws/install/ugv_base_node:/home/ws/ugv_ws/install/teb_local_planner:/home/ws/ugv_ws/install/slam_gmapping:/home/ws/ugv_ws/install/robot_pose_publisher:/home/ws/ugv_ws/install/rf2o_laser_odometry:/home/ws/ugv_ws/install/opentera_webrtc_ros:/home/ws/ugv_ws/install/opentera_client_ros:/home/ws/ugv_ws/install/map_image_generator:/home/ws/ugv_ws/install/face_cropping:/home/ws/ugv_ws/install/opentera_webrtc_ros_msgs:/home/ws/ugv_ws/install/opentera_protobuf_messages:/home/ws/ugv_ws/install/openslam_gmapping:/home/ws/ugv_ws/install/odas_ros:/home/ws/ugv_ws/install/odas_ros_msgs:/home/ws/ugv_ws/install/ldlidar:/home/ws/ugv_ws/install/explore_lite:/home/ws/ugv_ws/install/emcl2:/home/ws/ugv_ws/install/cv_camera:/home/ws/ugv_ws/install/costmap_converter:/home/ws/ugv_ws/install/costmap_converter_msgs:/home/ws/ugv_ws/install/cartographer:/home/ws/ugv_ws/install/audio_utils:/home/ws/ugv_ws/install/audio_utils_msgs:/home/ws/ugv_ws/install/apriltag_ros:/home/ws/ugv_ws/install/apriltag_msgs:/home/ws/ugv_roarm_ws/install/ugv_roarm_moveit_servo:/home/ws/ugv_roarm_ws/install/ugv_roarm_moveit_mtc_demo:/home/ws/ugv_roarm_ws/install/ugv_roarm_moveit_ikfast_plugins:/home/ws/ugv_roarm_ws/install/ugv_roarm_moveit:/home/ws/ugv_roarm_ws/install/ugv_roarm_description:/home/ws/ugv_roarm_ws/install/ugv_roarm_bringup:/home/ws/roarm_ws/install/roarm_moveit_mtc_demo:/home/ws/roarm_ws/install/moveit_task_constructor_visualization:/home/ws/roarm_ws/install/moveit_task_constructor_capabilities:/home/ws/roarm_ws/install/moveit_task_constructor_core:/home/ws/roarm_ws/install/rviz_marker_tools:/home/ws/roarm_ws/install/roarm_moveit_cmd:/home/ws/roarm_ws/install/moveit_servo:/home/ws/roarm_ws/install/roarm_msgs:/home/ws/roarm_ws/install/roarm_moveit_servo:/home/ws/roarm_ws/install/roarm_moveit_ikfast_plugins:/home/ws/roarm_ws/install/roarm_moveit:/home/ws/roarm_ws/install/roarm_driver:/home/ws/roarm_ws/install/roarm_description:/home/ws/roarm_ws/install/moveit_task_constructor_msgs:/opt/ros/humble'), ('SHELL', '/bin/bash'), ('CMAKE_MODULE_PATH', '/home/ws/roarm_ws/install/moveit_task_constructor_core/share/moveit_task_constructor_core/cmake'), ('PWD', '/home/ws/ugv_ws/build/opentera_webrtc_demos'), ('SSH_CONNECTION', '192.168.9.183 57519 192.168.9.212 23'), ('PYTHONPATH', '/home/ws/ugv_ws/install/vizanti_msgs/local/lib/python3.10/dist-packages:/home/ws/ugv_ws/build/ugv_web_app:/home/ws/ugv_ws/install/ugv_web_app/lib/python3.10/site-packages:/home/ws/ugv_ws/build/ugv_vision:/home/ws/ugv_ws/install/ugv_vision/lib/python3.10/site-packages:/home/ws/ugv_ws/build/ugv_tools:/home/ws/ugv_ws/install/ugv_tools/lib/python3.10/site-packages:/home/ws/ugv_ws/install/ugv_interface/local/lib/python3.10/dist-packages:/home/ws/ugv_ws/build/ugv_chat_ai:/home/ws/ugv_ws/install/ugv_chat_ai/lib/python3.10/site-packages:/home/ws/ugv_ws/build/ugv_bringup:/home/ws/ugv_ws/install/ugv_bringup/lib/python3.10/site-packages:/home/ws/ugv_ws/install/opentera_webrtc_ros/local/lib/python3.10/dist-packages:/home/ws/ugv_ws/install/opentera_webrtc_ros_msgs/local/lib/python3.10/dist-packages:/home/ws/ugv_ws/install/opentera_protobuf_messages/local/lib/python3.10/dist-packages:/home/ws/ugv_ws/install/odas_ros/local/lib/python3.10/dist-packages:/home/ws/ugv_ws/install/odas_ros_msgs/local/lib/python3.10/dist-packages:/home/ws/ugv_ws/install/costmap_converter_msgs/local/lib/python3.10/dist-packages:/home/ws/ugv_ws/install/audio_utils/local/lib/python3.10/dist-packages:/home/ws/ugv_ws/install/audio_utils_msgs/local/lib/python3.10/dist-packages:/home/ws/ugv_ws/install/apriltag_msgs/local/lib/python3.10/dist-packages:/home/ws/ugv_ws/install/apriltag/lib/python3.10/site-packages:/home/ws/ugv_roarm_ws/build/ugv_roarm_bringup:/home/ws/ugv_roarm_ws/install/ugv_roarm_bringup/lib/python3.10/site-packages:/home/ws/roarm_ws/install/moveit_task_constructor_core/local/lib/python3.10/dist-packages:/home/ws/roarm_ws/install/roarm_msgs/local/lib/python3.10/dist-packages:/home/ws/roarm_ws/build/roarm_driver:/home/ws/roarm_ws/install/roarm_driver/lib/python3.10/site-packages:/home/ws/roarm_ws/install/moveit_task_constructor_msgs/local/lib/python3.10/dist-packages:/opt/ros/humble/lib/python3.10/site-packages:/opt/ros/humble/local/lib/python3.10/dist-packages'), ('COLCON', '1'), ('CMAKE_PREFIX_PATH', '/home/ws/ugv_ws/install/opentera_webrtc_ros:/home/ws/ugv_ws/install/opentera_client_ros:/home/ws/ugv_ws/install/map_image_generator:/home/ws/ugv_ws/install/opentera_webrtc_ros_msgs:/home/ws/ugv_ws/install/opentera_protobuf_messages:/home/ws/ugv_ws/install/odas_ros_msgs:/home/ws/ugv_ws/install/cv_camera:/home/ws/ugv_ws/install/audio_utils_msgs:/home/ws/ugv_ws/install/vizanti:/home/ws/ugv_ws/install/vizanti_server:/home/ws/ugv_ws/install/vizanti_demos:/home/ws/ugv_ws/install/vizanti_msgs:/home/ws/ugv_ws/install/vizanti_cpp:/home/ws/ugv_ws/install/ugv_slam:/home/ws/ugv_ws/install/ugv_nav:/home/ws/ugv_ws/install/ugv_interface:/home/ws/ugv_ws/install/ugv_gazebo:/home/ws/ugv_ws/install/ugv_description:/home/ws/ugv_ws/install/ugv_base_node:/home/ws/ugv_ws/install/teb_local_planner:/home/ws/ugv_ws/install/teb_msgs:/home/ws/ugv_ws/install/slam_gmapping:/home/ws/ugv_ws/install/rf2o_laser_odometry:/home/ws/ugv_ws/install/face_cropping:/home/ws/ugv_ws/install/openslam_gmapping:/home/ws/ugv_ws/install/odas_ros:/home/ws/ugv_ws/install/ldlidar:/home/ws/ugv_ws/install/explore_lite:/home/ws/ugv_ws/install/emcl2:/home/ws/ugv_ws/install/costmap_converter:/home/ws/ugv_ws/install/costmap_converter_msgs:/home/ws/ugv_ws/install/cartographer:/home/ws/ugv_ws/install/audio_utils:/home/ws/ugv_ws/install/apriltag_ros:/home/ws/ugv_ws/install/apriltag_msgs:/home/ws/ugv_ws/install/apriltag:/home/ws/ugv_roarm_ws/install/ugv_roarm_moveit_servo:/home/ws/ugv_roarm_ws/install/ugv_roarm_moveit_mtc_demo:/home/ws/ugv_roarm_ws/install/ugv_roarm_moveit_ikfast_plugins:/home/ws/ugv_roarm_ws/install/ugv_roarm_moveit:/home/ws/ugv_roarm_ws/install/ugv_roarm_description:/home/ws/roarm_ws/install/roarm_moveit_mtc_demo:/home/ws/roarm_ws/install/moveit_task_constructor_visualization:/home/ws/roarm_ws/install/moveit_task_constructor_capabilities:/home/ws/roarm_ws/install/moveit_task_constructor_core:/home/ws/roarm_ws/install/rviz_marker_tools:/home/ws/roarm_ws/install/roarm_moveit_cmd:/home/ws/roarm_ws/install/moveit_servo:/home/ws/roarm_ws/install/roarm_msgs:/home/ws/roarm_ws/install/roarm_moveit_servo:/home/ws/roarm_ws/install/roarm_moveit_ikfast_plugins:/home/ws/roarm_ws/install/roarm_moveit:/home/ws/roarm_ws/install/roarm_description:/home/ws/roarm_ws/install/moveit_task_constructor_msgs:/home/ws/ugv_ws/install/ugv_web_app:/home/ws/ugv_ws/install/ugv_vision:/home/ws/ugv_ws/install/ugv_tools:/home/ws/ugv_ws/install/ugv_chat_ai:/home/ws/ugv_ws/install/ugv_bringup:/home/ws/ugv_ws/install/robot_pose_publisher:/home/ws/ugv_roarm_ws/install/ugv_roarm_bringup:/home/ws/roarm_ws/install/roarm_driver:/opt/ros/humble'), ('UGV_MODEL', 'ugv_rover')]), 'shell': False}
[0.198725] (-) TimerEvent: {}
[0.299606] (-) TimerEvent: {}
[0.400304] (-) TimerEvent: {}
[0.500998] (-) TimerEvent: {}
[0.601962] (-) TimerEvent: {}
[0.680336] (opentera_webrtc_demos) StdoutLine: {'line': b'[ 33%] \x1b[34m\x1b[1mGenerating node_modules.stamp\x1b[0m\n'}
[0.704565] (-) TimerEvent: {}
[0.805230] (-) TimerEvent: {}
[0.905861] (-) TimerEvent: {}
[1.006568] (-) TimerEvent: {}
[1.107200] (-) TimerEvent: {}
[1.208046] (-) TimerEvent: {}
[1.309434] (-) TimerEvent: {}
[1.410047] (-) TimerEvent: {}
[1.510738] (-) TimerEvent: {}
[1.611546] (-) TimerEvent: {}
[1.712202] (-) TimerEvent: {}
[1.812872] (-) TimerEvent: {}
[1.916572] (-) TimerEvent: {}
[2.017279] (-) TimerEvent: {}
[2.118300] (-) TimerEvent: {}
[2.219343] (-) TimerEvent: {}
[2.320835] (-) TimerEvent: {}
[2.421671] (-) TimerEvent: {}
[2.522734] (-) TimerEvent: {}
[2.624858] (-) TimerEvent: {}
[2.726481] (-) TimerEvent: {}
[2.827850] (-) TimerEvent: {}
[2.929074] (-) TimerEvent: {}
[3.029843] (-) TimerEvent: {}
[3.130586] (-) TimerEvent: {}
[3.231711] (-) TimerEvent: {}
[3.335938] (-) TimerEvent: {}
[3.436975] (-) TimerEvent: {}
[3.538039] (-) TimerEvent: {}
[3.638773] (-) TimerEvent: {}
[3.739886] (-) TimerEvent: {}
[3.841163] (-) TimerEvent: {}
[3.941956] (-) TimerEvent: {}
[4.043060] (-) TimerEvent: {}
[4.144351] (-) TimerEvent: {}
[4.245522] (-) TimerEvent: {}
[4.348566] (-) TimerEvent: {}
[4.449877] (-) TimerEvent: {}
[4.550965] (-) TimerEvent: {}
[4.651934] (-) TimerEvent: {}
[4.752652] (-) TimerEvent: {}
[4.853788] (-) TimerEvent: {}
[4.956645] (-) TimerEvent: {}
[5.057712] (-) TimerEvent: {}
[5.158503] (-) TimerEvent: {}
[5.260120] (-) TimerEvent: {}
[5.361128] (-) TimerEvent: {}
[5.462409] (-) TimerEvent: {}
[5.563221] (-) TimerEvent: {}
[5.664022] (-) TimerEvent: {}
[5.764877] (-) TimerEvent: {}
[5.865708] (-) TimerEvent: {}
[5.966580] (-) TimerEvent: {}
[6.067508] (-) TimerEvent: {}
[6.168280] (-) TimerEvent: {}
[6.268991] (-) TimerEvent: {}
[6.369742] (-) TimerEvent: {}
[6.471380] (-) TimerEvent: {}
[6.575301] (-) TimerEvent: {}
[6.676012] (-) TimerEvent: {}
[6.776768] (-) TimerEvent: {}
[6.877444] (-) TimerEvent: {}
[6.978056] (-) TimerEvent: {}
[7.078644] (-) TimerEvent: {}
[7.179204] (-) TimerEvent: {}
[7.279784] (-) TimerEvent: {}
[7.380330] (-) TimerEvent: {}
[7.480905] (-) TimerEvent: {}
[7.581476] (-) TimerEvent: {}
[7.682062] (-) TimerEvent: {}
[7.782646] (-) TimerEvent: {}
[7.883247] (-) TimerEvent: {}
[7.983810] (-) TimerEvent: {}
[8.084362] (-) TimerEvent: {}
[8.184939] (-) TimerEvent: {}
[8.285506] (-) TimerEvent: {}
[8.386062] (-) TimerEvent: {}
[8.486632] (-) TimerEvent: {}
[8.587204] (-) TimerEvent: {}
[8.687787] (-) TimerEvent: {}
[8.788361] (-) TimerEvent: {}
[8.888999] (-) TimerEvent: {}
[8.989556] (-) TimerEvent: {}
[9.090113] (-) TimerEvent: {}
[9.190677] (-) TimerEvent: {}
[9.291245] (-) TimerEvent: {}
[9.391800] (-) TimerEvent: {}
[9.492351] (-) TimerEvent: {}
[9.592942] (-) TimerEvent: {}
[9.693537] (-) TimerEvent: {}
[9.794117] (-) TimerEvent: {}
[9.894685] (-) TimerEvent: {}
[9.995258] (-) TimerEvent: {}
[10.095823] (-) TimerEvent: {}
[10.196411] (-) TimerEvent: {}
[10.297350] (-) TimerEvent: {}
[10.397934] (-) TimerEvent: {}
[10.498774] (-) TimerEvent: {}
[10.599343] (-) TimerEvent: {}
[10.699957] (-) TimerEvent: {}
[10.800583] (-) TimerEvent: {}
[10.901193] (-) TimerEvent: {}
[11.001749] (-) TimerEvent: {}
[11.102298] (-) TimerEvent: {}
[11.202851] (-) TimerEvent: {}
[11.303416] (-) TimerEvent: {}
[11.403963] (-) TimerEvent: {}
[11.504518] (-) TimerEvent: {}
[11.605084] (-) TimerEvent: {}
[11.705720] (-) TimerEvent: {}
[11.806294] (-) TimerEvent: {}
[11.906864] (-) TimerEvent: {}
[12.007434] (-) TimerEvent: {}
[12.107997] (-) TimerEvent: {}
[12.208591] (-) TimerEvent: {}
[12.309168] (-) TimerEvent: {}
[12.409838] (-) TimerEvent: {}
[12.510979] (-) TimerEvent: {}
[12.612007] (-) TimerEvent: {}
[12.713222] (-) TimerEvent: {}
[12.814188] (-) TimerEvent: {}
[12.915915] (-) TimerEvent: {}
[13.017658] (-) TimerEvent: {}
[13.119175] (-) TimerEvent: {}
[13.220321] (-) TimerEvent: {}
[13.322039] (-) TimerEvent: {}
[13.423225] (-) TimerEvent: {}
[13.524265] (-) TimerEvent: {}
[13.625278] (-) TimerEvent: {}
[13.726411] (-) TimerEvent: {}
[13.827485] (-) TimerEvent: {}
[13.928525] (-) TimerEvent: {}
[14.029508] (-) TimerEvent: {}
[14.130483] (-) TimerEvent: {}
[14.231479] (-) TimerEvent: {}
[14.332594] (-) TimerEvent: {}
[14.433606] (-) TimerEvent: {}
[14.534622] (-) TimerEvent: {}
[14.635702] (-) TimerEvent: {}
[14.740349] (-) TimerEvent: {}
[14.841384] (-) TimerEvent: {}
[14.942409] (-) TimerEvent: {}
[15.043481] (-) TimerEvent: {}
[15.144534] (-) TimerEvent: {}
[15.245620] (-) TimerEvent: {}
[15.346777] (-) TimerEvent: {}
[15.447831] (-) TimerEvent: {}
[15.548847] (-) TimerEvent: {}
[15.650120] (-) TimerEvent: {}
[15.751302] (-) TimerEvent: {}
[15.852299] (-) TimerEvent: {}
[15.953449] (-) TimerEvent: {}
[16.054505] (-) TimerEvent: {}
[16.155564] (-) TimerEvent: {}
[16.256546] (-) TimerEvent: {}
[16.357534] (-) TimerEvent: {}
[16.458562] (-) TimerEvent: {}
[16.559537] (-) TimerEvent: {}
[16.660778] (-) TimerEvent: {}
[16.761922] (-) TimerEvent: {}
[16.862852] (-) TimerEvent: {}
[16.964108] (-) TimerEvent: {}
[17.065313] (-) TimerEvent: {}
[17.166374] (-) TimerEvent: {}
[17.267357] (-) TimerEvent: {}
[17.368487] (-) TimerEvent: {}
[17.469573] (-) TimerEvent: {}
[17.570664] (-) TimerEvent: {}
[17.671832] (-) TimerEvent: {}
[17.773131] (-) TimerEvent: {}
[17.874207] (-) TimerEvent: {}
[17.975336] (-) TimerEvent: {}
[18.076455] (-) TimerEvent: {}
[18.177737] (-) TimerEvent: {}
[18.278788] (-) TimerEvent: {}
[18.379845] (-) TimerEvent: {}
[18.480873] (-) TimerEvent: {}
[18.581921] (-) TimerEvent: {}
[18.682969] (-) TimerEvent: {}
[18.784150] (-) TimerEvent: {}
[18.885417] (-) TimerEvent: {}
[18.986447] (-) TimerEvent: {}
[19.087532] (-) TimerEvent: {}
[19.188622] (-) TimerEvent: {}
[19.289789] (-) TimerEvent: {}
[19.390812] (-) TimerEvent: {}
[19.491873] (-) TimerEvent: {}
[19.592988] (-) TimerEvent: {}
[19.694011] (-) TimerEvent: {}
[19.795222] (-) TimerEvent: {}
[19.896340] (-) TimerEvent: {}
[19.997280] (-) TimerEvent: {}
[20.098290] (-) TimerEvent: {}
[20.199330] (-) TimerEvent: {}
[20.300357] (-) TimerEvent: {}
[20.401367] (-) TimerEvent: {}
[20.502291] (-) TimerEvent: {}
[20.603306] (-) TimerEvent: {}
[20.704349] (-) TimerEvent: {}
[20.805579] (-) TimerEvent: {}
[20.906670] (-) TimerEvent: {}
[21.007562] (-) TimerEvent: {}
[21.108569] (-) TimerEvent: {}
[21.209575] (-) TimerEvent: {}
[21.311135] (-) TimerEvent: {}
[21.412042] (-) TimerEvent: {}
[21.513004] (-) TimerEvent: {}
[21.613929] (-) TimerEvent: {}
[21.714957] (-) TimerEvent: {}
[21.816087] (-) TimerEvent: {}
[21.917142] (-) TimerEvent: {}
[22.018066] (-) TimerEvent: {}
[22.119106] (-) TimerEvent: {}
[22.220152] (-) TimerEvent: {}
[22.321194] (-) TimerEvent: {}
[22.422198] (-) TimerEvent: {}
[22.523167] (-) TimerEvent: {}
[22.624212] (-) TimerEvent: {}
[22.725281] (-) TimerEvent: {}
[22.826263] (-) TimerEvent: {}
[22.927254] (-) TimerEvent: {}
[23.028274] (-) TimerEvent: {}
[23.129382] (-) TimerEvent: {}
[23.230464] (-) TimerEvent: {}
[23.331555] (-) TimerEvent: {}
[23.432609] (-) TimerEvent: {}
[23.533685] (-) TimerEvent: {}
[23.634792] (-) TimerEvent: {}
[23.735793] (-) TimerEvent: {}
[23.836916] (-) TimerEvent: {}
[23.938026] (-) TimerEvent: {}
[24.038940] (-) TimerEvent: {}
[24.139970] (-) TimerEvent: {}
[24.241078] (-) TimerEvent: {}
[24.342197] (-) TimerEvent: {}
[24.443280] (-) TimerEvent: {}
[24.544231] (-) TimerEvent: {}
[24.645331] (-) TimerEvent: {}
[24.746399] (-) TimerEvent: {}
[24.847578] (-) TimerEvent: {}
[24.948824] (-) TimerEvent: {}
[25.049745] (-) TimerEvent: {}
[25.150570] (-) TimerEvent: {}
[25.251786] (-) TimerEvent: {}
[25.352555] (-) TimerEvent: {}
[25.453454] (-) TimerEvent: {}
[25.554135] (-) TimerEvent: {}
[25.655220] (-) TimerEvent: {}
[25.756048] (-) TimerEvent: {}
[25.856938] (-) TimerEvent: {}
[25.957731] (-) TimerEvent: {}
[26.058352] (-) TimerEvent: {}
[26.158956] (-) TimerEvent: {}
[26.259561] (-) TimerEvent: {}
[26.360177] (-) TimerEvent: {}
[26.460830] (-) TimerEvent: {}
[26.561439] (-) TimerEvent: {}
[26.662051] (-) TimerEvent: {}
[26.762656] (-) TimerEvent: {}
[26.863296] (-) TimerEvent: {}
[26.964122] (-) TimerEvent: {}
[27.064753] (-) TimerEvent: {}
[27.165585] (-) TimerEvent: {}
[27.266187] (-) TimerEvent: {}
[27.366782] (-) TimerEvent: {}
[27.467624] (-) TimerEvent: {}
[27.568219] (-) TimerEvent: {}
[27.668821] (-) TimerEvent: {}
[27.769666] (-) TimerEvent: {}
[27.870275] (-) TimerEvent: {}
[27.971288] (-) TimerEvent: {}
[28.072136] (-) TimerEvent: {}
[28.172775] (-) TimerEvent: {}
[28.273372] (-) TimerEvent: {}
[28.374216] (-) TimerEvent: {}
[28.474822] (-) TimerEvent: {}
[28.575400] (-) TimerEvent: {}
[28.676234] (-) TimerEvent: {}
[28.776863] (-) TimerEvent: {}
[28.877692] (-) TimerEvent: {}
[28.978262] (-) TimerEvent: {}
[29.078911] (-) TimerEvent: {}
[29.179509] (-) TimerEvent: {}
[29.280108] (-) TimerEvent: {}
[29.380719] (-) TimerEvent: {}
[29.481288] (-) TimerEvent: {}
[29.581852] (-) TimerEvent: {}
[29.682427] (-) TimerEvent: {}
[29.783004] (-) TimerEvent: {}
[29.883571] (-) TimerEvent: {}
[29.984159] (-) TimerEvent: {}
[30.084778] (-) TimerEvent: {}
[30.185445] (-) TimerEvent: {}
[30.286909] (-) TimerEvent: {}
[30.388015] (-) TimerEvent: {}
[30.489508] (-) TimerEvent: {}
[30.590558] (-) TimerEvent: {}
[30.692127] (-) TimerEvent: {}
[30.793330] (-) TimerEvent: {}
[30.894449] (-) TimerEvent: {}
[30.996001] (-) TimerEvent: {}
[31.097065] (-) TimerEvent: {}
[31.198243] (-) TimerEvent: {}
[31.299408] (-) TimerEvent: {}
[31.400528] (-) TimerEvent: {}
[31.501742] (-) TimerEvent: {}
[31.602894] (-) TimerEvent: {}
[31.703929] (-) TimerEvent: {}
[31.805066] (-) TimerEvent: {}
[31.906125] (-) TimerEvent: {}
[32.007291] (-) TimerEvent: {}
[32.108481] (-) TimerEvent: {}
[32.209511] (-) TimerEvent: {}
[32.310613] (-) TimerEvent: {}
[32.411674] (-) TimerEvent: {}
[32.512683] (-) TimerEvent: {}
[32.613794] (-) TimerEvent: {}
[32.714894] (-) TimerEvent: {}
[32.815980] (-) TimerEvent: {}
[32.917181] (-) TimerEvent: {}
[33.018344] (-) TimerEvent: {}
[33.119482] (-) TimerEvent: {}
[33.220514] (-) TimerEvent: {}
[33.321619] (-) TimerEvent: {}
[33.422729] (-) TimerEvent: {}
[33.523813] (-) TimerEvent: {}
[33.625006] (-) TimerEvent: {}
[33.726024] (-) TimerEvent: {}
[33.827133] (-) TimerEvent: {}
[33.928259] (-) TimerEvent: {}
[34.029390] (-) TimerEvent: {}
[34.130543] (-) TimerEvent: {}
[34.231570] (-) TimerEvent: {}
[34.332715] (-) TimerEvent: {}
[34.433871] (-) TimerEvent: {}
[34.534995] (-) TimerEvent: {}
[34.636081] (-) TimerEvent: {}
[34.737239] (-) TimerEvent: {}
[34.838329] (-) TimerEvent: {}
[34.939408] (-) TimerEvent: {}
[35.040628] (-) TimerEvent: {}
[35.141862] (-) TimerEvent: {}
[35.242817] (-) TimerEvent: {}
[35.343912] (-) TimerEvent: {}
[35.445152] (-) TimerEvent: {}
[35.546272] (-) TimerEvent: {}
[35.647260] (-) TimerEvent: {}
[35.748362] (-) TimerEvent: {}
[35.849535] (-) TimerEvent: {}
[35.950637] (-) TimerEvent: {}
[36.051805] (-) TimerEvent: {}
[36.152993] (-) TimerEvent: {}
[36.253964] (-) TimerEvent: {}
[36.355080] (-) TimerEvent: {}
[36.456155] (-) TimerEvent: {}
[36.557179] (-) TimerEvent: {}
[36.658243] (-) TimerEvent: {}
[36.759401] (-) TimerEvent: {}
[36.860548] (-) TimerEvent: {}
[36.961605] (-) TimerEvent: {}
[37.062810] (-) TimerEvent: {}
[37.164003] (-) TimerEvent: {}
[37.265107] (-) TimerEvent: {}
[37.366198] (-) TimerEvent: {}
[37.467379] (-) TimerEvent: {}
[37.568595] (-) TimerEvent: {}
[37.669678] (-) TimerEvent: {}
[37.770776] (-) TimerEvent: {}
[37.871906] (-) TimerEvent: {}
[37.973028] (-) TimerEvent: {}
[38.074146] (-) TimerEvent: {}
[38.175385] (-) TimerEvent: {}
[38.276524] (-) TimerEvent: {}
[38.377445] (-) TimerEvent: {}
[38.478519] (-) TimerEvent: {}
[38.579614] (-) TimerEvent: {}
[38.680805] (-) TimerEvent: {}
[38.781946] (-) TimerEvent: {}
[38.882963] (-) TimerEvent: {}
[38.984049] (-) TimerEvent: {}
[39.085215] (-) TimerEvent: {}
[39.186259] (-) TimerEvent: {}
[39.287310] (-) TimerEvent: {}
[39.388275] (-) TimerEvent: {}
[39.489401] (-) TimerEvent: {}
[39.590512] (-) TimerEvent: {}
[39.691613] (-) TimerEvent: {}
[39.792773] (-) TimerEvent: {}
[39.893753] (-) TimerEvent: {}
[39.994778] (-) TimerEvent: {}
[40.095909] (-) TimerEvent: {}
[40.197115] (-) TimerEvent: {}
[40.298142] (-) TimerEvent: {}
[40.399182] (-) TimerEvent: {}
[40.500671] (-) TimerEvent: {}
[40.601852] (-) TimerEvent: {}
[40.703504] (-) TimerEvent: {}
[40.804753] (-) TimerEvent: {}
[40.905915] (-) TimerEvent: {}
[41.007623] (-) TimerEvent: {}
[41.108865] (-) TimerEvent: {}
[41.209863] (-) TimerEvent: {}
[41.311040] (-) TimerEvent: {}
[41.412011] (-) TimerEvent: {}
[41.513054] (-) TimerEvent: {}
[41.614129] (-) TimerEvent: {}
[41.715276] (-) TimerEvent: {}
[41.816287] (-) TimerEvent: {}
[41.917395] (-) TimerEvent: {}
[42.018440] (-) TimerEvent: {}
[42.119484] (-) TimerEvent: {}
[42.220588] (-) TimerEvent: {}
[42.321759] (-) TimerEvent: {}
[42.422771] (-) TimerEvent: {}
[42.523813] (-) TimerEvent: {}
[42.625037] (-) TimerEvent: {}
[42.726175] (-) TimerEvent: {}
[42.827179] (-) TimerEvent: {}
[42.928288] (-) TimerEvent: {}
[43.029385] (-) TimerEvent: {}
[43.130397] (-) TimerEvent: {}
[43.231561] (-) TimerEvent: {}
[43.332782] (-) TimerEvent: {}
[43.433710] (-) TimerEvent: {}
[43.534711] (-) TimerEvent: {}
[43.635696] (-) TimerEvent: {}
[43.736790] (-) TimerEvent: {}
[43.837885] (-) TimerEvent: {}
[43.938974] (-) TimerEvent: {}
[44.040086] (-) TimerEvent: {}
[44.141222] (-) TimerEvent: {}
[44.242291] (-) TimerEvent: {}
[44.343323] (-) TimerEvent: {}
[44.444441] (-) TimerEvent: {}
[44.545498] (-) TimerEvent: {}
[44.646514] (-) TimerEvent: {}
[44.747642] (-) TimerEvent: {}
[44.848807] (-) TimerEvent: {}
[44.949955] (-) TimerEvent: {}
[45.051036] (-) TimerEvent: {}
[45.152041] (-) TimerEvent: {}
[45.253181] (-) TimerEvent: {}
[45.354348] (-) TimerEvent: {}
[45.455345] (-) TimerEvent: {}
[45.556356] (-) TimerEvent: {}
[45.657518] (-) TimerEvent: {}
[45.758708] (-) TimerEvent: {}
[45.860534] (-) TimerEvent: {}
[45.961541] (-) TimerEvent: {}
[46.062647] (-) TimerEvent: {}
[46.163731] (-) TimerEvent: {}
[46.267236] (-) TimerEvent: {}
[46.368340] (-) TimerEvent: {}
[46.469447] (-) TimerEvent: {}
[46.570459] (-) TimerEvent: {}
[46.671511] (-) TimerEvent: {}
[46.772625] (-) TimerEvent: {}
[46.873603] (-) TimerEvent: {}
[46.974581] (-) TimerEvent: {}
[47.075662] (-) TimerEvent: {}
[47.176815] (-) TimerEvent: {}
[47.277936] (-) TimerEvent: {}
[47.379122] (-) TimerEvent: {}
[47.480231] (-) TimerEvent: {}
[47.581226] (-) TimerEvent: {}
[47.682306] (-) TimerEvent: {}
[47.783407] (-) TimerEvent: {}
[47.884515] (-) TimerEvent: {}
[47.985696] (-) TimerEvent: {}
[48.086794] (-) TimerEvent: {}
[48.187891] (-) TimerEvent: {}
[48.289012] (-) TimerEvent: {}
[48.390110] (-) TimerEvent: {}
[48.491188] (-) TimerEvent: {}
[48.592124] (-) TimerEvent: {}
[48.693250] (-) TimerEvent: {}
[48.794341] (-) TimerEvent: {}
[48.895498] (-) TimerEvent: {}
[48.996567] (-) TimerEvent: {}
[49.097554] (-) TimerEvent: {}
[49.198647] (-) TimerEvent: {}
[49.299752] (-) TimerEvent: {}
[49.400965] (-) TimerEvent: {}
[49.502085] (-) TimerEvent: {}
[49.603041] (-) TimerEvent: {}
[49.704125] (-) TimerEvent: {}
[49.805229] (-) TimerEvent: {}
[49.906235] (-) TimerEvent: {}
[50.007294] (-) TimerEvent: {}
[50.108303] (-) TimerEvent: {}
[50.209417] (-) TimerEvent: {}
[50.310473] (-) TimerEvent: {}
[50.411652] (-) TimerEvent: {}
[50.512869] (-) TimerEvent: {}
[50.613811] (-) TimerEvent: {}
[50.714923] (-) TimerEvent: {}
[50.816022] (-) TimerEvent: {}
[50.917137] (-) TimerEvent: {}
[51.018231] (-) TimerEvent: {}
[51.119325] (-) TimerEvent: {}
[51.220456] (-) TimerEvent: {}
[51.321563] (-) TimerEvent: {}
[51.422728] (-) TimerEvent: {}
[51.523874] (-) TimerEvent: {}
[51.624933] (-) TimerEvent: {}
[51.726033] (-) TimerEvent: {}
[51.827119] (-) TimerEvent: {}
[51.928099] (-) TimerEvent: {}
[52.029214] (-) TimerEvent: {}
[52.130187] (-) TimerEvent: {}
[52.231240] (-) TimerEvent: {}
[52.332324] (-) TimerEvent: {}
[52.433402] (-) TimerEvent: {}
[52.534501] (-) TimerEvent: {}
[52.635433] (-) TimerEvent: {}
[52.736573] (-) TimerEvent: {}
[52.837674] (-) TimerEvent: {}
[52.938721] (-) TimerEvent: {}
[53.039761] (-) TimerEvent: {}
[53.140894] (-) TimerEvent: {}
[53.241953] (-) TimerEvent: {}
[53.343078] (-) TimerEvent: {}
[53.444215] (-) TimerEvent: {}
[53.546164] (-) TimerEvent: {}
[53.647132] (-) TimerEvent: {}
[53.748134] (-) TimerEvent: {}
[53.849296] (-) TimerEvent: {}
[53.950345] (-) TimerEvent: {}
[54.051341] (-) TimerEvent: {}
[54.152463] (-) TimerEvent: {}
[54.253540] (-) TimerEvent: {}
[54.354699] (-) TimerEvent: {}
[54.455811] (-) TimerEvent: {}
[54.557046] (-) TimerEvent: {}
[54.658103] (-) TimerEvent: {}
[54.759119] (-) TimerEvent: {}
[54.860210] (-) TimerEvent: {}
[54.961337] (-) TimerEvent: {}
[55.062432] (-) TimerEvent: {}
[55.163463] (-) TimerEvent: {}
[55.264533] (-) TimerEvent: {}
[55.365597] (-) TimerEvent: {}
[55.466646] (-) TimerEvent: {}
[55.567649] (-) TimerEvent: {}
[55.668833] (-) TimerEvent: {}
[55.769804] (-) TimerEvent: {}
[55.870782] (-) TimerEvent: {}
[55.971739] (-) TimerEvent: {}
[56.072929] (-) TimerEvent: {}
[56.173980] (-) TimerEvent: {}
[56.274923] (-) TimerEvent: {}
[56.375908] (-) TimerEvent: {}
[56.477024] (-) TimerEvent: {}
[56.578020] (-) TimerEvent: {}
[56.679019] (-) TimerEvent: {}
[56.780062] (-) TimerEvent: {}
[56.881578] (-) TimerEvent: {}
[56.982734] (-) TimerEvent: {}
[57.084331] (-) TimerEvent: {}
[57.185495] (-) TimerEvent: {}
[57.287105] (-) TimerEvent: {}
[57.388310] (-) TimerEvent: {}
[57.489886] (-) TimerEvent: {}
[57.591125] (-) TimerEvent: {}
[57.692170] (-) TimerEvent: {}
[57.793167] (-) TimerEvent: {}
[57.894143] (-) TimerEvent: {}
[57.995167] (-) TimerEvent: {}
[58.096219] (-) TimerEvent: {}
[58.197206] (-) TimerEvent: {}
[58.298197] (-) TimerEvent: {}
[58.399295] (-) TimerEvent: {}
[58.500456] (-) TimerEvent: {}
[58.601549] (-) TimerEvent: {}
[58.702649] (-) TimerEvent: {}
[58.804017] (-) TimerEvent: {}
[58.905207] (-) TimerEvent: {}
[59.006794] (-) TimerEvent: {}
[59.107887] (-) TimerEvent: {}
[59.209508] (-) TimerEvent: {}
[59.310705] (-) TimerEvent: {}
[59.412773] (-) TimerEvent: {}
[59.513933] (-) TimerEvent: {}
[59.615634] (-) TimerEvent: {}
[59.716926] (-) TimerEvent: {}
[59.818070] (-) TimerEvent: {}
[59.919271] (-) TimerEvent: {}
[60.020477] (-) TimerEvent: {}
[60.121567] (-) TimerEvent: {}
[60.222497] (-) TimerEvent: {}
[60.323475] (-) TimerEvent: {}
[60.424553] (-) TimerEvent: {}
[60.525596] (-) TimerEvent: {}
[60.626698] (-) TimerEvent: {}
[60.727852] (-) TimerEvent: {}
[60.828900] (-) TimerEvent: {}
[60.930026] (-) TimerEvent: {}
[61.031020] (-) TimerEvent: {}
[61.132075] (-) TimerEvent: {}
[61.233214] (-) TimerEvent: {}
[61.334306] (-) TimerEvent: {}
[61.435377] (-) TimerEvent: {}
[61.536518] (-) TimerEvent: {}
[61.637625] (-) TimerEvent: {}
[61.738708] (-) TimerEvent: {}
[61.839650] (-) TimerEvent: {}
[61.940674] (-) TimerEvent: {}
[62.041674] (-) TimerEvent: {}
[62.142861] (-) TimerEvent: {}
[62.244454] (-) TimerEvent: {}
[62.345555] (-) TimerEvent: {}
[62.447159] (-) TimerEvent: {}
[62.548314] (-) TimerEvent: {}
[62.649975] (-) TimerEvent: {}
[62.751735] (-) TimerEvent: {}
[62.852889] (-) TimerEvent: {}
[62.953961] (-) TimerEvent: {}
[63.055074] (-) TimerEvent: {}
[63.156116] (-) TimerEvent: {}
[63.257194] (-) TimerEvent: {}
[63.358215] (-) TimerEvent: {}
[63.459298] (-) TimerEvent: {}
[63.560346] (-) TimerEvent: {}
[63.664041] (-) TimerEvent: {}
[63.765134] (-) TimerEvent: {}
[63.866121] (-) TimerEvent: {}
[63.967060] (-) TimerEvent: {}
[64.068744] (-) TimerEvent: {}
[64.169921] (-) TimerEvent: {}
[64.271507] (-) TimerEvent: {}
[64.372769] (-) TimerEvent: {}
[64.473977] (-) TimerEvent: {}
[64.575077] (-) TimerEvent: {}
[64.676146] (-) TimerEvent: {}
[64.777360] (-) TimerEvent: {}
[64.878486] (-) TimerEvent: {}
[64.979949] (-) TimerEvent: {}
[65.081195] (-) TimerEvent: {}
[65.182729] (-) TimerEvent: {}
[65.283827] (-) TimerEvent: {}
[65.385532] (-) TimerEvent: {}
[65.486730] (-) TimerEvent: {}
[65.588361] (-) TimerEvent: {}
[65.689703] (-) TimerEvent: {}
[65.791376] (-) TimerEvent: {}
[65.892499] (-) TimerEvent: {}
[65.993447] (-) TimerEvent: {}
[66.094541] (-) TimerEvent: {}
[66.195665] (-) TimerEvent: {}
[66.296818] (-) TimerEvent: {}
[66.398021] (-) TimerEvent: {}
[66.499119] (-) TimerEvent: {}
[66.600196] (-) TimerEvent: {}
[66.701296] (-) TimerEvent: {}
[66.804663] (-) TimerEvent: {}
[66.906229] (-) TimerEvent: {}
[67.007188] (-) TimerEvent: {}
[67.108108] (-) TimerEvent: {}
[67.209101] (-) TimerEvent: {}
[67.310089] (-) TimerEvent: {}
[67.411032] (-) TimerEvent: {}
[67.511970] (-) TimerEvent: {}
[67.612936] (-) TimerEvent: {}
[67.713862] (-) TimerEvent: {}
[67.814440] (-) TimerEvent: {}
[67.915066] (-) TimerEvent: {}
[68.015668] (-) TimerEvent: {}
[68.116263] (-) TimerEvent: {}
[68.216835] (-) TimerEvent: {}
[68.317387] (-) TimerEvent: {}
[68.417943] (-) TimerEvent: {}
[68.518510] (-) TimerEvent: {}
[68.619056] (-) TimerEvent: {}
[68.719603] (-) TimerEvent: {}
[68.820196] (-) TimerEvent: {}
[68.920814] (-) TimerEvent: {}
[69.021363] (-) TimerEvent: {}
[69.121914] (-) TimerEvent: {}
[69.222492] (-) TimerEvent: {}
[69.323047] (-) TimerEvent: {}
[69.423583] (-) TimerEvent: {}
[69.524134] (-) TimerEvent: {}
[69.624721] (-) TimerEvent: {}
[69.725280] (-) TimerEvent: {}
[69.825866] (-) TimerEvent: {}
[69.926567] (-) TimerEvent: {}
[70.027134] (-) TimerEvent: {}
[70.127691] (-) TimerEvent: {}
[70.228244] (-) TimerEvent: {}
[70.328820] (-) TimerEvent: {}
[70.429361] (-) TimerEvent: {}
[70.529910] (-) TimerEvent: {}
[70.630456] (-) TimerEvent: {}
[70.731008] (-) TimerEvent: {}
[70.831623] (-) TimerEvent: {}
[70.932210] (-) TimerEvent: {}
[71.032800] (-) TimerEvent: {}
[71.133383] (-) TimerEvent: {}
[71.233945] (-) TimerEvent: {}
[71.334502] (-) TimerEvent: {}
[71.435103] (-) TimerEvent: {}
[71.535658] (-) TimerEvent: {}
[71.636212] (-) TimerEvent: {}
[71.736783] (-) TimerEvent: {}
[71.837458] (-) TimerEvent: {}
[71.938553] (-) TimerEvent: {}
[72.039544] (-) TimerEvent: {}
[72.140625] (-) TimerEvent: {}
[72.241666] (-) TimerEvent: {}
[72.342630] (-) TimerEvent: {}
[72.443696] (-) TimerEvent: {}
[72.544840] (-) TimerEvent: {}
[72.645920] (-) TimerEvent: {}
[72.746974] (-) TimerEvent: {}
[72.848078] (-) TimerEvent: {}
[72.949325] (-) TimerEvent: {}
[73.050399] (-) TimerEvent: {}
[73.152011] (-) TimerEvent: {}
[73.253527] (-) TimerEvent: {}
[73.354619] (-) TimerEvent: {}
[73.456215] (-) TimerEvent: {}
[73.557926] (-) TimerEvent: {}
[73.659087] (-) TimerEvent: {}
[73.760769] (-) TimerEvent: {}
[73.861951] (-) TimerEvent: {}
[73.963687] (-) TimerEvent: {}
[74.064716] (-) TimerEvent: {}
[74.165737] (-) TimerEvent: {}
[74.266784] (-) TimerEvent: {}
[74.367888] (-) TimerEvent: {}
[74.468992] (-) TimerEvent: {}
[74.569968] (-) TimerEvent: {}
[74.671048] (-) TimerEvent: {}
[74.772257] (-) TimerEvent: {}
[74.873378] (-) TimerEvent: {}
[74.974467] (-) TimerEvent: {}
[75.075567] (-) TimerEvent: {}
[75.176585] (-) TimerEvent: {}
[75.277682] (-) TimerEvent: {}
[75.378750] (-) TimerEvent: {}
[75.479787] (-) TimerEvent: {}
[75.580827] (-) TimerEvent: {}
[75.681961] (-) TimerEvent: {}
[75.783075] (-) TimerEvent: {}
[75.884187] (-) TimerEvent: {}
[75.985299] (-) TimerEvent: {}
[76.086387] (-) TimerEvent: {}
[76.187499] (-) TimerEvent: {}
[76.288752] (-) TimerEvent: {}
[76.389881] (-) TimerEvent: {}
[76.491003] (-) TimerEvent: {}
[76.592071] (-) TimerEvent: {}
[76.693151] (-) TimerEvent: {}
[76.794256] (-) TimerEvent: {}
[76.895363] (-) TimerEvent: {}
[76.996617] (-) TimerEvent: {}
[77.097675] (-) TimerEvent: {}
[77.199076] (-) TimerEvent: {}
[77.300165] (-) TimerEvent: {}
[77.401361] (-) TimerEvent: {}
[77.502368] (-) TimerEvent: {}
[77.603420] (-) TimerEvent: {}
[77.704564] (-) TimerEvent: {}
[77.805727] (-) TimerEvent: {}
[77.906795] (-) TimerEvent: {}
[78.007812] (-) TimerEvent: {}
[78.108950] (-) TimerEvent: {}
[78.209923] (-) TimerEvent: {}
[78.311083] (-) TimerEvent: {}
[78.412220] (-) TimerEvent: {}
[78.513342] (-) TimerEvent: {}
[78.614484] (-) TimerEvent: {}
[78.715520] (-) TimerEvent: {}
[78.816602] (-) TimerEvent: {}
[78.917674] (-) TimerEvent: {}
[79.018693] (-) TimerEvent: {}
[79.119776] (-) TimerEvent: {}
[79.220899] (-) TimerEvent: {}
[79.322410] (-) TimerEvent: {}
[79.423576] (-) TimerEvent: {}
[79.524672] (-) TimerEvent: {}
[79.625854] (-) TimerEvent: {}
[79.726950] (-) TimerEvent: {}
[79.827937] (-) TimerEvent: {}
[79.929005] (-) TimerEvent: {}
[80.030115] (-) TimerEvent: {}
[80.131263] (-) TimerEvent: {}
[80.232217] (-) TimerEvent: {}
[80.333349] (-) TimerEvent: {}
[80.434429] (-) TimerEvent: {}
[80.535492] (-) TimerEvent: {}
[80.636535] (-) TimerEvent: {}
[80.737621] (-) TimerEvent: {}
[80.838725] (-) TimerEvent: {}
[80.939798] (-) TimerEvent: {}
[81.040958] (-) TimerEvent: {}
[81.142312] (-) TimerEvent: {}
[81.243228] (-) TimerEvent: {}
[81.344184] (-) TimerEvent: {}
[81.445142] (-) TimerEvent: {}
[81.546144] (-) TimerEvent: {}
[81.646912] (-) TimerEvent: {}
[81.747787] (-) TimerEvent: {}
[81.848887] (-) TimerEvent: {}
[81.949885] (-) TimerEvent: {}
[82.051092] (-) TimerEvent: {}
[82.152316] (-) TimerEvent: {}
[82.253460] (-) TimerEvent: {}
[82.354398] (-) TimerEvent: {}
[82.455383] (-) TimerEvent: {}
[82.556514] (-) TimerEvent: {}
[82.657513] (-) TimerEvent: {}
[82.758660] (-) TimerEvent: {}
[82.859729] (-) TimerEvent: {}
[82.960755] (-) TimerEvent: {}
[83.061757] (-) TimerEvent: {}
[83.162916] (-) TimerEvent: {}
[83.264038] (-) TimerEvent: {}
[83.365016] (-) TimerEvent: {}
[83.466048] (-) TimerEvent: {}
[83.567089] (-) TimerEvent: {}
[83.668179] (-) TimerEvent: {}
[83.769262] (-) TimerEvent: {}
[83.870313] (-) TimerEvent: {}
[83.971654] (-) TimerEvent: {}
[84.072825] (-) TimerEvent: {}
[84.173903] (-) TimerEvent: {}
[84.275035] (-) TimerEvent: {}
[84.375999] (-) TimerEvent: {}
[84.477127] (-) TimerEvent: {}
[84.578122] (-) TimerEvent: {}
[84.679125] (-) TimerEvent: {}
[84.780238] (-) TimerEvent: {}
[84.881367] (-) TimerEvent: {}
[84.982447] (-) TimerEvent: {}
[85.083505] (-) TimerEvent: {}
[85.184622] (-) TimerEvent: {}
[85.285894] (-) TimerEvent: {}
[85.386871] (-) TimerEvent: {}
[85.488582] (-) TimerEvent: {}
[85.589840] (-) TimerEvent: {}
[85.690975] (-) TimerEvent: {}
[85.792103] (-) TimerEvent: {}
[85.893420] (-) TimerEvent: {}
[85.994794] (-) TimerEvent: {}
[86.095944] (-) TimerEvent: {}
[86.197112] (-) TimerEvent: {}
[86.298228] (-) TimerEvent: {}
[86.399728] (-) TimerEvent: {}
[86.500852] (-) TimerEvent: {}
[86.601916] (-) TimerEvent: {}
[86.702912] (-) TimerEvent: {}
[86.804002] (-) TimerEvent: {}
[86.905070] (-) TimerEvent: {}
[87.006367] (-) TimerEvent: {}
[87.107443] (-) TimerEvent: {}
[87.208626] (-) TimerEvent: {}
[87.309694] (-) TimerEvent: {}
[87.410607] (-) TimerEvent: {}
[87.511580] (-) TimerEvent: {}
[87.613210] (-) TimerEvent: {}
[87.714814] (-) TimerEvent: {}
[87.815914] (-) TimerEvent: {}
[87.917130] (-) TimerEvent: {}
[88.018248] (-) TimerEvent: {}
[88.119371] (-) TimerEvent: {}
[88.220631] (-) TimerEvent: {}
[88.321790] (-) TimerEvent: {}
[88.422769] (-) TimerEvent: {}
[88.523871] (-) TimerEvent: {}
[88.625066] (-) TimerEvent: {}
[88.726190] (-) TimerEvent: {}
[88.827301] (-) TimerEvent: {}
[88.928663] (-) TimerEvent: {}
[89.030618] (-) TimerEvent: {}
[89.131885] (-) TimerEvent: {}
[89.232579] (-) TimerEvent: {}
[89.333466] (-) TimerEvent: {}
[89.434084] (-) TimerEvent: {}
[89.534663] (-) TimerEvent: {}
[89.635234] (-) TimerEvent: {}
[89.735807] (-) TimerEvent: {}
[89.836404] (-) TimerEvent: {}
[89.936979] (-) TimerEvent: {}
[90.037559] (-) TimerEvent: {}
[90.138129] (-) TimerEvent: {}
[90.238694] (-) TimerEvent: {}
[90.339301] (-) TimerEvent: {}
[90.439901] (-) TimerEvent: {}
[90.540488] (-) TimerEvent: {}
[90.641057] (-) TimerEvent: {}
[90.741628] (-) TimerEvent: {}
[90.842203] (-) TimerEvent: {}
[90.942774] (-) TimerEvent: {}
[91.043326] (-) TimerEvent: {}
[91.143884] (-) TimerEvent: {}
[91.244496] (-) TimerEvent: {}
[91.345086] (-) TimerEvent: {}
[91.445650] (-) TimerEvent: {}
[91.546448] (-) TimerEvent: {}
[91.647228] (-) TimerEvent: {}
[91.748028] (-) TimerEvent: {}
[91.848875] (-) TimerEvent: {}
[91.949705] (-) TimerEvent: {}
[92.050485] (-) TimerEvent: {}
[92.151290] (-) TimerEvent: {}
[92.252313] (-) TimerEvent: {}
[92.352977] (-) TimerEvent: {}
[92.453789] (-) TimerEvent: {}
[92.554634] (-) TimerEvent: {}
[92.655313] (-) TimerEvent: {}
[92.755908] (-) TimerEvent: {}
[92.856510] (-) TimerEvent: {}
[92.957125] (-) TimerEvent: {}
[93.058148] (-) TimerEvent: {}
[93.158772] (-) TimerEvent: {}
[93.259636] (-) TimerEvent: {}
[93.360337] (-) TimerEvent: {}
[93.460967] (-) TimerEvent: {}
[93.561581] (-) TimerEvent: {}
[93.662202] (-) TimerEvent: {}
[93.762831] (-) TimerEvent: {}
[93.863442] (-) TimerEvent: {}
[93.964029] (-) TimerEvent: {}
[94.064645] (-) TimerEvent: {}
[94.165333] (-) TimerEvent: {}
[94.266434] (-) TimerEvent: {}
[94.367697] (-) TimerEvent: {}
[94.468671] (-) TimerEvent: {}
[94.569664] (-) TimerEvent: {}
[94.670639] (-) TimerEvent: {}
[94.771613] (-) TimerEvent: {}
[94.872626] (-) TimerEvent: {}
[94.973692] (-) TimerEvent: {}
[95.074717] (-) TimerEvent: {}
[95.175799] (-) TimerEvent: {}
[95.276988] (-) TimerEvent: {}
[95.378051] (-) TimerEvent: {}
[95.478976] (-) TimerEvent: {}
[95.580084] (-) TimerEvent: {}
[95.681298] (-) TimerEvent: {}
[95.782425] (-) TimerEvent: {}
[95.883617] (-) TimerEvent: {}
[95.984770] (-) TimerEvent: {}
[96.085928] (-) TimerEvent: {}
[96.187019] (-) TimerEvent: {}
[96.288164] (-) TimerEvent: {}
[96.389308] (-) TimerEvent: {}
[96.490401] (-) TimerEvent: {}
[96.591384] (-) TimerEvent: {}
[96.692551] (-) TimerEvent: {}
[96.794163] (-) TimerEvent: {}
[96.895315] (-) TimerEvent: {}
[96.996826] (-) TimerEvent: {}
[97.098017] (-) TimerEvent: {}
[97.199644] (-) TimerEvent: {}
[97.300885] (-) TimerEvent: {}
[97.402140] (-) TimerEvent: {}
[97.503415] (-) TimerEvent: {}
[97.604562] (-) TimerEvent: {}
[97.705714] (-) TimerEvent: {}
[97.806925] (-) TimerEvent: {}
[97.908133] (-) TimerEvent: {}
[98.009403] (-) TimerEvent: {}
[98.110601] (-) TimerEvent: {}
[98.211810] (-) TimerEvent: {}
[98.313130] (-) TimerEvent: {}
[98.414410] (-) TimerEvent: {}
[98.515489] (-) TimerEvent: {}
[98.616467] (-) TimerEvent: {}
[98.717546] (-) TimerEvent: {}
[98.818721] (-) TimerEvent: {}
[98.919792] (-) TimerEvent: {}
[99.020930] (-) TimerEvent: {}
[99.121998] (-) TimerEvent: {}
[99.222999] (-) TimerEvent: {}
[99.324086] (-) TimerEvent: {}
[99.425234] (-) TimerEvent: {}
[99.526394] (-) TimerEvent: {}
[99.627426] (-) TimerEvent: {}
[99.728564] (-) TimerEvent: {}
[99.829647] (-) TimerEvent: {}
[99.930721] (-) TimerEvent: {}
[100.031735] (-) TimerEvent: {}
[100.132879] (-) TimerEvent: {}
[100.233946] (-) TimerEvent: {}
[100.334959] (-) TimerEvent: {}
[100.436079] (-) TimerEvent: {}
[100.537071] (-) TimerEvent: {}
[100.638079] (-) TimerEvent: {}
[100.739175] (-) TimerEvent: {}
[100.840351] (-) TimerEvent: {}
[100.941463] (-) TimerEvent: {}
[101.042445] (-) TimerEvent: {}
[101.143461] (-) TimerEvent: {}
[101.244569] (-) TimerEvent: {}
[101.345665] (-) TimerEvent: {}
[101.446748] (-) TimerEvent: {}
[101.547921] (-) TimerEvent: {}
[101.648978] (-) TimerEvent: {}
[101.750023] (-) TimerEvent: {}
[101.851575] (-) TimerEvent: {}
[101.952704] (-) TimerEvent: {}
[102.053689] (-) TimerEvent: {}
[102.154647] (-) TimerEvent: {}
[102.256082] (-) TimerEvent: {}
[102.357123] (-) TimerEvent: {}
[102.458113] (-) TimerEvent: {}
[102.559771] (-) TimerEvent: {}
[102.660825] (-) TimerEvent: {}
[102.761854] (-) TimerEvent: {}
[102.863667] (-) TimerEvent: {}
[102.964877] (-) TimerEvent: {}
[103.065933] (-) TimerEvent: {}
[103.166990] (-) TimerEvent: {}
[103.268118] (-) TimerEvent: {}
[103.369205] (-) TimerEvent: {}
[103.470254] (-) TimerEvent: {}
[103.571296] (-) TimerEvent: {}
[103.672568] (-) TimerEvent: {}
[103.773589] (-) TimerEvent: {}
[103.874640] (-) TimerEvent: {}
[103.975608] (-) TimerEvent: {}
[104.076595] (-) TimerEvent: {}
[104.177665] (-) TimerEvent: {}
[104.278622] (-) TimerEvent: {}
[104.379583] (-) TimerEvent: {}
[104.480538] (-) TimerEvent: {}
[104.581534] (-) TimerEvent: {}
[104.682539] (-) TimerEvent: {}
[104.783572] (-) TimerEvent: {}
[104.884808] (-) TimerEvent: {}
[104.985972] (-) TimerEvent: {}
[105.087199] (-) TimerEvent: {}
[105.188258] (-) TimerEvent: {}
[105.289476] (-) TimerEvent: {}
[105.390514] (-) TimerEvent: {}
[105.491560] (-) TimerEvent: {}
[105.592627] (-) TimerEvent: {}
[105.693726] (-) TimerEvent: {}
[105.794664] (-) TimerEvent: {}
[105.895695] (-) TimerEvent: {}
[105.996717] (-) TimerEvent: {}
[106.097704] (-) TimerEvent: {}
[106.198683] (-) TimerEvent: {}
[106.299662] (-) TimerEvent: {}
[106.400755] (-) TimerEvent: {}
[106.501751] (-) TimerEvent: {}
[106.602749] (-) TimerEvent: {}
[106.703815] (-) TimerEvent: {}
[106.805029] (-) TimerEvent: {}
[106.906012] (-) TimerEvent: {}
[107.006983] (-) TimerEvent: {}
[107.107981] (-) TimerEvent: {}
[107.209240] (-) TimerEvent: {}
[107.310214] (-) TimerEvent: {}
[107.411186] (-) TimerEvent: {}
[107.512149] (-) TimerEvent: {}
[107.613267] (-) TimerEvent: {}
[107.714232] (-) TimerEvent: {}
[107.815203] (-) TimerEvent: {}
[107.916195] (-) TimerEvent: {}
[108.017340] (-) TimerEvent: {}
[108.118326] (-) TimerEvent: {}
[108.219363] (-) TimerEvent: {}
[108.320335] (-) TimerEvent: {}
[108.421464] (-) TimerEvent: {}
[108.522528] (-) TimerEvent: {}
[108.623679] (-) TimerEvent: {}
[108.724844] (-) TimerEvent: {}
[108.825894] (-) TimerEvent: {}
[108.926916] (-) TimerEvent: {}
[109.028027] (-) TimerEvent: {}
[109.129065] (-) TimerEvent: {}
[109.230119] (-) TimerEvent: {}
[109.331093] (-) TimerEvent: {}
[109.432081] (-) TimerEvent: {}
[109.533209] (-) TimerEvent: {}
[109.634302] (-) TimerEvent: {}
[109.735412] (-) TimerEvent: {}
[109.836329] (-) TimerEvent: {}
[109.937560] (-) TimerEvent: {}
[110.038642] (-) TimerEvent: {}
[110.139613] (-) TimerEvent: {}
[110.240584] (-) TimerEvent: {}
[110.341541] (-) TimerEvent: {}
[110.442534] (-) TimerEvent: {}
[110.543588] (-) TimerEvent: {}
[110.644623] (-) TimerEvent: {}
[110.745646] (-) TimerEvent: {}
[110.846625] (-) TimerEvent: {}
[110.947588] (-) TimerEvent: {}
[111.048596] (-) TimerEvent: {}
[111.149775] (-) TimerEvent: {}
[111.250782] (-) TimerEvent: {}
[111.351749] (-) TimerEvent: {}
[111.452976] (-) TimerEvent: {}
[111.553653] (-) TimerEvent: {}
[111.654735] (-) TimerEvent: {}
[111.755972] (-) TimerEvent: {}
[111.857094] (-) TimerEvent: {}
[111.958202] (-) TimerEvent: {}
[112.059337] (-) TimerEvent: {}
[112.160105] (-) TimerEvent: {}
[112.261270] (-) TimerEvent: {}
[112.362139] (-) TimerEvent: {}
[112.463508] (-) TimerEvent: {}
[112.564573] (-) TimerEvent: {}
[112.666058] (-) TimerEvent: {}
[112.767177] (-) TimerEvent: {}
[112.868329] (-) TimerEvent: {}
[112.969516] (-) TimerEvent: {}
[113.070694] (-) TimerEvent: {}
[113.171859] (-) TimerEvent: {}
[113.273013] (-) TimerEvent: {}
[113.374531] (-) TimerEvent: {}
[113.475689] (-) TimerEvent: {}
[113.581223] (-) TimerEvent: {}
[113.684578] (-) TimerEvent: {}
[113.785669] (-) TimerEvent: {}
[113.886959] (-) TimerEvent: {}
[113.988480] (-) TimerEvent: {}
[114.092501] (-) TimerEvent: {}
[114.193404] (-) TimerEvent: {}
[114.294065] (-) TimerEvent: {}
[114.394920] (-) TimerEvent: {}
[114.495544] (-) TimerEvent: {}
[114.596459] (-) TimerEvent: {}
[114.697125] (-) TimerEvent: {}
[114.798072] (-) TimerEvent: {}
[114.898946] (-) TimerEvent: {}
[114.999563] (-) TimerEvent: {}
[115.100444] (-) TimerEvent: {}
[115.201045] (-) TimerEvent: {}
[115.301930] (-) TimerEvent: {}
[115.402609] (-) TimerEvent: {}
[115.503485] (-) TimerEvent: {}
[115.604154] (-) TimerEvent: {}
[115.705361] (-) TimerEvent: {}
[115.806276] (-) TimerEvent: {}
[115.906957] (-) TimerEvent: {}
[116.007677] (-) TimerEvent: {}
[116.108367] (-) TimerEvent: {}
[116.209086] (-) TimerEvent: {}
[116.309815] (-) TimerEvent: {}
[116.410653] (-) TimerEvent: {}
[116.511280] (-) TimerEvent: {}
[116.612279] (-) TimerEvent: {}
[116.712937] (-) TimerEvent: {}
[116.813555] (-) TimerEvent: {}
[116.914418] (-) TimerEvent: {}
[117.015057] (-) TimerEvent: {}
[117.115944] (-) TimerEvent: {}
[117.216532] (-) TimerEvent: {}
[117.317109] (-) TimerEvent: {}
[117.417963] (-) TimerEvent: {}
[117.518605] (-) TimerEvent: {}
[117.619177] (-) TimerEvent: {}
[117.720030] (-) TimerEvent: {}
[117.820661] (-) TimerEvent: {}
[117.921271] (-) TimerEvent: {}
[118.021858] (-) TimerEvent: {}
[118.122456] (-) TimerEvent: {}
[118.223092] (-) TimerEvent: {}
[118.323671] (-) TimerEvent: {}
[118.424245] (-) TimerEvent: {}
[118.524840] (-) TimerEvent: {}
[118.625403] (-) TimerEvent: {}
[118.725988] (-) TimerEvent: {}
[118.826570] (-) TimerEvent: {}
[118.927244] (-) TimerEvent: {}
[119.028149] (-) TimerEvent: {}
[119.128762] (-) TimerEvent: {}
[119.229661] (-) TimerEvent: {}
[119.330238] (-) TimerEvent: {}
[119.431124] (-) TimerEvent: {}
[119.531726] (-) TimerEvent: {}
[119.632343] (-) TimerEvent: {}
[119.733205] (-) TimerEvent: {}
[119.833800] (-) TimerEvent: {}
[119.934425] (-) TimerEvent: {}
[120.035183] (-) TimerEvent: {}
[120.135780] (-) TimerEvent: {}
[120.236356] (-) TimerEvent: {}
[120.336969] (-) TimerEvent: {}
[120.437547] (-) TimerEvent: {}
[120.538124] (-) TimerEvent: {}
[120.638695] (-) TimerEvent: {}
[120.739322] (-) TimerEvent: {}
[120.839871] (-) TimerEvent: {}
[120.940474] (-) TimerEvent: {}
[121.041051] (-) TimerEvent: {}
[121.141628] (-) TimerEvent: {}
[121.242208] (-) TimerEvent: {}
[121.342784] (-) TimerEvent: {}
[121.443497] (-) TimerEvent: {}
[121.544637] (-) TimerEvent: {}
[121.645699] (-) TimerEvent: {}
[121.746665] (-) TimerEvent: {}
[121.847666] (-) TimerEvent: {}
[121.948811] (-) TimerEvent: {}
[122.049732] (-) TimerEvent: {}
[122.150751] (-) TimerEvent: {}
[122.251773] (-) TimerEvent: {}
[122.352893] (-) TimerEvent: {}
[122.453869] (-) TimerEvent: {}
[122.554855] (-) TimerEvent: {}
[122.655840] (-) TimerEvent: {}
[122.756860] (-) TimerEvent: {}
[122.857840] (-) TimerEvent: {}
[122.958913] (-) TimerEvent: {}
[123.059965] (-) TimerEvent: {}
[123.161002] (-) TimerEvent: {}
[123.262059] (-) TimerEvent: {}
[123.363033] (-) TimerEvent: {}
[123.464118] (-) TimerEvent: {}
[123.565155] (-) TimerEvent: {}
[123.666134] (-) TimerEvent: {}
[123.767587] (-) TimerEvent: {}
[123.868582] (-) TimerEvent: {}
[123.969586] (-) TimerEvent: {}
[124.070838] (-) TimerEvent: {}
[124.171969] (-) TimerEvent: {}
[124.272999] (-) TimerEvent: {}
[124.374505] (-) TimerEvent: {}
[124.476088] (-) TimerEvent: {}
[124.577293] (-) TimerEvent: {}
[124.678749] (-) TimerEvent: {}
[124.779866] (-) TimerEvent: {}
[124.880953] (-) TimerEvent: {}
[124.982013] (-) TimerEvent: {}
[125.082947] (-) TimerEvent: {}
[125.184009] (-) TimerEvent: {}
[125.285045] (-) TimerEvent: {}
[125.386120] (-) TimerEvent: {}
[125.487108] (-) TimerEvent: {}
[125.588128] (-) TimerEvent: {}
[125.689157] (-) TimerEvent: {}
[125.790125] (-) TimerEvent: {}
[125.891100] (-) TimerEvent: {}
[125.992200] (-) TimerEvent: {}
[126.093152] (-) TimerEvent: {}
[126.194125] (-) TimerEvent: {}
[126.295107] (-) TimerEvent: {}
[126.396226] (-) TimerEvent: {}
[126.497229] (-) TimerEvent: {}
[126.598181] (-) TimerEvent: {}
[126.699149] (-) TimerEvent: {}
[126.800121] (-) TimerEvent: {}
[126.901103] (-) TimerEvent: {}
[127.002209] (-) TimerEvent: {}
[127.103103] (-) TimerEvent: {}
[127.204217] (-) TimerEvent: {}
[127.312777] (-) TimerEvent: {}
[127.413749] (-) TimerEvent: {}
[127.514730] (-) TimerEvent: {}
[127.615748] (-) TimerEvent: {}
[127.716820] (-) TimerEvent: {}
[127.817749] (-) TimerEvent: {}
[127.918751] (-) TimerEvent: {}
[128.019827] (-) TimerEvent: {}
[128.120854] (-) TimerEvent: {}
[128.221895] (-) TimerEvent: {}
[128.322945] (-) TimerEvent: {}
[128.423987] (-) TimerEvent: {}
[128.525164] (-) TimerEvent: {}
[128.626317] (-) TimerEvent: {}
[128.727318] (-) TimerEvent: {}
[128.828262] (-) TimerEvent: {}
[128.929431] (-) TimerEvent: {}
[129.030432] (-) TimerEvent: {}
[129.131381] (-) TimerEvent: {}
[129.232290] (-) TimerEvent: {}
[129.333422] (-) TimerEvent: {}
[129.434415] (-) TimerEvent: {}
[129.535417] (-) TimerEvent: {}
[129.636485] (-) TimerEvent: {}
[129.737599] (-) TimerEvent: {}
[129.838594] (-) TimerEvent: {}
[129.939521] (-) TimerEvent: {}
[130.040499] (-) TimerEvent: {}
[130.141609] (-) TimerEvent: {}
[130.243344] (-) TimerEvent: {}
[130.344421] (-) TimerEvent: {}
[130.446113] (-) TimerEvent: {}
[130.547253] (-) TimerEvent: {}
[130.648295] (-) TimerEvent: {}
[130.749592] (-) TimerEvent: {}
[130.850581] (-) TimerEvent: {}
[130.951592] (-) TimerEvent: {}
[131.053215] (-) TimerEvent: {}
[131.154195] (-) TimerEvent: {}
[131.255226] (-) TimerEvent: {}
[131.356179] (-) TimerEvent: {}
[131.457180] (-) TimerEvent: {}
[131.558141] (-) TimerEvent: {}
[131.659144] (-) TimerEvent: {}
[131.760187] (-) TimerEvent: {}
[131.861235] (-) TimerEvent: {}
[131.962215] (-) TimerEvent: {}
[132.063201] (-) TimerEvent: {}
[132.164130] (-) TimerEvent: {}
[132.265256] (-) TimerEvent: {}
[132.366328] (-) TimerEvent: {}
[132.467333] (-) TimerEvent: {}
[132.568450] (-) TimerEvent: {}
[132.669431] (-) TimerEvent: {}
[132.770440] (-) TimerEvent: {}
[132.871509] (-) TimerEvent: {}
[132.972518] (-) TimerEvent: {}
[133.073497] (-) TimerEvent: {}
[133.174422] (-) TimerEvent: {}
[133.275400] (-) TimerEvent: {}
[133.376446] (-) TimerEvent: {}
[133.477491] (-) TimerEvent: {}
[133.578463] (-) TimerEvent: {}
[133.679477] (-) TimerEvent: {}
[133.780530] (-) TimerEvent: {}
[133.881782] (-) TimerEvent: {}
[133.982860] (-) TimerEvent: {}
[134.083837] (-) TimerEvent: {}
[134.184824] (-) TimerEvent: {}
[134.285826] (-) TimerEvent: {}
[134.387315] (-) TimerEvent: {}
[134.488235] (-) TimerEvent: {}
[134.589776] (-) TimerEvent: {}
[134.690829] (-) TimerEvent: {}
[134.792360] (-) TimerEvent: {}
[134.893616] (-) TimerEvent: {}
[134.995242] (-) TimerEvent: {}
[135.096288] (-) TimerEvent: {}
[135.197383] (-) TimerEvent: {}
[135.298465] (-) TimerEvent: {}
[135.399540] (-) TimerEvent: {}
[135.500588] (-) TimerEvent: {}
[135.601536] (-) TimerEvent: {}
[135.702523] (-) TimerEvent: {}
[135.803523] (-) TimerEvent: {}
[135.904641] (-) TimerEvent: {}
[136.005646] (-) TimerEvent: {}
[136.106726] (-) TimerEvent: {}
[136.207736] (-) TimerEvent: {}
[136.308918] (-) TimerEvent: {}
[136.410002] (-) TimerEvent: {}
[136.510998] (-) TimerEvent: {}
[136.612029] (-) TimerEvent: {}
[136.713059] (-) TimerEvent: {}
[136.814005] (-) TimerEvent: {}
[136.914999] (-) TimerEvent: {}
[137.015995] (-) TimerEvent: {}
[137.117035] (-) TimerEvent: {}
[137.218082] (-) TimerEvent: {}
[137.319061] (-) TimerEvent: {}
[137.420046] (-) TimerEvent: {}
[137.521122] (-) TimerEvent: {}
[137.622107] (-) TimerEvent: {}
[137.723141] (-) TimerEvent: {}
[137.824132] (-) TimerEvent: {}
[137.925157] (-) TimerEvent: {}
[138.026251] (-) TimerEvent: {}
[138.127347] (-) TimerEvent: {}
[138.228346] (-) TimerEvent: {}
[138.329356] (-) TimerEvent: {}
[138.431002] (-) TimerEvent: {}
[138.532061] (-) TimerEvent: {}
[138.633094] (-) TimerEvent: {}
[138.734072] (-) TimerEvent: {}
[138.835058] (-) TimerEvent: {}
[138.936037] (-) TimerEvent: {}
[139.037287] (-) TimerEvent: {}
[139.138291] (-) TimerEvent: {}
[139.239599] (-) TimerEvent: {}
[139.340567] (-) TimerEvent: {}
[139.441483] (-) TimerEvent: {}
[139.542607] (-) TimerEvent: {}
[139.643587] (-) TimerEvent: {}
[139.744675] (-) TimerEvent: {}
[139.845649] (-) TimerEvent: {}
[139.946566] (-) TimerEvent: {}
[140.047525] (-) TimerEvent: {}
[140.148531] (-) TimerEvent: {}
[140.249481] (-) TimerEvent: {}
[140.350514] (-) TimerEvent: {}
[140.451411] (-) TimerEvent: {}
[140.552413] (-) TimerEvent: {}
[140.653381] (-) TimerEvent: {}
[140.754451] (-) TimerEvent: {}
[140.855508] (-) TimerEvent: {}
[140.956564] (-) TimerEvent: {}
[141.057514] (-) TimerEvent: {}
[141.158480] (-) TimerEvent: {}
[141.259691] (-) TimerEvent: {}
[141.360757] (-) TimerEvent: {}
[141.461718] (-) TimerEvent: {}
[141.562850] (-) TimerEvent: {}
[141.663854] (-) TimerEvent: {}
[141.764969] (-) TimerEvent: {}
[141.865954] (-) TimerEvent: {}
[141.966921] (-) TimerEvent: {}
[142.067878] (-) TimerEvent: {}
[142.168898] (-) TimerEvent: {}
[142.269975] (-) TimerEvent: {}
[142.371091] (-) TimerEvent: {}
[142.472006] (-) TimerEvent: {}
[142.573225] (-) TimerEvent: {}
[142.674331] (-) TimerEvent: {}
[142.775381] (-) TimerEvent: {}
[142.876358] (-) TimerEvent: {}
[142.977395] (-) TimerEvent: {}
[143.078352] (-) TimerEvent: {}
[143.179306] (-) TimerEvent: {}
[143.280279] (-) TimerEvent: {}
[143.381359] (-) TimerEvent: {}
[143.482425] (-) TimerEvent: {}
[143.583471] (-) TimerEvent: {}
[143.684567] (-) TimerEvent: {}
[143.785620] (-) TimerEvent: {}
[143.886679] (-) TimerEvent: {}
[143.987823] (-) TimerEvent: {}
[144.088936] (-) TimerEvent: {}
[144.189989] (-) TimerEvent: {}
[144.291107] (-) TimerEvent: {}
[144.392124] (-) TimerEvent: {}
[144.493111] (-) TimerEvent: {}
[144.594067] (-) TimerEvent: {}
[144.695089] (-) TimerEvent: {}
[144.796176] (-) TimerEvent: {}
[144.897292] (-) TimerEvent: {}
[144.998393] (-) TimerEvent: {}
[145.099783] (-) TimerEvent: {}
[145.200860] (-) TimerEvent: {}
[145.304869] (-) TimerEvent: {}
[145.409088] (-) TimerEvent: {}
[145.510139] (-) TimerEvent: {}
[145.610959] (-) TimerEvent: {}
[145.711801] (-) TimerEvent: {}
[145.812431] (-) TimerEvent: {}
[145.913256] (-) TimerEvent: {}
[146.013855] (-) TimerEvent: {}
[146.114679] (-) TimerEvent: {}
[146.215259] (-) TimerEvent: {}
[146.316095] (-) TimerEvent: {}
[146.416757] (-) TimerEvent: {}
[146.517376] (-) TimerEvent: {}
[146.617970] (-) TimerEvent: {}
[146.718544] (-) TimerEvent: {}
[146.819121] (-) TimerEvent: {}
[146.919700] (-) TimerEvent: {}
[147.020288] (-) TimerEvent: {}
[147.121133] (-) TimerEvent: {}
[147.221737] (-) TimerEvent: {}
[147.322319] (-) TimerEvent: {}
[147.423101] (-) TimerEvent: {}
[147.523703] (-) TimerEvent: {}
[147.624522] (-) TimerEvent: {}
[147.725230] (-) TimerEvent: {}
[147.825813] (-) TimerEvent: {}
[147.926381] (-) TimerEvent: {}
[148.026960] (-) TimerEvent: {}
[148.127544] (-) TimerEvent: {}
[148.228123] (-) TimerEvent: {}
[148.329164] (-) TimerEvent: {}
[148.429806] (-) TimerEvent: {}
[148.530390] (-) TimerEvent: {}
[148.631276] (-) TimerEvent: {}
[148.731879] (-) TimerEvent: {}
[148.832840] (-) TimerEvent: {}
[148.933448] (-) TimerEvent: {}
[149.034302] (-) TimerEvent: {}
[149.134909] (-) TimerEvent: {}
[149.235662] (-) TimerEvent: {}
[149.336349] (-) TimerEvent: {}
[149.437567] (-) TimerEvent: {}
[149.538568] (-) TimerEvent: {}
[149.639431] (-) TimerEvent: {}
[149.740337] (-) TimerEvent: {}
[149.841213] (-) TimerEvent: {}
[149.942084] (-) TimerEvent: {}
[150.042952] (-) TimerEvent: {}
[150.143796] (-) TimerEvent: {}
[150.244759] (-) TimerEvent: {}
[150.345860] (-) TimerEvent: {}
[150.446948] (-) TimerEvent: {}
[150.547884] (-) TimerEvent: {}
[150.649320] (-) TimerEvent: {}
[150.750294] (-) TimerEvent: {}
[150.851374] (-) TimerEvent: {}
[150.952535] (-) TimerEvent: {}
[151.053518] (-) TimerEvent: {}
[151.154511] (-) TimerEvent: {}
[151.255494] (-) TimerEvent: {}
[151.356591] (-) TimerEvent: {}
[151.457638] (-) TimerEvent: {}
[151.558620] (-) TimerEvent: {}
[151.660273] (-) TimerEvent: {}
[151.761395] (-) TimerEvent: {}
[151.862846] (-) TimerEvent: {}
[151.964349] (-) TimerEvent: {}
[152.065485] (-) TimerEvent: {}
[152.167326] (-) TimerEvent: {}
[152.268860] (-) TimerEvent: {}
[152.370405] (-) TimerEvent: {}
[152.471530] (-) TimerEvent: {}
[152.572601] (-) TimerEvent: {}
[152.673506] (-) TimerEvent: {}
[152.774500] (-) TimerEvent: {}
[152.876015] (-) TimerEvent: {}
[152.977076] (-) TimerEvent: {}
[153.078508] (-) TimerEvent: {}
[153.179623] (-) TimerEvent: {}
[153.281081] (-) TimerEvent: {}
[153.382215] (-) TimerEvent: {}
[153.483633] (-) TimerEvent: {}
[153.584727] (-) TimerEvent: {}
[153.685789] (-) TimerEvent: {}
[153.786861] (-) TimerEvent: {}
[153.887971] (-) TimerEvent: {}
[153.989126] (-) TimerEvent: {}
[154.090135] (-) TimerEvent: {}
[154.191206] (-) TimerEvent: {}
[154.292178] (-) TimerEvent: {}
[154.393258] (-) TimerEvent: {}
[154.494325] (-) TimerEvent: {}
[154.595943] (-) TimerEvent: {}
[154.697386] (-) TimerEvent: {}
[154.798423] (-) TimerEvent: {}
[154.899473] (-) TimerEvent: {}
[155.000590] (-) TimerEvent: {}
[155.101673] (-) TimerEvent: {}
[155.202743] (-) TimerEvent: {}
[155.303817] (-) TimerEvent: {}
[155.404917] (-) TimerEvent: {}
[155.505964] (-) TimerEvent: {}
[155.607011] (-) TimerEvent: {}
[155.708083] (-) TimerEvent: {}
[155.809185] (-) TimerEvent: {}
[155.910248] (-) TimerEvent: {}
[156.011383] (-) TimerEvent: {}
[156.112528] (-) TimerEvent: {}
[156.213676] (-) TimerEvent: {}
[156.314838] (-) TimerEvent: {}
[156.416015] (-) TimerEvent: {}
[156.517143] (-) TimerEvent: {}
[156.618045] (-) TimerEvent: {}
[156.719370] (-) TimerEvent: {}
[156.820579] (-) TimerEvent: {}
[156.921615] (-) TimerEvent: {}
[157.022746] (-) TimerEvent: {}
[157.123915] (-) TimerEvent: {}
[157.225047] (-) TimerEvent: {}
[157.326061] (-) TimerEvent: {}
[157.427049] (-) TimerEvent: {}
[157.528068] (-) TimerEvent: {}
[157.629324] (-) TimerEvent: {}
[157.730334] (-) TimerEvent: {}
[157.831459] (-) TimerEvent: {}
[157.932533] (-) TimerEvent: {}
[158.033721] (-) TimerEvent: {}
[158.134855] (-) TimerEvent: {}
[158.235864] (-) TimerEvent: {}
[158.336979] (-) TimerEvent: {}
[158.437958] (-) TimerEvent: {}
[158.538949] (-) TimerEvent: {}
[158.639980] (-) TimerEvent: {}
[158.741027] (-) TimerEvent: {}
[158.842042] (-) TimerEvent: {}
[158.943062] (-) TimerEvent: {}
[159.044148] (-) TimerEvent: {}
[159.145327] (-) TimerEvent: {}
[159.246451] (-) TimerEvent: {}
[159.347544] (-) TimerEvent: {}
[159.448637] (-) TimerEvent: {}
[159.550747] (-) TimerEvent: {}
[159.651838] (-) TimerEvent: {}
[159.752917] (-) TimerEvent: {}
[159.853907] (-) TimerEvent: {}
[159.955013] (-) TimerEvent: {}
[160.056074] (-) TimerEvent: {}
[160.157176] (-) TimerEvent: {}
[160.258224] (-) TimerEvent: {}
[160.359165] (-) TimerEvent: {}
[160.460136] (-) TimerEvent: {}
[160.561318] (-) TimerEvent: {}
[160.662453] (-) TimerEvent: {}
[160.763453] (-) TimerEvent: {}
[160.864334] (-) TimerEvent: {}
[160.965489] (-) TimerEvent: {}
[161.066624] (-) TimerEvent: {}
[161.167627] (-) TimerEvent: {}
[161.268588] (-) TimerEvent: {}
[161.369669] (-) TimerEvent: {}
[161.470670] (-) TimerEvent: {}
[161.571635] (-) TimerEvent: {}
[161.672764] (-) TimerEvent: {}
[161.773760] (-) TimerEvent: {}
[161.874757] (-) TimerEvent: {}
[161.975799] (-) TimerEvent: {}
[162.076913] (-) TimerEvent: {}
[162.178006] (-) TimerEvent: {}
[162.279022] (-) TimerEvent: {}
[162.380060] (-) TimerEvent: {}
[162.481141] (-) TimerEvent: {}
[162.582177] (-) TimerEvent: {}
[162.683219] (-) TimerEvent: {}
[162.784157] (-) TimerEvent: {}
[162.885079] (-) TimerEvent: {}
[162.986042] (-) TimerEvent: {}
[163.087075] (-) TimerEvent: {}
[163.188077] (-) TimerEvent: {}
[163.289100] (-) TimerEvent: {}
[163.390108] (-) TimerEvent: {}
[163.491096] (-) TimerEvent: {}
[163.592092] (-) TimerEvent: {}
[163.693122] (-) TimerEvent: {}
[163.794320] (-) TimerEvent: {}
[163.895263] (-) TimerEvent: {}
[163.996257] (-) TimerEvent: {}
[164.097263] (-) TimerEvent: {}
[164.198235] (-) TimerEvent: {}
[164.299205] (-) TimerEvent: {}
[164.400207] (-) TimerEvent: {}
[164.501234] (-) TimerEvent: {}
[164.602182] (-) TimerEvent: {}
[164.703178] (-) TimerEvent: {}
[164.804208] (-) TimerEvent: {}
[164.905154] (-) TimerEvent: {}
[165.006175] (-) TimerEvent: {}
[165.107234] (-) TimerEvent: {}
[165.208220] (-) TimerEvent: {}
[165.309319] (-) TimerEvent: {}
[165.410393] (-) TimerEvent: {}
[165.511412] (-) TimerEvent: {}
[165.612237] (-) TimerEvent: {}
[165.713253] (-) TimerEvent: {}
[165.814222] (-) TimerEvent: {}
[165.915160] (-) TimerEvent: {}
[166.016148] (-) TimerEvent: {}
[166.117274] (-) TimerEvent: {}
[166.218264] (-) TimerEvent: {}
[166.319111] (-) TimerEvent: {}
[166.420545] (-) TimerEvent: {}
[166.521529] (-) TimerEvent: {}
[166.622921] (-) TimerEvent: {}
[166.723933] (-) TimerEvent: {}
[166.825071] (-) TimerEvent: {}
[166.926044] (-) TimerEvent: {}
[167.027001] (-) TimerEvent: {}
[167.127928] (-) TimerEvent: {}
[167.228890] (-) TimerEvent: {}
[167.329846] (-) TimerEvent: {}
[167.430814] (-) TimerEvent: {}
[167.531767] (-) TimerEvent: {}
[167.632811] (-) TimerEvent: {}
[167.733819] (-) TimerEvent: {}
[167.835059] (-) TimerEvent: {}
[167.936081] (-) TimerEvent: {}
[168.037054] (-) TimerEvent: {}
[168.138122] (-) TimerEvent: {}
[168.239271] (-) TimerEvent: {}
[168.340331] (-) TimerEvent: {}
[168.441495] (-) TimerEvent: {}
[168.542594] (-) TimerEvent: {}
[168.643591] (-) TimerEvent: {}
[168.744596] (-) TimerEvent: {}
[168.845667] (-) TimerEvent: {}
[168.946729] (-) TimerEvent: {}
[169.048207] (-) TimerEvent: {}
[169.152194] (-) TimerEvent: {}
[169.253901] (-) TimerEvent: {}
[169.354858] (-) TimerEvent: {}
[169.455825] (-) TimerEvent: {}
[169.556847] (-) TimerEvent: {}
[169.658259] (-) TimerEvent: {}
[169.759285] (-) TimerEvent: {}
[169.860327] (-) TimerEvent: {}
[169.961984] (-) TimerEvent: {}
[170.063001] (-) TimerEvent: {}
[170.164593] (-) TimerEvent: {}
[170.265846] (-) TimerEvent: {}
[170.367479] (-) TimerEvent: {}
[170.468575] (-) TimerEvent: {}
[170.569674] (-) TimerEvent: {}
[170.670660] (-) TimerEvent: {}
[170.771609] (-) TimerEvent: {}
[170.872660] (-) TimerEvent: {}
[170.973773] (-) TimerEvent: {}
[171.074758] (-) TimerEvent: {}
[171.175850] (-) TimerEvent: {}
[171.276843] (-) TimerEvent: {}
[171.377991] (-) TimerEvent: {}
[171.479089] (-) TimerEvent: {}
[171.580073] (-) TimerEvent: {}
[171.681204] (-) TimerEvent: {}
[171.782163] (-) TimerEvent: {}
[171.883216] (-) TimerEvent: {}
[171.984353] (-) TimerEvent: {}
[172.085257] (-) TimerEvent: {}
[172.186294] (-) TimerEvent: {}
[172.287365] (-) TimerEvent: {}
[172.388317] (-) TimerEvent: {}
[172.489368] (-) TimerEvent: {}
[172.590326] (-) TimerEvent: {}
[172.691298] (-) TimerEvent: {}
[172.792238] (-) TimerEvent: {}
[172.893239] (-) TimerEvent: {}
[172.994277] (-) TimerEvent: {}
[173.095226] (-) TimerEvent: {}
[173.196367] (-) TimerEvent: {}
[173.297545] (-) TimerEvent: {}
[173.398734] (-) TimerEvent: {}
[173.499781] (-) TimerEvent: {}
[173.601001] (-) TimerEvent: {}
[173.701986] (-) TimerEvent: {}
[173.803009] (-) TimerEvent: {}
[173.904124] (-) TimerEvent: {}
[174.005275] (-) TimerEvent: {}
[174.106264] (-) TimerEvent: {}
[174.207259] (-) TimerEvent: {}
[174.308363] (-) TimerEvent: {}
[174.411323] (-) TimerEvent: {}
[174.512441] (-) TimerEvent: {}
[174.613469] (-) TimerEvent: {}
[174.714557] (-) TimerEvent: {}
[174.815653] (-) TimerEvent: {}
[174.916603] (-) TimerEvent: {}
[175.017613] (-) TimerEvent: {}
[175.118604] (-) TimerEvent: {}
[175.219700] (-) TimerEvent: {}
[175.320880] (-) TimerEvent: {}
[175.421926] (-) TimerEvent: {}
[175.523013] (-) TimerEvent: {}
[175.624099] (-) TimerEvent: {}
[175.725117] (-) TimerEvent: {}
[175.826097] (-) TimerEvent: {}
[175.927092] (-) TimerEvent: {}
[176.028149] (-) TimerEvent: {}
[176.129253] (-) TimerEvent: {}
[176.230305] (-) TimerEvent: {}
[176.331299] (-) TimerEvent: {}
[176.432317] (-) TimerEvent: {}
[176.533553] (-) TimerEvent: {}
[176.634655] (-) TimerEvent: {}
[176.735729] (-) TimerEvent: {}
[176.836909] (-) TimerEvent: {}
[176.937959] (-) TimerEvent: {}
[177.039100] (-) TimerEvent: {}
[177.140218] (-) TimerEvent: {}
[177.241344] (-) TimerEvent: {}
[177.342496] (-) TimerEvent: {}
[177.444051] (-) TimerEvent: {}
[177.545264] (-) TimerEvent: {}
[177.646394] (-) TimerEvent: {}
[177.747865] (-) TimerEvent: {}
[177.848950] (-) TimerEvent: {}
[177.950677] (-) TimerEvent: {}
[178.051788] (-) TimerEvent: {}
[178.153330] (-) TimerEvent: {}
[178.254473] (-) TimerEvent: {}
[178.356097] (-) TimerEvent: {}
[178.457289] (-) TimerEvent: {}
[178.558509] (-) TimerEvent: {}
[178.659590] (-) TimerEvent: {}
[178.760587] (-) TimerEvent: {}
[178.861556] (-) TimerEvent: {}
[178.962605] (-) TimerEvent: {}
[179.063600] (-) TimerEvent: {}
[179.164589] (-) TimerEvent: {}
[179.265919] (-) TimerEvent: {}
[179.367087] (-) TimerEvent: {}
[179.468715] (-) TimerEvent: {}
[179.569755] (-) TimerEvent: {}
[179.671155] (-) TimerEvent: {}
[179.772173] (-) TimerEvent: {}
[179.873332] (-) TimerEvent: {}
[179.974500] (-) TimerEvent: {}
[180.075576] (-) TimerEvent: {}
[180.176587] (-) TimerEvent: {}
[180.277502] (-) TimerEvent: {}
[180.378498] (-) TimerEvent: {}
[180.479514] (-) TimerEvent: {}
[180.580608] (-) TimerEvent: {}
[180.681713] (-) TimerEvent: {}
[180.782705] (-) TimerEvent: {}
[180.883704] (-) TimerEvent: {}
[180.984761] (-) TimerEvent: {}
[181.085868] (-) TimerEvent: {}
[181.186932] (-) TimerEvent: {}
[181.287865] (-) TimerEvent: {}
[181.388929] (-) TimerEvent: {}
[181.490019] (-) TimerEvent: {}
[181.591022] (-) TimerEvent: {}
[181.692031] (-) TimerEvent: {}
[181.793082] (-) TimerEvent: {}
[181.894086] (-) TimerEvent: {}
[181.995090] (-) TimerEvent: {}
[182.096078] (-) TimerEvent: {}
[182.197235] (-) TimerEvent: {}
[182.298322] (-) TimerEvent: {}
[182.399403] (-) TimerEvent: {}
[182.500473] (-) TimerEvent: {}
[182.601449] (-) TimerEvent: {}
[182.702596] (-) TimerEvent: {}
[182.803562] (-) TimerEvent: {}
[182.904598] (-) TimerEvent: {}
[183.005585] (-) TimerEvent: {}
[183.107313] (-) TimerEvent: {}
[183.208494] (-) TimerEvent: {}
[183.309579] (-) TimerEvent: {}
[183.410792] (-) TimerEvent: {}
[183.511865] (-) TimerEvent: {}
[183.613177] (-) TimerEvent: {}
[183.714448] (-) TimerEvent: {}
[183.815496] (-) TimerEvent: {}
[183.916568] (-) TimerEvent: {}
[184.017542] (-) TimerEvent: {}
[184.118667] (-) TimerEvent: {}
[184.219711] (-) TimerEvent: {}
[184.320699] (-) TimerEvent: {}
[184.421709] (-) TimerEvent: {}
[184.522953] (-) TimerEvent: {}
[184.623899] (-) TimerEvent: {}
[184.724911] (-) TimerEvent: {}
[184.825863] (-) TimerEvent: {}
[184.926960] (-) TimerEvent: {}
[185.028051] (-) TimerEvent: {}
[185.129069] (-) TimerEvent: {}
[185.230116] (-) TimerEvent: {}
[185.331024] (-) TimerEvent: {}
[185.432475] (-) TimerEvent: {}
[185.533531] (-) TimerEvent: {}
[185.635056] (-) TimerEvent: {}
[185.736566] (-) TimerEvent: {}
[185.838109] (-) TimerEvent: {}
[185.939169] (-) TimerEvent: {}
[186.040830] (-) TimerEvent: {}
[186.142817] (-) TimerEvent: {}
[186.244462] (-) TimerEvent: {}
[186.345938] (-) TimerEvent: {}
[186.447447] (-) TimerEvent: {}
[186.549263] (-) TimerEvent: {}
[186.650862] (-) TimerEvent: {}
[186.752361] (-) TimerEvent: {}
[186.853340] (-) TimerEvent: {}
[186.954402] (-) TimerEvent: {}
[187.055848] (-) TimerEvent: {}
[187.157349] (-) TimerEvent: {}
[187.258524] (-) TimerEvent: {}
[187.359947] (-) TimerEvent: {}
[187.461031] (-) TimerEvent: {}
[187.562037] (-) TimerEvent: {}
[187.663038] (-) TimerEvent: {}
[187.764047] (-) TimerEvent: {}
[187.865072] (-) TimerEvent: {}
[187.966048] (-) TimerEvent: {}
[188.067047] (-) TimerEvent: {}
[188.168018] (-) TimerEvent: {}
[188.269037] (-) TimerEvent: {}
[188.370060] (-) TimerEvent: {}
[188.471420] (-) TimerEvent: {}
[188.572519] (-) TimerEvent: {}
[188.673964] (-) TimerEvent: {}
[188.774930] (-) TimerEvent: {}
[188.875899] (-) TimerEvent: {}
[188.976945] (-) TimerEvent: {}
[189.078381] (-) TimerEvent: {}
[189.179431] (-) TimerEvent: {}
[189.280894] (-) TimerEvent: {}
[189.382447] (-) TimerEvent: {}
[189.483427] (-) TimerEvent: {}
[189.584975] (-) TimerEvent: {}
[189.686143] (-) TimerEvent: {}
[189.787869] (-) TimerEvent: {}
[189.889547] (-) TimerEvent: {}
[189.990664] (-) TimerEvent: {}
[190.091669] (-) TimerEvent: {}
[190.192972] (-) TimerEvent: {}
[190.294072] (-) TimerEvent: {}
[190.395160] (-) TimerEvent: {}
[190.496109] (-) TimerEvent: {}
[190.597367] (-) TimerEvent: {}
[190.698379] (-) TimerEvent: {}
[190.799442] (-) TimerEvent: {}
[190.900555] (-) TimerEvent: {}
[191.001695] (-) TimerEvent: {}
[191.102643] (-) TimerEvent: {}
[191.203641] (-) TimerEvent: {}
[191.304599] (-) TimerEvent: {}
[191.405599] (-) TimerEvent: {}
[191.506546] (-) TimerEvent: {}
[191.607457] (-) TimerEvent: {}
[191.708483] (-) TimerEvent: {}
[191.809476] (-) TimerEvent: {}
[191.910501] (-) TimerEvent: {}
[192.011503] (-) TimerEvent: {}
[192.112523] (-) TimerEvent: {}
[192.213541] (-) TimerEvent: {}
[192.314537] (-) TimerEvent: {}
[192.415493] (-) TimerEvent: {}
[192.516512] (-) TimerEvent: {}
[192.617561] (-) TimerEvent: {}
[192.718587] (-) TimerEvent: {}
[192.819597] (-) TimerEvent: {}
[192.920605] (-) TimerEvent: {}
[193.021616] (-) TimerEvent: {}
[193.122641] (-) TimerEvent: {}
[193.223671] (-) TimerEvent: {}
[193.324682] (-) TimerEvent: {}
[193.425748] (-) TimerEvent: {}
[193.526692] (-) TimerEvent: {}
[193.627698] (-) TimerEvent: {}
[193.728764] (-) TimerEvent: {}
[193.829828] (-) TimerEvent: {}
[193.930910] (-) TimerEvent: {}
[194.031889] (-) TimerEvent: {}
[194.132892] (-) TimerEvent: {}
[194.233875] (-) TimerEvent: {}
[194.334923] (-) TimerEvent: {}
[194.435983] (-) TimerEvent: {}
[194.536981] (-) TimerEvent: {}
[194.637971] (-) TimerEvent: {}
[194.738981] (-) TimerEvent: {}
[194.839966] (-) TimerEvent: {}
[194.941035] (-) TimerEvent: {}
[195.042044] (-) TimerEvent: {}
[195.143019] (-) TimerEvent: {}
[195.244028] (-) TimerEvent: {}
[195.345130] (-) TimerEvent: {}
[195.446386] (-) TimerEvent: {}
[195.547371] (-) TimerEvent: {}
[195.648493] (-) TimerEvent: {}
[195.749442] (-) TimerEvent: {}
[195.850443] (-) TimerEvent: {}
[195.951440] (-) TimerEvent: {}
[196.052502] (-) TimerEvent: {}
[196.153589] (-) TimerEvent: {}
[196.254762] (-) TimerEvent: {}
[196.355902] (-) TimerEvent: {}
[196.457018] (-) TimerEvent: {}
[196.558029] (-) TimerEvent: {}
[196.658973] (-) TimerEvent: {}
[196.759946] (-) TimerEvent: {}
[196.860983] (-) TimerEvent: {}
[196.961981] (-) TimerEvent: {}
[197.062900] (-) TimerEvent: {}
[197.163824] (-) TimerEvent: {}
[197.264849] (-) TimerEvent: {}
[197.365762] (-) TimerEvent: {}
[197.466774] (-) TimerEvent: {}
[197.567794] (-) TimerEvent: {}
[197.668775] (-) TimerEvent: {}
[197.769728] (-) TimerEvent: {}
[197.870747] (-) TimerEvent: {}
[197.971821] (-) TimerEvent: {}
[198.072823] (-) TimerEvent: {}
[198.173807] (-) TimerEvent: {}
[198.274766] (-) TimerEvent: {}
[198.375727] (-) TimerEvent: {}
[198.476753] (-) TimerEvent: {}
[198.577776] (-) TimerEvent: {}
[198.678698] (-) TimerEvent: {}
[198.779650] (-) TimerEvent: {}
[198.880598] (-) TimerEvent: {}
[198.981573] (-) TimerEvent: {}
[199.082563] (-) TimerEvent: {}
[199.183516] (-) TimerEvent: {}
[199.284519] (-) TimerEvent: {}
[199.385465] (-) TimerEvent: {}
[199.486459] (-) TimerEvent: {}
[199.587492] (-) TimerEvent: {}
[199.688464] (-) TimerEvent: {}
[199.789452] (-) TimerEvent: {}
[199.890446] (-) TimerEvent: {}
[199.991485] (-) TimerEvent: {}
[200.092608] (-) TimerEvent: {}
[200.193702] (-) TimerEvent: {}
[200.294718] (-) TimerEvent: {}
[200.395761] (-) TimerEvent: {}
[200.496792] (-) TimerEvent: {}
[200.597886] (-) TimerEvent: {}
[200.698885] (-) TimerEvent: {}
[200.799937] (-) TimerEvent: {}
[200.901012] (-) TimerEvent: {}
[201.002105] (-) TimerEvent: {}
[201.103231] (-) TimerEvent: {}
[201.204269] (-) TimerEvent: {}
[201.305409] (-) TimerEvent: {}
[201.406465] (-) TimerEvent: {}
[201.507550] (-) TimerEvent: {}
[201.608653] (-) TimerEvent: {}
[201.709676] (-) TimerEvent: {}
[201.810799] (-) TimerEvent: {}
[201.911818] (-) TimerEvent: {}
[202.013044] (-) TimerEvent: {}
[202.114182] (-) TimerEvent: {}
[202.215244] (-) TimerEvent: {}
[202.316364] (-) TimerEvent: {}
[202.417435] (-) TimerEvent: {}
[202.518637] (-) TimerEvent: {}
[202.619684] (-) TimerEvent: {}
[202.720710] (-) TimerEvent: {}
[202.821790] (-) TimerEvent: {}
[202.922781] (-) TimerEvent: {}
[203.023784] (-) TimerEvent: {}
[203.124850] (-) TimerEvent: {}
[203.225839] (-) TimerEvent: {}
[203.326841] (-) TimerEvent: {}
[203.427880] (-) TimerEvent: {}
[203.528956] (-) TimerEvent: {}
[203.630056] (-) TimerEvent: {}
[203.731050] (-) TimerEvent: {}
[203.832105] (-) TimerEvent: {}
[203.933232] (-) TimerEvent: {}
[204.034339] (-) TimerEvent: {}
[204.135349] (-) TimerEvent: {}
[204.236351] (-) TimerEvent: {}
[204.337347] (-) TimerEvent: {}
[204.438300] (-) TimerEvent: {}
[204.539965] (-) TimerEvent: {}
[204.641498] (-) TimerEvent: {}
[204.742523] (-) TimerEvent: {}
[204.843488] (-) TimerEvent: {}
[204.944558] (-) TimerEvent: {}
[205.045573] (-) TimerEvent: {}
[205.146632] (-) TimerEvent: {}
[205.247613] (-) TimerEvent: {}
[205.348610] (-) TimerEvent: {}
[205.449589] (-) TimerEvent: {}
[205.551291] (-) TimerEvent: {}
[205.652343] (-) TimerEvent: {}
[205.753557] (-) TimerEvent: {}
[205.854560] (-) TimerEvent: {}
[205.955601] (-) TimerEvent: {}
[206.056725] (-) TimerEvent: {}
[206.157785] (-) TimerEvent: {}
[206.258771] (-) TimerEvent: {}
[206.359756] (-) TimerEvent: {}
[206.460806] (-) TimerEvent: {}
[206.561784] (-) TimerEvent: {}
[206.662835] (-) TimerEvent: {}
[206.763859] (-) TimerEvent: {}
[206.864842] (-) TimerEvent: {}
[206.965933] (-) TimerEvent: {}
[207.066957] (-) TimerEvent: {}
[207.167959] (-) TimerEvent: {}
[207.268993] (-) TimerEvent: {}
[207.369985] (-) TimerEvent: {}
[207.470996] (-) TimerEvent: {}
[207.571980] (-) TimerEvent: {}
[207.673070] (-) TimerEvent: {}
[207.774092] (-) TimerEvent: {}
[207.875094] (-) TimerEvent: {}
[207.976172] (-) TimerEvent: {}
[208.077410] (-) TimerEvent: {}
[208.178427] (-) TimerEvent: {}
[208.279678] (-) TimerEvent: {}
[208.380867] (-) TimerEvent: {}
[208.482000] (-) TimerEvent: {}
[208.583144] (-) TimerEvent: {}
[208.684181] (-) TimerEvent: {}
[208.785218] (-) TimerEvent: {}
[208.886239] (-) TimerEvent: {}
[208.987288] (-) TimerEvent: {}
[209.088414] (-) TimerEvent: {}
[209.189498] (-) TimerEvent: {}
[209.290644] (-) TimerEvent: {}
[209.392008] (-) TimerEvent: {}
[209.493246] (-) TimerEvent: {}
[209.594419] (-) TimerEvent: {}
[209.695557] (-) TimerEvent: {}
[209.796605] (-) TimerEvent: {}
[209.897588] (-) TimerEvent: {}
[209.998666] (-) TimerEvent: {}
[210.100332] (-) TimerEvent: {}
[210.202039] (-) TimerEvent: {}
[210.303083] (-) TimerEvent: {}
[210.404176] (-) TimerEvent: {}
[210.505587] (-) TimerEvent: {}
[210.606743] (-) TimerEvent: {}
[210.708045] (-) TimerEvent: {}
[210.809156] (-) TimerEvent: {}
[210.910079] (-) TimerEvent: {}
[211.011144] (-) TimerEvent: {}
[211.112155] (-) TimerEvent: {}
[211.213283] (-) TimerEvent: {}
[211.314271] (-) TimerEvent: {}
[211.415262] (-) TimerEvent: {}
[211.516283] (-) TimerEvent: {}
[211.617801] (-) TimerEvent: {}
[211.718848] (-) TimerEvent: {}
[211.820047] (-) TimerEvent: {}
[211.921038] (-) TimerEvent: {}
[212.022045] (-) TimerEvent: {}
[212.123063] (-) TimerEvent: {}
[212.224072] (-) TimerEvent: {}
[212.325124] (-) TimerEvent: {}
[212.426152] (-) TimerEvent: {}
[212.527166] (-) TimerEvent: {}
[212.628123] (-) TimerEvent: {}
[212.729161] (-) TimerEvent: {}
[212.830197] (-) TimerEvent: {}
[212.931181] (-) TimerEvent: {}
[213.032164] (-) TimerEvent: {}
[213.133222] (-) TimerEvent: {}
[213.234212] (-) TimerEvent: {}
[213.335202] (-) TimerEvent: {}
[213.436337] (-) TimerEvent: {}
[213.537385] (-) TimerEvent: {}
[213.638384] (-) TimerEvent: {}
[213.739484] (-) TimerEvent: {}
[213.840544] (-) TimerEvent: {}
[213.941486] (-) TimerEvent: {}
[214.042486] (-) TimerEvent: {}
[214.143488] (-) TimerEvent: {}
[214.244553] (-) TimerEvent: {}
[214.345536] (-) TimerEvent: {}
[214.446577] (-) TimerEvent: {}
[214.547612] (-) TimerEvent: {}
[214.648942] (-) TimerEvent: {}
[214.750066] (-) TimerEvent: {}
[214.851735] (-) TimerEvent: {}
[214.952811] (-) TimerEvent: {}
[215.054364] (-) TimerEvent: {}
[215.155422] (-) TimerEvent: {}
[215.256871] (-) TimerEvent: {}
[215.357963] (-) TimerEvent: {}
[215.459024] (-) TimerEvent: {}
[215.560090] (-) TimerEvent: {}
[215.661397] (-) TimerEvent: {}
[215.762550] (-) TimerEvent: {}
[215.863642] (-) TimerEvent: {}
[215.964708] (-) TimerEvent: {}
[216.065716] (-) TimerEvent: {}
[216.166723] (-) TimerEvent: {}
[216.267837] (-) TimerEvent: {}
[216.368973] (-) TimerEvent: {}
[216.470069] (-) TimerEvent: {}
[216.571074] (-) TimerEvent: {}
[216.672094] (-) TimerEvent: {}
[216.773246] (-) TimerEvent: {}
[216.874279] (-) TimerEvent: {}
[216.975349] (-) TimerEvent: {}
[217.076447] (-) TimerEvent: {}
[217.177469] (-) TimerEvent: {}
[217.278556] (-) TimerEvent: {}
[217.379583] (-) TimerEvent: {}
[217.480650] (-) TimerEvent: {}
[217.581737] (-) TimerEvent: {}
[217.682735] (-) TimerEvent: {}
[217.784334] (-) TimerEvent: {}
[217.885328] (-) TimerEvent: {}
[217.986419] (-) TimerEvent: {}
[218.088296] (-) TimerEvent: {}
[218.189600] (-) TimerEvent: {}
[218.290703] (-) TimerEvent: {}
[218.392367] (-) TimerEvent: {}
[218.493469] (-) TimerEvent: {}
[218.594943] (-) TimerEvent: {}
[218.696183] (-) TimerEvent: {}
[218.797651] (-) TimerEvent: {}
[218.898735] (-) TimerEvent: {}
[219.000000] (-) TimerEvent: {}
[219.101041] (-) TimerEvent: {}
[219.202109] (-) TimerEvent: {}
[219.303154] (-) TimerEvent: {}
[219.404199] (-) TimerEvent: {}
[219.505316] (-) TimerEvent: {}
[219.606401] (-) TimerEvent: {}
[219.707471] (-) TimerEvent: {}
[219.808578] (-) TimerEvent: {}
[219.909627] (-) TimerEvent: {}
[220.010681] (-) TimerEvent: {}
[220.111755] (-) TimerEvent: {}
[220.212811] (-) TimerEvent: {}
[220.313820] (-) TimerEvent: {}
[220.414833] (-) TimerEvent: {}
[220.515828] (-) TimerEvent: {}
[220.616827] (-) TimerEvent: {}
[220.717847] (-) TimerEvent: {}
[220.818860] (-) TimerEvent: {}
[220.919844] (-) TimerEvent: {}
[221.021069] (-) TimerEvent: {}
[221.122002] (-) TimerEvent: {}
[221.223003] (-) TimerEvent: {}
[221.323977] (-) TimerEvent: {}
[221.425452] (-) TimerEvent: {}
[221.526491] (-) TimerEvent: {}
[221.627936] (-) TimerEvent: {}
[221.728967] (-) TimerEvent: {}
[221.830008] (-) TimerEvent: {}
[221.931057] (-) TimerEvent: {}
[222.032139] (-) TimerEvent: {}
[222.133097] (-) TimerEvent: {}
[222.234638] (-) TimerEvent: {}
[222.335680] (-) TimerEvent: {}
[222.436808] (-) TimerEvent: {}
[222.537885] (-) TimerEvent: {}
[222.638932] (-) TimerEvent: {}
[222.740014] (-) TimerEvent: {}
[222.841172] (-) TimerEvent: {}
[222.942428] (-) TimerEvent: {}
[223.043621] (-) TimerEvent: {}
[223.144624] (-) TimerEvent: {}
[223.245695] (-) TimerEvent: {}
[223.346778] (-) TimerEvent: {}
[223.447852] (-) TimerEvent: {}
[223.548919] (-) TimerEvent: {}
[223.649978] (-) TimerEvent: {}
[223.750995] (-) TimerEvent: {}
[223.852100] (-) TimerEvent: {}
[223.953597] (-) TimerEvent: {}
[224.054629] (-) TimerEvent: {}
[224.156109] (-) TimerEvent: {}
[224.257188] (-) TimerEvent: {}
[224.358617] (-) TimerEvent: {}
[224.459654] (-) TimerEvent: {}
[224.560605] (-) TimerEvent: {}
[224.661493] (-) TimerEvent: {}
[224.762469] (-) TimerEvent: {}
[224.863482] (-) TimerEvent: {}
[224.964508] (-) TimerEvent: {}
[225.065507] (-) TimerEvent: {}
[225.166494] (-) TimerEvent: {}
[225.267504] (-) TimerEvent: {}
[225.368588] (-) TimerEvent: {}
[225.469581] (-) TimerEvent: {}
[225.570618] (-) TimerEvent: {}
[225.671620] (-) TimerEvent: {}
[225.772601] (-) TimerEvent: {}
[225.873577] (-) TimerEvent: {}
[225.974576] (-) TimerEvent: {}
[226.075559] (-) TimerEvent: {}
[226.176582] (-) TimerEvent: {}
[226.277553] (-) TimerEvent: {}
[226.378546] (-) TimerEvent: {}
[226.479519] (-) TimerEvent: {}
[226.580589] (-) TimerEvent: {}
[226.681632] (-) TimerEvent: {}
[226.782691] (-) TimerEvent: {}
[226.884059] (-) TimerEvent: {}
[226.985166] (-) TimerEvent: {}
[227.086296] (-) TimerEvent: {}
[227.187286] (-) TimerEvent: {}
[227.288221] (-) TimerEvent: {}
[227.389334] (-) TimerEvent: {}
[227.490290] (-) TimerEvent: {}
[227.591374] (-) TimerEvent: {}
[227.692366] (-) TimerEvent: {}
[227.793822] (-) TimerEvent: {}
[227.894816] (-) TimerEvent: {}
[227.995797] (-) TimerEvent: {}
[228.096830] (-) TimerEvent: {}
[228.197805] (-) TimerEvent: {}
[228.298821] (-) TimerEvent: {}
[228.400428] (-) TimerEvent: {}
[228.501462] (-) TimerEvent: {}
[228.602444] (-) TimerEvent: {}
[228.703425] (-) TimerEvent: {}
[228.804489] (-) TimerEvent: {}
[228.905470] (-) TimerEvent: {}
[229.006523] (-) TimerEvent: {}
[229.107570] (-) TimerEvent: {}
[229.208599] (-) TimerEvent: {}
[229.309598] (-) TimerEvent: {}
[229.410719] (-) TimerEvent: {}
[229.512674] (-) TimerEvent: {}
[229.613826] (-) TimerEvent: {}
[229.714949] (-) TimerEvent: {}
[229.816444] (-) TimerEvent: {}
[229.917431] (-) TimerEvent: {}
[230.018887] (-) TimerEvent: {}
[230.119987] (-) TimerEvent: {}
[230.221067] (-) TimerEvent: {}
[230.321995] (-) TimerEvent: {}
[230.422968] (-) TimerEvent: {}
[230.523945] (-) TimerEvent: {}
[230.624989] (-) TimerEvent: {}
[230.725999] (-) TimerEvent: {}
[230.826998] (-) TimerEvent: {}
[230.927980] (-) TimerEvent: {}
[231.029014] (-) TimerEvent: {}
[231.130078] (-) TimerEvent: {}
[231.231102] (-) TimerEvent: {}
[231.332040] (-) TimerEvent: {}
[231.433107] (-) TimerEvent: {}
[231.534080] (-) TimerEvent: {}
[231.635061] (-) TimerEvent: {}
[231.736053] (-) TimerEvent: {}
[231.837118] (-) TimerEvent: {}
[231.938126] (-) TimerEvent: {}
[232.039118] (-) TimerEvent: {}
[232.140120] (-) TimerEvent: {}
[232.241321] (-) TimerEvent: {}
[232.342360] (-) TimerEvent: {}
[232.443304] (-) TimerEvent: {}
[232.544310] (-) TimerEvent: {}
[232.645339] (-) TimerEvent: {}
[232.746386] (-) TimerEvent: {}
[232.847533] (-) TimerEvent: {}
[232.948602] (-) TimerEvent: {}
[233.049687] (-) TimerEvent: {}
[233.150714] (-) TimerEvent: {}
[233.251916] (-) TimerEvent: {}
[233.352953] (-) TimerEvent: {}
[233.453985] (-) TimerEvent: {}
[233.555184] (-) TimerEvent: {}
[233.656274] (-) TimerEvent: {}
[233.757313] (-) TimerEvent: {}
[233.858288] (-) TimerEvent: {}
[233.959306] (-) TimerEvent: {}
[234.060553] (-) TimerEvent: {}
[234.161638] (-) TimerEvent: {}
[234.262685] (-) TimerEvent: {}
[234.363721] (-) TimerEvent: {}
[234.464804] (-) TimerEvent: {}
[234.565773] (-) TimerEvent: {}
[234.666782] (-) TimerEvent: {}
[234.767763] (-) TimerEvent: {}
[234.868785] (-) TimerEvent: {}
[234.969753] (-) TimerEvent: {}
[235.070719] (-) TimerEvent: {}
[235.171689] (-) TimerEvent: {}
[235.272744] (-) TimerEvent: {}
[235.373778] (-) TimerEvent: {}
[235.474688] (-) TimerEvent: {}
[235.575677] (-) TimerEvent: {}
[235.676708] (-) TimerEvent: {}
[235.777683] (-) TimerEvent: {}
[235.878735] (-) TimerEvent: {}
[235.979849] (-) TimerEvent: {}
[236.080898] (-) TimerEvent: {}
[236.181885] (-) TimerEvent: {}
[236.282928] (-) TimerEvent: {}
[236.383913] (-) TimerEvent: {}
[236.484872] (-) TimerEvent: {}
[236.585862] (-) TimerEvent: {}
[236.686835] (-) TimerEvent: {}
[236.787843] (-) TimerEvent: {}
[236.888919] (-) TimerEvent: {}
[236.989976] (-) TimerEvent: {}
[237.090985] (-) TimerEvent: {}
[237.191978] (-) TimerEvent: {}
[237.293005] (-) TimerEvent: {}
[237.394030] (-) TimerEvent: {}
[237.494960] (-) TimerEvent: {}
[237.595960] (-) TimerEvent: {}
[237.696966] (-) TimerEvent: {}
[237.797952] (-) TimerEvent: {}
[237.898966] (-) TimerEvent: {}
[237.999980] (-) TimerEvent: {}
[238.101022] (-) TimerEvent: {}
[238.202012] (-) TimerEvent: {}
[238.303136] (-) TimerEvent: {}
[238.404162] (-) TimerEvent: {}
[238.505181] (-) TimerEvent: {}
[238.606326] (-) TimerEvent: {}
[238.707319] (-) TimerEvent: {}
[238.808334] (-) TimerEvent: {}
[238.909432] (-) TimerEvent: {}
[239.010467] (-) TimerEvent: {}
[239.111481] (-) TimerEvent: {}
[239.212565] (-) TimerEvent: {}
[239.313618] (-) TimerEvent: {}
[239.414673] (-) TimerEvent: {}
[239.515650] (-) TimerEvent: {}
[239.616767] (-) TimerEvent: {}
[239.717820] (-) TimerEvent: {}
[239.818850] (-) TimerEvent: {}
[239.919891] (-) TimerEvent: {}
[240.021049] (-) TimerEvent: {}
[240.122124] (-) TimerEvent: {}
[240.223156] (-) TimerEvent: {}
[240.324710] (-) TimerEvent: {}
[240.425940] (-) TimerEvent: {}
[240.526971] (-) TimerEvent: {}
[240.628491] (-) TimerEvent: {}
[240.729626] (-) TimerEvent: {}
[240.831120] (-) TimerEvent: {}
[240.932290] (-) TimerEvent: {}
[241.033790] (-) TimerEvent: {}
[241.134952] (-) TimerEvent: {}
[241.236519] (-) TimerEvent: {}
[241.337589] (-) TimerEvent: {}
[241.438738] (-) TimerEvent: {}
[241.540078] (-) TimerEvent: {}
[241.641253] (-) TimerEvent: {}
[241.742290] (-) TimerEvent: {}
[241.843546] (-) TimerEvent: {}
[241.944592] (-) TimerEvent: {}
[242.045619] (-) TimerEvent: {}
[242.146635] (-) TimerEvent: {}
[242.247954] (-) TimerEvent: {}
[242.349945] (-) TimerEvent: {}
[242.451220] (-) TimerEvent: {}
[242.552335] (-) TimerEvent: {}
[242.653321] (-) TimerEvent: {}
[242.754502] (-) TimerEvent: {}
[242.855301] (-) TimerEvent: {}
[242.956196] (-) TimerEvent: {}
[243.057307] (-) TimerEvent: {}
[243.158463] (-) TimerEvent: {}
[243.259480] (-) TimerEvent: {}
[243.360608] (-) TimerEvent: {}
[243.461661] (-) TimerEvent: {}
[243.562707] (-) TimerEvent: {}
[243.663652] (-) TimerEvent: {}
[243.764796] (-) TimerEvent: {}
[243.865896] (-) TimerEvent: {}
[243.967018] (-) TimerEvent: {}
[244.068131] (-) TimerEvent: {}
[244.169298] (-) TimerEvent: {}
[244.270473] (-) TimerEvent: {}
[244.371716] (-) TimerEvent: {}
[244.472857] (-) TimerEvent: {}
[244.573921] (-) TimerEvent: {}
[244.675054] (-) TimerEvent: {}
[244.776264] (-) TimerEvent: {}
[244.877240] (-) TimerEvent: {}
[244.978129] (-) TimerEvent: {}
[245.079268] (-) TimerEvent: {}
[245.180279] (-) TimerEvent: {}
[245.281407] (-) TimerEvent: {}
[245.382508] (-) TimerEvent: {}
[245.483669] (-) TimerEvent: {}
[245.584889] (-) TimerEvent: {}
[245.685910] (-) TimerEvent: {}
[245.786969] (-) TimerEvent: {}
[245.888015] (-) TimerEvent: {}
[245.989190] (-) TimerEvent: {}
[246.090334] (-) TimerEvent: {}
[246.191487] (-) TimerEvent: {}
[246.292574] (-) TimerEvent: {}
[246.393582] (-) TimerEvent: {}
[246.494748] (-) TimerEvent: {}
[246.595816] (-) TimerEvent: {}
[246.696752] (-) TimerEvent: {}
[246.797573] (-) TimerEvent: {}
[246.898549] (-) TimerEvent: {}
[246.999532] (-) TimerEvent: {}
[247.100589] (-) TimerEvent: {}
[247.201568] (-) TimerEvent: {}
[247.302590] (-) TimerEvent: {}
[247.403662] (-) TimerEvent: {}
[247.504893] (-) TimerEvent: {}
[247.605918] (-) TimerEvent: {}
[247.706932] (-) TimerEvent: {}
[247.808015] (-) TimerEvent: {}
[247.909118] (-) TimerEvent: {}
[248.010202] (-) TimerEvent: {}
[248.111277] (-) TimerEvent: {}
[248.212348] (-) TimerEvent: {}
[248.313460] (-) TimerEvent: {}
[248.414578] (-) TimerEvent: {}
[248.515732] (-) TimerEvent: {}
[248.616922] (-) TimerEvent: {}
[248.717923] (-) TimerEvent: {}
[248.819054] (-) TimerEvent: {}
[248.919996] (-) TimerEvent: {}
[249.021112] (-) TimerEvent: {}
[249.122104] (-) TimerEvent: {}
[249.223099] (-) TimerEvent: {}
[249.324149] (-) TimerEvent: {}
[249.425195] (-) TimerEvent: {}
[249.526319] (-) TimerEvent: {}
[249.627427] (-) TimerEvent: {}
[249.728531] (-) TimerEvent: {}
[249.829995] (-) TimerEvent: {}
[249.931167] (-) TimerEvent: {}
[250.032244] (-) TimerEvent: {}
[250.133332] (-) TimerEvent: {}
[250.234407] (-) TimerEvent: {}
[250.335476] (-) TimerEvent: {}
[250.436649] (-) TimerEvent: {}
[250.537896] (-) TimerEvent: {}
[250.639704] (-) TimerEvent: {}
[250.740804] (-) TimerEvent: {}
[250.841806] (-) TimerEvent: {}
[250.942837] (-) TimerEvent: {}
[251.043933] (-) TimerEvent: {}
[251.145031] (-) TimerEvent: {}
[251.246183] (-) TimerEvent: {}
[251.347173] (-) TimerEvent: {}
[251.448221] (-) TimerEvent: {}
[251.549343] (-) TimerEvent: {}
[251.650463] (-) TimerEvent: {}
[251.751485] (-) TimerEvent: {}
[251.852506] (-) TimerEvent: {}
[251.953588] (-) TimerEvent: {}
[252.054682] (-) TimerEvent: {}
[252.155668] (-) TimerEvent: {}
[252.256760] (-) TimerEvent: {}
[252.357919] (-) TimerEvent: {}
[252.459023] (-) TimerEvent: {}
[252.559996] (-) TimerEvent: {}
[252.661533] (-) TimerEvent: {}
[252.762565] (-) TimerEvent: {}
[252.863506] (-) TimerEvent: {}
[252.964557] (-) TimerEvent: {}
[253.065533] (-) TimerEvent: {}
[253.166630] (-) TimerEvent: {}
[253.267736] (-) TimerEvent: {}
[253.368775] (-) TimerEvent: {}
[253.469805] (-) TimerEvent: {}
[253.570908] (-) TimerEvent: {}
[253.671954] (-) TimerEvent: {}
[253.773030] (-) TimerEvent: {}
[253.874010] (-) TimerEvent: {}
[253.975040] (-) TimerEvent: {}
[254.076130] (-) TimerEvent: {}
[254.177237] (-) TimerEvent: {}
[254.278253] (-) TimerEvent: {}
[254.379328] (-) TimerEvent: {}
[254.480327] (-) TimerEvent: {}
[254.581393] (-) TimerEvent: {}
[254.682444] (-) TimerEvent: {}
[254.783448] (-) TimerEvent: {}
[254.884469] (-) TimerEvent: {}
[254.985642] (-) TimerEvent: {}
[255.086640] (-) TimerEvent: {}
[255.187638] (-) TimerEvent: {}
[255.288665] (-) TimerEvent: {}
[255.389779] (-) TimerEvent: {}
[255.490783] (-) TimerEvent: {}
[255.591777] (-) TimerEvent: {}
[255.692832] (-) TimerEvent: {}
[255.793879] (-) TimerEvent: {}
[255.894940] (-) TimerEvent: {}
[255.996019] (-) TimerEvent: {}
[256.097075] (-) TimerEvent: {}
[256.198086] (-) TimerEvent: {}
[256.299155] (-) TimerEvent: {}
[256.400159] (-) TimerEvent: {}
[256.501198] (-) TimerEvent: {}
[256.602162] (-) TimerEvent: {}
[256.703205] (-) TimerEvent: {}
[256.804178] (-) TimerEvent: {}
[256.905110] (-) TimerEvent: {}
[257.006174] (-) TimerEvent: {}
[257.107204] (-) TimerEvent: {}
[257.208252] (-) TimerEvent: {}
[257.309706] (-) TimerEvent: {}
[257.410721] (-) TimerEvent: {}
[257.511717] (-) TimerEvent: {}
[257.612840] (-) TimerEvent: {}
[257.713960] (-) TimerEvent: {}
[257.814918] (-) TimerEvent: {}
[257.915805] (-) TimerEvent: {}
[258.016781] (-) TimerEvent: {}
[258.117795] (-) TimerEvent: {}
[258.218830] (-) TimerEvent: {}
[258.319826] (-) TimerEvent: {}
[258.420864] (-) TimerEvent: {}
[258.521814] (-) TimerEvent: {}
[258.622788] (-) TimerEvent: {}
[258.723843] (-) TimerEvent: {}
[258.824978] (-) TimerEvent: {}
[258.926038] (-) TimerEvent: {}
[259.027040] (-) TimerEvent: {}
[259.128031] (-) TimerEvent: {}
[259.229113] (-) TimerEvent: {}
[259.330111] (-) TimerEvent: {}
[259.431101] (-) TimerEvent: {}
[259.532077] (-) TimerEvent: {}
[259.633108] (-) TimerEvent: {}
[259.734103] (-) TimerEvent: {}
[259.835153] (-) TimerEvent: {}
[259.936106] (-) TimerEvent: {}
[260.037100] (-) TimerEvent: {}
[260.138081] (-) TimerEvent: {}
[260.239104] (-) TimerEvent: {}
[260.340098] (-) TimerEvent: {}
[260.441136] (-) TimerEvent: {}
[260.542109] (-) TimerEvent: {}
[260.643062] (-) TimerEvent: {}
[260.744053] (-) TimerEvent: {}
[260.845193] (-) TimerEvent: {}
[260.946188] (-) TimerEvent: {}
[261.047220] (-) TimerEvent: {}
[261.148204] (-) TimerEvent: {}
[261.249265] (-) TimerEvent: {}
[261.350254] (-) TimerEvent: {}
[261.451274] (-) TimerEvent: {}
[261.552295] (-) TimerEvent: {}
[261.653331] (-) TimerEvent: {}
[261.754334] (-) TimerEvent: {}
[261.855312] (-) TimerEvent: {}
[261.956291] (-) TimerEvent: {}
[262.057246] (-) TimerEvent: {}
[262.158255] (-) TimerEvent: {}
[262.259297] (-) TimerEvent: {}
[262.360325] (-) TimerEvent: {}
[262.461346] (-) TimerEvent: {}
[262.562353] (-) TimerEvent: {}
[262.663328] (-) TimerEvent: {}
[262.764305] (-) TimerEvent: {}
[262.865346] (-) TimerEvent: {}
[262.966292] (-) TimerEvent: {}
[263.067310] (-) TimerEvent: {}
[263.168460] (-) TimerEvent: {}
[263.269366] (-) TimerEvent: {}
[263.370354] (-) TimerEvent: {}
[263.471359] (-) TimerEvent: {}
[263.572332] (-) TimerEvent: {}
[263.673719] (-) TimerEvent: {}
[263.774686] (-) TimerEvent: {}
[263.875746] (-) TimerEvent: {}
[263.976860] (-) TimerEvent: {}
[264.077822] (-) TimerEvent: {}
[264.178962] (-) TimerEvent: {}
[264.280114] (-) TimerEvent: {}
[264.381267] (-) TimerEvent: {}
[264.482362] (-) TimerEvent: {}
[264.583381] (-) TimerEvent: {}
[264.684367] (-) TimerEvent: {}
[264.785398] (-) TimerEvent: {}
[264.886456] (-) TimerEvent: {}
[264.987458] (-) TimerEvent: {}
[265.088185] (-) TimerEvent: {}
[265.188878] (-) TimerEvent: {}
[265.289712] (-) TimerEvent: {}
[265.390510] (-) TimerEvent: {}
[265.491601] (-) TimerEvent: {}
[265.592535] (-) TimerEvent: {}
[265.693438] (-) TimerEvent: {}
[265.793989] (-) TimerEvent: {}
[265.894820] (-) TimerEvent: {}
[265.995903] (-) TimerEvent: {}
[266.096781] (-) TimerEvent: {}
[266.197346] (-) TimerEvent: {}
[266.297903] (-) TimerEvent: {}
[266.398468] (-) TimerEvent: {}
[266.499030] (-) TimerEvent: {}
[266.599592] (-) TimerEvent: {}
[266.700161] (-) TimerEvent: {}
[266.800782] (-) TimerEvent: {}
[266.901363] (-) TimerEvent: {}
[267.001957] (-) TimerEvent: {}
[267.102866] (-) TimerEvent: {}
[267.203478] (-) TimerEvent: {}
[267.304363] (-) TimerEvent: {}
[267.404971] (-) TimerEvent: {}
[267.505820] (-) TimerEvent: {}
[267.606413] (-) TimerEvent: {}
[267.707299] (-) TimerEvent: {}
[267.807916] (-) TimerEvent: {}
[267.908894] (-) TimerEvent: {}
[268.009757] (-) TimerEvent: {}
[268.110329] (-) TimerEvent: {}
[268.211171] (-) TimerEvent: {}
[268.311767] (-) TimerEvent: {}
[268.412348] (-) TimerEvent: {}
[268.512976] (-) TimerEvent: {}
[268.613581] (-) TimerEvent: {}
[268.714144] (-) TimerEvent: {}
[268.814702] (-) TimerEvent: {}
[268.915279] (-) TimerEvent: {}
[269.015862] (-) TimerEvent: {}
[269.116657] (-) TimerEvent: {}
[269.217265] (-) TimerEvent: {}
[269.318147] (-) TimerEvent: {}
[269.418752] (-) TimerEvent: {}
[269.519346] (-) TimerEvent: {}
[269.620238] (-) TimerEvent: {}
[269.720885] (-) TimerEvent: {}
[269.821488] (-) TimerEvent: {}
[269.922466] (-) TimerEvent: {}
[270.023612] (-) TimerEvent: {}
[270.124691] (-) TimerEvent: {}
[270.225591] (-) TimerEvent: {}
[270.326472] (-) TimerEvent: {}
[270.427428] (-) TimerEvent: {}
[270.528538] (-) TimerEvent: {}
[270.629582] (-) TimerEvent: {}
[270.730539] (-) TimerEvent: {}
[270.831490] (-) TimerEvent: {}
[270.932581] (-) TimerEvent: {}
[271.033826] (-) TimerEvent: {}
[271.134832] (-) TimerEvent: {}
[271.235989] (-) TimerEvent: {}
[271.337170] (-) TimerEvent: {}
[271.438301] (-) TimerEvent: {}
[271.539259] (-) TimerEvent: {}
[271.640215] (-) TimerEvent: {}
[271.741316] (-) TimerEvent: {}
[271.842348] (-) TimerEvent: {}
[271.943494] (-) TimerEvent: {}
[272.044567] (-) TimerEvent: {}
[272.145464] (-) TimerEvent: {}
[272.246659] (-) TimerEvent: {}
[272.347643] (-) TimerEvent: {}
[272.450211] (-) TimerEvent: {}
[272.552062] (-) TimerEvent: {}
[272.653227] (-) TimerEvent: {}
[272.754369] (-) TimerEvent: {}
[272.855504] (-) TimerEvent: {}
[272.956675] (-) TimerEvent: {}
[273.057872] (-) TimerEvent: {}
[273.158857] (-) TimerEvent: {}
[273.259885] (-) TimerEvent: {}
[273.360920] (-) TimerEvent: {}
[273.462104] (-) TimerEvent: {}
[273.563139] (-) TimerEvent: {}
[273.664185] (-) TimerEvent: {}
[273.765292] (-) TimerEvent: {}
[273.866278] (-) TimerEvent: {}
[273.967410] (-) TimerEvent: {}
[274.068554] (-) TimerEvent: {}
[274.169573] (-) TimerEvent: {}
[274.270497] (-) TimerEvent: {}
[274.371548] (-) TimerEvent: {}
[274.472578] (-) TimerEvent: {}
[274.573638] (-) TimerEvent: {}
[274.674661] (-) TimerEvent: {}
[274.775615] (-) TimerEvent: {}
[274.876880] (-) TimerEvent: {}
[274.978013] (-) TimerEvent: {}
[275.079097] (-) TimerEvent: {}
[275.184131] (-) TimerEvent: {}
[275.285101] (-) TimerEvent: {}
[275.386196] (-) TimerEvent: {}
[275.487242] (-) TimerEvent: {}
[275.588241] (-) TimerEvent: {}
[275.689401] (-) TimerEvent: {}
[275.790406] (-) TimerEvent: {}
[275.891489] (-) TimerEvent: {}
[275.992659] (-) TimerEvent: {}
[276.093743] (-) TimerEvent: {}
[276.194803] (-) TimerEvent: {}
[276.296488] (-) TimerEvent: {}
[276.397507] (-) TimerEvent: {}
[276.498345] (-) TimerEvent: {}
[276.599309] (-) TimerEvent: {}
[276.700341] (-) TimerEvent: {}
[276.801478] (-) TimerEvent: {}
[276.902613] (-) TimerEvent: {}
[277.004526] (-) TimerEvent: {}
[277.106103] (-) TimerEvent: {}
[277.207054] (-) TimerEvent: {}
[277.308598] (-) TimerEvent: {}
[277.409556] (-) TimerEvent: {}
[277.511056] (-) TimerEvent: {}
[277.612044] (-) TimerEvent: {}
[277.713162] (-) TimerEvent: {}
[277.814272] (-) TimerEvent: {}
[277.915254] (-) TimerEvent: {}
[278.016345] (-) TimerEvent: {}
[278.117462] (-) TimerEvent: {}
[278.218429] (-) TimerEvent: {}
[278.319376] (-) TimerEvent: {}
[278.420504] (-) TimerEvent: {}
[278.521513] (-) TimerEvent: {}
[278.622602] (-) TimerEvent: {}
[278.723699] (-) TimerEvent: {}
[278.824763] (-) TimerEvent: {}
[278.925763] (-) TimerEvent: {}
[279.026793] (-) TimerEvent: {}
[279.127896] (-) TimerEvent: {}
[279.228979] (-) TimerEvent: {}
[279.330016] (-) TimerEvent: {}
[279.431099] (-) TimerEvent: {}
[279.532189] (-) TimerEvent: {}
[279.633239] (-) TimerEvent: {}
[279.734199] (-) TimerEvent: {}
[279.835208] (-) TimerEvent: {}
[279.936178] (-) TimerEvent: {}
[280.037275] (-) TimerEvent: {}
[280.138360] (-) TimerEvent: {}
[280.239420] (-) TimerEvent: {}
[280.340427] (-) TimerEvent: {}
[280.441397] (-) TimerEvent: {}
[280.542361] (-) TimerEvent: {}
[280.643306] (-) TimerEvent: {}
[280.744429] (-) TimerEvent: {}
[280.845568] (-) TimerEvent: {}
[280.946613] (-) TimerEvent: {}
[281.047712] (-) TimerEvent: {}
[281.149473] (-) TimerEvent: {}
[281.250713] (-) TimerEvent: {}
[281.351763] (-) TimerEvent: {}
[281.452898] (-) TimerEvent: {}
[281.554074] (-) TimerEvent: {}
[281.655119] (-) TimerEvent: {}
[281.756196] (-) TimerEvent: {}
[281.857382] (-) TimerEvent: {}
[281.958426] (-) TimerEvent: {}
[282.059538] (-) TimerEvent: {}
[282.160696] (-) TimerEvent: {}
[282.261810] (-) TimerEvent: {}
[282.362892] (-) TimerEvent: {}
[282.464119] (-) TimerEvent: {}
[282.565259] (-) TimerEvent: {}
[282.666330] (-) TimerEvent: {}
[282.767335] (-) TimerEvent: {}
[282.868460] (-) TimerEvent: {}
[282.969480] (-) TimerEvent: {}
[283.070571] (-) TimerEvent: {}
[283.171581] (-) TimerEvent: {}
[283.272801] (-) TimerEvent: {}
[283.373847] (-) TimerEvent: {}
[283.474760] (-) TimerEvent: {}
[283.575759] (-) TimerEvent: {}
[283.676801] (-) TimerEvent: {}
[283.778120] (-) TimerEvent: {}
[283.879099] (-) TimerEvent: {}
[283.980084] (-) TimerEvent: {}
[284.081338] (-) TimerEvent: {}
[284.182317] (-) TimerEvent: {}
[284.283382] (-) TimerEvent: {}
[284.384425] (-) TimerEvent: {}
[284.485355] (-) TimerEvent: {}
[284.586514] (-) TimerEvent: {}
[284.687492] (-) TimerEvent: {}
[284.788521] (-) TimerEvent: {}
[284.889514] (-) TimerEvent: {}
[284.990629] (-) TimerEvent: {}
[285.091627] (-) TimerEvent: {}
[285.192620] (-) TimerEvent: {}
[285.293668] (-) TimerEvent: {}
[285.394853] (-) TimerEvent: {}
[285.495802] (-) TimerEvent: {}
[285.596853] (-) TimerEvent: {}
[285.697840] (-) TimerEvent: {}
[285.798829] (-) TimerEvent: {}
[285.899783] (-) TimerEvent: {}
[286.000856] (-) TimerEvent: {}
[286.101842] (-) TimerEvent: {}
[286.202833] (-) TimerEvent: {}
[286.303886] (-) TimerEvent: {}
[286.404918] (-) TimerEvent: {}
[286.505853] (-) TimerEvent: {}
[286.607003] (-) TimerEvent: {}
[286.708000] (-) TimerEvent: {}
[286.809056] (-) TimerEvent: {}
[286.910011] (-) TimerEvent: {}
[287.011112] (-) TimerEvent: {}
[287.112138] (-) TimerEvent: {}
[287.213155] (-) TimerEvent: {}
[287.314141] (-) TimerEvent: {}
[287.415115] (-) TimerEvent: {}
[287.516090] (-) TimerEvent: {}
[287.617135] (-) TimerEvent: {}
[287.718193] (-) TimerEvent: {}
[287.819140] (-) TimerEvent: {}
[287.920090] (-) TimerEvent: {}
[288.021207] (-) TimerEvent: {}
[288.122285] (-) TimerEvent: {}
[288.223450] (-) TimerEvent: {}
[288.324554] (-) TimerEvent: {}
[288.425546] (-) TimerEvent: {}
[288.526460] (-) TimerEvent: {}
[288.627469] (-) TimerEvent: {}
[288.728525] (-) TimerEvent: {}
[288.829524] (-) TimerEvent: {}
[288.930587] (-) TimerEvent: {}
[289.031598] (-) TimerEvent: {}
[289.132600] (-) TimerEvent: {}
[289.233570] (-) TimerEvent: {}
[289.334709] (-) TimerEvent: {}
[289.435789] (-) TimerEvent: {}
[289.536848] (-) TimerEvent: {}
[289.637839] (-) TimerEvent: {}
[289.738979] (-) TimerEvent: {}
[289.839961] (-) TimerEvent: {}
[289.941011] (-) TimerEvent: {}
[290.042041] (-) TimerEvent: {}
[290.143127] (-) TimerEvent: {}
[290.244112] (-) TimerEvent: {}
[290.345167] (-) TimerEvent: {}
[290.446224] (-) TimerEvent: {}
[290.547309] (-) TimerEvent: {}
[290.648352] (-) TimerEvent: {}
[290.749439] (-) TimerEvent: {}
[290.850482] (-) TimerEvent: {}
[290.951529] (-) TimerEvent: {}
[291.052756] (-) TimerEvent: {}
[291.153758] (-) TimerEvent: {}
[291.254865] (-) TimerEvent: {}
[291.355832] (-) TimerEvent: {}
[291.456877] (-) TimerEvent: {}
[291.557990] (-) TimerEvent: {}
[291.658926] (-) TimerEvent: {}
[291.759921] (-) TimerEvent: {}
[291.860956] (-) TimerEvent: {}
[291.961923] (-) TimerEvent: {}
[292.062992] (-) TimerEvent: {}
[292.164000] (-) TimerEvent: {}
[292.265182] (-) TimerEvent: {}
[292.366191] (-) TimerEvent: {}
[292.467458] (-) TimerEvent: {}
[292.568509] (-) TimerEvent: {}
[292.669402] (-) TimerEvent: {}
[292.770389] (-) TimerEvent: {}
[292.871596] (-) TimerEvent: {}
[292.972590] (-) TimerEvent: {}
[293.073682] (-) TimerEvent: {}
[293.174743] (-) TimerEvent: {}
[293.275730] (-) TimerEvent: {}
[293.376756] (-) TimerEvent: {}
[293.477876] (-) TimerEvent: {}
[293.578913] (-) TimerEvent: {}
[293.679827] (-) TimerEvent: {}
[293.780870] (-) TimerEvent: {}
[293.881852] (-) TimerEvent: {}
[293.982897] (-) TimerEvent: {}
[294.083893] (-) TimerEvent: {}
[294.184944] (-) TimerEvent: {}
[294.286020] (-) TimerEvent: {}
[294.386988] (-) TimerEvent: {}
[294.487991] (-) TimerEvent: {}
[294.589057] (-) TimerEvent: {}
[294.690060] (-) TimerEvent: {}
[294.791086] (-) TimerEvent: {}
[294.892095] (-) TimerEvent: {}
[294.993108] (-) TimerEvent: {}
[295.094154] (-) TimerEvent: {}
[295.195287] (-) TimerEvent: {}
[295.296352] (-) TimerEvent: {}
[295.397416] (-) TimerEvent: {}
[295.498390] (-) TimerEvent: {}
[295.599611] (-) TimerEvent: {}
[295.701116] (-) TimerEvent: {}
[295.802159] (-) TimerEvent: {}
[295.903827] (-) TimerEvent: {}
[296.004867] (-) TimerEvent: {}
[296.105950] (-) TimerEvent: {}
[296.206952] (-) TimerEvent: {}
[296.307929] (-) TimerEvent: {}
[296.409036] (-) TimerEvent: {}
[296.510074] (-) TimerEvent: {}
[296.611059] (-) TimerEvent: {}
[296.712031] (-) TimerEvent: {}
[296.813039] (-) TimerEvent: {}
[296.913992] (-) TimerEvent: {}
[297.015193] (-) TimerEvent: {}
[297.116171] (-) TimerEvent: {}
[297.217457] (-) TimerEvent: {}
[297.318425] (-) TimerEvent: {}
[297.419572] (-) TimerEvent: {}
[297.520709] (-) TimerEvent: {}
[297.621696] (-) TimerEvent: {}
[297.722612] (-) TimerEvent: {}
[297.823587] (-) TimerEvent: {}
[297.924593] (-) TimerEvent: {}
[298.025581] (-) TimerEvent: {}
[298.126560] (-) TimerEvent: {}
[298.227597] (-) TimerEvent: {}
[298.328737] (-) TimerEvent: {}
[298.429730] (-) TimerEvent: {}
[298.530887] (-) TimerEvent: {}
[298.632108] (-) TimerEvent: {}
[298.733126] (-) TimerEvent: {}
[298.834122] (-) TimerEvent: {}
[298.935134] (-) TimerEvent: {}
[299.036211] (-) TimerEvent: {}
[299.137361] (-) TimerEvent: {}
[299.238461] (-) TimerEvent: {}
[299.339738] (-) TimerEvent: {}
[299.440911] (-) TimerEvent: {}
[299.541856] (-) TimerEvent: {}
[299.642919] (-) TimerEvent: {}
[299.743906] (-) TimerEvent: {}
[299.845010] (-) TimerEvent: {}
[299.946531] (-) TimerEvent: {}
[300.047832] (-) TimerEvent: {}
[300.149328] (-) TimerEvent: {}
[300.250360] (-) TimerEvent: {}
[300.351372] (-) TimerEvent: {}
[300.452834] (-) TimerEvent: {}
[300.553890] (-) TimerEvent: {}
[300.655308] (-) TimerEvent: {}
[300.756503] (-) TimerEvent: {}
[300.857488] (-) TimerEvent: {}
[300.958550] (-) TimerEvent: {}
[301.059635] (-) TimerEvent: {}
[301.160723] (-) TimerEvent: {}
[301.261753] (-) TimerEvent: {}
[301.362871] (-) TimerEvent: {}
[301.464001] (-) TimerEvent: {}
[301.565172] (-) TimerEvent: {}
[301.666206] (-) TimerEvent: {}
[301.767187] (-) TimerEvent: {}
[301.868205] (-) TimerEvent: {}
[301.969292] (-) TimerEvent: {}
[302.070385] (-) TimerEvent: {}
[302.171335] (-) TimerEvent: {}
[302.272303] (-) TimerEvent: {}
[302.373282] (-) TimerEvent: {}
[302.474264] (-) TimerEvent: {}
[302.575269] (-) TimerEvent: {}
[302.676309] (-) TimerEvent: {}
[302.777307] (-) TimerEvent: {}
[302.878222] (-) TimerEvent: {}
[302.979267] (-) TimerEvent: {}
[303.080249] (-) TimerEvent: {}
[303.181280] (-) TimerEvent: {}
[303.282274] (-) TimerEvent: {}
[303.383286] (-) TimerEvent: {}
[303.484281] (-) TimerEvent: {}
[303.585329] (-) TimerEvent: {}
[303.686297] (-) TimerEvent: {}
[303.787286] (-) TimerEvent: {}
[303.888202] (-) TimerEvent: {}
[303.989673] (-) TimerEvent: {}
[304.090781] (-) TimerEvent: {}
[304.191833] (-) TimerEvent: {}
[304.292981] (-) TimerEvent: {}
[304.394018] (-) TimerEvent: {}
[304.495094] (-) TimerEvent: {}
[304.596157] (-) TimerEvent: {}
[304.697283] (-) TimerEvent: {}
[304.798396] (-) TimerEvent: {}
[304.899347] (-) TimerEvent: {}
[305.000449] (-) TimerEvent: {}
[305.101433] (-) TimerEvent: {}
[305.202418] (-) TimerEvent: {}
[305.303417] (-) TimerEvent: {}
[305.404445] (-) TimerEvent: {}
[305.505412] (-) TimerEvent: {}
[305.606407] (-) TimerEvent: {}
[305.707447] (-) TimerEvent: {}
[305.808480] (-) TimerEvent: {}
[305.909479] (-) TimerEvent: {}
[306.010584] (-) TimerEvent: {}
[306.111570] (-) TimerEvent: {}
[306.212617] (-) TimerEvent: {}
[306.313673] (-) TimerEvent: {}
[306.414631] (-) TimerEvent: {}
[306.515609] (-) TimerEvent: {}
[306.616574] (-) TimerEvent: {}
[306.717582] (-) TimerEvent: {}
[306.818533] (-) TimerEvent: {}
[306.919843] (-) TimerEvent: {}
[307.020971] (-) TimerEvent: {}
[307.122374] (-) TimerEvent: {}
[307.223416] (-) TimerEvent: {}
[307.324482] (-) TimerEvent: {}
[307.425519] (-) TimerEvent: {}
[307.526486] (-) TimerEvent: {}
[307.627431] (-) TimerEvent: {}
[307.728561] (-) TimerEvent: {}
[307.829831] (-) TimerEvent: {}
[307.930762] (-) TimerEvent: {}
[308.031765] (-) TimerEvent: {}
[308.132801] (-) TimerEvent: {}
[308.233800] (-) TimerEvent: {}
[308.334804] (-) TimerEvent: {}
[308.435861] (-) TimerEvent: {}
[308.536968] (-) TimerEvent: {}
[308.638049] (-) TimerEvent: {}
[308.739519] (-) TimerEvent: {}
[308.840788] (-) TimerEvent: {}
[308.941844] (-) TimerEvent: {}
[309.042912] (-) TimerEvent: {}
[309.143994] (-) TimerEvent: {}
[309.245139] (-) TimerEvent: {}
[309.346137] (-) TimerEvent: {}
[309.447137] (-) TimerEvent: {}
[309.548123] (-) TimerEvent: {}
[309.649176] (-) TimerEvent: {}
[309.750258] (-) TimerEvent: {}
[309.851368] (-) TimerEvent: {}
[309.952443] (-) TimerEvent: {}
[310.053448] (-) TimerEvent: {}
[310.154471] (-) TimerEvent: {}
[310.255485] (-) TimerEvent: {}
[310.356524] (-) TimerEvent: {}
[310.457504] (-) TimerEvent: {}
[310.558494] (-) TimerEvent: {}
[310.659469] (-) TimerEvent: {}
[310.760546] (-) TimerEvent: {}
[310.861650] (-) TimerEvent: {}
[310.962685] (-) TimerEvent: {}
[311.063655] (-) TimerEvent: {}
[311.164723] (-) TimerEvent: {}
[311.265714] (-) TimerEvent: {}
[311.366712] (-) TimerEvent: {}
[311.467771] (-) TimerEvent: {}
[311.568868] (-) TimerEvent: {}
[311.669925] (-) TimerEvent: {}
[311.770899] (-) TimerEvent: {}
[311.872419] (-) TimerEvent: {}
[311.973462] (-) TimerEvent: {}
[312.074421] (-) TimerEvent: {}
[312.175508] (-) TimerEvent: {}
[312.276684] (-) TimerEvent: {}
[312.377674] (-) TimerEvent: {}
[312.478737] (-) TimerEvent: {}
[312.580325] (-) TimerEvent: {}
[312.681417] (-) TimerEvent: {}
[312.782436] (-) TimerEvent: {}
[312.883480] (-) TimerEvent: {}
[312.984565] (-) TimerEvent: {}
[313.085481] (-) TimerEvent: {}
[313.186518] (-) TimerEvent: {}
[313.287497] (-) TimerEvent: {}
[313.388503] (-) TimerEvent: {}
[313.489487] (-) TimerEvent: {}
[313.590506] (-) TimerEvent: {}
[313.691448] (-) TimerEvent: {}
[313.792560] (-) TimerEvent: {}
[313.893753] (-) TimerEvent: {}
[313.994769] (-) TimerEvent: {}
[314.095771] (-) TimerEvent: {}
[314.196929] (-) TimerEvent: {}
[314.297910] (-) TimerEvent: {}
[314.399341] (-) TimerEvent: {}
[314.500461] (-) TimerEvent: {}
[314.601455] (-) TimerEvent: {}
[314.702437] (-) TimerEvent: {}
[314.803386] (-) TimerEvent: {}
[314.904460] (-) TimerEvent: {}
[315.005558] (-) TimerEvent: {}
[315.106501] (-) TimerEvent: {}
[315.207506] (-) TimerEvent: {}
[315.308527] (-) TimerEvent: {}
[315.409575] (-) TimerEvent: {}
[315.510642] (-) TimerEvent: {}
[315.611726] (-) TimerEvent: {}
[315.712758] (-) TimerEvent: {}
[315.813860] (-) TimerEvent: {}
[315.914860] (-) TimerEvent: {}
[316.015904] (-) TimerEvent: {}
[316.116858] (-) TimerEvent: {}
[316.217887] (-) TimerEvent: {}
[316.318885] (-) TimerEvent: {}
[316.419860] (-) TimerEvent: {}
[316.520964] (-) TimerEvent: {}
[316.621948] (-) TimerEvent: {}
[316.722946] (-) TimerEvent: {}
[316.823903] (-) TimerEvent: {}
[316.925133] (-) TimerEvent: {}
[317.026396] (-) TimerEvent: {}
[317.127444] (-) TimerEvent: {}
[317.228561] (-) TimerEvent: {}
[317.329734] (-) TimerEvent: {}
[317.430770] (-) TimerEvent: {}
[317.531838] (-) TimerEvent: {}
[317.632960] (-) TimerEvent: {}
[317.733962] (-) TimerEvent: {}
[317.835000] (-) TimerEvent: {}
[317.936046] (-) TimerEvent: {}
[318.037325] (-) TimerEvent: {}
[318.138385] (-) TimerEvent: {}
[318.239288] (-) TimerEvent: {}
[318.340273] (-) TimerEvent: {}
[318.441335] (-) TimerEvent: {}
[318.542339] (-) TimerEvent: {}
[318.643407] (-) TimerEvent: {}
[318.744456] (-) TimerEvent: {}
[318.845670] (-) TimerEvent: {}
[318.946685] (-) TimerEvent: {}
[319.047835] (-) TimerEvent: {}
[319.149042] (-) TimerEvent: {}
[319.249975] (-) TimerEvent: {}
[319.351096] (-) TimerEvent: {}
[319.452253] (-) TimerEvent: {}
[319.553367] (-) TimerEvent: {}
[319.654415] (-) TimerEvent: {}
[319.755570] (-) TimerEvent: {}
[319.856710] (-) TimerEvent: {}
[319.957866] (-) TimerEvent: {}
[320.058936] (-) TimerEvent: {}
[320.159974] (-) TimerEvent: {}
[320.260951] (-) TimerEvent: {}
[320.362160] (-) TimerEvent: {}
[320.463135] (-) TimerEvent: {}
[320.564126] (-) TimerEvent: {}
[320.665134] (-) TimerEvent: {}
[320.766146] (-) TimerEvent: {}
[320.867225] (-) TimerEvent: {}
[320.968201] (-) TimerEvent: {}
[321.069215] (-) TimerEvent: {}
[321.170210] (-) TimerEvent: {}
[321.271228] (-) TimerEvent: {}
[321.372487] (-) TimerEvent: {}
[321.473585] (-) TimerEvent: {}
[321.574573] (-) TimerEvent: {}
[321.675535] (-) TimerEvent: {}
[321.776563] (-) TimerEvent: {}
[321.877536] (-) TimerEvent: {}
[321.978529] (-) TimerEvent: {}
[322.079600] (-) TimerEvent: {}
[322.180566] (-) TimerEvent: {}
[322.281490] (-) TimerEvent: {}
[322.382592] (-) TimerEvent: {}
[322.483576] (-) TimerEvent: {}
[322.584596] (-) TimerEvent: {}
[322.686059] (-) TimerEvent: {}
[322.787097] (-) TimerEvent: {}
[322.888610] (-) TimerEvent: {}
[322.989836] (-) TimerEvent: {}
[323.091561] (-) TimerEvent: {}
[323.193201] (-) TimerEvent: {}
[323.294321] (-) TimerEvent: {}
[323.395448] (-) TimerEvent: {}
[323.496563] (-) TimerEvent: {}
[323.597639] (-) TimerEvent: {}
[323.698647] (-) TimerEvent: {}
[323.799631] (-) TimerEvent: {}
[323.900608] (-) TimerEvent: {}
[324.001617] (-) TimerEvent: {}
[324.102779] (-) TimerEvent: {}
[324.203827] (-) TimerEvent: {}
[324.304829] (-) TimerEvent: {}
[324.405919] (-) TimerEvent: {}
[324.506950] (-) TimerEvent: {}
[324.608023] (-) TimerEvent: {}
[324.709073] (-) TimerEvent: {}
[324.810283] (-) TimerEvent: {}
[324.911257] (-) TimerEvent: {}
[325.012227] (-) TimerEvent: {}
[325.113315] (-) TimerEvent: {}
[325.214510] (-) TimerEvent: {}
[325.315443] (-) TimerEvent: {}
[325.416469] (-) TimerEvent: {}
[325.517451] (-) TimerEvent: {}
[325.618436] (-) TimerEvent: {}
[325.719421] (-) TimerEvent: {}
[325.820416] (-) TimerEvent: {}
[325.921365] (-) TimerEvent: {}
[326.022436] (-) TimerEvent: {}
[326.123452] (-) TimerEvent: {}
[326.224579] (-) TimerEvent: {}
[326.325579] (-) TimerEvent: {}
[326.426644] (-) TimerEvent: {}
[326.527670] (-) TimerEvent: {}
[326.628730] (-) TimerEvent: {}
[326.729716] (-) TimerEvent: {}
[326.830659] (-) TimerEvent: {}
[326.931610] (-) TimerEvent: {}
[327.032997] (-) TimerEvent: {}
[327.134627] (-) TimerEvent: {}
[327.235910] (-) TimerEvent: {}
[327.336981] (-) TimerEvent: {}
[327.437929] (-) TimerEvent: {}
[327.538940] (-) TimerEvent: {}
[327.639942] (-) TimerEvent: {}
[327.740992] (-) TimerEvent: {}
[327.841974] (-) TimerEvent: {}
[327.943029] (-) TimerEvent: {}
[328.043997] (-) TimerEvent: {}
[328.145044] (-) TimerEvent: {}
[328.246076] (-) TimerEvent: {}
[328.347061] (-) TimerEvent: {}
[328.447997] (-) TimerEvent: {}
[328.549127] (-) TimerEvent: {}
[328.650268] (-) TimerEvent: {}
[328.751419] (-) TimerEvent: {}
[328.852588] (-) TimerEvent: {}
[328.953632] (-) TimerEvent: {}
[329.054678] (-) TimerEvent: {}
[329.155736] (-) TimerEvent: {}
[329.256969] (-) TimerEvent: {}
[329.357998] (-) TimerEvent: {}
[329.458980] (-) TimerEvent: {}
[329.559961] (-) TimerEvent: {}
[329.660978] (-) TimerEvent: {}
[329.762099] (-) TimerEvent: {}
[329.863232] (-) TimerEvent: {}
[329.964245] (-) TimerEvent: {}
[330.065438] (-) TimerEvent: {}
[330.166457] (-) TimerEvent: {}
[330.267569] (-) TimerEvent: {}
[330.368567] (-) TimerEvent: {}
[330.469512] (-) TimerEvent: {}
[330.570594] (-) TimerEvent: {}
[330.671564] (-) TimerEvent: {}
[330.772592] (-) TimerEvent: {}
[330.873627] (-) TimerEvent: {}
[330.974864] (-) TimerEvent: {}
[331.075965] (-) TimerEvent: {}
[331.177051] (-) TimerEvent: {}
[331.278142] (-) TimerEvent: {}
[331.379192] (-) TimerEvent: {}
[331.480122] (-) TimerEvent: {}
[331.581145] (-) TimerEvent: {}
[331.682128] (-) TimerEvent: {}
[331.783167] (-) TimerEvent: {}
[331.884145] (-) TimerEvent: {}
[331.985175] (-) TimerEvent: {}
[332.087056] (-) TimerEvent: {}
[332.188591] (-) TimerEvent: {}
[332.289652] (-) TimerEvent: {}
[332.390871] (-) TimerEvent: {}
[332.491787] (-) TimerEvent: {}
[332.592920] (-) TimerEvent: {}
[332.694142] (-) TimerEvent: {}
[332.795267] (-) TimerEvent: {}
[332.896255] (-) TimerEvent: {}
[332.997335] (-) TimerEvent: {}
[333.098335] (-) TimerEvent: {}
[333.199353] (-) TimerEvent: {}
[333.300467] (-) TimerEvent: {}
[333.401460] (-) TimerEvent: {}
[333.502388] (-) TimerEvent: {}
[333.603381] (-) TimerEvent: {}
[333.704444] (-) TimerEvent: {}
[333.805529] (-) TimerEvent: {}
[333.906450] (-) TimerEvent: {}
[334.007538] (-) TimerEvent: {}
[334.108608] (-) TimerEvent: {}
[334.209689] (-) TimerEvent: {}
[334.310832] (-) TimerEvent: {}
[334.411850] (-) TimerEvent: {}
[334.512894] (-) TimerEvent: {}
[334.614474] (-) TimerEvent: {}
[334.715539] (-) TimerEvent: {}
[334.816567] (-) TimerEvent: {}
[334.917585] (-) TimerEvent: {}
[335.018673] (-) TimerEvent: {}
[335.119750] (-) TimerEvent: {}
[335.220809] (-) TimerEvent: {}
[335.321838] (-) TimerEvent: {}
[335.423029] (-) TimerEvent: {}
[335.524021] (-) TimerEvent: {}
[335.625117] (-) TimerEvent: {}
[335.726142] (-) TimerEvent: {}
[335.827355] (-) TimerEvent: {}
[335.928337] (-) TimerEvent: {}
[336.029509] (-) TimerEvent: {}
[336.130500] (-) TimerEvent: {}
[336.231493] (-) TimerEvent: {}
[336.332518] (-) TimerEvent: {}
[336.433491] (-) TimerEvent: {}
[336.534521] (-) TimerEvent: {}
[336.635548] (-) TimerEvent: {}
[336.736824] (-) TimerEvent: {}
[336.837822] (-) TimerEvent: {}
[336.938836] (-) TimerEvent: {}
[337.039923] (-) TimerEvent: {}
[337.141044] (-) TimerEvent: {}
[337.242075] (-) TimerEvent: {}
[337.343227] (-) TimerEvent: {}
[337.444320] (-) TimerEvent: {}
[337.545400] (-) TimerEvent: {}
[337.646332] (-) TimerEvent: {}
[337.747415] (-) TimerEvent: {}
[337.848438] (-) TimerEvent: {}
[337.949445] (-) TimerEvent: {}
[338.050738] (-) TimerEvent: {}
[338.151724] (-) TimerEvent: {}
[338.252789] (-) TimerEvent: {}
[338.353952] (-) TimerEvent: {}
[338.455030] (-) TimerEvent: {}
[338.556201] (-) TimerEvent: {}
[338.657159] (-) TimerEvent: {}
[338.758239] (-) TimerEvent: {}
[338.859288] (-) TimerEvent: {}
[338.960265] (-) TimerEvent: {}
[339.061339] (-) TimerEvent: {}
[339.162357] (-) TimerEvent: {}
[339.263461] (-) TimerEvent: {}
[339.364565] (-) TimerEvent: {}
[339.465574] (-) TimerEvent: {}
[339.566692] (-) TimerEvent: {}
[339.667598] (-) TimerEvent: {}
[339.768633] (-) TimerEvent: {}
[339.869629] (-) TimerEvent: {}
[339.970615] (-) TimerEvent: {}
[340.071777] (-) TimerEvent: {}
[340.172867] (-) TimerEvent: {}
[340.273923] (-) TimerEvent: {}
[340.374890] (-) TimerEvent: {}
[340.476023] (-) TimerEvent: {}
[340.577120] (-) TimerEvent: {}
[340.678021] (-) TimerEvent: {}
[340.779003] (-) TimerEvent: {}
[340.879991] (-) TimerEvent: {}
[340.981030] (-) TimerEvent: {}
[341.082020] (-) TimerEvent: {}
[341.183014] (-) TimerEvent: {}
[341.284032] (-) TimerEvent: {}
[341.385059] (-) TimerEvent: {}
[341.486118] (-) TimerEvent: {}
[341.587142] (-) TimerEvent: {}
[341.688140] (-) TimerEvent: {}
[341.789234] (-) TimerEvent: {}
[341.890286] (-) TimerEvent: {}
[341.991237] (-) TimerEvent: {}
[342.092172] (-) TimerEvent: {}
[342.193206] (-) TimerEvent: {}
[342.294272] (-) TimerEvent: {}
[342.395243] (-) TimerEvent: {}
[342.496304] (-) TimerEvent: {}
[342.597380] (-) TimerEvent: {}
[342.698318] (-) TimerEvent: {}
[342.799264] (-) TimerEvent: {}
[342.900341] (-) TimerEvent: {}
[343.001396] (-) TimerEvent: {}
[343.102435] (-) TimerEvent: {}
[343.203472] (-) TimerEvent: {}
[343.304645] (-) TimerEvent: {}
[343.405712] (-) TimerEvent: {}
[343.508710] (-) TimerEvent: {}
[343.609754] (-) TimerEvent: {}
[343.710804] (-) TimerEvent: {}
[343.812021] (-) TimerEvent: {}
[343.913054] (-) TimerEvent: {}
[344.014123] (-) TimerEvent: {}
[344.115112] (-) TimerEvent: {}
[344.216098] (-) TimerEvent: {}
[344.317138] (-) TimerEvent: {}
[344.418250] (-) TimerEvent: {}
[344.520199] (-) TimerEvent: {}
[344.621509] (-) TimerEvent: {}
[344.722543] (-) TimerEvent: {}
[344.823451] (-) TimerEvent: {}
[344.924651] (-) TimerEvent: {}
[345.025717] (-) TimerEvent: {}
[345.126802] (-) TimerEvent: {}
[345.227852] (-) TimerEvent: {}
[345.328835] (-) TimerEvent: {}
[345.429820] (-) TimerEvent: {}
[345.530808] (-) TimerEvent: {}
[345.631857] (-) TimerEvent: {}
[345.732849] (-) TimerEvent: {}
[345.833735] (-) TimerEvent: {}
[345.934753] (-) TimerEvent: {}
[346.035812] (-) TimerEvent: {}
[346.136935] (-) TimerEvent: {}
[346.237947] (-) TimerEvent: {}
[346.339110] (-) TimerEvent: {}
[346.440150] (-) TimerEvent: {}
[346.541071] (-) TimerEvent: {}
[346.642049] (-) TimerEvent: {}
[346.743034] (-) TimerEvent: {}
[346.843985] (-) TimerEvent: {}
[346.945052] (-) TimerEvent: {}
[347.046059] (-) TimerEvent: {}
[347.147066] (-) TimerEvent: {}
[347.248061] (-) TimerEvent: {}
[347.349122] (-) TimerEvent: {}
[347.450124] (-) TimerEvent: {}
[347.551093] (-) TimerEvent: {}
[347.652145] (-) TimerEvent: {}
[347.753151] (-) TimerEvent: {}
[347.854085] (-) TimerEvent: {}
[347.955071] (-) TimerEvent: {}
[348.056017] (-) TimerEvent: {}
[348.157047] (-) TimerEvent: {}
[348.258011] (-) TimerEvent: {}
[348.359009] (-) TimerEvent: {}
[348.459993] (-) TimerEvent: {}
[348.561007] (-) TimerEvent: {}
[348.661982] (-) TimerEvent: {}
[348.762972] (-) TimerEvent: {}
[348.863968] (-) TimerEvent: {}
[348.965044] (-) TimerEvent: {}
[349.066034] (-) TimerEvent: {}
[349.166984] (-) TimerEvent: {}
[349.267977] (-) TimerEvent: {}
[349.368996] (-) TimerEvent: {}
[349.469976] (-) TimerEvent: {}
[349.570957] (-) TimerEvent: {}
[349.671981] (-) TimerEvent: {}
[349.773127] (-) TimerEvent: {}
[349.874060] (-) TimerEvent: {}
[349.975040] (-) TimerEvent: {}
[350.076042] (-) TimerEvent: {}
[350.177063] (-) TimerEvent: {}
[350.278058] (-) TimerEvent: {}
[350.379155] (-) TimerEvent: {}
[350.480235] (-) TimerEvent: {}
[350.581349] (-) TimerEvent: {}
[350.682406] (-) TimerEvent: {}
[350.783420] (-) TimerEvent: {}
[350.884522] (-) TimerEvent: {}
[350.985591] (-) TimerEvent: {}
[351.086653] (-) TimerEvent: {}
[351.187685] (-) TimerEvent: {}
[351.288722] (-) TimerEvent: {}
[351.389724] (-) TimerEvent: {}
[351.490708] (-) TimerEvent: {}
[351.591684] (-) TimerEvent: {}
[351.692599] (-) TimerEvent: {}
[351.793680] (-) TimerEvent: {}
[351.894622] (-) TimerEvent: {}
[351.995604] (-) TimerEvent: {}
[352.096622] (-) TimerEvent: {}
[352.197631] (-) TimerEvent: {}
[352.298611] (-) TimerEvent: {}
[352.399609] (-) TimerEvent: {}
[352.500613] (-) TimerEvent: {}
[352.601593] (-) TimerEvent: {}
[352.702626] (-) TimerEvent: {}
[352.803813] (-) TimerEvent: {}
[352.904831] (-) TimerEvent: {}
[353.005766] (-) TimerEvent: {}
[353.106736] (-) TimerEvent: {}
[353.207771] (-) TimerEvent: {}
[353.308838] (-) TimerEvent: {}
[353.409896] (-) TimerEvent: {}
[353.510887] (-) TimerEvent: {}
[353.611872] (-) TimerEvent: {}
[353.712886] (-) TimerEvent: {}
[353.813938] (-) TimerEvent: {}
[353.914902] (-) TimerEvent: {}
[354.015834] (-) TimerEvent: {}
[354.116855] (-) TimerEvent: {}
[354.217882] (-) TimerEvent: {}
[354.318972] (-) TimerEvent: {}
[354.420106] (-) TimerEvent: {}
[354.521131] (-) TimerEvent: {}
[354.622099] (-) TimerEvent: {}
[354.723098] (-) TimerEvent: {}
[354.824083] (-) TimerEvent: {}
[354.925108] (-) TimerEvent: {}
[355.026091] (-) TimerEvent: {}
[355.127086] (-) TimerEvent: {}
[355.228085] (-) TimerEvent: {}
[355.329105] (-) TimerEvent: {}
[355.430072] (-) TimerEvent: {}
[355.531107] (-) TimerEvent: {}
[355.632178] (-) TimerEvent: {}
[355.733336] (-) TimerEvent: {}
[355.834287] (-) TimerEvent: {}
[355.935276] (-) TimerEvent: {}
[356.036309] (-) TimerEvent: {}
[356.137320] (-) TimerEvent: {}
[356.238318] (-) TimerEvent: {}
[356.339300] (-) TimerEvent: {}
[356.440307] (-) TimerEvent: {}
[356.541310] (-) TimerEvent: {}
[356.642300] (-) TimerEvent: {}
[356.743283] (-) TimerEvent: {}
[356.844325] (-) TimerEvent: {}
[356.945380] (-) TimerEvent: {}
[357.046320] (-) TimerEvent: {}
[357.147312] (-) TimerEvent: {}
[357.248337] (-) TimerEvent: {}
[357.349364] (-) TimerEvent: {}
[357.450352] (-) TimerEvent: {}
[357.551329] (-) TimerEvent: {}
[357.652283] (-) TimerEvent: {}
[357.753262] (-) TimerEvent: {}
[357.854220] (-) TimerEvent: {}
[357.955136] (-) TimerEvent: {}
[358.056105] (-) TimerEvent: {}
[358.157145] (-) TimerEvent: {}
[358.258135] (-) TimerEvent: {}
[358.359127] (-) TimerEvent: {}
[358.460179] (-) TimerEvent: {}
[358.561234] (-) TimerEvent: {}
[358.662267] (-) TimerEvent: {}
[358.763245] (-) TimerEvent: {}
[358.864632] (-) TimerEvent: {}
[358.965704] (-) TimerEvent: {}
[359.066676] (-) TimerEvent: {}
[359.167694] (-) TimerEvent: {}
[359.268821] (-) TimerEvent: {}
[359.369960] (-) TimerEvent: {}
[359.471033] (-) TimerEvent: {}
[359.572110] (-) TimerEvent: {}
[359.673182] (-) TimerEvent: {}
[359.774182] (-) TimerEvent: {}
[359.875320] (-) TimerEvent: {}
[359.976415] (-) TimerEvent: {}
[360.077441] (-) TimerEvent: {}
[360.178538] (-) TimerEvent: {}
[360.279511] (-) TimerEvent: {}
[360.380514] (-) TimerEvent: {}
[360.481487] (-) TimerEvent: {}
[360.582487] (-) TimerEvent: {}
[360.683455] (-) TimerEvent: {}
[360.784496] (-) TimerEvent: {}
[360.885472] (-) TimerEvent: {}
[360.986455] (-) TimerEvent: {}
[361.087385] (-) TimerEvent: {}
[361.188430] (-) TimerEvent: {}
[361.289409] (-) TimerEvent: {}
[361.390388] (-) TimerEvent: {}
[361.491373] (-) TimerEvent: {}
[361.592319] (-) TimerEvent: {}
[361.693323] (-) TimerEvent: {}
[361.794267] (-) TimerEvent: {}
[361.895292] (-) TimerEvent: {}
[361.996484] (-) TimerEvent: {}
[362.097505] (-) TimerEvent: {}
[362.198540] (-) TimerEvent: {}
[362.299570] (-) TimerEvent: {}
[362.400551] (-) TimerEvent: {}
[362.501536] (-) TimerEvent: {}
[362.602544] (-) TimerEvent: {}
[362.703506] (-) TimerEvent: {}
[362.804528] (-) TimerEvent: {}
[362.905512] (-) TimerEvent: {}
[363.006478] (-) TimerEvent: {}
[363.107508] (-) TimerEvent: {}
[363.208538] (-) TimerEvent: {}
[363.309493] (-) TimerEvent: {}
[363.410556] (-) TimerEvent: {}
[363.511991] (-) TimerEvent: {}
[363.613043] (-) TimerEvent: {}
[363.714488] (-) TimerEvent: {}
[363.815595] (-) TimerEvent: {}
[363.916629] (-) TimerEvent: {}
[364.018264] (-) TimerEvent: {}
[364.119380] (-) TimerEvent: {}
[364.220413] (-) TimerEvent: {}
[364.321463] (-) TimerEvent: {}
[364.422547] (-) TimerEvent: {}
[364.523594] (-) TimerEvent: {}
[364.624717] (-) TimerEvent: {}
[364.725781] (-) TimerEvent: {}
[364.826852] (-) TimerEvent: {}
[364.927957] (-) TimerEvent: {}
[365.029083] (-) TimerEvent: {}
[365.130078] (-) TimerEvent: {}
[365.231086] (-) TimerEvent: {}
[365.332079] (-) TimerEvent: {}
[365.433105] (-) TimerEvent: {}
[365.534096] (-) TimerEvent: {}
[365.635067] (-) TimerEvent: {}
[365.736046] (-) TimerEvent: {}
[365.837153] (-) TimerEvent: {}
[365.938148] (-) TimerEvent: {}
[366.039285] (-) TimerEvent: {}
[366.140322] (-) TimerEvent: {}
[366.241297] (-) TimerEvent: {}
[366.342294] (-) TimerEvent: {}
[366.443310] (-) TimerEvent: {}
[366.544309] (-) TimerEvent: {}
[366.645341] (-) TimerEvent: {}
[366.746316] (-) TimerEvent: {}
[366.847322] (-) TimerEvent: {}
[366.948334] (-) TimerEvent: {}
[367.049374] (-) TimerEvent: {}
[367.150373] (-) TimerEvent: {}
[367.251322] (-) TimerEvent: {}
[367.352313] (-) TimerEvent: {}
[367.453395] (-) TimerEvent: {}
[367.554540] (-) TimerEvent: {}
[367.655748] (-) TimerEvent: {}
[367.756974] (-) TimerEvent: {}
[367.858031] (-) TimerEvent: {}
[367.959119] (-) TimerEvent: {}
[368.060251] (-) TimerEvent: {}
[368.161628] (-) TimerEvent: {}
[368.262647] (-) TimerEvent: {}
[368.363745] (-) TimerEvent: {}
[368.464837] (-) TimerEvent: {}
[368.565844] (-) TimerEvent: {}
[368.666822] (-) TimerEvent: {}
[368.767798] (-) TimerEvent: {}
[368.868905] (-) TimerEvent: {}
[368.969896] (-) TimerEvent: {}
[369.070949] (-) TimerEvent: {}
[369.171979] (-) TimerEvent: {}
[369.273035] (-) TimerEvent: {}
[369.374104] (-) TimerEvent: {}
[369.475146] (-) TimerEvent: {}
[369.576098] (-) TimerEvent: {}
[369.678262] (-) TimerEvent: {}
[369.779339] (-) TimerEvent: {}
[369.880438] (-) TimerEvent: {}
[369.981534] (-) TimerEvent: {}
[370.082687] (-) TimerEvent: {}
[370.183759] (-) TimerEvent: {}
[370.284760] (-) TimerEvent: {}
[370.385935] (-) TimerEvent: {}
[370.487077] (-) TimerEvent: {}
[370.588115] (-) TimerEvent: {}
[370.689214] (-) TimerEvent: {}
[370.790301] (-) TimerEvent: {}
[370.891262] (-) TimerEvent: {}
[370.992316] (-) TimerEvent: {}
[371.093464] (-) TimerEvent: {}
[371.194515] (-) TimerEvent: {}
[371.295517] (-) TimerEvent: {}
[371.396612] (-) TimerEvent: {}
[371.497706] (-) TimerEvent: {}
[371.598854] (-) TimerEvent: {}
[371.699932] (-) TimerEvent: {}
[371.801113] (-) TimerEvent: {}
[371.902086] (-) TimerEvent: {}
[372.003123] (-) TimerEvent: {}
[372.104701] (-) TimerEvent: {}
[372.205877] (-) TimerEvent: {}
[372.306921] (-) TimerEvent: {}
[372.407877] (-) TimerEvent: {}
[372.509026] (-) TimerEvent: {}
[372.610157] (-) TimerEvent: {}
[372.711371] (-) TimerEvent: {}
[372.812485] (-) TimerEvent: {}
[372.913561] (-) TimerEvent: {}
[373.014545] (-) TimerEvent: {}
[373.115624] (-) TimerEvent: {}
[373.216694] (-) TimerEvent: {}
[373.317791] (-) TimerEvent: {}
[373.418775] (-) TimerEvent: {}
[373.519846] (-) TimerEvent: {}
[373.620885] (-) TimerEvent: {}
[373.721863] (-) TimerEvent: {}
[373.822822] (-) TimerEvent: {}
[373.923795] (-) TimerEvent: {}
[374.024935] (-) TimerEvent: {}
[374.126556] (-) TimerEvent: {}
[374.227824] (-) TimerEvent: {}
[374.328823] (-) TimerEvent: {}
[374.429745] (-) TimerEvent: {}
[374.531100] (-) TimerEvent: {}
[374.632080] (-) TimerEvent: {}
[374.733289] (-) TimerEvent: {}
[374.834387] (-) TimerEvent: {}
[374.935555] (-) TimerEvent: {}
[375.036622] (-) TimerEvent: {}
[375.137592] (-) TimerEvent: {}
[375.238634] (-) TimerEvent: {}
[375.339613] (-) TimerEvent: {}
[375.440624] (-) TimerEvent: {}
[375.541728] (-) TimerEvent: {}
[375.642832] (-) TimerEvent: {}
[375.743851] (-) TimerEvent: {}
[375.844905] (-) TimerEvent: {}
[375.945907] (-) TimerEvent: {}
[376.046896] (-) TimerEvent: {}
[376.147922] (-) TimerEvent: {}
[376.249067] (-) TimerEvent: {}
[376.350051] (-) TimerEvent: {}
[376.451099] (-) TimerEvent: {}
[376.552137] (-) TimerEvent: {}
[376.653234] (-) TimerEvent: {}
[376.754296] (-) TimerEvent: {}
[376.855345] (-) TimerEvent: {}
[376.956462] (-) TimerEvent: {}
[377.057539] (-) TimerEvent: {}
[377.158609] (-) TimerEvent: {}
[377.259719] (-) TimerEvent: {}
[377.360877] (-) TimerEvent: {}
[377.461849] (-) TimerEvent: {}
[377.562876] (-) TimerEvent: {}
[377.664594] (-) TimerEvent: {}
[377.765835] (-) TimerEvent: {}
[377.867282] (-) TimerEvent: {}
[377.968326] (-) TimerEvent: {}
[378.069902] (-) TimerEvent: {}
[378.170969] (-) TimerEvent: {}
[378.272583] (-) TimerEvent: {}
[378.373645] (-) TimerEvent: {}
[378.474671] (-) TimerEvent: {}
[378.575859] (-) TimerEvent: {}
[378.676944] (-) TimerEvent: {}
[378.777970] (-) TimerEvent: {}
[378.878958] (-) TimerEvent: {}
[378.980016] (-) TimerEvent: {}
[379.081082] (-) TimerEvent: {}
[379.182215] (-) TimerEvent: {}
[379.283261] (-) TimerEvent: {}
[379.384490] (-) TimerEvent: {}
[379.485506] (-) TimerEvent: {}
[379.586607] (-) TimerEvent: {}
[379.687590] (-) TimerEvent: {}
[379.788593] (-) TimerEvent: {}
[379.889655] (-) TimerEvent: {}
[379.990670] (-) TimerEvent: {}
[380.091769] (-) TimerEvent: {}
[380.192836] (-) TimerEvent: {}
[380.295369] (-) TimerEvent: {}
[380.397364] (-) TimerEvent: {}
[380.498377] (-) TimerEvent: {}
[380.599953] (-) TimerEvent: {}
[380.701509] (-) TimerEvent: {}
[380.803018] (-) TimerEvent: {}
[380.904762] (-) TimerEvent: {}
[381.005967] (-) TimerEvent: {}
[381.107022] (-) TimerEvent: {}
[381.208772] (-) TimerEvent: {}
[381.309879] (-) TimerEvent: {}
[381.411280] (-) TimerEvent: {}
[381.512349] (-) TimerEvent: {}
[381.613452] (-) TimerEvent: {}
[381.714507] (-) TimerEvent: {}
[381.815547] (-) TimerEvent: {}
[381.916590] (-) TimerEvent: {}
[382.017582] (-) TimerEvent: {}
[382.118595] (-) TimerEvent: {}
[382.219571] (-) TimerEvent: {}
[382.320763] (-) TimerEvent: {}
[382.421935] (-) TimerEvent: {}
[382.523059] (-) TimerEvent: {}
[382.624136] (-) TimerEvent: {}
[382.725176] (-) TimerEvent: {}
[382.826215] (-) TimerEvent: {}
[382.927203] (-) TimerEvent: {}
[383.028294] (-) TimerEvent: {}
[383.129306] (-) TimerEvent: {}
[383.230293] (-) TimerEvent: {}
[383.331358] (-) TimerEvent: {}
[383.432350] (-) TimerEvent: {}
[383.533422] (-) TimerEvent: {}
[383.634422] (-) TimerEvent: {}
[383.735430] (-) TimerEvent: {}
[383.836618] (-) TimerEvent: {}
[383.937678] (-) TimerEvent: {}
[384.038784] (-) TimerEvent: {}
[384.139781] (-) TimerEvent: {}
[384.240999] (-) TimerEvent: {}
[384.342038] (-) TimerEvent: {}
[384.442997] (-) TimerEvent: {}
[384.544028] (-) TimerEvent: {}
[384.644988] (-) TimerEvent: {}
[384.745973] (-) TimerEvent: {}
[384.847153] (-) TimerEvent: {}
[384.948618] (-) TimerEvent: {}
[385.051702] (-) TimerEvent: {}
[385.153426] (-) TimerEvent: {}
[385.255238] (-) TimerEvent: {}
[385.356450] (-) TimerEvent: {}
[385.457467] (-) TimerEvent: {}
[385.558484] (-) TimerEvent: {}
[385.659108] (-) TimerEvent: {}
[385.759993] (-) TimerEvent: {}
[385.860952] (-) TimerEvent: {}
[385.961563] (-) TimerEvent: {}
[386.062456] (-) TimerEvent: {}
[386.163067] (-) TimerEvent: {}
[386.263965] (-) TimerEvent: {}
[386.364608] (-) TimerEvent: {}
[386.465245] (-) TimerEvent: {}
[386.565879] (-) TimerEvent: {}
[386.666501] (-) TimerEvent: {}
[386.767122] (-) TimerEvent: {}
[386.867741] (-) TimerEvent: {}
[386.968428] (-) TimerEvent: {}
[387.069011] (-) TimerEvent: {}
[387.169591] (-) TimerEvent: {}
[387.270167] (-) TimerEvent: {}
[387.370747] (-) TimerEvent: {}
[387.471330] (-) TimerEvent: {}
[387.571912] (-) TimerEvent: {}
[387.672538] (-) TimerEvent: {}
[387.773178] (-) TimerEvent: {}
[387.873754] (-) TimerEvent: {}
[387.974337] (-) TimerEvent: {}
[388.074915] (-) TimerEvent: {}
[388.175499] (-) TimerEvent: {}
[388.276078] (-) TimerEvent: {}
[388.376687] (-) TimerEvent: {}
[388.477272] (-) TimerEvent: {}
[388.577863] (-) TimerEvent: {}
[388.678432] (-) TimerEvent: {}
[388.779008] (-) TimerEvent: {}
[388.879580] (-) TimerEvent: {}
[388.980152] (-) TimerEvent: {}
[389.080750] (-) TimerEvent: {}
[389.181329] (-) TimerEvent: {}
[389.281905] (-) TimerEvent: {}
[389.382486] (-) TimerEvent: {}
[389.483070] (-) TimerEvent: {}
[389.583660] (-) TimerEvent: {}
[389.684217] (-) TimerEvent: {}
[389.784824] (-) TimerEvent: {}
[389.885409] (-) TimerEvent: {}
[389.986081] (-) TimerEvent: {}
[390.087059] (-) TimerEvent: {}
[390.188041] (-) TimerEvent: {}
[390.289139] (-) TimerEvent: {}
[390.390058] (-) TimerEvent: {}
[390.491090] (-) TimerEvent: {}
[390.592085] (-) TimerEvent: {}
[390.693137] (-) TimerEvent: {}
[390.794116] (-) TimerEvent: {}
[390.895118] (-) TimerEvent: {}
[390.996111] (-) TimerEvent: {}
[391.097163] (-) TimerEvent: {}
[391.198162] (-) TimerEvent: {}
[391.299196] (-) TimerEvent: {}
[391.400229] (-) TimerEvent: {}
[391.501586] (-) TimerEvent: {}
[391.602873] (-) TimerEvent: {}
[391.703771] (-) TimerEvent: {}
[391.804814] (-) TimerEvent: {}
[391.905777] (-) TimerEvent: {}
[392.006824] (-) TimerEvent: {}
[392.107892] (-) TimerEvent: {}
[392.209073] (-) TimerEvent: {}
[392.310067] (-) TimerEvent: {}
[392.411141] (-) TimerEvent: {}
[392.512234] (-) TimerEvent: {}
[392.613473] (-) TimerEvent: {}
[392.714584] (-) TimerEvent: {}
[392.815819] (-) TimerEvent: {}
[392.917155] (-) TimerEvent: {}
[393.018255] (-) TimerEvent: {}
[393.119436] (-) TimerEvent: {}
[393.220618] (-) TimerEvent: {}
[393.321917] (-) TimerEvent: {}
[393.423162] (-) TimerEvent: {}
[393.524359] (-) TimerEvent: {}
[393.625697] (-) TimerEvent: {}
[393.726721] (-) TimerEvent: {}
[393.827685] (-) TimerEvent: {}
[393.928903] (-) TimerEvent: {}
[394.030015] (-) TimerEvent: {}
[394.131087] (-) TimerEvent: {}
[394.232359] (-) TimerEvent: {}
[394.333465] (-) TimerEvent: {}
[394.434449] (-) TimerEvent: {}
[394.535443] (-) TimerEvent: {}
[394.636546] (-) TimerEvent: {}
[394.737651] (-) TimerEvent: {}
[394.838559] (-) TimerEvent: {}
[394.939542] (-) TimerEvent: {}
[395.040604] (-) TimerEvent: {}
[395.141757] (-) TimerEvent: {}
[395.242807] (-) TimerEvent: {}
[395.343896] (-) TimerEvent: {}
[395.445078] (-) TimerEvent: {}
[395.546131] (-) TimerEvent: {}
[395.647309] (-) TimerEvent: {}
[395.748462] (-) TimerEvent: {}
[395.849434] (-) TimerEvent: {}
[395.950420] (-) TimerEvent: {}
[396.051474] (-) TimerEvent: {}
[396.152492] (-) TimerEvent: {}
[396.253621] (-) TimerEvent: {}
[396.354633] (-) TimerEvent: {}
[396.455791] (-) TimerEvent: {}
[396.556789] (-) TimerEvent: {}
[396.657895] (-) TimerEvent: {}
[396.758840] (-) TimerEvent: {}
[396.859759] (-) TimerEvent: {}
[396.960756] (-) TimerEvent: {}
[397.061708] (-) TimerEvent: {}
[397.162661] (-) TimerEvent: {}
[397.263662] (-) TimerEvent: {}
[397.364743] (-) TimerEvent: {}
[397.465840] (-) TimerEvent: {}
[397.566792] (-) TimerEvent: {}
[397.667818] (-) TimerEvent: {}
[397.768854] (-) TimerEvent: {}
[397.869858] (-) TimerEvent: {}
[397.970843] (-) TimerEvent: {}
[398.071805] (-) TimerEvent: {}
[398.172813] (-) TimerEvent: {}
[398.273979] (-) TimerEvent: {}
[398.375014] (-) TimerEvent: {}
[398.475988] (-) TimerEvent: {}
[398.577037] (-) TimerEvent: {}
[398.678018] (-) TimerEvent: {}
[398.779053] (-) TimerEvent: {}
[398.879970] (-) TimerEvent: {}
[398.981021] (-) TimerEvent: {}
[399.082137] (-) TimerEvent: {}
[399.183212] (-) TimerEvent: {}
[399.284208] (-) TimerEvent: {}
[399.385231] (-) TimerEvent: {}
[399.486352] (-) TimerEvent: {}
[399.587348] (-) TimerEvent: {}
[399.688489] (-) TimerEvent: {}
[399.789536] (-) TimerEvent: {}
[399.890555] (-) TimerEvent: {}
[399.991550] (-) TimerEvent: {}
[400.092579] (-) TimerEvent: {}
[400.193578] (-) TimerEvent: {}
[400.294620] (-) TimerEvent: {}
[400.395622] (-) TimerEvent: {}
[400.496623] (-) TimerEvent: {}
[400.597623] (-) TimerEvent: {}
[400.699697] (-) TimerEvent: {}
[400.800793] (-) TimerEvent: {}
[400.901719] (-) TimerEvent: {}
[401.002838] (-) TimerEvent: {}
[401.103798] (-) TimerEvent: {}
[401.204823] (-) TimerEvent: {}
[401.305809] (-) TimerEvent: {}
[401.406868] (-) TimerEvent: {}
[401.507832] (-) TimerEvent: {}
[401.608864] (-) TimerEvent: {}
[401.709842] (-) TimerEvent: {}
[401.810890] (-) TimerEvent: {}
[401.911890] (-) TimerEvent: {}
[402.012853] (-) TimerEvent: {}
[402.113937] (-) TimerEvent: {}
[402.214990] (-) TimerEvent: {}
[402.315982] (-) TimerEvent: {}
[402.417185] (-) TimerEvent: {}
[402.518314] (-) TimerEvent: {}
[402.619322] (-) TimerEvent: {}
[402.720441] (-) TimerEvent: {}
[402.821501] (-) TimerEvent: {}
[402.922631] (-) TimerEvent: {}
[403.023602] (-) TimerEvent: {}
[403.124764] (-) TimerEvent: {}
[403.225770] (-) TimerEvent: {}
[403.326849] (-) TimerEvent: {}
[403.427855] (-) TimerEvent: {}
[403.528995] (-) TimerEvent: {}
[403.630092] (-) TimerEvent: {}
[403.731299] (-) TimerEvent: {}
[403.832321] (-) TimerEvent: {}
[403.933521] (-) TimerEvent: {}
[404.034603] (-) TimerEvent: {}
[404.135697] (-) TimerEvent: {}
[404.236858] (-) TimerEvent: {}
[404.337862] (-) TimerEvent: {}
[404.439165] (-) TimerEvent: {}
[404.540243] (-) TimerEvent: {}
[404.641283] (-) TimerEvent: {}
[404.742308] (-) TimerEvent: {}
[404.843394] (-) TimerEvent: {}
[404.944494] (-) TimerEvent: {}
[405.045396] (-) TimerEvent: {}
[405.146314] (-) TimerEvent: {}
[405.247304] (-) TimerEvent: {}
[405.348307] (-) TimerEvent: {}
[405.449458] (-) TimerEvent: {}
[405.550476] (-) TimerEvent: {}
[405.651623] (-) TimerEvent: {}
[405.752606] (-) TimerEvent: {}
[405.853600] (-) TimerEvent: {}
[405.954576] (-) TimerEvent: {}
[406.055509] (-) TimerEvent: {}
[406.156542] (-) TimerEvent: {}
[406.257537] (-) TimerEvent: {}
[406.359090] (-) TimerEvent: {}
[406.460202] (-) TimerEvent: {}
[406.561668] (-) TimerEvent: {}
[406.662712] (-) TimerEvent: {}
[406.764155] (-) TimerEvent: {}
[406.865264] (-) TimerEvent: {}
[406.966348] (-) TimerEvent: {}
[407.067456] (-) TimerEvent: {}
[407.168597] (-) TimerEvent: {}
[407.269604] (-) TimerEvent: {}
[407.370634] (-) TimerEvent: {}
[407.471818] (-) TimerEvent: {}
[407.572906] (-) TimerEvent: {}
[407.673899] (-) TimerEvent: {}
[407.774872] (-) TimerEvent: {}
[407.876000] (-) TimerEvent: {}
[407.977186] (-) TimerEvent: {}
[408.078134] (-) TimerEvent: {}
[408.179160] (-) TimerEvent: {}
[408.280297] (-) TimerEvent: {}
[408.381386] (-) TimerEvent: {}
[408.482423] (-) TimerEvent: {}
[408.583706] (-) TimerEvent: {}
[408.684708] (-) TimerEvent: {}
[408.785706] (-) TimerEvent: {}
[408.886815] (-) TimerEvent: {}
[408.987948] (-) TimerEvent: {}
[409.089029] (-) TimerEvent: {}
[409.190039] (-) TimerEvent: {}
[409.291129] (-) TimerEvent: {}
[409.392197] (-) TimerEvent: {}
[409.493323] (-) TimerEvent: {}
[409.594413] (-) TimerEvent: {}
[409.695456] (-) TimerEvent: {}
[409.796488] (-) TimerEvent: {}
[409.897840] (-) TimerEvent: {}
[409.998851] (-) TimerEvent: {}
[410.099990] (-) TimerEvent: {}
[410.201004] (-) TimerEvent: {}
[410.301950] (-) TimerEvent: {}
[410.402903] (-) TimerEvent: {}
[410.503916] (-) TimerEvent: {}
[410.604919] (-) TimerEvent: {}
[410.705882] (-) TimerEvent: {}
[410.806845] (-) TimerEvent: {}
[410.907842] (-) TimerEvent: {}
[411.008977] (-) TimerEvent: {}
[411.109951] (-) TimerEvent: {}
[411.210901] (-) TimerEvent: {}
[411.312054] (-) TimerEvent: {}
[411.413083] (-) TimerEvent: {}
[411.514710] (-) TimerEvent: {}
[411.615813] (-) TimerEvent: {}
[411.716892] (-) TimerEvent: {}
[411.817838] (-) TimerEvent: {}
[411.918804] (-) TimerEvent: {}
[412.019909] (-) TimerEvent: {}
[412.120992] (-) TimerEvent: {}
[412.222381] (-) TimerEvent: {}
[412.323665] (-) TimerEvent: {}
[412.424956] (-) TimerEvent: {}
[412.526004] (-) TimerEvent: {}
[412.627179] (-) TimerEvent: {}
[412.728120] (-) TimerEvent: {}
[412.829111] (-) TimerEvent: {}
[412.930120] (-) TimerEvent: {}
[413.031184] (-) TimerEvent: {}
[413.132293] (-) TimerEvent: {}
[413.233250] (-) TimerEvent: {}
[413.334358] (-) TimerEvent: {}
[413.435413] (-) TimerEvent: {}
[413.536477] (-) TimerEvent: {}
[413.637456] (-) TimerEvent: {}
[413.738569] (-) TimerEvent: {}
[413.839556] (-) TimerEvent: {}
[413.940595] (-) TimerEvent: {}
[414.041672] (-) TimerEvent: {}
[414.142693] (-) TimerEvent: {}
[414.243551] (-) TimerEvent: {}
[414.344709] (-) TimerEvent: {}
[414.445800] (-) TimerEvent: {}
[414.546744] (-) TimerEvent: {}
[414.647779] (-) TimerEvent: {}
[414.748825] (-) TimerEvent: {}
[414.849765] (-) TimerEvent: {}
[414.950693] (-) TimerEvent: {}
[415.051818] (-) TimerEvent: {}
[415.152831] (-) TimerEvent: {}
[415.253781] (-) TimerEvent: {}
[415.354730] (-) TimerEvent: {}
[415.455665] (-) TimerEvent: {}
[415.556595] (-) TimerEvent: {}
[415.657560] (-) TimerEvent: {}
[415.758522] (-) TimerEvent: {}
[415.859480] (-) TimerEvent: {}
[415.960565] (-) TimerEvent: {}
[416.061678] (-) TimerEvent: {}
[416.162795] (-) TimerEvent: {}
[416.263790] (-) TimerEvent: {}
[416.364984] (-) TimerEvent: {}
[416.466050] (-) TimerEvent: {}
[416.567105] (-) TimerEvent: {}
[416.668079] (-) TimerEvent: {}
[416.769090] (-) TimerEvent: {}
[416.870069] (-) TimerEvent: {}
[416.971114] (-) TimerEvent: {}
[417.072267] (-) TimerEvent: {}
[417.173321] (-) TimerEvent: {}
[417.274298] (-) TimerEvent: {}
[417.375328] (-) TimerEvent: {}
[417.476531] (-) TimerEvent: {}
[417.577602] (-) TimerEvent: {}
[417.678644] (-) TimerEvent: {}
[417.779688] (-) TimerEvent: {}
[417.880862] (-) TimerEvent: {}
[417.981886] (-) TimerEvent: {}
[418.083035] (-) TimerEvent: {}
[418.184132] (-) TimerEvent: {}
[418.285077] (-) TimerEvent: {}
[418.386544] (-) TimerEvent: {}
[418.487609] (-) TimerEvent: {}
[418.588594] (-) TimerEvent: {}
[418.689603] (-) TimerEvent: {}
[418.790809] (-) TimerEvent: {}
[418.891969] (-) TimerEvent: {}
[418.993123] (-) TimerEvent: {}
[419.094307] (-) TimerEvent: {}
[419.195591] (-) TimerEvent: {}
[419.296797] (-) TimerEvent: {}
[419.397817] (-) TimerEvent: {}
[419.498918] (-) TimerEvent: {}
[419.599965] (-) TimerEvent: {}
[419.701095] (-) TimerEvent: {}
[419.802051] (-) TimerEvent: {}
[419.903092] (-) TimerEvent: {}
[420.004041] (-) TimerEvent: {}
[420.105057] (-) TimerEvent: {}
[420.206024] (-) TimerEvent: {}
[420.306949] (-) TimerEvent: {}
[420.407845] (-) TimerEvent: {}
[420.509042] (-) TimerEvent: {}
[420.610104] (-) TimerEvent: {}
[420.711085] (-) TimerEvent: {}
[420.812067] (-) TimerEvent: {}
[420.913182] (-) TimerEvent: {}
[421.014155] (-) TimerEvent: {}
[421.115412] (-) TimerEvent: {}
[421.216462] (-) TimerEvent: {}
[421.317428] (-) TimerEvent: {}
[421.418482] (-) TimerEvent: {}
[421.519527] (-) TimerEvent: {}
[421.620524] (-) TimerEvent: {}
[421.721508] (-) TimerEvent: {}
[421.822506] (-) TimerEvent: {}
[421.923554] (-) TimerEvent: {}
[422.024762] (-) TimerEvent: {}
[422.125823] (-) TimerEvent: {}
[422.226817] (-) TimerEvent: {}
[422.327786] (-) TimerEvent: {}
[422.428871] (-) TimerEvent: {}
[422.529964] (-) TimerEvent: {}
[422.631042] (-) TimerEvent: {}
[422.732012] (-) TimerEvent: {}
[422.833082] (-) TimerEvent: {}
[422.934321] (-) TimerEvent: {}
[423.035389] (-) TimerEvent: {}
[423.136413] (-) TimerEvent: {}
[423.237403] (-) TimerEvent: {}
[423.338413] (-) TimerEvent: {}
[423.439376] (-) TimerEvent: {}
[423.540473] (-) TimerEvent: {}
[423.641647] (-) TimerEvent: {}
[423.742636] (-) TimerEvent: {}
[423.843727] (-) TimerEvent: {}
[423.944771] (-) TimerEvent: {}
[424.046002] (-) TimerEvent: {}
[424.147013] (-) TimerEvent: {}
[424.248200] (-) TimerEvent: {}
[424.349380] (-) TimerEvent: {}
[424.450358] (-) TimerEvent: {}
[424.551397] (-) TimerEvent: {}
[424.652492] (-) TimerEvent: {}
[424.753541] (-) TimerEvent: {}
[424.854496] (-) TimerEvent: {}
[424.955539] (-) TimerEvent: {}
[425.056638] (-) TimerEvent: {}
[425.157783] (-) TimerEvent: {}
[425.258763] (-) TimerEvent: {}
[425.359814] (-) TimerEvent: {}
[425.460805] (-) TimerEvent: {}
[425.561983] (-) TimerEvent: {}
[425.663042] (-) TimerEvent: {}
[425.764070] (-) TimerEvent: {}
[425.865074] (-) TimerEvent: {}
[425.966110] (-) TimerEvent: {}
[426.067103] (-) TimerEvent: {}
[426.168218] (-) TimerEvent: {}
[426.269746] (-) TimerEvent: {}
[426.370771] (-) TimerEvent: {}
[426.471731] (-) TimerEvent: {}
[426.572830] (-) TimerEvent: {}
[426.673976] (-) TimerEvent: {}
[426.775023] (-) TimerEvent: {}
[426.876022] (-) TimerEvent: {}
[426.977154] (-) TimerEvent: {}
[427.078275] (-) TimerEvent: {}
[427.179339] (-) TimerEvent: {}
[427.280582] (-) TimerEvent: {}
[427.382027] (-) TimerEvent: {}
[427.483015] (-) TimerEvent: {}
[427.583995] (-) TimerEvent: {}
[427.684992] (-) TimerEvent: {}
[427.785985] (-) TimerEvent: {}
[427.887065] (-) TimerEvent: {}
[427.988039] (-) TimerEvent: {}
[428.089094] (-) TimerEvent: {}
[428.190311] (-) TimerEvent: {}
[428.291925] (-) TimerEvent: {}
[428.392978] (-) TimerEvent: {}
[428.493972] (-) TimerEvent: {}
[428.594945] (-) TimerEvent: {}
[428.695924] (-) TimerEvent: {}
[428.796932] (-) TimerEvent: {}
[428.898081] (-) TimerEvent: {}
[428.999134] (-) TimerEvent: {}
[429.100141] (-) TimerEvent: {}
[429.201228] (-) TimerEvent: {}
[429.302259] (-) TimerEvent: {}
[429.403296] (-) TimerEvent: {}
[429.504269] (-) TimerEvent: {}
[429.605217] (-) TimerEvent: {}
[429.706287] (-) TimerEvent: {}
[429.807295] (-) TimerEvent: {}
[429.908295] (-) TimerEvent: {}
[430.009313] (-) TimerEvent: {}
[430.110350] (-) TimerEvent: {}
[430.212631] (-) TimerEvent: {}
[430.313746] (-) TimerEvent: {}
[430.414737] (-) TimerEvent: {}
[430.515762] (-) TimerEvent: {}
[430.616780] (-) TimerEvent: {}
[430.717762] (-) TimerEvent: {}
[430.818778] (-) TimerEvent: {}
[430.919775] (-) TimerEvent: {}
[431.020854] (-) TimerEvent: {}
[431.121853] (-) TimerEvent: {}
[431.222905] (-) TimerEvent: {}
[431.323930] (-) TimerEvent: {}
[431.425077] (-) TimerEvent: {}
[431.526106] (-) TimerEvent: {}
[431.627102] (-) TimerEvent: {}
[431.728097] (-) TimerEvent: {}
[431.829138] (-) TimerEvent: {}
[431.930143] (-) TimerEvent: {}
[432.031116] (-) TimerEvent: {}
[432.132130] (-) TimerEvent: {}
[432.233172] (-) TimerEvent: {}
[432.334231] (-) TimerEvent: {}
[432.435355] (-) TimerEvent: {}
[432.536448] (-) TimerEvent: {}
[432.637474] (-) TimerEvent: {}
[432.738563] (-) TimerEvent: {}
[432.839515] (-) TimerEvent: {}
[432.940589] (-) TimerEvent: {}
[433.041678] (-) TimerEvent: {}
[433.142664] (-) TimerEvent: {}
[433.243652] (-) TimerEvent: {}
[433.344720] (-) TimerEvent: {}
[433.445874] (-) TimerEvent: {}
[433.547001] (-) TimerEvent: {}
[433.647941] (-) TimerEvent: {}
[433.749015] (-) TimerEvent: {}
[433.850041] (-) TimerEvent: {}
[433.951099] (-) TimerEvent: {}
[434.052160] (-) TimerEvent: {}
[434.153200] (-) TimerEvent: {}
[434.254177] (-) TimerEvent: {}
[434.355149] (-) TimerEvent: {}
[434.456155] (-) TimerEvent: {}
[434.557215] (-) TimerEvent: {}
[434.658235] (-) TimerEvent: {}
[434.759222] (-) TimerEvent: {}
[434.860225] (-) TimerEvent: {}
[434.961245] (-) TimerEvent: {}
[435.062211] (-) TimerEvent: {}
[435.163244] (-) TimerEvent: {}
[435.264263] (-) TimerEvent: {}
[435.365272] (-) TimerEvent: {}
[435.466781] (-) TimerEvent: {}
[435.567948] (-) TimerEvent: {}
[435.669031] (-) TimerEvent: {}
[435.770489] (-) TimerEvent: {}
[435.871631] (-) TimerEvent: {}
[435.972912] (-) TimerEvent: {}
[436.074024] (-) TimerEvent: {}
[436.175122] (-) TimerEvent: {}
[436.276117] (-) TimerEvent: {}
[436.377240] (-) TimerEvent: {}
[436.478277] (-) TimerEvent: {}
[436.579363] (-) TimerEvent: {}
[436.680366] (-) TimerEvent: {}
[436.781462] (-) TimerEvent: {}
[436.882565] (-) TimerEvent: {}
[436.983643] (-) TimerEvent: {}
[437.084723] (-) TimerEvent: {}
[437.185765] (-) TimerEvent: {}
[437.286840] (-) TimerEvent: {}
[437.387921] (-) TimerEvent: {}
[437.488985] (-) TimerEvent: {}
[437.590170] (-) TimerEvent: {}
[437.691159] (-) TimerEvent: {}
[437.792107] (-) TimerEvent: {}
[437.893122] (-) TimerEvent: {}
[437.994110] (-) TimerEvent: {}
[438.095098] (-) TimerEvent: {}
[438.196083] (-) TimerEvent: {}
[438.297099] (-) TimerEvent: {}
[438.398091] (-) TimerEvent: {}
[438.499079] (-) TimerEvent: {}
[438.600127] (-) TimerEvent: {}
[438.701111] (-) TimerEvent: {}
[438.802118] (-) TimerEvent: {}
[438.903219] (-) TimerEvent: {}
[439.004233] (-) TimerEvent: {}
[439.105245] (-) TimerEvent: {}
[439.206206] (-) TimerEvent: {}
[439.307183] (-) TimerEvent: {}
[439.408177] (-) TimerEvent: {}
[439.509191] (-) TimerEvent: {}
[439.610264] (-) TimerEvent: {}
[439.711268] (-) TimerEvent: {}
[439.812220] (-) TimerEvent: {}
[439.913253] (-) TimerEvent: {}
[440.014295] (-) TimerEvent: {}
[440.115289] (-) TimerEvent: {}
[440.216278] (-) TimerEvent: {}
[440.317298] (-) TimerEvent: {}
[440.418313] (-) TimerEvent: {}
[440.519298] (-) TimerEvent: {}
[440.620353] (-) TimerEvent: {}
[440.721352] (-) TimerEvent: {}
[440.822280] (-) TimerEvent: {}
[440.923259] (-) TimerEvent: {}
[441.024269] (-) TimerEvent: {}
[441.125288] (-) TimerEvent: {}
[441.226275] (-) TimerEvent: {}
[441.327272] (-) TimerEvent: {}
[441.428287] (-) TimerEvent: {}
[441.529323] (-) TimerEvent: {}
[441.630347] (-) TimerEvent: {}
[441.731373] (-) TimerEvent: {}
[441.832307] (-) TimerEvent: {}
[441.933354] (-) TimerEvent: {}
[442.034392] (-) TimerEvent: {}
[442.135387] (-) TimerEvent: {}
[442.236547] (-) TimerEvent: {}
[442.337628] (-) TimerEvent: {}
[442.438702] (-) TimerEvent: {}
[442.539684] (-) TimerEvent: {}
[442.640654] (-) TimerEvent: {}
[442.741693] (-) TimerEvent: {}
[442.842611] (-) TimerEvent: {}
[442.943555] (-) TimerEvent: {}
[443.044652] (-) TimerEvent: {}
[443.145653] (-) TimerEvent: {}
[443.246659] (-) TimerEvent: {}
[443.347629] (-) TimerEvent: {}
[443.448715] (-) TimerEvent: {}
[443.549794] (-) TimerEvent: {}
[443.650835] (-) TimerEvent: {}
[443.751859] (-) TimerEvent: {}
[443.852750] (-) TimerEvent: {}
[443.953748] (-) TimerEvent: {}
[444.054859] (-) TimerEvent: {}
[444.155858] (-) TimerEvent: {}
[444.256905] (-) TimerEvent: {}
[444.357964] (-) TimerEvent: {}
[444.458941] (-) TimerEvent: {}
[444.559912] (-) TimerEvent: {}
[444.660971] (-) TimerEvent: {}
[444.762128] (-) TimerEvent: {}
[444.863649] (-) TimerEvent: {}
[444.964647] (-) TimerEvent: {}
[445.065739] (-) TimerEvent: {}
[445.166793] (-) TimerEvent: {}
[445.267902] (-) TimerEvent: {}
[445.369018] (-) TimerEvent: {}
[445.470043] (-) TimerEvent: {}
[445.571228] (-) TimerEvent: {}
[445.672353] (-) TimerEvent: {}
[445.773566] (-) TimerEvent: {}
[445.874550] (-) TimerEvent: {}
[445.975535] (-) TimerEvent: {}
[446.076585] (-) TimerEvent: {}
[446.177569] (-) TimerEvent: {}
[446.278661] (-) TimerEvent: {}
[446.379720] (-) TimerEvent: {}
[446.480862] (-) TimerEvent: {}
[446.582019] (-) TimerEvent: {}
[446.683047] (-) TimerEvent: {}
[446.784205] (-) TimerEvent: {}
[446.885221] (-) TimerEvent: {}
[446.986162] (-) TimerEvent: {}
[447.087248] (-) TimerEvent: {}
[447.188265] (-) TimerEvent: {}
[447.289380] (-) TimerEvent: {}
[447.390435] (-) TimerEvent: {}
[447.491591] (-) TimerEvent: {}
[447.592618] (-) TimerEvent: {}
[447.693683] (-) TimerEvent: {}
[447.794686] (-) TimerEvent: {}
[447.895744] (-) TimerEvent: {}
[447.996800] (-) TimerEvent: {}
[448.097918] (-) TimerEvent: {}
[448.199019] (-) TimerEvent: {}
[448.300178] (-) TimerEvent: {}
[448.401491] (-) TimerEvent: {}
[448.502629] (-) TimerEvent: {}
[448.603648] (-) TimerEvent: {}
[448.704601] (-) TimerEvent: {}
[448.805648] (-) TimerEvent: {}
[448.906670] (-) TimerEvent: {}
[449.007592] (-) TimerEvent: {}
[449.108572] (-) TimerEvent: {}
[449.209564] (-) TimerEvent: {}
[449.310565] (-) TimerEvent: {}
[449.411554] (-) TimerEvent: {}
[449.512578] (-) TimerEvent: {}
[449.613548] (-) TimerEvent: {}
[449.714508] (-) TimerEvent: {}
[449.815493] (-) TimerEvent: {}
[449.916497] (-) TimerEvent: {}
[450.017447] (-) TimerEvent: {}
[450.118447] (-) TimerEvent: {}
[450.219430] (-) TimerEvent: {}
[450.320466] (-) TimerEvent: {}
[450.422132] (-) TimerEvent: {}
[450.523126] (-) TimerEvent: {}
[450.624110] (-) TimerEvent: {}
[450.725150] (-) TimerEvent: {}
[450.826133] (-) TimerEvent: {}
[450.927074] (-) TimerEvent: {}
[451.028064] (-) TimerEvent: {}
[451.129098] (-) TimerEvent: {}
[451.230103] (-) TimerEvent: {}
[451.331118] (-) TimerEvent: {}
[451.432123] (-) TimerEvent: {}
[451.533145] (-) TimerEvent: {}
[451.634161] (-) TimerEvent: {}
[451.735152] (-) TimerEvent: {}
[451.836240] (-) TimerEvent: {}
[451.937272] (-) TimerEvent: {}
[452.038204] (-) TimerEvent: {}
[452.139216] (-) TimerEvent: {}
[452.240240] (-) TimerEvent: {}
[452.341442] (-) TimerEvent: {}
[452.442478] (-) TimerEvent: {}
[452.543571] (-) TimerEvent: {}
[452.644596] (-) TimerEvent: {}
[452.745690] (-) TimerEvent: {}
[452.846758] (-) TimerEvent: {}
[452.947804] (-) TimerEvent: {}
[453.048819] (-) TimerEvent: {}
[453.149975] (-) TimerEvent: {}
[453.251073] (-) TimerEvent: {}
[453.352242] (-) TimerEvent: {}
[453.453363] (-) TimerEvent: {}
[453.554441] (-) TimerEvent: {}
[453.655463] (-) TimerEvent: {}
[453.756521] (-) TimerEvent: {}
[453.857548] (-) TimerEvent: {}
[453.958562] (-) TimerEvent: {}
[454.059462] (-) TimerEvent: {}
[454.160469] (-) TimerEvent: {}
[454.261476] (-) TimerEvent: {}
[454.362710] (-) TimerEvent: {}
[454.463774] (-) TimerEvent: {}
[454.564843] (-) TimerEvent: {}
[454.665899] (-) TimerEvent: {}
[454.766985] (-) TimerEvent: {}
[454.868055] (-) TimerEvent: {}
[454.969710] (-) TimerEvent: {}
[455.070746] (-) TimerEvent: {}
[455.171720] (-) TimerEvent: {}
[455.272846] (-) TimerEvent: {}
[455.373923] (-) TimerEvent: {}
[455.475036] (-) TimerEvent: {}
[455.576172] (-) TimerEvent: {}
[455.677288] (-) TimerEvent: {}
[455.778259] (-) TimerEvent: {}
[455.879239] (-) TimerEvent: {}
[455.980278] (-) TimerEvent: {}
[456.081349] (-) TimerEvent: {}
[456.182282] (-) TimerEvent: {}
[456.283270] (-) TimerEvent: {}
[456.384281] (-) TimerEvent: {}
[456.485364] (-) TimerEvent: {}
[456.586416] (-) TimerEvent: {}
[456.687413] (-) TimerEvent: {}
[456.788453] (-) TimerEvent: {}
[456.889440] (-) TimerEvent: {}
[456.990928] (-) TimerEvent: {}
[457.092569] (-) TimerEvent: {}
[457.193492] (-) TimerEvent: {}
[457.294484] (-) TimerEvent: {}
[457.395711] (-) TimerEvent: {}
[457.496761] (-) TimerEvent: {}
[457.597883] (-) TimerEvent: {}
[457.698918] (-) TimerEvent: {}
[457.800012] (-) TimerEvent: {}
[457.901165] (-) TimerEvent: {}
[458.002198] (-) TimerEvent: {}
[458.103171] (-) TimerEvent: {}
[458.204150] (-) TimerEvent: {}
[458.305170] (-) TimerEvent: {}
[458.406194] (-) TimerEvent: {}
[458.507284] (-) TimerEvent: {}
[458.608294] (-) TimerEvent: {}
[458.709292] (-) TimerEvent: {}
[458.810310] (-) TimerEvent: {}
[458.911394] (-) TimerEvent: {}
[459.012484] (-) TimerEvent: {}
[459.113467] (-) TimerEvent: {}
[459.214402] (-) TimerEvent: {}
[459.315441] (-) TimerEvent: {}
[459.416568] (-) TimerEvent: {}
[459.517664] (-) TimerEvent: {}
[459.618759] (-) TimerEvent: {}
[459.719814] (-) TimerEvent: {}
[459.820932] (-) TimerEvent: {}
[459.922027] (-) TimerEvent: {}
[460.023162] (-) TimerEvent: {}
[460.124264] (-) TimerEvent: {}
[460.225213] (-) TimerEvent: {}
[460.326247] (-) TimerEvent: {}
[460.427254] (-) TimerEvent: {}
[460.528236] (-) TimerEvent: {}
[460.629270] (-) TimerEvent: {}
[460.730242] (-) TimerEvent: {}
[460.831234] (-) TimerEvent: {}
[460.932234] (-) TimerEvent: {}
[461.033268] (-) TimerEvent: {}
[461.134289] (-) TimerEvent: {}
[461.235287] (-) TimerEvent: {}
[461.336290] (-) TimerEvent: {}
[461.437337] (-) TimerEvent: {}
[461.538328] (-) TimerEvent: {}
[461.639383] (-) TimerEvent: {}
[461.740445] (-) TimerEvent: {}
[461.841456] (-) TimerEvent: {}
[461.942535] (-) TimerEvent: {}
[462.043615] (-) TimerEvent: {}
[462.144782] (-) TimerEvent: {}
[462.245715] (-) TimerEvent: {}
[462.346731] (-) TimerEvent: {}
[462.447802] (-) TimerEvent: {}
[462.548895] (-) TimerEvent: {}
[462.650020] (-) TimerEvent: {}
[462.751101] (-) TimerEvent: {}
[462.852062] (-) TimerEvent: {}
[462.953077] (-) TimerEvent: {}
[463.054818] (-) TimerEvent: {}
[463.155997] (-) TimerEvent: {}
[463.257032] (-) TimerEvent: {}
[463.358128] (-) TimerEvent: {}
[463.459204] (-) TimerEvent: {}
[463.560193] (-) TimerEvent: {}
[463.661229] (-) TimerEvent: {}
[463.762244] (-) TimerEvent: {}
[463.863219] (-) TimerEvent: {}
[463.964207] (-) TimerEvent: {}
[464.065699] (-) TimerEvent: {}
[464.167251] (-) TimerEvent: {}
[464.268283] (-) TimerEvent: {}
[464.369333] (-) TimerEvent: {}
[464.470472] (-) TimerEvent: {}
[464.571519] (-) TimerEvent: {}
[464.672544] (-) TimerEvent: {}
[464.773640] (-) TimerEvent: {}
[464.874762] (-) TimerEvent: {}
[464.975835] (-) TimerEvent: {}
[465.076993] (-) TimerEvent: {}
[465.178073] (-) TimerEvent: {}
[465.279222] (-) TimerEvent: {}
[465.380152] (-) TimerEvent: {}
[465.481263] (-) TimerEvent: {}
[465.582231] (-) TimerEvent: {}
[465.683230] (-) TimerEvent: {}
[465.784207] (-) TimerEvent: {}
[465.885236] (-) TimerEvent: {}
[465.986223] (-) TimerEvent: {}
[466.087288] (-) TimerEvent: {}
[466.188506] (-) TimerEvent: {}
[466.289644] (-) TimerEvent: {}
[466.390722] (-) TimerEvent: {}
[466.491760] (-) TimerEvent: {}
[466.592799] (-) TimerEvent: {}
[466.693848] (-) TimerEvent: {}
[466.794930] (-) TimerEvent: {}
[466.895931] (-) TimerEvent: {}
[466.997049] (-) TimerEvent: {}
[467.098030] (-) TimerEvent: {}
[467.199366] (-) TimerEvent: {}
[467.300547] (-) TimerEvent: {}
[467.401480] (-) TimerEvent: {}
[467.502631] (-) TimerEvent: {}
[467.603644] (-) TimerEvent: {}
[467.704636] (-) TimerEvent: {}
[467.806410] (-) TimerEvent: {}
[467.907475] (-) TimerEvent: {}
[468.008511] (-) TimerEvent: {}
[468.109503] (-) TimerEvent: {}
[468.210512] (-) TimerEvent: {}
[468.311616] (-) TimerEvent: {}
[468.412589] (-) TimerEvent: {}
[468.513600] (-) TimerEvent: {}
[468.614585] (-) TimerEvent: {}
[468.715576] (-) TimerEvent: {}
[468.816636] (-) TimerEvent: {}
[468.917592] (-) TimerEvent: {}
[469.018443] (-) TimerEvent: {}
[469.119444] (-) TimerEvent: {}
[469.221060] (-) TimerEvent: {}
[469.322079] (-) TimerEvent: {}
[469.423007] (-) TimerEvent: {}
[469.523999] (-) TimerEvent: {}
[469.625154] (-) TimerEvent: {}
[469.726155] (-) TimerEvent: {}
[469.827191] (-) TimerEvent: {}
[469.928213] (-) TimerEvent: {}
[470.029257] (-) TimerEvent: {}
[470.130281] (-) TimerEvent: {}
[470.231309] (-) TimerEvent: {}
[470.332336] (-) TimerEvent: {}
[470.433374] (-) TimerEvent: {}
[470.534474] (-) TimerEvent: {}
[470.635560] (-) TimerEvent: {}
[470.736605] (-) TimerEvent: {}
[470.837634] (-) TimerEvent: {}
[470.938633] (-) TimerEvent: {}
[471.039648] (-) TimerEvent: {}
[471.140653] (-) TimerEvent: {}
[471.241629] (-) TimerEvent: {}
[471.342619] (-) TimerEvent: {}
[471.443606] (-) TimerEvent: {}
[471.544618] (-) TimerEvent: {}
[471.645611] (-) TimerEvent: {}
[471.746621] (-) TimerEvent: {}
[471.847632] (-) TimerEvent: {}
[471.948652] (-) TimerEvent: {}
[472.049733] (-) TimerEvent: {}
[472.150706] (-) TimerEvent: {}
[472.251682] (-) TimerEvent: {}
[472.352786] (-) TimerEvent: {}
[472.453794] (-) TimerEvent: {}
[472.554788] (-) TimerEvent: {}
[472.655801] (-) TimerEvent: {}
[472.756853] (-) TimerEvent: {}
[472.857880] (-) TimerEvent: {}
[472.958854] (-) TimerEvent: {}
[473.059944] (-) TimerEvent: {}
[473.160979] (-) TimerEvent: {}
[473.261999] (-) TimerEvent: {}
[473.363802] (-) TimerEvent: {}
[473.465323] (-) TimerEvent: {}
[473.566463] (-) TimerEvent: {}
[473.667449] (-) TimerEvent: {}
[473.768476] (-) TimerEvent: {}
[473.869477] (-) TimerEvent: {}
[473.970498] (-) TimerEvent: {}
[474.071671] (-) TimerEvent: {}
[474.172847] (-) TimerEvent: {}
[474.273912] (-) TimerEvent: {}
[474.374958] (-) TimerEvent: {}
[474.476077] (-) TimerEvent: {}
[474.577103] (-) TimerEvent: {}
[474.678194] (-) TimerEvent: {}
[474.779246] (-) TimerEvent: {}
[474.880256] (-) TimerEvent: {}
[474.981295] (-) TimerEvent: {}
[475.082289] (-) TimerEvent: {}
[475.183347] (-) TimerEvent: {}
[475.284426] (-) TimerEvent: {}
[475.385524] (-) TimerEvent: {}
[475.486499] (-) TimerEvent: {}
[475.587459] (-) TimerEvent: {}
[475.688631] (-) TimerEvent: {}
[475.789618] (-) TimerEvent: {}
[475.890610] (-) TimerEvent: {}
[475.992240] (-) TimerEvent: {}
[476.093445] (-) TimerEvent: {}
[476.194552] (-) TimerEvent: {}
[476.295581] (-) TimerEvent: {}
[476.396732] (-) TimerEvent: {}
[476.497883] (-) TimerEvent: {}
[476.598822] (-) TimerEvent: {}
[476.699786] (-) TimerEvent: {}
[476.800873] (-) TimerEvent: {}
[476.901892] (-) TimerEvent: {}
[477.002940] (-) TimerEvent: {}
[477.104038] (-) TimerEvent: {}
[477.205172] (-) TimerEvent: {}
[477.306155] (-) TimerEvent: {}
[477.407169] (-) TimerEvent: {}
[477.508302] (-) TimerEvent: {}
[477.609221] (-) TimerEvent: {}
[477.710154] (-) TimerEvent: {}
[477.811075] (-) TimerEvent: {}
[477.912012] (-) TimerEvent: {}
[478.013014] (-) TimerEvent: {}
[478.113929] (-) TimerEvent: {}
[478.214846] (-) TimerEvent: {}
[478.315775] (-) TimerEvent: {}
[478.416803] (-) TimerEvent: {}
[478.517919] (-) TimerEvent: {}
[478.618844] (-) TimerEvent: {}
[478.719804] (-) TimerEvent: {}
[478.820812] (-) TimerEvent: {}
[478.921797] (-) TimerEvent: {}
[479.022790] (-) TimerEvent: {}
[479.123691] (-) TimerEvent: {}
[479.224643] (-) TimerEvent: {}
[479.325628] (-) TimerEvent: {}
[479.426695] (-) TimerEvent: {}
[479.527794] (-) TimerEvent: {}
[479.628865] (-) TimerEvent: {}
[479.730015] (-) TimerEvent: {}
[479.830936] (-) TimerEvent: {}
[479.937601] (-) TimerEvent: {}
[480.038334] (-) TimerEvent: {}
[480.138960] (-) TimerEvent: {}
[480.239584] (-) TimerEvent: {}
[480.340249] (-) TimerEvent: {}
[480.441351] (-) TimerEvent: {}
[480.542514] (-) TimerEvent: {}
[480.643244] (-) TimerEvent: {}
[480.743917] (-) TimerEvent: {}
[480.844502] (-) TimerEvent: {}
[480.945088] (-) TimerEvent: {}
[481.045982] (-) TimerEvent: {}
[481.146730] (-) TimerEvent: {}
[481.247833] (-) TimerEvent: {}
[481.348741] (-) TimerEvent: {}
[481.449362] (-) TimerEvent: {}
[481.550380] (-) TimerEvent: {}
[481.651585] (-) TimerEvent: {}
[481.756569] (-) TimerEvent: {}
[481.857242] (-) TimerEvent: {}
[481.958401] (-) TimerEvent: {}
[482.059641] (-) TimerEvent: {}
[482.161120] (-) TimerEvent: {}
[482.262446] (-) TimerEvent: {}
[482.365836] (-) TimerEvent: {}
[482.467128] (-) TimerEvent: {}
[482.568168] (-) TimerEvent: {}
[482.668846] (-) TimerEvent: {}
[482.769595] (-) TimerEvent: {}
[482.870243] (-) TimerEvent: {}
[482.970902] (-) TimerEvent: {}
[483.071556] (-) TimerEvent: {}
[483.172255] (-) TimerEvent: {}
[483.272926] (-) TimerEvent: {}
[483.373645] (-) TimerEvent: {}
[483.474301] (-) TimerEvent: {}
[483.575059] (-) TimerEvent: {}
[483.675683] (-) TimerEvent: {}
[483.776310] (-) TimerEvent: {}
[483.876973] (-) TimerEvent: {}
[483.977639] (-) TimerEvent: {}
[484.078286] (-) TimerEvent: {}
[484.178986] (-) TimerEvent: {}
[484.279810] (-) TimerEvent: {}
[484.381336] (-) TimerEvent: {}
[484.482403] (-) TimerEvent: {}
[484.583299] (-) TimerEvent: {}
[484.684077] (-) TimerEvent: {}
[484.785099] (-) TimerEvent: {}
[484.886023] (-) TimerEvent: {}
[484.990475] (-) TimerEvent: {}
[485.091469] (-) TimerEvent: {}
[485.196758] (-) TimerEvent: {}
[485.299552] (-) TimerEvent: {}
[485.400631] (-) TimerEvent: {}
[485.502218] (-) TimerEvent: {}
[485.602910] (-) TimerEvent: {}
[485.703933] (-) TimerEvent: {}
[485.804764] (-) TimerEvent: {}
[485.905592] (-) TimerEvent: {}
[486.006883] (-) TimerEvent: {}
[486.107853] (-) TimerEvent: {}
[486.208743] (-) TimerEvent: {}
[486.310126] (-) TimerEvent: {}
[486.411091] (-) TimerEvent: {}
[486.511753] (-) TimerEvent: {}
[486.612801] (-) TimerEvent: {}
[486.713782] (-) TimerEvent: {}
[486.816679] (-) TimerEvent: {}
[486.918410] (-) TimerEvent: {}
[487.019864] (-) TimerEvent: {}
[487.121223] (-) TimerEvent: {}
[487.223456] (-) TimerEvent: {}
[487.328685] (-) TimerEvent: {}
[487.432291] (-) TimerEvent: {}
[487.535101] (-) TimerEvent: {}
[487.636202] (-) TimerEvent: {}
[487.737265] (-) TimerEvent: {}
[487.838452] (-) TimerEvent: {}
[487.939456] (-) TimerEvent: {}
[488.040952] (-) TimerEvent: {}
[488.149034] (-) TimerEvent: {}
[488.250402] (-) TimerEvent: {}
[488.351726] (-) TimerEvent: {}
[488.455827] (-) TimerEvent: {}
[488.558699] (-) TimerEvent: {}
[488.659440] (-) TimerEvent: {}
[488.760612] (-) TimerEvent: {}
[488.861384] (-) TimerEvent: {}
[488.962212] (-) TimerEvent: {}
[489.063006] (-) TimerEvent: {}
[489.164145] (-) TimerEvent: {}
[489.265659] (-) TimerEvent: {}
[489.366723] (-) TimerEvent: {}
[489.467994] (-) TimerEvent: {}
[489.568752] (-) TimerEvent: {}
[489.669566] (-) TimerEvent: {}
[489.770477] (-) TimerEvent: {}
[489.871224] (-) TimerEvent: {}
[489.972537] (-) TimerEvent: {}
[490.073542] (-) TimerEvent: {}
[490.174811] (-) TimerEvent: {}
[490.275761] (-) TimerEvent: {}
[490.376790] (-) TimerEvent: {}
[490.481575] (-) TimerEvent: {}
[490.583724] (-) TimerEvent: {}
[490.684891] (-) TimerEvent: {}
[490.786153] (-) TimerEvent: {}
[490.886844] (-) TimerEvent: {}
[490.987660] (-) TimerEvent: {}
[491.088494] (-) TimerEvent: {}
[491.189227] (-) TimerEvent: {}
[491.290319] (-) TimerEvent: {}
[491.391256] (-) TimerEvent: {}
[491.496797] (-) TimerEvent: {}
[491.597818] (-) TimerEvent: {}
[491.698497] (-) TimerEvent: {}
[491.799587] (-) TimerEvent: {}
[491.900540] (-) TimerEvent: {}
[492.001818] (-) TimerEvent: {}
[492.102883] (-) TimerEvent: {}
[492.203931] (-) TimerEvent: {}
[492.305103] (-) TimerEvent: {}
[492.407472] (-) TimerEvent: {}
[492.508470] (-) TimerEvent: {}
[492.609180] (-) TimerEvent: {}
[492.710431] (-) TimerEvent: {}
[492.811806] (-) TimerEvent: {}
[492.912794] (-) TimerEvent: {}
[493.013701] (-) TimerEvent: {}
[493.114721] (-) TimerEvent: {}
[493.215917] (-) TimerEvent: {}
[493.316969] (-) TimerEvent: {}
[493.417771] (-) TimerEvent: {}
[493.518542] (-) TimerEvent: {}
[493.619553] (-) TimerEvent: {}
[493.728715] (-) TimerEvent: {}
[493.829379] (-) TimerEvent: {}
[493.930613] (-) TimerEvent: {}
[494.032584] (-) TimerEvent: {}
[494.136567] (-) TimerEvent: {}
[494.237825] (-) TimerEvent: {}
[494.338870] (-) TimerEvent: {}
[494.440328] (-) TimerEvent: {}
[494.541637] (-) TimerEvent: {}
[494.642954] (-) TimerEvent: {}
[494.744035] (-) TimerEvent: {}
[494.845112] (-) TimerEvent: {}
[494.949990] (-) TimerEvent: {}
[495.051832] (-) TimerEvent: {}
[495.152542] (-) TimerEvent: {}
[495.261210] (-) TimerEvent: {}
[495.361947] (-) TimerEvent: {}
[495.462685] (-) TimerEvent: {}
[495.563425] (-) TimerEvent: {}
[495.665196] (-) TimerEvent: {}
[495.766850] (-) TimerEvent: {}
[495.867804] (-) TimerEvent: {}
[495.968498] (-) TimerEvent: {}
[496.069465] (-) TimerEvent: {}
[496.170093] (-) TimerEvent: {}
[496.271046] (-) TimerEvent: {}
[496.371753] (-) TimerEvent: {}
[496.472785] (-) TimerEvent: {}
[496.573427] (-) TimerEvent: {}
[496.675037] (-) TimerEvent: {}
[496.775869] (-) TimerEvent: {}
[496.876987] (-) TimerEvent: {}
[496.978067] (-) TimerEvent: {}
[497.078909] (-) TimerEvent: {}
[497.179569] (-) TimerEvent: {}
[497.280526] (-) TimerEvent: {}
[497.381599] (-) TimerEvent: {}
[497.482269] (-) TimerEvent: {}
[497.582932] (-) TimerEvent: {}
[497.683915] (-) TimerEvent: {}
[497.785224] (-) TimerEvent: {}
[497.885907] (-) TimerEvent: {}
[497.986941] (-) TimerEvent: {}
[498.087643] (-) TimerEvent: {}
[498.188291] (-) TimerEvent: {}
[498.292222] (-) TimerEvent: {}
[498.392844] (-) TimerEvent: {}
[498.494016] (-) TimerEvent: {}
[498.594939] (-) TimerEvent: {}
[498.695814] (-) TimerEvent: {}
[498.796537] (-) TimerEvent: {}
[498.897169] (-) TimerEvent: {}
[498.998102] (-) TimerEvent: {}
[499.098723] (-) TimerEvent: {}
[499.199362] (-) TimerEvent: {}
[499.300053] (-) TimerEvent: {}
[499.400836] (-) TimerEvent: {}
[499.501529] (-) TimerEvent: {}
[499.604711] (-) TimerEvent: {}
[499.706025] (-) TimerEvent: {}
[499.806925] (-) TimerEvent: {}
[499.912664] (-) TimerEvent: {}
[500.013867] (-) TimerEvent: {}
[500.115760] (-) TimerEvent: {}
[500.217314] (-) TimerEvent: {}
[500.318763] (-) TimerEvent: {}
[500.419623] (-) TimerEvent: {}
[500.520503] (-) TimerEvent: {}
[500.621175] (-) TimerEvent: {}
[500.721830] (-) TimerEvent: {}
[500.822685] (-) TimerEvent: {}
[500.923414] (-) TimerEvent: {}
[501.024150] (-) TimerEvent: {}
[501.124907] (-) TimerEvent: {}
[501.227642] (-) TimerEvent: {}
[501.328891] (-) TimerEvent: {}
[501.429847] (-) TimerEvent: {}
[501.530523] (-) TimerEvent: {}
[501.631438] (-) TimerEvent: {}
[501.732047] (-) TimerEvent: {}
[501.832991] (-) TimerEvent: {}
[501.934056] (-) TimerEvent: {}
[502.034737] (-) TimerEvent: {}
[502.135407] (-) TimerEvent: {}
[502.240575] (-) TimerEvent: {}
[502.341805] (-) TimerEvent: {}
[502.444777] (-) TimerEvent: {}
[502.547001] (-) TimerEvent: {}
[502.648109] (-) TimerEvent: {}
[502.753792] (-) TimerEvent: {}
[502.854678] (-) TimerEvent: {}
[502.955402] (-) TimerEvent: {}
[503.056873] (-) TimerEvent: {}
[503.157476] (-) TimerEvent: {}
[503.258698] (-) TimerEvent: {}
[503.359315] (-) TimerEvent: {}
[503.460080] (-) TimerEvent: {}
[503.561032] (-) TimerEvent: {}
[503.662137] (-) TimerEvent: {}
[503.762903] (-) TimerEvent: {}
[503.863795] (-) TimerEvent: {}
[503.964560] (-) TimerEvent: {}
[504.065689] (-) TimerEvent: {}
[504.166439] (-) TimerEvent: {}
[504.267402] (-) TimerEvent: {}
[504.369457] (-) TimerEvent: {}
[504.470484] (-) TimerEvent: {}
[504.571679] (-) TimerEvent: {}
[504.672753] (-) TimerEvent: {}
[504.773834] (-) TimerEvent: {}
[504.874471] (-) TimerEvent: {}
[504.980646] (-) TimerEvent: {}
[505.081836] (-) TimerEvent: {}
[505.182568] (-) TimerEvent: {}
[505.284040] (-) TimerEvent: {}
[505.385716] (-) TimerEvent: {}
[505.486561] (-) TimerEvent: {}
[505.587242] (-) TimerEvent: {}
[505.688268] (-) TimerEvent: {}
[505.789020] (-) TimerEvent: {}
[505.889670] (-) TimerEvent: {}
[505.990644] (-) TimerEvent: {}
[506.091288] (-) TimerEvent: {}
[506.192283] (-) TimerEvent: {}
[506.292980] (-) TimerEvent: {}
[506.393735] (-) TimerEvent: {}
[506.494433] (-) TimerEvent: {}
[506.595157] (-) TimerEvent: {}
[506.695974] (-) TimerEvent: {}
[506.796780] (-) TimerEvent: {}
[506.897484] (-) TimerEvent: {}
[506.998186] (-) TimerEvent: {}
[507.099123] (-) TimerEvent: {}
[507.200027] (-) TimerEvent: {}
[507.300774] (-) TimerEvent: {}
[507.401441] (-) TimerEvent: {}
[507.502458] (-) TimerEvent: {}
[507.603198] (-) TimerEvent: {}
[507.708712] (-) TimerEvent: {}
[507.809509] (-) TimerEvent: {}
[507.910645] (-) TimerEvent: {}
[508.011637] (-) TimerEvent: {}
[508.112672] (-) TimerEvent: {}
[508.213807] (-) TimerEvent: {}
[508.320176] (-) TimerEvent: {}
[508.421275] (-) TimerEvent: {}
[508.521873] (-) TimerEvent: {}
[508.622885] (-) TimerEvent: {}
[508.723847] (-) TimerEvent: {}
[508.826735] (-) TimerEvent: {}
[508.927805] (-) TimerEvent: {}
[509.028964] (-) TimerEvent: {}
[509.129971] (-) TimerEvent: {}
[509.230862] (-) TimerEvent: {}
[509.331835] (-) TimerEvent: {}
[509.433081] (-) TimerEvent: {}
[509.534082] (-) TimerEvent: {}
[509.634828] (-) TimerEvent: {}
[509.735681] (-) TimerEvent: {}
[509.836568] (-) TimerEvent: {}
[509.937565] (-) TimerEvent: {}
[510.072120] (-) TimerEvent: {}
[510.172770] (-) TimerEvent: {}
[510.273389] (-) TimerEvent: {}
[510.374681] (-) TimerEvent: {}
[510.475444] (-) TimerEvent: {}
[510.576503] (-) TimerEvent: {}
[510.677700] (-) TimerEvent: {}
[510.778646] (-) TimerEvent: {}
[510.879935] (-) TimerEvent: {}
[510.980896] (-) TimerEvent: {}
[511.081907] (-) TimerEvent: {}
[511.182974] (-) TimerEvent: {}
[511.284043] (-) TimerEvent: {}
[511.385039] (-) TimerEvent: {}
[511.486089] (-) TimerEvent: {}
[511.586817] (-) TimerEvent: {}
[511.687779] (-) TimerEvent: {}
[511.788455] (-) TimerEvent: {}
[511.889122] (-) TimerEvent: {}
[511.990009] (-) TimerEvent: {}
[512.090742] (-) TimerEvent: {}
[512.191411] (-) TimerEvent: {}
[512.292191] (-) TimerEvent: {}
[512.392985] (-) TimerEvent: {}
[512.493652] (-) TimerEvent: {}
[512.596063] (-) TimerEvent: {}
[512.696753] (-) TimerEvent: {}
[512.797366] (-) TimerEvent: {}
[512.898108] (-) TimerEvent: {}
[512.998794] (-) TimerEvent: {}
[513.099472] (-) TimerEvent: {}
[513.200242] (-) TimerEvent: {}
[513.300912] (-) TimerEvent: {}
[513.401648] (-) TimerEvent: {}
[513.504565] (-) TimerEvent: {}
[513.605322] (-) TimerEvent: {}
[513.706475] (-) TimerEvent: {}
[513.807487] (-) TimerEvent: {}
[513.908522] (-) TimerEvent: {}
[514.009452] (-) TimerEvent: {}
[514.110912] (-) TimerEvent: {}
[514.212223] (-) TimerEvent: {}
[514.313295] (-) TimerEvent: {}
[514.414569] (-) TimerEvent: {}
[514.515671] (-) TimerEvent: {}
[514.617017] (-) TimerEvent: {}
[514.718035] (-) TimerEvent: {}
[514.819304] (-) TimerEvent: {}
[514.920146] (-) TimerEvent: {}
[515.073568] (-) TimerEvent: {}
[515.174300] (-) TimerEvent: {}
[515.275038] (-) TimerEvent: {}
[515.375765] (-) TimerEvent: {}
[515.476639] (-) TimerEvent: {}
[515.577408] (-) TimerEvent: {}
[515.680578] (-) TimerEvent: {}
[515.781364] (-) TimerEvent: {}
[515.882159] (-) TimerEvent: {}
[515.982898] (-) TimerEvent: {}
[516.083882] (-) TimerEvent: {}
[516.184642] (-) TimerEvent: {}
[516.285727] (-) TimerEvent: {}
[516.386981] (-) TimerEvent: {}
[516.454704] (opentera_webrtc_demos) StderrLine: {'line': b'npm ERR! code ETIMEDOUT\n'}
[516.455548] (opentera_webrtc_demos) StderrLine: {'line': b'npm ERR! syscall connect\n'}
[516.455963] (opentera_webrtc_demos) StderrLine: {'line': b'npm ERR! errno ETIMEDOUT\n'}
[516.456268] (opentera_webrtc_demos) StderrLine: {'line': b'npm ERR! network request to https://gitpkg.vercel.app/introlab/opentera-webrtc/opentera-webrtc-web-client?v1.2.2 failed, reason: connect ETIMEDOUT 208.101.21.43:443\n'}
[516.456654] (opentera_webrtc_demos) StderrLine: {'line': b'npm ERR! network This is a problem related to network connectivity.\n'}
[516.456969] (opentera_webrtc_demos) StderrLine: {'line': b'npm ERR! network In most cases you are behind a proxy or have bad network settings.\n'}
[516.457233] (opentera_webrtc_demos) StderrLine: {'line': b'npm ERR! network \n'}
[516.457474] (opentera_webrtc_demos) StderrLine: {'line': b'npm ERR! network If you are behind a proxy, please make sure that the\n'}
[516.457724] (opentera_webrtc_demos) StderrLine: {'line': b"npm ERR! network 'proxy' config is set properly.  See: 'npm help config'\n"}
[516.458007] (opentera_webrtc_demos) StderrLine: {'line': b'\n'}
[516.458280] (opentera_webrtc_demos) StderrLine: {'line': b'npm ERR! A complete log of this run can be found in:\n'}
[516.458599] (opentera_webrtc_demos) StderrLine: {'line': b'npm ERR!     /root/.npm/_logs/2025-07-31T05_45_57_733Z-debug-0.log\n'}
[516.458943] (opentera_webrtc_demos) StderrLine: {'line': b'gmake[2]: *** [CMakeFiles/opentera_werbrtc_teleop_frontend-install.dir/build.make:73: node_modules.stamp] Error 1\n'}
[516.459456] (opentera_webrtc_demos) StderrLine: {'line': b'gmake[1]: *** [CMakeFiles/Makefile2:139: CMakeFiles/opentera_werbrtc_teleop_frontend-install.dir/all] Error 2\n'}
[516.460192] (opentera_webrtc_demos) StderrLine: {'line': b'gmake: *** [Makefile:146: all] Error 2\n'}
[516.461298] (opentera_webrtc_demos) CommandEnded: {'returncode': 2}
[516.487150] (-) TimerEvent: {}
[516.587364] (opentera_webrtc_demos) JobEnded: {'identifier': 'opentera_webrtc_demos', 'rc': 2}
[516.592825] (-) TimerEvent: {}
[516.598559] (-) EventReactorShutdown: {}
