[0.468s] DEBUG:colcon:Command line arguments: ['/usr/bin/colcon', 'build', '--symlink-install', '--cmake-args', '-DPYTHON_EXECUTABLE=/usr/bin/python3', '-DCMAKE_BUILD_TYPE=Debug', '--no-warn-unused-cli', '--packages-select', 'opentera_protobuf_messages', 'opentera_webrtc_ros_msgs']
[0.468s] DEBUG:colcon:Parsed command line arguments: Namespace(log_base=None, log_level=None, verb_name='build', build_base='build', install_base='install', merge_install=False, symlink_install=True, test_result_base=None, continue_on_error=False, executor='parallel', parallel_workers=4, event_handlers=None, ignore_user_meta=False, metas=['./colcon.meta'], base_paths=['.'], packages_ignore=None, packages_ignore_regex=None, paths=None, packages_up_to=None, packages_up_to_regex=None, packages_above=None, packages_above_and_dependencies=None, packages_above_depth=None, packages_select_by_dep=None, packages_skip_by_dep=None, packages_skip_up_to=None, packages_select_build_failed=False, packages_skip_build_finished=False, packages_select_test_failures=False, packages_skip_test_passed=False, packages_select=['opentera_protobuf_messages', 'opentera_webrtc_ros_msgs'], packages_skip=None, packages_select_regex=None, packages_skip_regex=None, packages_start=None, packages_end=None, cmake_args=['-DPYTHON_EXECUTABLE=/usr/bin/python3', '-DCMAKE_BUILD_TYPE=Debug', '--no-warn-unused-cli'], cmake_target=None, cmake_target_skip_unavailable=False, cmake_clean_cache=False, cmake_clean_first=False, cmake_force_configure=False, ament_cmake_args=None, catkin_cmake_args=None, catkin_skip_building_tests=False, mixin_files=None, mixin=None, verb_parser=<colcon_mixin.mixin.mixin_argument.MixinArgumentDecorator object at 0x7fbbc050f0>, verb_extension=<colcon_core.verb.build.BuildVerb object at 0x7fbbc04c40>, main=<bound method BuildVerb.main of <colcon_core.verb.build.BuildVerb object at 0x7fbbc04c40>>, mixin_verb=('build',))
[1.143s] Level 1:colcon.colcon_core.package_discovery:discover_packages(colcon_meta) check parameters
[1.146s] INFO:colcon.colcon_metadata.package_discovery.colcon_meta:Using configuration from '/root/.colcon/metadata/default/Gazebo.meta'
[1.148s] INFO:colcon.colcon_metadata.package_discovery.colcon_meta:Using configuration from '/root/.colcon/metadata/default/fastrtps.meta'
[1.148s] Level 1:colcon.colcon_core.package_discovery:discover_packages(recursive) check parameters
[1.148s] Level 1:colcon.colcon_core.package_discovery:discover_packages(ignore) check parameters
[1.148s] Level 1:colcon.colcon_core.package_discovery:discover_packages(path) check parameters
[1.148s] Level 1:colcon.colcon_core.package_discovery:discover_packages(colcon_meta) discover
[1.148s] Level 1:colcon.colcon_core.package_discovery:discover_packages(recursive) discover
[1.149s] INFO:colcon.colcon_core.package_discovery:Crawling recursively for packages in '/home/ws/ugv_ws'
[1.149s] Level 1:colcon.colcon_core.package_identification:_identify(.) by extensions ['ignore', 'ignore_ament_install']
[1.149s] Level 1:colcon.colcon_core.package_identification:_identify(.) by extension 'ignore'
[1.150s] Level 1:colcon.colcon_core.package_identification:_identify(.) by extension 'ignore_ament_install'
[1.150s] Level 1:colcon.colcon_core.package_identification:_identify(.) by extensions ['colcon_pkg']
[1.150s] Level 1:colcon.colcon_core.package_identification:_identify(.) by extension 'colcon_pkg'
[1.150s] Level 1:colcon.colcon_core.package_identification:_identify(.) by extensions ['colcon_meta']
[1.150s] Level 1:colcon.colcon_core.package_identification:_identify(.) by extension 'colcon_meta'
[1.150s] Level 1:colcon.colcon_core.package_identification:_identify(.) by extensions ['ros']
[1.150s] Level 1:colcon.colcon_core.package_identification:_identify(.) by extension 'ros'
[1.189s] Level 1:colcon.colcon_core.package_identification:_identify(.) by extensions ['cmake', 'python']
[1.190s] Level 1:colcon.colcon_core.package_identification:_identify(.) by extension 'cmake'
[1.190s] Level 1:colcon.colcon_core.package_identification:_identify(.) by extension 'python'
[1.190s] Level 1:colcon.colcon_core.package_identification:_identify(.) by extensions ['python_setup_py']
[1.190s] Level 1:colcon.colcon_core.package_identification:_identify(.) by extension 'python_setup_py'
[1.191s] Level 1:colcon.colcon_core.package_identification:_identify(build) by extensions ['ignore', 'ignore_ament_install']
[1.191s] Level 1:colcon.colcon_core.package_identification:_identify(build) by extension 'ignore'
[1.191s] Level 1:colcon.colcon_core.package_identification:_identify(build) ignored
[1.192s] Level 1:colcon.colcon_core.package_identification:_identify(install) by extensions ['ignore', 'ignore_ament_install']
[1.192s] Level 1:colcon.colcon_core.package_identification:_identify(install) by extension 'ignore'
[1.192s] Level 1:colcon.colcon_core.package_identification:_identify(install) ignored
[1.193s] Level 1:colcon.colcon_core.package_identification:_identify(log) by extensions ['ignore', 'ignore_ament_install']
[1.193s] Level 1:colcon.colcon_core.package_identification:_identify(log) by extension 'ignore'
[1.193s] Level 1:colcon.colcon_core.package_identification:_identify(log) ignored
[1.193s] Level 1:colcon.colcon_core.package_identification:_identify(src) by extensions ['ignore', 'ignore_ament_install']
[1.194s] Level 1:colcon.colcon_core.package_identification:_identify(src) by extension 'ignore'
[1.194s] Level 1:colcon.colcon_core.package_identification:_identify(src) by extension 'ignore_ament_install'
[1.194s] Level 1:colcon.colcon_core.package_identification:_identify(src) by extensions ['colcon_pkg']
[1.194s] Level 1:colcon.colcon_core.package_identification:_identify(src) by extension 'colcon_pkg'
[1.194s] Level 1:colcon.colcon_core.package_identification:_identify(src) by extensions ['colcon_meta']
[1.194s] Level 1:colcon.colcon_core.package_identification:_identify(src) by extension 'colcon_meta'
[1.195s] Level 1:colcon.colcon_core.package_identification:_identify(src) by extensions ['ros']
[1.195s] Level 1:colcon.colcon_core.package_identification:_identify(src) by extension 'ros'
[1.195s] Level 1:colcon.colcon_core.package_identification:_identify(src) by extensions ['cmake', 'python']
[1.195s] Level 1:colcon.colcon_core.package_identification:_identify(src) by extension 'cmake'
[1.195s] Level 1:colcon.colcon_core.package_identification:_identify(src) by extension 'python'
[1.195s] Level 1:colcon.colcon_core.package_identification:_identify(src) by extensions ['python_setup_py']
[1.195s] Level 1:colcon.colcon_core.package_identification:_identify(src) by extension 'python_setup_py'
[1.196s] Level 1:colcon.colcon_core.package_identification:_identify(src/ugv_else) by extensions ['ignore', 'ignore_ament_install']
[1.196s] Level 1:colcon.colcon_core.package_identification:_identify(src/ugv_else) by extension 'ignore'
[1.196s] Level 1:colcon.colcon_core.package_identification:_identify(src/ugv_else) by extension 'ignore_ament_install'
[1.197s] Level 1:colcon.colcon_core.package_identification:_identify(src/ugv_else) by extensions ['colcon_pkg']
[1.197s] Level 1:colcon.colcon_core.package_identification:_identify(src/ugv_else) by extension 'colcon_pkg'
[1.197s] Level 1:colcon.colcon_core.package_identification:_identify(src/ugv_else) by extensions ['colcon_meta']
[1.197s] Level 1:colcon.colcon_core.package_identification:_identify(src/ugv_else) by extension 'colcon_meta'
[1.197s] Level 1:colcon.colcon_core.package_identification:_identify(src/ugv_else) by extensions ['ros']
[1.197s] Level 1:colcon.colcon_core.package_identification:_identify(src/ugv_else) by extension 'ros'
[1.197s] Level 1:colcon.colcon_core.package_identification:_identify(src/ugv_else) by extensions ['cmake', 'python']
[1.198s] Level 1:colcon.colcon_core.package_identification:_identify(src/ugv_else) by extension 'cmake'
[1.198s] Level 1:colcon.colcon_core.package_identification:_identify(src/ugv_else) by extension 'python'
[1.198s] Level 1:colcon.colcon_core.package_identification:_identify(src/ugv_else) by extensions ['python_setup_py']
[1.198s] Level 1:colcon.colcon_core.package_identification:_identify(src/ugv_else) by extension 'python_setup_py'
[1.198s] Level 1:colcon.colcon_core.package_identification:_identify(src/ugv_else/apriltag_ros) by extensions ['ignore', 'ignore_ament_install']
[1.199s] Level 1:colcon.colcon_core.package_identification:_identify(src/ugv_else/apriltag_ros) by extension 'ignore'
[1.199s] Level 1:colcon.colcon_core.package_identification:_identify(src/ugv_else/apriltag_ros) by extension 'ignore_ament_install'
[1.199s] Level 1:colcon.colcon_core.package_identification:_identify(src/ugv_else/apriltag_ros) by extensions ['colcon_pkg']
[1.199s] Level 1:colcon.colcon_core.package_identification:_identify(src/ugv_else/apriltag_ros) by extension 'colcon_pkg'
[1.199s] Level 1:colcon.colcon_core.package_identification:_identify(src/ugv_else/apriltag_ros) by extensions ['colcon_meta']
[1.199s] Level 1:colcon.colcon_core.package_identification:_identify(src/ugv_else/apriltag_ros) by extension 'colcon_meta'
[1.200s] Level 1:colcon.colcon_core.package_identification:_identify(src/ugv_else/apriltag_ros) by extensions ['ros']
[1.200s] Level 1:colcon.colcon_core.package_identification:_identify(src/ugv_else/apriltag_ros) by extension 'ros'
[1.200s] Level 1:colcon.colcon_core.package_identification:_identify(src/ugv_else/apriltag_ros) by extensions ['cmake', 'python']
[1.200s] Level 1:colcon.colcon_core.package_identification:_identify(src/ugv_else/apriltag_ros) by extension 'cmake'
[1.200s] Level 1:colcon.colcon_core.package_identification:_identify(src/ugv_else/apriltag_ros) by extension 'python'
[1.200s] Level 1:colcon.colcon_core.package_identification:_identify(src/ugv_else/apriltag_ros) by extensions ['python_setup_py']
[1.201s] Level 1:colcon.colcon_core.package_identification:_identify(src/ugv_else/apriltag_ros) by extension 'python_setup_py'
[1.201s] Level 1:colcon.colcon_core.package_identification:_identify(src/ugv_else/apriltag_ros/apriltag) by extensions ['ignore', 'ignore_ament_install']
[1.201s] Level 1:colcon.colcon_core.package_identification:_identify(src/ugv_else/apriltag_ros/apriltag) by extension 'ignore'
[1.201s] Level 1:colcon.colcon_core.package_identification:_identify(src/ugv_else/apriltag_ros/apriltag) by extension 'ignore_ament_install'
[1.202s] Level 1:colcon.colcon_core.package_identification:_identify(src/ugv_else/apriltag_ros/apriltag) by extensions ['colcon_pkg']
[1.202s] Level 1:colcon.colcon_core.package_identification:_identify(src/ugv_else/apriltag_ros/apriltag) by extension 'colcon_pkg'
[1.202s] Level 1:colcon.colcon_core.package_identification:_identify(src/ugv_else/apriltag_ros/apriltag) by extensions ['colcon_meta']
[1.202s] Level 1:colcon.colcon_core.package_identification:_identify(src/ugv_else/apriltag_ros/apriltag) by extension 'colcon_meta'
[1.202s] Level 1:colcon.colcon_core.package_identification:_identify(src/ugv_else/apriltag_ros/apriltag) by extensions ['ros']
[1.202s] Level 1:colcon.colcon_core.package_identification:_identify(src/ugv_else/apriltag_ros/apriltag) by extension 'ros'
[1.216s] DEBUG:colcon.colcon_core.package_identification:Package 'src/ugv_else/apriltag_ros/apriltag' with type 'ros.cmake' and name 'apriltag'
[1.217s] Level 1:colcon.colcon_core.package_identification:_identify(src/ugv_else/apriltag_ros/apriltag_msgs) by extensions ['ignore', 'ignore_ament_install']
[1.217s] Level 1:colcon.colcon_core.package_identification:_identify(src/ugv_else/apriltag_ros/apriltag_msgs) by extension 'ignore'
[1.218s] Level 1:colcon.colcon_core.package_identification:_identify(src/ugv_else/apriltag_ros/apriltag_msgs) by extension 'ignore_ament_install'
[1.218s] Level 1:colcon.colcon_core.package_identification:_identify(src/ugv_else/apriltag_ros/apriltag_msgs) by extensions ['colcon_pkg']
[1.218s] Level 1:colcon.colcon_core.package_identification:_identify(src/ugv_else/apriltag_ros/apriltag_msgs) by extension 'colcon_pkg'
[1.218s] Level 1:colcon.colcon_core.package_identification:_identify(src/ugv_else/apriltag_ros/apriltag_msgs) by extensions ['colcon_meta']
[1.218s] Level 1:colcon.colcon_core.package_identification:_identify(src/ugv_else/apriltag_ros/apriltag_msgs) by extension 'colcon_meta'
[1.218s] Level 1:colcon.colcon_core.package_identification:_identify(src/ugv_else/apriltag_ros/apriltag_msgs) by extensions ['ros']
[1.219s] Level 1:colcon.colcon_core.package_identification:_identify(src/ugv_else/apriltag_ros/apriltag_msgs) by extension 'ros'
[1.221s] DEBUG:colcon.colcon_core.package_identification:Package 'src/ugv_else/apriltag_ros/apriltag_msgs' with type 'ros.ament_cmake' and name 'apriltag_msgs'
[1.221s] Level 1:colcon.colcon_core.package_identification:_identify(src/ugv_else/apriltag_ros/apriltag_ros) by extensions ['ignore', 'ignore_ament_install']
[1.222s] Level 1:colcon.colcon_core.package_identification:_identify(src/ugv_else/apriltag_ros/apriltag_ros) by extension 'ignore'
[1.222s] Level 1:colcon.colcon_core.package_identification:_identify(src/ugv_else/apriltag_ros/apriltag_ros) by extension 'ignore_ament_install'
[1.222s] Level 1:colcon.colcon_core.package_identification:_identify(src/ugv_else/apriltag_ros/apriltag_ros) by extensions ['colcon_pkg']
[1.222s] Level 1:colcon.colcon_core.package_identification:_identify(src/ugv_else/apriltag_ros/apriltag_ros) by extension 'colcon_pkg'
[1.222s] Level 1:colcon.colcon_core.package_identification:_identify(src/ugv_else/apriltag_ros/apriltag_ros) by extensions ['colcon_meta']
[1.223s] Level 1:colcon.colcon_core.package_identification:_identify(src/ugv_else/apriltag_ros/apriltag_ros) by extension 'colcon_meta'
[1.223s] Level 1:colcon.colcon_core.package_identification:_identify(src/ugv_else/apriltag_ros/apriltag_ros) by extensions ['ros']
[1.223s] Level 1:colcon.colcon_core.package_identification:_identify(src/ugv_else/apriltag_ros/apriltag_ros) by extension 'ros'
[1.228s] DEBUG:colcon.colcon_core.package_identification:Package 'src/ugv_else/apriltag_ros/apriltag_ros' with type 'ros.ament_cmake' and name 'apriltag_ros'
[1.229s] Level 1:colcon.colcon_core.package_identification:_identify(src/ugv_else/audio_utils) by extensions ['ignore', 'ignore_ament_install']
[1.229s] Level 1:colcon.colcon_core.package_identification:_identify(src/ugv_else/audio_utils) by extension 'ignore'
[1.229s] Level 1:colcon.colcon_core.package_identification:_identify(src/ugv_else/audio_utils) by extension 'ignore_ament_install'
[1.230s] Level 1:colcon.colcon_core.package_identification:_identify(src/ugv_else/audio_utils) by extensions ['colcon_pkg']
[1.230s] Level 1:colcon.colcon_core.package_identification:_identify(src/ugv_else/audio_utils) by extension 'colcon_pkg'
[1.230s] Level 1:colcon.colcon_core.package_identification:_identify(src/ugv_else/audio_utils) by extensions ['colcon_meta']
[1.230s] Level 1:colcon.colcon_core.package_identification:_identify(src/ugv_else/audio_utils) by extension 'colcon_meta'
[1.230s] Level 1:colcon.colcon_core.package_identification:_identify(src/ugv_else/audio_utils) by extensions ['ros']
[1.230s] Level 1:colcon.colcon_core.package_identification:_identify(src/ugv_else/audio_utils) by extension 'ros'
[1.231s] Level 1:colcon.colcon_core.package_identification:_identify(src/ugv_else/audio_utils) by extensions ['cmake', 'python']
[1.231s] Level 1:colcon.colcon_core.package_identification:_identify(src/ugv_else/audio_utils) by extension 'cmake'
[1.231s] Level 1:colcon.colcon_core.package_identification:_identify(src/ugv_else/audio_utils) by extension 'python'
[1.231s] Level 1:colcon.colcon_core.package_identification:_identify(src/ugv_else/audio_utils) by extensions ['python_setup_py']
[1.231s] Level 1:colcon.colcon_core.package_identification:_identify(src/ugv_else/audio_utils) by extension 'python_setup_py'
[1.232s] Level 1:colcon.colcon_core.package_identification:_identify(src/ugv_else/audio_utils/audio_utils) by extensions ['ignore', 'ignore_ament_install']
[1.232s] Level 1:colcon.colcon_core.package_identification:_identify(src/ugv_else/audio_utils/audio_utils) by extension 'ignore'
[1.232s] Level 1:colcon.colcon_core.package_identification:_identify(src/ugv_else/audio_utils/audio_utils) by extension 'ignore_ament_install'
[1.232s] Level 1:colcon.colcon_core.package_identification:_identify(src/ugv_else/audio_utils/audio_utils) by extensions ['colcon_pkg']
[1.232s] Level 1:colcon.colcon_core.package_identification:_identify(src/ugv_else/audio_utils/audio_utils) by extension 'colcon_pkg'
[1.233s] Level 1:colcon.colcon_core.package_identification:_identify(src/ugv_else/audio_utils/audio_utils) by extensions ['colcon_meta']
[1.233s] Level 1:colcon.colcon_core.package_identification:_identify(src/ugv_else/audio_utils/audio_utils) by extension 'colcon_meta'
[1.233s] Level 1:colcon.colcon_core.package_identification:_identify(src/ugv_else/audio_utils/audio_utils) by extensions ['ros']
[1.233s] Level 1:colcon.colcon_core.package_identification:_identify(src/ugv_else/audio_utils/audio_utils) by extension 'ros'
[1.236s] DEBUG:colcon.colcon_core.package_identification:Package 'src/ugv_else/audio_utils/audio_utils' with type 'ros.ament_cmake' and name 'audio_utils'
[1.236s] Level 1:colcon.colcon_core.package_identification:_identify(src/ugv_else/audio_utils/audio_utils_msgs) by extensions ['ignore', 'ignore_ament_install']
[1.237s] Level 1:colcon.colcon_core.package_identification:_identify(src/ugv_else/audio_utils/audio_utils_msgs) by extension 'ignore'
[1.237s] Level 1:colcon.colcon_core.package_identification:_identify(src/ugv_else/audio_utils/audio_utils_msgs) by extension 'ignore_ament_install'
[1.237s] Level 1:colcon.colcon_core.package_identification:_identify(src/ugv_else/audio_utils/audio_utils_msgs) by extensions ['colcon_pkg']
[1.237s] Level 1:colcon.colcon_core.package_identification:_identify(src/ugv_else/audio_utils/audio_utils_msgs) by extension 'colcon_pkg'
[1.237s] Level 1:colcon.colcon_core.package_identification:_identify(src/ugv_else/audio_utils/audio_utils_msgs) by extensions ['colcon_meta']
[1.237s] Level 1:colcon.colcon_core.package_identification:_identify(src/ugv_else/audio_utils/audio_utils_msgs) by extension 'colcon_meta'
[1.238s] Level 1:colcon.colcon_core.package_identification:_identify(src/ugv_else/audio_utils/audio_utils_msgs) by extensions ['ros']
[1.238s] Level 1:colcon.colcon_core.package_identification:_identify(src/ugv_else/audio_utils/audio_utils_msgs) by extension 'ros'
[1.240s] DEBUG:colcon.colcon_core.package_identification:Package 'src/ugv_else/audio_utils/audio_utils_msgs' with type 'ros.ament_cmake' and name 'audio_utils_msgs'
[1.241s] Level 1:colcon.colcon_core.package_identification:_identify(src/ugv_else/cartographer) by extensions ['ignore', 'ignore_ament_install']
[1.241s] Level 1:colcon.colcon_core.package_identification:_identify(src/ugv_else/cartographer) by extension 'ignore'
[1.241s] Level 1:colcon.colcon_core.package_identification:_identify(src/ugv_else/cartographer) by extension 'ignore_ament_install'
[1.241s] Level 1:colcon.colcon_core.package_identification:_identify(src/ugv_else/cartographer) by extensions ['colcon_pkg']
[1.241s] Level 1:colcon.colcon_core.package_identification:_identify(src/ugv_else/cartographer) by extension 'colcon_pkg'
[1.242s] Level 1:colcon.colcon_core.package_identification:_identify(src/ugv_else/cartographer) by extensions ['colcon_meta']
[1.242s] Level 1:colcon.colcon_core.package_identification:_identify(src/ugv_else/cartographer) by extension 'colcon_meta'
[1.242s] Level 1:colcon.colcon_core.package_identification:_identify(src/ugv_else/cartographer) by extensions ['ros']
[1.242s] Level 1:colcon.colcon_core.package_identification:_identify(src/ugv_else/cartographer) by extension 'ros'
[1.244s] DEBUG:colcon.colcon_core.package_identification:Package 'src/ugv_else/cartographer' with type 'ros.ament_cmake' and name 'cartographer'
[1.244s] Level 1:colcon.colcon_core.package_identification:_identify(src/ugv_else/costmap_converter) by extensions ['ignore', 'ignore_ament_install']
[1.245s] Level 1:colcon.colcon_core.package_identification:_identify(src/ugv_else/costmap_converter) by extension 'ignore'
[1.245s] Level 1:colcon.colcon_core.package_identification:_identify(src/ugv_else/costmap_converter) by extension 'ignore_ament_install'
[1.245s] Level 1:colcon.colcon_core.package_identification:_identify(src/ugv_else/costmap_converter) by extensions ['colcon_pkg']
[1.245s] Level 1:colcon.colcon_core.package_identification:_identify(src/ugv_else/costmap_converter) by extension 'colcon_pkg'
[1.245s] Level 1:colcon.colcon_core.package_identification:_identify(src/ugv_else/costmap_converter) by extensions ['colcon_meta']
[1.245s] Level 1:colcon.colcon_core.package_identification:_identify(src/ugv_else/costmap_converter) by extension 'colcon_meta'
[1.246s] Level 1:colcon.colcon_core.package_identification:_identify(src/ugv_else/costmap_converter) by extensions ['ros']
[1.246s] Level 1:colcon.colcon_core.package_identification:_identify(src/ugv_else/costmap_converter) by extension 'ros'
[1.246s] Level 1:colcon.colcon_core.package_identification:_identify(src/ugv_else/costmap_converter) by extensions ['cmake', 'python']
[1.246s] Level 1:colcon.colcon_core.package_identification:_identify(src/ugv_else/costmap_converter) by extension 'cmake'
[1.246s] Level 1:colcon.colcon_core.package_identification:_identify(src/ugv_else/costmap_converter) by extension 'python'
[1.246s] Level 1:colcon.colcon_core.package_identification:_identify(src/ugv_else/costmap_converter) by extensions ['python_setup_py']
[1.246s] Level 1:colcon.colcon_core.package_identification:_identify(src/ugv_else/costmap_converter) by extension 'python_setup_py'
[1.247s] Level 1:colcon.colcon_core.package_identification:_identify(src/ugv_else/costmap_converter/costmap_converter) by extensions ['ignore', 'ignore_ament_install']
[1.247s] Level 1:colcon.colcon_core.package_identification:_identify(src/ugv_else/costmap_converter/costmap_converter) by extension 'ignore'
[1.247s] Level 1:colcon.colcon_core.package_identification:_identify(src/ugv_else/costmap_converter/costmap_converter) by extension 'ignore_ament_install'
[1.248s] Level 1:colcon.colcon_core.package_identification:_identify(src/ugv_else/costmap_converter/costmap_converter) by extensions ['colcon_pkg']
[1.248s] Level 1:colcon.colcon_core.package_identification:_identify(src/ugv_else/costmap_converter/costmap_converter) by extension 'colcon_pkg'
[1.248s] Level 1:colcon.colcon_core.package_identification:_identify(src/ugv_else/costmap_converter/costmap_converter) by extensions ['colcon_meta']
[1.248s] Level 1:colcon.colcon_core.package_identification:_identify(src/ugv_else/costmap_converter/costmap_converter) by extension 'colcon_meta'
[1.248s] Level 1:colcon.colcon_core.package_identification:_identify(src/ugv_else/costmap_converter/costmap_converter) by extensions ['ros']
[1.248s] Level 1:colcon.colcon_core.package_identification:_identify(src/ugv_else/costmap_converter/costmap_converter) by extension 'ros'
[1.252s] DEBUG:colcon.colcon_core.package_identification:Package 'src/ugv_else/costmap_converter/costmap_converter' with type 'ros.ament_cmake' and name 'costmap_converter'
[1.253s] Level 1:colcon.colcon_core.package_identification:_identify(src/ugv_else/costmap_converter/costmap_converter_msgs) by extensions ['ignore', 'ignore_ament_install']
[1.253s] Level 1:colcon.colcon_core.package_identification:_identify(src/ugv_else/costmap_converter/costmap_converter_msgs) by extension 'ignore'
[1.253s] Level 1:colcon.colcon_core.package_identification:_identify(src/ugv_else/costmap_converter/costmap_converter_msgs) by extension 'ignore_ament_install'
[1.254s] Level 1:colcon.colcon_core.package_identification:_identify(src/ugv_else/costmap_converter/costmap_converter_msgs) by extensions ['colcon_pkg']
[1.254s] Level 1:colcon.colcon_core.package_identification:_identify(src/ugv_else/costmap_converter/costmap_converter_msgs) by extension 'colcon_pkg'
[1.254s] Level 1:colcon.colcon_core.package_identification:_identify(src/ugv_else/costmap_converter/costmap_converter_msgs) by extensions ['colcon_meta']
[1.254s] Level 1:colcon.colcon_core.package_identification:_identify(src/ugv_else/costmap_converter/costmap_converter_msgs) by extension 'colcon_meta'
[1.254s] Level 1:colcon.colcon_core.package_identification:_identify(src/ugv_else/costmap_converter/costmap_converter_msgs) by extensions ['ros']
[1.254s] Level 1:colcon.colcon_core.package_identification:_identify(src/ugv_else/costmap_converter/costmap_converter_msgs) by extension 'ros'
[1.256s] DEBUG:colcon.colcon_core.package_identification:Package 'src/ugv_else/costmap_converter/costmap_converter_msgs' with type 'ros.ament_cmake' and name 'costmap_converter_msgs'
[1.257s] Level 1:colcon.colcon_core.package_identification:_identify(src/ugv_else/cv_camera) by extensions ['ignore', 'ignore_ament_install']
[1.257s] Level 1:colcon.colcon_core.package_identification:_identify(src/ugv_else/cv_camera) by extension 'ignore'
[1.257s] Level 1:colcon.colcon_core.package_identification:_identify(src/ugv_else/cv_camera) by extension 'ignore_ament_install'
[1.258s] Level 1:colcon.colcon_core.package_identification:_identify(src/ugv_else/cv_camera) by extensions ['colcon_pkg']
[1.258s] Level 1:colcon.colcon_core.package_identification:_identify(src/ugv_else/cv_camera) by extension 'colcon_pkg'
[1.258s] Level 1:colcon.colcon_core.package_identification:_identify(src/ugv_else/cv_camera) by extensions ['colcon_meta']
[1.258s] Level 1:colcon.colcon_core.package_identification:_identify(src/ugv_else/cv_camera) by extension 'colcon_meta'
[1.258s] Level 1:colcon.colcon_core.package_identification:_identify(src/ugv_else/cv_camera) by extensions ['ros']
[1.258s] Level 1:colcon.colcon_core.package_identification:_identify(src/ugv_else/cv_camera) by extension 'ros'
[1.261s] DEBUG:colcon.colcon_core.package_identification:Package 'src/ugv_else/cv_camera' with type 'ros.ament_cmake' and name 'cv_camera'
[1.261s] Level 1:colcon.colcon_core.package_identification:_identify(src/ugv_else/emcl2_ros2) by extensions ['ignore', 'ignore_ament_install']
[1.262s] Level 1:colcon.colcon_core.package_identification:_identify(src/ugv_else/emcl2_ros2) by extension 'ignore'
[1.262s] Level 1:colcon.colcon_core.package_identification:_identify(src/ugv_else/emcl2_ros2) by extension 'ignore_ament_install'
[1.262s] Level 1:colcon.colcon_core.package_identification:_identify(src/ugv_else/emcl2_ros2) by extensions ['colcon_pkg']
[1.262s] Level 1:colcon.colcon_core.package_identification:_identify(src/ugv_else/emcl2_ros2) by extension 'colcon_pkg'
[1.262s] Level 1:colcon.colcon_core.package_identification:_identify(src/ugv_else/emcl2_ros2) by extensions ['colcon_meta']
[1.263s] Level 1:colcon.colcon_core.package_identification:_identify(src/ugv_else/emcl2_ros2) by extension 'colcon_meta'
[1.263s] Level 1:colcon.colcon_core.package_identification:_identify(src/ugv_else/emcl2_ros2) by extensions ['ros']
[1.263s] Level 1:colcon.colcon_core.package_identification:_identify(src/ugv_else/emcl2_ros2) by extension 'ros'
[1.267s] DEBUG:colcon.colcon_core.package_identification:Package 'src/ugv_else/emcl2_ros2' with type 'ros.ament_cmake' and name 'emcl2'
[1.268s] Level 1:colcon.colcon_core.package_identification:_identify(src/ugv_else/explore_lite) by extensions ['ignore', 'ignore_ament_install']
[1.268s] Level 1:colcon.colcon_core.package_identification:_identify(src/ugv_else/explore_lite) by extension 'ignore'
[1.268s] Level 1:colcon.colcon_core.package_identification:_identify(src/ugv_else/explore_lite) by extension 'ignore_ament_install'
[1.268s] Level 1:colcon.colcon_core.package_identification:_identify(src/ugv_else/explore_lite) by extensions ['colcon_pkg']
[1.269s] Level 1:colcon.colcon_core.package_identification:_identify(src/ugv_else/explore_lite) by extension 'colcon_pkg'
[1.269s] Level 1:colcon.colcon_core.package_identification:_identify(src/ugv_else/explore_lite) by extensions ['colcon_meta']
[1.269s] Level 1:colcon.colcon_core.package_identification:_identify(src/ugv_else/explore_lite) by extension 'colcon_meta'
[1.269s] Level 1:colcon.colcon_core.package_identification:_identify(src/ugv_else/explore_lite) by extensions ['ros']
[1.269s] Level 1:colcon.colcon_core.package_identification:_identify(src/ugv_else/explore_lite) by extension 'ros'
[1.274s] DEBUG:colcon.colcon_core.package_identification:Package 'src/ugv_else/explore_lite' with type 'ros.ament_cmake' and name 'explore_lite'
[1.275s] Level 1:colcon.colcon_core.package_identification:_identify(src/ugv_else/gmapping) by extensions ['ignore', 'ignore_ament_install']
[1.275s] Level 1:colcon.colcon_core.package_identification:_identify(src/ugv_else/gmapping) by extension 'ignore'
[1.275s] Level 1:colcon.colcon_core.package_identification:_identify(src/ugv_else/gmapping) by extension 'ignore_ament_install'
[1.275s] Level 1:colcon.colcon_core.package_identification:_identify(src/ugv_else/gmapping) by extensions ['colcon_pkg']
[1.276s] Level 1:colcon.colcon_core.package_identification:_identify(src/ugv_else/gmapping) by extension 'colcon_pkg'
[1.276s] Level 1:colcon.colcon_core.package_identification:_identify(src/ugv_else/gmapping) by extensions ['colcon_meta']
[1.276s] Level 1:colcon.colcon_core.package_identification:_identify(src/ugv_else/gmapping) by extension 'colcon_meta'
[1.276s] Level 1:colcon.colcon_core.package_identification:_identify(src/ugv_else/gmapping) by extensions ['ros']
[1.276s] Level 1:colcon.colcon_core.package_identification:_identify(src/ugv_else/gmapping) by extension 'ros'
[1.276s] Level 1:colcon.colcon_core.package_identification:_identify(src/ugv_else/gmapping) by extensions ['cmake', 'python']
[1.276s] Level 1:colcon.colcon_core.package_identification:_identify(src/ugv_else/gmapping) by extension 'cmake'
[1.277s] Level 1:colcon.colcon_core.package_identification:_identify(src/ugv_else/gmapping) by extension 'python'
[1.277s] Level 1:colcon.colcon_core.package_identification:_identify(src/ugv_else/gmapping) by extensions ['python_setup_py']
[1.277s] Level 1:colcon.colcon_core.package_identification:_identify(src/ugv_else/gmapping) by extension 'python_setup_py'
[1.277s] Level 1:colcon.colcon_core.package_identification:_identify(src/ugv_else/gmapping/openslam_gmapping) by extensions ['ignore', 'ignore_ament_install']
[1.278s] Level 1:colcon.colcon_core.package_identification:_identify(src/ugv_else/gmapping/openslam_gmapping) by extension 'ignore'
[1.278s] Level 1:colcon.colcon_core.package_identification:_identify(src/ugv_else/gmapping/openslam_gmapping) by extension 'ignore_ament_install'
[1.278s] Level 1:colcon.colcon_core.package_identification:_identify(src/ugv_else/gmapping/openslam_gmapping) by extensions ['colcon_pkg']
[1.278s] Level 1:colcon.colcon_core.package_identification:_identify(src/ugv_else/gmapping/openslam_gmapping) by extension 'colcon_pkg'
[1.278s] Level 1:colcon.colcon_core.package_identification:_identify(src/ugv_else/gmapping/openslam_gmapping) by extensions ['colcon_meta']
[1.278s] Level 1:colcon.colcon_core.package_identification:_identify(src/ugv_else/gmapping/openslam_gmapping) by extension 'colcon_meta'
[1.279s] Level 1:colcon.colcon_core.package_identification:_identify(src/ugv_else/gmapping/openslam_gmapping) by extensions ['ros']
[1.279s] Level 1:colcon.colcon_core.package_identification:_identify(src/ugv_else/gmapping/openslam_gmapping) by extension 'ros'
[1.281s] DEBUG:colcon.colcon_core.package_identification:Package 'src/ugv_else/gmapping/openslam_gmapping' with type 'ros.ament_cmake' and name 'openslam_gmapping'
[1.281s] Level 1:colcon.colcon_core.package_identification:_identify(src/ugv_else/gmapping/slam_gmapping) by extensions ['ignore', 'ignore_ament_install']
[1.282s] Level 1:colcon.colcon_core.package_identification:_identify(src/ugv_else/gmapping/slam_gmapping) by extension 'ignore'
[1.282s] Level 1:colcon.colcon_core.package_identification:_identify(src/ugv_else/gmapping/slam_gmapping) by extension 'ignore_ament_install'
[1.282s] Level 1:colcon.colcon_core.package_identification:_identify(src/ugv_else/gmapping/slam_gmapping) by extensions ['colcon_pkg']
[1.282s] Level 1:colcon.colcon_core.package_identification:_identify(src/ugv_else/gmapping/slam_gmapping) by extension 'colcon_pkg'
[1.282s] Level 1:colcon.colcon_core.package_identification:_identify(src/ugv_else/gmapping/slam_gmapping) by extensions ['colcon_meta']
[1.282s] Level 1:colcon.colcon_core.package_identification:_identify(src/ugv_else/gmapping/slam_gmapping) by extension 'colcon_meta'
[1.283s] Level 1:colcon.colcon_core.package_identification:_identify(src/ugv_else/gmapping/slam_gmapping) by extensions ['ros']
[1.283s] Level 1:colcon.colcon_core.package_identification:_identify(src/ugv_else/gmapping/slam_gmapping) by extension 'ros'
[1.291s] DEBUG:colcon.colcon_core.package_identification:Package 'src/ugv_else/gmapping/slam_gmapping' with type 'ros.ament_cmake' and name 'slam_gmapping'
[1.291s] Level 1:colcon.colcon_core.package_identification:_identify(src/ugv_else/ldlidar) by extensions ['ignore', 'ignore_ament_install']
[1.292s] Level 1:colcon.colcon_core.package_identification:_identify(src/ugv_else/ldlidar) by extension 'ignore'
[1.292s] Level 1:colcon.colcon_core.package_identification:_identify(src/ugv_else/ldlidar) by extension 'ignore_ament_install'
[1.292s] Level 1:colcon.colcon_core.package_identification:_identify(src/ugv_else/ldlidar) by extensions ['colcon_pkg']
[1.292s] Level 1:colcon.colcon_core.package_identification:_identify(src/ugv_else/ldlidar) by extension 'colcon_pkg'
[1.292s] Level 1:colcon.colcon_core.package_identification:_identify(src/ugv_else/ldlidar) by extensions ['colcon_meta']
[1.293s] Level 1:colcon.colcon_core.package_identification:_identify(src/ugv_else/ldlidar) by extension 'colcon_meta'
[1.293s] Level 1:colcon.colcon_core.package_identification:_identify(src/ugv_else/ldlidar) by extensions ['ros']
[1.293s] Level 1:colcon.colcon_core.package_identification:_identify(src/ugv_else/ldlidar) by extension 'ros'
[1.295s] DEBUG:colcon.colcon_core.package_identification:Package 'src/ugv_else/ldlidar' with type 'ros.ament_cmake' and name 'ldlidar'
[1.296s] Level 1:colcon.colcon_core.package_identification:_identify(src/ugv_else/odas_ros) by extensions ['ignore', 'ignore_ament_install']
[1.296s] Level 1:colcon.colcon_core.package_identification:_identify(src/ugv_else/odas_ros) by extension 'ignore'
[1.296s] Level 1:colcon.colcon_core.package_identification:_identify(src/ugv_else/odas_ros) by extension 'ignore_ament_install'
[1.296s] Level 1:colcon.colcon_core.package_identification:_identify(src/ugv_else/odas_ros) by extensions ['colcon_pkg']
[1.297s] Level 1:colcon.colcon_core.package_identification:_identify(src/ugv_else/odas_ros) by extension 'colcon_pkg'
[1.297s] Level 1:colcon.colcon_core.package_identification:_identify(src/ugv_else/odas_ros) by extensions ['colcon_meta']
[1.297s] Level 1:colcon.colcon_core.package_identification:_identify(src/ugv_else/odas_ros) by extension 'colcon_meta'
[1.297s] Level 1:colcon.colcon_core.package_identification:_identify(src/ugv_else/odas_ros) by extensions ['ros']
[1.297s] Level 1:colcon.colcon_core.package_identification:_identify(src/ugv_else/odas_ros) by extension 'ros'
[1.297s] Level 1:colcon.colcon_core.package_identification:_identify(src/ugv_else/odas_ros) by extensions ['cmake', 'python']
[1.297s] Level 1:colcon.colcon_core.package_identification:_identify(src/ugv_else/odas_ros) by extension 'cmake'
[1.298s] Level 1:colcon.colcon_core.package_identification:_identify(src/ugv_else/odas_ros) by extension 'python'
[1.298s] Level 1:colcon.colcon_core.package_identification:_identify(src/ugv_else/odas_ros) by extensions ['python_setup_py']
[1.298s] Level 1:colcon.colcon_core.package_identification:_identify(src/ugv_else/odas_ros) by extension 'python_setup_py'
[1.298s] Level 1:colcon.colcon_core.package_identification:_identify(src/ugv_else/odas_ros/odas_ros) by extensions ['ignore', 'ignore_ament_install']
[1.299s] Level 1:colcon.colcon_core.package_identification:_identify(src/ugv_else/odas_ros/odas_ros) by extension 'ignore'
[1.299s] Level 1:colcon.colcon_core.package_identification:_identify(src/ugv_else/odas_ros/odas_ros) by extension 'ignore_ament_install'
[1.299s] Level 1:colcon.colcon_core.package_identification:_identify(src/ugv_else/odas_ros/odas_ros) by extensions ['colcon_pkg']
[1.299s] Level 1:colcon.colcon_core.package_identification:_identify(src/ugv_else/odas_ros/odas_ros) by extension 'colcon_pkg'
[1.299s] Level 1:colcon.colcon_core.package_identification:_identify(src/ugv_else/odas_ros/odas_ros) by extensions ['colcon_meta']
[1.299s] Level 1:colcon.colcon_core.package_identification:_identify(src/ugv_else/odas_ros/odas_ros) by extension 'colcon_meta'
[1.300s] Level 1:colcon.colcon_core.package_identification:_identify(src/ugv_else/odas_ros/odas_ros) by extensions ['ros']
[1.300s] Level 1:colcon.colcon_core.package_identification:_identify(src/ugv_else/odas_ros/odas_ros) by extension 'ros'
[1.303s] DEBUG:colcon.colcon_core.package_identification:Package 'src/ugv_else/odas_ros/odas_ros' with type 'ros.ament_cmake' and name 'odas_ros'
[1.304s] Level 1:colcon.colcon_core.package_identification:_identify(src/ugv_else/odas_ros/odas_ros_msgs) by extensions ['ignore', 'ignore_ament_install']
[1.304s] Level 1:colcon.colcon_core.package_identification:_identify(src/ugv_else/odas_ros/odas_ros_msgs) by extension 'ignore'
[1.304s] Level 1:colcon.colcon_core.package_identification:_identify(src/ugv_else/odas_ros/odas_ros_msgs) by extension 'ignore_ament_install'
[1.305s] Level 1:colcon.colcon_core.package_identification:_identify(src/ugv_else/odas_ros/odas_ros_msgs) by extensions ['colcon_pkg']
[1.305s] Level 1:colcon.colcon_core.package_identification:_identify(src/ugv_else/odas_ros/odas_ros_msgs) by extension 'colcon_pkg'
[1.305s] Level 1:colcon.colcon_core.package_identification:_identify(src/ugv_else/odas_ros/odas_ros_msgs) by extensions ['colcon_meta']
[1.305s] Level 1:colcon.colcon_core.package_identification:_identify(src/ugv_else/odas_ros/odas_ros_msgs) by extension 'colcon_meta'
[1.305s] Level 1:colcon.colcon_core.package_identification:_identify(src/ugv_else/odas_ros/odas_ros_msgs) by extensions ['ros']
[1.305s] Level 1:colcon.colcon_core.package_identification:_identify(src/ugv_else/odas_ros/odas_ros_msgs) by extension 'ros'
[1.307s] DEBUG:colcon.colcon_core.package_identification:Package 'src/ugv_else/odas_ros/odas_ros_msgs' with type 'ros.ament_cmake' and name 'odas_ros_msgs'
[1.308s] Level 1:colcon.colcon_core.package_identification:_identify(src/ugv_else/opentera-webrtc-ros) by extensions ['ignore', 'ignore_ament_install']
[1.308s] Level 1:colcon.colcon_core.package_identification:_identify(src/ugv_else/opentera-webrtc-ros) by extension 'ignore'
[1.309s] Level 1:colcon.colcon_core.package_identification:_identify(src/ugv_else/opentera-webrtc-ros) by extension 'ignore_ament_install'
[1.309s] Level 1:colcon.colcon_core.package_identification:_identify(src/ugv_else/opentera-webrtc-ros) by extensions ['colcon_pkg']
[1.309s] Level 1:colcon.colcon_core.package_identification:_identify(src/ugv_else/opentera-webrtc-ros) by extension 'colcon_pkg'
[1.309s] Level 1:colcon.colcon_core.package_identification:_identify(src/ugv_else/opentera-webrtc-ros) by extensions ['colcon_meta']
[1.309s] Level 1:colcon.colcon_core.package_identification:_identify(src/ugv_else/opentera-webrtc-ros) by extension 'colcon_meta'
[1.309s] Level 1:colcon.colcon_core.package_identification:_identify(src/ugv_else/opentera-webrtc-ros) by extensions ['ros']
[1.309s] Level 1:colcon.colcon_core.package_identification:_identify(src/ugv_else/opentera-webrtc-ros) by extension 'ros'
[1.310s] Level 1:colcon.colcon_core.package_identification:_identify(src/ugv_else/opentera-webrtc-ros) by extensions ['cmake', 'python']
[1.310s] Level 1:colcon.colcon_core.package_identification:_identify(src/ugv_else/opentera-webrtc-ros) by extension 'cmake'
[1.310s] Level 1:colcon.colcon_core.package_identification:_identify(src/ugv_else/opentera-webrtc-ros) by extension 'python'
[1.310s] Level 1:colcon.colcon_core.package_identification:_identify(src/ugv_else/opentera-webrtc-ros) by extensions ['python_setup_py']
[1.310s] Level 1:colcon.colcon_core.package_identification:_identify(src/ugv_else/opentera-webrtc-ros) by extension 'python_setup_py'
[1.311s] Level 1:colcon.colcon_core.package_identification:_identify(src/ugv_else/opentera-webrtc-ros/drawings) by extensions ['ignore', 'ignore_ament_install']
[1.311s] Level 1:colcon.colcon_core.package_identification:_identify(src/ugv_else/opentera-webrtc-ros/drawings) by extension 'ignore'
[1.311s] Level 1:colcon.colcon_core.package_identification:_identify(src/ugv_else/opentera-webrtc-ros/drawings) by extension 'ignore_ament_install'
[1.311s] Level 1:colcon.colcon_core.package_identification:_identify(src/ugv_else/opentera-webrtc-ros/drawings) by extensions ['colcon_pkg']
[1.311s] Level 1:colcon.colcon_core.package_identification:_identify(src/ugv_else/opentera-webrtc-ros/drawings) by extension 'colcon_pkg'
[1.312s] Level 1:colcon.colcon_core.package_identification:_identify(src/ugv_else/opentera-webrtc-ros/drawings) by extensions ['colcon_meta']
[1.312s] Level 1:colcon.colcon_core.package_identification:_identify(src/ugv_else/opentera-webrtc-ros/drawings) by extension 'colcon_meta'
[1.312s] Level 1:colcon.colcon_core.package_identification:_identify(src/ugv_else/opentera-webrtc-ros/drawings) by extensions ['ros']
[1.312s] Level 1:colcon.colcon_core.package_identification:_identify(src/ugv_else/opentera-webrtc-ros/drawings) by extension 'ros'
[1.312s] Level 1:colcon.colcon_core.package_identification:_identify(src/ugv_else/opentera-webrtc-ros/drawings) by extensions ['cmake', 'python']
[1.312s] Level 1:colcon.colcon_core.package_identification:_identify(src/ugv_else/opentera-webrtc-ros/drawings) by extension 'cmake'
[1.313s] Level 1:colcon.colcon_core.package_identification:_identify(src/ugv_else/opentera-webrtc-ros/drawings) by extension 'python'
[1.313s] Level 1:colcon.colcon_core.package_identification:_identify(src/ugv_else/opentera-webrtc-ros/drawings) by extensions ['python_setup_py']
[1.313s] Level 1:colcon.colcon_core.package_identification:_identify(src/ugv_else/opentera-webrtc-ros/drawings) by extension 'python_setup_py'
[1.313s] Level 1:colcon.colcon_core.package_identification:_identify(src/ugv_else/opentera-webrtc-ros/face_cropping) by extensions ['ignore', 'ignore_ament_install']
[1.313s] Level 1:colcon.colcon_core.package_identification:_identify(src/ugv_else/opentera-webrtc-ros/face_cropping) by extension 'ignore'
[1.314s] Level 1:colcon.colcon_core.package_identification:_identify(src/ugv_else/opentera-webrtc-ros/face_cropping) by extension 'ignore_ament_install'
[1.314s] Level 1:colcon.colcon_core.package_identification:_identify(src/ugv_else/opentera-webrtc-ros/face_cropping) by extensions ['colcon_pkg']
[1.314s] Level 1:colcon.colcon_core.package_identification:_identify(src/ugv_else/opentera-webrtc-ros/face_cropping) by extension 'colcon_pkg'
[1.314s] Level 1:colcon.colcon_core.package_identification:_identify(src/ugv_else/opentera-webrtc-ros/face_cropping) by extensions ['colcon_meta']
[1.314s] Level 1:colcon.colcon_core.package_identification:_identify(src/ugv_else/opentera-webrtc-ros/face_cropping) by extension 'colcon_meta'
[1.314s] Level 1:colcon.colcon_core.package_identification:_identify(src/ugv_else/opentera-webrtc-ros/face_cropping) by extensions ['ros']
[1.315s] Level 1:colcon.colcon_core.package_identification:_identify(src/ugv_else/opentera-webrtc-ros/face_cropping) by extension 'ros'
[1.318s] DEBUG:colcon.colcon_core.package_identification:Package 'src/ugv_else/opentera-webrtc-ros/face_cropping' with type 'ros.ament_cmake' and name 'face_cropping'
[1.319s] Level 1:colcon.colcon_core.package_identification:_identify(src/ugv_else/opentera-webrtc-ros/map_image_generator) by extensions ['ignore', 'ignore_ament_install']
[1.319s] Level 1:colcon.colcon_core.package_identification:_identify(src/ugv_else/opentera-webrtc-ros/map_image_generator) by extension 'ignore'
[1.319s] Level 1:colcon.colcon_core.package_identification:_identify(src/ugv_else/opentera-webrtc-ros/map_image_generator) by extension 'ignore_ament_install'
[1.319s] Level 1:colcon.colcon_core.package_identification:_identify(src/ugv_else/opentera-webrtc-ros/map_image_generator) by extensions ['colcon_pkg']
[1.319s] Level 1:colcon.colcon_core.package_identification:_identify(src/ugv_else/opentera-webrtc-ros/map_image_generator) by extension 'colcon_pkg'
[1.320s] Level 1:colcon.colcon_core.package_identification:_identify(src/ugv_else/opentera-webrtc-ros/map_image_generator) by extensions ['colcon_meta']
[1.320s] Level 1:colcon.colcon_core.package_identification:_identify(src/ugv_else/opentera-webrtc-ros/map_image_generator) by extension 'colcon_meta'
[1.320s] Level 1:colcon.colcon_core.package_identification:_identify(src/ugv_else/opentera-webrtc-ros/map_image_generator) by extensions ['ros']
[1.320s] Level 1:colcon.colcon_core.package_identification:_identify(src/ugv_else/opentera-webrtc-ros/map_image_generator) by extension 'ros'
[1.358s] DEBUG:colcon.colcon_core.package_identification:Package 'src/ugv_else/opentera-webrtc-ros/map_image_generator' with type 'ros.ament_cmake' and name 'map_image_generator'
[1.358s] Level 1:colcon.colcon_core.package_identification:_identify(src/ugv_else/opentera-webrtc-ros/opentera_client_ros) by extensions ['ignore', 'ignore_ament_install']
[1.358s] Level 1:colcon.colcon_core.package_identification:_identify(src/ugv_else/opentera-webrtc-ros/opentera_client_ros) by extension 'ignore'
[1.359s] Level 1:colcon.colcon_core.package_identification:_identify(src/ugv_else/opentera-webrtc-ros/opentera_client_ros) by extension 'ignore_ament_install'
[1.359s] Level 1:colcon.colcon_core.package_identification:_identify(src/ugv_else/opentera-webrtc-ros/opentera_client_ros) by extensions ['colcon_pkg']
[1.359s] Level 1:colcon.colcon_core.package_identification:_identify(src/ugv_else/opentera-webrtc-ros/opentera_client_ros) by extension 'colcon_pkg'
[1.359s] Level 1:colcon.colcon_core.package_identification:_identify(src/ugv_else/opentera-webrtc-ros/opentera_client_ros) by extensions ['colcon_meta']
[1.359s] Level 1:colcon.colcon_core.package_identification:_identify(src/ugv_else/opentera-webrtc-ros/opentera_client_ros) by extension 'colcon_meta'
[1.360s] Level 1:colcon.colcon_core.package_identification:_identify(src/ugv_else/opentera-webrtc-ros/opentera_client_ros) by extensions ['ros']
[1.360s] Level 1:colcon.colcon_core.package_identification:_identify(src/ugv_else/opentera-webrtc-ros/opentera_client_ros) by extension 'ros'
[1.362s] DEBUG:colcon.colcon_core.package_identification:Package 'src/ugv_else/opentera-webrtc-ros/opentera_client_ros' with type 'ros.ament_cmake' and name 'opentera_client_ros'
[1.363s] Level 1:colcon.colcon_core.package_identification:_identify(src/ugv_else/opentera-webrtc-ros/opentera_protobuf_messages) by extensions ['ignore', 'ignore_ament_install']
[1.363s] Level 1:colcon.colcon_core.package_identification:_identify(src/ugv_else/opentera-webrtc-ros/opentera_protobuf_messages) by extension 'ignore'
[1.363s] Level 1:colcon.colcon_core.package_identification:_identify(src/ugv_else/opentera-webrtc-ros/opentera_protobuf_messages) by extension 'ignore_ament_install'
[1.364s] Level 1:colcon.colcon_core.package_identification:_identify(src/ugv_else/opentera-webrtc-ros/opentera_protobuf_messages) by extensions ['colcon_pkg']
[1.364s] Level 1:colcon.colcon_core.package_identification:_identify(src/ugv_else/opentera-webrtc-ros/opentera_protobuf_messages) by extension 'colcon_pkg'
[1.364s] Level 1:colcon.colcon_core.package_identification:_identify(src/ugv_else/opentera-webrtc-ros/opentera_protobuf_messages) by extensions ['colcon_meta']
[1.364s] Level 1:colcon.colcon_core.package_identification:_identify(src/ugv_else/opentera-webrtc-ros/opentera_protobuf_messages) by extension 'colcon_meta'
[1.364s] Level 1:colcon.colcon_core.package_identification:_identify(src/ugv_else/opentera-webrtc-ros/opentera_protobuf_messages) by extensions ['ros']
[1.364s] Level 1:colcon.colcon_core.package_identification:_identify(src/ugv_else/opentera-webrtc-ros/opentera_protobuf_messages) by extension 'ros'
[1.366s] DEBUG:colcon.colcon_core.package_identification:Package 'src/ugv_else/opentera-webrtc-ros/opentera_protobuf_messages' with type 'ros.ament_cmake' and name 'opentera_protobuf_messages'
[1.366s] Level 1:colcon.colcon_core.package_identification:_identify(src/ugv_else/opentera-webrtc-ros/opentera_webrtc_demos) by extensions ['ignore', 'ignore_ament_install']
[1.367s] Level 1:colcon.colcon_core.package_identification:_identify(src/ugv_else/opentera-webrtc-ros/opentera_webrtc_demos) by extension 'ignore'
[1.367s] Level 1:colcon.colcon_core.package_identification:_identify(src/ugv_else/opentera-webrtc-ros/opentera_webrtc_demos) by extension 'ignore_ament_install'
[1.367s] Level 1:colcon.colcon_core.package_identification:_identify(src/ugv_else/opentera-webrtc-ros/opentera_webrtc_demos) by extensions ['colcon_pkg']
[1.367s] Level 1:colcon.colcon_core.package_identification:_identify(src/ugv_else/opentera-webrtc-ros/opentera_webrtc_demos) by extension 'colcon_pkg'
[1.368s] Level 1:colcon.colcon_core.package_identification:_identify(src/ugv_else/opentera-webrtc-ros/opentera_webrtc_demos) by extensions ['colcon_meta']
[1.368s] Level 1:colcon.colcon_core.package_identification:_identify(src/ugv_else/opentera-webrtc-ros/opentera_webrtc_demos) by extension 'colcon_meta'
[1.368s] Level 1:colcon.colcon_core.package_identification:_identify(src/ugv_else/opentera-webrtc-ros/opentera_webrtc_demos) by extensions ['ros']
[1.368s] Level 1:colcon.colcon_core.package_identification:_identify(src/ugv_else/opentera-webrtc-ros/opentera_webrtc_demos) by extension 'ros'
[1.371s] DEBUG:colcon.colcon_core.package_identification:Package 'src/ugv_else/opentera-webrtc-ros/opentera_webrtc_demos' with type 'ros.ament_cmake' and name 'opentera_webrtc_demos'
[1.372s] Level 1:colcon.colcon_core.package_identification:_identify(src/ugv_else/opentera-webrtc-ros/opentera_webrtc_robot_gui) by extensions ['ignore', 'ignore_ament_install']
[1.372s] Level 1:colcon.colcon_core.package_identification:_identify(src/ugv_else/opentera-webrtc-ros/opentera_webrtc_robot_gui) by extension 'ignore'
[1.372s] Level 1:colcon.colcon_core.package_identification:_identify(src/ugv_else/opentera-webrtc-ros/opentera_webrtc_robot_gui) by extension 'ignore_ament_install'
[1.373s] Level 1:colcon.colcon_core.package_identification:_identify(src/ugv_else/opentera-webrtc-ros/opentera_webrtc_robot_gui) by extensions ['colcon_pkg']
[1.373s] Level 1:colcon.colcon_core.package_identification:_identify(src/ugv_else/opentera-webrtc-ros/opentera_webrtc_robot_gui) by extension 'colcon_pkg'
[1.373s] Level 1:colcon.colcon_core.package_identification:_identify(src/ugv_else/opentera-webrtc-ros/opentera_webrtc_robot_gui) by extensions ['colcon_meta']
[1.373s] Level 1:colcon.colcon_core.package_identification:_identify(src/ugv_else/opentera-webrtc-ros/opentera_webrtc_robot_gui) by extension 'colcon_meta'
[1.373s] Level 1:colcon.colcon_core.package_identification:_identify(src/ugv_else/opentera-webrtc-ros/opentera_webrtc_robot_gui) by extensions ['ros']
[1.373s] Level 1:colcon.colcon_core.package_identification:_identify(src/ugv_else/opentera-webrtc-ros/opentera_webrtc_robot_gui) by extension 'ros'
[1.377s] DEBUG:colcon.colcon_core.package_identification:Package 'src/ugv_else/opentera-webrtc-ros/opentera_webrtc_robot_gui' with type 'ros.ament_cmake' and name 'opentera_webrtc_robot_gui'
[1.377s] Level 1:colcon.colcon_core.package_identification:_identify(src/ugv_else/opentera-webrtc-ros/opentera_webrtc_ros) by extensions ['ignore', 'ignore_ament_install']
[1.378s] Level 1:colcon.colcon_core.package_identification:_identify(src/ugv_else/opentera-webrtc-ros/opentera_webrtc_ros) by extension 'ignore'
[1.378s] Level 1:colcon.colcon_core.package_identification:_identify(src/ugv_else/opentera-webrtc-ros/opentera_webrtc_ros) by extension 'ignore_ament_install'
[1.378s] Level 1:colcon.colcon_core.package_identification:_identify(src/ugv_else/opentera-webrtc-ros/opentera_webrtc_ros) by extensions ['colcon_pkg']
[1.378s] Level 1:colcon.colcon_core.package_identification:_identify(src/ugv_else/opentera-webrtc-ros/opentera_webrtc_ros) by extension 'colcon_pkg'
[1.378s] Level 1:colcon.colcon_core.package_identification:_identify(src/ugv_else/opentera-webrtc-ros/opentera_webrtc_ros) by extensions ['colcon_meta']
[1.378s] Level 1:colcon.colcon_core.package_identification:_identify(src/ugv_else/opentera-webrtc-ros/opentera_webrtc_ros) by extension 'colcon_meta'
[1.379s] Level 1:colcon.colcon_core.package_identification:_identify(src/ugv_else/opentera-webrtc-ros/opentera_webrtc_ros) by extensions ['ros']
[1.379s] Level 1:colcon.colcon_core.package_identification:_identify(src/ugv_else/opentera-webrtc-ros/opentera_webrtc_ros) by extension 'ros'
[1.383s] DEBUG:colcon.colcon_core.package_identification:Package 'src/ugv_else/opentera-webrtc-ros/opentera_webrtc_ros' with type 'ros.ament_cmake' and name 'opentera_webrtc_ros'
[1.384s] Level 1:colcon.colcon_core.package_identification:_identify(src/ugv_else/opentera-webrtc-ros/opentera_webrtc_ros_msgs) by extensions ['ignore', 'ignore_ament_install']
[1.384s] Level 1:colcon.colcon_core.package_identification:_identify(src/ugv_else/opentera-webrtc-ros/opentera_webrtc_ros_msgs) by extension 'ignore'
[1.384s] Level 1:colcon.colcon_core.package_identification:_identify(src/ugv_else/opentera-webrtc-ros/opentera_webrtc_ros_msgs) by extension 'ignore_ament_install'
[1.384s] Level 1:colcon.colcon_core.package_identification:_identify(src/ugv_else/opentera-webrtc-ros/opentera_webrtc_ros_msgs) by extensions ['colcon_pkg']
[1.385s] Level 1:colcon.colcon_core.package_identification:_identify(src/ugv_else/opentera-webrtc-ros/opentera_webrtc_ros_msgs) by extension 'colcon_pkg'
[1.385s] Level 1:colcon.colcon_core.package_identification:_identify(src/ugv_else/opentera-webrtc-ros/opentera_webrtc_ros_msgs) by extensions ['colcon_meta']
[1.385s] Level 1:colcon.colcon_core.package_identification:_identify(src/ugv_else/opentera-webrtc-ros/opentera_webrtc_ros_msgs) by extension 'colcon_meta'
[1.385s] Level 1:colcon.colcon_core.package_identification:_identify(src/ugv_else/opentera-webrtc-ros/opentera_webrtc_ros_msgs) by extensions ['ros']
[1.385s] Level 1:colcon.colcon_core.package_identification:_identify(src/ugv_else/opentera-webrtc-ros/opentera_webrtc_ros_msgs) by extension 'ros'
[1.388s] DEBUG:colcon.colcon_core.package_identification:Package 'src/ugv_else/opentera-webrtc-ros/opentera_webrtc_ros_msgs' with type 'ros.ament_cmake' and name 'opentera_webrtc_ros_msgs'
[1.388s] Level 1:colcon.colcon_core.package_identification:_identify(src/ugv_else/opentera-webrtc-ros/turtlebot3_beam_description) by extensions ['ignore', 'ignore_ament_install']
[1.389s] Level 1:colcon.colcon_core.package_identification:_identify(src/ugv_else/opentera-webrtc-ros/turtlebot3_beam_description) by extension 'ignore'
[1.389s] Level 1:colcon.colcon_core.package_identification:_identify(src/ugv_else/opentera-webrtc-ros/turtlebot3_beam_description) by extension 'ignore_ament_install'
[1.389s] Level 1:colcon.colcon_core.package_identification:_identify(src/ugv_else/opentera-webrtc-ros/turtlebot3_beam_description) by extensions ['colcon_pkg']
[1.389s] Level 1:colcon.colcon_core.package_identification:_identify(src/ugv_else/opentera-webrtc-ros/turtlebot3_beam_description) by extension 'colcon_pkg'
[1.389s] Level 1:colcon.colcon_core.package_identification:_identify(src/ugv_else/opentera-webrtc-ros/turtlebot3_beam_description) by extensions ['colcon_meta']
[1.390s] Level 1:colcon.colcon_core.package_identification:_identify(src/ugv_else/opentera-webrtc-ros/turtlebot3_beam_description) by extension 'colcon_meta'
[1.390s] Level 1:colcon.colcon_core.package_identification:_identify(src/ugv_else/opentera-webrtc-ros/turtlebot3_beam_description) by extensions ['ros']
[1.390s] Level 1:colcon.colcon_core.package_identification:_identify(src/ugv_else/opentera-webrtc-ros/turtlebot3_beam_description) by extension 'ros'
[1.392s] DEBUG:colcon.colcon_core.package_identification:Package 'src/ugv_else/opentera-webrtc-ros/turtlebot3_beam_description' with type 'ros.ament_cmake' and name 'turtlebot3_beam_description'
[1.393s] Level 1:colcon.colcon_core.package_identification:_identify(src/ugv_else/rf2o_laser_odometry) by extensions ['ignore', 'ignore_ament_install']
[1.393s] Level 1:colcon.colcon_core.package_identification:_identify(src/ugv_else/rf2o_laser_odometry) by extension 'ignore'
[1.393s] Level 1:colcon.colcon_core.package_identification:_identify(src/ugv_else/rf2o_laser_odometry) by extension 'ignore_ament_install'
[1.394s] Level 1:colcon.colcon_core.package_identification:_identify(src/ugv_else/rf2o_laser_odometry) by extensions ['colcon_pkg']
[1.394s] Level 1:colcon.colcon_core.package_identification:_identify(src/ugv_else/rf2o_laser_odometry) by extension 'colcon_pkg'
[1.394s] Level 1:colcon.colcon_core.package_identification:_identify(src/ugv_else/rf2o_laser_odometry) by extensions ['colcon_meta']
[1.394s] Level 1:colcon.colcon_core.package_identification:_identify(src/ugv_else/rf2o_laser_odometry) by extension 'colcon_meta'
[1.394s] Level 1:colcon.colcon_core.package_identification:_identify(src/ugv_else/rf2o_laser_odometry) by extensions ['ros']
[1.394s] Level 1:colcon.colcon_core.package_identification:_identify(src/ugv_else/rf2o_laser_odometry) by extension 'ros'
[1.398s] DEBUG:colcon.colcon_core.package_identification:Package 'src/ugv_else/rf2o_laser_odometry' with type 'ros.ament_cmake' and name 'rf2o_laser_odometry'
[1.399s] Level 1:colcon.colcon_core.package_identification:_identify(src/ugv_else/robot_pose_publisher) by extensions ['ignore', 'ignore_ament_install']
[1.399s] Level 1:colcon.colcon_core.package_identification:_identify(src/ugv_else/robot_pose_publisher) by extension 'ignore'
[1.399s] Level 1:colcon.colcon_core.package_identification:_identify(src/ugv_else/robot_pose_publisher) by extension 'ignore_ament_install'
[1.400s] Level 1:colcon.colcon_core.package_identification:_identify(src/ugv_else/robot_pose_publisher) by extensions ['colcon_pkg']
[1.400s] Level 1:colcon.colcon_core.package_identification:_identify(src/ugv_else/robot_pose_publisher) by extension 'colcon_pkg'
[1.400s] Level 1:colcon.colcon_core.package_identification:_identify(src/ugv_else/robot_pose_publisher) by extensions ['colcon_meta']
[1.400s] Level 1:colcon.colcon_core.package_identification:_identify(src/ugv_else/robot_pose_publisher) by extension 'colcon_meta'
[1.400s] Level 1:colcon.colcon_core.package_identification:_identify(src/ugv_else/robot_pose_publisher) by extensions ['ros']
[1.400s] Level 1:colcon.colcon_core.package_identification:_identify(src/ugv_else/robot_pose_publisher) by extension 'ros'
[1.403s] DEBUG:colcon.colcon_core.package_identification:Package 'src/ugv_else/robot_pose_publisher' with type 'ros.ament_cmake' and name 'robot_pose_publisher'
[1.403s] Level 1:colcon.colcon_core.package_identification:_identify(src/ugv_else/teb_local_planner) by extensions ['ignore', 'ignore_ament_install']
[1.404s] Level 1:colcon.colcon_core.package_identification:_identify(src/ugv_else/teb_local_planner) by extension 'ignore'
[1.404s] Level 1:colcon.colcon_core.package_identification:_identify(src/ugv_else/teb_local_planner) by extension 'ignore_ament_install'
[1.404s] Level 1:colcon.colcon_core.package_identification:_identify(src/ugv_else/teb_local_planner) by extensions ['colcon_pkg']
[1.404s] Level 1:colcon.colcon_core.package_identification:_identify(src/ugv_else/teb_local_planner) by extension 'colcon_pkg'
[1.404s] Level 1:colcon.colcon_core.package_identification:_identify(src/ugv_else/teb_local_planner) by extensions ['colcon_meta']
[1.404s] Level 1:colcon.colcon_core.package_identification:_identify(src/ugv_else/teb_local_planner) by extension 'colcon_meta'
[1.405s] Level 1:colcon.colcon_core.package_identification:_identify(src/ugv_else/teb_local_planner) by extensions ['ros']
[1.405s] Level 1:colcon.colcon_core.package_identification:_identify(src/ugv_else/teb_local_planner) by extension 'ros'
[1.405s] Level 1:colcon.colcon_core.package_identification:_identify(src/ugv_else/teb_local_planner) by extensions ['cmake', 'python']
[1.405s] Level 1:colcon.colcon_core.package_identification:_identify(src/ugv_else/teb_local_planner) by extension 'cmake'
[1.405s] Level 1:colcon.colcon_core.package_identification:_identify(src/ugv_else/teb_local_planner) by extension 'python'
[1.405s] Level 1:colcon.colcon_core.package_identification:_identify(src/ugv_else/teb_local_planner) by extensions ['python_setup_py']
[1.405s] Level 1:colcon.colcon_core.package_identification:_identify(src/ugv_else/teb_local_planner) by extension 'python_setup_py'
[1.406s] Level 1:colcon.colcon_core.package_identification:_identify(src/ugv_else/teb_local_planner/teb_local_planner) by extensions ['ignore', 'ignore_ament_install']
[1.406s] Level 1:colcon.colcon_core.package_identification:_identify(src/ugv_else/teb_local_planner/teb_local_planner) by extension 'ignore'
[1.406s] Level 1:colcon.colcon_core.package_identification:_identify(src/ugv_else/teb_local_planner/teb_local_planner) by extension 'ignore_ament_install'
[1.407s] Level 1:colcon.colcon_core.package_identification:_identify(src/ugv_else/teb_local_planner/teb_local_planner) by extensions ['colcon_pkg']
[1.407s] Level 1:colcon.colcon_core.package_identification:_identify(src/ugv_else/teb_local_planner/teb_local_planner) by extension 'colcon_pkg'
[1.407s] Level 1:colcon.colcon_core.package_identification:_identify(src/ugv_else/teb_local_planner/teb_local_planner) by extensions ['colcon_meta']
[1.407s] Level 1:colcon.colcon_core.package_identification:_identify(src/ugv_else/teb_local_planner/teb_local_planner) by extension 'colcon_meta'
[1.407s] Level 1:colcon.colcon_core.package_identification:_identify(src/ugv_else/teb_local_planner/teb_local_planner) by extensions ['ros']
[1.407s] Level 1:colcon.colcon_core.package_identification:_identify(src/ugv_else/teb_local_planner/teb_local_planner) by extension 'ros'
[1.415s] DEBUG:colcon.colcon_core.package_identification:Package 'src/ugv_else/teb_local_planner/teb_local_planner' with type 'ros.ament_cmake' and name 'teb_local_planner'
[1.415s] Level 1:colcon.colcon_core.package_identification:_identify(src/ugv_else/teb_local_planner/teb_msgs) by extensions ['ignore', 'ignore_ament_install']
[1.416s] Level 1:colcon.colcon_core.package_identification:_identify(src/ugv_else/teb_local_planner/teb_msgs) by extension 'ignore'
[1.416s] Level 1:colcon.colcon_core.package_identification:_identify(src/ugv_else/teb_local_planner/teb_msgs) by extension 'ignore_ament_install'
[1.416s] Level 1:colcon.colcon_core.package_identification:_identify(src/ugv_else/teb_local_planner/teb_msgs) by extensions ['colcon_pkg']
[1.416s] Level 1:colcon.colcon_core.package_identification:_identify(src/ugv_else/teb_local_planner/teb_msgs) by extension 'colcon_pkg'
[1.416s] Level 1:colcon.colcon_core.package_identification:_identify(src/ugv_else/teb_local_planner/teb_msgs) by extensions ['colcon_meta']
[1.416s] Level 1:colcon.colcon_core.package_identification:_identify(src/ugv_else/teb_local_planner/teb_msgs) by extension 'colcon_meta'
[1.417s] Level 1:colcon.colcon_core.package_identification:_identify(src/ugv_else/teb_local_planner/teb_msgs) by extensions ['ros']
[1.417s] Level 1:colcon.colcon_core.package_identification:_identify(src/ugv_else/teb_local_planner/teb_msgs) by extension 'ros'
[1.419s] DEBUG:colcon.colcon_core.package_identification:Package 'src/ugv_else/teb_local_planner/teb_msgs' with type 'ros.ament_cmake' and name 'teb_msgs'
[1.419s] Level 1:colcon.colcon_core.package_identification:_identify(src/ugv_else/vizanti) by extensions ['ignore', 'ignore_ament_install']
[1.420s] Level 1:colcon.colcon_core.package_identification:_identify(src/ugv_else/vizanti) by extension 'ignore'
[1.420s] Level 1:colcon.colcon_core.package_identification:_identify(src/ugv_else/vizanti) by extension 'ignore_ament_install'
[1.421s] Level 1:colcon.colcon_core.package_identification:_identify(src/ugv_else/vizanti) by extensions ['colcon_pkg']
[1.421s] Level 1:colcon.colcon_core.package_identification:_identify(src/ugv_else/vizanti) by extension 'colcon_pkg'
[1.421s] Level 1:colcon.colcon_core.package_identification:_identify(src/ugv_else/vizanti) by extensions ['colcon_meta']
[1.421s] Level 1:colcon.colcon_core.package_identification:_identify(src/ugv_else/vizanti) by extension 'colcon_meta'
[1.421s] Level 1:colcon.colcon_core.package_identification:_identify(src/ugv_else/vizanti) by extensions ['ros']
[1.421s] Level 1:colcon.colcon_core.package_identification:_identify(src/ugv_else/vizanti) by extension 'ros'
[1.422s] Level 1:colcon.colcon_core.package_identification:_identify(src/ugv_else/vizanti) by extensions ['cmake', 'python']
[1.422s] Level 1:colcon.colcon_core.package_identification:_identify(src/ugv_else/vizanti) by extension 'cmake'
[1.422s] Level 1:colcon.colcon_core.package_identification:_identify(src/ugv_else/vizanti) by extension 'python'
[1.422s] Level 1:colcon.colcon_core.package_identification:_identify(src/ugv_else/vizanti) by extensions ['python_setup_py']
[1.422s] Level 1:colcon.colcon_core.package_identification:_identify(src/ugv_else/vizanti) by extension 'python_setup_py'
[1.423s] Level 1:colcon.colcon_core.package_identification:_identify(src/ugv_else/vizanti/vizanti) by extensions ['ignore', 'ignore_ament_install']
[1.423s] Level 1:colcon.colcon_core.package_identification:_identify(src/ugv_else/vizanti/vizanti) by extension 'ignore'
[1.423s] Level 1:colcon.colcon_core.package_identification:_identify(src/ugv_else/vizanti/vizanti) by extension 'ignore_ament_install'
[1.423s] Level 1:colcon.colcon_core.package_identification:_identify(src/ugv_else/vizanti/vizanti) by extensions ['colcon_pkg']
[1.423s] Level 1:colcon.colcon_core.package_identification:_identify(src/ugv_else/vizanti/vizanti) by extension 'colcon_pkg'
[1.424s] Level 1:colcon.colcon_core.package_identification:_identify(src/ugv_else/vizanti/vizanti) by extensions ['colcon_meta']
[1.424s] Level 1:colcon.colcon_core.package_identification:_identify(src/ugv_else/vizanti/vizanti) by extension 'colcon_meta'
[1.424s] Level 1:colcon.colcon_core.package_identification:_identify(src/ugv_else/vizanti/vizanti) by extensions ['ros']
[1.424s] Level 1:colcon.colcon_core.package_identification:_identify(src/ugv_else/vizanti/vizanti) by extension 'ros'
[1.426s] DEBUG:colcon.colcon_core.package_identification:Package 'src/ugv_else/vizanti/vizanti' with type 'ros.ament_cmake' and name 'vizanti'
[1.426s] Level 1:colcon.colcon_core.package_identification:_identify(src/ugv_else/vizanti/vizanti_cpp) by extensions ['ignore', 'ignore_ament_install']
[1.427s] Level 1:colcon.colcon_core.package_identification:_identify(src/ugv_else/vizanti/vizanti_cpp) by extension 'ignore'
[1.427s] Level 1:colcon.colcon_core.package_identification:_identify(src/ugv_else/vizanti/vizanti_cpp) by extension 'ignore_ament_install'
[1.427s] Level 1:colcon.colcon_core.package_identification:_identify(src/ugv_else/vizanti/vizanti_cpp) by extensions ['colcon_pkg']
[1.427s] Level 1:colcon.colcon_core.package_identification:_identify(src/ugv_else/vizanti/vizanti_cpp) by extension 'colcon_pkg'
[1.427s] Level 1:colcon.colcon_core.package_identification:_identify(src/ugv_else/vizanti/vizanti_cpp) by extensions ['colcon_meta']
[1.427s] Level 1:colcon.colcon_core.package_identification:_identify(src/ugv_else/vizanti/vizanti_cpp) by extension 'colcon_meta'
[1.428s] Level 1:colcon.colcon_core.package_identification:_identify(src/ugv_else/vizanti/vizanti_cpp) by extensions ['ros']
[1.428s] Level 1:colcon.colcon_core.package_identification:_identify(src/ugv_else/vizanti/vizanti_cpp) by extension 'ros'
[1.430s] DEBUG:colcon.colcon_core.package_identification:Package 'src/ugv_else/vizanti/vizanti_cpp' with type 'ros.ament_cmake' and name 'vizanti_cpp'
[1.431s] Level 1:colcon.colcon_core.package_identification:_identify(src/ugv_else/vizanti/vizanti_demos) by extensions ['ignore', 'ignore_ament_install']
[1.431s] Level 1:colcon.colcon_core.package_identification:_identify(src/ugv_else/vizanti/vizanti_demos) by extension 'ignore'
[1.431s] Level 1:colcon.colcon_core.package_identification:_identify(src/ugv_else/vizanti/vizanti_demos) by extension 'ignore_ament_install'
[1.432s] Level 1:colcon.colcon_core.package_identification:_identify(src/ugv_else/vizanti/vizanti_demos) by extensions ['colcon_pkg']
[1.432s] Level 1:colcon.colcon_core.package_identification:_identify(src/ugv_else/vizanti/vizanti_demos) by extension 'colcon_pkg'
[1.432s] Level 1:colcon.colcon_core.package_identification:_identify(src/ugv_else/vizanti/vizanti_demos) by extensions ['colcon_meta']
[1.432s] Level 1:colcon.colcon_core.package_identification:_identify(src/ugv_else/vizanti/vizanti_demos) by extension 'colcon_meta'
[1.432s] Level 1:colcon.colcon_core.package_identification:_identify(src/ugv_else/vizanti/vizanti_demos) by extensions ['ros']
[1.432s] Level 1:colcon.colcon_core.package_identification:_identify(src/ugv_else/vizanti/vizanti_demos) by extension 'ros'
[1.436s] DEBUG:colcon.colcon_core.package_identification:Package 'src/ugv_else/vizanti/vizanti_demos' with type 'ros.ament_cmake' and name 'vizanti_demos'
[1.437s] Level 1:colcon.colcon_core.package_identification:_identify(src/ugv_else/vizanti/vizanti_msgs) by extensions ['ignore', 'ignore_ament_install']
[1.437s] Level 1:colcon.colcon_core.package_identification:_identify(src/ugv_else/vizanti/vizanti_msgs) by extension 'ignore'
[1.438s] Level 1:colcon.colcon_core.package_identification:_identify(src/ugv_else/vizanti/vizanti_msgs) by extension 'ignore_ament_install'
[1.438s] Level 1:colcon.colcon_core.package_identification:_identify(src/ugv_else/vizanti/vizanti_msgs) by extensions ['colcon_pkg']
[1.438s] Level 1:colcon.colcon_core.package_identification:_identify(src/ugv_else/vizanti/vizanti_msgs) by extension 'colcon_pkg'
[1.438s] Level 1:colcon.colcon_core.package_identification:_identify(src/ugv_else/vizanti/vizanti_msgs) by extensions ['colcon_meta']
[1.438s] Level 1:colcon.colcon_core.package_identification:_identify(src/ugv_else/vizanti/vizanti_msgs) by extension 'colcon_meta'
[1.438s] Level 1:colcon.colcon_core.package_identification:_identify(src/ugv_else/vizanti/vizanti_msgs) by extensions ['ros']
[1.438s] Level 1:colcon.colcon_core.package_identification:_identify(src/ugv_else/vizanti/vizanti_msgs) by extension 'ros'
[1.442s] DEBUG:colcon.colcon_core.package_identification:Package 'src/ugv_else/vizanti/vizanti_msgs' with type 'ros.ament_cmake' and name 'vizanti_msgs'
[1.442s] Level 1:colcon.colcon_core.package_identification:_identify(src/ugv_else/vizanti/vizanti_server) by extensions ['ignore', 'ignore_ament_install']
[1.443s] Level 1:colcon.colcon_core.package_identification:_identify(src/ugv_else/vizanti/vizanti_server) by extension 'ignore'
[1.443s] Level 1:colcon.colcon_core.package_identification:_identify(src/ugv_else/vizanti/vizanti_server) by extension 'ignore_ament_install'
[1.444s] Level 1:colcon.colcon_core.package_identification:_identify(src/ugv_else/vizanti/vizanti_server) by extensions ['colcon_pkg']
[1.444s] Level 1:colcon.colcon_core.package_identification:_identify(src/ugv_else/vizanti/vizanti_server) by extension 'colcon_pkg'
[1.444s] Level 1:colcon.colcon_core.package_identification:_identify(src/ugv_else/vizanti/vizanti_server) by extensions ['colcon_meta']
[1.444s] Level 1:colcon.colcon_core.package_identification:_identify(src/ugv_else/vizanti/vizanti_server) by extension 'colcon_meta'
[1.444s] Level 1:colcon.colcon_core.package_identification:_identify(src/ugv_else/vizanti/vizanti_server) by extensions ['ros']
[1.444s] Level 1:colcon.colcon_core.package_identification:_identify(src/ugv_else/vizanti/vizanti_server) by extension 'ros'
[1.448s] DEBUG:colcon.colcon_core.package_identification:Package 'src/ugv_else/vizanti/vizanti_server' with type 'ros.ament_cmake' and name 'vizanti_server'
[1.449s] Level 1:colcon.colcon_core.package_identification:_identify(src/ugv_main) by extensions ['ignore', 'ignore_ament_install']
[1.449s] Level 1:colcon.colcon_core.package_identification:_identify(src/ugv_main) by extension 'ignore'
[1.449s] Level 1:colcon.colcon_core.package_identification:_identify(src/ugv_main) by extension 'ignore_ament_install'
[1.450s] Level 1:colcon.colcon_core.package_identification:_identify(src/ugv_main) by extensions ['colcon_pkg']
[1.450s] Level 1:colcon.colcon_core.package_identification:_identify(src/ugv_main) by extension 'colcon_pkg'
[1.450s] Level 1:colcon.colcon_core.package_identification:_identify(src/ugv_main) by extensions ['colcon_meta']
[1.450s] Level 1:colcon.colcon_core.package_identification:_identify(src/ugv_main) by extension 'colcon_meta'
[1.450s] Level 1:colcon.colcon_core.package_identification:_identify(src/ugv_main) by extensions ['ros']
[1.450s] Level 1:colcon.colcon_core.package_identification:_identify(src/ugv_main) by extension 'ros'
[1.451s] Level 1:colcon.colcon_core.package_identification:_identify(src/ugv_main) by extensions ['cmake', 'python']
[1.451s] Level 1:colcon.colcon_core.package_identification:_identify(src/ugv_main) by extension 'cmake'
[1.451s] Level 1:colcon.colcon_core.package_identification:_identify(src/ugv_main) by extension 'python'
[1.451s] Level 1:colcon.colcon_core.package_identification:_identify(src/ugv_main) by extensions ['python_setup_py']
[1.451s] Level 1:colcon.colcon_core.package_identification:_identify(src/ugv_main) by extension 'python_setup_py'
[1.452s] Level 1:colcon.colcon_core.package_identification:_identify(src/ugv_main/ugv_base_node) by extensions ['ignore', 'ignore_ament_install']
[1.452s] Level 1:colcon.colcon_core.package_identification:_identify(src/ugv_main/ugv_base_node) by extension 'ignore'
[1.452s] Level 1:colcon.colcon_core.package_identification:_identify(src/ugv_main/ugv_base_node) by extension 'ignore_ament_install'
[1.452s] Level 1:colcon.colcon_core.package_identification:_identify(src/ugv_main/ugv_base_node) by extensions ['colcon_pkg']
[1.452s] Level 1:colcon.colcon_core.package_identification:_identify(src/ugv_main/ugv_base_node) by extension 'colcon_pkg'
[1.453s] Level 1:colcon.colcon_core.package_identification:_identify(src/ugv_main/ugv_base_node) by extensions ['colcon_meta']
[1.453s] Level 1:colcon.colcon_core.package_identification:_identify(src/ugv_main/ugv_base_node) by extension 'colcon_meta'
[1.453s] Level 1:colcon.colcon_core.package_identification:_identify(src/ugv_main/ugv_base_node) by extensions ['ros']
[1.453s] Level 1:colcon.colcon_core.package_identification:_identify(src/ugv_main/ugv_base_node) by extension 'ros'
[1.456s] DEBUG:colcon.colcon_core.package_identification:Package 'src/ugv_main/ugv_base_node' with type 'ros.ament_cmake' and name 'ugv_base_node'
[1.457s] Level 1:colcon.colcon_core.package_identification:_identify(src/ugv_main/ugv_bringup) by extensions ['ignore', 'ignore_ament_install']
[1.457s] Level 1:colcon.colcon_core.package_identification:_identify(src/ugv_main/ugv_bringup) by extension 'ignore'
[1.457s] Level 1:colcon.colcon_core.package_identification:_identify(src/ugv_main/ugv_bringup) by extension 'ignore_ament_install'
[1.457s] Level 1:colcon.colcon_core.package_identification:_identify(src/ugv_main/ugv_bringup) by extensions ['colcon_pkg']
[1.457s] Level 1:colcon.colcon_core.package_identification:_identify(src/ugv_main/ugv_bringup) by extension 'colcon_pkg'
[1.458s] Level 1:colcon.colcon_core.package_identification:_identify(src/ugv_main/ugv_bringup) by extensions ['colcon_meta']
[1.458s] Level 1:colcon.colcon_core.package_identification:_identify(src/ugv_main/ugv_bringup) by extension 'colcon_meta'
[1.458s] Level 1:colcon.colcon_core.package_identification:_identify(src/ugv_main/ugv_bringup) by extensions ['ros']
[1.458s] Level 1:colcon.colcon_core.package_identification:_identify(src/ugv_main/ugv_bringup) by extension 'ros'
[1.460s] DEBUG:colcon.colcon_core.package_identification:Package 'src/ugv_main/ugv_bringup' with type 'ros.ament_python' and name 'ugv_bringup'
[1.461s] Level 1:colcon.colcon_core.package_identification:_identify(src/ugv_main/ugv_chat_ai) by extensions ['ignore', 'ignore_ament_install']
[1.461s] Level 1:colcon.colcon_core.package_identification:_identify(src/ugv_main/ugv_chat_ai) by extension 'ignore'
[1.461s] Level 1:colcon.colcon_core.package_identification:_identify(src/ugv_main/ugv_chat_ai) by extension 'ignore_ament_install'
[1.462s] Level 1:colcon.colcon_core.package_identification:_identify(src/ugv_main/ugv_chat_ai) by extensions ['colcon_pkg']
[1.462s] Level 1:colcon.colcon_core.package_identification:_identify(src/ugv_main/ugv_chat_ai) by extension 'colcon_pkg'
[1.462s] Level 1:colcon.colcon_core.package_identification:_identify(src/ugv_main/ugv_chat_ai) by extensions ['colcon_meta']
[1.462s] Level 1:colcon.colcon_core.package_identification:_identify(src/ugv_main/ugv_chat_ai) by extension 'colcon_meta'
[1.462s] Level 1:colcon.colcon_core.package_identification:_identify(src/ugv_main/ugv_chat_ai) by extensions ['ros']
[1.462s] Level 1:colcon.colcon_core.package_identification:_identify(src/ugv_main/ugv_chat_ai) by extension 'ros'
[1.464s] DEBUG:colcon.colcon_core.package_identification:Package 'src/ugv_main/ugv_chat_ai' with type 'ros.ament_python' and name 'ugv_chat_ai'
[1.465s] Level 1:colcon.colcon_core.package_identification:_identify(src/ugv_main/ugv_description) by extensions ['ignore', 'ignore_ament_install']
[1.465s] Level 1:colcon.colcon_core.package_identification:_identify(src/ugv_main/ugv_description) by extension 'ignore'
[1.466s] Level 1:colcon.colcon_core.package_identification:_identify(src/ugv_main/ugv_description) by extension 'ignore_ament_install'
[1.466s] Level 1:colcon.colcon_core.package_identification:_identify(src/ugv_main/ugv_description) by extensions ['colcon_pkg']
[1.466s] Level 1:colcon.colcon_core.package_identification:_identify(src/ugv_main/ugv_description) by extension 'colcon_pkg'
[1.466s] Level 1:colcon.colcon_core.package_identification:_identify(src/ugv_main/ugv_description) by extensions ['colcon_meta']
[1.466s] Level 1:colcon.colcon_core.package_identification:_identify(src/ugv_main/ugv_description) by extension 'colcon_meta'
[1.466s] Level 1:colcon.colcon_core.package_identification:_identify(src/ugv_main/ugv_description) by extensions ['ros']
[1.466s] Level 1:colcon.colcon_core.package_identification:_identify(src/ugv_main/ugv_description) by extension 'ros'
[1.470s] DEBUG:colcon.colcon_core.package_identification:Package 'src/ugv_main/ugv_description' with type 'ros.ament_cmake' and name 'ugv_description'
[1.470s] Level 1:colcon.colcon_core.package_identification:_identify(src/ugv_main/ugv_gazebo) by extensions ['ignore', 'ignore_ament_install']
[1.471s] Level 1:colcon.colcon_core.package_identification:_identify(src/ugv_main/ugv_gazebo) by extension 'ignore'
[1.471s] Level 1:colcon.colcon_core.package_identification:_identify(src/ugv_main/ugv_gazebo) by extension 'ignore_ament_install'
[1.471s] Level 1:colcon.colcon_core.package_identification:_identify(src/ugv_main/ugv_gazebo) by extensions ['colcon_pkg']
[1.471s] Level 1:colcon.colcon_core.package_identification:_identify(src/ugv_main/ugv_gazebo) by extension 'colcon_pkg'
[1.471s] Level 1:colcon.colcon_core.package_identification:_identify(src/ugv_main/ugv_gazebo) by extensions ['colcon_meta']
[1.471s] Level 1:colcon.colcon_core.package_identification:_identify(src/ugv_main/ugv_gazebo) by extension 'colcon_meta'
[1.472s] Level 1:colcon.colcon_core.package_identification:_identify(src/ugv_main/ugv_gazebo) by extensions ['ros']
[1.472s] Level 1:colcon.colcon_core.package_identification:_identify(src/ugv_main/ugv_gazebo) by extension 'ros'
[1.475s] DEBUG:colcon.colcon_core.package_identification:Package 'src/ugv_main/ugv_gazebo' with type 'ros.ament_cmake' and name 'ugv_gazebo'
[1.475s] Level 1:colcon.colcon_core.package_identification:_identify(src/ugv_main/ugv_interface) by extensions ['ignore', 'ignore_ament_install']
[1.476s] Level 1:colcon.colcon_core.package_identification:_identify(src/ugv_main/ugv_interface) by extension 'ignore'
[1.476s] Level 1:colcon.colcon_core.package_identification:_identify(src/ugv_main/ugv_interface) by extension 'ignore_ament_install'
[1.476s] Level 1:colcon.colcon_core.package_identification:_identify(src/ugv_main/ugv_interface) by extensions ['colcon_pkg']
[1.476s] Level 1:colcon.colcon_core.package_identification:_identify(src/ugv_main/ugv_interface) by extension 'colcon_pkg'
[1.476s] Level 1:colcon.colcon_core.package_identification:_identify(src/ugv_main/ugv_interface) by extensions ['colcon_meta']
[1.476s] Level 1:colcon.colcon_core.package_identification:_identify(src/ugv_main/ugv_interface) by extension 'colcon_meta'
[1.476s] Level 1:colcon.colcon_core.package_identification:_identify(src/ugv_main/ugv_interface) by extensions ['ros']
[1.477s] Level 1:colcon.colcon_core.package_identification:_identify(src/ugv_main/ugv_interface) by extension 'ros'
[1.480s] DEBUG:colcon.colcon_core.package_identification:Package 'src/ugv_main/ugv_interface' with type 'ros.ament_cmake' and name 'ugv_interface'
[1.481s] Level 1:colcon.colcon_core.package_identification:_identify(src/ugv_main/ugv_nav) by extensions ['ignore', 'ignore_ament_install']
[1.481s] Level 1:colcon.colcon_core.package_identification:_identify(src/ugv_main/ugv_nav) by extension 'ignore'
[1.481s] Level 1:colcon.colcon_core.package_identification:_identify(src/ugv_main/ugv_nav) by extension 'ignore_ament_install'
[1.482s] Level 1:colcon.colcon_core.package_identification:_identify(src/ugv_main/ugv_nav) by extensions ['colcon_pkg']
[1.482s] Level 1:colcon.colcon_core.package_identification:_identify(src/ugv_main/ugv_nav) by extension 'colcon_pkg'
[1.482s] Level 1:colcon.colcon_core.package_identification:_identify(src/ugv_main/ugv_nav) by extensions ['colcon_meta']
[1.482s] Level 1:colcon.colcon_core.package_identification:_identify(src/ugv_main/ugv_nav) by extension 'colcon_meta'
[1.482s] Level 1:colcon.colcon_core.package_identification:_identify(src/ugv_main/ugv_nav) by extensions ['ros']
[1.482s] Level 1:colcon.colcon_core.package_identification:_identify(src/ugv_main/ugv_nav) by extension 'ros'
[1.484s] DEBUG:colcon.colcon_core.package_identification:Package 'src/ugv_main/ugv_nav' with type 'ros.ament_cmake' and name 'ugv_nav'
[1.485s] Level 1:colcon.colcon_core.package_identification:_identify(src/ugv_main/ugv_slam) by extensions ['ignore', 'ignore_ament_install']
[1.485s] Level 1:colcon.colcon_core.package_identification:_identify(src/ugv_main/ugv_slam) by extension 'ignore'
[1.485s] Level 1:colcon.colcon_core.package_identification:_identify(src/ugv_main/ugv_slam) by extension 'ignore_ament_install'
[1.486s] Level 1:colcon.colcon_core.package_identification:_identify(src/ugv_main/ugv_slam) by extensions ['colcon_pkg']
[1.486s] Level 1:colcon.colcon_core.package_identification:_identify(src/ugv_main/ugv_slam) by extension 'colcon_pkg'
[1.486s] Level 1:colcon.colcon_core.package_identification:_identify(src/ugv_main/ugv_slam) by extensions ['colcon_meta']
[1.486s] Level 1:colcon.colcon_core.package_identification:_identify(src/ugv_main/ugv_slam) by extension 'colcon_meta'
[1.486s] Level 1:colcon.colcon_core.package_identification:_identify(src/ugv_main/ugv_slam) by extensions ['ros']
[1.486s] Level 1:colcon.colcon_core.package_identification:_identify(src/ugv_main/ugv_slam) by extension 'ros'
[1.490s] DEBUG:colcon.colcon_core.package_identification:Package 'src/ugv_main/ugv_slam' with type 'ros.ament_cmake' and name 'ugv_slam'
[1.490s] Level 1:colcon.colcon_core.package_identification:_identify(src/ugv_main/ugv_tools) by extensions ['ignore', 'ignore_ament_install']
[1.491s] Level 1:colcon.colcon_core.package_identification:_identify(src/ugv_main/ugv_tools) by extension 'ignore'
[1.491s] Level 1:colcon.colcon_core.package_identification:_identify(src/ugv_main/ugv_tools) by extension 'ignore_ament_install'
[1.491s] Level 1:colcon.colcon_core.package_identification:_identify(src/ugv_main/ugv_tools) by extensions ['colcon_pkg']
[1.491s] Level 1:colcon.colcon_core.package_identification:_identify(src/ugv_main/ugv_tools) by extension 'colcon_pkg'
[1.491s] Level 1:colcon.colcon_core.package_identification:_identify(src/ugv_main/ugv_tools) by extensions ['colcon_meta']
[1.492s] Level 1:colcon.colcon_core.package_identification:_identify(src/ugv_main/ugv_tools) by extension 'colcon_meta'
[1.492s] Level 1:colcon.colcon_core.package_identification:_identify(src/ugv_main/ugv_tools) by extensions ['ros']
[1.492s] Level 1:colcon.colcon_core.package_identification:_identify(src/ugv_main/ugv_tools) by extension 'ros'
[1.494s] DEBUG:colcon.colcon_core.package_identification:Package 'src/ugv_main/ugv_tools' with type 'ros.ament_python' and name 'ugv_tools'
[1.495s] Level 1:colcon.colcon_core.package_identification:_identify(src/ugv_main/ugv_vision) by extensions ['ignore', 'ignore_ament_install']
[1.495s] Level 1:colcon.colcon_core.package_identification:_identify(src/ugv_main/ugv_vision) by extension 'ignore'
[1.496s] Level 1:colcon.colcon_core.package_identification:_identify(src/ugv_main/ugv_vision) by extension 'ignore_ament_install'
[1.496s] Level 1:colcon.colcon_core.package_identification:_identify(src/ugv_main/ugv_vision) by extensions ['colcon_pkg']
[1.496s] Level 1:colcon.colcon_core.package_identification:_identify(src/ugv_main/ugv_vision) by extension 'colcon_pkg'
[1.496s] Level 1:colcon.colcon_core.package_identification:_identify(src/ugv_main/ugv_vision) by extensions ['colcon_meta']
[1.496s] Level 1:colcon.colcon_core.package_identification:_identify(src/ugv_main/ugv_vision) by extension 'colcon_meta'
[1.496s] Level 1:colcon.colcon_core.package_identification:_identify(src/ugv_main/ugv_vision) by extensions ['ros']
[1.496s] Level 1:colcon.colcon_core.package_identification:_identify(src/ugv_main/ugv_vision) by extension 'ros'
[1.499s] DEBUG:colcon.colcon_core.package_identification:Package 'src/ugv_main/ugv_vision' with type 'ros.ament_python' and name 'ugv_vision'
[1.499s] Level 1:colcon.colcon_core.package_identification:_identify(src/ugv_main/ugv_web_app) by extensions ['ignore', 'ignore_ament_install']
[1.500s] Level 1:colcon.colcon_core.package_identification:_identify(src/ugv_main/ugv_web_app) by extension 'ignore'
[1.500s] Level 1:colcon.colcon_core.package_identification:_identify(src/ugv_main/ugv_web_app) by extension 'ignore_ament_install'
[1.500s] Level 1:colcon.colcon_core.package_identification:_identify(src/ugv_main/ugv_web_app) by extensions ['colcon_pkg']
[1.500s] Level 1:colcon.colcon_core.package_identification:_identify(src/ugv_main/ugv_web_app) by extension 'colcon_pkg'
[1.500s] Level 1:colcon.colcon_core.package_identification:_identify(src/ugv_main/ugv_web_app) by extensions ['colcon_meta']
[1.500s] Level 1:colcon.colcon_core.package_identification:_identify(src/ugv_main/ugv_web_app) by extension 'colcon_meta'
[1.501s] Level 1:colcon.colcon_core.package_identification:_identify(src/ugv_main/ugv_web_app) by extensions ['ros']
[1.501s] Level 1:colcon.colcon_core.package_identification:_identify(src/ugv_main/ugv_web_app) by extension 'ros'
[1.503s] DEBUG:colcon.colcon_core.package_identification:Package 'src/ugv_main/ugv_web_app' with type 'ros.ament_python' and name 'ugv_web_app'
[1.503s] Level 1:colcon.colcon_core.package_discovery:discover_packages(recursive) using defaults
[1.503s] Level 1:colcon.colcon_core.package_discovery:discover_packages(ignore) discover
[1.503s] Level 1:colcon.colcon_core.package_discovery:discover_packages(ignore) using defaults
[1.504s] Level 1:colcon.colcon_core.package_discovery:discover_packages(path) discover
[1.504s] Level 1:colcon.colcon_core.package_discovery:discover_packages(path) using defaults
[1.618s] INFO:colcon.colcon_core.package_selection:Skipping not selected package 'apriltag' in 'src/ugv_else/apriltag_ros/apriltag'
[1.618s] INFO:colcon.colcon_core.package_selection:Skipping not selected package 'apriltag_msgs' in 'src/ugv_else/apriltag_ros/apriltag_msgs'
[1.618s] INFO:colcon.colcon_core.package_selection:Skipping not selected package 'audio_utils_msgs' in 'src/ugv_else/audio_utils/audio_utils_msgs'
[1.618s] INFO:colcon.colcon_core.package_selection:Skipping not selected package 'cartographer' in 'src/ugv_else/cartographer'
[1.618s] INFO:colcon.colcon_core.package_selection:Skipping not selected package 'costmap_converter_msgs' in 'src/ugv_else/costmap_converter/costmap_converter_msgs'
[1.618s] INFO:colcon.colcon_core.package_selection:Skipping not selected package 'cv_camera' in 'src/ugv_else/cv_camera'
[1.619s] INFO:colcon.colcon_core.package_selection:Skipping not selected package 'emcl2' in 'src/ugv_else/emcl2_ros2'
[1.619s] INFO:colcon.colcon_core.package_selection:Skipping not selected package 'explore_lite' in 'src/ugv_else/explore_lite'
[1.619s] INFO:colcon.colcon_core.package_selection:Skipping not selected package 'ldlidar' in 'src/ugv_else/ldlidar'
[1.619s] INFO:colcon.colcon_core.package_selection:Skipping not selected package 'odas_ros_msgs' in 'src/ugv_else/odas_ros/odas_ros_msgs'
[1.619s] INFO:colcon.colcon_core.package_selection:Skipping not selected package 'openslam_gmapping' in 'src/ugv_else/gmapping/openslam_gmapping'
[1.619s] INFO:colcon.colcon_core.package_selection:Skipping not selected package 'rf2o_laser_odometry' in 'src/ugv_else/rf2o_laser_odometry'
[1.619s] INFO:colcon.colcon_core.package_selection:Skipping not selected package 'robot_pose_publisher' in 'src/ugv_else/robot_pose_publisher'
[1.619s] INFO:colcon.colcon_core.package_selection:Skipping not selected package 'turtlebot3_beam_description' in 'src/ugv_else/opentera-webrtc-ros/turtlebot3_beam_description'
[1.619s] INFO:colcon.colcon_core.package_selection:Skipping not selected package 'ugv_base_node' in 'src/ugv_main/ugv_base_node'
[1.619s] INFO:colcon.colcon_core.package_selection:Skipping not selected package 'ugv_bringup' in 'src/ugv_main/ugv_bringup'
[1.619s] INFO:colcon.colcon_core.package_selection:Skipping not selected package 'ugv_chat_ai' in 'src/ugv_main/ugv_chat_ai'
[1.620s] INFO:colcon.colcon_core.package_selection:Skipping not selected package 'ugv_description' in 'src/ugv_main/ugv_description'
[1.620s] INFO:colcon.colcon_core.package_selection:Skipping not selected package 'ugv_gazebo' in 'src/ugv_main/ugv_gazebo'
[1.620s] INFO:colcon.colcon_core.package_selection:Skipping not selected package 'ugv_interface' in 'src/ugv_main/ugv_interface'
[1.620s] INFO:colcon.colcon_core.package_selection:Skipping not selected package 'ugv_nav' in 'src/ugv_main/ugv_nav'
[1.620s] INFO:colcon.colcon_core.package_selection:Skipping not selected package 'ugv_slam' in 'src/ugv_main/ugv_slam'
[1.620s] INFO:colcon.colcon_core.package_selection:Skipping not selected package 'ugv_tools' in 'src/ugv_main/ugv_tools'
[1.620s] INFO:colcon.colcon_core.package_selection:Skipping not selected package 'ugv_vision' in 'src/ugv_main/ugv_vision'
[1.620s] INFO:colcon.colcon_core.package_selection:Skipping not selected package 'ugv_web_app' in 'src/ugv_main/ugv_web_app'
[1.620s] INFO:colcon.colcon_core.package_selection:Skipping not selected package 'vizanti_cpp' in 'src/ugv_else/vizanti/vizanti_cpp'
[1.620s] INFO:colcon.colcon_core.package_selection:Skipping not selected package 'vizanti_msgs' in 'src/ugv_else/vizanti/vizanti_msgs'
[1.620s] INFO:colcon.colcon_core.package_selection:Skipping not selected package 'apriltag_ros' in 'src/ugv_else/apriltag_ros/apriltag_ros'
[1.620s] INFO:colcon.colcon_core.package_selection:Skipping not selected package 'audio_utils' in 'src/ugv_else/audio_utils/audio_utils'
[1.621s] INFO:colcon.colcon_core.package_selection:Skipping not selected package 'costmap_converter' in 'src/ugv_else/costmap_converter/costmap_converter'
[1.621s] INFO:colcon.colcon_core.package_selection:Skipping not selected package 'odas_ros' in 'src/ugv_else/odas_ros/odas_ros'
[1.621s] INFO:colcon.colcon_core.package_selection:Skipping not selected package 'slam_gmapping' in 'src/ugv_else/gmapping/slam_gmapping'
[1.621s] INFO:colcon.colcon_core.package_selection:Skipping not selected package 'teb_msgs' in 'src/ugv_else/teb_local_planner/teb_msgs'
[1.621s] INFO:colcon.colcon_core.package_selection:Skipping not selected package 'vizanti_demos' in 'src/ugv_else/vizanti/vizanti_demos'
[1.621s] INFO:colcon.colcon_core.package_selection:Skipping not selected package 'vizanti_server' in 'src/ugv_else/vizanti/vizanti_server'
[1.621s] INFO:colcon.colcon_core.package_selection:Skipping not selected package 'face_cropping' in 'src/ugv_else/opentera-webrtc-ros/face_cropping'
[1.621s] INFO:colcon.colcon_core.package_selection:Skipping not selected package 'map_image_generator' in 'src/ugv_else/opentera-webrtc-ros/map_image_generator'
[1.621s] INFO:colcon.colcon_core.package_selection:Skipping not selected package 'opentera_client_ros' in 'src/ugv_else/opentera-webrtc-ros/opentera_client_ros'
[1.621s] INFO:colcon.colcon_core.package_selection:Skipping not selected package 'opentera_webrtc_robot_gui' in 'src/ugv_else/opentera-webrtc-ros/opentera_webrtc_robot_gui'
[1.621s] INFO:colcon.colcon_core.package_selection:Skipping not selected package 'teb_local_planner' in 'src/ugv_else/teb_local_planner/teb_local_planner'
[1.621s] INFO:colcon.colcon_core.package_selection:Skipping not selected package 'vizanti' in 'src/ugv_else/vizanti/vizanti'
[1.621s] INFO:colcon.colcon_core.package_selection:Skipping not selected package 'opentera_webrtc_ros' in 'src/ugv_else/opentera-webrtc-ros/opentera_webrtc_ros'
[1.622s] INFO:colcon.colcon_core.package_selection:Skipping not selected package 'opentera_webrtc_demos' in 'src/ugv_else/opentera-webrtc-ros/opentera_webrtc_demos'
[1.623s] Level 5:colcon.colcon_core.verb:set package 'opentera_protobuf_messages' build argument 'cmake_args' from command line to '['-DPYTHON_EXECUTABLE=/usr/bin/python3', '-DCMAKE_BUILD_TYPE=Debug', '--no-warn-unused-cli']'
[1.624s] Level 5:colcon.colcon_core.verb:set package 'opentera_protobuf_messages' build argument 'cmake_target' from command line to 'None'
[1.624s] Level 5:colcon.colcon_core.verb:set package 'opentera_protobuf_messages' build argument 'cmake_target_skip_unavailable' from command line to 'False'
[1.624s] Level 5:colcon.colcon_core.verb:set package 'opentera_protobuf_messages' build argument 'cmake_clean_cache' from command line to 'False'
[1.624s] Level 5:colcon.colcon_core.verb:set package 'opentera_protobuf_messages' build argument 'cmake_clean_first' from command line to 'False'
[1.624s] Level 5:colcon.colcon_core.verb:set package 'opentera_protobuf_messages' build argument 'cmake_force_configure' from command line to 'False'
[1.624s] Level 5:colcon.colcon_core.verb:set package 'opentera_protobuf_messages' build argument 'ament_cmake_args' from command line to 'None'
[1.624s] Level 5:colcon.colcon_core.verb:set package 'opentera_protobuf_messages' build argument 'catkin_cmake_args' from command line to 'None'
[1.624s] Level 5:colcon.colcon_core.verb:set package 'opentera_protobuf_messages' build argument 'catkin_skip_building_tests' from command line to 'False'
[1.625s] DEBUG:colcon.colcon_core.verb:Building package 'opentera_protobuf_messages' with the following arguments: {'ament_cmake_args': None, 'build_base': '/home/ws/ugv_ws/build/opentera_protobuf_messages', 'catkin_cmake_args': None, 'catkin_skip_building_tests': False, 'cmake_args': ['-DPYTHON_EXECUTABLE=/usr/bin/python3', '-DCMAKE_BUILD_TYPE=Debug', '--no-warn-unused-cli'], 'cmake_clean_cache': False, 'cmake_clean_first': False, 'cmake_force_configure': False, 'cmake_target': None, 'cmake_target_skip_unavailable': False, 'install_base': '/home/ws/ugv_ws/install/opentera_protobuf_messages', 'merge_install': False, 'path': '/home/ws/ugv_ws/src/ugv_else/opentera-webrtc-ros/opentera_protobuf_messages', 'symlink_install': True, 'test_result_base': None}
[1.626s] Level 5:colcon.colcon_core.verb:set package 'opentera_webrtc_ros_msgs' build argument 'cmake_args' from command line to '['-DPYTHON_EXECUTABLE=/usr/bin/python3', '-DCMAKE_BUILD_TYPE=Debug', '--no-warn-unused-cli']'
[1.626s] Level 5:colcon.colcon_core.verb:set package 'opentera_webrtc_ros_msgs' build argument 'cmake_target' from command line to 'None'
[1.627s] Level 5:colcon.colcon_core.verb:set package 'opentera_webrtc_ros_msgs' build argument 'cmake_target_skip_unavailable' from command line to 'False'
[1.627s] Level 5:colcon.colcon_core.verb:set package 'opentera_webrtc_ros_msgs' build argument 'cmake_clean_cache' from command line to 'False'
[1.627s] Level 5:colcon.colcon_core.verb:set package 'opentera_webrtc_ros_msgs' build argument 'cmake_clean_first' from command line to 'False'
[1.627s] Level 5:colcon.colcon_core.verb:set package 'opentera_webrtc_ros_msgs' build argument 'cmake_force_configure' from command line to 'False'
[1.627s] Level 5:colcon.colcon_core.verb:set package 'opentera_webrtc_ros_msgs' build argument 'ament_cmake_args' from command line to 'None'
[1.627s] Level 5:colcon.colcon_core.verb:set package 'opentera_webrtc_ros_msgs' build argument 'catkin_cmake_args' from command line to 'None'
[1.627s] Level 5:colcon.colcon_core.verb:set package 'opentera_webrtc_ros_msgs' build argument 'catkin_skip_building_tests' from command line to 'False'
[1.627s] DEBUG:colcon.colcon_core.verb:Building package 'opentera_webrtc_ros_msgs' with the following arguments: {'ament_cmake_args': None, 'build_base': '/home/ws/ugv_ws/build/opentera_webrtc_ros_msgs', 'catkin_cmake_args': None, 'catkin_skip_building_tests': False, 'cmake_args': ['-DPYTHON_EXECUTABLE=/usr/bin/python3', '-DCMAKE_BUILD_TYPE=Debug', '--no-warn-unused-cli'], 'cmake_clean_cache': False, 'cmake_clean_first': False, 'cmake_force_configure': False, 'cmake_target': None, 'cmake_target_skip_unavailable': False, 'install_base': '/home/ws/ugv_ws/install/opentera_webrtc_ros_msgs', 'merge_install': False, 'path': '/home/ws/ugv_ws/src/ugv_else/opentera-webrtc-ros/opentera_webrtc_ros_msgs', 'symlink_install': True, 'test_result_base': None}
[1.628s] INFO:colcon.colcon_core.executor:Executing jobs using 'parallel' executor
[1.632s] DEBUG:colcon.colcon_parallel_executor.executor.parallel:run_until_complete
[1.632s] INFO:colcon.colcon_ros.task.ament_cmake.build:Building ROS package in '/home/ws/ugv_ws/src/ugv_else/opentera-webrtc-ros/opentera_protobuf_messages' with build type 'ament_cmake'
[1.633s] INFO:colcon.colcon_cmake.task.cmake.build:Building CMake package in '/home/ws/ugv_ws/src/ugv_else/opentera-webrtc-ros/opentera_protobuf_messages'
[1.645s] INFO:colcon.colcon_core.plugin_system:Skipping extension 'colcon_core.shell.bat': Not used on non-Windows systems
[1.646s] INFO:colcon.colcon_core.shell:Skip shell extension 'powershell' for command environment: Not usable outside of PowerShell
[1.646s] DEBUG:colcon.colcon_core.shell:Skip shell extension 'dsv' for command environment
[1.677s] INFO:colcon.colcon_ros.task.ament_cmake.build:Building ROS package in '/home/ws/ugv_ws/src/ugv_else/opentera-webrtc-ros/opentera_webrtc_ros_msgs' with build type 'ament_cmake'
[1.678s] INFO:colcon.colcon_cmake.task.cmake.build:Building CMake package in '/home/ws/ugv_ws/src/ugv_else/opentera-webrtc-ros/opentera_webrtc_ros_msgs'
[1.680s] INFO:colcon.colcon_core.shell:Skip shell extension 'powershell' for command environment: Not usable outside of PowerShell
[1.680s] DEBUG:colcon.colcon_core.shell:Skip shell extension 'dsv' for command environment
[1.716s] DEBUG:colcon.colcon_core.event_handler.log_command:Invoking command in '/home/ws/ugv_ws/build/opentera_protobuf_messages': CMAKE_PREFIX_PATH=${CMAKE_PREFIX_PATH}:/home/ws/ugv_ws/install/ugv_web_app:/home/ws/ugv_ws/install/ugv_vision:/home/ws/ugv_ws/install/ugv_tools:/home/ws/ugv_ws/install/ugv_chat_ai:/home/ws/ugv_ws/install/ugv_bringup:/home/ws/ugv_ws/install/robot_pose_publisher:/home/ws/ugv_roarm_ws/install/ugv_roarm_bringup:/home/ws/roarm_ws/install/roarm_driver:/opt/ros/humble /usr/bin/cmake /home/ws/ugv_ws/src/ugv_else/opentera-webrtc-ros/opentera_protobuf_messages -DPYTHON_EXECUTABLE=/usr/bin/python3 -DCMAKE_BUILD_TYPE=Debug --no-warn-unused-cli -DAMENT_CMAKE_SYMLINK_INSTALL=1 -DCMAKE_INSTALL_PREFIX=/home/ws/ugv_ws/install/opentera_protobuf_messages
[1.734s] DEBUG:colcon.colcon_core.event_handler.log_command:Invoking command in '/home/ws/ugv_ws/build/opentera_webrtc_ros_msgs': CMAKE_PREFIX_PATH=/home/ws/ugv_ws/install/audio_utils_msgs:/home/ws/ugv_ws/install/cv_camera:/home/ws/ugv_ws/install/audio_utils:/home/ws/ugv_ws/install/vizanti:/home/ws/ugv_ws/install/vizanti_server:/home/ws/ugv_ws/install/vizanti_demos:/home/ws/ugv_ws/install/vizanti_msgs:/home/ws/ugv_ws/install/vizanti_cpp:/home/ws/ugv_ws/install/ugv_slam:/home/ws/ugv_ws/install/ugv_nav:/home/ws/ugv_ws/install/ugv_interface:/home/ws/ugv_ws/install/ugv_gazebo:/home/ws/ugv_ws/install/ugv_description:/home/ws/ugv_ws/install/ugv_base_node:/home/ws/ugv_ws/install/teb_local_planner:/home/ws/ugv_ws/install/teb_msgs:/home/ws/ugv_ws/install/slam_gmapping:/home/ws/ugv_ws/install/rf2o_laser_odometry:/home/ws/ugv_ws/install/openslam_gmapping:/home/ws/ugv_ws/install/ldlidar:/home/ws/ugv_ws/install/explore_lite:/home/ws/ugv_ws/install/emcl2:/home/ws/ugv_ws/install/costmap_converter:/home/ws/ugv_ws/install/costmap_converter_msgs:/home/ws/ugv_ws/install/cartographer:/home/ws/ugv_ws/install/apriltag_ros:/home/ws/ugv_ws/install/apriltag_msgs:/home/ws/ugv_ws/install/apriltag:/home/ws/ugv_roarm_ws/install/ugv_roarm_moveit_servo:/home/ws/ugv_roarm_ws/install/ugv_roarm_moveit_mtc_demo:/home/ws/ugv_roarm_ws/install/ugv_roarm_moveit_ikfast_plugins:/home/ws/ugv_roarm_ws/install/ugv_roarm_moveit:/home/ws/ugv_roarm_ws/install/ugv_roarm_description:/home/ws/roarm_ws/install/roarm_moveit_mtc_demo:/home/ws/roarm_ws/install/moveit_task_constructor_visualization:/home/ws/roarm_ws/install/moveit_task_constructor_capabilities:/home/ws/roarm_ws/install/moveit_task_constructor_core:/home/ws/roarm_ws/install/rviz_marker_tools:/home/ws/roarm_ws/install/roarm_moveit_cmd:/home/ws/roarm_ws/install/moveit_servo:/home/ws/roarm_ws/install/roarm_msgs:/home/ws/roarm_ws/install/roarm_moveit_servo:/home/ws/roarm_ws/install/roarm_moveit_ikfast_plugins:/home/ws/roarm_ws/install/roarm_moveit:/home/ws/roarm_ws/install/roarm_description:/home/ws/roarm_ws/install/moveit_task_constructor_msgs:/home/ws/ugv_ws/install/ugv_web_app:/home/ws/ugv_ws/install/ugv_vision:/home/ws/ugv_ws/install/ugv_tools:/home/ws/ugv_ws/install/ugv_chat_ai:/home/ws/ugv_ws/install/ugv_bringup:/home/ws/ugv_ws/install/robot_pose_publisher:/home/ws/ugv_roarm_ws/install/ugv_roarm_bringup:/home/ws/roarm_ws/install/roarm_driver:/opt/ros/humble LD_LIBRARY_PATH=/home/ws/ugv_ws/install/audio_utils_msgs/lib:/home/ws/ugv_ws/install/audio_utils/lib:/home/ws/ugv_ws/install/vizanti_msgs/lib:/home/ws/ugv_ws/install/ugv_interface/lib:/home/ws/ugv_ws/install/teb_local_planner/lib:/home/ws/ugv_ws/install/teb_msgs/lib:/home/ws/ugv_ws/install/openslam_gmapping/lib:/home/ws/ugv_ws/install/costmap_converter/lib:/home/ws/ugv_ws/install/costmap_converter_msgs/lib:/home/ws/ugv_ws/install/apriltag_ros/lib:/home/ws/ugv_ws/install/apriltag_msgs/lib:/home/ws/ugv_ws/install/apriltag/lib:/home/ws/ugv_roarm_ws/install/ugv_roarm_moveit_servo/lib:/home/ws/ugv_roarm_ws/install/ugv_roarm_moveit_mtc_demo/lib:/home/ws/ugv_roarm_ws/install/ugv_roarm_moveit_ikfast_plugins/lib:/home/ws/roarm_ws/install/roarm_moveit_mtc_demo/lib:/home/ws/roarm_ws/install/moveit_task_constructor_visualization/lib:/home/ws/roarm_ws/install/moveit_task_constructor_capabilities/lib:/home/ws/roarm_ws/install/moveit_task_constructor_core/lib:/home/ws/roarm_ws/install/rviz_marker_tools/lib:/home/ws/roarm_ws/install/moveit_servo/lib:/home/ws/roarm_ws/install/roarm_msgs/lib:/home/ws/roarm_ws/install/roarm_moveit_servo/lib:/home/ws/roarm_ws/install/roarm_moveit_ikfast_plugins/lib:/home/ws/roarm_ws/install/moveit_task_constructor_msgs/lib:/opt/ros/humble/opt/rviz_ogre_vendor/lib:/opt/ros/humble/lib/aarch64-linux-gnu:/opt/ros/humble/lib /usr/bin/cmake /home/ws/ugv_ws/src/ugv_else/opentera-webrtc-ros/opentera_webrtc_ros_msgs -DPYTHON_EXECUTABLE=/usr/bin/python3 -DCMAKE_BUILD_TYPE=Debug --no-warn-unused-cli -DAMENT_CMAKE_SYMLINK_INSTALL=1 -DCMAKE_INSTALL_PREFIX=/home/ws/ugv_ws/install/opentera_webrtc_ros_msgs
[5.924s] DEBUG:colcon.colcon_core.event_handler.log_command:Invoked command in '/home/ws/ugv_ws/build/opentera_protobuf_messages' returned '0': CMAKE_PREFIX_PATH=${CMAKE_PREFIX_PATH}:/home/ws/ugv_ws/install/ugv_web_app:/home/ws/ugv_ws/install/ugv_vision:/home/ws/ugv_ws/install/ugv_tools:/home/ws/ugv_ws/install/ugv_chat_ai:/home/ws/ugv_ws/install/ugv_bringup:/home/ws/ugv_ws/install/robot_pose_publisher:/home/ws/ugv_roarm_ws/install/ugv_roarm_bringup:/home/ws/roarm_ws/install/roarm_driver:/opt/ros/humble /usr/bin/cmake /home/ws/ugv_ws/src/ugv_else/opentera-webrtc-ros/opentera_protobuf_messages -DPYTHON_EXECUTABLE=/usr/bin/python3 -DCMAKE_BUILD_TYPE=Debug --no-warn-unused-cli -DAMENT_CMAKE_SYMLINK_INSTALL=1 -DCMAKE_INSTALL_PREFIX=/home/ws/ugv_ws/install/opentera_protobuf_messages
[5.926s] DEBUG:colcon.colcon_core.event_handler.log_command:Invoking command in '/home/ws/ugv_ws/build/opentera_protobuf_messages': CMAKE_PREFIX_PATH=${CMAKE_PREFIX_PATH}:/home/ws/ugv_ws/install/ugv_web_app:/home/ws/ugv_ws/install/ugv_vision:/home/ws/ugv_ws/install/ugv_tools:/home/ws/ugv_ws/install/ugv_chat_ai:/home/ws/ugv_ws/install/ugv_bringup:/home/ws/ugv_ws/install/robot_pose_publisher:/home/ws/ugv_roarm_ws/install/ugv_roarm_bringup:/home/ws/roarm_ws/install/roarm_driver:/opt/ros/humble /usr/bin/cmake --build /home/ws/ugv_ws/build/opentera_protobuf_messages -- -j4 -l4
[8.448s] DEBUG:colcon.colcon_core.event_handler.log_command:Invoked command in '/home/ws/ugv_ws/build/opentera_protobuf_messages' returned '0': CMAKE_PREFIX_PATH=${CMAKE_PREFIX_PATH}:/home/ws/ugv_ws/install/ugv_web_app:/home/ws/ugv_ws/install/ugv_vision:/home/ws/ugv_ws/install/ugv_tools:/home/ws/ugv_ws/install/ugv_chat_ai:/home/ws/ugv_ws/install/ugv_bringup:/home/ws/ugv_ws/install/robot_pose_publisher:/home/ws/ugv_roarm_ws/install/ugv_roarm_bringup:/home/ws/roarm_ws/install/roarm_driver:/opt/ros/humble /usr/bin/cmake --build /home/ws/ugv_ws/build/opentera_protobuf_messages -- -j4 -l4
[8.607s] DEBUG:colcon.colcon_core.event_handler.log_command:Invoking command in '/home/ws/ugv_ws/build/opentera_protobuf_messages': CMAKE_PREFIX_PATH=${CMAKE_PREFIX_PATH}:/home/ws/ugv_ws/install/ugv_web_app:/home/ws/ugv_ws/install/ugv_vision:/home/ws/ugv_ws/install/ugv_tools:/home/ws/ugv_ws/install/ugv_chat_ai:/home/ws/ugv_ws/install/ugv_bringup:/home/ws/ugv_ws/install/robot_pose_publisher:/home/ws/ugv_roarm_ws/install/ugv_roarm_bringup:/home/ws/roarm_ws/install/roarm_driver:/opt/ros/humble /usr/bin/cmake --install /home/ws/ugv_ws/build/opentera_protobuf_messages
[10.150s] Level 1:colcon.colcon_core.environment:create_environment_scripts_only(opentera_protobuf_messages)
[10.152s] DEBUG:colcon.colcon_core.event_handler.log_command:Invoked command in '/home/ws/ugv_ws/build/opentera_protobuf_messages' returned '0': CMAKE_PREFIX_PATH=${CMAKE_PREFIX_PATH}:/home/ws/ugv_ws/install/ugv_web_app:/home/ws/ugv_ws/install/ugv_vision:/home/ws/ugv_ws/install/ugv_tools:/home/ws/ugv_ws/install/ugv_chat_ai:/home/ws/ugv_ws/install/ugv_bringup:/home/ws/ugv_ws/install/robot_pose_publisher:/home/ws/ugv_roarm_ws/install/ugv_roarm_bringup:/home/ws/roarm_ws/install/roarm_driver:/opt/ros/humble /usr/bin/cmake --install /home/ws/ugv_ws/build/opentera_protobuf_messages
[10.162s] Level 1:colcon.colcon_core.environment:checking '/home/ws/ugv_ws/install/opentera_protobuf_messages' for CMake module files
[10.165s] Level 1:colcon.colcon_core.environment:checking '/home/ws/ugv_ws/install/opentera_protobuf_messages' for CMake config files
[10.165s] Level 1:colcon.colcon_core.shell:create_environment_hook('opentera_protobuf_messages', 'cmake_prefix_path')
[10.166s] INFO:colcon.colcon_core.shell:Creating environment hook '/home/ws/ugv_ws/install/opentera_protobuf_messages/share/opentera_protobuf_messages/hook/cmake_prefix_path.ps1'
[10.169s] INFO:colcon.colcon_core.shell:Creating environment descriptor '/home/ws/ugv_ws/install/opentera_protobuf_messages/share/opentera_protobuf_messages/hook/cmake_prefix_path.dsv'
[10.171s] INFO:colcon.colcon_core.shell:Creating environment hook '/home/ws/ugv_ws/install/opentera_protobuf_messages/share/opentera_protobuf_messages/hook/cmake_prefix_path.sh'
[10.174s] Level 1:colcon.colcon_core.environment:checking '/home/ws/ugv_ws/install/opentera_protobuf_messages/bin'
[10.175s] Level 1:colcon.colcon_core.environment:checking '/home/ws/ugv_ws/install/opentera_protobuf_messages/lib/pkgconfig/opentera_protobuf_messages.pc'
[10.182s] Level 1:colcon.colcon_core.environment:checking '/home/ws/ugv_ws/install/opentera_protobuf_messages/lib/python3.10/site-packages'
[10.183s] Level 1:colcon.colcon_core.environment:checking '/home/ws/ugv_ws/install/opentera_protobuf_messages/bin'
[10.184s] INFO:colcon.colcon_core.shell:Creating package script '/home/ws/ugv_ws/install/opentera_protobuf_messages/share/opentera_protobuf_messages/package.ps1'
[10.187s] INFO:colcon.colcon_core.shell:Creating package descriptor '/home/ws/ugv_ws/install/opentera_protobuf_messages/share/opentera_protobuf_messages/package.dsv'
[10.189s] INFO:colcon.colcon_core.shell:Creating package script '/home/ws/ugv_ws/install/opentera_protobuf_messages/share/opentera_protobuf_messages/package.sh'
[10.192s] INFO:colcon.colcon_core.shell:Creating package script '/home/ws/ugv_ws/install/opentera_protobuf_messages/share/opentera_protobuf_messages/package.bash'
[10.195s] INFO:colcon.colcon_core.shell:Creating package script '/home/ws/ugv_ws/install/opentera_protobuf_messages/share/opentera_protobuf_messages/package.zsh'
[10.198s] Level 1:colcon.colcon_core.environment:create_file_with_runtime_dependencies(/home/ws/ugv_ws/install/opentera_protobuf_messages/share/colcon-core/packages/opentera_protobuf_messages)
[10.327s] Level 1:colcon.colcon_core.environment:create_environment_scripts_only(opentera_protobuf_messages)
[10.328s] Level 1:colcon.colcon_core.environment:checking '/home/ws/ugv_ws/install/opentera_protobuf_messages' for CMake module files
[10.330s] Level 1:colcon.colcon_core.environment:checking '/home/ws/ugv_ws/install/opentera_protobuf_messages' for CMake config files
[10.331s] Level 1:colcon.colcon_core.shell:create_environment_hook('opentera_protobuf_messages', 'cmake_prefix_path')
[10.332s] INFO:colcon.colcon_core.shell:Creating environment hook '/home/ws/ugv_ws/install/opentera_protobuf_messages/share/opentera_protobuf_messages/hook/cmake_prefix_path.ps1'
[10.334s] INFO:colcon.colcon_core.shell:Creating environment descriptor '/home/ws/ugv_ws/install/opentera_protobuf_messages/share/opentera_protobuf_messages/hook/cmake_prefix_path.dsv'
[10.337s] INFO:colcon.colcon_core.shell:Creating environment hook '/home/ws/ugv_ws/install/opentera_protobuf_messages/share/opentera_protobuf_messages/hook/cmake_prefix_path.sh'
[10.340s] Level 1:colcon.colcon_core.environment:checking '/home/ws/ugv_ws/install/opentera_protobuf_messages/bin'
[10.340s] Level 1:colcon.colcon_core.environment:checking '/home/ws/ugv_ws/install/opentera_protobuf_messages/lib/pkgconfig/opentera_protobuf_messages.pc'
[10.341s] Level 1:colcon.colcon_core.environment:checking '/home/ws/ugv_ws/install/opentera_protobuf_messages/lib/python3.10/site-packages'
[10.342s] Level 1:colcon.colcon_core.environment:checking '/home/ws/ugv_ws/install/opentera_protobuf_messages/bin'
[10.343s] INFO:colcon.colcon_core.shell:Creating package script '/home/ws/ugv_ws/install/opentera_protobuf_messages/share/opentera_protobuf_messages/package.ps1'
[10.345s] INFO:colcon.colcon_core.shell:Creating package descriptor '/home/ws/ugv_ws/install/opentera_protobuf_messages/share/opentera_protobuf_messages/package.dsv'
[10.348s] INFO:colcon.colcon_core.shell:Creating package script '/home/ws/ugv_ws/install/opentera_protobuf_messages/share/opentera_protobuf_messages/package.sh'
[10.352s] INFO:colcon.colcon_core.shell:Creating package script '/home/ws/ugv_ws/install/opentera_protobuf_messages/share/opentera_protobuf_messages/package.bash'
[10.353s] INFO:colcon.colcon_core.shell:Creating package script '/home/ws/ugv_ws/install/opentera_protobuf_messages/share/opentera_protobuf_messages/package.zsh'
[10.355s] Level 1:colcon.colcon_core.environment:create_file_with_runtime_dependencies(/home/ws/ugv_ws/install/opentera_protobuf_messages/share/colcon-core/packages/opentera_protobuf_messages)
[12.610s] DEBUG:colcon.colcon_core.event_handler.log_command:Invoked command in '/home/ws/ugv_ws/build/opentera_webrtc_ros_msgs' returned '0': CMAKE_PREFIX_PATH=/home/ws/ugv_ws/install/audio_utils_msgs:/home/ws/ugv_ws/install/cv_camera:/home/ws/ugv_ws/install/audio_utils:/home/ws/ugv_ws/install/vizanti:/home/ws/ugv_ws/install/vizanti_server:/home/ws/ugv_ws/install/vizanti_demos:/home/ws/ugv_ws/install/vizanti_msgs:/home/ws/ugv_ws/install/vizanti_cpp:/home/ws/ugv_ws/install/ugv_slam:/home/ws/ugv_ws/install/ugv_nav:/home/ws/ugv_ws/install/ugv_interface:/home/ws/ugv_ws/install/ugv_gazebo:/home/ws/ugv_ws/install/ugv_description:/home/ws/ugv_ws/install/ugv_base_node:/home/ws/ugv_ws/install/teb_local_planner:/home/ws/ugv_ws/install/teb_msgs:/home/ws/ugv_ws/install/slam_gmapping:/home/ws/ugv_ws/install/rf2o_laser_odometry:/home/ws/ugv_ws/install/openslam_gmapping:/home/ws/ugv_ws/install/ldlidar:/home/ws/ugv_ws/install/explore_lite:/home/ws/ugv_ws/install/emcl2:/home/ws/ugv_ws/install/costmap_converter:/home/ws/ugv_ws/install/costmap_converter_msgs:/home/ws/ugv_ws/install/cartographer:/home/ws/ugv_ws/install/apriltag_ros:/home/ws/ugv_ws/install/apriltag_msgs:/home/ws/ugv_ws/install/apriltag:/home/ws/ugv_roarm_ws/install/ugv_roarm_moveit_servo:/home/ws/ugv_roarm_ws/install/ugv_roarm_moveit_mtc_demo:/home/ws/ugv_roarm_ws/install/ugv_roarm_moveit_ikfast_plugins:/home/ws/ugv_roarm_ws/install/ugv_roarm_moveit:/home/ws/ugv_roarm_ws/install/ugv_roarm_description:/home/ws/roarm_ws/install/roarm_moveit_mtc_demo:/home/ws/roarm_ws/install/moveit_task_constructor_visualization:/home/ws/roarm_ws/install/moveit_task_constructor_capabilities:/home/ws/roarm_ws/install/moveit_task_constructor_core:/home/ws/roarm_ws/install/rviz_marker_tools:/home/ws/roarm_ws/install/roarm_moveit_cmd:/home/ws/roarm_ws/install/moveit_servo:/home/ws/roarm_ws/install/roarm_msgs:/home/ws/roarm_ws/install/roarm_moveit_servo:/home/ws/roarm_ws/install/roarm_moveit_ikfast_plugins:/home/ws/roarm_ws/install/roarm_moveit:/home/ws/roarm_ws/install/roarm_description:/home/ws/roarm_ws/install/moveit_task_constructor_msgs:/home/ws/ugv_ws/install/ugv_web_app:/home/ws/ugv_ws/install/ugv_vision:/home/ws/ugv_ws/install/ugv_tools:/home/ws/ugv_ws/install/ugv_chat_ai:/home/ws/ugv_ws/install/ugv_bringup:/home/ws/ugv_ws/install/robot_pose_publisher:/home/ws/ugv_roarm_ws/install/ugv_roarm_bringup:/home/ws/roarm_ws/install/roarm_driver:/opt/ros/humble LD_LIBRARY_PATH=/home/ws/ugv_ws/install/audio_utils_msgs/lib:/home/ws/ugv_ws/install/audio_utils/lib:/home/ws/ugv_ws/install/vizanti_msgs/lib:/home/ws/ugv_ws/install/ugv_interface/lib:/home/ws/ugv_ws/install/teb_local_planner/lib:/home/ws/ugv_ws/install/teb_msgs/lib:/home/ws/ugv_ws/install/openslam_gmapping/lib:/home/ws/ugv_ws/install/costmap_converter/lib:/home/ws/ugv_ws/install/costmap_converter_msgs/lib:/home/ws/ugv_ws/install/apriltag_ros/lib:/home/ws/ugv_ws/install/apriltag_msgs/lib:/home/ws/ugv_ws/install/apriltag/lib:/home/ws/ugv_roarm_ws/install/ugv_roarm_moveit_servo/lib:/home/ws/ugv_roarm_ws/install/ugv_roarm_moveit_mtc_demo/lib:/home/ws/ugv_roarm_ws/install/ugv_roarm_moveit_ikfast_plugins/lib:/home/ws/roarm_ws/install/roarm_moveit_mtc_demo/lib:/home/ws/roarm_ws/install/moveit_task_constructor_visualization/lib:/home/ws/roarm_ws/install/moveit_task_constructor_capabilities/lib:/home/ws/roarm_ws/install/moveit_task_constructor_core/lib:/home/ws/roarm_ws/install/rviz_marker_tools/lib:/home/ws/roarm_ws/install/moveit_servo/lib:/home/ws/roarm_ws/install/roarm_msgs/lib:/home/ws/roarm_ws/install/roarm_moveit_servo/lib:/home/ws/roarm_ws/install/roarm_moveit_ikfast_plugins/lib:/home/ws/roarm_ws/install/moveit_task_constructor_msgs/lib:/opt/ros/humble/opt/rviz_ogre_vendor/lib:/opt/ros/humble/lib/aarch64-linux-gnu:/opt/ros/humble/lib /usr/bin/cmake /home/ws/ugv_ws/src/ugv_else/opentera-webrtc-ros/opentera_webrtc_ros_msgs -DPYTHON_EXECUTABLE=/usr/bin/python3 -DCMAKE_BUILD_TYPE=Debug --no-warn-unused-cli -DAMENT_CMAKE_SYMLINK_INSTALL=1 -DCMAKE_INSTALL_PREFIX=/home/ws/ugv_ws/install/opentera_webrtc_ros_msgs
[12.615s] DEBUG:colcon.colcon_core.event_handler.log_command:Invoking command in '/home/ws/ugv_ws/build/opentera_webrtc_ros_msgs': CMAKE_PREFIX_PATH=/home/ws/ugv_ws/install/audio_utils_msgs:/home/ws/ugv_ws/install/cv_camera:/home/ws/ugv_ws/install/audio_utils:/home/ws/ugv_ws/install/vizanti:/home/ws/ugv_ws/install/vizanti_server:/home/ws/ugv_ws/install/vizanti_demos:/home/ws/ugv_ws/install/vizanti_msgs:/home/ws/ugv_ws/install/vizanti_cpp:/home/ws/ugv_ws/install/ugv_slam:/home/ws/ugv_ws/install/ugv_nav:/home/ws/ugv_ws/install/ugv_interface:/home/ws/ugv_ws/install/ugv_gazebo:/home/ws/ugv_ws/install/ugv_description:/home/ws/ugv_ws/install/ugv_base_node:/home/ws/ugv_ws/install/teb_local_planner:/home/ws/ugv_ws/install/teb_msgs:/home/ws/ugv_ws/install/slam_gmapping:/home/ws/ugv_ws/install/rf2o_laser_odometry:/home/ws/ugv_ws/install/openslam_gmapping:/home/ws/ugv_ws/install/ldlidar:/home/ws/ugv_ws/install/explore_lite:/home/ws/ugv_ws/install/emcl2:/home/ws/ugv_ws/install/costmap_converter:/home/ws/ugv_ws/install/costmap_converter_msgs:/home/ws/ugv_ws/install/cartographer:/home/ws/ugv_ws/install/apriltag_ros:/home/ws/ugv_ws/install/apriltag_msgs:/home/ws/ugv_ws/install/apriltag:/home/ws/ugv_roarm_ws/install/ugv_roarm_moveit_servo:/home/ws/ugv_roarm_ws/install/ugv_roarm_moveit_mtc_demo:/home/ws/ugv_roarm_ws/install/ugv_roarm_moveit_ikfast_plugins:/home/ws/ugv_roarm_ws/install/ugv_roarm_moveit:/home/ws/ugv_roarm_ws/install/ugv_roarm_description:/home/ws/roarm_ws/install/roarm_moveit_mtc_demo:/home/ws/roarm_ws/install/moveit_task_constructor_visualization:/home/ws/roarm_ws/install/moveit_task_constructor_capabilities:/home/ws/roarm_ws/install/moveit_task_constructor_core:/home/ws/roarm_ws/install/rviz_marker_tools:/home/ws/roarm_ws/install/roarm_moveit_cmd:/home/ws/roarm_ws/install/moveit_servo:/home/ws/roarm_ws/install/roarm_msgs:/home/ws/roarm_ws/install/roarm_moveit_servo:/home/ws/roarm_ws/install/roarm_moveit_ikfast_plugins:/home/ws/roarm_ws/install/roarm_moveit:/home/ws/roarm_ws/install/roarm_description:/home/ws/roarm_ws/install/moveit_task_constructor_msgs:/home/ws/ugv_ws/install/ugv_web_app:/home/ws/ugv_ws/install/ugv_vision:/home/ws/ugv_ws/install/ugv_tools:/home/ws/ugv_ws/install/ugv_chat_ai:/home/ws/ugv_ws/install/ugv_bringup:/home/ws/ugv_ws/install/robot_pose_publisher:/home/ws/ugv_roarm_ws/install/ugv_roarm_bringup:/home/ws/roarm_ws/install/roarm_driver:/opt/ros/humble LD_LIBRARY_PATH=/home/ws/ugv_ws/install/audio_utils_msgs/lib:/home/ws/ugv_ws/install/audio_utils/lib:/home/ws/ugv_ws/install/vizanti_msgs/lib:/home/ws/ugv_ws/install/ugv_interface/lib:/home/ws/ugv_ws/install/teb_local_planner/lib:/home/ws/ugv_ws/install/teb_msgs/lib:/home/ws/ugv_ws/install/openslam_gmapping/lib:/home/ws/ugv_ws/install/costmap_converter/lib:/home/ws/ugv_ws/install/costmap_converter_msgs/lib:/home/ws/ugv_ws/install/apriltag_ros/lib:/home/ws/ugv_ws/install/apriltag_msgs/lib:/home/ws/ugv_ws/install/apriltag/lib:/home/ws/ugv_roarm_ws/install/ugv_roarm_moveit_servo/lib:/home/ws/ugv_roarm_ws/install/ugv_roarm_moveit_mtc_demo/lib:/home/ws/ugv_roarm_ws/install/ugv_roarm_moveit_ikfast_plugins/lib:/home/ws/roarm_ws/install/roarm_moveit_mtc_demo/lib:/home/ws/roarm_ws/install/moveit_task_constructor_visualization/lib:/home/ws/roarm_ws/install/moveit_task_constructor_capabilities/lib:/home/ws/roarm_ws/install/moveit_task_constructor_core/lib:/home/ws/roarm_ws/install/rviz_marker_tools/lib:/home/ws/roarm_ws/install/moveit_servo/lib:/home/ws/roarm_ws/install/roarm_msgs/lib:/home/ws/roarm_ws/install/roarm_moveit_servo/lib:/home/ws/roarm_ws/install/roarm_moveit_ikfast_plugins/lib:/home/ws/roarm_ws/install/moveit_task_constructor_msgs/lib:/opt/ros/humble/opt/rviz_ogre_vendor/lib:/opt/ros/humble/lib/aarch64-linux-gnu:/opt/ros/humble/lib /usr/bin/cmake --build /home/ws/ugv_ws/build/opentera_webrtc_ros_msgs -- -j4 -l4
[120.195s] DEBUG:colcon.colcon_core.event_handler.log_command:Invoked command in '/home/ws/ugv_ws/build/opentera_webrtc_ros_msgs' returned '0': CMAKE_PREFIX_PATH=/home/ws/ugv_ws/install/audio_utils_msgs:/home/ws/ugv_ws/install/cv_camera:/home/ws/ugv_ws/install/audio_utils:/home/ws/ugv_ws/install/vizanti:/home/ws/ugv_ws/install/vizanti_server:/home/ws/ugv_ws/install/vizanti_demos:/home/ws/ugv_ws/install/vizanti_msgs:/home/ws/ugv_ws/install/vizanti_cpp:/home/ws/ugv_ws/install/ugv_slam:/home/ws/ugv_ws/install/ugv_nav:/home/ws/ugv_ws/install/ugv_interface:/home/ws/ugv_ws/install/ugv_gazebo:/home/ws/ugv_ws/install/ugv_description:/home/ws/ugv_ws/install/ugv_base_node:/home/ws/ugv_ws/install/teb_local_planner:/home/ws/ugv_ws/install/teb_msgs:/home/ws/ugv_ws/install/slam_gmapping:/home/ws/ugv_ws/install/rf2o_laser_odometry:/home/ws/ugv_ws/install/openslam_gmapping:/home/ws/ugv_ws/install/ldlidar:/home/ws/ugv_ws/install/explore_lite:/home/ws/ugv_ws/install/emcl2:/home/ws/ugv_ws/install/costmap_converter:/home/ws/ugv_ws/install/costmap_converter_msgs:/home/ws/ugv_ws/install/cartographer:/home/ws/ugv_ws/install/apriltag_ros:/home/ws/ugv_ws/install/apriltag_msgs:/home/ws/ugv_ws/install/apriltag:/home/ws/ugv_roarm_ws/install/ugv_roarm_moveit_servo:/home/ws/ugv_roarm_ws/install/ugv_roarm_moveit_mtc_demo:/home/ws/ugv_roarm_ws/install/ugv_roarm_moveit_ikfast_plugins:/home/ws/ugv_roarm_ws/install/ugv_roarm_moveit:/home/ws/ugv_roarm_ws/install/ugv_roarm_description:/home/ws/roarm_ws/install/roarm_moveit_mtc_demo:/home/ws/roarm_ws/install/moveit_task_constructor_visualization:/home/ws/roarm_ws/install/moveit_task_constructor_capabilities:/home/ws/roarm_ws/install/moveit_task_constructor_core:/home/ws/roarm_ws/install/rviz_marker_tools:/home/ws/roarm_ws/install/roarm_moveit_cmd:/home/ws/roarm_ws/install/moveit_servo:/home/ws/roarm_ws/install/roarm_msgs:/home/ws/roarm_ws/install/roarm_moveit_servo:/home/ws/roarm_ws/install/roarm_moveit_ikfast_plugins:/home/ws/roarm_ws/install/roarm_moveit:/home/ws/roarm_ws/install/roarm_description:/home/ws/roarm_ws/install/moveit_task_constructor_msgs:/home/ws/ugv_ws/install/ugv_web_app:/home/ws/ugv_ws/install/ugv_vision:/home/ws/ugv_ws/install/ugv_tools:/home/ws/ugv_ws/install/ugv_chat_ai:/home/ws/ugv_ws/install/ugv_bringup:/home/ws/ugv_ws/install/robot_pose_publisher:/home/ws/ugv_roarm_ws/install/ugv_roarm_bringup:/home/ws/roarm_ws/install/roarm_driver:/opt/ros/humble LD_LIBRARY_PATH=/home/ws/ugv_ws/install/audio_utils_msgs/lib:/home/ws/ugv_ws/install/audio_utils/lib:/home/ws/ugv_ws/install/vizanti_msgs/lib:/home/ws/ugv_ws/install/ugv_interface/lib:/home/ws/ugv_ws/install/teb_local_planner/lib:/home/ws/ugv_ws/install/teb_msgs/lib:/home/ws/ugv_ws/install/openslam_gmapping/lib:/home/ws/ugv_ws/install/costmap_converter/lib:/home/ws/ugv_ws/install/costmap_converter_msgs/lib:/home/ws/ugv_ws/install/apriltag_ros/lib:/home/ws/ugv_ws/install/apriltag_msgs/lib:/home/ws/ugv_ws/install/apriltag/lib:/home/ws/ugv_roarm_ws/install/ugv_roarm_moveit_servo/lib:/home/ws/ugv_roarm_ws/install/ugv_roarm_moveit_mtc_demo/lib:/home/ws/ugv_roarm_ws/install/ugv_roarm_moveit_ikfast_plugins/lib:/home/ws/roarm_ws/install/roarm_moveit_mtc_demo/lib:/home/ws/roarm_ws/install/moveit_task_constructor_visualization/lib:/home/ws/roarm_ws/install/moveit_task_constructor_capabilities/lib:/home/ws/roarm_ws/install/moveit_task_constructor_core/lib:/home/ws/roarm_ws/install/rviz_marker_tools/lib:/home/ws/roarm_ws/install/moveit_servo/lib:/home/ws/roarm_ws/install/roarm_msgs/lib:/home/ws/roarm_ws/install/roarm_moveit_servo/lib:/home/ws/roarm_ws/install/roarm_moveit_ikfast_plugins/lib:/home/ws/roarm_ws/install/moveit_task_constructor_msgs/lib:/opt/ros/humble/opt/rviz_ogre_vendor/lib:/opt/ros/humble/lib/aarch64-linux-gnu:/opt/ros/humble/lib /usr/bin/cmake --build /home/ws/ugv_ws/build/opentera_webrtc_ros_msgs -- -j4 -l4
[121.861s] DEBUG:colcon.colcon_core.event_handler.log_command:Invoking command in '/home/ws/ugv_ws/build/opentera_webrtc_ros_msgs': CMAKE_PREFIX_PATH=/home/ws/ugv_ws/install/audio_utils_msgs:/home/ws/ugv_ws/install/cv_camera:/home/ws/ugv_ws/install/audio_utils:/home/ws/ugv_ws/install/vizanti:/home/ws/ugv_ws/install/vizanti_server:/home/ws/ugv_ws/install/vizanti_demos:/home/ws/ugv_ws/install/vizanti_msgs:/home/ws/ugv_ws/install/vizanti_cpp:/home/ws/ugv_ws/install/ugv_slam:/home/ws/ugv_ws/install/ugv_nav:/home/ws/ugv_ws/install/ugv_interface:/home/ws/ugv_ws/install/ugv_gazebo:/home/ws/ugv_ws/install/ugv_description:/home/ws/ugv_ws/install/ugv_base_node:/home/ws/ugv_ws/install/teb_local_planner:/home/ws/ugv_ws/install/teb_msgs:/home/ws/ugv_ws/install/slam_gmapping:/home/ws/ugv_ws/install/rf2o_laser_odometry:/home/ws/ugv_ws/install/openslam_gmapping:/home/ws/ugv_ws/install/ldlidar:/home/ws/ugv_ws/install/explore_lite:/home/ws/ugv_ws/install/emcl2:/home/ws/ugv_ws/install/costmap_converter:/home/ws/ugv_ws/install/costmap_converter_msgs:/home/ws/ugv_ws/install/cartographer:/home/ws/ugv_ws/install/apriltag_ros:/home/ws/ugv_ws/install/apriltag_msgs:/home/ws/ugv_ws/install/apriltag:/home/ws/ugv_roarm_ws/install/ugv_roarm_moveit_servo:/home/ws/ugv_roarm_ws/install/ugv_roarm_moveit_mtc_demo:/home/ws/ugv_roarm_ws/install/ugv_roarm_moveit_ikfast_plugins:/home/ws/ugv_roarm_ws/install/ugv_roarm_moveit:/home/ws/ugv_roarm_ws/install/ugv_roarm_description:/home/ws/roarm_ws/install/roarm_moveit_mtc_demo:/home/ws/roarm_ws/install/moveit_task_constructor_visualization:/home/ws/roarm_ws/install/moveit_task_constructor_capabilities:/home/ws/roarm_ws/install/moveit_task_constructor_core:/home/ws/roarm_ws/install/rviz_marker_tools:/home/ws/roarm_ws/install/roarm_moveit_cmd:/home/ws/roarm_ws/install/moveit_servo:/home/ws/roarm_ws/install/roarm_msgs:/home/ws/roarm_ws/install/roarm_moveit_servo:/home/ws/roarm_ws/install/roarm_moveit_ikfast_plugins:/home/ws/roarm_ws/install/roarm_moveit:/home/ws/roarm_ws/install/roarm_description:/home/ws/roarm_ws/install/moveit_task_constructor_msgs:/home/ws/ugv_ws/install/ugv_web_app:/home/ws/ugv_ws/install/ugv_vision:/home/ws/ugv_ws/install/ugv_tools:/home/ws/ugv_ws/install/ugv_chat_ai:/home/ws/ugv_ws/install/ugv_bringup:/home/ws/ugv_ws/install/robot_pose_publisher:/home/ws/ugv_roarm_ws/install/ugv_roarm_bringup:/home/ws/roarm_ws/install/roarm_driver:/opt/ros/humble LD_LIBRARY_PATH=/home/ws/ugv_ws/install/audio_utils_msgs/lib:/home/ws/ugv_ws/install/audio_utils/lib:/home/ws/ugv_ws/install/vizanti_msgs/lib:/home/ws/ugv_ws/install/ugv_interface/lib:/home/ws/ugv_ws/install/teb_local_planner/lib:/home/ws/ugv_ws/install/teb_msgs/lib:/home/ws/ugv_ws/install/openslam_gmapping/lib:/home/ws/ugv_ws/install/costmap_converter/lib:/home/ws/ugv_ws/install/costmap_converter_msgs/lib:/home/ws/ugv_ws/install/apriltag_ros/lib:/home/ws/ugv_ws/install/apriltag_msgs/lib:/home/ws/ugv_ws/install/apriltag/lib:/home/ws/ugv_roarm_ws/install/ugv_roarm_moveit_servo/lib:/home/ws/ugv_roarm_ws/install/ugv_roarm_moveit_mtc_demo/lib:/home/ws/ugv_roarm_ws/install/ugv_roarm_moveit_ikfast_plugins/lib:/home/ws/roarm_ws/install/roarm_moveit_mtc_demo/lib:/home/ws/roarm_ws/install/moveit_task_constructor_visualization/lib:/home/ws/roarm_ws/install/moveit_task_constructor_capabilities/lib:/home/ws/roarm_ws/install/moveit_task_constructor_core/lib:/home/ws/roarm_ws/install/rviz_marker_tools/lib:/home/ws/roarm_ws/install/moveit_servo/lib:/home/ws/roarm_ws/install/roarm_msgs/lib:/home/ws/roarm_ws/install/roarm_moveit_servo/lib:/home/ws/roarm_ws/install/roarm_moveit_ikfast_plugins/lib:/home/ws/roarm_ws/install/moveit_task_constructor_msgs/lib:/opt/ros/humble/opt/rviz_ogre_vendor/lib:/opt/ros/humble/lib/aarch64-linux-gnu:/opt/ros/humble/lib /usr/bin/cmake --install /home/ws/ugv_ws/build/opentera_webrtc_ros_msgs
[136.051s] Level 1:colcon.colcon_core.environment:create_environment_scripts_only(opentera_webrtc_ros_msgs)
[136.055s] Level 1:colcon.colcon_core.environment:checking '/home/ws/ugv_ws/install/opentera_webrtc_ros_msgs' for CMake module files
[136.057s] DEBUG:colcon.colcon_core.event_handler.log_command:Invoked command in '/home/ws/ugv_ws/build/opentera_webrtc_ros_msgs' returned '0': CMAKE_PREFIX_PATH=/home/ws/ugv_ws/install/audio_utils_msgs:/home/ws/ugv_ws/install/cv_camera:/home/ws/ugv_ws/install/audio_utils:/home/ws/ugv_ws/install/vizanti:/home/ws/ugv_ws/install/vizanti_server:/home/ws/ugv_ws/install/vizanti_demos:/home/ws/ugv_ws/install/vizanti_msgs:/home/ws/ugv_ws/install/vizanti_cpp:/home/ws/ugv_ws/install/ugv_slam:/home/ws/ugv_ws/install/ugv_nav:/home/ws/ugv_ws/install/ugv_interface:/home/ws/ugv_ws/install/ugv_gazebo:/home/ws/ugv_ws/install/ugv_description:/home/ws/ugv_ws/install/ugv_base_node:/home/ws/ugv_ws/install/teb_local_planner:/home/ws/ugv_ws/install/teb_msgs:/home/ws/ugv_ws/install/slam_gmapping:/home/ws/ugv_ws/install/rf2o_laser_odometry:/home/ws/ugv_ws/install/openslam_gmapping:/home/ws/ugv_ws/install/ldlidar:/home/ws/ugv_ws/install/explore_lite:/home/ws/ugv_ws/install/emcl2:/home/ws/ugv_ws/install/costmap_converter:/home/ws/ugv_ws/install/costmap_converter_msgs:/home/ws/ugv_ws/install/cartographer:/home/ws/ugv_ws/install/apriltag_ros:/home/ws/ugv_ws/install/apriltag_msgs:/home/ws/ugv_ws/install/apriltag:/home/ws/ugv_roarm_ws/install/ugv_roarm_moveit_servo:/home/ws/ugv_roarm_ws/install/ugv_roarm_moveit_mtc_demo:/home/ws/ugv_roarm_ws/install/ugv_roarm_moveit_ikfast_plugins:/home/ws/ugv_roarm_ws/install/ugv_roarm_moveit:/home/ws/ugv_roarm_ws/install/ugv_roarm_description:/home/ws/roarm_ws/install/roarm_moveit_mtc_demo:/home/ws/roarm_ws/install/moveit_task_constructor_visualization:/home/ws/roarm_ws/install/moveit_task_constructor_capabilities:/home/ws/roarm_ws/install/moveit_task_constructor_core:/home/ws/roarm_ws/install/rviz_marker_tools:/home/ws/roarm_ws/install/roarm_moveit_cmd:/home/ws/roarm_ws/install/moveit_servo:/home/ws/roarm_ws/install/roarm_msgs:/home/ws/roarm_ws/install/roarm_moveit_servo:/home/ws/roarm_ws/install/roarm_moveit_ikfast_plugins:/home/ws/roarm_ws/install/roarm_moveit:/home/ws/roarm_ws/install/roarm_description:/home/ws/roarm_ws/install/moveit_task_constructor_msgs:/home/ws/ugv_ws/install/ugv_web_app:/home/ws/ugv_ws/install/ugv_vision:/home/ws/ugv_ws/install/ugv_tools:/home/ws/ugv_ws/install/ugv_chat_ai:/home/ws/ugv_ws/install/ugv_bringup:/home/ws/ugv_ws/install/robot_pose_publisher:/home/ws/ugv_roarm_ws/install/ugv_roarm_bringup:/home/ws/roarm_ws/install/roarm_driver:/opt/ros/humble LD_LIBRARY_PATH=/home/ws/ugv_ws/install/audio_utils_msgs/lib:/home/ws/ugv_ws/install/audio_utils/lib:/home/ws/ugv_ws/install/vizanti_msgs/lib:/home/ws/ugv_ws/install/ugv_interface/lib:/home/ws/ugv_ws/install/teb_local_planner/lib:/home/ws/ugv_ws/install/teb_msgs/lib:/home/ws/ugv_ws/install/openslam_gmapping/lib:/home/ws/ugv_ws/install/costmap_converter/lib:/home/ws/ugv_ws/install/costmap_converter_msgs/lib:/home/ws/ugv_ws/install/apriltag_ros/lib:/home/ws/ugv_ws/install/apriltag_msgs/lib:/home/ws/ugv_ws/install/apriltag/lib:/home/ws/ugv_roarm_ws/install/ugv_roarm_moveit_servo/lib:/home/ws/ugv_roarm_ws/install/ugv_roarm_moveit_mtc_demo/lib:/home/ws/ugv_roarm_ws/install/ugv_roarm_moveit_ikfast_plugins/lib:/home/ws/roarm_ws/install/roarm_moveit_mtc_demo/lib:/home/ws/roarm_ws/install/moveit_task_constructor_visualization/lib:/home/ws/roarm_ws/install/moveit_task_constructor_capabilities/lib:/home/ws/roarm_ws/install/moveit_task_constructor_core/lib:/home/ws/roarm_ws/install/rviz_marker_tools/lib:/home/ws/roarm_ws/install/moveit_servo/lib:/home/ws/roarm_ws/install/roarm_msgs/lib:/home/ws/roarm_ws/install/roarm_moveit_servo/lib:/home/ws/roarm_ws/install/roarm_moveit_ikfast_plugins/lib:/home/ws/roarm_ws/install/moveit_task_constructor_msgs/lib:/opt/ros/humble/opt/rviz_ogre_vendor/lib:/opt/ros/humble/lib/aarch64-linux-gnu:/opt/ros/humble/lib /usr/bin/cmake --install /home/ws/ugv_ws/build/opentera_webrtc_ros_msgs
[136.059s] Level 1:colcon.colcon_core.environment:checking '/home/ws/ugv_ws/install/opentera_webrtc_ros_msgs' for CMake config files
[136.068s] Level 1:colcon.colcon_core.shell:create_environment_hook('opentera_webrtc_ros_msgs', 'cmake_prefix_path')
[136.069s] INFO:colcon.colcon_core.shell:Creating environment hook '/home/ws/ugv_ws/install/opentera_webrtc_ros_msgs/share/opentera_webrtc_ros_msgs/hook/cmake_prefix_path.ps1'
[136.070s] INFO:colcon.colcon_core.shell:Creating environment descriptor '/home/ws/ugv_ws/install/opentera_webrtc_ros_msgs/share/opentera_webrtc_ros_msgs/hook/cmake_prefix_path.dsv'
[136.072s] INFO:colcon.colcon_core.shell:Creating environment hook '/home/ws/ugv_ws/install/opentera_webrtc_ros_msgs/share/opentera_webrtc_ros_msgs/hook/cmake_prefix_path.sh'
[136.075s] Level 1:colcon.colcon_core.environment:checking '/home/ws/ugv_ws/install/opentera_webrtc_ros_msgs/lib'
[136.076s] Level 1:colcon.colcon_core.shell:create_environment_hook('opentera_webrtc_ros_msgs', 'ld_library_path_lib')
[136.078s] INFO:colcon.colcon_core.shell:Creating environment hook '/home/ws/ugv_ws/install/opentera_webrtc_ros_msgs/share/opentera_webrtc_ros_msgs/hook/ld_library_path_lib.ps1'
[136.079s] INFO:colcon.colcon_core.shell:Creating environment descriptor '/home/ws/ugv_ws/install/opentera_webrtc_ros_msgs/share/opentera_webrtc_ros_msgs/hook/ld_library_path_lib.dsv'
[136.080s] INFO:colcon.colcon_core.shell:Creating environment hook '/home/ws/ugv_ws/install/opentera_webrtc_ros_msgs/share/opentera_webrtc_ros_msgs/hook/ld_library_path_lib.sh'
[136.081s] Level 1:colcon.colcon_core.environment:checking '/home/ws/ugv_ws/install/opentera_webrtc_ros_msgs/bin'
[136.082s] Level 1:colcon.colcon_core.environment:checking '/home/ws/ugv_ws/install/opentera_webrtc_ros_msgs/lib/pkgconfig/opentera_webrtc_ros_msgs.pc'
[136.082s] Level 1:colcon.colcon_core.environment:checking '/home/ws/ugv_ws/install/opentera_webrtc_ros_msgs/lib/python3.10/site-packages'
[136.083s] Level 1:colcon.colcon_core.environment:checking '/home/ws/ugv_ws/install/opentera_webrtc_ros_msgs/bin'
[136.085s] INFO:colcon.colcon_core.shell:Creating package script '/home/ws/ugv_ws/install/opentera_webrtc_ros_msgs/share/opentera_webrtc_ros_msgs/package.ps1'
[136.086s] INFO:colcon.colcon_core.shell:Creating package descriptor '/home/ws/ugv_ws/install/opentera_webrtc_ros_msgs/share/opentera_webrtc_ros_msgs/package.dsv'
[136.088s] INFO:colcon.colcon_core.shell:Creating package script '/home/ws/ugv_ws/install/opentera_webrtc_ros_msgs/share/opentera_webrtc_ros_msgs/package.sh'
[136.089s] INFO:colcon.colcon_core.shell:Creating package script '/home/ws/ugv_ws/install/opentera_webrtc_ros_msgs/share/opentera_webrtc_ros_msgs/package.bash'
[136.091s] INFO:colcon.colcon_core.shell:Creating package script '/home/ws/ugv_ws/install/opentera_webrtc_ros_msgs/share/opentera_webrtc_ros_msgs/package.zsh'
[136.092s] Level 1:colcon.colcon_core.environment:create_file_with_runtime_dependencies(/home/ws/ugv_ws/install/opentera_webrtc_ros_msgs/share/colcon-core/packages/opentera_webrtc_ros_msgs)
[137.741s] Level 1:colcon.colcon_core.environment:create_environment_scripts_only(opentera_webrtc_ros_msgs)
[137.742s] Level 1:colcon.colcon_core.environment:checking '/home/ws/ugv_ws/install/opentera_webrtc_ros_msgs' for CMake module files
[137.744s] Level 1:colcon.colcon_core.environment:checking '/home/ws/ugv_ws/install/opentera_webrtc_ros_msgs' for CMake config files
[137.752s] Level 1:colcon.colcon_core.shell:create_environment_hook('opentera_webrtc_ros_msgs', 'cmake_prefix_path')
[137.753s] INFO:colcon.colcon_core.shell:Creating environment hook '/home/ws/ugv_ws/install/opentera_webrtc_ros_msgs/share/opentera_webrtc_ros_msgs/hook/cmake_prefix_path.ps1'
[137.755s] INFO:colcon.colcon_core.shell:Creating environment descriptor '/home/ws/ugv_ws/install/opentera_webrtc_ros_msgs/share/opentera_webrtc_ros_msgs/hook/cmake_prefix_path.dsv'
[137.761s] INFO:colcon.colcon_core.shell:Creating environment hook '/home/ws/ugv_ws/install/opentera_webrtc_ros_msgs/share/opentera_webrtc_ros_msgs/hook/cmake_prefix_path.sh'
[137.765s] Level 1:colcon.colcon_core.environment:checking '/home/ws/ugv_ws/install/opentera_webrtc_ros_msgs/lib'
[137.766s] Level 1:colcon.colcon_core.shell:create_environment_hook('opentera_webrtc_ros_msgs', 'ld_library_path_lib')
[137.766s] INFO:colcon.colcon_core.shell:Creating environment hook '/home/ws/ugv_ws/install/opentera_webrtc_ros_msgs/share/opentera_webrtc_ros_msgs/hook/ld_library_path_lib.ps1'
[137.768s] INFO:colcon.colcon_core.shell:Creating environment descriptor '/home/ws/ugv_ws/install/opentera_webrtc_ros_msgs/share/opentera_webrtc_ros_msgs/hook/ld_library_path_lib.dsv'
[137.772s] INFO:colcon.colcon_core.shell:Creating environment hook '/home/ws/ugv_ws/install/opentera_webrtc_ros_msgs/share/opentera_webrtc_ros_msgs/hook/ld_library_path_lib.sh'
[137.776s] Level 1:colcon.colcon_core.environment:checking '/home/ws/ugv_ws/install/opentera_webrtc_ros_msgs/bin'
[137.777s] Level 1:colcon.colcon_core.environment:checking '/home/ws/ugv_ws/install/opentera_webrtc_ros_msgs/lib/pkgconfig/opentera_webrtc_ros_msgs.pc'
[137.777s] Level 1:colcon.colcon_core.environment:checking '/home/ws/ugv_ws/install/opentera_webrtc_ros_msgs/lib/python3.10/site-packages'
[137.778s] Level 1:colcon.colcon_core.environment:checking '/home/ws/ugv_ws/install/opentera_webrtc_ros_msgs/bin'
[137.779s] INFO:colcon.colcon_core.shell:Creating package script '/home/ws/ugv_ws/install/opentera_webrtc_ros_msgs/share/opentera_webrtc_ros_msgs/package.ps1'
[137.782s] INFO:colcon.colcon_core.shell:Creating package descriptor '/home/ws/ugv_ws/install/opentera_webrtc_ros_msgs/share/opentera_webrtc_ros_msgs/package.dsv'
[137.785s] INFO:colcon.colcon_core.shell:Creating package script '/home/ws/ugv_ws/install/opentera_webrtc_ros_msgs/share/opentera_webrtc_ros_msgs/package.sh'
[137.789s] INFO:colcon.colcon_core.shell:Creating package script '/home/ws/ugv_ws/install/opentera_webrtc_ros_msgs/share/opentera_webrtc_ros_msgs/package.bash'
[137.793s] INFO:colcon.colcon_core.shell:Creating package script '/home/ws/ugv_ws/install/opentera_webrtc_ros_msgs/share/opentera_webrtc_ros_msgs/package.zsh'
[137.797s] Level 1:colcon.colcon_core.environment:create_file_with_runtime_dependencies(/home/ws/ugv_ws/install/opentera_webrtc_ros_msgs/share/colcon-core/packages/opentera_webrtc_ros_msgs)
[137.801s] DEBUG:colcon.colcon_parallel_executor.executor.parallel:closing loop
[137.802s] DEBUG:colcon.colcon_parallel_executor.executor.parallel:loop closed
[137.802s] DEBUG:colcon.colcon_parallel_executor.executor.parallel:run_until_complete finished with '0'
[137.802s] DEBUG:colcon.colcon_core.event_reactor:joining thread
[137.824s] INFO:colcon.colcon_core.plugin_system:Skipping extension 'colcon_notification.desktop_notification.terminal_notifier': Not used on non-Darwin systems
[137.824s] INFO:colcon.colcon_core.plugin_system:Skipping extension 'colcon_notification.desktop_notification.win32': Not used on non-Windows systems
[137.824s] INFO:colcon.colcon_notification.desktop_notification:Sending desktop notification using 'notify2'
[137.831s] DEBUG:colcon.colcon_notification.desktop_notification.notify2:Failed to initialize notify2: org.freedesktop.DBus.Error.Spawn.ExecFailed: /usr/bin/dbus-launch terminated abnormally without any error message
[137.832s] DEBUG:colcon.colcon_core.event_reactor:joined thread
[137.833s] INFO:colcon.colcon_core.shell:Creating prefix script '/home/ws/ugv_ws/install/local_setup.ps1'
[137.837s] INFO:colcon.colcon_core.shell:Creating prefix util module '/home/ws/ugv_ws/install/_local_setup_util_ps1.py'
[137.842s] INFO:colcon.colcon_core.shell:Creating prefix chain script '/home/ws/ugv_ws/install/setup.ps1'
[137.853s] INFO:colcon.colcon_core.shell:Creating prefix script '/home/ws/ugv_ws/install/local_setup.sh'
[137.857s] INFO:colcon.colcon_core.shell:Creating prefix util module '/home/ws/ugv_ws/install/_local_setup_util_sh.py'
[137.860s] INFO:colcon.colcon_core.shell:Creating prefix chain script '/home/ws/ugv_ws/install/setup.sh'
[137.871s] INFO:colcon.colcon_core.shell:Creating prefix script '/home/ws/ugv_ws/install/local_setup.bash'
[137.875s] INFO:colcon.colcon_core.shell:Creating prefix chain script '/home/ws/ugv_ws/install/setup.bash'
[137.885s] INFO:colcon.colcon_core.shell:Creating prefix script '/home/ws/ugv_ws/install/local_setup.zsh'
[137.889s] INFO:colcon.colcon_core.shell:Creating prefix chain script '/home/ws/ugv_ws/install/setup.zsh'
