[0.000000] (-) TimerEvent: {}
[0.001689] (-) JobUnselected: {'identifier': 'apriltag'}
[0.002545] (-) JobUnselected: {'identifier': 'apriltag_msgs'}
[0.002710] (-) JobUnselected: {'identifier': 'apriltag_ros'}
[0.002831] (-) JobUnselected: {'identifier': 'audio_utils'}
[0.002943] (-) JobUnselected: {'identifier': 'audio_utils_msgs'}
[0.003090] (-) JobUnselected: {'identifier': 'cartographer'}
[0.003207] (-) JobUnselected: {'identifier': 'costmap_converter'}
[0.003322] (-) JobUnselected: {'identifier': 'costmap_converter_msgs'}
[0.003454] (-) JobUnselected: {'identifier': 'cv_camera'}
[0.003538] (-) JobUnselected: {'identifier': 'emcl2'}
[0.003670] (-) JobUnselected: {'identifier': 'explore_lite'}
[0.003785] (-) JobUnselected: {'identifier': 'face_cropping'}
[0.003894] (-) JobUnselected: {'identifier': 'ldlidar'}
[0.004001] (-) JobUnselected: {'identifier': 'map_image_generator'}
[0.004108] (-) JobUnselected: {'identifier': 'odas_ros'}
[0.004213] (-) JobUnselected: {'identifier': 'odas_ros_msgs'}
[0.004319] (-) JobUnselected: {'identifier': 'openslam_gmapping'}
[0.004425] (-) JobUnselected: {'identifier': 'opentera_client_ros'}
[0.004530] (-) JobUnselected: {'identifier': 'opentera_protobuf_messages'}
[0.004598] (-) JobUnselected: {'identifier': 'opentera_webrtc_demos'}
[0.004706] (-) JobUnselected: {'identifier': 'opentera_webrtc_robot_gui'}
[0.004812] (-) JobUnselected: {'identifier': 'opentera_webrtc_ros_msgs'}
[0.004918] (-) JobUnselected: {'identifier': 'rf2o_laser_odometry'}
[0.005023] (-) JobUnselected: {'identifier': 'robot_pose_publisher'}
[0.005128] (-) JobUnselected: {'identifier': 'slam_gmapping'}
[0.005232] (-) JobUnselected: {'identifier': 'teb_local_planner'}
[0.005337] (-) JobUnselected: {'identifier': 'teb_msgs'}
[0.005442] (-) JobUnselected: {'identifier': 'turtlebot3_beam_description'}
[0.005546] (-) JobUnselected: {'identifier': 'ugv_base_node'}
[0.005651] (-) JobUnselected: {'identifier': 'ugv_bringup'}
[0.005758] (-) JobUnselected: {'identifier': 'ugv_chat_ai'}
[0.005864] (-) JobUnselected: {'identifier': 'ugv_description'}
[0.005970] (-) JobUnselected: {'identifier': 'ugv_gazebo'}
[0.006077] (-) JobUnselected: {'identifier': 'ugv_interface'}
[0.006166] (-) JobUnselected: {'identifier': 'ugv_nav'}
[0.006271] (-) JobUnselected: {'identifier': 'ugv_slam'}
[0.006375] (-) JobUnselected: {'identifier': 'ugv_tools'}
[0.006610] (-) JobUnselected: {'identifier': 'ugv_vision'}
[0.006735] (-) JobUnselected: {'identifier': 'ugv_web_app'}
[0.006805] (-) JobUnselected: {'identifier': 'vizanti'}
[0.006905] (-) JobUnselected: {'identifier': 'vizanti_cpp'}
[0.006996] (-) JobUnselected: {'identifier': 'vizanti_demos'}
[0.007083] (-) JobUnselected: {'identifier': 'vizanti_msgs'}
[0.007319] (-) JobUnselected: {'identifier': 'vizanti_server'}
[0.007436] (opentera_webrtc_ros) JobQueued: {'identifier': 'opentera_webrtc_ros', 'dependencies': OrderedDict([('audio_utils_msgs', '/home/ws/ugv_ws/install/audio_utils_msgs'), ('cv_camera', '/home/ws/ugv_ws/install/cv_camera'), ('odas_ros_msgs', '/home/ws/ugv_ws/install/odas_ros_msgs'), ('opentera_webrtc_ros_msgs', '/home/ws/ugv_ws/install/opentera_webrtc_ros_msgs'), ('map_image_generator', '/home/ws/ugv_ws/install/map_image_generator')])}
[0.007591] (opentera_webrtc_ros) JobStarted: {'identifier': 'opentera_webrtc_ros'}
[0.085327] (opentera_webrtc_ros) JobProgress: {'identifier': 'opentera_webrtc_ros', 'progress': 'cmake'}
[0.089068] (opentera_webrtc_ros) Command: {'cmd': ['/usr/bin/cmake', '/home/ws/ugv_ws/src/ugv_else/opentera-webrtc-ros/opentera_webrtc_ros', '-DPYTHON_EXECUTABLE=/usr/bin/python3', '-DCMAKE_BUILD_TYPE=Debug', '--no-warn-unused-cli', '-DAMENT_CMAKE_SYMLINK_INSTALL=1', '-DCMAKE_INSTALL_PREFIX=/home/ws/ugv_ws/install/opentera_webrtc_ros'], 'cwd': '/home/ws/ugv_ws/build/opentera_webrtc_ros', 'env': OrderedDict([('HTTPS_PROXY', 'http://192.168.9.183:10809/'), ('no_proxy', 'localhost,127.0.0.0/8,::1'), ('USER', 'root'), ('SSH_CLIENT', '192.168.9.183 54790 23'), ('all_proxy', 'socks://192.168.9.183:10809/'), ('LDLIDAR_MODEL', 'ld19'), ('SHLVL', '1'), ('LD_LIBRARY_PATH', '/home/ws/ugv_ws/install/opentera_webrtc_ros_msgs/lib:/home/ws/ugv_ws/install/odas_ros_msgs/lib:/home/ws/ugv_ws/install/audio_utils_msgs/lib:/home/ws/ugv_ws/install/odas_ros/lib:/home/ws/ugv_ws/install/audio_utils/lib:/home/ws/ugv_ws/install/vizanti_msgs/lib:/home/ws/ugv_ws/install/ugv_interface/lib:/home/ws/ugv_ws/install/teb_local_planner/lib:/home/ws/ugv_ws/install/teb_msgs/lib:/home/ws/ugv_ws/install/openslam_gmapping/lib:/home/ws/ugv_ws/install/costmap_converter/lib:/home/ws/ugv_ws/install/costmap_converter_msgs/lib:/home/ws/ugv_ws/install/apriltag_ros/lib:/home/ws/ugv_ws/install/apriltag_msgs/lib:/home/ws/ugv_ws/install/apriltag/lib:/home/ws/ugv_roarm_ws/install/ugv_roarm_moveit_servo/lib:/home/ws/ugv_roarm_ws/install/ugv_roarm_moveit_mtc_demo/lib:/home/ws/ugv_roarm_ws/install/ugv_roarm_moveit_ikfast_plugins/lib:/home/ws/roarm_ws/install/roarm_moveit_mtc_demo/lib:/home/ws/roarm_ws/install/moveit_task_constructor_visualization/lib:/home/ws/roarm_ws/install/moveit_task_constructor_capabilities/lib:/home/ws/roarm_ws/install/moveit_task_constructor_core/lib:/home/ws/roarm_ws/install/rviz_marker_tools/lib:/home/ws/roarm_ws/install/moveit_servo/lib:/home/ws/roarm_ws/install/roarm_msgs/lib:/home/ws/roarm_ws/install/roarm_moveit_servo/lib:/home/ws/roarm_ws/install/roarm_moveit_ikfast_plugins/lib:/home/ws/roarm_ws/install/moveit_task_constructor_msgs/lib:/opt/ros/humble/opt/rviz_ogre_vendor/lib:/opt/ros/humble/lib/aarch64-linux-gnu:/opt/ros/humble/lib'), ('MOTD_SHOWN', 'pam'), ('HOME', '/root'), ('OLDPWD', '/home/ws'), ('NO_PROXY', 'localhost,127.0.0.0/8,::1'), ('SSH_TTY', '/dev/pts/7'), ('ROS_PYTHON_VERSION', '3'), ('LC_CTYPE', 'C.UTF-8'), ('https_proxy', 'http://192.168.9.183:10809/'), ('COLCON_PREFIX_PATH', '/home/ws/ugv_ws/install:/home/ws/ugv_roarm_ws/install:/home/ws/roarm_ws/install'), ('ROS_DISTRO', 'humble'), ('LOGNAME', 'root'), ('ALL_PROXY', 'socks://192.168.9.183:10809/'), ('ROARM_MODEL', 'roarm_m3'), ('http_proxy', 'http://192.168.9.183:10809/'), ('PULSE_SERVER', 'unix:/run/user/1000/pulse/native'), ('_', '/usr/bin/colcon'), ('ROS_VERSION', '2'), ('PKG_CONFIG_PATH', '/home/ws/ugv_ws/install/apriltag/lib/aarch64-linux-gnu/pkgconfig:/home/ws/ugv_ws/install/apriltag/lib/pkgconfig'), ('TERM', 'xterm'), ('ROS_LOCALHOST_ONLY', '0'), ('PATH', '/home/ws/ugv_ws/install/costmap_converter/bin:/home/ws/ugv_ws/install/apriltag_ros/bin:/home/ws/ugv_ws/install/apriltag/bin:/opt/ros/humble/bin:/usr/local/sbin:/usr/local/bin:/usr/sbin:/usr/bin:/sbin:/bin:/usr/games:/usr/local/games:/snap/bin'), ('XDG_RUNTIME_DIR', '/run/user/1000'), ('DISPLAY', 'localhost:11.0'), ('LS_COLORS', 'rs=0:di=01;34:ln=01;36:mh=00:pi=40;33:so=01;35:do=01;35:bd=40;33;01:cd=40;33;01:or=40;31;01:mi=00:su=37;41:sg=30;43:ca=30;41:tw=30;42:ow=34;42:st=37;44:ex=01;32:*.tar=01;31:*.tgz=01;31:*.arc=01;31:*.arj=01;31:*.taz=01;31:*.lha=01;31:*.lz4=01;31:*.lzh=01;31:*.lzma=01;31:*.tlz=01;31:*.txz=01;31:*.tzo=01;31:*.t7z=01;31:*.zip=01;31:*.z=01;31:*.dz=01;31:*.gz=01;31:*.lrz=01;31:*.lz=01;31:*.lzo=01;31:*.xz=01;31:*.zst=01;31:*.tzst=01;31:*.bz2=01;31:*.bz=01;31:*.tbz=01;31:*.tbz2=01;31:*.tz=01;31:*.deb=01;31:*.rpm=01;31:*.jar=01;31:*.war=01;31:*.ear=01;31:*.sar=01;31:*.rar=01;31:*.alz=01;31:*.ace=01;31:*.zoo=01;31:*.cpio=01;31:*.7z=01;31:*.rz=01;31:*.cab=01;31:*.wim=01;31:*.swm=01;31:*.dwm=01;31:*.esd=01;31:*.jpg=01;35:*.jpeg=01;35:*.mjpg=01;35:*.mjpeg=01;35:*.gif=01;35:*.bmp=01;35:*.pbm=01;35:*.pgm=01;35:*.ppm=01;35:*.tga=01;35:*.xbm=01;35:*.xpm=01;35:*.tif=01;35:*.tiff=01;35:*.png=01;35:*.svg=01;35:*.svgz=01;35:*.mng=01;35:*.pcx=01;35:*.mov=01;35:*.mpg=01;35:*.mpeg=01;35:*.m2v=01;35:*.mkv=01;35:*.webm=01;35:*.webp=01;35:*.ogm=01;35:*.mp4=01;35:*.m4v=01;35:*.mp4v=01;35:*.vob=01;35:*.qt=01;35:*.nuv=01;35:*.wmv=01;35:*.asf=01;35:*.rm=01;35:*.rmvb=01;35:*.flc=01;35:*.avi=01;35:*.fli=01;35:*.flv=01;35:*.gl=01;35:*.dl=01;35:*.xcf=01;35:*.xwd=01;35:*.yuv=01;35:*.cgm=01;35:*.emf=01;35:*.ogv=01;35:*.ogx=01;35:*.aac=00;36:*.au=00;36:*.flac=00;36:*.m4a=00;36:*.mid=00;36:*.midi=00;36:*.mka=00;36:*.mp3=00;36:*.mpc=00;36:*.ogg=00;36:*.ra=00;36:*.wav=00;36:*.oga=00;36:*.opus=00;36:*.spx=00;36:*.xspf=00;36:'), ('AMENT_PREFIX_PATH', '/home/ws/ugv_ws/install/map_image_generator:/home/ws/ugv_ws/install/opentera_client_ros:/home/ws/ugv_ws/install/opentera_webrtc_ros_msgs:/home/ws/ugv_ws/install/opentera_protobuf_messages:/home/ws/ugv_ws/install/odas_ros:/home/ws/ugv_ws/install/odas_ros_msgs:/home/ws/ugv_ws/install/cv_camera:/home/ws/ugv_ws/install/audio_utils:/home/ws/ugv_ws/install/audio_utils_msgs:/home/ws/ugv_ws/install/vizanti:/home/ws/ugv_ws/install/vizanti_server:/home/ws/ugv_ws/install/vizanti_demos:/home/ws/ugv_ws/install/vizanti_msgs:/home/ws/ugv_ws/install/vizanti_cpp:/home/ws/ugv_ws/install/ugv_web_app:/home/ws/ugv_ws/install/ugv_vision:/home/ws/ugv_ws/install/ugv_tools:/home/ws/ugv_ws/install/ugv_slam:/home/ws/ugv_ws/install/ugv_nav:/home/ws/ugv_ws/install/ugv_interface:/home/ws/ugv_ws/install/ugv_gazebo:/home/ws/ugv_ws/install/ugv_description:/home/ws/ugv_ws/install/ugv_chat_ai:/home/ws/ugv_ws/install/ugv_bringup:/home/ws/ugv_ws/install/ugv_base_node:/home/ws/ugv_ws/install/teb_local_planner:/home/ws/ugv_ws/install/slam_gmapping:/home/ws/ugv_ws/install/robot_pose_publisher:/home/ws/ugv_ws/install/rf2o_laser_odometry:/home/ws/ugv_ws/install/openslam_gmapping:/home/ws/ugv_ws/install/ldlidar:/home/ws/ugv_ws/install/explore_lite:/home/ws/ugv_ws/install/emcl2:/home/ws/ugv_ws/install/costmap_converter:/home/ws/ugv_ws/install/costmap_converter_msgs:/home/ws/ugv_ws/install/cartographer:/home/ws/ugv_ws/install/apriltag_ros:/home/ws/ugv_ws/install/apriltag_msgs:/home/ws/ugv_roarm_ws/install/ugv_roarm_moveit_servo:/home/ws/ugv_roarm_ws/install/ugv_roarm_moveit_mtc_demo:/home/ws/ugv_roarm_ws/install/ugv_roarm_moveit_ikfast_plugins:/home/ws/ugv_roarm_ws/install/ugv_roarm_moveit:/home/ws/ugv_roarm_ws/install/ugv_roarm_description:/home/ws/ugv_roarm_ws/install/ugv_roarm_bringup:/home/ws/roarm_ws/install/roarm_moveit_mtc_demo:/home/ws/roarm_ws/install/moveit_task_constructor_visualization:/home/ws/roarm_ws/install/moveit_task_constructor_capabilities:/home/ws/roarm_ws/install/moveit_task_constructor_core:/home/ws/roarm_ws/install/rviz_marker_tools:/home/ws/roarm_ws/install/roarm_moveit_cmd:/home/ws/roarm_ws/install/moveit_servo:/home/ws/roarm_ws/install/roarm_msgs:/home/ws/roarm_ws/install/roarm_moveit_servo:/home/ws/roarm_ws/install/roarm_moveit_ikfast_plugins:/home/ws/roarm_ws/install/roarm_moveit:/home/ws/roarm_ws/install/roarm_driver:/home/ws/roarm_ws/install/roarm_description:/home/ws/roarm_ws/install/moveit_task_constructor_msgs:/opt/ros/humble'), ('SHELL', '/bin/bash'), ('CMAKE_MODULE_PATH', '/home/ws/roarm_ws/install/moveit_task_constructor_core/share/moveit_task_constructor_core/cmake'), ('PWD', '/home/ws/ugv_ws/build/opentera_webrtc_ros'), ('SSH_CONNECTION', '192.168.9.183 54790 192.168.9.212 23'), ('PYTHONPATH', '/home/ws/ugv_ws/install/opentera_webrtc_ros_msgs/local/lib/python3.10/dist-packages:/home/ws/ugv_ws/install/opentera_protobuf_messages/local/lib/python3.10/dist-packages:/home/ws/ugv_ws/install/odas_ros/local/lib/python3.10/dist-packages:/home/ws/ugv_ws/install/odas_ros_msgs/local/lib/python3.10/dist-packages:/home/ws/ugv_ws/install/audio_utils/local/lib/python3.10/dist-packages:/home/ws/ugv_ws/install/audio_utils_msgs/local/lib/python3.10/dist-packages:/home/ws/ugv_ws/install/vizanti_msgs/local/lib/python3.10/dist-packages:/home/ws/ugv_ws/build/ugv_web_app:/home/ws/ugv_ws/install/ugv_web_app/lib/python3.10/site-packages:/home/ws/ugv_ws/build/ugv_vision:/home/ws/ugv_ws/install/ugv_vision/lib/python3.10/site-packages:/home/ws/ugv_ws/build/ugv_tools:/home/ws/ugv_ws/install/ugv_tools/lib/python3.10/site-packages:/home/ws/ugv_ws/install/ugv_interface/local/lib/python3.10/dist-packages:/home/ws/ugv_ws/build/ugv_chat_ai:/home/ws/ugv_ws/install/ugv_chat_ai/lib/python3.10/site-packages:/home/ws/ugv_ws/build/ugv_bringup:/home/ws/ugv_ws/install/ugv_bringup/lib/python3.10/site-packages:/home/ws/ugv_ws/install/costmap_converter_msgs/local/lib/python3.10/dist-packages:/home/ws/ugv_ws/install/apriltag_msgs/local/lib/python3.10/dist-packages:/home/ws/ugv_ws/install/apriltag/lib/python3.10/site-packages:/home/ws/ugv_roarm_ws/build/ugv_roarm_bringup:/home/ws/ugv_roarm_ws/install/ugv_roarm_bringup/lib/python3.10/site-packages:/home/ws/roarm_ws/install/moveit_task_constructor_core/local/lib/python3.10/dist-packages:/home/ws/roarm_ws/install/roarm_msgs/local/lib/python3.10/dist-packages:/home/ws/roarm_ws/build/roarm_driver:/home/ws/roarm_ws/install/roarm_driver/lib/python3.10/site-packages:/home/ws/roarm_ws/install/moveit_task_constructor_msgs/local/lib/python3.10/dist-packages:/opt/ros/humble/lib/python3.10/site-packages:/opt/ros/humble/local/lib/python3.10/dist-packages'), ('HTTP_PROXY', 'http://192.168.9.183:10809/'), ('COLCON', '1'), ('CMAKE_PREFIX_PATH', '/home/ws/ugv_ws/install/map_image_generator:/home/ws/ugv_ws/install/opentera_webrtc_ros_msgs:/home/ws/ugv_ws/install/odas_ros_msgs:/home/ws/ugv_ws/install/cv_camera:/home/ws/ugv_ws/install/audio_utils_msgs:/home/ws/ugv_ws/install/opentera_client_ros:/home/ws/ugv_ws/install/opentera_protobuf_messages:/home/ws/ugv_ws/install/odas_ros:/home/ws/ugv_ws/install/audio_utils:/home/ws/ugv_ws/install/vizanti:/home/ws/ugv_ws/install/vizanti_server:/home/ws/ugv_ws/install/vizanti_demos:/home/ws/ugv_ws/install/vizanti_msgs:/home/ws/ugv_ws/install/vizanti_cpp:/home/ws/ugv_ws/install/ugv_slam:/home/ws/ugv_ws/install/ugv_nav:/home/ws/ugv_ws/install/ugv_interface:/home/ws/ugv_ws/install/ugv_gazebo:/home/ws/ugv_ws/install/ugv_description:/home/ws/ugv_ws/install/ugv_base_node:/home/ws/ugv_ws/install/teb_local_planner:/home/ws/ugv_ws/install/teb_msgs:/home/ws/ugv_ws/install/slam_gmapping:/home/ws/ugv_ws/install/rf2o_laser_odometry:/home/ws/ugv_ws/install/openslam_gmapping:/home/ws/ugv_ws/install/ldlidar:/home/ws/ugv_ws/install/explore_lite:/home/ws/ugv_ws/install/emcl2:/home/ws/ugv_ws/install/costmap_converter:/home/ws/ugv_ws/install/costmap_converter_msgs:/home/ws/ugv_ws/install/cartographer:/home/ws/ugv_ws/install/apriltag_ros:/home/ws/ugv_ws/install/apriltag_msgs:/home/ws/ugv_ws/install/apriltag:/home/ws/ugv_roarm_ws/install/ugv_roarm_moveit_servo:/home/ws/ugv_roarm_ws/install/ugv_roarm_moveit_mtc_demo:/home/ws/ugv_roarm_ws/install/ugv_roarm_moveit_ikfast_plugins:/home/ws/ugv_roarm_ws/install/ugv_roarm_moveit:/home/ws/ugv_roarm_ws/install/ugv_roarm_description:/home/ws/roarm_ws/install/roarm_moveit_mtc_demo:/home/ws/roarm_ws/install/moveit_task_constructor_visualization:/home/ws/roarm_ws/install/moveit_task_constructor_capabilities:/home/ws/roarm_ws/install/moveit_task_constructor_core:/home/ws/roarm_ws/install/rviz_marker_tools:/home/ws/roarm_ws/install/roarm_moveit_cmd:/home/ws/roarm_ws/install/moveit_servo:/home/ws/roarm_ws/install/roarm_msgs:/home/ws/roarm_ws/install/roarm_moveit_servo:/home/ws/roarm_ws/install/roarm_moveit_ikfast_plugins:/home/ws/roarm_ws/install/roarm_moveit:/home/ws/roarm_ws/install/roarm_description:/home/ws/roarm_ws/install/moveit_task_constructor_msgs:/home/ws/ugv_ws/install/ugv_web_app:/home/ws/ugv_ws/install/ugv_vision:/home/ws/ugv_ws/install/ugv_tools:/home/ws/ugv_ws/install/ugv_chat_ai:/home/ws/ugv_ws/install/ugv_bringup:/home/ws/ugv_ws/install/robot_pose_publisher:/home/ws/ugv_roarm_ws/install/ugv_roarm_bringup:/home/ws/roarm_ws/install/roarm_driver:/opt/ros/humble'), ('UGV_MODEL', 'ugv_rover')]), 'shell': False}
[0.099145] (-) TimerEvent: {}
[0.122859] (opentera_webrtc_ros) StdoutLine: {'line': b'Not searching for unused variables given on the command line.\n'}
[0.151255] (opentera_webrtc_ros) StdoutLine: {'line': b'-- Found ament_cmake: 1.3.10 (/opt/ros/humble/share/ament_cmake/cmake)\n'}
[0.199281] (-) TimerEvent: {}
[0.299936] (-) TimerEvent: {}
[0.401687] (-) TimerEvent: {}
[0.503206] (-) TimerEvent: {}
[0.604078] (-) TimerEvent: {}
[0.705321] (-) TimerEvent: {}
[0.718639] (opentera_webrtc_ros) StdoutLine: {'line': b'-- Override CMake install command with custom implementation using symlinks instead of copying resources\n'}
[0.737999] (opentera_webrtc_ros) StdoutLine: {'line': b'-- Found rclcpp: 16.0.10 (/opt/ros/humble/share/rclcpp/cmake)\n'}
[0.805463] (-) TimerEvent: {}
[0.826454] (opentera_webrtc_ros) StdoutLine: {'line': b'-- Found rosidl_generator_c: 3.1.5 (/opt/ros/humble/share/rosidl_generator_c/cmake)\n'}
[0.834629] (opentera_webrtc_ros) StdoutLine: {'line': b'-- Found rosidl_adapter: 3.1.5 (/opt/ros/humble/share/rosidl_adapter/cmake)\n'}
[0.852984] (opentera_webrtc_ros) StdoutLine: {'line': b'-- Found rosidl_generator_cpp: 3.1.5 (/opt/ros/humble/share/rosidl_generator_cpp/cmake)\n'}
[0.893137] (opentera_webrtc_ros) StdoutLine: {'line': b'-- Using all available rosidl_typesupport_c: rosidl_typesupport_fastrtps_c;rosidl_typesupport_introspection_c\n'}
[0.905594] (-) TimerEvent: {}
[0.939089] (opentera_webrtc_ros) StdoutLine: {'line': b'-- Using all available rosidl_typesupport_cpp: rosidl_typesupport_fastrtps_cpp;rosidl_typesupport_introspection_cpp\n'}
[1.005735] (-) TimerEvent: {}
[1.047035] (opentera_webrtc_ros) StdoutLine: {'line': b'-- Found rmw_implementation_cmake: 6.1.2 (/opt/ros/humble/share/rmw_implementation_cmake/cmake)\n'}
[1.057853] (opentera_webrtc_ros) StdoutLine: {'line': b'-- Found rmw_fastrtps_cpp: 6.2.7 (/opt/ros/humble/share/rmw_fastrtps_cpp/cmake)\n'}
[1.105871] (-) TimerEvent: {}
[1.206510] (-) TimerEvent: {}
[1.307430] (-) TimerEvent: {}
[1.408106] (-) TimerEvent: {}
[1.484879] (opentera_webrtc_ros) StdoutLine: {'line': b"-- Using RMW implementation 'rmw_fastrtps_cpp' as default\n"}
[1.508259] (-) TimerEvent: {}
[1.608886] (-) TimerEvent: {}
[1.643461] (opentera_webrtc_ros) StdoutLine: {'line': b'-- Found rclpy: 3.3.14 (/opt/ros/humble/share/rclpy/cmake)\n'}
[1.644826] (opentera_webrtc_ros) StdoutLine: {'line': b'-- Found std_srvs: 4.2.4 (/opt/ros/humble/share/std_srvs/cmake)\n'}
[1.672455] (opentera_webrtc_ros) StdoutLine: {'line': b'-- Found sensor_msgs: 4.2.4 (/opt/ros/humble/share/sensor_msgs/cmake)\n'}
[1.709049] (-) TimerEvent: {}
[1.767616] (opentera_webrtc_ros) StdoutLine: {'line': b'-- Found audio_utils_msgs: 0.0.0 (/home/ws/ugv_ws/install/audio_utils_msgs/share/audio_utils_msgs/cmake)\n'}
[1.806297] (opentera_webrtc_ros) StdoutLine: {'line': b'-- Found opentera_webrtc_ros_msgs: 0.0.0 (/home/ws/ugv_ws/install/opentera_webrtc_ros_msgs/share/opentera_webrtc_ros_msgs/cmake)\n'}
[1.809176] (-) TimerEvent: {}
[1.871815] (opentera_webrtc_ros) StdoutLine: {'line': b'-- Found map_image_generator: 0.0.0 (/home/ws/ugv_ws/install/map_image_generator/share/map_image_generator/cmake)\n'}
[1.872529] (opentera_webrtc_ros) StdoutLine: {'line': b'-- Found cv_bridge: 3.2.1 (/opt/ros/humble/share/cv_bridge/cmake)\n'}
[1.910587] (-) TimerEvent: {}
[1.921738] (opentera_webrtc_ros) StdoutLine: {'line': b'-- opentera-webrtc-native-client Version : 1.2.6\n'}
[2.010706] (-) TimerEvent: {}
[2.111304] (-) TimerEvent: {}
[2.211857] (-) TimerEvent: {}
[2.312415] (-) TimerEvent: {}
[2.412975] (-) TimerEvent: {}
[2.513627] (-) TimerEvent: {}
[2.614317] (-) TimerEvent: {}
[2.715611] (-) TimerEvent: {}
[2.816156] (-) TimerEvent: {}
[2.917151] (-) TimerEvent: {}
[2.931927] (opentera_webrtc_ros) StdoutLine: {'line': b'-- OpenCV library status:\n'}
[2.933559] (opentera_webrtc_ros) StdoutLine: {'line': b'--     config: /usr/lib/aarch64-linux-gnu/cmake/opencv4\n'}
[2.934652] (opentera_webrtc_ros) StdoutLine: {'line': b'--     version: 4.5.4\n'}
[2.935032] (opentera_webrtc_ros) StdoutLine: {'line': b'--     libraries: opencv_calib3d;opencv_core;opencv_dnn;opencv_features2d;opencv_flann;opencv_highgui;opencv_imgcodecs;opencv_imgproc;opencv_ml;opencv_objdetect;opencv_photo;opencv_stitching;opencv_video;opencv_videoio;opencv_alphamat;opencv_aruco;opencv_barcode;opencv_bgsegm;opencv_bioinspired;opencv_ccalib;opencv_datasets;opencv_dnn_objdetect;opencv_dnn_superres;opencv_dpm;opencv_face;opencv_freetype;opencv_fuzzy;opencv_hdf;opencv_hfs;opencv_img_hash;opencv_intensity_transform;opencv_line_descriptor;opencv_mcc;opencv_optflow;opencv_phase_unwrapping;opencv_plot;opencv_quality;opencv_rapid;opencv_reg;opencv_rgbd;opencv_saliency;opencv_shape;opencv_stereo;opencv_structured_light;opencv_superres;opencv_surface_matching;opencv_text;opencv_tracking;opencv_videostab;opencv_viz;opencv_wechat_qrcode;opencv_ximgproc;opencv_xobjdetect;opencv_xphoto;opencv_core;opencv_imgproc;opencv_core;opencv_imgproc\n'}
[2.935580] (opentera_webrtc_ros) StdoutLine: {'line': b'--     include path: /usr/include/opencv4\n'}
[2.935893] (opentera_webrtc_ros) StdoutLine: {'line': b'-- CMAKE_INSTALL_PREFIX : /home/ws/ugv_ws/src/ugv_else/opentera-webrtc-ros/opentera_webrtc_ros/opentera-webrtc/opentera-webrtc-native-client/dist/Debug/opentera-webrtc-native-client-1.2.6\n'}
[3.017299] (-) TimerEvent: {}
[3.118249] (-) TimerEvent: {}
[3.218888] (-) TimerEvent: {}
[3.279251] (opentera_webrtc_ros) StdoutLine: {'line': b'-- pybind11 v2.13.1 \n'}
[3.319064] (-) TimerEvent: {}
[3.419733] (-) TimerEvent: {}
[3.515930] (opentera_webrtc_ros) StdoutLine: {'line': b'-- Using the multi-header code from /home/ws/ugv_ws/src/ugv_else/opentera-webrtc-ros/opentera_webrtc_ros/opentera-webrtc/opentera-webrtc-native-client/3rdParty/json/include/\n'}
[3.519878] (-) TimerEvent: {}
[3.522660] (opentera_webrtc_ros) StdoutLine: {'line': b'-- TLS configured to use openssl\n'}
[3.523351] (opentera_webrtc_ros) StdoutLine: {'line': b'-- OpenSSL: 3.0.2\n'}
[3.620007] (-) TimerEvent: {}
[3.720926] (-) TimerEvent: {}
[3.821584] (-) TimerEvent: {}
[3.923277] (-) TimerEvent: {}
[4.024126] (-) TimerEvent: {}
[4.125165] (-) TimerEvent: {}
[4.225826] (-) TimerEvent: {}
[4.326571] (-) TimerEvent: {}
[4.359271] (opentera_webrtc_ros) StdoutLine: {'line': b"-- Checking for module 'gstreamer-1.0'\n"}
[4.414585] (opentera_webrtc_ros) StdoutLine: {'line': b'--   Found gstreamer-1.0, version 1.20.3\n'}
[4.427134] (-) TimerEvent: {}
[4.527399] (opentera_webrtc_ros) StdoutLine: {'line': b"-- Checking for module 'gstreamer-video-1.0'\n"}
[4.527881] (-) TimerEvent: {}
[4.578359] (opentera_webrtc_ros) StdoutLine: {'line': b'--   Found gstreamer-video-1.0, version 1.20.1\n'}
[4.628075] (-) TimerEvent: {}
[4.699261] (opentera_webrtc_ros) StdoutLine: {'line': b"-- Checking for module 'gstreamer-app-1.0'\n"}
[4.728217] (-) TimerEvent: {}
[4.747379] (opentera_webrtc_ros) StdoutLine: {'line': b'--   Found gstreamer-app-1.0, version 1.20.1\n'}
[4.828383] (-) TimerEvent: {}
[4.930408] (-) TimerEvent: {}
[5.031191] (-) TimerEvent: {}
[5.132129] (-) TimerEvent: {}
[5.233151] (-) TimerEvent: {}
[5.334194] (-) TimerEvent: {}
[5.435161] (-) TimerEvent: {}
[5.490586] (opentera_webrtc_ros) StdoutLine: {'line': b'-- Found ament_lint_auto: 0.12.11 (/opt/ros/humble/share/ament_lint_auto/cmake)\n'}
[5.535261] (-) TimerEvent: {}
[5.635897] (-) TimerEvent: {}
[5.736523] (-) TimerEvent: {}
[5.837199] (-) TimerEvent: {}
[5.937887] (-) TimerEvent: {}
[6.038646] (-) TimerEvent: {}
[6.046907] (opentera_webrtc_ros) StdoutLine: {'line': b"-- Added test 'copyright' to check source files copyright and LICENSE\n"}
[6.138811] (-) TimerEvent: {}
[6.239495] (-) TimerEvent: {}
[6.340114] (-) TimerEvent: {}
[6.440723] (-) TimerEvent: {}
[6.541350] (-) TimerEvent: {}
[6.641962] (-) TimerEvent: {}
[6.742777] (-) TimerEvent: {}
[6.843428] (-) TimerEvent: {}
[6.944047] (-) TimerEvent: {}
[7.044651] (-) TimerEvent: {}
[7.145269] (-) TimerEvent: {}
[7.245886] (-) TimerEvent: {}
[7.303271] (opentera_webrtc_ros) StdoutLine: {'line': b"-- Added test 'cppcheck' to perform static code analysis on C / C++ code\n"}
[7.307269] (opentera_webrtc_ros) StdoutLine: {'line': b'-- Configured cppcheck include dirs: /home/ws/ugv_ws/src/ugv_else/opentera-webrtc-ros/opentera_webrtc_ros/opentera-webrtc/opentera-webrtc-native-client/OpenteraWebrtcNativeClient/include;/home/ws/ugv_ws/src/ugv_else/opentera-webrtc-ros/opentera_webrtc_ros/opentera-webrtc/opentera-webrtc-native-client/3rdParty;/home/ws/ugv_ws/src/ugv_else/opentera-webrtc-ros/opentera_webrtc_ros/opentera-webrtc/opentera-webrtc-native-client/3rdParty/json/include;/home/ws/ugv_ws/src/ugv_else/opentera-webrtc-ros/opentera_webrtc_ros/opentera-webrtc/opentera-webrtc-native-client/3rdParty/IXWebSocket;/home/ws/ugv_ws/src/ugv_else/opentera-webrtc-ros/opentera_webrtc_ros/opentera-webrtc/opentera-webrtc-native-client/3rdParty/cpp-httplib;/home/ws/ugv_ws/src/ugv_else/opentera-webrtc-ros/opentera_webrtc_ros/opentera-webrtc/opentera-webrtc-native-client/OpenteraWebrtcNativeGStreamer/include;/home/ws/ugv_ws/src/ugv_else/opentera-webrtc-ros/opentera_webrtc_ros/include;/home/ws/ugv_ws/src/ugv_else/opentera-webrtc-ros/opentera_webrtc_ros/lib\n'}
[7.307811] (opentera_webrtc_ros) StdoutLine: {'line': b'-- Configured cppcheck exclude dirs and/or files: \n'}
[7.346075] (-) TimerEvent: {}
[7.446690] (-) TimerEvent: {}
[7.547362] (-) TimerEvent: {}
[7.647989] (-) TimerEvent: {}
[7.748597] (-) TimerEvent: {}
[7.849213] (-) TimerEvent: {}
[7.949827] (-) TimerEvent: {}
[8.050444] (-) TimerEvent: {}
[8.151083] (-) TimerEvent: {}
[8.251702] (-) TimerEvent: {}
[8.352348] (-) TimerEvent: {}
[8.453006] (-) TimerEvent: {}
[8.553712] (-) TimerEvent: {}
[8.567301] (opentera_webrtc_ros) StdoutLine: {'line': b"-- Added test 'cpplint' to check C / C++ code against the Google style\n"}
[8.567839] (opentera_webrtc_ros) StdoutLine: {'line': b'-- Configured cpplint exclude dirs and/or files: \n'}
[8.653867] (-) TimerEvent: {}
[8.727285] (opentera_webrtc_ros) StdoutLine: {'line': b"-- Added test 'flake8' to check Python code syntax and style conventions\n"}
[8.754015] (-) TimerEvent: {}
[8.854667] (-) TimerEvent: {}
[8.955377] (-) TimerEvent: {}
[9.039255] (opentera_webrtc_ros) StdoutLine: {'line': b"-- Added test 'lint_cmake' to check CMake code style\n"}
[9.055526] (-) TimerEvent: {}
[9.156168] (-) TimerEvent: {}
[9.199267] (opentera_webrtc_ros) StdoutLine: {'line': b"-- Added test 'pep257' to check Python code against some of the docstring style conventions in PEP 257\n"}
[9.256320] (-) TimerEvent: {}
[9.356927] (-) TimerEvent: {}
[9.457546] (-) TimerEvent: {}
[9.558183] (-) TimerEvent: {}
[9.658818] (-) TimerEvent: {}
[9.759472] (-) TimerEvent: {}
[9.860097] (-) TimerEvent: {}
[9.960718] (-) TimerEvent: {}
[10.061377] (-) TimerEvent: {}
[10.161996] (-) TimerEvent: {}
[10.262618] (-) TimerEvent: {}
[10.363265] (-) TimerEvent: {}
[10.454724] (opentera_webrtc_ros) StdoutLine: {'line': b"-- Added test 'uncrustify' to check C / C++ code style\n"}
[10.455289] (opentera_webrtc_ros) StdoutLine: {'line': b'-- Configured uncrustify additional arguments: \n'}
[10.463410] (-) TimerEvent: {}
[10.563996] (-) TimerEvent: {}
[10.619280] (opentera_webrtc_ros) StdoutLine: {'line': b"-- Added test 'xmllint' to check XML markup files\n"}
[10.633982] (opentera_webrtc_ros) StdoutLine: {'line': b'-- Configuring done\n'}
[10.664162] (-) TimerEvent: {}
[10.764966] (-) TimerEvent: {}
[10.863259] (opentera_webrtc_ros) StdoutLine: {'line': b'-- Generating done\n'}
[10.865102] (-) TimerEvent: {}
[10.872499] (opentera_webrtc_ros) StdoutLine: {'line': b'-- Build files have been written to: /home/ws/ugv_ws/build/opentera_webrtc_ros\n'}
[10.922579] (opentera_webrtc_ros) CommandEnded: {'returncode': 0}
[10.924720] (opentera_webrtc_ros) JobProgress: {'identifier': 'opentera_webrtc_ros', 'progress': 'build'}
[10.927411] (opentera_webrtc_ros) Command: {'cmd': ['/usr/bin/cmake', '--build', '/home/ws/ugv_ws/build/opentera_webrtc_ros', '--', '-j4', '-l4'], 'cwd': '/home/ws/ugv_ws/build/opentera_webrtc_ros', 'env': OrderedDict([('HTTPS_PROXY', 'http://192.168.9.183:10809/'), ('no_proxy', 'localhost,127.0.0.0/8,::1'), ('USER', 'root'), ('SSH_CLIENT', '192.168.9.183 54790 23'), ('all_proxy', 'socks://192.168.9.183:10809/'), ('LDLIDAR_MODEL', 'ld19'), ('SHLVL', '1'), ('LD_LIBRARY_PATH', '/home/ws/ugv_ws/install/opentera_webrtc_ros_msgs/lib:/home/ws/ugv_ws/install/odas_ros_msgs/lib:/home/ws/ugv_ws/install/audio_utils_msgs/lib:/home/ws/ugv_ws/install/odas_ros/lib:/home/ws/ugv_ws/install/audio_utils/lib:/home/ws/ugv_ws/install/vizanti_msgs/lib:/home/ws/ugv_ws/install/ugv_interface/lib:/home/ws/ugv_ws/install/teb_local_planner/lib:/home/ws/ugv_ws/install/teb_msgs/lib:/home/ws/ugv_ws/install/openslam_gmapping/lib:/home/ws/ugv_ws/install/costmap_converter/lib:/home/ws/ugv_ws/install/costmap_converter_msgs/lib:/home/ws/ugv_ws/install/apriltag_ros/lib:/home/ws/ugv_ws/install/apriltag_msgs/lib:/home/ws/ugv_ws/install/apriltag/lib:/home/ws/ugv_roarm_ws/install/ugv_roarm_moveit_servo/lib:/home/ws/ugv_roarm_ws/install/ugv_roarm_moveit_mtc_demo/lib:/home/ws/ugv_roarm_ws/install/ugv_roarm_moveit_ikfast_plugins/lib:/home/ws/roarm_ws/install/roarm_moveit_mtc_demo/lib:/home/ws/roarm_ws/install/moveit_task_constructor_visualization/lib:/home/ws/roarm_ws/install/moveit_task_constructor_capabilities/lib:/home/ws/roarm_ws/install/moveit_task_constructor_core/lib:/home/ws/roarm_ws/install/rviz_marker_tools/lib:/home/ws/roarm_ws/install/moveit_servo/lib:/home/ws/roarm_ws/install/roarm_msgs/lib:/home/ws/roarm_ws/install/roarm_moveit_servo/lib:/home/ws/roarm_ws/install/roarm_moveit_ikfast_plugins/lib:/home/ws/roarm_ws/install/moveit_task_constructor_msgs/lib:/opt/ros/humble/opt/rviz_ogre_vendor/lib:/opt/ros/humble/lib/aarch64-linux-gnu:/opt/ros/humble/lib'), ('MOTD_SHOWN', 'pam'), ('HOME', '/root'), ('OLDPWD', '/home/ws'), ('NO_PROXY', 'localhost,127.0.0.0/8,::1'), ('SSH_TTY', '/dev/pts/7'), ('ROS_PYTHON_VERSION', '3'), ('LC_CTYPE', 'C.UTF-8'), ('https_proxy', 'http://192.168.9.183:10809/'), ('COLCON_PREFIX_PATH', '/home/ws/ugv_ws/install:/home/ws/ugv_roarm_ws/install:/home/ws/roarm_ws/install'), ('ROS_DISTRO', 'humble'), ('LOGNAME', 'root'), ('ALL_PROXY', 'socks://192.168.9.183:10809/'), ('ROARM_MODEL', 'roarm_m3'), ('http_proxy', 'http://192.168.9.183:10809/'), ('PULSE_SERVER', 'unix:/run/user/1000/pulse/native'), ('_', '/usr/bin/colcon'), ('ROS_VERSION', '2'), ('PKG_CONFIG_PATH', '/home/ws/ugv_ws/install/apriltag/lib/aarch64-linux-gnu/pkgconfig:/home/ws/ugv_ws/install/apriltag/lib/pkgconfig'), ('TERM', 'xterm'), ('ROS_LOCALHOST_ONLY', '0'), ('PATH', '/home/ws/ugv_ws/install/costmap_converter/bin:/home/ws/ugv_ws/install/apriltag_ros/bin:/home/ws/ugv_ws/install/apriltag/bin:/opt/ros/humble/bin:/usr/local/sbin:/usr/local/bin:/usr/sbin:/usr/bin:/sbin:/bin:/usr/games:/usr/local/games:/snap/bin'), ('XDG_RUNTIME_DIR', '/run/user/1000'), ('DISPLAY', 'localhost:11.0'), ('LS_COLORS', 'rs=0:di=01;34:ln=01;36:mh=00:pi=40;33:so=01;35:do=01;35:bd=40;33;01:cd=40;33;01:or=40;31;01:mi=00:su=37;41:sg=30;43:ca=30;41:tw=30;42:ow=34;42:st=37;44:ex=01;32:*.tar=01;31:*.tgz=01;31:*.arc=01;31:*.arj=01;31:*.taz=01;31:*.lha=01;31:*.lz4=01;31:*.lzh=01;31:*.lzma=01;31:*.tlz=01;31:*.txz=01;31:*.tzo=01;31:*.t7z=01;31:*.zip=01;31:*.z=01;31:*.dz=01;31:*.gz=01;31:*.lrz=01;31:*.lz=01;31:*.lzo=01;31:*.xz=01;31:*.zst=01;31:*.tzst=01;31:*.bz2=01;31:*.bz=01;31:*.tbz=01;31:*.tbz2=01;31:*.tz=01;31:*.deb=01;31:*.rpm=01;31:*.jar=01;31:*.war=01;31:*.ear=01;31:*.sar=01;31:*.rar=01;31:*.alz=01;31:*.ace=01;31:*.zoo=01;31:*.cpio=01;31:*.7z=01;31:*.rz=01;31:*.cab=01;31:*.wim=01;31:*.swm=01;31:*.dwm=01;31:*.esd=01;31:*.jpg=01;35:*.jpeg=01;35:*.mjpg=01;35:*.mjpeg=01;35:*.gif=01;35:*.bmp=01;35:*.pbm=01;35:*.pgm=01;35:*.ppm=01;35:*.tga=01;35:*.xbm=01;35:*.xpm=01;35:*.tif=01;35:*.tiff=01;35:*.png=01;35:*.svg=01;35:*.svgz=01;35:*.mng=01;35:*.pcx=01;35:*.mov=01;35:*.mpg=01;35:*.mpeg=01;35:*.m2v=01;35:*.mkv=01;35:*.webm=01;35:*.webp=01;35:*.ogm=01;35:*.mp4=01;35:*.m4v=01;35:*.mp4v=01;35:*.vob=01;35:*.qt=01;35:*.nuv=01;35:*.wmv=01;35:*.asf=01;35:*.rm=01;35:*.rmvb=01;35:*.flc=01;35:*.avi=01;35:*.fli=01;35:*.flv=01;35:*.gl=01;35:*.dl=01;35:*.xcf=01;35:*.xwd=01;35:*.yuv=01;35:*.cgm=01;35:*.emf=01;35:*.ogv=01;35:*.ogx=01;35:*.aac=00;36:*.au=00;36:*.flac=00;36:*.m4a=00;36:*.mid=00;36:*.midi=00;36:*.mka=00;36:*.mp3=00;36:*.mpc=00;36:*.ogg=00;36:*.ra=00;36:*.wav=00;36:*.oga=00;36:*.opus=00;36:*.spx=00;36:*.xspf=00;36:'), ('AMENT_PREFIX_PATH', '/home/ws/ugv_ws/install/map_image_generator:/home/ws/ugv_ws/install/opentera_client_ros:/home/ws/ugv_ws/install/opentera_webrtc_ros_msgs:/home/ws/ugv_ws/install/opentera_protobuf_messages:/home/ws/ugv_ws/install/odas_ros:/home/ws/ugv_ws/install/odas_ros_msgs:/home/ws/ugv_ws/install/cv_camera:/home/ws/ugv_ws/install/audio_utils:/home/ws/ugv_ws/install/audio_utils_msgs:/home/ws/ugv_ws/install/vizanti:/home/ws/ugv_ws/install/vizanti_server:/home/ws/ugv_ws/install/vizanti_demos:/home/ws/ugv_ws/install/vizanti_msgs:/home/ws/ugv_ws/install/vizanti_cpp:/home/ws/ugv_ws/install/ugv_web_app:/home/ws/ugv_ws/install/ugv_vision:/home/ws/ugv_ws/install/ugv_tools:/home/ws/ugv_ws/install/ugv_slam:/home/ws/ugv_ws/install/ugv_nav:/home/ws/ugv_ws/install/ugv_interface:/home/ws/ugv_ws/install/ugv_gazebo:/home/ws/ugv_ws/install/ugv_description:/home/ws/ugv_ws/install/ugv_chat_ai:/home/ws/ugv_ws/install/ugv_bringup:/home/ws/ugv_ws/install/ugv_base_node:/home/ws/ugv_ws/install/teb_local_planner:/home/ws/ugv_ws/install/slam_gmapping:/home/ws/ugv_ws/install/robot_pose_publisher:/home/ws/ugv_ws/install/rf2o_laser_odometry:/home/ws/ugv_ws/install/openslam_gmapping:/home/ws/ugv_ws/install/ldlidar:/home/ws/ugv_ws/install/explore_lite:/home/ws/ugv_ws/install/emcl2:/home/ws/ugv_ws/install/costmap_converter:/home/ws/ugv_ws/install/costmap_converter_msgs:/home/ws/ugv_ws/install/cartographer:/home/ws/ugv_ws/install/apriltag_ros:/home/ws/ugv_ws/install/apriltag_msgs:/home/ws/ugv_roarm_ws/install/ugv_roarm_moveit_servo:/home/ws/ugv_roarm_ws/install/ugv_roarm_moveit_mtc_demo:/home/ws/ugv_roarm_ws/install/ugv_roarm_moveit_ikfast_plugins:/home/ws/ugv_roarm_ws/install/ugv_roarm_moveit:/home/ws/ugv_roarm_ws/install/ugv_roarm_description:/home/ws/ugv_roarm_ws/install/ugv_roarm_bringup:/home/ws/roarm_ws/install/roarm_moveit_mtc_demo:/home/ws/roarm_ws/install/moveit_task_constructor_visualization:/home/ws/roarm_ws/install/moveit_task_constructor_capabilities:/home/ws/roarm_ws/install/moveit_task_constructor_core:/home/ws/roarm_ws/install/rviz_marker_tools:/home/ws/roarm_ws/install/roarm_moveit_cmd:/home/ws/roarm_ws/install/moveit_servo:/home/ws/roarm_ws/install/roarm_msgs:/home/ws/roarm_ws/install/roarm_moveit_servo:/home/ws/roarm_ws/install/roarm_moveit_ikfast_plugins:/home/ws/roarm_ws/install/roarm_moveit:/home/ws/roarm_ws/install/roarm_driver:/home/ws/roarm_ws/install/roarm_description:/home/ws/roarm_ws/install/moveit_task_constructor_msgs:/opt/ros/humble'), ('SHELL', '/bin/bash'), ('CMAKE_MODULE_PATH', '/home/ws/roarm_ws/install/moveit_task_constructor_core/share/moveit_task_constructor_core/cmake'), ('PWD', '/home/ws/ugv_ws/build/opentera_webrtc_ros'), ('SSH_CONNECTION', '192.168.9.183 54790 192.168.9.212 23'), ('PYTHONPATH', '/home/ws/ugv_ws/install/opentera_webrtc_ros_msgs/local/lib/python3.10/dist-packages:/home/ws/ugv_ws/install/opentera_protobuf_messages/local/lib/python3.10/dist-packages:/home/ws/ugv_ws/install/odas_ros/local/lib/python3.10/dist-packages:/home/ws/ugv_ws/install/odas_ros_msgs/local/lib/python3.10/dist-packages:/home/ws/ugv_ws/install/audio_utils/local/lib/python3.10/dist-packages:/home/ws/ugv_ws/install/audio_utils_msgs/local/lib/python3.10/dist-packages:/home/ws/ugv_ws/install/vizanti_msgs/local/lib/python3.10/dist-packages:/home/ws/ugv_ws/build/ugv_web_app:/home/ws/ugv_ws/install/ugv_web_app/lib/python3.10/site-packages:/home/ws/ugv_ws/build/ugv_vision:/home/ws/ugv_ws/install/ugv_vision/lib/python3.10/site-packages:/home/ws/ugv_ws/build/ugv_tools:/home/ws/ugv_ws/install/ugv_tools/lib/python3.10/site-packages:/home/ws/ugv_ws/install/ugv_interface/local/lib/python3.10/dist-packages:/home/ws/ugv_ws/build/ugv_chat_ai:/home/ws/ugv_ws/install/ugv_chat_ai/lib/python3.10/site-packages:/home/ws/ugv_ws/build/ugv_bringup:/home/ws/ugv_ws/install/ugv_bringup/lib/python3.10/site-packages:/home/ws/ugv_ws/install/costmap_converter_msgs/local/lib/python3.10/dist-packages:/home/ws/ugv_ws/install/apriltag_msgs/local/lib/python3.10/dist-packages:/home/ws/ugv_ws/install/apriltag/lib/python3.10/site-packages:/home/ws/ugv_roarm_ws/build/ugv_roarm_bringup:/home/ws/ugv_roarm_ws/install/ugv_roarm_bringup/lib/python3.10/site-packages:/home/ws/roarm_ws/install/moveit_task_constructor_core/local/lib/python3.10/dist-packages:/home/ws/roarm_ws/install/roarm_msgs/local/lib/python3.10/dist-packages:/home/ws/roarm_ws/build/roarm_driver:/home/ws/roarm_ws/install/roarm_driver/lib/python3.10/site-packages:/home/ws/roarm_ws/install/moveit_task_constructor_msgs/local/lib/python3.10/dist-packages:/opt/ros/humble/lib/python3.10/site-packages:/opt/ros/humble/local/lib/python3.10/dist-packages'), ('HTTP_PROXY', 'http://192.168.9.183:10809/'), ('COLCON', '1'), ('CMAKE_PREFIX_PATH', '/home/ws/ugv_ws/install/map_image_generator:/home/ws/ugv_ws/install/opentera_webrtc_ros_msgs:/home/ws/ugv_ws/install/odas_ros_msgs:/home/ws/ugv_ws/install/cv_camera:/home/ws/ugv_ws/install/audio_utils_msgs:/home/ws/ugv_ws/install/opentera_client_ros:/home/ws/ugv_ws/install/opentera_protobuf_messages:/home/ws/ugv_ws/install/odas_ros:/home/ws/ugv_ws/install/audio_utils:/home/ws/ugv_ws/install/vizanti:/home/ws/ugv_ws/install/vizanti_server:/home/ws/ugv_ws/install/vizanti_demos:/home/ws/ugv_ws/install/vizanti_msgs:/home/ws/ugv_ws/install/vizanti_cpp:/home/ws/ugv_ws/install/ugv_slam:/home/ws/ugv_ws/install/ugv_nav:/home/ws/ugv_ws/install/ugv_interface:/home/ws/ugv_ws/install/ugv_gazebo:/home/ws/ugv_ws/install/ugv_description:/home/ws/ugv_ws/install/ugv_base_node:/home/ws/ugv_ws/install/teb_local_planner:/home/ws/ugv_ws/install/teb_msgs:/home/ws/ugv_ws/install/slam_gmapping:/home/ws/ugv_ws/install/rf2o_laser_odometry:/home/ws/ugv_ws/install/openslam_gmapping:/home/ws/ugv_ws/install/ldlidar:/home/ws/ugv_ws/install/explore_lite:/home/ws/ugv_ws/install/emcl2:/home/ws/ugv_ws/install/costmap_converter:/home/ws/ugv_ws/install/costmap_converter_msgs:/home/ws/ugv_ws/install/cartographer:/home/ws/ugv_ws/install/apriltag_ros:/home/ws/ugv_ws/install/apriltag_msgs:/home/ws/ugv_ws/install/apriltag:/home/ws/ugv_roarm_ws/install/ugv_roarm_moveit_servo:/home/ws/ugv_roarm_ws/install/ugv_roarm_moveit_mtc_demo:/home/ws/ugv_roarm_ws/install/ugv_roarm_moveit_ikfast_plugins:/home/ws/ugv_roarm_ws/install/ugv_roarm_moveit:/home/ws/ugv_roarm_ws/install/ugv_roarm_description:/home/ws/roarm_ws/install/roarm_moveit_mtc_demo:/home/ws/roarm_ws/install/moveit_task_constructor_visualization:/home/ws/roarm_ws/install/moveit_task_constructor_capabilities:/home/ws/roarm_ws/install/moveit_task_constructor_core:/home/ws/roarm_ws/install/rviz_marker_tools:/home/ws/roarm_ws/install/roarm_moveit_cmd:/home/ws/roarm_ws/install/moveit_servo:/home/ws/roarm_ws/install/roarm_msgs:/home/ws/roarm_ws/install/roarm_moveit_servo:/home/ws/roarm_ws/install/roarm_moveit_ikfast_plugins:/home/ws/roarm_ws/install/roarm_moveit:/home/ws/roarm_ws/install/roarm_description:/home/ws/roarm_ws/install/moveit_task_constructor_msgs:/home/ws/ugv_ws/install/ugv_web_app:/home/ws/ugv_ws/install/ugv_vision:/home/ws/ugv_ws/install/ugv_tools:/home/ws/ugv_ws/install/ugv_chat_ai:/home/ws/ugv_ws/install/ugv_bringup:/home/ws/ugv_ws/install/robot_pose_publisher:/home/ws/ugv_roarm_ws/install/ugv_roarm_bringup:/home/ws/roarm_ws/install/roarm_driver:/opt/ros/humble'), ('UGV_MODEL', 'ugv_rover')]), 'shell': False}
[10.965282] (-) TimerEvent: {}
[11.066368] (-) TimerEvent: {}
[11.117315] (opentera_webrtc_ros) StdoutLine: {'line': b'[  1%] \x1b[32mBuilding CXX object CMakeFiles/opentera_webrtc_ros_json_data_handler.dir/src/RosJsonDataHandler.cpp.o\x1b[0m\n'}
[11.138081] (opentera_webrtc_ros) StdoutLine: {'line': b'[  1%] \x1b[32mBuilding CXX object SYSTEM/opentera-webrtc-native-client/3rdParty/IXWebSocket/CMakeFiles/ixwebsocket.dir/ixwebsocket/IXBench.cpp.o\x1b[0m\n'}
[11.149249] (opentera_webrtc_ros) StdoutLine: {'line': b'[  2%] \x1b[32mBuilding CXX object SYSTEM/opentera-webrtc-native-client/OpenteraWebrtcNativeGStreamer/CMakeFiles/OpenteraWebrtcNativeGStreamer.dir/src/Decoders/GStreamerVideoDecoder.cpp.o\x1b[0m\n'}
[11.160163] (opentera_webrtc_ros) StdoutLine: {'line': b'[  2%] Built target ament_cmake_python_symlink_opentera_webrtc_ros\n'}
[11.166588] (-) TimerEvent: {}
[11.206594] (opentera_webrtc_ros) StdoutLine: {'line': b'[  3%] \x1b[32mBuilding CXX object SYSTEM/opentera-webrtc-native-client/3rdParty/IXWebSocket/CMakeFiles/ixwebsocket.dir/ixwebsocket/IXCancellationRequest.cpp.o\x1b[0m\n'}
[11.269591] (-) TimerEvent: {}
[11.371071] (-) TimerEvent: {}
[11.475518] (-) TimerEvent: {}
[11.576880] (-) TimerEvent: {}
[11.678507] (-) TimerEvent: {}
[11.783499] (-) TimerEvent: {}
[11.884412] (-) TimerEvent: {}
[11.985490] (-) TimerEvent: {}
[12.087412] (-) TimerEvent: {}
[12.191552] (-) TimerEvent: {}
[12.293263] (-) TimerEvent: {}
[12.395499] (-) TimerEvent: {}
[12.499578] (-) TimerEvent: {}
[12.602170] (-) TimerEvent: {}
[12.704491] (-) TimerEvent: {}
[12.808151] (-) TimerEvent: {}
[12.867334] (opentera_webrtc_ros) StdoutLine: {'line': b'[  4%] \x1b[32mBuilding CXX object SYSTEM/opentera-webrtc-native-client/3rdParty/IXWebSocket/CMakeFiles/ixwebsocket.dir/ixwebsocket/IXConnectionState.cpp.o\x1b[0m\n'}
[12.899869] (opentera_webrtc_ros) StdoutLine: {'line': b'[  5%] \x1b[32mBuilding CXX object SYSTEM/opentera-webrtc-native-client/3rdParty/IXWebSocket/CMakeFiles/ixwebsocket.dir/ixwebsocket/IXDNSLookup.cpp.o\x1b[0m\n'}
[12.911154] (-) TimerEvent: {}
[13.011969] (-) TimerEvent: {}
[13.071568] (opentera_webrtc_ros) StderrLine: {'line': b'In file included from \x1b[01m\x1b[K/home/ws/ugv_ws/src/ugv_else/opentera-webrtc-ros/opentera_webrtc_ros/opentera-webrtc/opentera-webrtc-native-client/OpenteraWebrtcNativeGStreamer/include/OpenteraWebrtcNativeGStreamer/Pipeline/GStreamerDecoderPipeline.h:21\x1b[m\x1b[K,\n'}
[13.072420] (opentera_webrtc_ros) StderrLine: {'line': b'                 from \x1b[01m\x1b[K/home/ws/ugv_ws/src/ugv_else/opentera-webrtc-ros/opentera_webrtc_ros/opentera-webrtc/opentera-webrtc-native-client/OpenteraWebrtcNativeGStreamer/include/OpenteraWebrtcNativeGStreamer/Decoders/GStreamerVideoDecoder.h:21\x1b[m\x1b[K,\n'}
[13.072864] (opentera_webrtc_ros) StderrLine: {'line': b'                 from \x1b[01m\x1b[K/home/ws/ugv_ws/src/ugv_else/opentera-webrtc-ros/opentera_webrtc_ros/opentera-webrtc/opentera-webrtc-native-client/OpenteraWebrtcNativeGStreamer/src/Decoders/GStreamerVideoDecoder.cpp:26\x1b[m\x1b[K:\n'}
[13.073366] (opentera_webrtc_ros) StderrLine: {'line': b'\x1b[01m\x1b[K/home/ws/ugv_ws/src/ugv_else/opentera-webrtc-ros/opentera_webrtc_ros/opentera-webrtc/opentera-webrtc-native-client/OpenteraWebrtcNativeGStreamer/include/OpenteraWebrtcNativeGStreamer/Utils/GStreamerHelpers.h:\x1b[m\x1b[K In constructor \xe2\x80\x98\x1b[01m\x1b[Kgst::GstRequestPad::GstRequestPad(GstElement*, const gchar*)\x1b[m\x1b[K\xe2\x80\x99:\n'}
[13.073834] (opentera_webrtc_ros) StderrLine: {'line': b"\x1b[01m\x1b[K/home/ws/ugv_ws/src/ugv_else/opentera-webrtc-ros/opentera_webrtc_ros/opentera-webrtc/opentera-webrtc-native-client/OpenteraWebrtcNativeGStreamer/include/OpenteraWebrtcNativeGStreamer/Utils/GStreamerHelpers.h:169:68:\x1b[m\x1b[K \x1b[01;35m\x1b[Kwarning: \x1b[m\x1b[K\xe2\x80\x98\x1b[01m\x1b[KGstPad* gst_element_get_request_pad(GstElement*, const gchar*)\x1b[m\x1b[K\xe2\x80\x99 is deprecated: Use 'gst_element_request_pad_simple' instead [\x1b[01;35m\x1b[K-Wdeprecated-declarations\x1b[m\x1b[K]\n"}
[13.074265] (opentera_webrtc_ros) StderrLine: {'line': b'  169 |               pad_{gst::unique_from_ptr(\x1b[01;35m\x1b[Kgst_element_get_request_pad(element, name)\x1b[m\x1b[K)}\n'}
[13.074698] (opentera_webrtc_ros) StderrLine: {'line': b'      |                                         \x1b[01;35m\x1b[K~~~~~~~~~~~~~~~~~~~~~~~~~~~^~~~~~~~~~~~~~~\x1b[m\x1b[K\n'}
[13.079544] (opentera_webrtc_ros) StderrLine: {'line': b'In file included from \x1b[01m\x1b[K/usr/include/gstreamer-1.0/gst/gstbin.h:27\x1b[m\x1b[K,\n'}
[13.080195] (opentera_webrtc_ros) StderrLine: {'line': b'                 from \x1b[01m\x1b[K/usr/include/gstreamer-1.0/gst/gst.h:35\x1b[m\x1b[K,\n'}
[13.080724] (opentera_webrtc_ros) StderrLine: {'line': b'                 from \x1b[01m\x1b[K/home/ws/ugv_ws/src/ugv_else/opentera-webrtc-ros/opentera_webrtc_ros/opentera-webrtc/opentera-webrtc-native-client/OpenteraWebrtcNativeGStreamer/include/OpenteraWebrtcNativeGStreamer/Utils/GStreamerHelpers.h:20\x1b[m\x1b[K,\n'}
[13.081243] (opentera_webrtc_ros) StderrLine: {'line': b'                 from \x1b[01m\x1b[K/home/ws/ugv_ws/src/ugv_else/opentera-webrtc-ros/opentera_webrtc_ros/opentera-webrtc/opentera-webrtc-native-client/OpenteraWebrtcNativeGStreamer/include/OpenteraWebrtcNativeGStreamer/Pipeline/GStreamerDecoderPipeline.h:21\x1b[m\x1b[K,\n'}
[13.081777] (opentera_webrtc_ros) StderrLine: {'line': b'                 from \x1b[01m\x1b[K/home/ws/ugv_ws/src/ugv_else/opentera-webrtc-ros/opentera_webrtc_ros/opentera-webrtc/opentera-webrtc-native-client/OpenteraWebrtcNativeGStreamer/include/OpenteraWebrtcNativeGStreamer/Decoders/GStreamerVideoDecoder.h:21\x1b[m\x1b[K,\n'}
[13.082217] (opentera_webrtc_ros) StderrLine: {'line': b'                 from \x1b[01m\x1b[K/home/ws/ugv_ws/src/ugv_else/opentera-webrtc-ros/opentera_webrtc_ros/opentera-webrtc/opentera-webrtc-native-client/OpenteraWebrtcNativeGStreamer/src/Decoders/GStreamerVideoDecoder.cpp:26\x1b[m\x1b[K:\n'}
[13.082668] (opentera_webrtc_ros) StderrLine: {'line': b'\x1b[01m\x1b[K/usr/include/gstreamer-1.0/gst/gstelement.h:1042:25:\x1b[m\x1b[K \x1b[01;36m\x1b[Knote: \x1b[m\x1b[Kdeclared here\n'}
[13.087287] (opentera_webrtc_ros) StderrLine: {'line': b' 1042 | GstPad*                 \x1b[01;36m\x1b[Kgst_element_get_request_pad\x1b[m\x1b[K     (GstElement *element, const gchar *name);\n'}
[13.087918] (opentera_webrtc_ros) StderrLine: {'line': b'      |                         \x1b[01;36m\x1b[K^~~~~~~~~~~~~~~~~~~~~~~~~~~\x1b[m\x1b[K\n'}
[13.112242] (-) TimerEvent: {}
[13.219178] (-) TimerEvent: {}
[13.320054] (-) TimerEvent: {}
[13.420903] (-) TimerEvent: {}
[13.522637] (-) TimerEvent: {}
[13.624275] (-) TimerEvent: {}
[13.731578] (-) TimerEvent: {}
[13.832770] (-) TimerEvent: {}
[13.934593] (-) TimerEvent: {}
[14.039588] (-) TimerEvent: {}
[14.141581] (-) TimerEvent: {}
[14.247628] (-) TimerEvent: {}
[14.349307] (-) TimerEvent: {}
[14.452122] (-) TimerEvent: {}
[14.555605] (-) TimerEvent: {}
[14.659753] (-) TimerEvent: {}
[14.760806] (-) TimerEvent: {}
[14.863573] (-) TimerEvent: {}
[14.964532] (-) TimerEvent: {}
[15.067653] (-) TimerEvent: {}
[15.171209] (-) TimerEvent: {}
[15.272249] (-) TimerEvent: {}
[15.373183] (-) TimerEvent: {}
[15.475512] (-) TimerEvent: {}
[15.576299] (-) TimerEvent: {}
[15.623139] (opentera_webrtc_ros) StdoutLine: {'line': b'[  5%] \x1b[32mBuilding CXX object SYSTEM/opentera-webrtc-native-client/3rdParty/IXWebSocket/CMakeFiles/ixwebsocket.dir/ixwebsocket/IXExponentialBackoff.cpp.o\x1b[0m\n'}
[15.679501] (-) TimerEvent: {}
[15.780358] (-) TimerEvent: {}
[15.881247] (-) TimerEvent: {}
[15.983561] (-) TimerEvent: {}
[16.087535] (-) TimerEvent: {}
[16.188376] (-) TimerEvent: {}
[16.289858] (-) TimerEvent: {}
[16.343352] (opentera_webrtc_ros) StdoutLine: {'line': b'[  6%] \x1b[32mBuilding CXX object SYSTEM/opentera-webrtc-native-client/3rdParty/IXWebSocket/CMakeFiles/ixwebsocket.dir/ixwebsocket/IXGetFreePort.cpp.o\x1b[0m\n'}
[16.390118] (-) TimerEvent: {}
[16.491728] (-) TimerEvent: {}
[16.595715] (-) TimerEvent: {}
[16.697373] (-) TimerEvent: {}
[16.799947] (-) TimerEvent: {}
[16.903537] (-) TimerEvent: {}
[17.004989] (-) TimerEvent: {}
[17.106433] (-) TimerEvent: {}
[17.211926] (-) TimerEvent: {}
[17.312716] (-) TimerEvent: {}
[17.414018] (-) TimerEvent: {}
[17.516246] (-) TimerEvent: {}
[17.529592] (opentera_webrtc_ros) StdoutLine: {'line': b'[  6%] \x1b[34m\x1b[1mGenerating cmake/pip_utils/native_client-requirements-req.stamp\x1b[0m\n'}
[17.617288] (-) TimerEvent: {}
[17.718240] (-) TimerEvent: {}
[17.821323] (-) TimerEvent: {}
[17.927264] (-) TimerEvent: {}
[18.028236] (-) TimerEvent: {}
[18.129329] (-) TimerEvent: {}
[18.230233] (-) TimerEvent: {}
[18.331146] (-) TimerEvent: {}
[18.434745] (-) TimerEvent: {}
[18.539609] (-) TimerEvent: {}
[18.641733] (-) TimerEvent: {}
[18.747188] (-) TimerEvent: {}
[18.850061] (-) TimerEvent: {}
[18.952466] (-) TimerEvent: {}
[19.055674] (-) TimerEvent: {}
[19.159159] (-) TimerEvent: {}
[19.260191] (-) TimerEvent: {}
[19.361098] (-) TimerEvent: {}
[19.463502] (-) TimerEvent: {}
[19.565045] (-) TimerEvent: {}
[19.665852] (-) TimerEvent: {}
[19.767542] (-) TimerEvent: {}
[19.869246] (-) TimerEvent: {}
[19.923427] (opentera_webrtc_ros) StdoutLine: {'line': b'[  7%] \x1b[32mBuilding CXX object SYSTEM/opentera-webrtc-native-client/OpenteraWebrtcNativeGStreamer/CMakeFiles/OpenteraWebrtcNativeGStreamer.dir/src/Decoders/H264GStreamerVideoDecoders.cpp.o\x1b[0m\n'}
[19.971178] (-) TimerEvent: {}
[20.035782] (opentera_webrtc_ros) StdoutLine: {'line': b'[  8%] \x1b[32mBuilding CXX object SYSTEM/opentera-webrtc-native-client/3rdParty/IXWebSocket/CMakeFiles/ixwebsocket.dir/ixwebsocket/IXGzipCodec.cpp.o\x1b[0m\n'}
[20.075571] (-) TimerEvent: {}
[20.177560] (-) TimerEvent: {}
[20.279302] (-) TimerEvent: {}
[20.384090] (-) TimerEvent: {}
[20.485283] (-) TimerEvent: {}
[20.588008] (-) TimerEvent: {}
[20.692662] (-) TimerEvent: {}
[20.793612] (-) TimerEvent: {}
[20.894595] (-) TimerEvent: {}
[20.999512] (-) TimerEvent: {}
[21.100488] (-) TimerEvent: {}
[21.201468] (-) TimerEvent: {}
[21.307220] (-) TimerEvent: {}
[21.360025] (opentera_webrtc_ros) StdoutLine: {'line': b'[  8%] \x1b[32mBuilding CXX object SYSTEM/opentera-webrtc-native-client/3rdParty/IXWebSocket/CMakeFiles/ixwebsocket.dir/ixwebsocket/IXHttp.cpp.o\x1b[0m\n'}
[21.407380] (-) TimerEvent: {}
[21.508235] (-) TimerEvent: {}
[21.609117] (-) TimerEvent: {}
[21.715554] (-) TimerEvent: {}
[21.816429] (-) TimerEvent: {}
[21.872479] (opentera_webrtc_ros) StderrLine: {'line': b'In file included from \x1b[01m\x1b[K/home/ws/ugv_ws/src/ugv_else/opentera-webrtc-ros/opentera_webrtc_ros/opentera-webrtc/opentera-webrtc-native-client/OpenteraWebrtcNativeGStreamer/include/OpenteraWebrtcNativeGStreamer/Pipeline/GStreamerDecoderPipeline.h:21\x1b[m\x1b[K,\n'}
[21.873362] (opentera_webrtc_ros) StderrLine: {'line': b'                 from \x1b[01m\x1b[K/home/ws/ugv_ws/src/ugv_else/opentera-webrtc-ros/opentera_webrtc_ros/opentera-webrtc/opentera-webrtc-native-client/OpenteraWebrtcNativeGStreamer/include/OpenteraWebrtcNativeGStreamer/Decoders/GStreamerVideoDecoder.h:21\x1b[m\x1b[K,\n'}
[21.873831] (opentera_webrtc_ros) StderrLine: {'line': b'                 from \x1b[01m\x1b[K/home/ws/ugv_ws/src/ugv_else/opentera-webrtc-ros/opentera_webrtc_ros/opentera-webrtc/opentera-webrtc-native-client/OpenteraWebrtcNativeGStreamer/include/OpenteraWebrtcNativeGStreamer/Decoders/H264GStreamerVideoDecoders.h:21\x1b[m\x1b[K,\n'}
[21.874267] (opentera_webrtc_ros) StderrLine: {'line': b'                 from \x1b[01m\x1b[K/home/ws/ugv_ws/src/ugv_else/opentera-webrtc-ros/opentera_webrtc_ros/opentera-webrtc/opentera-webrtc-native-client/OpenteraWebrtcNativeGStreamer/src/Decoders/H264GStreamerVideoDecoders.cpp:18\x1b[m\x1b[K:\n'}
[21.874705] (opentera_webrtc_ros) StderrLine: {'line': b'\x1b[01m\x1b[K/home/ws/ugv_ws/src/ugv_else/opentera-webrtc-ros/opentera_webrtc_ros/opentera-webrtc/opentera-webrtc-native-client/OpenteraWebrtcNativeGStreamer/include/OpenteraWebrtcNativeGStreamer/Utils/GStreamerHelpers.h:\x1b[m\x1b[K In constructor \xe2\x80\x98\x1b[01m\x1b[Kgst::GstRequestPad::GstRequestPad(GstElement*, const gchar*)\x1b[m\x1b[K\xe2\x80\x99:\n'}
[21.875180] (opentera_webrtc_ros) StderrLine: {'line': b"\x1b[01m\x1b[K/home/ws/ugv_ws/src/ugv_else/opentera-webrtc-ros/opentera_webrtc_ros/opentera-webrtc/opentera-webrtc-native-client/OpenteraWebrtcNativeGStreamer/include/OpenteraWebrtcNativeGStreamer/Utils/GStreamerHelpers.h:169:68:\x1b[m\x1b[K \x1b[01;35m\x1b[Kwarning: \x1b[m\x1b[K\xe2\x80\x98\x1b[01m\x1b[KGstPad* gst_element_get_request_pad(GstElement*, const gchar*)\x1b[m\x1b[K\xe2\x80\x99 is deprecated: Use 'gst_element_request_pad_simple' instead [\x1b[01;35m\x1b[K-Wdeprecated-declarations\x1b[m\x1b[K]\n"}
[21.875634] (opentera_webrtc_ros) StderrLine: {'line': b'  169 |               pad_{gst::unique_from_ptr(\x1b[01;35m\x1b[Kgst_element_get_request_pad(element, name)\x1b[m\x1b[K)}\n'}
[21.876005] (opentera_webrtc_ros) StderrLine: {'line': b'      |                                         \x1b[01;35m\x1b[K~~~~~~~~~~~~~~~~~~~~~~~~~~~^~~~~~~~~~~~~~~\x1b[m\x1b[K\n'}
[21.883151] (opentera_webrtc_ros) StderrLine: {'line': b'In file included from \x1b[01m\x1b[K/usr/include/gstreamer-1.0/gst/gstbin.h:27\x1b[m\x1b[K,\n'}
[21.883786] (opentera_webrtc_ros) StderrLine: {'line': b'                 from \x1b[01m\x1b[K/usr/include/gstreamer-1.0/gst/gst.h:35\x1b[m\x1b[K,\n'}
[21.884206] (opentera_webrtc_ros) StderrLine: {'line': b'                 from \x1b[01m\x1b[K/home/ws/ugv_ws/src/ugv_else/opentera-webrtc-ros/opentera_webrtc_ros/opentera-webrtc/opentera-webrtc-native-client/OpenteraWebrtcNativeGStreamer/include/OpenteraWebrtcNativeGStreamer/Utils/GStreamerHelpers.h:20\x1b[m\x1b[K,\n'}
[21.884586] (opentera_webrtc_ros) StderrLine: {'line': b'                 from \x1b[01m\x1b[K/home/ws/ugv_ws/src/ugv_else/opentera-webrtc-ros/opentera_webrtc_ros/opentera-webrtc/opentera-webrtc-native-client/OpenteraWebrtcNativeGStreamer/include/OpenteraWebrtcNativeGStreamer/Pipeline/GStreamerDecoderPipeline.h:21\x1b[m\x1b[K,\n'}
[21.885048] (opentera_webrtc_ros) StderrLine: {'line': b'                 from \x1b[01m\x1b[K/home/ws/ugv_ws/src/ugv_else/opentera-webrtc-ros/opentera_webrtc_ros/opentera-webrtc/opentera-webrtc-native-client/OpenteraWebrtcNativeGStreamer/include/OpenteraWebrtcNativeGStreamer/Decoders/GStreamerVideoDecoder.h:21\x1b[m\x1b[K,\n'}
[21.885436] (opentera_webrtc_ros) StderrLine: {'line': b'                 from \x1b[01m\x1b[K/home/ws/ugv_ws/src/ugv_else/opentera-webrtc-ros/opentera_webrtc_ros/opentera-webrtc/opentera-webrtc-native-client/OpenteraWebrtcNativeGStreamer/include/OpenteraWebrtcNativeGStreamer/Decoders/H264GStreamerVideoDecoders.h:21\x1b[m\x1b[K,\n'}
[21.885803] (opentera_webrtc_ros) StderrLine: {'line': b'                 from \x1b[01m\x1b[K/home/ws/ugv_ws/src/ugv_else/opentera-webrtc-ros/opentera_webrtc_ros/opentera-webrtc/opentera-webrtc-native-client/OpenteraWebrtcNativeGStreamer/src/Decoders/H264GStreamerVideoDecoders.cpp:18\x1b[m\x1b[K:\n'}
[21.886170] (opentera_webrtc_ros) StderrLine: {'line': b'\x1b[01m\x1b[K/usr/include/gstreamer-1.0/gst/gstelement.h:1042:25:\x1b[m\x1b[K \x1b[01;36m\x1b[Knote: \x1b[m\x1b[Kdeclared here\n'}
[21.886533] (opentera_webrtc_ros) StderrLine: {'line': b' 1042 | GstPad*                 \x1b[01;36m\x1b[Kgst_element_get_request_pad\x1b[m\x1b[K     (GstElement *element, const gchar *name);\n'}
[21.886904] (opentera_webrtc_ros) StderrLine: {'line': b'      |                         \x1b[01;36m\x1b[K^~~~~~~~~~~~~~~~~~~~~~~~~~~\x1b[m\x1b[K\n'}
[21.916611] (-) TimerEvent: {}
[22.018060] (-) TimerEvent: {}
[22.123547] (-) TimerEvent: {}
[22.224957] (-) TimerEvent: {}
[22.326163] (-) TimerEvent: {}
[22.427428] (-) TimerEvent: {}
[22.528663] (-) TimerEvent: {}
[22.631469] (-) TimerEvent: {}
[22.732776] (-) TimerEvent: {}
[22.836428] (-) TimerEvent: {}
[22.943162] (-) TimerEvent: {}
[23.044420] (-) TimerEvent: {}
[23.145685] (-) TimerEvent: {}
[23.247192] (-) TimerEvent: {}
[23.351919] (-) TimerEvent: {}
[23.453479] (-) TimerEvent: {}
[23.559838] (-) TimerEvent: {}
[23.661341] (-) TimerEvent: {}
[23.763150] (-) TimerEvent: {}
[23.867510] (-) TimerEvent: {}
[23.969318] (-) TimerEvent: {}
[24.075297] (-) TimerEvent: {}
[24.176487] (-) TimerEvent: {}
[24.280553] (-) TimerEvent: {}
[24.381665] (-) TimerEvent: {}
[24.483493] (-) TimerEvent: {}
[24.587939] (-) TimerEvent: {}
[24.688876] (-) TimerEvent: {}
[24.789778] (-) TimerEvent: {}
[24.893000] (-) TimerEvent: {}
[24.993906] (-) TimerEvent: {}
[25.099130] (-) TimerEvent: {}
[25.200268] (-) TimerEvent: {}
[25.301134] (-) TimerEvent: {}
[25.402029] (-) TimerEvent: {}
[25.503256] (-) TimerEvent: {}
[25.607696] (-) TimerEvent: {}
[25.708559] (-) TimerEvent: {}
[25.809474] (-) TimerEvent: {}
[25.911276] (-) TimerEvent: {}
[26.015180] (-) TimerEvent: {}
[26.116138] (-) TimerEvent: {}
[26.217061] (-) TimerEvent: {}
[26.317961] (-) TimerEvent: {}
[26.419976] (-) TimerEvent: {}
[26.523538] (-) TimerEvent: {}
[26.624520] (-) TimerEvent: {}
[26.727615] (-) TimerEvent: {}
[26.831264] (-) TimerEvent: {}
[26.901809] (opentera_webrtc_ros) StdoutLine: {'line': b'[  8%] Built target native_client-requirements-target\n'}
[26.931447] (-) TimerEvent: {}
[26.950400] (opentera_webrtc_ros) StdoutLine: {'line': b'[  9%] \x1b[32mBuilding CXX object SYSTEM/opentera-webrtc-native-client/3rdParty/IXWebSocket/CMakeFiles/ixwebsocket.dir/ixwebsocket/IXHttpClient.cpp.o\x1b[0m\n'}
[27.031710] (-) TimerEvent: {}
[27.074562] (opentera_webrtc_ros) StdoutLine: {'line': b'[ 10%] \x1b[32mBuilding CXX object SYSTEM/opentera-webrtc-native-client/3rdParty/IXWebSocket/CMakeFiles/ixwebsocket.dir/ixwebsocket/IXHttpServer.cpp.o\x1b[0m\n'}
[27.135235] (-) TimerEvent: {}
[27.236119] (-) TimerEvent: {}
[27.337042] (-) TimerEvent: {}
[27.440006] (-) TimerEvent: {}
[27.543944] (-) TimerEvent: {}
[27.651195] (-) TimerEvent: {}
[27.752562] (-) TimerEvent: {}
[27.854042] (-) TimerEvent: {}
[27.959206] (-) TimerEvent: {}
[28.061488] (-) TimerEvent: {}
[28.167656] (-) TimerEvent: {}
[28.270501] (-) TimerEvent: {}
[28.379251] (-) TimerEvent: {}
[28.480861] (-) TimerEvent: {}
[28.557903] (opentera_webrtc_ros) StdoutLine: {'line': b'[ 11%] \x1b[32mBuilding CXX object SYSTEM/opentera-webrtc-native-client/OpenteraWebrtcNativeGStreamer/CMakeFiles/OpenteraWebrtcNativeGStreamer.dir/src/Decoders/Vp8GStreamerVideoDecoders.cpp.o\x1b[0m\n'}
[28.583255] (-) TimerEvent: {}
[28.684475] (-) TimerEvent: {}
[28.787588] (-) TimerEvent: {}
[28.891560] (-) TimerEvent: {}
[28.995562] (-) TimerEvent: {}
[29.097348] (-) TimerEvent: {}
[29.203204] (-) TimerEvent: {}
[29.304147] (-) TimerEvent: {}
[29.405235] (-) TimerEvent: {}
[29.507583] (-) TimerEvent: {}
[29.611543] (-) TimerEvent: {}
[29.712472] (-) TimerEvent: {}
[29.813370] (-) TimerEvent: {}
[29.915519] (-) TimerEvent: {}
[30.019165] (-) TimerEvent: {}
[30.120106] (-) TimerEvent: {}
[30.223459] (-) TimerEvent: {}
[30.324410] (-) TimerEvent: {}
[30.427222] (-) TimerEvent: {}
[30.478421] (opentera_webrtc_ros) StderrLine: {'line': b'In file included from \x1b[01m\x1b[K/home/ws/ugv_ws/src/ugv_else/opentera-webrtc-ros/opentera_webrtc_ros/opentera-webrtc/opentera-webrtc-native-client/OpenteraWebrtcNativeGStreamer/include/OpenteraWebrtcNativeGStreamer/Pipeline/GStreamerDecoderPipeline.h:21\x1b[m\x1b[K,\n'}
[30.486352] (opentera_webrtc_ros) StderrLine: {'line': b'                 from \x1b[01m\x1b[K/home/ws/ugv_ws/src/ugv_else/opentera-webrtc-ros/opentera_webrtc_ros/opentera-webrtc/opentera-webrtc-native-client/OpenteraWebrtcNativeGStreamer/include/OpenteraWebrtcNativeGStreamer/Decoders/GStreamerVideoDecoder.h:21\x1b[m\x1b[K,\n'}
[30.489270] (opentera_webrtc_ros) StderrLine: {'line': b'                 from \x1b[01m\x1b[K/home/ws/ugv_ws/src/ugv_else/opentera-webrtc-ros/opentera_webrtc_ros/opentera-webrtc/opentera-webrtc-native-client/OpenteraWebrtcNativeGStreamer/include/OpenteraWebrtcNativeGStreamer/Decoders/Vp8GStreamerVideoDecoders.h:21\x1b[m\x1b[K,\n'}
[30.495262] (opentera_webrtc_ros) StderrLine: {'line': b'                 from \x1b[01m\x1b[K/home/ws/ugv_ws/src/ugv_else/opentera-webrtc-ros/opentera_webrtc_ros/opentera-webrtc/opentera-webrtc-native-client/OpenteraWebrtcNativeGStreamer/src/Decoders/Vp8GStreamerVideoDecoders.cpp:18\x1b[m\x1b[K:\n'}
[30.498379] (opentera_webrtc_ros) StderrLine: {'line': b'\x1b[01m\x1b[K/home/ws/ugv_ws/src/ugv_else/opentera-webrtc-ros/opentera_webrtc_ros/opentera-webrtc/opentera-webrtc-native-client/OpenteraWebrtcNativeGStreamer/include/OpenteraWebrtcNativeGStreamer/Utils/GStreamerHelpers.h:\x1b[m\x1b[K In constructor \xe2\x80\x98\x1b[01m\x1b[Kgst::GstRequestPad::GstRequestPad(GstElement*, const gchar*)\x1b[m\x1b[K\xe2\x80\x99:\n'}
[30.503349] (opentera_webrtc_ros) StderrLine: {'line': b"\x1b[01m\x1b[K/home/ws/ugv_ws/src/ugv_else/opentera-webrtc-ros/opentera_webrtc_ros/opentera-webrtc/opentera-webrtc-native-client/OpenteraWebrtcNativeGStreamer/include/OpenteraWebrtcNativeGStreamer/Utils/GStreamerHelpers.h:169:68:\x1b[m\x1b[K \x1b[01;35m\x1b[Kwarning: \x1b[m\x1b[K\xe2\x80\x98\x1b[01m\x1b[KGstPad* gst_element_get_request_pad(GstElement*, const gchar*)\x1b[m\x1b[K\xe2\x80\x99 is deprecated: Use 'gst_element_request_pad_simple' instead [\x1b[01;35m\x1b[K-Wdeprecated-declarations\x1b[m\x1b[K]\n"}
[30.506402] (opentera_webrtc_ros) StderrLine: {'line': b'  169 |               pad_{gst::unique_from_ptr(\x1b[01;35m\x1b[Kgst_element_get_request_pad(element, name)\x1b[m\x1b[K)}\n'}
[30.513497] (opentera_webrtc_ros) StderrLine: {'line': b'      |                                         \x1b[01;35m\x1b[K~~~~~~~~~~~~~~~~~~~~~~~~~~~^~~~~~~~~~~~~~~\x1b[m\x1b[K\n'}
[30.516456] (opentera_webrtc_ros) StderrLine: {'line': b'In file included from \x1b[01m\x1b[K/usr/include/gstreamer-1.0/gst/gstbin.h:27\x1b[m\x1b[K,\n'}
[30.519579] (opentera_webrtc_ros) StderrLine: {'line': b'                 from \x1b[01m\x1b[K/usr/include/gstreamer-1.0/gst/gst.h:35\x1b[m\x1b[K,\n'}
[30.525604] (opentera_webrtc_ros) StderrLine: {'line': b'                 from \x1b[01m\x1b[K/home/ws/ugv_ws/src/ugv_else/opentera-webrtc-ros/opentera_webrtc_ros/opentera-webrtc/opentera-webrtc-native-client/OpenteraWebrtcNativeGStreamer/include/OpenteraWebrtcNativeGStreamer/Utils/GStreamerHelpers.h:20\x1b[m\x1b[K,\n'}
[30.531368] (-) TimerEvent: {}
[30.532728] (opentera_webrtc_ros) StderrLine: {'line': b'                 from \x1b[01m\x1b[K/home/ws/ugv_ws/src/ugv_else/opentera-webrtc-ros/opentera_webrtc_ros/opentera-webrtc/opentera-webrtc-native-client/OpenteraWebrtcNativeGStreamer/include/OpenteraWebrtcNativeGStreamer/Pipeline/GStreamerDecoderPipeline.h:21\x1b[m\x1b[K,\n'}
[30.539364] (opentera_webrtc_ros) StderrLine: {'line': b'                 from \x1b[01m\x1b[K/home/ws/ugv_ws/src/ugv_else/opentera-webrtc-ros/opentera_webrtc_ros/opentera-webrtc/opentera-webrtc-native-client/OpenteraWebrtcNativeGStreamer/include/OpenteraWebrtcNativeGStreamer/Decoders/GStreamerVideoDecoder.h:21\x1b[m\x1b[K,\n'}
[30.542777] (opentera_webrtc_ros) StderrLine: {'line': b'                 from \x1b[01m\x1b[K/home/ws/ugv_ws/src/ugv_else/opentera-webrtc-ros/opentera_webrtc_ros/opentera-webrtc/opentera-webrtc-native-client/OpenteraWebrtcNativeGStreamer/include/OpenteraWebrtcNativeGStreamer/Decoders/Vp8GStreamerVideoDecoders.h:21\x1b[m\x1b[K,\n'}
[30.549094] (opentera_webrtc_ros) StderrLine: {'line': b'                 from \x1b[01m\x1b[K/home/ws/ugv_ws/src/ugv_else/opentera-webrtc-ros/opentera_webrtc_ros/opentera-webrtc/opentera-webrtc-native-client/OpenteraWebrtcNativeGStreamer/src/Decoders/Vp8GStreamerVideoDecoders.cpp:18\x1b[m\x1b[K:\n'}
[30.551975] (opentera_webrtc_ros) StderrLine: {'line': b'\x1b[01m\x1b[K/usr/include/gstreamer-1.0/gst/gstelement.h:1042:25:\x1b[m\x1b[K \x1b[01;36m\x1b[Knote: \x1b[m\x1b[Kdeclared here\n'}
[30.556333] (opentera_webrtc_ros) StderrLine: {'line': b' 1042 | GstPad*                 \x1b[01;36m\x1b[Kgst_element_get_request_pad\x1b[m\x1b[K     (GstElement *element, const gchar *name);\n'}
[30.561481] (opentera_webrtc_ros) StderrLine: {'line': b'      |                         \x1b[01;36m\x1b[K^~~~~~~~~~~~~~~~~~~~~~~~~~~\x1b[m\x1b[K\n'}
[30.631620] (-) TimerEvent: {}
[30.733142] (-) TimerEvent: {}
[30.834488] (-) TimerEvent: {}
[30.939437] (-) TimerEvent: {}
[31.040816] (-) TimerEvent: {}
[31.142284] (-) TimerEvent: {}
[31.247983] (-) TimerEvent: {}
[31.349913] (-) TimerEvent: {}
[31.451593] (-) TimerEvent: {}
[31.555529] (-) TimerEvent: {}
[31.656891] (-) TimerEvent: {}
[31.758212] (-) TimerEvent: {}
[31.863482] (-) TimerEvent: {}
[31.964710] (-) TimerEvent: {}
[32.066024] (-) TimerEvent: {}
[32.167453] (-) TimerEvent: {}
[32.271517] (-) TimerEvent: {}
[32.372936] (-) TimerEvent: {}
[32.479225] (-) TimerEvent: {}
[32.580690] (-) TimerEvent: {}
[32.682196] (-) TimerEvent: {}
[32.783487] (-) TimerEvent: {}
[32.885064] (-) TimerEvent: {}
[32.987188] (-) TimerEvent: {}
[33.091242] (-) TimerEvent: {}
[33.193143] (-) TimerEvent: {}
[33.299179] (-) TimerEvent: {}
[33.400542] (-) TimerEvent: {}
[33.501903] (-) TimerEvent: {}
[33.603273] (-) TimerEvent: {}
[33.707239] (-) TimerEvent: {}
[33.808706] (-) TimerEvent: {}
[33.901764] (opentera_webrtc_ros) StdoutLine: {'line': b'[ 13%] \x1b[32mBuilding CXX object SYSTEM/opentera-webrtc-native-client/3rdParty/IXWebSocket/CMakeFiles/ixwebsocket.dir/ixwebsocket/IXNetSystem.cpp.o\x1b[0m\n'}
[33.908895] (-) TimerEvent: {}
[34.010142] (-) TimerEvent: {}
[34.115487] (-) TimerEvent: {}
[34.208721] (opentera_webrtc_ros) StdoutLine: {'line': b'[ 14%] \x1b[34m\x1b[1mGenerating cmake/pip_utils/signaling_server-build-requirements-req.stamp\x1b[0m\n'}
[34.215720] (-) TimerEvent: {}
[34.320315] (-) TimerEvent: {}
[34.427159] (-) TimerEvent: {}
[34.528385] (-) TimerEvent: {}
[34.629673] (-) TimerEvent: {}
[34.730854] (-) TimerEvent: {}
[34.832093] (-) TimerEvent: {}
[34.935488] (-) TimerEvent: {}
[35.036871] (-) TimerEvent: {}
[35.139456] (-) TimerEvent: {}
[35.240614] (-) TimerEvent: {}
[35.343847] (-) TimerEvent: {}
[35.444999] (-) TimerEvent: {}
[35.551140] (-) TimerEvent: {}
[35.652292] (-) TimerEvent: {}
[35.753481] (-) TimerEvent: {}
[35.855142] (-) TimerEvent: {}
[35.953842] (opentera_webrtc_ros) StdoutLine: {'line': b'[ 14%] \x1b[32mBuilding CXX object SYSTEM/opentera-webrtc-native-client/3rdParty/IXWebSocket/CMakeFiles/ixwebsocket.dir/ixwebsocket/IXSelectInterrupt.cpp.o\x1b[0m\n'}
[35.960950] (-) TimerEvent: {}
[36.062054] (-) TimerEvent: {}
[36.163259] (-) TimerEvent: {}
[36.264511] (-) TimerEvent: {}
[36.365752] (-) TimerEvent: {}
[36.471504] (-) TimerEvent: {}
[36.572713] (-) TimerEvent: {}
[36.674686] (-) TimerEvent: {}
[36.776243] (-) TimerEvent: {}
[36.878130] (-) TimerEvent: {}
[36.983220] (-) TimerEvent: {}
[37.013912] (opentera_webrtc_ros) StdoutLine: {'line': b'[ 14%] \x1b[32mBuilding CXX object SYSTEM/opentera-webrtc-native-client/OpenteraWebrtcNativeGStreamer/CMakeFiles/OpenteraWebrtcNativeGStreamer.dir/src/Decoders/Vp9GStreamerVideoDecoders.cpp.o\x1b[0m\n'}
[37.083412] (-) TimerEvent: {}
[37.187774] (-) TimerEvent: {}
[37.289013] (-) TimerEvent: {}
[37.391753] (-) TimerEvent: {}
[37.436086] (opentera_webrtc_ros) StdoutLine: {'line': b'[ 15%] \x1b[32mBuilding CXX object SYSTEM/opentera-webrtc-native-client/3rdParty/IXWebSocket/CMakeFiles/ixwebsocket.dir/ixwebsocket/IXSelectInterruptFactory.cpp.o\x1b[0m\n'}
[37.491955] (-) TimerEvent: {}
[37.593654] (-) TimerEvent: {}
[37.695878] (-) TimerEvent: {}
[37.799821] (-) TimerEvent: {}
[37.901736] (-) TimerEvent: {}
[38.007145] (-) TimerEvent: {}
[38.108352] (-) TimerEvent: {}
[38.209930] (-) TimerEvent: {}
[38.315454] (-) TimerEvent: {}
[38.417335] (-) TimerEvent: {}
[38.523174] (-) TimerEvent: {}
[38.624494] (-) TimerEvent: {}
[38.725868] (-) TimerEvent: {}
[38.826934] (-) TimerEvent: {}
[38.914596] (opentera_webrtc_ros) StderrLine: {'line': b'In file included from \x1b[01m\x1b[K/home/ws/ugv_ws/src/ugv_else/opentera-webrtc-ros/opentera_webrtc_ros/opentera-webrtc/opentera-webrtc-native-client/OpenteraWebrtcNativeGStreamer/include/OpenteraWebrtcNativeGStreamer/Pipeline/GStreamerDecoderPipeline.h:21\x1b[m\x1b[K,\n'}
[38.920448] (opentera_webrtc_ros) StderrLine: {'line': b'                 from \x1b[01m\x1b[K/home/ws/ugv_ws/src/ugv_else/opentera-webrtc-ros/opentera_webrtc_ros/opentera-webrtc/opentera-webrtc-native-client/OpenteraWebrtcNativeGStreamer/include/OpenteraWebrtcNativeGStreamer/Decoders/GStreamerVideoDecoder.h:21\x1b[m\x1b[K,\n'}
[38.922805] (opentera_webrtc_ros) StderrLine: {'line': b'                 from \x1b[01m\x1b[K/home/ws/ugv_ws/src/ugv_else/opentera-webrtc-ros/opentera_webrtc_ros/opentera-webrtc/opentera-webrtc-native-client/OpenteraWebrtcNativeGStreamer/include/OpenteraWebrtcNativeGStreamer/Decoders/Vp9GStreamerVideoDecoders.h:21\x1b[m\x1b[K,\n'}
[38.923486] (opentera_webrtc_ros) StderrLine: {'line': b'                 from \x1b[01m\x1b[K/home/ws/ugv_ws/src/ugv_else/opentera-webrtc-ros/opentera_webrtc_ros/opentera-webrtc/opentera-webrtc-native-client/OpenteraWebrtcNativeGStreamer/src/Decoders/Vp9GStreamerVideoDecoders.cpp:18\x1b[m\x1b[K:\n'}
[38.924053] (opentera_webrtc_ros) StderrLine: {'line': b'\x1b[01m\x1b[K/home/ws/ugv_ws/src/ugv_else/opentera-webrtc-ros/opentera_webrtc_ros/opentera-webrtc/opentera-webrtc-native-client/OpenteraWebrtcNativeGStreamer/include/OpenteraWebrtcNativeGStreamer/Utils/GStreamerHelpers.h:\x1b[m\x1b[K In constructor \xe2\x80\x98\x1b[01m\x1b[Kgst::GstRequestPad::GstRequestPad(GstElement*, const gchar*)\x1b[m\x1b[K\xe2\x80\x99:\n'}
[38.924684] (opentera_webrtc_ros) StderrLine: {'line': b"\x1b[01m\x1b[K/home/ws/ugv_ws/src/ugv_else/opentera-webrtc-ros/opentera_webrtc_ros/opentera-webrtc/opentera-webrtc-native-client/OpenteraWebrtcNativeGStreamer/include/OpenteraWebrtcNativeGStreamer/Utils/GStreamerHelpers.h:169:68:\x1b[m\x1b[K \x1b[01;35m\x1b[Kwarning: \x1b[m\x1b[K\xe2\x80\x98\x1b[01m\x1b[KGstPad* gst_element_get_request_pad(GstElement*, const gchar*)\x1b[m\x1b[K\xe2\x80\x99 is deprecated: Use 'gst_element_request_pad_simple' instead [\x1b[01;35m\x1b[K-Wdeprecated-declarations\x1b[m\x1b[K]\n"}
[38.925816] (opentera_webrtc_ros) StderrLine: {'line': b'  169 |               pad_{gst::unique_from_ptr(\x1b[01;35m\x1b[Kgst_element_get_request_pad(element, name)\x1b[m\x1b[K)}\n'}
[38.926498] (opentera_webrtc_ros) StderrLine: {'line': b'      |                                         \x1b[01;35m\x1b[K~~~~~~~~~~~~~~~~~~~~~~~~~~~^~~~~~~~~~~~~~~\x1b[m\x1b[K\n'}
[38.931073] (-) TimerEvent: {}
[38.932297] (opentera_webrtc_ros) StderrLine: {'line': b'In file included from \x1b[01m\x1b[K/usr/include/gstreamer-1.0/gst/gstbin.h:27\x1b[m\x1b[K,\n'}
[38.932907] (opentera_webrtc_ros) StderrLine: {'line': b'                 from \x1b[01m\x1b[K/usr/include/gstreamer-1.0/gst/gst.h:35\x1b[m\x1b[K,\n'}
[38.933297] (opentera_webrtc_ros) StderrLine: {'line': b'                 from \x1b[01m\x1b[K/home/ws/ugv_ws/src/ugv_else/opentera-webrtc-ros/opentera_webrtc_ros/opentera-webrtc/opentera-webrtc-native-client/OpenteraWebrtcNativeGStreamer/include/OpenteraWebrtcNativeGStreamer/Utils/GStreamerHelpers.h:20\x1b[m\x1b[K,\n'}
[38.933684] (opentera_webrtc_ros) StderrLine: {'line': b'                 from \x1b[01m\x1b[K/home/ws/ugv_ws/src/ugv_else/opentera-webrtc-ros/opentera_webrtc_ros/opentera-webrtc/opentera-webrtc-native-client/OpenteraWebrtcNativeGStreamer/include/OpenteraWebrtcNativeGStreamer/Pipeline/GStreamerDecoderPipeline.h:21\x1b[m\x1b[K,\n'}
[38.934061] (opentera_webrtc_ros) StderrLine: {'line': b'                 from \x1b[01m\x1b[K/home/ws/ugv_ws/src/ugv_else/opentera-webrtc-ros/opentera_webrtc_ros/opentera-webrtc/opentera-webrtc-native-client/OpenteraWebrtcNativeGStreamer/include/OpenteraWebrtcNativeGStreamer/Decoders/GStreamerVideoDecoder.h:21\x1b[m\x1b[K,\n'}
[38.934515] (opentera_webrtc_ros) StderrLine: {'line': b'                 from \x1b[01m\x1b[K/home/ws/ugv_ws/src/ugv_else/opentera-webrtc-ros/opentera_webrtc_ros/opentera-webrtc/opentera-webrtc-native-client/OpenteraWebrtcNativeGStreamer/include/OpenteraWebrtcNativeGStreamer/Decoders/Vp9GStreamerVideoDecoders.h:21\x1b[m\x1b[K,\n'}
[38.939193] (opentera_webrtc_ros) StderrLine: {'line': b'                 from \x1b[01m\x1b[K/home/ws/ugv_ws/src/ugv_else/opentera-webrtc-ros/opentera_webrtc_ros/opentera-webrtc/opentera-webrtc-native-client/OpenteraWebrtcNativeGStreamer/src/Decoders/Vp9GStreamerVideoDecoders.cpp:18\x1b[m\x1b[K:\n'}
[38.939942] (opentera_webrtc_ros) StderrLine: {'line': b'\x1b[01m\x1b[K/usr/include/gstreamer-1.0/gst/gstelement.h:1042:25:\x1b[m\x1b[K \x1b[01;36m\x1b[Knote: \x1b[m\x1b[Kdeclared here\n'}
[38.940379] (opentera_webrtc_ros) StderrLine: {'line': b' 1042 | GstPad*                 \x1b[01;36m\x1b[Kgst_element_get_request_pad\x1b[m\x1b[K     (GstElement *element, const gchar *name);\n'}
[38.940758] (opentera_webrtc_ros) StderrLine: {'line': b'      |                         \x1b[01;36m\x1b[K^~~~~~~~~~~~~~~~~~~~~~~~~~~\x1b[m\x1b[K\n'}
[39.035173] (-) TimerEvent: {}
[39.136023] (-) TimerEvent: {}
[39.237447] (-) TimerEvent: {}
[39.343384] (-) TimerEvent: {}
[39.444243] (-) TimerEvent: {}
[39.501018] (opentera_webrtc_ros) StdoutLine: {'line': b'[ 16%] \x1b[32mBuilding CXX object SYSTEM/opentera-webrtc-native-client/3rdParty/IXWebSocket/CMakeFiles/ixwebsocket.dir/ixwebsocket/IXSelectInterruptPipe.cpp.o\x1b[0m\n'}
[39.547154] (-) TimerEvent: {}
[39.648403] (-) TimerEvent: {}
[39.751419] (-) TimerEvent: {}
[39.853052] (-) TimerEvent: {}
[39.955821] (-) TimerEvent: {}
[40.056979] (-) TimerEvent: {}
[40.160517] (-) TimerEvent: {}
[40.263862] (-) TimerEvent: {}
[40.371231] (-) TimerEvent: {}
[40.472765] (-) TimerEvent: {}
[40.574032] (-) TimerEvent: {}
[40.676176] (-) TimerEvent: {}
[40.780225] (-) TimerEvent: {}
[40.883530] (-) TimerEvent: {}
[40.984375] (-) TimerEvent: {}
[41.087673] (-) TimerEvent: {}
[41.188814] (-) TimerEvent: {}
[41.291588] (-) TimerEvent: {}
[41.395789] (-) TimerEvent: {}
[41.503227] (-) TimerEvent: {}
[41.605125] (-) TimerEvent: {}
[41.707024] (-) TimerEvent: {}
[41.815601] (-) TimerEvent: {}
[41.916543] (-) TimerEvent: {}
[41.983653] (opentera_webrtc_ros) StdoutLine: {'line': b'[ 16%] Built target signaling_server-build-requirements-target\n'}
[42.023190] (-) TimerEvent: {}
[42.048085] (opentera_webrtc_ros) StdoutLine: {'line': b'[ 17%] \x1b[32mBuilding CXX object SYSTEM/opentera-webrtc-native-client/3rdParty/IXWebSocket/CMakeFiles/ixwebsocket.dir/ixwebsocket/IXSelectInterruptEvent.cpp.o\x1b[0m\n'}
[42.127336] (-) TimerEvent: {}
[42.229459] (-) TimerEvent: {}
[42.334493] (-) TimerEvent: {}
[42.443538] (-) TimerEvent: {}
[42.546159] (-) TimerEvent: {}
[42.594794] (opentera_webrtc_ros) StdoutLine: {'line': b'[ 17%] \x1b[32mBuilding CXX object SYSTEM/opentera-webrtc-native-client/3rdParty/IXWebSocket/CMakeFiles/ixwebsocket.dir/ixwebsocket/IXSetThreadName.cpp.o\x1b[0m\n'}
[42.646411] (-) TimerEvent: {}
[42.750574] (-) TimerEvent: {}
[42.855881] (-) TimerEvent: {}
[42.957155] (-) TimerEvent: {}
[43.058482] (-) TimerEvent: {}
[43.163828] (-) TimerEvent: {}
[43.265267] (-) TimerEvent: {}
[43.366872] (-) TimerEvent: {}
[43.468239] (-) TimerEvent: {}
[43.575279] (-) TimerEvent: {}
[43.676800] (-) TimerEvent: {}
[43.711786] (opentera_webrtc_ros) StdoutLine: {'line': b'[ 18%] \x1b[32mBuilding CXX object SYSTEM/opentera-webrtc-native-client/3rdParty/IXWebSocket/CMakeFiles/ixwebsocket.dir/ixwebsocket/IXSocket.cpp.o\x1b[0m\n'}
[43.777018] (-) TimerEvent: {}
[43.879560] (-) TimerEvent: {}
[43.983659] (-) TimerEvent: {}
[44.085458] (-) TimerEvent: {}
[44.191561] (-) TimerEvent: {}
[44.293120] (-) TimerEvent: {}
[44.394864] (-) TimerEvent: {}
[44.496628] (-) TimerEvent: {}
[44.599534] (-) TimerEvent: {}
[44.703502] (-) TimerEvent: {}
[44.807510] (-) TimerEvent: {}
[44.908768] (-) TimerEvent: {}
[45.010158] (-) TimerEvent: {}
[45.119290] (-) TimerEvent: {}
[45.220459] (-) TimerEvent: {}
[45.321567] (-) TimerEvent: {}
[45.424694] (-) TimerEvent: {}
[45.527354] (-) TimerEvent: {}
[45.583431] (opentera_webrtc_ros) StdoutLine: {'line': b'[ 19%] \x1b[32mBuilding CXX object SYSTEM/opentera-webrtc-native-client/3rdParty/IXWebSocket/CMakeFiles/ixwebsocket.dir/ixwebsocket/IXSocketConnect.cpp.o\x1b[0m\n'}
[45.627663] (-) TimerEvent: {}
[45.731804] (-) TimerEvent: {}
[45.839310] (-) TimerEvent: {}
[45.900851] (opentera_webrtc_ros) StdoutLine: {'line': b'[ 20%] \x1b[32mBuilding CXX object SYSTEM/opentera-webrtc-native-client/OpenteraWebrtcNativeGStreamer/CMakeFiles/OpenteraWebrtcNativeGStreamer.dir/src/Encoders/GStreamerVideoEncoder.cpp.o\x1b[0m\n'}
[45.939546] (-) TimerEvent: {}
[46.041753] (-) TimerEvent: {}
[46.147207] (-) TimerEvent: {}
[46.248556] (-) TimerEvent: {}
[46.349836] (-) TimerEvent: {}
[46.455672] (-) TimerEvent: {}
[46.557342] (-) TimerEvent: {}
[46.663168] (-) TimerEvent: {}
[46.764571] (-) TimerEvent: {}
[46.866833] (-) TimerEvent: {}
[46.971917] (-) TimerEvent: {}
[47.073173] (-) TimerEvent: {}
[47.175984] (-) TimerEvent: {}
[47.279988] (-) TimerEvent: {}
[47.381322] (-) TimerEvent: {}
[47.477897] (opentera_webrtc_ros) StdoutLine: {'line': b'[ 21%] \x1b[32mBuilding CXX object SYSTEM/opentera-webrtc-native-client/3rdParty/IXWebSocket/CMakeFiles/ixwebsocket.dir/ixwebsocket/IXSocketFactory.cpp.o\x1b[0m\n'}
[47.485502] (-) TimerEvent: {}
[47.587331] (-) TimerEvent: {}
[47.691983] (-) TimerEvent: {}
[47.793501] (-) TimerEvent: {}
[47.895098] (-) TimerEvent: {}
[47.975051] (opentera_webrtc_ros) StderrLine: {'line': b'In file included from \x1b[01m\x1b[K/home/ws/ugv_ws/src/ugv_else/opentera-webrtc-ros/opentera_webrtc_ros/opentera-webrtc/opentera-webrtc-native-client/OpenteraWebrtcNativeGStreamer/include/OpenteraWebrtcNativeGStreamer/Pipeline/GStreamerEncoderPipeline.h:21\x1b[m\x1b[K,\n'}
[47.977556] (opentera_webrtc_ros) StderrLine: {'line': b'                 from \x1b[01m\x1b[K/home/ws/ugv_ws/src/ugv_else/opentera-webrtc-ros/opentera_webrtc_ros/opentera-webrtc/opentera-webrtc-native-client/OpenteraWebrtcNativeGStreamer/include/OpenteraWebrtcNativeGStreamer/Encoders/GStreamerVideoEncoder.h:21\x1b[m\x1b[K,\n'}
[47.979818] (opentera_webrtc_ros) StderrLine: {'line': b'                 from \x1b[01m\x1b[K/home/ws/ugv_ws/src/ugv_else/opentera-webrtc-ros/opentera_webrtc_ros/opentera-webrtc/opentera-webrtc-native-client/OpenteraWebrtcNativeGStreamer/src/Encoders/GStreamerVideoEncoder.cpp:28\x1b[m\x1b[K:\n'}
[47.980566] (opentera_webrtc_ros) StderrLine: {'line': b'\x1b[01m\x1b[K/home/ws/ugv_ws/src/ugv_else/opentera-webrtc-ros/opentera_webrtc_ros/opentera-webrtc/opentera-webrtc-native-client/OpenteraWebrtcNativeGStreamer/include/OpenteraWebrtcNativeGStreamer/Utils/GStreamerHelpers.h:\x1b[m\x1b[K In constructor \xe2\x80\x98\x1b[01m\x1b[Kgst::GstRequestPad::GstRequestPad(GstElement*, const gchar*)\x1b[m\x1b[K\xe2\x80\x99:\n'}
[47.981234] (opentera_webrtc_ros) StderrLine: {'line': b"\x1b[01m\x1b[K/home/ws/ugv_ws/src/ugv_else/opentera-webrtc-ros/opentera_webrtc_ros/opentera-webrtc/opentera-webrtc-native-client/OpenteraWebrtcNativeGStreamer/include/OpenteraWebrtcNativeGStreamer/Utils/GStreamerHelpers.h:169:68:\x1b[m\x1b[K \x1b[01;35m\x1b[Kwarning: \x1b[m\x1b[K\xe2\x80\x98\x1b[01m\x1b[KGstPad* gst_element_get_request_pad(GstElement*, const gchar*)\x1b[m\x1b[K\xe2\x80\x99 is deprecated: Use 'gst_element_request_pad_simple' instead [\x1b[01;35m\x1b[K-Wdeprecated-declarations\x1b[m\x1b[K]\n"}
[47.981929] (opentera_webrtc_ros) StderrLine: {'line': b'  169 |               pad_{gst::unique_from_ptr(\x1b[01;35m\x1b[Kgst_element_get_request_pad(element, name)\x1b[m\x1b[K)}\n'}
[47.982693] (opentera_webrtc_ros) StderrLine: {'line': b'      |                                         \x1b[01;35m\x1b[K~~~~~~~~~~~~~~~~~~~~~~~~~~~^~~~~~~~~~~~~~~\x1b[m\x1b[K\n'}
[47.992979] (opentera_webrtc_ros) StderrLine: {'line': b'In file included from \x1b[01m\x1b[K/usr/include/gstreamer-1.0/gst/gstbin.h:27\x1b[m\x1b[K,\n'}
[47.995750] (-) TimerEvent: {}
[47.999760] (opentera_webrtc_ros) StderrLine: {'line': b'                 from \x1b[01m\x1b[K/usr/include/gstreamer-1.0/gst/gst.h:35\x1b[m\x1b[K,\n'}
[48.002412] (opentera_webrtc_ros) StderrLine: {'line': b'                 from \x1b[01m\x1b[K/home/ws/ugv_ws/src/ugv_else/opentera-webrtc-ros/opentera_webrtc_ros/opentera-webrtc/opentera-webrtc-native-client/OpenteraWebrtcNativeGStreamer/include/OpenteraWebrtcNativeGStreamer/Utils/GStreamerHelpers.h:20\x1b[m\x1b[K,\n'}
[48.007998] (opentera_webrtc_ros) StderrLine: {'line': b'                 from \x1b[01m\x1b[K/home/ws/ugv_ws/src/ugv_else/opentera-webrtc-ros/opentera_webrtc_ros/opentera-webrtc/opentera-webrtc-native-client/OpenteraWebrtcNativeGStreamer/include/OpenteraWebrtcNativeGStreamer/Pipeline/GStreamerEncoderPipeline.h:21\x1b[m\x1b[K,\n'}
[48.010570] (opentera_webrtc_ros) StderrLine: {'line': b'                 from \x1b[01m\x1b[K/home/ws/ugv_ws/src/ugv_else/opentera-webrtc-ros/opentera_webrtc_ros/opentera-webrtc/opentera-webrtc-native-client/OpenteraWebrtcNativeGStreamer/include/OpenteraWebrtcNativeGStreamer/Encoders/GStreamerVideoEncoder.h:21\x1b[m\x1b[K,\n'}
[48.019361] (opentera_webrtc_ros) StderrLine: {'line': b'                 from \x1b[01m\x1b[K/home/ws/ugv_ws/src/ugv_else/opentera-webrtc-ros/opentera_webrtc_ros/opentera-webrtc/opentera-webrtc-native-client/OpenteraWebrtcNativeGStreamer/src/Encoders/GStreamerVideoEncoder.cpp:28\x1b[m\x1b[K:\n'}
[48.022166] (opentera_webrtc_ros) StderrLine: {'line': b'\x1b[01m\x1b[K/usr/include/gstreamer-1.0/gst/gstelement.h:1042:25:\x1b[m\x1b[K \x1b[01;36m\x1b[Knote: \x1b[m\x1b[Kdeclared here\n'}
[48.024790] (opentera_webrtc_ros) StderrLine: {'line': b' 1042 | GstPad*                 \x1b[01;36m\x1b[Kgst_element_get_request_pad\x1b[m\x1b[K     (GstElement *element, const gchar *name);\n'}
[48.027493] (opentera_webrtc_ros) StderrLine: {'line': b'      |                         \x1b[01;36m\x1b[K^~~~~~~~~~~~~~~~~~~~~~~~~~~\x1b[m\x1b[K\n'}
[48.095969] (-) TimerEvent: {}
[48.199181] (-) TimerEvent: {}
[48.300667] (-) TimerEvent: {}
[48.403535] (-) TimerEvent: {}
[48.507540] (-) TimerEvent: {}
[48.608989] (-) TimerEvent: {}
[48.710285] (-) TimerEvent: {}
[48.815663] (-) TimerEvent: {}
[48.917027] (-) TimerEvent: {}
[49.018537] (-) TimerEvent: {}
[49.123506] (-) TimerEvent: {}
[49.225442] (-) TimerEvent: {}
[49.272139] (opentera_webrtc_ros) StdoutLine: {'line': b'[ 21%] \x1b[32mBuilding CXX object SYSTEM/opentera-webrtc-native-client/3rdParty/IXWebSocket/CMakeFiles/ixwebsocket.dir/ixwebsocket/IXSocketServer.cpp.o\x1b[0m\n'}
[49.325690] (-) TimerEvent: {}
[49.429273] (-) TimerEvent: {}
[49.530751] (-) TimerEvent: {}
[49.636435] (-) TimerEvent: {}
[49.737854] (-) TimerEvent: {}
[49.839258] (-) TimerEvent: {}
[49.944038] (-) TimerEvent: {}
[50.051167] (-) TimerEvent: {}
[50.152541] (-) TimerEvent: {}
[50.254143] (-) TimerEvent: {}
[50.355547] (-) TimerEvent: {}
[50.459562] (-) TimerEvent: {}
[50.560882] (-) TimerEvent: {}
[50.662519] (-) TimerEvent: {}
[50.768090] (-) TimerEvent: {}
[50.869466] (-) TimerEvent: {}
[50.971038] (-) TimerEvent: {}
[51.075403] (-) TimerEvent: {}
[51.176766] (-) TimerEvent: {}
[51.278273] (-) TimerEvent: {}
[51.383988] (-) TimerEvent: {}
[51.485397] (-) TimerEvent: {}
[51.570122] (opentera_webrtc_ros) StdoutLine: {'line': b'[ 22%] \x1b[34m\x1b[1mGenerating cmake/pip_utils/signaling_server-run-requirements-req.stamp\x1b[0m\n'}
[51.591167] (-) TimerEvent: {}
[51.692248] (-) TimerEvent: {}
[51.794021] (-) TimerEvent: {}
[51.894886] (-) TimerEvent: {}
[51.995835] (-) TimerEvent: {}
[52.096733] (-) TimerEvent: {}
[52.203159] (-) TimerEvent: {}
[52.304109] (-) TimerEvent: {}
[52.405055] (-) TimerEvent: {}
[52.506030] (-) TimerEvent: {}
[52.606944] (-) TimerEvent: {}
[52.707849] (-) TimerEvent: {}
[52.811437] (-) TimerEvent: {}
[52.912719] (-) TimerEvent: {}
[53.013637] (-) TimerEvent: {}
[53.115476] (-) TimerEvent: {}
[53.219527] (-) TimerEvent: {}
[53.320412] (-) TimerEvent: {}
[53.421312] (-) TimerEvent: {}
[53.523449] (-) TimerEvent: {}
[53.627191] (-) TimerEvent: {}
[53.728282] (-) TimerEvent: {}
[53.829573] (-) TimerEvent: {}
[53.935495] (-) TimerEvent: {}
[54.036419] (-) TimerEvent: {}
[54.138009] (-) TimerEvent: {}
[54.240091] (-) TimerEvent: {}
[54.343447] (-) TimerEvent: {}
[54.444683] (-) TimerEvent: {}
[54.551133] (-) TimerEvent: {}
[54.653331] (-) TimerEvent: {}
[54.755278] (-) TimerEvent: {}
[54.800394] (opentera_webrtc_ros) StdoutLine: {'line': b'[ 23%] \x1b[32mBuilding CXX object SYSTEM/opentera-webrtc-native-client/3rdParty/IXWebSocket/CMakeFiles/ixwebsocket.dir/ixwebsocket/IXSocketTLSOptions.cpp.o\x1b[0m\n'}
[54.855491] (-) TimerEvent: {}
[54.956761] (-) TimerEvent: {}
[55.059475] (-) TimerEvent: {}
[55.160408] (-) TimerEvent: {}
[55.263459] (-) TimerEvent: {}
[55.364525] (-) TimerEvent: {}
[55.467473] (-) TimerEvent: {}
[55.568295] (-) TimerEvent: {}
[55.584890] (opentera_webrtc_ros) StdoutLine: {'line': b'[ 25%] \x1b[32mBuilding CXX object SYSTEM/opentera-webrtc-native-client/OpenteraWebrtcNativeGStreamer/CMakeFiles/OpenteraWebrtcNativeGStreamer.dir/src/Encoders/H264GStreamerVideoEncoders.cpp.o\x1b[0m\n'}
[55.671177] (-) TimerEvent: {}
[55.772085] (-) TimerEvent: {}
[55.875447] (-) TimerEvent: {}
[55.977135] (-) TimerEvent: {}
[56.079617] (-) TimerEvent: {}
[56.183441] (-) TimerEvent: {}
[56.284907] (-) TimerEvent: {}
[56.391219] (-) TimerEvent: {}
[56.493236] (-) TimerEvent: {}
[56.547600] (opentera_webrtc_ros) StdoutLine: {'line': b'[ 26%] \x1b[32mBuilding CXX object SYSTEM/opentera-webrtc-native-client/3rdParty/IXWebSocket/CMakeFiles/ixwebsocket.dir/ixwebsocket/IXStrCaseCompare.cpp.o\x1b[0m\n'}
[56.593439] (-) TimerEvent: {}
[56.695145] (-) TimerEvent: {}
[56.799358] (-) TimerEvent: {}
[56.901125] (-) TimerEvent: {}
[57.003392] (-) TimerEvent: {}
[57.107455] (-) TimerEvent: {}
[57.208679] (-) TimerEvent: {}
[57.311923] (-) TimerEvent: {}
[57.368303] (opentera_webrtc_ros) StderrLine: {'line': b'In file included from \x1b[01m\x1b[K/home/ws/ugv_ws/src/ugv_else/opentera-webrtc-ros/opentera_webrtc_ros/opentera-webrtc/opentera-webrtc-native-client/OpenteraWebrtcNativeGStreamer/include/OpenteraWebrtcNativeGStreamer/Pipeline/GStreamerEncoderPipeline.h:21\x1b[m\x1b[K,\n'}
[57.370770] (opentera_webrtc_ros) StderrLine: {'line': b'                 from \x1b[01m\x1b[K/home/ws/ugv_ws/src/ugv_else/opentera-webrtc-ros/opentera_webrtc_ros/opentera-webrtc/opentera-webrtc-native-client/OpenteraWebrtcNativeGStreamer/include/OpenteraWebrtcNativeGStreamer/Encoders/GStreamerVideoEncoder.h:21\x1b[m\x1b[K,\n'}
[57.376833] (opentera_webrtc_ros) StderrLine: {'line': b'                 from \x1b[01m\x1b[K/home/ws/ugv_ws/src/ugv_else/opentera-webrtc-ros/opentera_webrtc_ros/opentera-webrtc/opentera-webrtc-native-client/OpenteraWebrtcNativeGStreamer/include/OpenteraWebrtcNativeGStreamer/Encoders/H264GStreamerVideoEncoders.h:21\x1b[m\x1b[K,\n'}
[57.379078] (opentera_webrtc_ros) StderrLine: {'line': b'                 from \x1b[01m\x1b[K/home/ws/ugv_ws/src/ugv_else/opentera-webrtc-ros/opentera_webrtc_ros/opentera-webrtc/opentera-webrtc-native-client/OpenteraWebrtcNativeGStreamer/src/Encoders/H264GStreamerVideoEncoders.cpp:24\x1b[m\x1b[K:\n'}
[57.381478] (opentera_webrtc_ros) StderrLine: {'line': b'\x1b[01m\x1b[K/home/ws/ugv_ws/src/ugv_else/opentera-webrtc-ros/opentera_webrtc_ros/opentera-webrtc/opentera-webrtc-native-client/OpenteraWebrtcNativeGStreamer/include/OpenteraWebrtcNativeGStreamer/Utils/GStreamerHelpers.h:\x1b[m\x1b[K In constructor \xe2\x80\x98\x1b[01m\x1b[Kgst::GstRequestPad::GstRequestPad(GstElement*, const gchar*)\x1b[m\x1b[K\xe2\x80\x99:\n'}
[57.387248] (opentera_webrtc_ros) StderrLine: {'line': b"\x1b[01m\x1b[K/home/ws/ugv_ws/src/ugv_else/opentera-webrtc-ros/opentera_webrtc_ros/opentera-webrtc/opentera-webrtc-native-client/OpenteraWebrtcNativeGStreamer/include/OpenteraWebrtcNativeGStreamer/Utils/GStreamerHelpers.h:169:68:\x1b[m\x1b[K \x1b[01;35m\x1b[Kwarning: \x1b[m\x1b[K\xe2\x80\x98\x1b[01m\x1b[KGstPad* gst_element_get_request_pad(GstElement*, const gchar*)\x1b[m\x1b[K\xe2\x80\x99 is deprecated: Use 'gst_element_request_pad_simple' instead [\x1b[01;35m\x1b[K-Wdeprecated-declarations\x1b[m\x1b[K]\n"}
[57.389667] (opentera_webrtc_ros) StderrLine: {'line': b'  169 |               pad_{gst::unique_from_ptr(\x1b[01;35m\x1b[Kgst_element_get_request_pad(element, name)\x1b[m\x1b[K)}\n'}
[57.391970] (opentera_webrtc_ros) StderrLine: {'line': b'      |                                         \x1b[01;35m\x1b[K~~~~~~~~~~~~~~~~~~~~~~~~~~~^~~~~~~~~~~~~~~\x1b[m\x1b[K\n'}
[57.393995] (opentera_webrtc_ros) StderrLine: {'line': b'In file included from \x1b[01m\x1b[K/usr/include/gstreamer-1.0/gst/gstbin.h:27\x1b[m\x1b[K,\n'}
[57.395998] (opentera_webrtc_ros) StderrLine: {'line': b'                 from \x1b[01m\x1b[K/usr/include/gstreamer-1.0/gst/gst.h:35\x1b[m\x1b[K,\n'}
[57.397847] (opentera_webrtc_ros) StderrLine: {'line': b'                 from \x1b[01m\x1b[K/home/ws/ugv_ws/src/ugv_else/opentera-webrtc-ros/opentera_webrtc_ros/opentera-webrtc/opentera-webrtc-native-client/OpenteraWebrtcNativeGStreamer/include/OpenteraWebrtcNativeGStreamer/Utils/GStreamerHelpers.h:20\x1b[m\x1b[K,\n'}
[57.399921] (opentera_webrtc_ros) StderrLine: {'line': b'                 from \x1b[01m\x1b[K/home/ws/ugv_ws/src/ugv_else/opentera-webrtc-ros/opentera_webrtc_ros/opentera-webrtc/opentera-webrtc-native-client/OpenteraWebrtcNativeGStreamer/include/OpenteraWebrtcNativeGStreamer/Pipeline/GStreamerEncoderPipeline.h:21\x1b[m\x1b[K,\n'}
[57.402012] (opentera_webrtc_ros) StderrLine: {'line': b'                 from \x1b[01m\x1b[K/home/ws/ugv_ws/src/ugv_else/opentera-webrtc-ros/opentera_webrtc_ros/opentera-webrtc/opentera-webrtc-native-client/OpenteraWebrtcNativeGStreamer/include/OpenteraWebrtcNativeGStreamer/Encoders/GStreamerVideoEncoder.h:21\x1b[m\x1b[K,\n'}
[57.404293] (opentera_webrtc_ros) StderrLine: {'line': b'                 from \x1b[01m\x1b[K/home/ws/ugv_ws/src/ugv_else/opentera-webrtc-ros/opentera_webrtc_ros/opentera-webrtc/opentera-webrtc-native-client/OpenteraWebrtcNativeGStreamer/include/OpenteraWebrtcNativeGStreamer/Encoders/H264GStreamerVideoEncoders.h:21\x1b[m\x1b[K,\n'}
[57.406238] (opentera_webrtc_ros) StderrLine: {'line': b'                 from \x1b[01m\x1b[K/home/ws/ugv_ws/src/ugv_else/opentera-webrtc-ros/opentera_webrtc_ros/opentera-webrtc/opentera-webrtc-native-client/OpenteraWebrtcNativeGStreamer/src/Encoders/H264GStreamerVideoEncoders.cpp:24\x1b[m\x1b[K:\n'}
[57.408217] (opentera_webrtc_ros) StderrLine: {'line': b'\x1b[01m\x1b[K/usr/include/gstreamer-1.0/gst/gstelement.h:1042:25:\x1b[m\x1b[K \x1b[01;36m\x1b[Knote: \x1b[m\x1b[Kdeclared here\n'}
[57.410338] (opentera_webrtc_ros) StderrLine: {'line': b' 1042 | GstPad*                 \x1b[01;36m\x1b[Kgst_element_get_request_pad\x1b[m\x1b[K     (GstElement *element, const gchar *name);\n'}
[57.412274] (-) TimerEvent: {}
[57.413640] (opentera_webrtc_ros) StderrLine: {'line': b'      |                         \x1b[01;36m\x1b[K^~~~~~~~~~~~~~~~~~~~~~~~~~~\x1b[m\x1b[K\n'}
[57.512463] (-) TimerEvent: {}
[57.613531] (-) TimerEvent: {}
[57.719970] (-) TimerEvent: {}
[57.821273] (-) TimerEvent: {}
[57.922452] (-) TimerEvent: {}
[58.024294] (-) TimerEvent: {}
[58.131486] (-) TimerEvent: {}
[58.233582] (-) TimerEvent: {}
[58.335683] (-) TimerEvent: {}
[58.439975] (-) TimerEvent: {}
[58.547471] (-) TimerEvent: {}
[58.649106] (-) TimerEvent: {}
[58.751099] (-) TimerEvent: {}
[58.855137] (-) TimerEvent: {}
[58.956352] (-) TimerEvent: {}
[59.063152] (-) TimerEvent: {}
[59.162052] (opentera_webrtc_ros) StdoutLine: {'line': b'[ 26%] \x1b[32mBuilding CXX object SYSTEM/opentera-webrtc-native-client/3rdParty/IXWebSocket/CMakeFiles/ixwebsocket.dir/ixwebsocket/IXUdpSocket.cpp.o\x1b[0m\n'}
[59.164630] (-) TimerEvent: {}
[59.266460] (-) TimerEvent: {}
[59.371734] (-) TimerEvent: {}
[59.472905] (-) TimerEvent: {}
[59.574707] (-) TimerEvent: {}
[59.679148] (-) TimerEvent: {}
[59.780498] (-) TimerEvent: {}
[59.887556] (-) TimerEvent: {}
[59.989680] (-) TimerEvent: {}
[60.091910] (-) TimerEvent: {}
[60.195382] (-) TimerEvent: {}
[60.299484] (-) TimerEvent: {}
[60.403192] (-) TimerEvent: {}
[60.504726] (-) TimerEvent: {}
[60.607823] (-) TimerEvent: {}
[60.715175] (-) TimerEvent: {}
[60.816686] (-) TimerEvent: {}
[60.918047] (-) TimerEvent: {}
[61.019344] (-) TimerEvent: {}
[61.120320] (-) TimerEvent: {}
[61.221366] (-) TimerEvent: {}
[61.322619] (-) TimerEvent: {}
[61.427543] (-) TimerEvent: {}
[61.528813] (-) TimerEvent: {}
[61.630211] (-) TimerEvent: {}
[61.637147] (opentera_webrtc_ros) StdoutLine: {'line': b'[ 27%] \x1b[32mBuilding CXX object SYSTEM/opentera-webrtc-native-client/3rdParty/IXWebSocket/CMakeFiles/ixwebsocket.dir/ixwebsocket/IXUrlParser.cpp.o\x1b[0m\n'}
[61.730435] (-) TimerEvent: {}
[61.832648] (-) TimerEvent: {}
[61.935475] (-) TimerEvent: {}
[62.036713] (-) TimerEvent: {}
[62.139469] (-) TimerEvent: {}
[62.243463] (-) TimerEvent: {}
[62.344341] (-) TimerEvent: {}
[62.447906] (-) TimerEvent: {}
[62.551478] (-) TimerEvent: {}
[62.653391] (-) TimerEvent: {}
[62.759221] (-) TimerEvent: {}
[62.861537] (-) TimerEvent: {}
[62.962872] (-) TimerEvent: {}
[63.067946] (-) TimerEvent: {}
[63.169625] (-) TimerEvent: {}
[63.276054] (-) TimerEvent: {}
[63.378268] (-) TimerEvent: {}
[63.483640] (-) TimerEvent: {}
[63.587197] (-) TimerEvent: {}
[63.691510] (-) TimerEvent: {}
[63.793726] (-) TimerEvent: {}
[63.899453] (-) TimerEvent: {}
[64.001742] (-) TimerEvent: {}
[64.058054] (opentera_webrtc_ros) StdoutLine: {'line': b'[ 28%] \x1b[32mBuilding CXX object SYSTEM/opentera-webrtc-native-client/3rdParty/IXWebSocket/CMakeFiles/ixwebsocket.dir/ixwebsocket/IXUuid.cpp.o\x1b[0m\n'}
[64.107404] (-) TimerEvent: {}
[64.208333] (-) TimerEvent: {}
[64.309252] (-) TimerEvent: {}
[64.410427] (-) TimerEvent: {}
[64.511369] (-) TimerEvent: {}
[64.618134] (-) TimerEvent: {}
[64.719626] (-) TimerEvent: {}
[64.825154] (-) TimerEvent: {}
[64.927978] (-) TimerEvent: {}
[65.031983] (-) TimerEvent: {}
[65.091224] (opentera_webrtc_ros) StdoutLine: {'line': b'[ 29%] \x1b[32mBuilding CXX object SYSTEM/opentera-webrtc-native-client/OpenteraWebrtcNativeGStreamer/CMakeFiles/OpenteraWebrtcNativeGStreamer.dir/src/Encoders/Vp8GStreamerVideoEncoders.cpp.o\x1b[0m\n'}
[65.135266] (-) TimerEvent: {}
[65.236861] (-) TimerEvent: {}
[65.371272] (-) TimerEvent: {}
[65.472587] (-) TimerEvent: {}
[65.574051] (-) TimerEvent: {}
[65.679350] (-) TimerEvent: {}
[65.780986] (-) TimerEvent: {}
[65.883169] (-) TimerEvent: {}
[65.984273] (-) TimerEvent: {}
[66.091301] (-) TimerEvent: {}
[66.192960] (-) TimerEvent: {}
[66.299228] (-) TimerEvent: {}
[66.400660] (-) TimerEvent: {}
[66.502022] (-) TimerEvent: {}
[66.606673] (-) TimerEvent: {}
[66.711253] (-) TimerEvent: {}
[66.812558] (-) TimerEvent: {}
[66.919245] (-) TimerEvent: {}
[67.020789] (-) TimerEvent: {}
[67.122138] (-) TimerEvent: {}
[67.134039] (opentera_webrtc_ros) StderrLine: {'line': b'In file included from \x1b[01m\x1b[K/home/ws/ugv_ws/src/ugv_else/opentera-webrtc-ros/opentera_webrtc_ros/opentera-webrtc/opentera-webrtc-native-client/OpenteraWebrtcNativeGStreamer/include/OpenteraWebrtcNativeGStreamer/Pipeline/GStreamerEncoderPipeline.h:21\x1b[m\x1b[K,\n'}
[67.136564] (opentera_webrtc_ros) StderrLine: {'line': b'                 from \x1b[01m\x1b[K/home/ws/ugv_ws/src/ugv_else/opentera-webrtc-ros/opentera_webrtc_ros/opentera-webrtc/opentera-webrtc-native-client/OpenteraWebrtcNativeGStreamer/include/OpenteraWebrtcNativeGStreamer/Encoders/GStreamerVideoEncoder.h:21\x1b[m\x1b[K,\n'}
[67.138755] (opentera_webrtc_ros) StderrLine: {'line': b'                 from \x1b[01m\x1b[K/home/ws/ugv_ws/src/ugv_else/opentera-webrtc-ros/opentera_webrtc_ros/opentera-webrtc/opentera-webrtc-native-client/OpenteraWebrtcNativeGStreamer/include/OpenteraWebrtcNativeGStreamer/Encoders/Vp8GStreamerVideoEncoders.h:21\x1b[m\x1b[K,\n'}
[67.142667] (opentera_webrtc_ros) StderrLine: {'line': b'                 from \x1b[01m\x1b[K/home/ws/ugv_ws/src/ugv_else/opentera-webrtc-ros/opentera_webrtc_ros/opentera-webrtc/opentera-webrtc-native-client/OpenteraWebrtcNativeGStreamer/src/Encoders/Vp8GStreamerVideoEncoders.cpp:24\x1b[m\x1b[K:\n'}
[67.143360] (opentera_webrtc_ros) StderrLine: {'line': b'\x1b[01m\x1b[K/home/ws/ugv_ws/src/ugv_else/opentera-webrtc-ros/opentera_webrtc_ros/opentera-webrtc/opentera-webrtc-native-client/OpenteraWebrtcNativeGStreamer/include/OpenteraWebrtcNativeGStreamer/Utils/GStreamerHelpers.h:\x1b[m\x1b[K In constructor \xe2\x80\x98\x1b[01m\x1b[Kgst::GstRequestPad::GstRequestPad(GstElement*, const gchar*)\x1b[m\x1b[K\xe2\x80\x99:\n'}
[67.143989] (opentera_webrtc_ros) StderrLine: {'line': b"\x1b[01m\x1b[K/home/ws/ugv_ws/src/ugv_else/opentera-webrtc-ros/opentera_webrtc_ros/opentera-webrtc/opentera-webrtc-native-client/OpenteraWebrtcNativeGStreamer/include/OpenteraWebrtcNativeGStreamer/Utils/GStreamerHelpers.h:169:68:\x1b[m\x1b[K \x1b[01;35m\x1b[Kwarning: \x1b[m\x1b[K\xe2\x80\x98\x1b[01m\x1b[KGstPad* gst_element_get_request_pad(GstElement*, const gchar*)\x1b[m\x1b[K\xe2\x80\x99 is deprecated: Use 'gst_element_request_pad_simple' instead [\x1b[01;35m\x1b[K-Wdeprecated-declarations\x1b[m\x1b[K]\n"}
[67.144532] (opentera_webrtc_ros) StderrLine: {'line': b'  169 |               pad_{gst::unique_from_ptr(\x1b[01;35m\x1b[Kgst_element_get_request_pad(element, name)\x1b[m\x1b[K)}\n'}
[67.145248] (opentera_webrtc_ros) StderrLine: {'line': b'      |                                         \x1b[01;35m\x1b[K~~~~~~~~~~~~~~~~~~~~~~~~~~~^~~~~~~~~~~~~~~\x1b[m\x1b[K\n'}
[67.154837] (opentera_webrtc_ros) StderrLine: {'line': b'In file included from \x1b[01m\x1b[K/usr/include/gstreamer-1.0/gst/gstbin.h:27\x1b[m\x1b[K,\n'}
[67.155738] (opentera_webrtc_ros) StderrLine: {'line': b'                 from \x1b[01m\x1b[K/usr/include/gstreamer-1.0/gst/gst.h:35\x1b[m\x1b[K,\n'}
[67.156298] (opentera_webrtc_ros) StderrLine: {'line': b'                 from \x1b[01m\x1b[K/home/ws/ugv_ws/src/ugv_else/opentera-webrtc-ros/opentera_webrtc_ros/opentera-webrtc/opentera-webrtc-native-client/OpenteraWebrtcNativeGStreamer/include/OpenteraWebrtcNativeGStreamer/Utils/GStreamerHelpers.h:20\x1b[m\x1b[K,\n'}
[67.156831] (opentera_webrtc_ros) StderrLine: {'line': b'                 from \x1b[01m\x1b[K/home/ws/ugv_ws/src/ugv_else/opentera-webrtc-ros/opentera_webrtc_ros/opentera-webrtc/opentera-webrtc-native-client/OpenteraWebrtcNativeGStreamer/include/OpenteraWebrtcNativeGStreamer/Pipeline/GStreamerEncoderPipeline.h:21\x1b[m\x1b[K,\n'}
[67.157480] (opentera_webrtc_ros) StderrLine: {'line': b'                 from \x1b[01m\x1b[K/home/ws/ugv_ws/src/ugv_else/opentera-webrtc-ros/opentera_webrtc_ros/opentera-webrtc/opentera-webrtc-native-client/OpenteraWebrtcNativeGStreamer/include/OpenteraWebrtcNativeGStreamer/Encoders/GStreamerVideoEncoder.h:21\x1b[m\x1b[K,\n'}
[67.158258] (opentera_webrtc_ros) StderrLine: {'line': b'                 from \x1b[01m\x1b[K/home/ws/ugv_ws/src/ugv_else/opentera-webrtc-ros/opentera_webrtc_ros/opentera-webrtc/opentera-webrtc-native-client/OpenteraWebrtcNativeGStreamer/include/OpenteraWebrtcNativeGStreamer/Encoders/Vp8GStreamerVideoEncoders.h:21\x1b[m\x1b[K,\n'}
[67.158863] (opentera_webrtc_ros) StderrLine: {'line': b'                 from \x1b[01m\x1b[K/home/ws/ugv_ws/src/ugv_else/opentera-webrtc-ros/opentera_webrtc_ros/opentera-webrtc/opentera-webrtc-native-client/OpenteraWebrtcNativeGStreamer/src/Encoders/Vp8GStreamerVideoEncoders.cpp:24\x1b[m\x1b[K:\n'}
[67.168929] (opentera_webrtc_ros) StderrLine: {'line': b'\x1b[01m\x1b[K/usr/include/gstreamer-1.0/gst/gstelement.h:1042:25:\x1b[m\x1b[K \x1b[01;36m\x1b[Knote: \x1b[m\x1b[Kdeclared here\n'}
[67.175923] (opentera_webrtc_ros) StderrLine: {'line': b' 1042 | GstPad*                 \x1b[01;36m\x1b[Kgst_element_get_request_pad\x1b[m\x1b[K     (GstElement *element, const gchar *name);\n'}
[67.178051] (opentera_webrtc_ros) StderrLine: {'line': b'      |                         \x1b[01;36m\x1b[K^~~~~~~~~~~~~~~~~~~~~~~~~~~\x1b[m\x1b[K\n'}
[67.222441] (-) TimerEvent: {}
[67.327214] (-) TimerEvent: {}
[67.428455] (-) TimerEvent: {}
[67.530076] (-) TimerEvent: {}
[67.635965] (-) TimerEvent: {}
[67.691393] (opentera_webrtc_ros) StdoutLine: {'line': b'[ 30%] \x1b[32mBuilding CXX object SYSTEM/opentera-webrtc-native-client/3rdParty/IXWebSocket/CMakeFiles/ixwebsocket.dir/ixwebsocket/IXUserAgent.cpp.o\x1b[0m\n'}
[67.736225] (-) TimerEvent: {}
[67.840341] (-) TimerEvent: {}
[67.947087] (-) TimerEvent: {}
[68.048437] (-) TimerEvent: {}
[68.150005] (-) TimerEvent: {}
[68.252168] (-) TimerEvent: {}
[68.355984] (-) TimerEvent: {}
[68.456867] (-) TimerEvent: {}
[68.559546] (-) TimerEvent: {}
[68.660383] (-) TimerEvent: {}
[68.763694] (-) TimerEvent: {}
[68.864802] (-) TimerEvent: {}
[68.965660] (-) TimerEvent: {}
[69.070117] (-) TimerEvent: {}
[69.171136] (-) TimerEvent: {}
[69.275212] (-) TimerEvent: {}
[69.376149] (-) TimerEvent: {}
[69.477086] (-) TimerEvent: {}
[69.578156] (-) TimerEvent: {}
[69.683219] (-) TimerEvent: {}
[69.784101] (-) TimerEvent: {}
[69.884980] (-) TimerEvent: {}
[69.995262] (-) TimerEvent: {}
[70.099308] (opentera_webrtc_ros) StdoutLine: {'line': b'[ 30%] \x1b[32mBuilding CXX object SYSTEM/opentera-webrtc-native-client/3rdParty/IXWebSocket/CMakeFiles/ixwebsocket.dir/ixwebsocket/IXWebSocket.cpp.o\x1b[0m\n'}
[70.100167] (-) TimerEvent: {}
[70.203264] (-) TimerEvent: {}
[70.304219] (-) TimerEvent: {}
[70.411266] (-) TimerEvent: {}
[70.527185] (-) TimerEvent: {}
[70.628599] (-) TimerEvent: {}
[70.730054] (-) TimerEvent: {}
[70.835579] (-) TimerEvent: {}
[70.936632] (-) TimerEvent: {}
[71.037641] (-) TimerEvent: {}
[71.143829] (-) TimerEvent: {}
[71.244914] (-) TimerEvent: {}
[71.346672] (-) TimerEvent: {}
[71.451233] (-) TimerEvent: {}
[71.552251] (-) TimerEvent: {}
[71.656339] (-) TimerEvent: {}
[71.759191] (-) TimerEvent: {}
[71.863543] (-) TimerEvent: {}
[71.964602] (-) TimerEvent: {}
[72.067950] (-) TimerEvent: {}
[72.172421] (-) TimerEvent: {}
[72.273812] (-) TimerEvent: {}
[72.379211] (-) TimerEvent: {}
[72.480468] (-) TimerEvent: {}
[72.581860] (-) TimerEvent: {}
[72.619354] (opentera_webrtc_ros) StdoutLine: {'line': b'[ 30%] Built target signaling_server-run-requirements-target\n'}
[72.671274] (opentera_webrtc_ros) StdoutLine: {'line': b'[ 31%] \x1b[32mBuilding CXX object SYSTEM/opentera-webrtc-native-client/3rdParty/IXWebSocket/CMakeFiles/ixwebsocket.dir/ixwebsocket/IXWebSocketCloseConstants.cpp.o\x1b[0m\n'}
[72.682101] (-) TimerEvent: {}
[72.783732] (-) TimerEvent: {}
[72.887571] (-) TimerEvent: {}
[72.988515] (-) TimerEvent: {}
[73.091566] (-) TimerEvent: {}
[73.192551] (-) TimerEvent: {}
[73.294615] (-) TimerEvent: {}
[73.399619] (-) TimerEvent: {}
[73.500739] (-) TimerEvent: {}
[73.601692] (-) TimerEvent: {}
[73.702614] (-) TimerEvent: {}
[73.807672] (-) TimerEvent: {}
[73.908707] (-) TimerEvent: {}
[73.924763] (opentera_webrtc_ros) StdoutLine: {'line': b'[ 32%] \x1b[32mBuilding CXX object SYSTEM/opentera-webrtc-native-client/3rdParty/IXWebSocket/CMakeFiles/ixwebsocket.dir/ixwebsocket/IXWebSocketHandshake.cpp.o\x1b[0m\n'}
[74.011202] (-) TimerEvent: {}
[74.112128] (-) TimerEvent: {}
[74.219131] (-) TimerEvent: {}
[74.320074] (-) TimerEvent: {}
[74.420901] (-) TimerEvent: {}
[74.522635] (-) TimerEvent: {}
[74.625447] (-) TimerEvent: {}
[74.727626] (-) TimerEvent: {}
[74.832027] (-) TimerEvent: {}
[74.890417] (opentera_webrtc_ros) StdoutLine: {'line': b'[ 32%] \x1b[32mBuilding CXX object SYSTEM/opentera-webrtc-native-client/OpenteraWebrtcNativeGStreamer/CMakeFiles/OpenteraWebrtcNativeGStreamer.dir/src/Encoders/Vp9GStreamerVideoEncoders.cpp.o\x1b[0m\n'}
[74.932268] (-) TimerEvent: {}
[75.035638] (-) TimerEvent: {}
[75.139300] (-) TimerEvent: {}
[75.240692] (-) TimerEvent: {}
[75.343397] (-) TimerEvent: {}
[75.448275] (-) TimerEvent: {}
[75.555663] (-) TimerEvent: {}
[75.657553] (-) TimerEvent: {}
[75.760286] (-) TimerEvent: {}
[75.863534] (-) TimerEvent: {}
[75.967602] (-) TimerEvent: {}
[76.069192] (-) TimerEvent: {}
[76.175202] (-) TimerEvent: {}
[76.276195] (-) TimerEvent: {}
[76.377932] (-) TimerEvent: {}
[76.483578] (-) TimerEvent: {}
[76.584618] (-) TimerEvent: {}
[76.685786] (-) TimerEvent: {}
[76.786923] (-) TimerEvent: {}
[76.955981] (-) TimerEvent: {}
[77.048379] (opentera_webrtc_ros) StderrLine: {'line': b'In file included from \x1b[01m\x1b[K/home/ws/ugv_ws/src/ugv_else/opentera-webrtc-ros/opentera_webrtc_ros/opentera-webrtc/opentera-webrtc-native-client/OpenteraWebrtcNativeGStreamer/include/OpenteraWebrtcNativeGStreamer/Pipeline/GStreamerEncoderPipeline.h:21\x1b[m\x1b[K,\n'}
[77.049543] (opentera_webrtc_ros) StderrLine: {'line': b'                 from \x1b[01m\x1b[K/home/ws/ugv_ws/src/ugv_else/opentera-webrtc-ros/opentera_webrtc_ros/opentera-webrtc/opentera-webrtc-native-client/OpenteraWebrtcNativeGStreamer/include/OpenteraWebrtcNativeGStreamer/Encoders/GStreamerVideoEncoder.h:21\x1b[m\x1b[K,\n'}
[77.050053] (opentera_webrtc_ros) StderrLine: {'line': b'                 from \x1b[01m\x1b[K/home/ws/ugv_ws/src/ugv_else/opentera-webrtc-ros/opentera_webrtc_ros/opentera-webrtc/opentera-webrtc-native-client/OpenteraWebrtcNativeGStreamer/include/OpenteraWebrtcNativeGStreamer/Encoders/Vp9GStreamerVideoEncoders.h:21\x1b[m\x1b[K,\n'}
[77.050493] (opentera_webrtc_ros) StderrLine: {'line': b'                 from \x1b[01m\x1b[K/home/ws/ugv_ws/src/ugv_else/opentera-webrtc-ros/opentera_webrtc_ros/opentera-webrtc/opentera-webrtc-native-client/OpenteraWebrtcNativeGStreamer/src/Encoders/Vp9GStreamerVideoEncoders.cpp:18\x1b[m\x1b[K:\n'}
[77.050909] (opentera_webrtc_ros) StderrLine: {'line': b'\x1b[01m\x1b[K/home/ws/ugv_ws/src/ugv_else/opentera-webrtc-ros/opentera_webrtc_ros/opentera-webrtc/opentera-webrtc-native-client/OpenteraWebrtcNativeGStreamer/include/OpenteraWebrtcNativeGStreamer/Utils/GStreamerHelpers.h:\x1b[m\x1b[K In constructor \xe2\x80\x98\x1b[01m\x1b[Kgst::GstRequestPad::GstRequestPad(GstElement*, const gchar*)\x1b[m\x1b[K\xe2\x80\x99:\n'}
[77.051501] (opentera_webrtc_ros) StderrLine: {'line': b"\x1b[01m\x1b[K/home/ws/ugv_ws/src/ugv_else/opentera-webrtc-ros/opentera_webrtc_ros/opentera-webrtc/opentera-webrtc-native-client/OpenteraWebrtcNativeGStreamer/include/OpenteraWebrtcNativeGStreamer/Utils/GStreamerHelpers.h:169:68:\x1b[m\x1b[K \x1b[01;35m\x1b[Kwarning: \x1b[m\x1b[K\xe2\x80\x98\x1b[01m\x1b[KGstPad* gst_element_get_request_pad(GstElement*, const gchar*)\x1b[m\x1b[K\xe2\x80\x99 is deprecated: Use 'gst_element_request_pad_simple' instead [\x1b[01;35m\x1b[K-Wdeprecated-declarations\x1b[m\x1b[K]\n"}
[77.052015] (opentera_webrtc_ros) StderrLine: {'line': b'  169 |               pad_{gst::unique_from_ptr(\x1b[01;35m\x1b[Kgst_element_get_request_pad(element, name)\x1b[m\x1b[K)}\n'}
[77.052603] (opentera_webrtc_ros) StderrLine: {'line': b'      |                                         \x1b[01;35m\x1b[K~~~~~~~~~~~~~~~~~~~~~~~~~~~^~~~~~~~~~~~~~~\x1b[m\x1b[K\n'}
[77.053251] (opentera_webrtc_ros) StderrLine: {'line': b'In file included from \x1b[01m\x1b[K/usr/include/gstreamer-1.0/gst/gstbin.h:27\x1b[m\x1b[K,\n'}
[77.053753] (opentera_webrtc_ros) StderrLine: {'line': b'                 from \x1b[01m\x1b[K/usr/include/gstreamer-1.0/gst/gst.h:35\x1b[m\x1b[K,\n'}
[77.054340] (opentera_webrtc_ros) StderrLine: {'line': b'                 from \x1b[01m\x1b[K/home/ws/ugv_ws/src/ugv_else/opentera-webrtc-ros/opentera_webrtc_ros/opentera-webrtc/opentera-webrtc-native-client/OpenteraWebrtcNativeGStreamer/include/OpenteraWebrtcNativeGStreamer/Utils/GStreamerHelpers.h:20\x1b[m\x1b[K,\n'}
[77.054964] (opentera_webrtc_ros) StderrLine: {'line': b'                 from \x1b[01m\x1b[K/home/ws/ugv_ws/src/ugv_else/opentera-webrtc-ros/opentera_webrtc_ros/opentera-webrtc/opentera-webrtc-native-client/OpenteraWebrtcNativeGStreamer/include/OpenteraWebrtcNativeGStreamer/Pipeline/GStreamerEncoderPipeline.h:21\x1b[m\x1b[K,\n'}
[77.056515] (-) TimerEvent: {}
[77.057845] (opentera_webrtc_ros) StderrLine: {'line': b'                 from \x1b[01m\x1b[K/home/ws/ugv_ws/src/ugv_else/opentera-webrtc-ros/opentera_webrtc_ros/opentera-webrtc/opentera-webrtc-native-client/OpenteraWebrtcNativeGStreamer/include/OpenteraWebrtcNativeGStreamer/Encoders/GStreamerVideoEncoder.h:21\x1b[m\x1b[K,\n'}
[77.058475] (opentera_webrtc_ros) StderrLine: {'line': b'                 from \x1b[01m\x1b[K/home/ws/ugv_ws/src/ugv_else/opentera-webrtc-ros/opentera_webrtc_ros/opentera-webrtc/opentera-webrtc-native-client/OpenteraWebrtcNativeGStreamer/include/OpenteraWebrtcNativeGStreamer/Encoders/Vp9GStreamerVideoEncoders.h:21\x1b[m\x1b[K,\n'}
[77.059031] (opentera_webrtc_ros) StderrLine: {'line': b'                 from \x1b[01m\x1b[K/home/ws/ugv_ws/src/ugv_else/opentera-webrtc-ros/opentera_webrtc_ros/opentera-webrtc/opentera-webrtc-native-client/OpenteraWebrtcNativeGStreamer/src/Encoders/Vp9GStreamerVideoEncoders.cpp:18\x1b[m\x1b[K:\n'}
[77.059631] (opentera_webrtc_ros) StderrLine: {'line': b'\x1b[01m\x1b[K/usr/include/gstreamer-1.0/gst/gstelement.h:1042:25:\x1b[m\x1b[K \x1b[01;36m\x1b[Knote: \x1b[m\x1b[Kdeclared here\n'}
[77.060110] (opentera_webrtc_ros) StderrLine: {'line': b' 1042 | GstPad*                 \x1b[01;36m\x1b[Kgst_element_get_request_pad\x1b[m\x1b[K     (GstElement *element, const gchar *name);\n'}
[77.060490] (opentera_webrtc_ros) StderrLine: {'line': b'      |                         \x1b[01;36m\x1b[K^~~~~~~~~~~~~~~~~~~~~~~~~~~\x1b[m\x1b[K\n'}
[77.156978] (-) TimerEvent: {}
[77.262436] (-) TimerEvent: {}
[77.363717] (-) TimerEvent: {}
[77.465010] (-) TimerEvent: {}
[77.567495] (-) TimerEvent: {}
[77.671632] (-) TimerEvent: {}
[77.772566] (-) TimerEvent: {}
[77.875536] (-) TimerEvent: {}
[77.979486] (-) TimerEvent: {}
[78.080361] (-) TimerEvent: {}
[78.183704] (-) TimerEvent: {}
[78.289405] (-) TimerEvent: {}
[78.390470] (-) TimerEvent: {}
[78.491478] (-) TimerEvent: {}
[78.595237] (-) TimerEvent: {}
[78.696113] (-) TimerEvent: {}
[78.797005] (-) TimerEvent: {}
[78.903183] (-) TimerEvent: {}
[79.004029] (-) TimerEvent: {}
[79.104972] (-) TimerEvent: {}
[79.206487] (-) TimerEvent: {}
[79.308097] (-) TimerEvent: {}
[79.411709] (-) TimerEvent: {}
[79.515444] (-) TimerEvent: {}
[79.617099] (-) TimerEvent: {}
[79.718576] (-) TimerEvent: {}
[79.823878] (-) TimerEvent: {}
[79.925540] (-) TimerEvent: {}
[80.029115] (-) TimerEvent: {}
[80.040448] (opentera_webrtc_ros) StdoutLine: {'line': b'running egg_info\n'}
[80.047198] (opentera_webrtc_ros) StdoutLine: {'line': b'creating opentera_webrtc_ros.egg-info\n'}
[80.048295] (opentera_webrtc_ros) StdoutLine: {'line': b'writing opentera_webrtc_ros.egg-info/PKG-INFO\n'}
[80.052190] (opentera_webrtc_ros) StdoutLine: {'line': b'writing dependency_links to opentera_webrtc_ros.egg-info/dependency_links.txt\n'}
[80.053205] (opentera_webrtc_ros) StdoutLine: {'line': b'writing top-level names to opentera_webrtc_ros.egg-info/top_level.txt\n'}
[80.056031] (opentera_webrtc_ros) StdoutLine: {'line': b"writing manifest file 'opentera_webrtc_ros.egg-info/SOURCES.txt'\n"}
[80.079183] (opentera_webrtc_ros) StdoutLine: {'line': b"reading manifest file 'opentera_webrtc_ros.egg-info/SOURCES.txt'\n"}
[80.087084] (opentera_webrtc_ros) StdoutLine: {'line': b"writing manifest file 'opentera_webrtc_ros.egg-info/SOURCES.txt'\n"}
[80.129405] (-) TimerEvent: {}
[80.230513] (-) TimerEvent: {}
[80.292318] (opentera_webrtc_ros) StdoutLine: {'line': b'[ 32%] Built target ament_cmake_python_build_opentera_webrtc_ros_egg\n'}
[80.335196] (-) TimerEvent: {}
[80.405586] (opentera_webrtc_ros) StdoutLine: {'line': b'[ 32%] \x1b[34m\x1b[1mGenerating cmake/pip_utils/dist.stamp\x1b[0m\n'}
[80.435383] (-) TimerEvent: {}
[80.536938] (-) TimerEvent: {}
[80.639548] (-) TimerEvent: {}
[80.743214] (-) TimerEvent: {}
[80.844116] (-) TimerEvent: {}
[80.945023] (-) TimerEvent: {}
[81.045908] (-) TimerEvent: {}
[81.151503] (-) TimerEvent: {}
[81.252438] (-) TimerEvent: {}
[81.353331] (-) TimerEvent: {}
[81.454116] (-) TimerEvent: {}
[81.554942] (-) TimerEvent: {}
[81.655757] (-) TimerEvent: {}
[81.757544] (-) TimerEvent: {}
[81.867226] (-) TimerEvent: {}
[81.968407] (-) TimerEvent: {}
[82.069639] (-) TimerEvent: {}
[82.171899] (-) TimerEvent: {}
[82.223351] (opentera_webrtc_ros) StdoutLine: {'line': b'[ 33%] \x1b[32mBuilding CXX object SYSTEM/opentera-webrtc-native-client/3rdParty/IXWebSocket/CMakeFiles/ixwebsocket.dir/ixwebsocket/IXWebSocketHttpHeaders.cpp.o\x1b[0m\n'}
[82.275169] (-) TimerEvent: {}
[82.376052] (-) TimerEvent: {}
[82.476875] (-) TimerEvent: {}
[82.579861] (-) TimerEvent: {}
[82.645962] (opentera_webrtc_ros) StderrLine: {'line': b'/usr/lib/python3/dist-packages/setuptools/command/install.py:34: SetuptoolsDeprecationWarning: setup.py install is deprecated. Use build and pip and other standards-based tools.\n'}
[82.647025] (opentera_webrtc_ros) StderrLine: {'line': b'  warnings.warn(\n'}
[82.680118] (-) TimerEvent: {}
[82.781025] (-) TimerEvent: {}
[82.881947] (-) TimerEvent: {}
[82.984923] (-) TimerEvent: {}
[83.087961] (-) TimerEvent: {}
[83.195170] (-) TimerEvent: {}
[83.296052] (-) TimerEvent: {}
[83.397034] (-) TimerEvent: {}
[83.415289] (opentera_webrtc_ros) StdoutLine: {'line': b'[ 35%] Built target signaling_server-dist-target\n'}
[83.474859] (opentera_webrtc_ros) StdoutLine: {'line': b'[ 35%] \x1b[32mBuilding CXX object SYSTEM/opentera-webrtc-native-client/3rdParty/IXWebSocket/CMakeFiles/ixwebsocket.dir/ixwebsocket/IXWebSocketPerMessageDeflate.cpp.o\x1b[0m\n'}
[83.497290] (-) TimerEvent: {}
[83.600067] (-) TimerEvent: {}
[83.707236] (-) TimerEvent: {}
[83.808312] (-) TimerEvent: {}
[83.909302] (-) TimerEvent: {}
[84.015222] (-) TimerEvent: {}
[84.116299] (-) TimerEvent: {}
[84.223600] (-) TimerEvent: {}
[84.324622] (-) TimerEvent: {}
[84.421154] (opentera_webrtc_ros) StdoutLine: {'line': b'[ 36%] \x1b[32mBuilding CXX object SYSTEM/opentera-webrtc-native-client/OpenteraWebrtcNativeGStreamer/CMakeFiles/OpenteraWebrtcNativeGStreamer.dir/src/Factories/WebRtcGStreamerVideoDecoderFactory.cpp.o\x1b[0m\n'}
[84.424798] (-) TimerEvent: {}
[84.526299] (-) TimerEvent: {}
[84.631548] (-) TimerEvent: {}
[84.732452] (-) TimerEvent: {}
[84.833354] (-) TimerEvent: {}
[84.934281] (-) TimerEvent: {}
[85.039536] (-) TimerEvent: {}
[85.140409] (-) TimerEvent: {}
[85.241900] (-) TimerEvent: {}
[85.347405] (-) TimerEvent: {}
[85.448668] (-) TimerEvent: {}
[85.549625] (-) TimerEvent: {}
[85.655609] (-) TimerEvent: {}
[85.666763] (opentera_webrtc_ros) StdoutLine: {'line': b'[ 38%] \x1b[32mBuilding CXX object SYSTEM/opentera-webrtc-native-client/3rdParty/IXWebSocket/CMakeFiles/ixwebsocket.dir/ixwebsocket/IXWebSocketPerMessageDeflateCodec.cpp.o\x1b[0m\n'}
[85.755784] (-) TimerEvent: {}
[85.859624] (-) TimerEvent: {}
[85.961193] (-) TimerEvent: {}
[86.067544] (-) TimerEvent: {}
[86.168502] (-) TimerEvent: {}
[86.269430] (-) TimerEvent: {}
[86.370337] (-) TimerEvent: {}
[86.471244] (-) TimerEvent: {}
[86.575536] (-) TimerEvent: {}
[86.679174] (-) TimerEvent: {}
[86.739632] (opentera_webrtc_ros) StdoutLine: {'line': b'[ 39%] \x1b[32mBuilding CXX object SYSTEM/opentera-webrtc-native-client/OpenteraWebrtcNativeGStreamer/CMakeFiles/OpenteraWebrtcNativeGStreamer.dir/src/Factories/WebRtcGStreamerVideoEncoderFactory.cpp.o\x1b[0m\n'}
[86.779397] (-) TimerEvent: {}
[87.025629] (-) TimerEvent: {}
[87.128253] (-) TimerEvent: {}
[87.231579] (-) TimerEvent: {}
[87.232856] (opentera_webrtc_ros) StdoutLine: {'line': b'[ 40%] \x1b[32mBuilding CXX object SYSTEM/opentera-webrtc-native-client/3rdParty/IXWebSocket/CMakeFiles/ixwebsocket.dir/ixwebsocket/IXWebSocketPerMessageDeflateOptions.cpp.o\x1b[0m\n'}
[87.335164] (-) TimerEvent: {}
[87.436479] (-) TimerEvent: {}
[87.537917] (-) TimerEvent: {}
[87.639297] (-) TimerEvent: {}
[87.743525] (-) TimerEvent: {}
[87.844821] (-) TimerEvent: {}
[87.946106] (-) TimerEvent: {}
[88.051518] (-) TimerEvent: {}
[88.152851] (-) TimerEvent: {}
[88.254261] (-) TimerEvent: {}
[88.355802] (-) TimerEvent: {}
[88.459101] (-) TimerEvent: {}
[88.563564] (-) TimerEvent: {}
[88.664871] (-) TimerEvent: {}
[88.766181] (-) TimerEvent: {}
[88.871535] (-) TimerEvent: {}
[88.972863] (-) TimerEvent: {}
[89.074305] (-) TimerEvent: {}
[89.175739] (-) TimerEvent: {}
[89.279465] (-) TimerEvent: {}
[89.380767] (-) TimerEvent: {}
[89.483433] (-) TimerEvent: {}
[89.584757] (-) TimerEvent: {}
[89.691175] (-) TimerEvent: {}
[89.692727] (opentera_webrtc_ros) StderrLine: {'line': b'In file included from \x1b[01m\x1b[K/home/ws/ugv_ws/src/ugv_else/opentera-webrtc-ros/opentera_webrtc_ros/opentera-webrtc/opentera-webrtc-native-client/OpenteraWebrtcNativeGStreamer/include/OpenteraWebrtcNativeGStreamer/Pipeline/GStreamerDecoderPipeline.h:21\x1b[m\x1b[K,\n'}
[89.695400] (opentera_webrtc_ros) StderrLine: {'line': b'                 from \x1b[01m\x1b[K/home/ws/ugv_ws/src/ugv_else/opentera-webrtc-ros/opentera_webrtc_ros/opentera-webrtc/opentera-webrtc-native-client/OpenteraWebrtcNativeGStreamer/include/OpenteraWebrtcNativeGStreamer/Decoders/GStreamerVideoDecoder.h:21\x1b[m\x1b[K,\n'}
[89.698107] (opentera_webrtc_ros) StderrLine: {'line': b'                 from \x1b[01m\x1b[K/home/ws/ugv_ws/src/ugv_else/opentera-webrtc-ros/opentera_webrtc_ros/opentera-webrtc/opentera-webrtc-native-client/OpenteraWebrtcNativeGStreamer/include/OpenteraWebrtcNativeGStreamer/Decoders/H264GStreamerVideoDecoders.h:21\x1b[m\x1b[K,\n'}
[89.705207] (opentera_webrtc_ros) StderrLine: {'line': b'                 from \x1b[01m\x1b[K/home/ws/ugv_ws/src/ugv_else/opentera-webrtc-ros/opentera_webrtc_ros/opentera-webrtc/opentera-webrtc-native-client/OpenteraWebrtcNativeGStreamer/src/Factories/WebRtcGStreamerVideoDecoderFactory.cpp:2\x1b[m\x1b[K:\n'}
[89.707794] (opentera_webrtc_ros) StderrLine: {'line': b'\x1b[01m\x1b[K/home/ws/ugv_ws/src/ugv_else/opentera-webrtc-ros/opentera_webrtc_ros/opentera-webrtc/opentera-webrtc-native-client/OpenteraWebrtcNativeGStreamer/include/OpenteraWebrtcNativeGStreamer/Utils/GStreamerHelpers.h:\x1b[m\x1b[K In constructor \xe2\x80\x98\x1b[01m\x1b[Kgst::GstRequestPad::GstRequestPad(GstElement*, const gchar*)\x1b[m\x1b[K\xe2\x80\x99:\n'}
[89.710272] (opentera_webrtc_ros) StderrLine: {'line': b"\x1b[01m\x1b[K/home/ws/ugv_ws/src/ugv_else/opentera-webrtc-ros/opentera_webrtc_ros/opentera-webrtc/opentera-webrtc-native-client/OpenteraWebrtcNativeGStreamer/include/OpenteraWebrtcNativeGStreamer/Utils/GStreamerHelpers.h:169:68:\x1b[m\x1b[K \x1b[01;35m\x1b[Kwarning: \x1b[m\x1b[K\xe2\x80\x98\x1b[01m\x1b[KGstPad* gst_element_get_request_pad(GstElement*, const gchar*)\x1b[m\x1b[K\xe2\x80\x99 is deprecated: Use 'gst_element_request_pad_simple' instead [\x1b[01;35m\x1b[K-Wdeprecated-declarations\x1b[m\x1b[K]\n"}
[89.712032] (opentera_webrtc_ros) StderrLine: {'line': b'  169 |               pad_{gst::unique_from_ptr(\x1b[01;35m\x1b[Kgst_element_get_request_pad(element, name)\x1b[m\x1b[K)}\n'}
[89.712664] (opentera_webrtc_ros) StderrLine: {'line': b'      |                                         \x1b[01;35m\x1b[K~~~~~~~~~~~~~~~~~~~~~~~~~~~^~~~~~~~~~~~~~~\x1b[m\x1b[K\n'}
[89.713282] (opentera_webrtc_ros) StderrLine: {'line': b'In file included from \x1b[01m\x1b[K/usr/include/gstreamer-1.0/gst/gstbin.h:27\x1b[m\x1b[K,\n'}
[89.713834] (opentera_webrtc_ros) StderrLine: {'line': b'                 from \x1b[01m\x1b[K/usr/include/gstreamer-1.0/gst/gst.h:35\x1b[m\x1b[K,\n'}
[89.714410] (opentera_webrtc_ros) StderrLine: {'line': b'                 from \x1b[01m\x1b[K/home/ws/ugv_ws/src/ugv_else/opentera-webrtc-ros/opentera_webrtc_ros/opentera-webrtc/opentera-webrtc-native-client/OpenteraWebrtcNativeGStreamer/include/OpenteraWebrtcNativeGStreamer/Utils/GStreamerHelpers.h:20\x1b[m\x1b[K,\n'}
[89.714960] (opentera_webrtc_ros) StderrLine: {'line': b'                 from \x1b[01m\x1b[K/home/ws/ugv_ws/src/ugv_else/opentera-webrtc-ros/opentera_webrtc_ros/opentera-webrtc/opentera-webrtc-native-client/OpenteraWebrtcNativeGStreamer/include/OpenteraWebrtcNativeGStreamer/Pipeline/GStreamerDecoderPipeline.h:21\x1b[m\x1b[K,\n'}
[89.725645] (opentera_webrtc_ros) StderrLine: {'line': b'                 from \x1b[01m\x1b[K/home/ws/ugv_ws/src/ugv_else/opentera-webrtc-ros/opentera_webrtc_ros/opentera-webrtc/opentera-webrtc-native-client/OpenteraWebrtcNativeGStreamer/include/OpenteraWebrtcNativeGStreamer/Decoders/GStreamerVideoDecoder.h:21\x1b[m\x1b[K,\n'}
[89.731944] (opentera_webrtc_ros) StderrLine: {'line': b'                 from \x1b[01m\x1b[K/home/ws/ugv_ws/src/ugv_else/opentera-webrtc-ros/opentera_webrtc_ros/opentera-webrtc/opentera-webrtc-native-client/OpenteraWebrtcNativeGStreamer/include/OpenteraWebrtcNativeGStreamer/Decoders/H264GStreamerVideoDecoders.h:21\x1b[m\x1b[K,\n'}
[89.734422] (opentera_webrtc_ros) StderrLine: {'line': b'                 from \x1b[01m\x1b[K/home/ws/ugv_ws/src/ugv_else/opentera-webrtc-ros/opentera_webrtc_ros/opentera-webrtc/opentera-webrtc-native-client/OpenteraWebrtcNativeGStreamer/src/Factories/WebRtcGStreamerVideoDecoderFactory.cpp:2\x1b[m\x1b[K:\n'}
[89.737021] (opentera_webrtc_ros) StderrLine: {'line': b'\x1b[01m\x1b[K/usr/include/gstreamer-1.0/gst/gstelement.h:1042:25:\x1b[m\x1b[K \x1b[01;36m\x1b[Knote: \x1b[m\x1b[Kdeclared here\n'}
[89.739660] (opentera_webrtc_ros) StderrLine: {'line': b' 1042 | GstPad*                 \x1b[01;36m\x1b[Kgst_element_get_request_pad\x1b[m\x1b[K     (GstElement *element, const gchar *name);\n'}
[89.740311] (opentera_webrtc_ros) StderrLine: {'line': b'      |                         \x1b[01;36m\x1b[K^~~~~~~~~~~~~~~~~~~~~~~~~~~\x1b[m\x1b[K\n'}
[89.795230] (-) TimerEvent: {}
[89.855632] (opentera_webrtc_ros) StdoutLine: {'line': b'[ 41%] \x1b[32mBuilding CXX object SYSTEM/opentera-webrtc-native-client/3rdParty/IXWebSocket/CMakeFiles/ixwebsocket.dir/ixwebsocket/IXWebSocketProxyServer.cpp.o\x1b[0m\n'}
[89.895437] (-) TimerEvent: {}
[90.000238] (-) TimerEvent: {}
[90.101549] (-) TimerEvent: {}
[90.203178] (-) TimerEvent: {}
[90.307180] (-) TimerEvent: {}
[90.408546] (-) TimerEvent: {}
[90.515201] (-) TimerEvent: {}
[90.616461] (-) TimerEvent: {}
[90.717884] (-) TimerEvent: {}
[90.819842] (-) TimerEvent: {}
[90.923533] (-) TimerEvent: {}
[91.027544] (-) TimerEvent: {}
[91.131181] (-) TimerEvent: {}
[91.232093] (-) TimerEvent: {}
[91.333020] (-) TimerEvent: {}
[91.435591] (-) TimerEvent: {}
[91.539559] (-) TimerEvent: {}
[91.643177] (-) TimerEvent: {}
[91.744068] (-) TimerEvent: {}
[91.847171] (-) TimerEvent: {}
[91.948134] (-) TimerEvent: {}
[92.050678] (-) TimerEvent: {}
[92.155181] (-) TimerEvent: {}
[92.219812] (opentera_webrtc_ros) StderrLine: {'line': b'In file included from \x1b[01m\x1b[K/home/ws/ugv_ws/src/ugv_else/opentera-webrtc-ros/opentera_webrtc_ros/opentera-webrtc/opentera-webrtc-native-client/OpenteraWebrtcNativeGStreamer/include/OpenteraWebrtcNativeGStreamer/Pipeline/GStreamerEncoderPipeline.h:21\x1b[m\x1b[K,\n'}
[92.220858] (opentera_webrtc_ros) StderrLine: {'line': b'                 from \x1b[01m\x1b[K/home/ws/ugv_ws/src/ugv_else/opentera-webrtc-ros/opentera_webrtc_ros/opentera-webrtc/opentera-webrtc-native-client/OpenteraWebrtcNativeGStreamer/include/OpenteraWebrtcNativeGStreamer/Encoders/GStreamerVideoEncoder.h:21\x1b[m\x1b[K,\n'}
[92.222657] (opentera_webrtc_ros) StderrLine: {'line': b'                 from \x1b[01m\x1b[K/home/ws/ugv_ws/src/ugv_else/opentera-webrtc-ros/opentera_webrtc_ros/opentera-webrtc/opentera-webrtc-native-client/OpenteraWebrtcNativeGStreamer/include/OpenteraWebrtcNativeGStreamer/Encoders/H264GStreamerVideoEncoders.h:21\x1b[m\x1b[K,\n'}
[92.227466] (opentera_webrtc_ros) StderrLine: {'line': b'                 from \x1b[01m\x1b[K/home/ws/ugv_ws/src/ugv_else/opentera-webrtc-ros/opentera_webrtc_ros/opentera-webrtc/opentera-webrtc-native-client/OpenteraWebrtcNativeGStreamer/src/Factories/WebRtcGStreamerVideoEncoderFactory.cpp:2\x1b[m\x1b[K:\n'}
[92.228210] (opentera_webrtc_ros) StderrLine: {'line': b'\x1b[01m\x1b[K/home/ws/ugv_ws/src/ugv_else/opentera-webrtc-ros/opentera_webrtc_ros/opentera-webrtc/opentera-webrtc-native-client/OpenteraWebrtcNativeGStreamer/include/OpenteraWebrtcNativeGStreamer/Utils/GStreamerHelpers.h:\x1b[m\x1b[K In constructor \xe2\x80\x98\x1b[01m\x1b[Kgst::GstRequestPad::GstRequestPad(GstElement*, const gchar*)\x1b[m\x1b[K\xe2\x80\x99:\n'}
[92.228787] (opentera_webrtc_ros) StderrLine: {'line': b"\x1b[01m\x1b[K/home/ws/ugv_ws/src/ugv_else/opentera-webrtc-ros/opentera_webrtc_ros/opentera-webrtc/opentera-webrtc-native-client/OpenteraWebrtcNativeGStreamer/include/OpenteraWebrtcNativeGStreamer/Utils/GStreamerHelpers.h:169:68:\x1b[m\x1b[K \x1b[01;35m\x1b[Kwarning: \x1b[m\x1b[K\xe2\x80\x98\x1b[01m\x1b[KGstPad* gst_element_get_request_pad(GstElement*, const gchar*)\x1b[m\x1b[K\xe2\x80\x99 is deprecated: Use 'gst_element_request_pad_simple' instead [\x1b[01;35m\x1b[K-Wdeprecated-declarations\x1b[m\x1b[K]\n"}
[92.229318] (opentera_webrtc_ros) StderrLine: {'line': b'  169 |               pad_{gst::unique_from_ptr(\x1b[01;35m\x1b[Kgst_element_get_request_pad(element, name)\x1b[m\x1b[K)}\n'}
[92.229716] (opentera_webrtc_ros) StderrLine: {'line': b'      |                                         \x1b[01;35m\x1b[K~~~~~~~~~~~~~~~~~~~~~~~~~~~^~~~~~~~~~~~~~~\x1b[m\x1b[K\n'}
[92.230109] (opentera_webrtc_ros) StderrLine: {'line': b'In file included from \x1b[01m\x1b[K/usr/include/gstreamer-1.0/gst/gstbin.h:27\x1b[m\x1b[K,\n'}
[92.230618] (opentera_webrtc_ros) StderrLine: {'line': b'                 from \x1b[01m\x1b[K/usr/include/gstreamer-1.0/gst/gst.h:35\x1b[m\x1b[K,\n'}
[92.235235] (opentera_webrtc_ros) StderrLine: {'line': b'                 from \x1b[01m\x1b[K/home/ws/ugv_ws/src/ugv_else/opentera-webrtc-ros/opentera_webrtc_ros/opentera-webrtc/opentera-webrtc-native-client/OpenteraWebrtcNativeGStreamer/include/OpenteraWebrtcNativeGStreamer/Utils/GStreamerHelpers.h:20\x1b[m\x1b[K,\n'}
[92.235901] (opentera_webrtc_ros) StderrLine: {'line': b'                 from \x1b[01m\x1b[K/home/ws/ugv_ws/src/ugv_else/opentera-webrtc-ros/opentera_webrtc_ros/opentera-webrtc/opentera-webrtc-native-client/OpenteraWebrtcNativeGStreamer/include/OpenteraWebrtcNativeGStreamer/Pipeline/GStreamerEncoderPipeline.h:21\x1b[m\x1b[K,\n'}
[92.236332] (opentera_webrtc_ros) StderrLine: {'line': b'                 from \x1b[01m\x1b[K/home/ws/ugv_ws/src/ugv_else/opentera-webrtc-ros/opentera_webrtc_ros/opentera-webrtc/opentera-webrtc-native-client/OpenteraWebrtcNativeGStreamer/include/OpenteraWebrtcNativeGStreamer/Encoders/GStreamerVideoEncoder.h:21\x1b[m\x1b[K,\n'}
[92.236753] (opentera_webrtc_ros) StderrLine: {'line': b'                 from \x1b[01m\x1b[K/home/ws/ugv_ws/src/ugv_else/opentera-webrtc-ros/opentera_webrtc_ros/opentera-webrtc/opentera-webrtc-native-client/OpenteraWebrtcNativeGStreamer/include/OpenteraWebrtcNativeGStreamer/Encoders/H264GStreamerVideoEncoders.h:21\x1b[m\x1b[K,\n'}
[92.237163] (opentera_webrtc_ros) StderrLine: {'line': b'                 from \x1b[01m\x1b[K/home/ws/ugv_ws/src/ugv_else/opentera-webrtc-ros/opentera_webrtc_ros/opentera-webrtc/opentera-webrtc-native-client/OpenteraWebrtcNativeGStreamer/src/Factories/WebRtcGStreamerVideoEncoderFactory.cpp:2\x1b[m\x1b[K:\n'}
[92.237672] (opentera_webrtc_ros) StderrLine: {'line': b'\x1b[01m\x1b[K/usr/include/gstreamer-1.0/gst/gstelement.h:1042:25:\x1b[m\x1b[K \x1b[01;36m\x1b[Knote: \x1b[m\x1b[Kdeclared here\n'}
[92.238165] (opentera_webrtc_ros) StderrLine: {'line': b' 1042 | GstPad*                 \x1b[01;36m\x1b[Kgst_element_get_request_pad\x1b[m\x1b[K     (GstElement *element, const gchar *name);\n'}
[92.238622] (opentera_webrtc_ros) StderrLine: {'line': b'      |                         \x1b[01;36m\x1b[K^~~~~~~~~~~~~~~~~~~~~~~~~~~\x1b[m\x1b[K\n'}
[92.255381] (-) TimerEvent: {}
[92.356424] (-) TimerEvent: {}
[92.457644] (-) TimerEvent: {}
[92.563164] (-) TimerEvent: {}
[92.664089] (-) TimerEvent: {}
[92.767553] (-) TimerEvent: {}
[92.868514] (-) TimerEvent: {}
[92.969460] (-) TimerEvent: {}
[93.071560] (-) TimerEvent: {}
[93.175583] (-) TimerEvent: {}
[93.277135] (-) TimerEvent: {}
[93.379663] (-) TimerEvent: {}
[93.483989] (-) TimerEvent: {}
[93.585443] (-) TimerEvent: {}
[93.686745] (-) TimerEvent: {}
[93.791953] (-) TimerEvent: {}
[93.893264] (-) TimerEvent: {}
[93.994574] (-) TimerEvent: {}
[94.095878] (-) TimerEvent: {}
[94.199894] (-) TimerEvent: {}
[94.303200] (-) TimerEvent: {}
[94.404693] (-) TimerEvent: {}
[94.508078] (-) TimerEvent: {}
[94.611920] (-) TimerEvent: {}
[94.719171] (-) TimerEvent: {}
[94.820581] (-) TimerEvent: {}
[94.922077] (-) TimerEvent: {}
[95.027516] (-) TimerEvent: {}
[95.129607] (-) TimerEvent: {}
[95.230801] (-) TimerEvent: {}
[95.335610] (-) TimerEvent: {}
[95.437056] (-) TimerEvent: {}
[95.538263] (-) TimerEvent: {}
[95.643184] (-) TimerEvent: {}
[95.744527] (-) TimerEvent: {}
[95.787699] (opentera_webrtc_ros) StdoutLine: {'line': b'[ 41%] \x1b[32mBuilding CXX object SYSTEM/opentera-webrtc-native-client/3rdParty/IXWebSocket/CMakeFiles/ixwebsocket.dir/ixwebsocket/IXWebSocketServer.cpp.o\x1b[0m\n'}
[95.847185] (-) TimerEvent: {}
[95.948123] (-) TimerEvent: {}
[96.050346] (-) TimerEvent: {}
[96.155246] (-) TimerEvent: {}
[96.259229] (-) TimerEvent: {}
[96.361757] (-) TimerEvent: {}
[96.467531] (-) TimerEvent: {}
[96.568949] (-) TimerEvent: {}
[96.675184] (-) TimerEvent: {}
[96.776707] (-) TimerEvent: {}
[96.879084] (-) TimerEvent: {}
[96.983515] (-) TimerEvent: {}
[97.085394] (-) TimerEvent: {}
[97.191477] (-) TimerEvent: {}
[97.292706] (-) TimerEvent: {}
[97.393952] (-) TimerEvent: {}
[97.499149] (-) TimerEvent: {}
[97.600385] (-) TimerEvent: {}
[97.701665] (-) TimerEvent: {}
[97.807190] (-) TimerEvent: {}
[97.908590] (-) TimerEvent: {}
[98.010024] (-) TimerEvent: {}
[98.116315] (-) TimerEvent: {}
[98.218227] (-) TimerEvent: {}
[98.323157] (-) TimerEvent: {}
[98.424561] (-) TimerEvent: {}
[98.526062] (-) TimerEvent: {}
[98.631447] (-) TimerEvent: {}
[98.732665] (-) TimerEvent: {}
[98.833892] (-) TimerEvent: {}
[98.939214] (-) TimerEvent: {}
[99.044278] (-) TimerEvent: {}
[99.146940] (-) TimerEvent: {}
[99.248272] (-) TimerEvent: {}
[99.349423] (-) TimerEvent: {}
[99.450184] (-) TimerEvent: {}
[99.550949] (-) TimerEvent: {}
[99.651742] (-) TimerEvent: {}
[99.752472] (-) TimerEvent: {}
[99.853159] (-) TimerEvent: {}
[99.953920] (-) TimerEvent: {}
[100.059164] (-) TimerEvent: {}
[100.159924] (-) TimerEvent: {}
[100.260640] (-) TimerEvent: {}
[100.362115] (-) TimerEvent: {}
[100.463119] (-) TimerEvent: {}
[100.567467] (-) TimerEvent: {}
[100.668246] (-) TimerEvent: {}
[100.768943] (-) TimerEvent: {}
[100.869667] (-) TimerEvent: {}
[100.970491] (-) TimerEvent: {}
[101.075222] (-) TimerEvent: {}
[101.179250] (-) TimerEvent: {}
[101.280600] (-) TimerEvent: {}
[101.382315] (-) TimerEvent: {}
[101.483593] (-) TimerEvent: {}
[101.585223] (-) TimerEvent: {}
[101.687099] (-) TimerEvent: {}
[101.788642] (-) TimerEvent: {}
[103.291947] (opentera_webrtc_ros) StdoutLine: {'line': b'[ 41%] \x1b[32mBuilding CXX object SYSTEM/opentera-webrtc-native-client/OpenteraWebrtcNativeGStreamer/CMakeFiles/OpenteraWebrtcNativeGStreamer.dir/src/Pipeline/GStreamerDecoderPipeline.cpp.o\x1b[0m\n'}
[103.295140] (-) TimerEvent: {}
[103.399128] (-) TimerEvent: {}
[103.500050] (-) TimerEvent: {}
[103.601129] (-) TimerEvent: {}
[103.702364] (-) TimerEvent: {}
[103.807469] (-) TimerEvent: {}
[103.895336] (opentera_webrtc_ros) StdoutLine: {'line': b'[ 42%] \x1b[32mBuilding CXX object SYSTEM/opentera-webrtc-native-client/3rdParty/IXWebSocket/CMakeFiles/ixwebsocket.dir/ixwebsocket/IXWebSocketTransport.cpp.o\x1b[0m\n'}
[103.907652] (-) TimerEvent: {}
[104.008852] (-) TimerEvent: {}
[104.111667] (-) TimerEvent: {}
[104.213953] (-) TimerEvent: {}
[104.314840] (-) TimerEvent: {}
[104.415762] (-) TimerEvent: {}
[104.517807] (-) TimerEvent: {}
[104.618746] (-) TimerEvent: {}
[104.720802] (-) TimerEvent: {}
[104.822154] (-) TimerEvent: {}
[104.901787] (opentera_webrtc_ros) StderrLine: {'line': b'In file included from \x1b[01m\x1b[K/home/ws/ugv_ws/src/ugv_else/opentera-webrtc-ros/opentera_webrtc_ros/opentera-webrtc/opentera-webrtc-native-client/OpenteraWebrtcNativeGStreamer/include/OpenteraWebrtcNativeGStreamer/Pipeline/GStreamerDecoderPipeline.h:21\x1b[m\x1b[K,\n'}
[104.903618] (opentera_webrtc_ros) StderrLine: {'line': b'                 from \x1b[01m\x1b[K/home/ws/ugv_ws/src/ugv_else/opentera-webrtc-ros/opentera_webrtc_ros/opentera-webrtc/opentera-webrtc-native-client/OpenteraWebrtcNativeGStreamer/src/Pipeline/GStreamerDecoderPipeline.cpp:18\x1b[m\x1b[K:\n'}
[104.904259] (opentera_webrtc_ros) StderrLine: {'line': b'\x1b[01m\x1b[K/home/ws/ugv_ws/src/ugv_else/opentera-webrtc-ros/opentera_webrtc_ros/opentera-webrtc/opentera-webrtc-native-client/OpenteraWebrtcNativeGStreamer/include/OpenteraWebrtcNativeGStreamer/Utils/GStreamerHelpers.h:\x1b[m\x1b[K In constructor \xe2\x80\x98\x1b[01m\x1b[Kgst::GstRequestPad::GstRequestPad(GstElement*, const gchar*)\x1b[m\x1b[K\xe2\x80\x99:\n'}
[104.904987] (opentera_webrtc_ros) StderrLine: {'line': b"\x1b[01m\x1b[K/home/ws/ugv_ws/src/ugv_else/opentera-webrtc-ros/opentera_webrtc_ros/opentera-webrtc/opentera-webrtc-native-client/OpenteraWebrtcNativeGStreamer/include/OpenteraWebrtcNativeGStreamer/Utils/GStreamerHelpers.h:169:68:\x1b[m\x1b[K \x1b[01;35m\x1b[Kwarning: \x1b[m\x1b[K\xe2\x80\x98\x1b[01m\x1b[KGstPad* gst_element_get_request_pad(GstElement*, const gchar*)\x1b[m\x1b[K\xe2\x80\x99 is deprecated: Use 'gst_element_request_pad_simple' instead [\x1b[01;35m\x1b[K-Wdeprecated-declarations\x1b[m\x1b[K]\n"}
[104.905549] (opentera_webrtc_ros) StderrLine: {'line': b'  169 |               pad_{gst::unique_from_ptr(\x1b[01;35m\x1b[Kgst_element_get_request_pad(element, name)\x1b[m\x1b[K)}\n'}
[104.906031] (opentera_webrtc_ros) StderrLine: {'line': b'      |                                         \x1b[01;35m\x1b[K~~~~~~~~~~~~~~~~~~~~~~~~~~~^~~~~~~~~~~~~~~\x1b[m\x1b[K\n'}
[104.912168] (opentera_webrtc_ros) StderrLine: {'line': b'In file included from \x1b[01m\x1b[K/usr/include/gstreamer-1.0/gst/gstbin.h:27\x1b[m\x1b[K,\n'}
[104.914582] (opentera_webrtc_ros) StderrLine: {'line': b'                 from \x1b[01m\x1b[K/usr/include/gstreamer-1.0/gst/gst.h:35\x1b[m\x1b[K,\n'}
[104.917502] (opentera_webrtc_ros) StderrLine: {'line': b'                 from \x1b[01m\x1b[K/home/ws/ugv_ws/src/ugv_else/opentera-webrtc-ros/opentera_webrtc_ros/opentera-webrtc/opentera-webrtc-native-client/OpenteraWebrtcNativeGStreamer/include/OpenteraWebrtcNativeGStreamer/Utils/GStreamerHelpers.h:20\x1b[m\x1b[K,\n'}
[104.920110] (opentera_webrtc_ros) StderrLine: {'line': b'                 from \x1b[01m\x1b[K/home/ws/ugv_ws/src/ugv_else/opentera-webrtc-ros/opentera_webrtc_ros/opentera-webrtc/opentera-webrtc-native-client/OpenteraWebrtcNativeGStreamer/include/OpenteraWebrtcNativeGStreamer/Pipeline/GStreamerDecoderPipeline.h:21\x1b[m\x1b[K,\n'}
[104.922869] (-) TimerEvent: {}
[104.924099] (opentera_webrtc_ros) StderrLine: {'line': b'                 from \x1b[01m\x1b[K/home/ws/ugv_ws/src/ugv_else/opentera-webrtc-ros/opentera_webrtc_ros/opentera-webrtc/opentera-webrtc-native-client/OpenteraWebrtcNativeGStreamer/src/Pipeline/GStreamerDecoderPipeline.cpp:18\x1b[m\x1b[K:\n'}
[104.926189] (opentera_webrtc_ros) StderrLine: {'line': b'\x1b[01m\x1b[K/usr/include/gstreamer-1.0/gst/gstelement.h:1042:25:\x1b[m\x1b[K \x1b[01;36m\x1b[Knote: \x1b[m\x1b[Kdeclared here\n'}
[104.926769] (opentera_webrtc_ros) StderrLine: {'line': b' 1042 | GstPad*                 \x1b[01;36m\x1b[Kgst_element_get_request_pad\x1b[m\x1b[K     (GstElement *element, const gchar *name);\n'}
[104.930221] (opentera_webrtc_ros) StderrLine: {'line': b'      |                         \x1b[01;36m\x1b[K^~~~~~~~~~~~~~~~~~~~~~~~~~~\x1b[m\x1b[K\n'}
[105.023112] (-) TimerEvent: {}
[105.124453] (-) TimerEvent: {}
[105.226280] (-) TimerEvent: {}
[105.328784] (-) TimerEvent: {}
[105.430916] (-) TimerEvent: {}
[105.533121] (-) TimerEvent: {}
[105.635083] (-) TimerEvent: {}
[105.736903] (-) TimerEvent: {}
[105.837840] (-) TimerEvent: {}
[105.939516] (-) TimerEvent: {}
[106.040805] (-) TimerEvent: {}
[106.142871] (-) TimerEvent: {}
[106.245271] (-) TimerEvent: {}
[106.346172] (-) TimerEvent: {}
[106.448140] (-) TimerEvent: {}
[106.550185] (-) TimerEvent: {}
[106.651516] (-) TimerEvent: {}
[106.754639] (-) TimerEvent: {}
[106.856139] (-) TimerEvent: {}
[106.960079] (-) TimerEvent: {}
[107.062197] (-) TimerEvent: {}
[107.163814] (-) TimerEvent: {}
[107.265686] (-) TimerEvent: {}
[107.367569] (-) TimerEvent: {}
[107.468945] (-) TimerEvent: {}
[107.570895] (-) TimerEvent: {}
[107.672995] (-) TimerEvent: {}
[107.774548] (-) TimerEvent: {}
[107.875357] (-) TimerEvent: {}
[107.977920] (-) TimerEvent: {}
[108.079151] (-) TimerEvent: {}
[108.179918] (-) TimerEvent: {}
[108.281466] (-) TimerEvent: {}
[108.382703] (-) TimerEvent: {}
[108.484304] (-) TimerEvent: {}
[108.586086] (-) TimerEvent: {}
[108.687767] (-) TimerEvent: {}
[108.789187] (-) TimerEvent: {}
[108.893023] (-) TimerEvent: {}
[108.994859] (-) TimerEvent: {}
[109.096747] (-) TimerEvent: {}
[109.198349] (-) TimerEvent: {}
[109.299571] (-) TimerEvent: {}
[109.403913] (-) TimerEvent: {}
[109.507268] (-) TimerEvent: {}
[109.613714] (-) TimerEvent: {}
[109.715562] (-) TimerEvent: {}
[109.817649] (-) TimerEvent: {}
[109.918696] (-) TimerEvent: {}
[110.021111] (-) TimerEvent: {}
[110.123341] (-) TimerEvent: {}
[110.224352] (-) TimerEvent: {}
[110.325695] (-) TimerEvent: {}
[110.426756] (-) TimerEvent: {}
[110.528192] (-) TimerEvent: {}
[110.629903] (-) TimerEvent: {}
[110.730894] (-) TimerEvent: {}
[110.832316] (-) TimerEvent: {}
[110.933353] (-) TimerEvent: {}
[111.034681] (-) TimerEvent: {}
[111.136534] (-) TimerEvent: {}
[111.237172] (-) TimerEvent: {}
[111.338523] (-) TimerEvent: {}
[111.440040] (-) TimerEvent: {}
[111.540972] (-) TimerEvent: {}
[111.642330] (-) TimerEvent: {}
[111.742999] (-) TimerEvent: {}
[111.784146] (opentera_webrtc_ros) StdoutLine: {'line': b'[ 43%] \x1b[32mBuilding CXX object SYSTEM/opentera-webrtc-native-client/3rdParty/IXWebSocket/CMakeFiles/ixwebsocket.dir/ixwebsocket/IXSocketOpenSSL.cpp.o\x1b[0m\n'}
[111.827310] (opentera_webrtc_ros) StdoutLine: {'line': b'[ 44%] \x1b[32mBuilding CXX object SYSTEM/opentera-webrtc-native-client/OpenteraWebrtcNativeGStreamer/CMakeFiles/OpenteraWebrtcNativeGStreamer.dir/src/Pipeline/GStreamerEncoderPipeline.cpp.o\x1b[0m\n'}
[111.843128] (-) TimerEvent: {}
[111.943915] (-) TimerEvent: {}
[112.235216] (-) TimerEvent: {}
[112.336858] (-) TimerEvent: {}
[112.438846] (-) TimerEvent: {}
[112.541437] (-) TimerEvent: {}
[112.643158] (-) TimerEvent: {}
[112.745192] (-) TimerEvent: {}
[112.847383] (-) TimerEvent: {}
[112.949136] (-) TimerEvent: {}
[113.050849] (-) TimerEvent: {}
[113.152714] (-) TimerEvent: {}
[113.254396] (-) TimerEvent: {}
[113.356302] (-) TimerEvent: {}
[113.458237] (-) TimerEvent: {}
[113.552107] (opentera_webrtc_ros) StderrLine: {'line': b'In file included from \x1b[01m\x1b[K/home/ws/ugv_ws/src/ugv_else/opentera-webrtc-ros/opentera_webrtc_ros/opentera-webrtc/opentera-webrtc-native-client/OpenteraWebrtcNativeGStreamer/include/OpenteraWebrtcNativeGStreamer/Pipeline/GStreamerEncoderPipeline.h:21\x1b[m\x1b[K,\n'}
[113.553181] (opentera_webrtc_ros) StderrLine: {'line': b'                 from \x1b[01m\x1b[K/home/ws/ugv_ws/src/ugv_else/opentera-webrtc-ros/opentera_webrtc_ros/opentera-webrtc/opentera-webrtc-native-client/OpenteraWebrtcNativeGStreamer/src/Pipeline/GStreamerEncoderPipeline.cpp:26\x1b[m\x1b[K:\n'}
[113.553661] (opentera_webrtc_ros) StderrLine: {'line': b'\x1b[01m\x1b[K/home/ws/ugv_ws/src/ugv_else/opentera-webrtc-ros/opentera_webrtc_ros/opentera-webrtc/opentera-webrtc-native-client/OpenteraWebrtcNativeGStreamer/include/OpenteraWebrtcNativeGStreamer/Utils/GStreamerHelpers.h:\x1b[m\x1b[K In constructor \xe2\x80\x98\x1b[01m\x1b[Kgst::GstRequestPad::GstRequestPad(GstElement*, const gchar*)\x1b[m\x1b[K\xe2\x80\x99:\n'}
[113.554144] (opentera_webrtc_ros) StderrLine: {'line': b"\x1b[01m\x1b[K/home/ws/ugv_ws/src/ugv_else/opentera-webrtc-ros/opentera_webrtc_ros/opentera-webrtc/opentera-webrtc-native-client/OpenteraWebrtcNativeGStreamer/include/OpenteraWebrtcNativeGStreamer/Utils/GStreamerHelpers.h:169:68:\x1b[m\x1b[K \x1b[01;35m\x1b[Kwarning: \x1b[m\x1b[K\xe2\x80\x98\x1b[01m\x1b[KGstPad* gst_element_get_request_pad(GstElement*, const gchar*)\x1b[m\x1b[K\xe2\x80\x99 is deprecated: Use 'gst_element_request_pad_simple' instead [\x1b[01;35m\x1b[K-Wdeprecated-declarations\x1b[m\x1b[K]\n"}
[113.554642] (opentera_webrtc_ros) StderrLine: {'line': b'  169 |               pad_{gst::unique_from_ptr(\x1b[01;35m\x1b[Kgst_element_get_request_pad(element, name)\x1b[m\x1b[K)}\n'}
[113.559206] (-) TimerEvent: {}
[113.560726] (opentera_webrtc_ros) StderrLine: {'line': b'      |                                         \x1b[01;35m\x1b[K~~~~~~~~~~~~~~~~~~~~~~~~~~~^~~~~~~~~~~~~~~\x1b[m\x1b[K\n'}
[113.563768] (opentera_webrtc_ros) StderrLine: {'line': b'In file included from \x1b[01m\x1b[K/usr/include/gstreamer-1.0/gst/gstbin.h:27\x1b[m\x1b[K,\n'}
[113.566473] (opentera_webrtc_ros) StderrLine: {'line': b'                 from \x1b[01m\x1b[K/usr/include/gstreamer-1.0/gst/gst.h:35\x1b[m\x1b[K,\n'}
[113.569695] (opentera_webrtc_ros) StderrLine: {'line': b'                 from \x1b[01m\x1b[K/home/ws/ugv_ws/src/ugv_else/opentera-webrtc-ros/opentera_webrtc_ros/opentera-webrtc/opentera-webrtc-native-client/OpenteraWebrtcNativeGStreamer/include/OpenteraWebrtcNativeGStreamer/Utils/GStreamerHelpers.h:20\x1b[m\x1b[K,\n'}
[113.572531] (opentera_webrtc_ros) StderrLine: {'line': b'                 from \x1b[01m\x1b[K/home/ws/ugv_ws/src/ugv_else/opentera-webrtc-ros/opentera_webrtc_ros/opentera-webrtc/opentera-webrtc-native-client/OpenteraWebrtcNativeGStreamer/include/OpenteraWebrtcNativeGStreamer/Pipeline/GStreamerEncoderPipeline.h:21\x1b[m\x1b[K,\n'}
[113.575205] (opentera_webrtc_ros) StderrLine: {'line': b'                 from \x1b[01m\x1b[K/home/ws/ugv_ws/src/ugv_else/opentera-webrtc-ros/opentera_webrtc_ros/opentera-webrtc/opentera-webrtc-native-client/OpenteraWebrtcNativeGStreamer/src/Pipeline/GStreamerEncoderPipeline.cpp:26\x1b[m\x1b[K:\n'}
[113.577394] (opentera_webrtc_ros) StderrLine: {'line': b'\x1b[01m\x1b[K/usr/include/gstreamer-1.0/gst/gstelement.h:1042:25:\x1b[m\x1b[K \x1b[01;36m\x1b[Knote: \x1b[m\x1b[Kdeclared here\n'}
[113.579713] (opentera_webrtc_ros) StderrLine: {'line': b' 1042 | GstPad*                 \x1b[01;36m\x1b[Kgst_element_get_request_pad\x1b[m\x1b[K     (GstElement *element, const gchar *name);\n'}
[113.581862] (opentera_webrtc_ros) StderrLine: {'line': b'      |                         \x1b[01;36m\x1b[K^~~~~~~~~~~~~~~~~~~~~~~~~~~\x1b[m\x1b[K\n'}
[113.659510] (-) TimerEvent: {}
[113.761849] (-) TimerEvent: {}
[113.864701] (-) TimerEvent: {}
[113.968220] (-) TimerEvent: {}
[114.070490] (-) TimerEvent: {}
[114.173035] (-) TimerEvent: {}
[114.275826] (-) TimerEvent: {}
[114.377989] (-) TimerEvent: {}
[114.479910] (-) TimerEvent: {}
[114.581311] (-) TimerEvent: {}
[114.683415] (-) TimerEvent: {}
[114.784457] (-) TimerEvent: {}
[114.886751] (-) TimerEvent: {}
[114.988485] (-) TimerEvent: {}
[115.090478] (-) TimerEvent: {}
[115.195633] (-) TimerEvent: {}
[115.298259] (-) TimerEvent: {}
[115.401759] (-) TimerEvent: {}
[115.495572] (opentera_webrtc_ros) StdoutLine: {'line': b'[ 45%] \x1b[32m\x1b[1mLinking CXX executable json_data_handler\x1b[0m\n'}
[115.507176] (-) TimerEvent: {}
[115.608632] (-) TimerEvent: {}
[115.710101] (-) TimerEvent: {}
[115.812788] (-) TimerEvent: {}
[115.914880] (-) TimerEvent: {}
[116.016319] (-) TimerEvent: {}
[116.118132] (-) TimerEvent: {}
[116.193379] (opentera_webrtc_ros) StdoutLine: {'line': b'[ 46%] \x1b[32m\x1b[1mLinking CXX static library libixwebsocket.a\x1b[0m\n'}
[116.219447] (-) TimerEvent: {}
[116.320281] (-) TimerEvent: {}
[116.422433] (-) TimerEvent: {}
[116.531270] (-) TimerEvent: {}
[116.633661] (-) TimerEvent: {}
[116.735052] (-) TimerEvent: {}
[116.835719] (-) TimerEvent: {}
[116.937015] (-) TimerEvent: {}
[117.038283] (-) TimerEvent: {}
[117.164775] (-) TimerEvent: {}
[117.271329] (-) TimerEvent: {}
[117.376833] (-) TimerEvent: {}
[117.477801] (-) TimerEvent: {}
[117.578491] (-) TimerEvent: {}
[117.679487] (-) TimerEvent: {}
[117.780194] (-) TimerEvent: {}
[117.881178] (-) TimerEvent: {}
[117.981859] (-) TimerEvent: {}
[118.082677] (-) TimerEvent: {}
[118.147130] (opentera_webrtc_ros) StdoutLine: {'line': b'[ 46%] Built target ixwebsocket\n'}
[118.182863] (-) TimerEvent: {}
[118.283816] (-) TimerEvent: {}
[118.384543] (-) TimerEvent: {}
[118.486308] (-) TimerEvent: {}
[118.587351] (-) TimerEvent: {}
[118.688274] (-) TimerEvent: {}
[118.789249] (-) TimerEvent: {}
[118.890202] (-) TimerEvent: {}
[118.991111] (-) TimerEvent: {}
[119.092047] (-) TimerEvent: {}
[119.192932] (-) TimerEvent: {}
[119.293859] (-) TimerEvent: {}
[119.394753] (-) TimerEvent: {}
[119.495393] (-) TimerEvent: {}
[119.596012] (-) TimerEvent: {}
[119.652415] (opentera_webrtc_ros) StdoutLine: {'line': b'[ 47%] \x1b[32mBuilding CXX object SYSTEM/opentera-webrtc-native-client/OpenteraWebrtcNativeGStreamer/CMakeFiles/OpenteraWebrtcNativeGStreamer.dir/src/Utils/GStreamerHelpers.cpp.o\x1b[0m\n'}
[119.696321] (-) TimerEvent: {}
[119.797559] (-) TimerEvent: {}
[119.898414] (-) TimerEvent: {}
[120.000099] (-) TimerEvent: {}
[120.101314] (-) TimerEvent: {}
[120.201987] (-) TimerEvent: {}
[120.302952] (-) TimerEvent: {}
[120.405439] (-) TimerEvent: {}
[120.506866] (-) TimerEvent: {}
[120.608171] (-) TimerEvent: {}
[120.709923] (-) TimerEvent: {}
[120.811167] (-) TimerEvent: {}
[120.913161] (-) TimerEvent: {}
[121.014777] (-) TimerEvent: {}
[121.031333] (opentera_webrtc_ros) StderrLine: {'line': b'In file included from \x1b[01m\x1b[K/home/ws/ugv_ws/src/ugv_else/opentera-webrtc-ros/opentera_webrtc_ros/opentera-webrtc/opentera-webrtc-native-client/OpenteraWebrtcNativeGStreamer/src/Utils/GStreamerHelpers.cpp:1\x1b[m\x1b[K:\n'}
[121.035222] (opentera_webrtc_ros) StderrLine: {'line': b'\x1b[01m\x1b[K/home/ws/ugv_ws/src/ugv_else/opentera-webrtc-ros/opentera_webrtc_ros/opentera-webrtc/opentera-webrtc-native-client/OpenteraWebrtcNativeGStreamer/include/OpenteraWebrtcNativeGStreamer/Utils/GStreamerHelpers.h:\x1b[m\x1b[K In constructor \xe2\x80\x98\x1b[01m\x1b[Kgst::GstRequestPad::GstRequestPad(GstElement*, const gchar*)\x1b[m\x1b[K\xe2\x80\x99:\n'}
[121.038698] (opentera_webrtc_ros) StderrLine: {'line': b"\x1b[01m\x1b[K/home/ws/ugv_ws/src/ugv_else/opentera-webrtc-ros/opentera_webrtc_ros/opentera-webrtc/opentera-webrtc-native-client/OpenteraWebrtcNativeGStreamer/include/OpenteraWebrtcNativeGStreamer/Utils/GStreamerHelpers.h:169:68:\x1b[m\x1b[K \x1b[01;35m\x1b[Kwarning: \x1b[m\x1b[K\xe2\x80\x98\x1b[01m\x1b[KGstPad* gst_element_get_request_pad(GstElement*, const gchar*)\x1b[m\x1b[K\xe2\x80\x99 is deprecated: Use 'gst_element_request_pad_simple' instead [\x1b[01;35m\x1b[K-Wdeprecated-declarations\x1b[m\x1b[K]\n"}
[121.041816] (opentera_webrtc_ros) StderrLine: {'line': b'  169 |               pad_{gst::unique_from_ptr(\x1b[01;35m\x1b[Kgst_element_get_request_pad(element, name)\x1b[m\x1b[K)}\n'}
[121.042772] (opentera_webrtc_ros) StderrLine: {'line': b'      |                                         \x1b[01;35m\x1b[K~~~~~~~~~~~~~~~~~~~~~~~~~~~^~~~~~~~~~~~~~~\x1b[m\x1b[K\n'}
[121.048629] (opentera_webrtc_ros) StderrLine: {'line': b'In file included from \x1b[01m\x1b[K/usr/include/gstreamer-1.0/gst/gstbin.h:27\x1b[m\x1b[K,\n'}
[121.059238] (opentera_webrtc_ros) StderrLine: {'line': b'                 from \x1b[01m\x1b[K/usr/include/gstreamer-1.0/gst/gst.h:35\x1b[m\x1b[K,\n'}
[121.064722] (opentera_webrtc_ros) StderrLine: {'line': b'                 from \x1b[01m\x1b[K/home/ws/ugv_ws/src/ugv_else/opentera-webrtc-ros/opentera_webrtc_ros/opentera-webrtc/opentera-webrtc-native-client/OpenteraWebrtcNativeGStreamer/include/OpenteraWebrtcNativeGStreamer/Utils/GStreamerHelpers.h:20\x1b[m\x1b[K,\n'}
[121.067966] (opentera_webrtc_ros) StderrLine: {'line': b'                 from \x1b[01m\x1b[K/home/ws/ugv_ws/src/ugv_else/opentera-webrtc-ros/opentera_webrtc_ros/opentera-webrtc/opentera-webrtc-native-client/OpenteraWebrtcNativeGStreamer/src/Utils/GStreamerHelpers.cpp:1\x1b[m\x1b[K:\n'}
[121.069603] (opentera_webrtc_ros) StderrLine: {'line': b'\x1b[01m\x1b[K/usr/include/gstreamer-1.0/gst/gstelement.h:1042:25:\x1b[m\x1b[K \x1b[01;36m\x1b[Knote: \x1b[m\x1b[Kdeclared here\n'}
[121.070710] (opentera_webrtc_ros) StderrLine: {'line': b' 1042 | GstPad*                 \x1b[01;36m\x1b[Kgst_element_get_request_pad\x1b[m\x1b[K     (GstElement *element, const gchar *name);\n'}
[121.074380] (opentera_webrtc_ros) StderrLine: {'line': b'      |                         \x1b[01;36m\x1b[K^~~~~~~~~~~~~~~~~~~~~~~~~~~\x1b[m\x1b[K\n'}
[121.114961] (-) TimerEvent: {}
[121.151917] (opentera_webrtc_ros) StdoutLine: {'line': b'[ 47%] \x1b[32mBuilding CXX object SYSTEM/opentera-webrtc-native-client/OpenteraWebrtcNativeGStreamer/CMakeFiles/OpenteraWebrtcNativeGStreamer.dir/src/Utils/GStreamerSupport.cpp.o\x1b[0m\n'}
[121.219366] (-) TimerEvent: {}
[121.321872] (-) TimerEvent: {}
[121.422506] (-) TimerEvent: {}
[121.523160] (-) TimerEvent: {}
[121.624382] (-) TimerEvent: {}
[121.725067] (-) TimerEvent: {}
[121.826526] (-) TimerEvent: {}
[121.927486] (-) TimerEvent: {}
[122.029176] (-) TimerEvent: {}
[122.130730] (-) TimerEvent: {}
[122.232450] (-) TimerEvent: {}
[122.334612] (-) TimerEvent: {}
[122.436678] (-) TimerEvent: {}
[122.526777] (opentera_webrtc_ros) StderrLine: {'line': b'In file included from \x1b[01m\x1b[K/home/ws/ugv_ws/src/ugv_else/opentera-webrtc-ros/opentera_webrtc_ros/opentera-webrtc/opentera-webrtc-native-client/OpenteraWebrtcNativeGStreamer/src/Utils/GStreamerSupport.cpp:2\x1b[m\x1b[K:\n'}
[122.529401] (opentera_webrtc_ros) StderrLine: {'line': b'\x1b[01m\x1b[K/home/ws/ugv_ws/src/ugv_else/opentera-webrtc-ros/opentera_webrtc_ros/opentera-webrtc/opentera-webrtc-native-client/OpenteraWebrtcNativeGStreamer/include/OpenteraWebrtcNativeGStreamer/Utils/GStreamerHelpers.h:\x1b[m\x1b[K In constructor \xe2\x80\x98\x1b[01m\x1b[Kgst::GstRequestPad::GstRequestPad(GstElement*, const gchar*)\x1b[m\x1b[K\xe2\x80\x99:\n'}
[122.533301] (opentera_webrtc_ros) StderrLine: {'line': b"\x1b[01m\x1b[K/home/ws/ugv_ws/src/ugv_else/opentera-webrtc-ros/opentera_webrtc_ros/opentera-webrtc/opentera-webrtc-native-client/OpenteraWebrtcNativeGStreamer/include/OpenteraWebrtcNativeGStreamer/Utils/GStreamerHelpers.h:169:68:\x1b[m\x1b[K \x1b[01;35m\x1b[Kwarning: \x1b[m\x1b[K\xe2\x80\x98\x1b[01m\x1b[KGstPad* gst_element_get_request_pad(GstElement*, const gchar*)\x1b[m\x1b[K\xe2\x80\x99 is deprecated: Use 'gst_element_request_pad_simple' instead [\x1b[01;35m\x1b[K-Wdeprecated-declarations\x1b[m\x1b[K]\n"}
[122.537206] (-) TimerEvent: {}
[122.543277] (opentera_webrtc_ros) StderrLine: {'line': b'  169 |               pad_{gst::unique_from_ptr(\x1b[01;35m\x1b[Kgst_element_get_request_pad(element, name)\x1b[m\x1b[K)}\n'}
[122.543836] (opentera_webrtc_ros) StderrLine: {'line': b'      |                                         \x1b[01;35m\x1b[K~~~~~~~~~~~~~~~~~~~~~~~~~~~^~~~~~~~~~~~~~~\x1b[m\x1b[K\n'}
[122.544268] (opentera_webrtc_ros) StderrLine: {'line': b'In file included from \x1b[01m\x1b[K/usr/include/gstreamer-1.0/gst/gstbin.h:27\x1b[m\x1b[K,\n'}
[122.544642] (opentera_webrtc_ros) StderrLine: {'line': b'                 from \x1b[01m\x1b[K/usr/include/gstreamer-1.0/gst/gst.h:35\x1b[m\x1b[K,\n'}
[122.544998] (opentera_webrtc_ros) StderrLine: {'line': b'                 from \x1b[01m\x1b[K/home/ws/ugv_ws/src/ugv_else/opentera-webrtc-ros/opentera_webrtc_ros/opentera-webrtc/opentera-webrtc-native-client/OpenteraWebrtcNativeGStreamer/include/OpenteraWebrtcNativeGStreamer/Utils/GStreamerHelpers.h:20\x1b[m\x1b[K,\n'}
[122.545502] (opentera_webrtc_ros) StderrLine: {'line': b'                 from \x1b[01m\x1b[K/home/ws/ugv_ws/src/ugv_else/opentera-webrtc-ros/opentera_webrtc_ros/opentera-webrtc/opentera-webrtc-native-client/OpenteraWebrtcNativeGStreamer/src/Utils/GStreamerSupport.cpp:2\x1b[m\x1b[K:\n'}
[122.545869] (opentera_webrtc_ros) StderrLine: {'line': b'\x1b[01m\x1b[K/usr/include/gstreamer-1.0/gst/gstelement.h:1042:25:\x1b[m\x1b[K \x1b[01;36m\x1b[Knote: \x1b[m\x1b[Kdeclared here\n'}
[122.546208] (opentera_webrtc_ros) StderrLine: {'line': b' 1042 | GstPad*                 \x1b[01;36m\x1b[Kgst_element_get_request_pad\x1b[m\x1b[K     (GstElement *element, const gchar *name);\n'}
[122.546554] (opentera_webrtc_ros) StderrLine: {'line': b'      |                         \x1b[01;36m\x1b[K^~~~~~~~~~~~~~~~~~~~~~~~~~~\x1b[m\x1b[K\n'}
[122.637372] (-) TimerEvent: {}
[122.738784] (-) TimerEvent: {}
[122.843203] (-) TimerEvent: {}
[122.883660] (opentera_webrtc_ros) StdoutLine: {'line': b'[ 47%] Built target opentera_webrtc_ros_json_data_handler\n'}
[122.943369] (-) TimerEvent: {}
[123.045154] (-) TimerEvent: {}
[123.146550] (-) TimerEvent: {}
[123.247396] (-) TimerEvent: {}
[123.348522] (-) TimerEvent: {}
[123.449537] (-) TimerEvent: {}
[123.550677] (-) TimerEvent: {}
[123.651444] (-) TimerEvent: {}
[123.752567] (-) TimerEvent: {}
[123.853353] (-) TimerEvent: {}
[123.954165] (-) TimerEvent: {}
[124.054934] (-) TimerEvent: {}
[124.155750] (-) TimerEvent: {}
[124.256547] (-) TimerEvent: {}
[124.357306] (-) TimerEvent: {}
[124.457966] (-) TimerEvent: {}
[124.558945] (-) TimerEvent: {}
[124.659751] (-) TimerEvent: {}
[124.760383] (-) TimerEvent: {}
[124.794654] (opentera_webrtc_ros) StdoutLine: {'line': b'[ 48%] \x1b[32mBuilding CXX object SYSTEM/opentera-webrtc-native-client/OpenteraWebrtcNativeGStreamer/CMakeFiles/OpenteraWebrtcNativeGStreamer.dir/src/Utils/GStreamerBufferPool.cpp.o\x1b[0m\n'}
[124.860586] (-) TimerEvent: {}
[124.961637] (-) TimerEvent: {}
[125.062520] (-) TimerEvent: {}
[125.165199] (-) TimerEvent: {}
[125.266219] (-) TimerEvent: {}
[125.366895] (-) TimerEvent: {}
[125.467974] (-) TimerEvent: {}
[125.568689] (-) TimerEvent: {}
[125.669753] (-) TimerEvent: {}
[125.770847] (-) TimerEvent: {}
[125.789366] (opentera_webrtc_ros) StderrLine: {'line': b'In file included from \x1b[01m\x1b[K/home/ws/ugv_ws/src/ugv_else/opentera-webrtc-ros/opentera_webrtc_ros/opentera-webrtc/opentera-webrtc-native-client/OpenteraWebrtcNativeGStreamer/include/OpenteraWebrtcNativeGStreamer/Utils/GStreamerBufferPool.h:20\x1b[m\x1b[K,\n'}
[125.790062] (opentera_webrtc_ros) StderrLine: {'line': b'                 from \x1b[01m\x1b[K/home/ws/ugv_ws/src/ugv_else/opentera-webrtc-ros/opentera_webrtc_ros/opentera-webrtc/opentera-webrtc-native-client/OpenteraWebrtcNativeGStreamer/src/Utils/GStreamerBufferPool.cpp:1\x1b[m\x1b[K:\n'}
[125.790421] (opentera_webrtc_ros) StderrLine: {'line': b'\x1b[01m\x1b[K/home/ws/ugv_ws/src/ugv_else/opentera-webrtc-ros/opentera_webrtc_ros/opentera-webrtc/opentera-webrtc-native-client/OpenteraWebrtcNativeGStreamer/include/OpenteraWebrtcNativeGStreamer/Utils/GStreamerHelpers.h:\x1b[m\x1b[K In constructor \xe2\x80\x98\x1b[01m\x1b[Kgst::GstRequestPad::GstRequestPad(GstElement*, const gchar*)\x1b[m\x1b[K\xe2\x80\x99:\n'}
[125.790721] (opentera_webrtc_ros) StderrLine: {'line': b"\x1b[01m\x1b[K/home/ws/ugv_ws/src/ugv_else/opentera-webrtc-ros/opentera_webrtc_ros/opentera-webrtc/opentera-webrtc-native-client/OpenteraWebrtcNativeGStreamer/include/OpenteraWebrtcNativeGStreamer/Utils/GStreamerHelpers.h:169:68:\x1b[m\x1b[K \x1b[01;35m\x1b[Kwarning: \x1b[m\x1b[K\xe2\x80\x98\x1b[01m\x1b[KGstPad* gst_element_get_request_pad(GstElement*, const gchar*)\x1b[m\x1b[K\xe2\x80\x99 is deprecated: Use 'gst_element_request_pad_simple' instead [\x1b[01;35m\x1b[K-Wdeprecated-declarations\x1b[m\x1b[K]\n"}
[125.791063] (opentera_webrtc_ros) StderrLine: {'line': b'  169 |               pad_{gst::unique_from_ptr(\x1b[01;35m\x1b[Kgst_element_get_request_pad(element, name)\x1b[m\x1b[K)}\n'}
[125.791413] (opentera_webrtc_ros) StderrLine: {'line': b'      |                                         \x1b[01;35m\x1b[K~~~~~~~~~~~~~~~~~~~~~~~~~~~^~~~~~~~~~~~~~~\x1b[m\x1b[K\n'}
[125.791683] (opentera_webrtc_ros) StderrLine: {'line': b'In file included from \x1b[01m\x1b[K/usr/include/gstreamer-1.0/gst/gstbin.h:27\x1b[m\x1b[K,\n'}
[125.791961] (opentera_webrtc_ros) StderrLine: {'line': b'                 from \x1b[01m\x1b[K/usr/include/gstreamer-1.0/gst/gst.h:35\x1b[m\x1b[K,\n'}
[125.792214] (opentera_webrtc_ros) StderrLine: {'line': b'                 from \x1b[01m\x1b[K/home/ws/ugv_ws/src/ugv_else/opentera-webrtc-ros/opentera_webrtc_ros/opentera-webrtc/opentera-webrtc-native-client/OpenteraWebrtcNativeGStreamer/include/OpenteraWebrtcNativeGStreamer/Utils/GStreamerHelpers.h:20\x1b[m\x1b[K,\n'}
[125.792453] (opentera_webrtc_ros) StderrLine: {'line': b'                 from \x1b[01m\x1b[K/home/ws/ugv_ws/src/ugv_else/opentera-webrtc-ros/opentera_webrtc_ros/opentera-webrtc/opentera-webrtc-native-client/OpenteraWebrtcNativeGStreamer/include/OpenteraWebrtcNativeGStreamer/Utils/GStreamerBufferPool.h:20\x1b[m\x1b[K,\n'}
[125.792718] (opentera_webrtc_ros) StderrLine: {'line': b'                 from \x1b[01m\x1b[K/home/ws/ugv_ws/src/ugv_else/opentera-webrtc-ros/opentera_webrtc_ros/opentera-webrtc/opentera-webrtc-native-client/OpenteraWebrtcNativeGStreamer/src/Utils/GStreamerBufferPool.cpp:1\x1b[m\x1b[K:\n'}
[125.792965] (opentera_webrtc_ros) StderrLine: {'line': b'\x1b[01m\x1b[K/usr/include/gstreamer-1.0/gst/gstelement.h:1042:25:\x1b[m\x1b[K \x1b[01;36m\x1b[Knote: \x1b[m\x1b[Kdeclared here\n'}
[125.793210] (opentera_webrtc_ros) StderrLine: {'line': b' 1042 | GstPad*                 \x1b[01;36m\x1b[Kgst_element_get_request_pad\x1b[m\x1b[K     (GstElement *element, const gchar *name);\n'}
[125.793521] (opentera_webrtc_ros) StderrLine: {'line': b'      |                         \x1b[01;36m\x1b[K^~~~~~~~~~~~~~~~~~~~~~~~~~~\x1b[m\x1b[K\n'}
[125.871147] (-) TimerEvent: {}
[125.972191] (-) TimerEvent: {}
[126.073281] (-) TimerEvent: {}
[126.173991] (-) TimerEvent: {}
[126.275137] (-) TimerEvent: {}
[126.375841] (-) TimerEvent: {}
[126.476933] (-) TimerEvent: {}
[126.577641] (-) TimerEvent: {}
[126.678521] (-) TimerEvent: {}
[126.703276] (opentera_webrtc_ros) StdoutLine: {'line': b'[ 50%] \x1b[32m\x1b[1mLinking CXX shared library libOpenteraWebrtcNativeGStreamer.so\x1b[0m\n'}
[126.778733] (-) TimerEvent: {}
[126.879499] (-) TimerEvent: {}
[126.980073] (-) TimerEvent: {}
[127.080998] (-) TimerEvent: {}
[127.181570] (-) TimerEvent: {}
[127.282299] (-) TimerEvent: {}
[127.382960] (-) TimerEvent: {}
[127.483647] (-) TimerEvent: {}
[127.584314] (-) TimerEvent: {}
[127.687206] (-) TimerEvent: {}
[127.787986] (-) TimerEvent: {}
[127.888586] (-) TimerEvent: {}
[127.989224] (-) TimerEvent: {}
[128.089977] (-) TimerEvent: {}
[128.190846] (-) TimerEvent: {}
[128.291723] (-) TimerEvent: {}
[128.392533] (-) TimerEvent: {}
[128.493287] (-) TimerEvent: {}
[128.594084] (-) TimerEvent: {}
[128.695032] (-) TimerEvent: {}
[128.796734] (-) TimerEvent: {}
[128.897996] (-) TimerEvent: {}
[128.999383] (-) TimerEvent: {}
[129.100279] (-) TimerEvent: {}
[129.201672] (-) TimerEvent: {}
[129.303270] (-) TimerEvent: {}
[129.405123] (-) TimerEvent: {}
[129.505959] (-) TimerEvent: {}
[129.607942] (-) TimerEvent: {}
[129.709566] (-) TimerEvent: {}
[129.811176] (-) TimerEvent: {}
[129.911873] (-) TimerEvent: {}
[130.012560] (-) TimerEvent: {}
[130.113881] (-) TimerEvent: {}
[130.214761] (-) TimerEvent: {}
[130.315666] (-) TimerEvent: {}
[130.416446] (-) TimerEvent: {}
[130.517293] (-) TimerEvent: {}
[130.618015] (-) TimerEvent: {}
[130.719176] (-) TimerEvent: {}
[130.820415] (-) TimerEvent: {}
[130.921380] (-) TimerEvent: {}
[131.022181] (-) TimerEvent: {}
[131.123261] (-) TimerEvent: {}
[131.224042] (-) TimerEvent: {}
[131.325077] (-) TimerEvent: {}
[131.425896] (-) TimerEvent: {}
[131.526888] (-) TimerEvent: {}
[131.627732] (-) TimerEvent: {}
[131.728918] (-) TimerEvent: {}
[131.829710] (-) TimerEvent: {}
[131.930632] (-) TimerEvent: {}
[132.031786] (-) TimerEvent: {}
[132.132979] (-) TimerEvent: {}
[132.233951] (-) TimerEvent: {}
[132.335273] (-) TimerEvent: {}
[132.436630] (-) TimerEvent: {}
[132.537939] (-) TimerEvent: {}
[132.639311] (-) TimerEvent: {}
[132.740690] (-) TimerEvent: {}
[132.842155] (-) TimerEvent: {}
[132.942835] (-) TimerEvent: {}
[133.043513] (-) TimerEvent: {}
[133.144548] (-) TimerEvent: {}
[133.245427] (-) TimerEvent: {}
[133.346838] (-) TimerEvent: {}
[133.447594] (-) TimerEvent: {}
[133.548555] (-) TimerEvent: {}
[133.649332] (-) TimerEvent: {}
[133.750571] (-) TimerEvent: {}
[133.851482] (-) TimerEvent: {}
[133.952213] (-) TimerEvent: {}
[134.052934] (-) TimerEvent: {}
[134.153964] (-) TimerEvent: {}
[134.254681] (-) TimerEvent: {}
[134.355866] (-) TimerEvent: {}
[134.456588] (-) TimerEvent: {}
[134.557603] (-) TimerEvent: {}
[134.658698] (-) TimerEvent: {}
[134.759471] (-) TimerEvent: {}
[134.860512] (-) TimerEvent: {}
[134.961228] (-) TimerEvent: {}
[135.061978] (-) TimerEvent: {}
[135.163152] (-) TimerEvent: {}
[135.264243] (-) TimerEvent: {}
[135.364975] (-) TimerEvent: {}
[135.466051] (-) TimerEvent: {}
[135.566905] (-) TimerEvent: {}
[135.667684] (-) TimerEvent: {}
[135.768407] (-) TimerEvent: {}
[135.869459] (-) TimerEvent: {}
[135.970139] (-) TimerEvent: {}
[136.070818] (-) TimerEvent: {}
[136.172261] (-) TimerEvent: {}
[136.273054] (-) TimerEvent: {}
[136.374388] (-) TimerEvent: {}
[136.475217] (-) TimerEvent: {}
[136.577296] (-) TimerEvent: {}
[136.678048] (-) TimerEvent: {}
[136.779339] (-) TimerEvent: {}
[136.880110] (-) TimerEvent: {}
[136.981095] (-) TimerEvent: {}
[137.082320] (-) TimerEvent: {}
[137.183065] (-) TimerEvent: {}
[137.283727] (-) TimerEvent: {}
[137.385677] (-) TimerEvent: {}
[137.486383] (-) TimerEvent: {}
[137.587533] (-) TimerEvent: {}
[137.688598] (-) TimerEvent: {}
[137.789306] (-) TimerEvent: {}
[137.889974] (-) TimerEvent: {}
[137.991216] (-) TimerEvent: {}
[138.092423] (-) TimerEvent: {}
[138.193519] (-) TimerEvent: {}
[138.294456] (-) TimerEvent: {}
[138.395421] (-) TimerEvent: {}
[138.496179] (-) TimerEvent: {}
[138.597098] (-) TimerEvent: {}
[138.698020] (-) TimerEvent: {}
[138.798903] (-) TimerEvent: {}
[138.899641] (-) TimerEvent: {}
[139.000594] (-) TimerEvent: {}
[139.101555] (-) TimerEvent: {}
[139.202547] (-) TimerEvent: {}
[139.303497] (-) TimerEvent: {}
[139.404401] (-) TimerEvent: {}
[139.505314] (-) TimerEvent: {}
[139.606090] (-) TimerEvent: {}
[139.707177] (-) TimerEvent: {}
[139.809242] (-) TimerEvent: {}
[139.910412] (-) TimerEvent: {}
[140.012153] (-) TimerEvent: {}
[140.113000] (-) TimerEvent: {}
[140.213874] (-) TimerEvent: {}
[140.314736] (-) TimerEvent: {}
[140.415487] (-) TimerEvent: {}
[140.516168] (-) TimerEvent: {}
[140.616816] (-) TimerEvent: {}
[140.717627] (-) TimerEvent: {}
[140.818332] (-) TimerEvent: {}
[140.919405] (-) TimerEvent: {}
[141.020036] (-) TimerEvent: {}
[141.120793] (-) TimerEvent: {}
[141.221458] (-) TimerEvent: {}
[141.322172] (-) TimerEvent: {}
[141.422838] (-) TimerEvent: {}
[141.523533] (-) TimerEvent: {}
[141.624182] (-) TimerEvent: {}
[141.724861] (-) TimerEvent: {}
[141.825563] (-) TimerEvent: {}
[141.926210] (-) TimerEvent: {}
[142.026865] (-) TimerEvent: {}
[142.127496] (-) TimerEvent: {}
[142.228130] (-) TimerEvent: {}
[142.328785] (-) TimerEvent: {}
[142.429436] (-) TimerEvent: {}
[142.530512] (-) TimerEvent: {}
[142.631206] (-) TimerEvent: {}
[142.731908] (-) TimerEvent: {}
[142.832622] (-) TimerEvent: {}
[142.933411] (-) TimerEvent: {}
[143.034171] (-) TimerEvent: {}
[143.135009] (-) TimerEvent: {}
[143.235782] (-) TimerEvent: {}
[143.336539] (-) TimerEvent: {}
[143.437452] (-) TimerEvent: {}
[143.538911] (-) TimerEvent: {}
[143.639699] (-) TimerEvent: {}
[143.740957] (-) TimerEvent: {}
[143.842221] (-) TimerEvent: {}
[143.944625] (-) TimerEvent: {}
[144.045870] (-) TimerEvent: {}
[144.147162] (-) TimerEvent: {}
[144.248558] (-) TimerEvent: {}
[144.349602] (-) TimerEvent: {}
[144.450625] (-) TimerEvent: {}
[144.551608] (-) TimerEvent: {}
[144.652189] (-) TimerEvent: {}
[144.752790] (-) TimerEvent: {}
[144.853384] (-) TimerEvent: {}
[144.953991] (-) TimerEvent: {}
[145.054585] (-) TimerEvent: {}
[145.155241] (-) TimerEvent: {}
[145.255850] (-) TimerEvent: {}
[145.356448] (-) TimerEvent: {}
[145.457085] (-) TimerEvent: {}
[145.557692] (-) TimerEvent: {}
[145.658371] (-) TimerEvent: {}
[145.759408] (-) TimerEvent: {}
[145.860420] (-) TimerEvent: {}
[145.961606] (-) TimerEvent: {}
[146.062637] (-) TimerEvent: {}
[146.163807] (-) TimerEvent: {}
[146.264740] (-) TimerEvent: {}
[146.365355] (-) TimerEvent: {}
[146.465957] (-) TimerEvent: {}
[146.566600] (-) TimerEvent: {}
[146.667306] (-) TimerEvent: {}
[146.767924] (-) TimerEvent: {}
[146.868560] (-) TimerEvent: {}
[146.969237] (-) TimerEvent: {}
[147.069845] (-) TimerEvent: {}
[147.170456] (-) TimerEvent: {}
[147.271128] (-) TimerEvent: {}
[147.371733] (-) TimerEvent: {}
[147.472352] (-) TimerEvent: {}
[147.572991] (-) TimerEvent: {}
[147.673702] (-) TimerEvent: {}
[147.774419] (-) TimerEvent: {}
[147.957924] (-) TimerEvent: {}
[148.059134] (-) TimerEvent: {}
[148.159993] (-) TimerEvent: {}
[148.261248] (-) TimerEvent: {}
[148.362498] (-) TimerEvent: {}
[148.463987] (-) TimerEvent: {}
[148.566231] (-) TimerEvent: {}
[148.667464] (-) TimerEvent: {}
[148.768678] (-) TimerEvent: {}
[148.869572] (-) TimerEvent: {}
[148.970194] (-) TimerEvent: {}
[149.071548] (-) TimerEvent: {}
[149.172366] (-) TimerEvent: {}
[149.273384] (-) TimerEvent: {}
[149.374307] (-) TimerEvent: {}
[149.475219] (-) TimerEvent: {}
[149.576113] (-) TimerEvent: {}
[149.677125] (-) TimerEvent: {}
[149.778003] (-) TimerEvent: {}
[149.878651] (-) TimerEvent: {}
[149.979367] (-) TimerEvent: {}
[150.079993] (-) TimerEvent: {}
[150.180614] (-) TimerEvent: {}
[150.281331] (-) TimerEvent: {}
[150.382010] (-) TimerEvent: {}
[150.482745] (-) TimerEvent: {}
[150.583451] (-) TimerEvent: {}
[150.684275] (-) TimerEvent: {}
[150.784954] (-) TimerEvent: {}
[150.885598] (-) TimerEvent: {}
[150.986215] (-) TimerEvent: {}
[151.087301] (-) TimerEvent: {}
[151.187977] (-) TimerEvent: {}
[151.288607] (-) TimerEvent: {}
[151.389402] (-) TimerEvent: {}
[151.490462] (-) TimerEvent: {}
[151.591575] (-) TimerEvent: {}
[151.692620] (-) TimerEvent: {}
[151.793302] (-) TimerEvent: {}
[151.893938] (-) TimerEvent: {}
[151.994565] (-) TimerEvent: {}
[152.095188] (-) TimerEvent: {}
[152.195787] (-) TimerEvent: {}
[152.296471] (-) TimerEvent: {}
[152.397111] (-) TimerEvent: {}
[152.497722] (-) TimerEvent: {}
[152.598354] (-) TimerEvent: {}
[152.699149] (-) TimerEvent: {}
[152.800183] (-) TimerEvent: {}
[152.901319] (-) TimerEvent: {}
[153.003402] (-) TimerEvent: {}
[153.104935] (-) TimerEvent: {}
[153.207192] (-) TimerEvent: {}
[153.309339] (-) TimerEvent: {}
[153.411433] (-) TimerEvent: {}
[153.512875] (-) TimerEvent: {}
[153.613995] (-) TimerEvent: {}
[153.715031] (-) TimerEvent: {}
[153.816073] (-) TimerEvent: {}
[153.917054] (-) TimerEvent: {}
[154.018030] (-) TimerEvent: {}
[154.119046] (-) TimerEvent: {}
[154.219783] (-) TimerEvent: {}
[154.321099] (-) TimerEvent: {}
[154.422273] (-) TimerEvent: {}
[154.523213] (-) TimerEvent: {}
[154.624393] (-) TimerEvent: {}
[154.725281] (-) TimerEvent: {}
[154.825916] (-) TimerEvent: {}
[154.927403] (-) TimerEvent: {}
[155.028360] (-) TimerEvent: {}
[155.129513] (-) TimerEvent: {}
[155.230505] (-) TimerEvent: {}
[155.331676] (-) TimerEvent: {}
[155.432628] (-) TimerEvent: {}
[155.533578] (-) TimerEvent: {}
[155.634591] (-) TimerEvent: {}
[155.735700] (-) TimerEvent: {}
[155.836699] (-) TimerEvent: {}
[155.937615] (-) TimerEvent: {}
[156.038356] (-) TimerEvent: {}
[156.139011] (-) TimerEvent: {}
[156.239658] (-) TimerEvent: {}
[156.340581] (-) TimerEvent: {}
[156.441899] (-) TimerEvent: {}
[156.542723] (-) TimerEvent: {}
[156.643413] (-) TimerEvent: {}
[156.744028] (-) TimerEvent: {}
[156.844718] (-) TimerEvent: {}
[156.945526] (-) TimerEvent: {}
[157.046266] (-) TimerEvent: {}
[157.147093] (-) TimerEvent: {}
[157.248003] (-) TimerEvent: {}
[157.349128] (-) TimerEvent: {}
[157.450136] (-) TimerEvent: {}
[157.550882] (-) TimerEvent: {}
[157.651741] (-) TimerEvent: {}
[157.752752] (-) TimerEvent: {}
[157.853392] (-) TimerEvent: {}
[157.954054] (-) TimerEvent: {}
[158.054844] (-) TimerEvent: {}
[158.155664] (-) TimerEvent: {}
[158.256355] (-) TimerEvent: {}
[158.357400] (-) TimerEvent: {}
[158.458679] (-) TimerEvent: {}
[158.559483] (-) TimerEvent: {}
[158.660326] (-) TimerEvent: {}
[158.760998] (-) TimerEvent: {}
[158.861631] (-) TimerEvent: {}
[158.962471] (-) TimerEvent: {}
[159.063106] (-) TimerEvent: {}
[159.163849] (-) TimerEvent: {}
[159.264770] (-) TimerEvent: {}
[159.366248] (-) TimerEvent: {}
[159.467339] (-) TimerEvent: {}
[159.569505] (-) TimerEvent: {}
[159.670195] (-) TimerEvent: {}
[159.771195] (-) TimerEvent: {}
[159.871809] (-) TimerEvent: {}
[159.972719] (-) TimerEvent: {}
[160.073414] (-) TimerEvent: {}
[160.174428] (-) TimerEvent: {}
[160.275131] (-) TimerEvent: {}
[160.375763] (-) TimerEvent: {}
[160.476476] (-) TimerEvent: {}
[160.577569] (-) TimerEvent: {}
[160.678188] (-) TimerEvent: {}
[160.779189] (-) TimerEvent: {}
[160.879886] (-) TimerEvent: {}
[160.981002] (-) TimerEvent: {}
[161.081880] (-) TimerEvent: {}
[161.183176] (-) TimerEvent: {}
[161.284001] (-) TimerEvent: {}
[161.385055] (-) TimerEvent: {}
[161.485993] (-) TimerEvent: {}
[161.586760] (-) TimerEvent: {}
[161.687531] (-) TimerEvent: {}
[161.788988] (-) TimerEvent: {}
[161.890089] (-) TimerEvent: {}
[161.990726] (-) TimerEvent: {}
[162.091396] (-) TimerEvent: {}
[162.192549] (-) TimerEvent: {}
[162.293665] (-) TimerEvent: {}
[162.395142] (-) TimerEvent: {}
[162.495855] (-) TimerEvent: {}
[162.599189] (-) TimerEvent: {}
[162.700345] (-) TimerEvent: {}
[162.803176] (-) TimerEvent: {}
[162.903863] (-) TimerEvent: {}
[163.004773] (-) TimerEvent: {}
[163.105524] (-) TimerEvent: {}
[163.207528] (-) TimerEvent: {}
[163.308236] (-) TimerEvent: {}
[163.410088] (-) TimerEvent: {}
[163.511346] (-) TimerEvent: {}
[163.612931] (-) TimerEvent: {}
[163.715144] (-) TimerEvent: {}
[163.818828] (-) TimerEvent: {}
[163.919491] (-) TimerEvent: {}
[164.020459] (-) TimerEvent: {}
[164.121309] (-) TimerEvent: {}
[164.222398] (-) TimerEvent: {}
[164.323120] (-) TimerEvent: {}
[164.423790] (-) TimerEvent: {}
[164.524697] (-) TimerEvent: {}
[164.625527] (-) TimerEvent: {}
[164.726447] (-) TimerEvent: {}
[164.827153] (-) TimerEvent: {}
[164.927846] (-) TimerEvent: {}
[165.029352] (-) TimerEvent: {}
[165.130020] (-) TimerEvent: {}
[165.230886] (-) TimerEvent: {}
[165.331909] (-) TimerEvent: {}
[165.432609] (-) TimerEvent: {}
[165.533340] (-) TimerEvent: {}
[165.634120] (-) TimerEvent: {}
[165.735251] (-) TimerEvent: {}
[165.835853] (-) TimerEvent: {}
[165.936748] (-) TimerEvent: {}
[166.037394] (-) TimerEvent: {}
[166.138294] (-) TimerEvent: {}
[166.239205] (-) TimerEvent: {}
[166.339828] (-) TimerEvent: {}
[166.440697] (-) TimerEvent: {}
[166.541610] (-) TimerEvent: {}
[166.872703] (-) TimerEvent: {}
[166.973844] (-) TimerEvent: {}
[167.074909] (-) TimerEvent: {}
[167.176067] (-) TimerEvent: {}
[167.276942] (-) TimerEvent: {}
[167.377943] (-) TimerEvent: {}
[167.478655] (-) TimerEvent: {}
[167.579752] (-) TimerEvent: {}
[167.680489] (-) TimerEvent: {}
[167.781744] (-) TimerEvent: {}
[167.883421] (-) TimerEvent: {}
[167.984672] (-) TimerEvent: {}
[168.086048] (-) TimerEvent: {}
[168.187402] (-) TimerEvent: {}
[168.289442] (-) TimerEvent: {}
[168.391768] (-) TimerEvent: {}
[168.492908] (-) TimerEvent: {}
[168.593831] (-) TimerEvent: {}
[168.694546] (-) TimerEvent: {}
[168.795587] (-) TimerEvent: {}
[168.896426] (-) TimerEvent: {}
[168.997554] (-) TimerEvent: {}
[169.098777] (-) TimerEvent: {}
[169.199732] (-) TimerEvent: {}
[169.300430] (-) TimerEvent: {}
[169.401355] (-) TimerEvent: {}
[169.503925] (opentera_webrtc_ros) StdoutLine: {'line': b'[ 50%] Built target OpenteraWebrtcNativeGStreamer\n'}
[169.504494] (-) TimerEvent: {}
[169.582579] (opentera_webrtc_ros) StdoutLine: {'line': b'[ 51%] \x1b[34m\x1b[1mGenerating cmake/pip_utils/OpenteraWebrtcNativeGStreamer-so.stamp\x1b[0m\n'}
[169.585684] (opentera_webrtc_ros) StdoutLine: {'line': b'[ 51%] \x1b[32mBuilding CXX object SYSTEM/opentera-webrtc-native-client/OpenteraWebrtcNativeClient/CMakeFiles/OpenteraWebrtcNativeClient.dir/src/Codecs/VideoCodecFactories.cpp.o\x1b[0m\n'}
[169.586850] (opentera_webrtc_ros) StdoutLine: {'line': b'[ 52%] \x1b[32mBuilding CXX object SYSTEM/opentera-webrtc-native-client/OpenteraWebrtcNativeClient/CMakeFiles/OpenteraWebrtcNativeClient.dir/src/Configurations/AudioSourceConfiguration.cpp.o\x1b[0m\n'}
[169.591186] (opentera_webrtc_ros) StdoutLine: {'line': b'[ 53%] \x1b[32mBuilding CXX object SYSTEM/opentera-webrtc-native-client/OpenteraWebrtcNativeClient/CMakeFiles/OpenteraWebrtcNativeClient.dir/src/Configurations/DataChannelConfiguration.cpp.o\x1b[0m\n'}
[169.607244] (-) TimerEvent: {}
[169.708306] (-) TimerEvent: {}
[169.809106] (-) TimerEvent: {}
[169.909918] (-) TimerEvent: {}
[170.011215] (-) TimerEvent: {}
[170.112415] (-) TimerEvent: {}
[170.213542] (-) TimerEvent: {}
[170.314645] (-) TimerEvent: {}
[170.416026] (-) TimerEvent: {}
[170.482168] (opentera_webrtc_ros) StdoutLine: {'line': b'[ 53%] Built target OpenteraWebrtcNativeGStreamer-so-target\n'}
[170.511827] (opentera_webrtc_ros) StdoutLine: {'line': b'[ 53%] \x1b[32mBuilding CXX object SYSTEM/opentera-webrtc-native-client/OpenteraWebrtcNativeClient/CMakeFiles/OpenteraWebrtcNativeClient.dir/src/Configurations/SignalingServerConfiguration.cpp.o\x1b[0m\n'}
[170.516358] (-) TimerEvent: {}
[170.617472] (-) TimerEvent: {}
[170.718080] (-) TimerEvent: {}
[170.818924] (-) TimerEvent: {}
[170.919514] (-) TimerEvent: {}
[171.020360] (-) TimerEvent: {}
[171.120936] (-) TimerEvent: {}
[171.221883] (-) TimerEvent: {}
[171.323306] (-) TimerEvent: {}
[171.425921] (-) TimerEvent: {}
[171.527327] (-) TimerEvent: {}
[171.628235] (-) TimerEvent: {}
[171.729192] (-) TimerEvent: {}
[171.830096] (-) TimerEvent: {}
[171.930957] (-) TimerEvent: {}
[172.032033] (-) TimerEvent: {}
[172.132982] (-) TimerEvent: {}
[172.233820] (-) TimerEvent: {}
[172.335185] (-) TimerEvent: {}
[172.439522] (-) TimerEvent: {}
[172.540332] (-) TimerEvent: {}
[172.641188] (-) TimerEvent: {}
[172.742290] (-) TimerEvent: {}
[172.843286] (-) TimerEvent: {}
[172.944110] (-) TimerEvent: {}
[173.044934] (-) TimerEvent: {}
[173.145883] (-) TimerEvent: {}
[173.247470] (-) TimerEvent: {}
[173.348291] (-) TimerEvent: {}
[173.449554] (-) TimerEvent: {}
[173.551699] (-) TimerEvent: {}
[173.655580] (-) TimerEvent: {}
[173.756853] (-) TimerEvent: {}
[173.858115] (-) TimerEvent: {}
[173.959401] (-) TimerEvent: {}
[174.060644] (-) TimerEvent: {}
[174.161479] (-) TimerEvent: {}
[174.262758] (-) TimerEvent: {}
[174.364222] (-) TimerEvent: {}
[174.465860] (-) TimerEvent: {}
[174.566690] (-) TimerEvent: {}
[174.668027] (-) TimerEvent: {}
[174.769585] (-) TimerEvent: {}
[174.870403] (-) TimerEvent: {}
[174.972000] (-) TimerEvent: {}
[175.073525] (-) TimerEvent: {}
[175.175133] (-) TimerEvent: {}
[175.276632] (-) TimerEvent: {}
[175.377890] (-) TimerEvent: {}
[175.478653] (-) TimerEvent: {}
[175.580231] (-) TimerEvent: {}
[175.683072] (-) TimerEvent: {}
[175.784480] (-) TimerEvent: {}
[175.885507] (-) TimerEvent: {}
[175.986830] (-) TimerEvent: {}
[176.088206] (-) TimerEvent: {}
[176.189218] (-) TimerEvent: {}
[176.289864] (-) TimerEvent: {}
[176.391597] (-) TimerEvent: {}
[176.492538] (-) TimerEvent: {}
[176.593904] (-) TimerEvent: {}
[176.694910] (-) TimerEvent: {}
[176.796314] (-) TimerEvent: {}
[176.897010] (-) TimerEvent: {}
[176.998449] (-) TimerEvent: {}
[177.099893] (-) TimerEvent: {}
[177.201544] (-) TimerEvent: {}
[177.302206] (-) TimerEvent: {}
[177.403569] (-) TimerEvent: {}
[177.504933] (-) TimerEvent: {}
[177.606191] (-) TimerEvent: {}
[177.707071] (-) TimerEvent: {}
[177.807964] (-) TimerEvent: {}
[177.908841] (-) TimerEvent: {}
[178.009746] (-) TimerEvent: {}
[178.110329] (-) TimerEvent: {}
[178.211201] (-) TimerEvent: {}
[178.291179] (opentera_webrtc_ros) StdoutLine: {'line': b'[ 54%] \x1b[32mBuilding CXX object SYSTEM/opentera-webrtc-native-client/OpenteraWebrtcNativeClient/CMakeFiles/OpenteraWebrtcNativeClient.dir/src/Configurations/VideoSourceConfiguration.cpp.o\x1b[0m\n'}
[178.311413] (-) TimerEvent: {}
[178.412844] (-) TimerEvent: {}
[178.513681] (-) TimerEvent: {}
[178.614564] (-) TimerEvent: {}
[182.635728] (-) TimerEvent: {}
[182.736930] (-) TimerEvent: {}
[182.838017] (-) TimerEvent: {}
[182.939759] (-) TimerEvent: {}
[183.040844] (-) TimerEvent: {}
[183.142495] (-) TimerEvent: {}
[183.244125] (-) TimerEvent: {}
[183.345669] (-) TimerEvent: {}
[183.447230] (-) TimerEvent: {}
[183.548327] (-) TimerEvent: {}
[183.650016] (-) TimerEvent: {}
[187.419208] (-) TimerEvent: {}
[187.520513] (-) TimerEvent: {}
[187.621724] (-) TimerEvent: {}
[187.722821] (-) TimerEvent: {}
[187.823986] (-) TimerEvent: {}
[187.925000] (-) TimerEvent: {}
[188.026092] (-) TimerEvent: {}
[188.126913] (-) TimerEvent: {}
[188.227612] (-) TimerEvent: {}
[188.329287] (-) TimerEvent: {}
[188.430712] (-) TimerEvent: {}
[188.531467] (-) TimerEvent: {}
[188.632955] (-) TimerEvent: {}
[188.734334] (-) TimerEvent: {}
[188.835753] (-) TimerEvent: {}
[188.937183] (-) TimerEvent: {}
[189.038348] (-) TimerEvent: {}
[189.139761] (-) TimerEvent: {}
[189.240923] (-) TimerEvent: {}
[189.342108] (-) TimerEvent: {}
[189.442822] (-) TimerEvent: {}
[189.544271] (-) TimerEvent: {}
[189.645684] (-) TimerEvent: {}
[189.747040] (-) TimerEvent: {}
[189.848845] (-) TimerEvent: {}
[189.952237] (-) TimerEvent: {}
[190.053697] (-) TimerEvent: {}
[190.155372] (-) TimerEvent: {}
[190.257149] (-) TimerEvent: {}
[190.358608] (-) TimerEvent: {}
[190.459491] (-) TimerEvent: {}
[190.560934] (-) TimerEvent: {}
[190.662517] (-) TimerEvent: {}
[190.764417] (-) TimerEvent: {}
[190.866292] (-) TimerEvent: {}
[190.968233] (-) TimerEvent: {}
[191.069912] (-) TimerEvent: {}
[191.171330] (-) TimerEvent: {}
[191.272649] (-) TimerEvent: {}
[191.374280] (-) TimerEvent: {}
[191.475688] (-) TimerEvent: {}
[191.576864] (-) TimerEvent: {}
[191.677524] (-) TimerEvent: {}
[191.778670] (-) TimerEvent: {}
[191.879447] (-) TimerEvent: {}
[191.980466] (-) TimerEvent: {}
[192.081153] (-) TimerEvent: {}
[192.181836] (-) TimerEvent: {}
[192.282950] (-) TimerEvent: {}
[192.383666] (-) TimerEvent: {}
[192.484337] (-) TimerEvent: {}
[192.585739] (-) TimerEvent: {}
[192.686723] (-) TimerEvent: {}
[192.787514] (-) TimerEvent: {}
[192.888274] (-) TimerEvent: {}
[192.989080] (-) TimerEvent: {}
[193.089775] (-) TimerEvent: {}
[193.191265] (-) TimerEvent: {}
[193.292924] (-) TimerEvent: {}
[193.393557] (-) TimerEvent: {}
[193.494640] (-) TimerEvent: {}
[193.595917] (-) TimerEvent: {}
[193.699187] (-) TimerEvent: {}
[193.799935] (-) TimerEvent: {}
[193.829895] (opentera_webrtc_ros) StdoutLine: {'line': b'[ 54%] \x1b[32mBuilding CXX object SYSTEM/opentera-webrtc-native-client/OpenteraWebrtcNativeClient/CMakeFiles/OpenteraWebrtcNativeClient.dir/src/DataChannelClient.cpp.o\x1b[0m\n'}
[193.900121] (-) TimerEvent: {}
[194.001063] (-) TimerEvent: {}
[194.102263] (-) TimerEvent: {}
[194.203281] (-) TimerEvent: {}
[194.304566] (-) TimerEvent: {}
[194.405494] (-) TimerEvent: {}
[194.506752] (-) TimerEvent: {}
[194.607825] (-) TimerEvent: {}
[194.709170] (-) TimerEvent: {}
[194.810236] (-) TimerEvent: {}
[194.911701] (-) TimerEvent: {}
[195.012760] (-) TimerEvent: {}
[195.114071] (-) TimerEvent: {}
[195.215245] (-) TimerEvent: {}
[195.316656] (-) TimerEvent: {}
[195.417746] (-) TimerEvent: {}
[195.519282] (-) TimerEvent: {}
[195.620320] (-) TimerEvent: {}
[195.721656] (-) TimerEvent: {}
[195.823200] (-) TimerEvent: {}
[195.924231] (-) TimerEvent: {}
[196.025499] (-) TimerEvent: {}
[196.126868] (-) TimerEvent: {}
[196.227664] (-) TimerEvent: {}
[196.329026] (-) TimerEvent: {}
[196.430410] (-) TimerEvent: {}
[196.532014] (-) TimerEvent: {}
[196.633333] (-) TimerEvent: {}
[196.734708] (-) TimerEvent: {}
[196.836105] (-) TimerEvent: {}
[196.937162] (-) TimerEvent: {}
[197.038572] (-) TimerEvent: {}
[197.139996] (-) TimerEvent: {}
[197.241529] (-) TimerEvent: {}
[197.342617] (-) TimerEvent: {}
[197.444298] (-) TimerEvent: {}
[197.545398] (-) TimerEvent: {}
[197.646606] (-) TimerEvent: {}
[197.748041] (-) TimerEvent: {}
[197.849082] (-) TimerEvent: {}
[197.950462] (-) TimerEvent: {}
[198.051602] (-) TimerEvent: {}
[198.152745] (-) TimerEvent: {}
[198.253861] (-) TimerEvent: {}
[198.355229] (-) TimerEvent: {}
[198.456629] (-) TimerEvent: {}
[198.557667] (-) TimerEvent: {}
[198.658363] (-) TimerEvent: {}
[198.759949] (-) TimerEvent: {}
[198.861315] (-) TimerEvent: {}
[198.962394] (-) TimerEvent: {}
[199.063803] (-) TimerEvent: {}
[199.165207] (-) TimerEvent: {}
[199.265931] (-) TimerEvent: {}
[199.367348] (-) TimerEvent: {}
[199.468451] (-) TimerEvent: {}
[199.569608] (-) TimerEvent: {}
[199.671149] (-) TimerEvent: {}
[199.772232] (-) TimerEvent: {}
[199.873279] (-) TimerEvent: {}
[199.974664] (-) TimerEvent: {}
[200.075767] (-) TimerEvent: {}
[200.176435] (-) TimerEvent: {}
[200.277815] (-) TimerEvent: {}
[200.378889] (-) TimerEvent: {}
[200.480321] (-) TimerEvent: {}
[200.581942] (-) TimerEvent: {}
[200.683101] (-) TimerEvent: {}
[200.784482] (-) TimerEvent: {}
[200.885495] (-) TimerEvent: {}
[200.986517] (-) TimerEvent: {}
[201.087889] (-) TimerEvent: {}
[201.189424] (-) TimerEvent: {}
[201.290446] (-) TimerEvent: {}
[201.391850] (-) TimerEvent: {}
[201.492847] (-) TimerEvent: {}
[201.594253] (-) TimerEvent: {}
[201.695401] (-) TimerEvent: {}
[201.796401] (-) TimerEvent: {}
[201.897789] (-) TimerEvent: {}
[201.998796] (-) TimerEvent: {}
[202.099858] (-) TimerEvent: {}
[202.200973] (-) TimerEvent: {}
[202.302073] (-) TimerEvent: {}
[202.403874] (-) TimerEvent: {}
[202.505492] (-) TimerEvent: {}
[202.607547] (-) TimerEvent: {}
[202.708315] (-) TimerEvent: {}
[202.809693] (-) TimerEvent: {}
[202.910834] (-) TimerEvent: {}
[203.011534] (-) TimerEvent: {}
[203.112921] (-) TimerEvent: {}
[203.214069] (-) TimerEvent: {}
[203.314748] (-) TimerEvent: {}
[203.415494] (-) TimerEvent: {}
[203.516162] (-) TimerEvent: {}
[203.616839] (-) TimerEvent: {}
[203.717521] (-) TimerEvent: {}
[203.818196] (-) TimerEvent: {}
[203.918882] (-) TimerEvent: {}
[204.019585] (-) TimerEvent: {}
[204.120259] (-) TimerEvent: {}
[207.829776] (-) TimerEvent: {}
[207.931120] (-) TimerEvent: {}
[208.032135] (-) TimerEvent: {}
[208.133496] (-) TimerEvent: {}
[208.234526] (-) TimerEvent: {}
[208.335671] (-) TimerEvent: {}
[208.436645] (-) TimerEvent: {}
[208.537874] (-) TimerEvent: {}
[208.639247] (-) TimerEvent: {}
[208.740505] (-) TimerEvent: {}
[208.842205] (-) TimerEvent: {}
[208.943270] (-) TimerEvent: {}
[209.044656] (-) TimerEvent: {}
[209.147467] (-) TimerEvent: {}
[209.248741] (-) TimerEvent: {}
[213.216638] (-) TimerEvent: {}
[213.318212] (-) TimerEvent: {}
[213.419191] (-) TimerEvent: {}
[213.520193] (-) TimerEvent: {}
[213.621288] (-) TimerEvent: {}
[213.722380] (-) TimerEvent: {}
[213.823451] (-) TimerEvent: {}
[213.924639] (-) TimerEvent: {}
[214.025741] (-) TimerEvent: {}
[214.126737] (-) TimerEvent: {}
[214.227937] (-) TimerEvent: {}
[214.329307] (-) TimerEvent: {}
[214.430376] (-) TimerEvent: {}
[214.531341] (-) TimerEvent: {}
[214.632464] (-) TimerEvent: {}
[214.733566] (-) TimerEvent: {}
[214.834650] (-) TimerEvent: {}
[214.935780] (-) TimerEvent: {}
[215.036812] (-) TimerEvent: {}
[215.138235] (-) TimerEvent: {}
[215.239457] (-) TimerEvent: {}
[215.340582] (-) TimerEvent: {}
[215.441880] (-) TimerEvent: {}
[215.543104] (-) TimerEvent: {}
[215.646486] (-) TimerEvent: {}
[215.747567] (-) TimerEvent: {}
[215.848632] (-) TimerEvent: {}
[215.949670] (-) TimerEvent: {}
[216.050700] (-) TimerEvent: {}
[216.151520] (-) TimerEvent: {}
[216.252403] (-) TimerEvent: {}
[216.353039] (-) TimerEvent: {}
[220.367409] (opentera_webrtc_ros) StdoutLine: {'line': b'[ 55%] \x1b[32mBuilding CXX object SYSTEM/opentera-webrtc-native-client/OpenteraWebrtcNativeClient/CMakeFiles/OpenteraWebrtcNativeClient.dir/src/Handlers/DataChannelPeerConnectionHandler.cpp.o\x1b[0m\n'}
[220.368003] (-) TimerEvent: {}
[220.468591] (-) TimerEvent: {}
[220.569787] (-) TimerEvent: {}
[220.670789] (-) TimerEvent: {}
[220.772758] (-) TimerEvent: {}
[220.874247] (-) TimerEvent: {}
[220.975508] (-) TimerEvent: {}
[221.076461] (-) TimerEvent: {}
[221.177734] (-) TimerEvent: {}
[221.279068] (-) TimerEvent: {}
[221.380150] (-) TimerEvent: {}
[221.481420] (-) TimerEvent: {}
[221.582476] (-) TimerEvent: {}
[221.683871] (-) TimerEvent: {}
[221.784963] (-) TimerEvent: {}
[221.886415] (-) TimerEvent: {}
[221.987596] (-) TimerEvent: {}
[222.088864] (-) TimerEvent: {}
[222.189876] (-) TimerEvent: {}
[222.291173] (-) TimerEvent: {}
[222.392176] (-) TimerEvent: {}
[222.492933] (-) TimerEvent: {}
[222.594246] (-) TimerEvent: {}
[222.695296] (-) TimerEvent: {}
[222.796667] (-) TimerEvent: {}
[222.897770] (-) TimerEvent: {}
[222.999330] (-) TimerEvent: {}
[226.071104] (-) TimerEvent: {}
[226.172339] (-) TimerEvent: {}
[226.273325] (-) TimerEvent: {}
[226.375212] (-) TimerEvent: {}
[226.479353] (-) TimerEvent: {}
[226.580124] (-) TimerEvent: {}
[226.680811] (-) TimerEvent: {}
[226.781519] (-) TimerEvent: {}
[226.882233] (-) TimerEvent: {}
[226.982942] (-) TimerEvent: {}
[227.083665] (-) TimerEvent: {}
[227.184370] (-) TimerEvent: {}
[227.285089] (-) TimerEvent: {}
[227.385770] (-) TimerEvent: {}
[227.486521] (-) TimerEvent: {}
[227.587250] (-) TimerEvent: {}
[227.687908] (-) TimerEvent: {}
[227.788596] (-) TimerEvent: {}
[227.889277] (-) TimerEvent: {}
[227.989952] (-) TimerEvent: {}
[228.090633] (-) TimerEvent: {}
[228.197740] (-) TimerEvent: {}
[228.298435] (-) TimerEvent: {}
[228.399105] (-) TimerEvent: {}
[228.499744] (-) TimerEvent: {}
[228.600447] (-) TimerEvent: {}
[228.701106] (-) TimerEvent: {}
[228.801735] (-) TimerEvent: {}
[228.902369] (-) TimerEvent: {}
[229.003021] (-) TimerEvent: {}
[229.103658] (-) TimerEvent: {}
[229.204305] (-) TimerEvent: {}
[229.304941] (-) TimerEvent: {}
[229.405579] (-) TimerEvent: {}
[229.506243] (-) TimerEvent: {}
[229.606910] (-) TimerEvent: {}
[229.707649] (-) TimerEvent: {}
[229.808284] (-) TimerEvent: {}
[229.908919] (-) TimerEvent: {}
[230.009565] (-) TimerEvent: {}
[230.110224] (-) TimerEvent: {}
[230.210912] (-) TimerEvent: {}
[230.311673] (-) TimerEvent: {}
[230.412424] (-) TimerEvent: {}
[230.513042] (-) TimerEvent: {}
[230.613698] (-) TimerEvent: {}
[230.714349] (-) TimerEvent: {}
[230.815027] (-) TimerEvent: {}
[230.915664] (-) TimerEvent: {}
[231.016285] (-) TimerEvent: {}
[231.116925] (-) TimerEvent: {}
[231.217577] (-) TimerEvent: {}
[231.318229] (-) TimerEvent: {}
[231.418874] (-) TimerEvent: {}
[231.519556] (-) TimerEvent: {}
[231.620202] (-) TimerEvent: {}
[231.720850] (-) TimerEvent: {}
[231.821490] (-) TimerEvent: {}
[231.922120] (-) TimerEvent: {}
[232.022820] (-) TimerEvent: {}
[232.123490] (-) TimerEvent: {}
[232.224144] (-) TimerEvent: {}
[232.324800] (-) TimerEvent: {}
[232.425440] (-) TimerEvent: {}
[232.526061] (-) TimerEvent: {}
[232.626719] (-) TimerEvent: {}
[232.727407] (-) TimerEvent: {}
[232.828021] (-) TimerEvent: {}
[232.928639] (-) TimerEvent: {}
[233.029295] (-) TimerEvent: {}
[233.129952] (-) TimerEvent: {}
[233.230628] (-) TimerEvent: {}
[233.331302] (-) TimerEvent: {}
[233.432003] (-) TimerEvent: {}
[233.532702] (-) TimerEvent: {}
[233.633481] (-) TimerEvent: {}
[233.734129] (-) TimerEvent: {}
[233.834778] (-) TimerEvent: {}
[233.935642] (-) TimerEvent: {}
[234.036740] (-) TimerEvent: {}
[234.137357] (-) TimerEvent: {}
[234.238094] (-) TimerEvent: {}
[234.339088] (-) TimerEvent: {}
[234.439632] (-) TimerEvent: {}
[234.540216] (-) TimerEvent: {}
[234.640957] (-) TimerEvent: {}
[234.741556] (-) TimerEvent: {}
[234.842248] (-) TimerEvent: {}
[234.943222] (-) TimerEvent: {}
[235.002892] (opentera_webrtc_ros) StdoutLine: {'line': b'[ 56%] \x1b[32mBuilding CXX object SYSTEM/opentera-webrtc-native-client/OpenteraWebrtcNativeClient/CMakeFiles/OpenteraWebrtcNativeClient.dir/src/Handlers/PeerConnectionHandler.cpp.o\x1b[0m\n'}
[235.043389] (-) TimerEvent: {}
[235.144278] (-) TimerEvent: {}
[235.245495] (-) TimerEvent: {}
[235.346403] (-) TimerEvent: {}
[235.447666] (-) TimerEvent: {}
[235.548606] (-) TimerEvent: {}
[235.649911] (-) TimerEvent: {}
[235.751060] (-) TimerEvent: {}
[235.852109] (-) TimerEvent: {}
[235.953338] (-) TimerEvent: {}
[236.054039] (-) TimerEvent: {}
[236.155309] (-) TimerEvent: {}
[236.256374] (-) TimerEvent: {}
[236.357607] (-) TimerEvent: {}
[236.458664] (-) TimerEvent: {}
[236.560016] (-) TimerEvent: {}
[236.660639] (-) TimerEvent: {}
[236.761644] (-) TimerEvent: {}
[236.862877] (-) TimerEvent: {}
[236.963914] (-) TimerEvent: {}
[237.064576] (-) TimerEvent: {}
[237.166040] (-) TimerEvent: {}
[237.267094] (-) TimerEvent: {}
[237.368405] (-) TimerEvent: {}
[237.469492] (-) TimerEvent: {}
[237.570741] (-) TimerEvent: {}
[237.671521] (-) TimerEvent: {}
[237.772662] (-) TimerEvent: {}
[237.873779] (-) TimerEvent: {}
[237.975116] (-) TimerEvent: {}
[238.076187] (-) TimerEvent: {}
[238.176800] (-) TimerEvent: {}
[238.277826] (-) TimerEvent: {}
[238.378492] (-) TimerEvent: {}
[238.479160] (-) TimerEvent: {}
[238.579830] (-) TimerEvent: {}
[238.680500] (-) TimerEvent: {}
[238.781158] (-) TimerEvent: {}
[238.881809] (-) TimerEvent: {}
[238.982548] (-) TimerEvent: {}
[239.083267] (-) TimerEvent: {}
[239.183940] (-) TimerEvent: {}
[239.284610] (-) TimerEvent: {}
[239.385264] (-) TimerEvent: {}
[239.485955] (-) TimerEvent: {}
[239.587069] (-) TimerEvent: {}
[239.687719] (-) TimerEvent: {}
[239.788345] (-) TimerEvent: {}
[239.889016] (-) TimerEvent: {}
[239.989667] (-) TimerEvent: {}
[240.090328] (-) TimerEvent: {}
[240.191031] (-) TimerEvent: {}
[240.291651] (-) TimerEvent: {}
[240.392622] (-) TimerEvent: {}
[240.493949] (-) TimerEvent: {}
[240.595083] (-) TimerEvent: {}
[240.696406] (-) TimerEvent: {}
[240.797731] (-) TimerEvent: {}
[240.898408] (-) TimerEvent: {}
[240.999804] (-) TimerEvent: {}
[241.100852] (-) TimerEvent: {}
[241.202200] (-) TimerEvent: {}
[241.303321] (-) TimerEvent: {}
[241.404647] (-) TimerEvent: {}
[241.505716] (-) TimerEvent: {}
[241.606360] (-) TimerEvent: {}
[241.707030] (-) TimerEvent: {}
[241.808368] (-) TimerEvent: {}
[241.909379] (-) TimerEvent: {}
[242.010669] (-) TimerEvent: {}
[242.111386] (-) TimerEvent: {}
[242.212669] (-) TimerEvent: {}
[242.313693] (-) TimerEvent: {}
[242.415035] (-) TimerEvent: {}
[242.515655] (-) TimerEvent: {}
[242.616922] (-) TimerEvent: {}
[242.718010] (-) TimerEvent: {}
[242.818680] (-) TimerEvent: {}
[242.919373] (-) TimerEvent: {}
[243.020049] (-) TimerEvent: {}
[243.120671] (-) TimerEvent: {}
[243.221327] (-) TimerEvent: {}
[243.321991] (-) TimerEvent: {}
[243.422655] (-) TimerEvent: {}
[243.523380] (-) TimerEvent: {}
[243.624032] (-) TimerEvent: {}
[243.724691] (-) TimerEvent: {}
[243.825769] (-) TimerEvent: {}
[243.926410] (-) TimerEvent: {}
[244.027187] (-) TimerEvent: {}
[244.127888] (-) TimerEvent: {}
[244.228994] (-) TimerEvent: {}
[244.330332] (-) TimerEvent: {}
[244.431050] (-) TimerEvent: {}
[244.531661] (-) TimerEvent: {}
[244.632362] (-) TimerEvent: {}
[244.733048] (-) TimerEvent: {}
[244.833714] (-) TimerEvent: {}
[244.935077] (-) TimerEvent: {}
[245.036154] (-) TimerEvent: {}
[245.137509] (-) TimerEvent: {}
[245.238155] (-) TimerEvent: {}
[245.339512] (-) TimerEvent: {}
[245.440706] (-) TimerEvent: {}
[245.541981] (-) TimerEvent: {}
[245.643010] (-) TimerEvent: {}
[245.744337] (-) TimerEvent: {}
[245.845653] (-) TimerEvent: {}
[245.946714] (-) TimerEvent: {}
[246.047439] (-) TimerEvent: {}
[246.148762] (-) TimerEvent: {}
[246.249839] (-) TimerEvent: {}
[246.351200] (-) TimerEvent: {}
[246.452205] (-) TimerEvent: {}
[246.552872] (-) TimerEvent: {}
[246.654166] (-) TimerEvent: {}
[246.755277] (-) TimerEvent: {}
[246.856363] (-) TimerEvent: {}
[246.957555] (-) TimerEvent: {}
[247.058662] (-) TimerEvent: {}
[247.159397] (-) TimerEvent: {}
[247.260048] (-) TimerEvent: {}
[247.360715] (-) TimerEvent: {}
[247.461336] (-) TimerEvent: {}
[247.561983] (-) TimerEvent: {}
[247.662649] (-) TimerEvent: {}
[247.764219] (-) TimerEvent: {}
[247.864827] (-) TimerEvent: {}
[247.965938] (-) TimerEvent: {}
[248.066604] (-) TimerEvent: {}
[248.167259] (-) TimerEvent: {}
[248.267883] (-) TimerEvent: {}
[248.368692] (-) TimerEvent: {}
[248.469903] (-) TimerEvent: {}
[248.570542] (-) TimerEvent: {}
[248.671206] (-) TimerEvent: {}
[248.771863] (-) TimerEvent: {}
[248.872507] (-) TimerEvent: {}
[248.973154] (-) TimerEvent: {}
[249.073780] (-) TimerEvent: {}
[249.174680] (-) TimerEvent: {}
[249.275282] (-) TimerEvent: {}
[249.376371] (-) TimerEvent: {}
[249.477012] (-) TimerEvent: {}
[249.565653] (opentera_webrtc_ros) StdoutLine: {'line': b'[ 57%] \x1b[32mBuilding CXX object SYSTEM/opentera-webrtc-native-client/OpenteraWebrtcNativeClient/CMakeFiles/OpenteraWebrtcNativeClient.dir/src/Handlers/StreamPeerConnectionHandler.cpp.o\x1b[0m\n'}
[249.577179] (-) TimerEvent: {}
[249.678215] (-) TimerEvent: {}
[249.779945] (-) TimerEvent: {}
[249.880949] (-) TimerEvent: {}
[249.981602] (-) TimerEvent: {}
[250.082223] (-) TimerEvent: {}
[250.182844] (-) TimerEvent: {}
[250.283672] (-) TimerEvent: {}
[250.384434] (-) TimerEvent: {}
[250.485165] (-) TimerEvent: {}
[250.585850] (-) TimerEvent: {}
[250.686552] (-) TimerEvent: {}
[250.787368] (-) TimerEvent: {}
[250.888081] (-) TimerEvent: {}
[250.988797] (-) TimerEvent: {}
[251.090035] (-) TimerEvent: {}
[251.190845] (-) TimerEvent: {}
[251.291583] (-) TimerEvent: {}
[251.392236] (-) TimerEvent: {}
[251.492894] (-) TimerEvent: {}
[251.593579] (-) TimerEvent: {}
[251.694255] (-) TimerEvent: {}
[251.794955] (-) TimerEvent: {}
[251.895757] (-) TimerEvent: {}
[251.996415] (-) TimerEvent: {}
[252.097072] (-) TimerEvent: {}
[252.197732] (-) TimerEvent: {}
[252.298499] (-) TimerEvent: {}
[252.399204] (-) TimerEvent: {}
[252.499962] (-) TimerEvent: {}
[252.600721] (-) TimerEvent: {}
[252.701366] (-) TimerEvent: {}
[252.803462] (-) TimerEvent: {}
[252.904359] (-) TimerEvent: {}
[253.005025] (-) TimerEvent: {}
[253.105696] (-) TimerEvent: {}
[253.206382] (-) TimerEvent: {}
[253.307086] (-) TimerEvent: {}
[253.407733] (-) TimerEvent: {}
[253.508431] (-) TimerEvent: {}
[253.609104] (-) TimerEvent: {}
[253.709811] (-) TimerEvent: {}
[253.810580] (-) TimerEvent: {}
[253.911492] (-) TimerEvent: {}
[254.012504] (-) TimerEvent: {}
[254.113563] (-) TimerEvent: {}
[254.214596] (-) TimerEvent: {}
[254.315687] (-) TimerEvent: {}
[254.416680] (-) TimerEvent: {}
[254.517949] (-) TimerEvent: {}
[254.619043] (-) TimerEvent: {}
[254.720267] (-) TimerEvent: {}
[254.821334] (-) TimerEvent: {}
[254.922802] (-) TimerEvent: {}
[255.024151] (-) TimerEvent: {}
[255.125236] (-) TimerEvent: {}
[255.226545] (-) TimerEvent: {}
[255.327263] (-) TimerEvent: {}
[255.428771] (-) TimerEvent: {}
[255.529872] (-) TimerEvent: {}
[255.631222] (-) TimerEvent: {}
[255.732264] (-) TimerEvent: {}
[255.833582] (-) TimerEvent: {}
[255.934918] (-) TimerEvent: {}
[256.035873] (-) TimerEvent: {}
[256.136532] (-) TimerEvent: {}
[256.237191] (-) TimerEvent: {}
[256.337860] (-) TimerEvent: {}
[256.438526] (-) TimerEvent: {}
[256.539276] (-) TimerEvent: {}
[256.639966] (-) TimerEvent: {}
[256.740612] (-) TimerEvent: {}
[256.841348] (-) TimerEvent: {}
[256.942020] (-) TimerEvent: {}
[257.042699] (-) TimerEvent: {}
[257.144101] (-) TimerEvent: {}
[257.245128] (-) TimerEvent: {}
[257.345774] (-) TimerEvent: {}
[257.447123] (-) TimerEvent: {}
[257.547793] (-) TimerEvent: {}
[257.649112] (-) TimerEvent: {}
[257.750227] (-) TimerEvent: {}
[257.851603] (-) TimerEvent: {}
[257.952700] (-) TimerEvent: {}
[258.054080] (-) TimerEvent: {}
[258.155447] (-) TimerEvent: {}
[258.256672] (-) TimerEvent: {}
[258.357824] (-) TimerEvent: {}
[258.459187] (-) TimerEvent: {}
[258.560095] (-) TimerEvent: {}
[258.661688] (-) TimerEvent: {}
[258.762910] (-) TimerEvent: {}
[258.864356] (-) TimerEvent: {}
[258.965650] (-) TimerEvent: {}
[259.066722] (-) TimerEvent: {}
[259.168148] (-) TimerEvent: {}
[259.269347] (-) TimerEvent: {}
[259.370621] (-) TimerEvent: {}
[259.471588] (-) TimerEvent: {}
[259.572511] (-) TimerEvent: {}
[259.673279] (-) TimerEvent: {}
[259.774120] (-) TimerEvent: {}
[259.874948] (-) TimerEvent: {}
[259.975880] (-) TimerEvent: {}
[260.076741] (-) TimerEvent: {}
[260.178000] (-) TimerEvent: {}
[260.278897] (-) TimerEvent: {}
[260.380180] (-) TimerEvent: {}
[260.480935] (-) TimerEvent: {}
[260.581608] (-) TimerEvent: {}
[260.615354] (opentera_webrtc_ros) StdoutLine: {'line': b'[ 57%] \x1b[32mBuilding CXX object SYSTEM/opentera-webrtc-native-client/OpenteraWebrtcNativeClient/CMakeFiles/OpenteraWebrtcNativeClient.dir/src/OpenteraAudioDeviceModule.cpp.o\x1b[0m\n'}
[260.681891] (-) TimerEvent: {}
[260.782683] (-) TimerEvent: {}
[260.884064] (-) TimerEvent: {}
[260.984854] (-) TimerEvent: {}
[261.086081] (-) TimerEvent: {}
[261.187501] (-) TimerEvent: {}
[261.288376] (-) TimerEvent: {}
[261.389708] (-) TimerEvent: {}
[261.490599] (-) TimerEvent: {}
[261.591603] (-) TimerEvent: {}
[261.661971] (opentera_webrtc_ros) StdoutLine: {'line': b'[ 58%] \x1b[32mBuilding CXX object SYSTEM/opentera-webrtc-native-client/OpenteraWebrtcNativeClient/CMakeFiles/OpenteraWebrtcNativeClient.dir/src/Configurations/WebrtcConfiguration.cpp.o\x1b[0m\n'}
[261.691832] (-) TimerEvent: {}
[261.795481] (-) TimerEvent: {}
[261.896346] (-) TimerEvent: {}
[261.997611] (-) TimerEvent: {}
[262.103527] (-) TimerEvent: {}
[262.204407] (-) TimerEvent: {}
[262.305289] (-) TimerEvent: {}
[262.406182] (-) TimerEvent: {}
[262.507161] (-) TimerEvent: {}
[262.608137] (-) TimerEvent: {}
[262.711501] (-) TimerEvent: {}
[262.718974] (opentera_webrtc_ros) StdoutLine: {'line': b'[ 59%] \x1b[32mBuilding CXX object SYSTEM/opentera-webrtc-native-client/OpenteraWebrtcNativeClient/CMakeFiles/OpenteraWebrtcNativeClient.dir/src/Configurations/VideoStreamConfiguration.cpp.o\x1b[0m\n'}
[262.811795] (-) TimerEvent: {}
[262.915490] (-) TimerEvent: {}
[263.017443] (-) TimerEvent: {}
[263.120563] (-) TimerEvent: {}
[263.224627] (-) TimerEvent: {}
[263.326591] (-) TimerEvent: {}
[263.431588] (-) TimerEvent: {}
[263.535988] (-) TimerEvent: {}
[263.638039] (-) TimerEvent: {}
[263.744287] (-) TimerEvent: {}
[263.846337] (-) TimerEvent: {}
[263.952024] (-) TimerEvent: {}
[264.053988] (-) TimerEvent: {}
[264.160062] (-) TimerEvent: {}
[264.261993] (-) TimerEvent: {}
[264.364075] (-) TimerEvent: {}
[264.468461] (-) TimerEvent: {}
[264.572236] (-) TimerEvent: {}
[264.679183] (-) TimerEvent: {}
[264.780518] (-) TimerEvent: {}
[264.882213] (-) TimerEvent: {}
[264.987916] (-) TimerEvent: {}
[265.089855] (-) TimerEvent: {}
[265.195257] (-) TimerEvent: {}
[265.296677] (-) TimerEvent: {}
[265.398088] (-) TimerEvent: {}
[265.503538] (-) TimerEvent: {}
[265.604984] (-) TimerEvent: {}
[265.706671] (-) TimerEvent: {}
[265.808094] (-) TimerEvent: {}
[265.911540] (-) TimerEvent: {}
[266.015617] (-) TimerEvent: {}
[266.117842] (-) TimerEvent: {}
[266.223948] (-) TimerEvent: {}
[266.318082] (opentera_webrtc_ros) StdoutLine: {'line': b'[ 60%] \x1b[32mBuilding CXX object SYSTEM/opentera-webrtc-native-client/OpenteraWebrtcNativeClient/CMakeFiles/OpenteraWebrtcNativeClient.dir/src/Signaling/SignalingClient.cpp.o\x1b[0m\n'}
[266.326886] (-) TimerEvent: {}
[266.428817] (-) TimerEvent: {}
[266.530811] (-) TimerEvent: {}
[266.636814] (-) TimerEvent: {}
[266.739847] (-) TimerEvent: {}
[266.847255] (-) TimerEvent: {}
[266.948803] (-) TimerEvent: {}
[267.050102] (-) TimerEvent: {}
[267.153569] (-) TimerEvent: {}
[267.254867] (-) TimerEvent: {}
[267.357676] (-) TimerEvent: {}
[267.460378] (-) TimerEvent: {}
[267.564011] (-) TimerEvent: {}
[267.667647] (-) TimerEvent: {}
[267.679065] (opentera_webrtc_ros) StdoutLine: {'line': b'[ 61%] \x1b[32mBuilding CXX object SYSTEM/opentera-webrtc-native-client/OpenteraWebrtcNativeClient/CMakeFiles/OpenteraWebrtcNativeClient.dir/src/Signaling/WebSocketSignalingClient.cpp.o\x1b[0m\n'}
[267.767857] (-) TimerEvent: {}
[267.871513] (-) TimerEvent: {}
[267.972751] (-) TimerEvent: {}
[268.075528] (-) TimerEvent: {}
[268.180842] (-) TimerEvent: {}
[268.287190] (-) TimerEvent: {}
[268.388498] (-) TimerEvent: {}
[268.490315] (-) TimerEvent: {}
[268.591594] (-) TimerEvent: {}
[268.695977] (-) TimerEvent: {}
[268.797388] (-) TimerEvent: {}
[268.898726] (-) TimerEvent: {}
[269.003567] (-) TimerEvent: {}
[269.105051] (-) TimerEvent: {}
[269.207331] (-) TimerEvent: {}
[269.311561] (-) TimerEvent: {}
[269.412630] (-) TimerEvent: {}
[269.516130] (-) TimerEvent: {}
[269.617153] (-) TimerEvent: {}
[269.723233] (-) TimerEvent: {}
[269.824952] (-) TimerEvent: {}
[269.926637] (-) TimerEvent: {}
[270.028237] (-) TimerEvent: {}
[270.131295] (-) TimerEvent: {}
[270.235627] (-) TimerEvent: {}
[270.337524] (-) TimerEvent: {}
[270.444739] (-) TimerEvent: {}
[270.549133] (-) TimerEvent: {}
[270.663221] (-) TimerEvent: {}
[270.764344] (-) TimerEvent: {}
[270.865344] (-) TimerEvent: {}
[270.919636] (opentera_webrtc_ros) StdoutLine: {'line': b'[ 63%] \x1b[32mBuilding CXX object SYSTEM/opentera-webrtc-native-client/OpenteraWebrtcNativeClient/CMakeFiles/OpenteraWebrtcNativeClient.dir/src/Sinks/AudioSink.cpp.o\x1b[0m\n'}
[270.967178] (-) TimerEvent: {}
[271.071554] (-) TimerEvent: {}
[271.172430] (-) TimerEvent: {}
[271.273265] (-) TimerEvent: {}
[271.374070] (-) TimerEvent: {}
[271.478345] (-) TimerEvent: {}
[271.579261] (-) TimerEvent: {}
[271.683559] (-) TimerEvent: {}
[271.784893] (-) TimerEvent: {}
[271.887580] (-) TimerEvent: {}
[271.991590] (-) TimerEvent: {}
[272.092706] (-) TimerEvent: {}
[272.195661] (-) TimerEvent: {}
[272.296815] (-) TimerEvent: {}
[272.399891] (-) TimerEvent: {}
[272.500773] (-) TimerEvent: {}
[272.602069] (-) TimerEvent: {}
[272.707609] (-) TimerEvent: {}
[272.808953] (-) TimerEvent: {}
[272.911889] (-) TimerEvent: {}
[273.015522] (-) TimerEvent: {}
[273.119358] (-) TimerEvent: {}
[273.220255] (-) TimerEvent: {}
[273.327194] (-) TimerEvent: {}
[273.428483] (-) TimerEvent: {}
[273.529580] (-) TimerEvent: {}
[273.630545] (-) TimerEvent: {}
[273.731580] (-) TimerEvent: {}
[273.835175] (-) TimerEvent: {}
[273.936097] (-) TimerEvent: {}
[274.037260] (-) TimerEvent: {}
[274.143180] (-) TimerEvent: {}
[274.244049] (-) TimerEvent: {}
[274.344966] (-) TimerEvent: {}
[274.445866] (-) TimerEvent: {}
[274.546831] (-) TimerEvent: {}
[274.647828] (-) TimerEvent: {}
[274.751164] (-) TimerEvent: {}
[274.851993] (-) TimerEvent: {}
[274.953299] (-) TimerEvent: {}
[275.055526] (-) TimerEvent: {}
[275.159520] (-) TimerEvent: {}
[275.260883] (-) TimerEvent: {}
[275.363836] (-) TimerEvent: {}
[275.442591] (opentera_webrtc_ros) StdoutLine: {'line': b'[ 63%] \x1b[32mBuilding CXX object SYSTEM/opentera-webrtc-native-client/OpenteraWebrtcNativeClient/CMakeFiles/OpenteraWebrtcNativeClient.dir/src/Sinks/EncodedVideoSink.cpp.o\x1b[0m\n'}
[275.467100] (-) TimerEvent: {}
[275.568905] (-) TimerEvent: {}
[275.671895] (-) TimerEvent: {}
[275.773151] (-) TimerEvent: {}
[275.875915] (-) TimerEvent: {}
[275.979539] (-) TimerEvent: {}
[276.080981] (-) TimerEvent: {}
[276.183556] (-) TimerEvent: {}
[276.287216] (-) TimerEvent: {}
[276.388836] (-) TimerEvent: {}
[276.490324] (-) TimerEvent: {}
[276.595962] (-) TimerEvent: {}
[276.697729] (-) TimerEvent: {}
[276.799073] (-) TimerEvent: {}
[276.900579] (-) TimerEvent: {}
[277.002498] (-) TimerEvent: {}
[277.104216] (-) TimerEvent: {}
[277.211214] (-) TimerEvent: {}
[277.305220] (opentera_webrtc_ros) StdoutLine: {'line': b'[ 64%] \x1b[32mBuilding CXX object SYSTEM/opentera-webrtc-native-client/OpenteraWebrtcNativeClient/CMakeFiles/OpenteraWebrtcNativeClient.dir/src/Sinks/VideoSink.cpp.o\x1b[0m\n'}
[277.311361] (-) TimerEvent: {}
[277.412795] (-) TimerEvent: {}
[277.519184] (-) TimerEvent: {}
[277.620617] (-) TimerEvent: {}
[277.722085] (-) TimerEvent: {}
[277.823320] (-) TimerEvent: {}
[277.927549] (-) TimerEvent: {}
[278.029146] (-) TimerEvent: {}
[278.135244] (-) TimerEvent: {}
[278.236846] (-) TimerEvent: {}
[278.338251] (-) TimerEvent: {}
[278.439650] (-) TimerEvent: {}
[278.541161] (-) TimerEvent: {}
[278.647405] (-) TimerEvent: {}
[278.748762] (-) TimerEvent: {}
[278.849912] (-) TimerEvent: {}
[278.951151] (-) TimerEvent: {}
[279.052488] (-) TimerEvent: {}
[279.155961] (-) TimerEvent: {}
[279.207315] (opentera_webrtc_ros) StdoutLine: {'line': b'[ 65%] \x1b[32mBuilding CXX object SYSTEM/opentera-webrtc-native-client/OpenteraWebrtcNativeClient/CMakeFiles/OpenteraWebrtcNativeClient.dir/src/Sources/AudioSource.cpp.o\x1b[0m\n'}
[279.257990] (-) TimerEvent: {}
[279.367159] (-) TimerEvent: {}
[279.468335] (-) TimerEvent: {}
[279.569815] (-) TimerEvent: {}
[279.671327] (-) TimerEvent: {}
[279.775532] (-) TimerEvent: {}
[279.876438] (-) TimerEvent: {}
[279.977391] (-) TimerEvent: {}
[280.079737] (-) TimerEvent: {}
[280.183468] (-) TimerEvent: {}
[280.284309] (-) TimerEvent: {}
[280.385241] (-) TimerEvent: {}
[280.423352] (opentera_webrtc_ros) StdoutLine: {'line': b'[ 65%] \x1b[32mBuilding CXX object SYSTEM/opentera-webrtc-native-client/OpenteraWebrtcNativeClient/CMakeFiles/OpenteraWebrtcNativeClient.dir/src/Sources/VideoSource.cpp.o\x1b[0m\n'}
[280.485459] (-) TimerEvent: {}
[280.589487] (-) TimerEvent: {}
[280.690394] (-) TimerEvent: {}
[280.795517] (-) TimerEvent: {}
[280.896504] (-) TimerEvent: {}
[280.997851] (-) TimerEvent: {}
[281.103514] (-) TimerEvent: {}
[281.204432] (-) TimerEvent: {}
[281.311187] (-) TimerEvent: {}
[281.412117] (-) TimerEvent: {}
[281.515210] (-) TimerEvent: {}
[281.619131] (-) TimerEvent: {}
[281.731198] (-) TimerEvent: {}
[281.838822] (-) TimerEvent: {}
[281.943567] (-) TimerEvent: {}
[282.044650] (-) TimerEvent: {}
[282.151310] (-) TimerEvent: {}
[282.252261] (-) TimerEvent: {}
[282.353150] (-) TimerEvent: {}
[282.459180] (-) TimerEvent: {}
[282.563345] (-) TimerEvent: {}
[282.664265] (-) TimerEvent: {}
[282.767942] (-) TimerEvent: {}
[282.871186] (-) TimerEvent: {}
[282.972483] (-) TimerEvent: {}
[283.079544] (-) TimerEvent: {}
[283.180850] (-) TimerEvent: {}
[283.285615] (-) TimerEvent: {}
[283.387206] (-) TimerEvent: {}
[283.488584] (-) TimerEvent: {}
[283.591538] (-) TimerEvent: {}
[283.692919] (-) TimerEvent: {}
[283.795530] (-) TimerEvent: {}
[283.899518] (-) TimerEvent: {}
[284.000934] (-) TimerEvent: {}
[284.102287] (-) TimerEvent: {}
[284.208331] (-) TimerEvent: {}
[284.315207] (-) TimerEvent: {}
[284.416458] (-) TimerEvent: {}
[284.518649] (-) TimerEvent: {}
[284.621424] (-) TimerEvent: {}
[284.724720] (-) TimerEvent: {}
[284.828020] (-) TimerEvent: {}
[284.931670] (-) TimerEvent: {}
[285.033245] (-) TimerEvent: {}
[285.134765] (-) TimerEvent: {}
[285.236117] (-) TimerEvent: {}
[285.339480] (-) TimerEvent: {}
[285.440791] (-) TimerEvent: {}
[285.543676] (-) TimerEvent: {}
[285.647170] (-) TimerEvent: {}
[285.748481] (-) TimerEvent: {}
[285.849836] (-) TimerEvent: {}
[285.907622] (opentera_webrtc_ros) StdoutLine: {'line': b'[ 66%] \x1b[32mBuilding CXX object SYSTEM/opentera-webrtc-native-client/OpenteraWebrtcNativeClient/CMakeFiles/OpenteraWebrtcNativeClient.dir/src/StreamClient.cpp.o\x1b[0m\n'}
[285.950663] (-) TimerEvent: {}
[286.052308] (-) TimerEvent: {}
[286.153533] (-) TimerEvent: {}
[286.256097] (-) TimerEvent: {}
[286.359519] (-) TimerEvent: {}
[286.382495] (opentera_webrtc_ros) StdoutLine: {'line': b'[ 67%] \x1b[32mBuilding CXX object SYSTEM/opentera-webrtc-native-client/OpenteraWebrtcNativeClient/CMakeFiles/OpenteraWebrtcNativeClient.dir/src/Utils/Client.cpp.o\x1b[0m\n'}
[286.459728] (-) TimerEvent: {}
[286.561080] (-) TimerEvent: {}
[286.662440] (-) TimerEvent: {}
[286.766346] (-) TimerEvent: {}
[286.871591] (-) TimerEvent: {}
[286.975510] (-) TimerEvent: {}
[287.076547] (-) TimerEvent: {}
[287.179995] (-) TimerEvent: {}
[287.283215] (-) TimerEvent: {}
[287.384569] (-) TimerEvent: {}
[287.488003] (-) TimerEvent: {}
[287.591585] (-) TimerEvent: {}
[287.695521] (-) TimerEvent: {}
[287.796866] (-) TimerEvent: {}
[287.900066] (-) TimerEvent: {}
[288.003963] (-) TimerEvent: {}
[288.106435] (-) TimerEvent: {}
[288.211197] (-) TimerEvent: {}
[288.312800] (-) TimerEvent: {}
[288.414352] (-) TimerEvent: {}
[288.519998] (-) TimerEvent: {}
[288.620875] (-) TimerEvent: {}
[288.722566] (-) TimerEvent: {}
[288.825646] (-) TimerEvent: {}
[288.931683] (-) TimerEvent: {}
[289.032555] (-) TimerEvent: {}
[289.134314] (-) TimerEvent: {}
[289.239568] (-) TimerEvent: {}
[289.341636] (-) TimerEvent: {}
[289.447182] (-) TimerEvent: {}
[289.548269] (-) TimerEvent: {}
[289.649368] (-) TimerEvent: {}
[289.753133] (-) TimerEvent: {}
[289.854465] (-) TimerEvent: {}
[289.957197] (-) TimerEvent: {}
[290.059152] (-) TimerEvent: {}
[290.161061] (-) TimerEvent: {}
[290.267220] (-) TimerEvent: {}
[290.368659] (-) TimerEvent: {}
[290.470242] (-) TimerEvent: {}
[290.579558] (-) TimerEvent: {}
[290.662426] (opentera_webrtc_ros) StdoutLine: {'line': b'[ 68%] \x1b[32mBuilding CXX object SYSTEM/opentera-webrtc-native-client/OpenteraWebrtcNativeClient/CMakeFiles/OpenteraWebrtcNativeClient.dir/src/Utils/Http.cpp.o\x1b[0m\n'}
[290.679846] (-) TimerEvent: {}
[290.781228] (-) TimerEvent: {}
[290.883995] (-) TimerEvent: {}
[290.988271] (-) TimerEvent: {}
[291.095555] (-) TimerEvent: {}
[291.197393] (-) TimerEvent: {}
[291.299320] (-) TimerEvent: {}
[291.403901] (-) TimerEvent: {}
[291.505166] (-) TimerEvent: {}
[291.606623] (-) TimerEvent: {}
[291.711173] (-) TimerEvent: {}
[291.716759] (opentera_webrtc_ros) StdoutLine: {'line': b'[ 68%] \x1b[32mBuilding CXX object SYSTEM/opentera-webrtc-native-client/OpenteraWebrtcNativeClient/CMakeFiles/OpenteraWebrtcNativeClient.dir/src/Utils/IceServer.cpp.o\x1b[0m\n'}
[291.811447] (-) TimerEvent: {}
[291.915520] (-) TimerEvent: {}
[292.016749] (-) TimerEvent: {}
[292.118112] (-) TimerEvent: {}
[292.223976] (-) TimerEvent: {}
[292.325370] (-) TimerEvent: {}
[292.426880] (-) TimerEvent: {}
[292.531626] (-) TimerEvent: {}
[292.632714] (-) TimerEvent: {}
[292.733584] (-) TimerEvent: {}
[292.839575] (-) TimerEvent: {}
[292.940674] (-) TimerEvent: {}
[293.041672] (-) TimerEvent: {}
[293.142590] (-) TimerEvent: {}
[293.243668] (-) TimerEvent: {}
[293.347612] (-) TimerEvent: {}
[293.451649] (-) TimerEvent: {}
[293.553056] (-) TimerEvent: {}
[293.654359] (-) TimerEvent: {}
[293.759604] (-) TimerEvent: {}
[293.861092] (-) TimerEvent: {}
[293.963056] (-) TimerEvent: {}
[294.067665] (-) TimerEvent: {}
[294.169402] (-) TimerEvent: {}
[294.271413] (-) TimerEvent: {}
[294.375946] (-) TimerEvent: {}
[294.477522] (-) TimerEvent: {}
[294.583497] (-) TimerEvent: {}
[294.684780] (-) TimerEvent: {}
[294.786637] (-) TimerEvent: {}
[294.891549] (-) TimerEvent: {}
[294.993508] (-) TimerEvent: {}
[295.099194] (-) TimerEvent: {}
[295.200245] (-) TimerEvent: {}
[295.301178] (-) TimerEvent: {}
[295.402082] (-) TimerEvent: {}
[295.508069] (-) TimerEvent: {}
[295.610489] (-) TimerEvent: {}
[295.715630] (-) TimerEvent: {}
[295.817035] (-) TimerEvent: {}
[295.923484] (-) TimerEvent: {}
[296.024908] (-) TimerEvent: {}
[296.126918] (-) TimerEvent: {}
[296.232128] (-) TimerEvent: {}
[296.335096] (-) TimerEvent: {}
[296.440104] (-) TimerEvent: {}
[296.541475] (-) TimerEvent: {}
[296.643505] (-) TimerEvent: {}
[296.748023] (-) TimerEvent: {}
[296.849381] (-) TimerEvent: {}
[296.950722] (-) TimerEvent: {}
[297.056006] (-) TimerEvent: {}
[297.157400] (-) TimerEvent: {}
[297.258775] (-) TimerEvent: {}
[297.360177] (-) TimerEvent: {}
[297.463981] (-) TimerEvent: {}
[297.565355] (-) TimerEvent: {}
[297.667514] (-) TimerEvent: {}
[297.771554] (-) TimerEvent: {}
[297.872915] (-) TimerEvent: {}
[297.974336] (-) TimerEvent: {}
[298.077890] (-) TimerEvent: {}
[298.182535] (-) TimerEvent: {}
[298.283540] (-) TimerEvent: {}
[298.385173] (-) TimerEvent: {}
[298.486919] (-) TimerEvent: {}
[298.591171] (-) TimerEvent: {}
[298.695553] (-) TimerEvent: {}
[298.803427] (-) TimerEvent: {}
[298.904794] (-) TimerEvent: {}
[299.006677] (-) TimerEvent: {}
[299.075366] (opentera_webrtc_ros) StdoutLine: {'line': b'[ 69%] \x1b[32mBuilding CXX object SYSTEM/opentera-webrtc-native-client/OpenteraWebrtcNativeClient/CMakeFiles/OpenteraWebrtcNativeClient.dir/src/Utils/thread.cpp.o\x1b[0m\n'}
[299.106939] (-) TimerEvent: {}
[299.211544] (-) TimerEvent: {}
[299.313408] (-) TimerEvent: {}
[299.416512] (-) TimerEvent: {}
[299.519874] (-) TimerEvent: {}
[299.623252] (-) TimerEvent: {}
[299.727489] (-) TimerEvent: {}
[299.828875] (-) TimerEvent: {}
[299.935173] (-) TimerEvent: {}
[300.027134] (opentera_webrtc_ros) StdoutLine: {'line': b'[ 70%] \x1b[32mBuilding CXX object SYSTEM/opentera-webrtc-native-client/OpenteraWebrtcNativeClient/CMakeFiles/OpenteraWebrtcNativeClient.dir/src/WebrtcClient.cpp.o\x1b[0m\n'}
[300.035414] (-) TimerEvent: {}
[300.137310] (-) TimerEvent: {}
[300.241002] (-) TimerEvent: {}
[300.343892] (-) TimerEvent: {}
[300.447424] (-) TimerEvent: {}
[300.555171] (-) TimerEvent: {}
[300.656475] (-) TimerEvent: {}
[300.757783] (-) TimerEvent: {}
[300.859330] (-) TimerEvent: {}
[300.960853] (-) TimerEvent: {}
[301.062259] (-) TimerEvent: {}
[301.167179] (-) TimerEvent: {}
[301.269175] (-) TimerEvent: {}
[301.371219] (-) TimerEvent: {}
[301.475178] (-) TimerEvent: {}
[301.576499] (-) TimerEvent: {}
[301.679575] (-) TimerEvent: {}
[301.784339] (-) TimerEvent: {}
[301.891224] (-) TimerEvent: {}
[301.992678] (-) TimerEvent: {}
[302.094592] (-) TimerEvent: {}
[302.197161] (-) TimerEvent: {}
[302.303197] (-) TimerEvent: {}
[302.404424] (-) TimerEvent: {}
[302.505809] (-) TimerEvent: {}
[302.611573] (-) TimerEvent: {}
[302.713769] (-) TimerEvent: {}
[302.815193] (-) TimerEvent: {}
[302.920130] (-) TimerEvent: {}
[303.021841] (-) TimerEvent: {}
[303.123375] (-) TimerEvent: {}
[303.227971] (-) TimerEvent: {}
[303.329482] (-) TimerEvent: {}
[303.430813] (-) TimerEvent: {}
[303.535597] (-) TimerEvent: {}
[303.637152] (-) TimerEvent: {}
[303.738532] (-) TimerEvent: {}
[303.843421] (-) TimerEvent: {}
[303.944789] (-) TimerEvent: {}
[304.046103] (-) TimerEvent: {}
[304.148215] (-) TimerEvent: {}
[304.251922] (-) TimerEvent: {}
[304.353937] (-) TimerEvent: {}
[304.459549] (-) TimerEvent: {}
[304.560553] (-) TimerEvent: {}
[304.661525] (-) TimerEvent: {}
[304.765031] (-) TimerEvent: {}
[304.871209] (-) TimerEvent: {}
[304.972281] (-) TimerEvent: {}
[305.073382] (-) TimerEvent: {}
[305.174453] (-) TimerEvent: {}
[305.275368] (-) TimerEvent: {}
[305.379544] (-) TimerEvent: {}
[305.480454] (-) TimerEvent: {}
[305.581477] (-) TimerEvent: {}
[305.683533] (-) TimerEvent: {}
[305.787562] (-) TimerEvent: {}
[305.888511] (-) TimerEvent: {}
[305.989459] (-) TimerEvent: {}
[306.095534] (-) TimerEvent: {}
[306.196466] (-) TimerEvent: {}
[306.297431] (-) TimerEvent: {}
[306.398351] (-) TimerEvent: {}
[306.499300] (-) TimerEvent: {}
[306.600196] (-) TimerEvent: {}
[306.703549] (-) TimerEvent: {}
[306.804498] (-) TimerEvent: {}
[306.911286] (-) TimerEvent: {}
[307.012290] (-) TimerEvent: {}
[307.114144] (-) TimerEvent: {}
[307.216164] (-) TimerEvent: {}
[307.318231] (-) TimerEvent: {}
[307.423546] (-) TimerEvent: {}
[307.524595] (-) TimerEvent: {}
[307.627562] (-) TimerEvent: {}
[307.731534] (-) TimerEvent: {}
[307.835184] (-) TimerEvent: {}
[307.936130] (-) TimerEvent: {}
[308.037021] (-) TimerEvent: {}
[308.139563] (-) TimerEvent: {}
[308.243524] (-) TimerEvent: {}
[308.344449] (-) TimerEvent: {}
[308.445513] (-) TimerEvent: {}
[308.551583] (-) TimerEvent: {}
[308.652876] (-) TimerEvent: {}
[308.754303] (-) TimerEvent: {}
[308.855891] (-) TimerEvent: {}
[308.959552] (-) TimerEvent: {}
[309.062580] (-) TimerEvent: {}
[309.167182] (-) TimerEvent: {}
[309.268559] (-) TimerEvent: {}
[309.369904] (-) TimerEvent: {}
[309.471244] (-) TimerEvent: {}
[309.575532] (-) TimerEvent: {}
[309.676974] (-) TimerEvent: {}
[309.778365] (-) TimerEvent: {}
[309.883524] (-) TimerEvent: {}
[309.984862] (-) TimerEvent: {}
[310.086176] (-) TimerEvent: {}
[310.187621] (-) TimerEvent: {}
[310.291925] (-) TimerEvent: {}
[310.393297] (-) TimerEvent: {}
[310.494743] (-) TimerEvent: {}
[310.600104] (-) TimerEvent: {}
[310.701554] (-) TimerEvent: {}
[310.802904] (-) TimerEvent: {}
[310.904265] (-) TimerEvent: {}
[311.008050] (-) TimerEvent: {}
[311.109674] (-) TimerEvent: {}
[311.215964] (-) TimerEvent: {}
[311.317291] (-) TimerEvent: {}
[311.418710] (-) TimerEvent: {}
[311.520469] (-) TimerEvent: {}
[311.621840] (-) TimerEvent: {}
[311.728048] (-) TimerEvent: {}
[311.829783] (-) TimerEvent: {}
[311.931240] (-) TimerEvent: {}
[312.032608] (-) TimerEvent: {}
[312.135450] (-) TimerEvent: {}
[312.236868] (-) TimerEvent: {}
[312.340045] (-) TimerEvent: {}
[312.443410] (-) TimerEvent: {}
[312.544782] (-) TimerEvent: {}
[312.647520] (-) TimerEvent: {}
[312.748913] (-) TimerEvent: {}
[312.852099] (-) TimerEvent: {}
[312.955529] (-) TimerEvent: {}
[313.056875] (-) TimerEvent: {}
[313.159458] (-) TimerEvent: {}
[313.267515] (-) TimerEvent: {}
[313.368849] (-) TimerEvent: {}
[313.470223] (-) TimerEvent: {}
[313.571762] (-) TimerEvent: {}
[313.673319] (-) TimerEvent: {}
[313.775041] (-) TimerEvent: {}
[313.879689] (-) TimerEvent: {}
[313.983324] (-) TimerEvent: {}
[314.091201] (-) TimerEvent: {}
[314.192801] (-) TimerEvent: {}
[314.294958] (-) TimerEvent: {}
[314.396367] (-) TimerEvent: {}
[314.497790] (-) TimerEvent: {}
[314.604241] (-) TimerEvent: {}
[314.705913] (-) TimerEvent: {}
[314.807394] (-) TimerEvent: {}
[314.908762] (-) TimerEvent: {}
[315.011529] (-) TimerEvent: {}
[315.115708] (-) TimerEvent: {}
[315.217954] (-) TimerEvent: {}
[315.322620] (-) TimerEvent: {}
[315.424531] (-) TimerEvent: {}
[315.527546] (-) TimerEvent: {}
[315.631273] (-) TimerEvent: {}
[315.732986] (-) TimerEvent: {}
[315.835575] (-) TimerEvent: {}
[315.939611] (-) TimerEvent: {}
[316.041050] (-) TimerEvent: {}
[316.143453] (-) TimerEvent: {}
[316.247566] (-) TimerEvent: {}
[316.349075] (-) TimerEvent: {}
[316.451084] (-) TimerEvent: {}
[316.557795] (-) TimerEvent: {}
[316.660289] (-) TimerEvent: {}
[316.763230] (-) TimerEvent: {}
[316.867634] (-) TimerEvent: {}
[316.968618] (-) TimerEvent: {}
[317.071565] (-) TimerEvent: {}
[317.175549] (-) TimerEvent: {}
[317.276626] (-) TimerEvent: {}
[317.380173] (-) TimerEvent: {}
[317.484007] (-) TimerEvent: {}
[317.587553] (-) TimerEvent: {}
[317.689112] (-) TimerEvent: {}
[318.061600] (-) TimerEvent: {}
[318.162484] (-) TimerEvent: {}
[318.267202] (-) TimerEvent: {}
[318.368063] (-) TimerEvent: {}
[318.469222] (-) TimerEvent: {}
[318.570222] (-) TimerEvent: {}
[318.674850] (-) TimerEvent: {}
[318.776070] (-) TimerEvent: {}
[318.877217] (-) TimerEvent: {}
[318.983175] (-) TimerEvent: {}
[319.084121] (-) TimerEvent: {}
[319.185225] (-) TimerEvent: {}
[319.287775] (-) TimerEvent: {}
[319.389181] (-) TimerEvent: {}
[319.490013] (-) TimerEvent: {}
[319.590878] (-) TimerEvent: {}
[319.691748] (-) TimerEvent: {}
[319.792591] (-) TimerEvent: {}
[319.893432] (-) TimerEvent: {}
[319.994289] (-) TimerEvent: {}
[320.095140] (-) TimerEvent: {}
[320.196024] (-) TimerEvent: {}
[320.299161] (-) TimerEvent: {}
[320.400057] (-) TimerEvent: {}
[320.500935] (-) TimerEvent: {}
[320.601809] (-) TimerEvent: {}
[320.703138] (-) TimerEvent: {}
[320.804048] (-) TimerEvent: {}
[320.905479] (-) TimerEvent: {}
[321.006453] (-) TimerEvent: {}
[321.108425] (-) TimerEvent: {}
[321.209330] (-) TimerEvent: {}
[321.310546] (-) TimerEvent: {}
[321.411399] (-) TimerEvent: {}
[321.512905] (-) TimerEvent: {}
[321.613679] (-) TimerEvent: {}
[321.714923] (-) TimerEvent: {}
[321.815776] (-) TimerEvent: {}
[321.917047] (-) TimerEvent: {}
[322.017874] (-) TimerEvent: {}
[322.119110] (-) TimerEvent: {}
[322.219948] (-) TimerEvent: {}
[322.321144] (-) TimerEvent: {}
[322.421980] (-) TimerEvent: {}
[322.523212] (-) TimerEvent: {}
[322.624049] (-) TimerEvent: {}
[322.725277] (-) TimerEvent: {}
[322.826179] (-) TimerEvent: {}
[322.928696] (-) TimerEvent: {}
[323.029542] (-) TimerEvent: {}
[323.130780] (-) TimerEvent: {}
[323.231648] (-) TimerEvent: {}
[323.332473] (-) TimerEvent: {}
[323.433715] (-) TimerEvent: {}
[323.534501] (-) TimerEvent: {}
[323.635404] (-) TimerEvent: {}
[323.736359] (-) TimerEvent: {}
[323.837298] (-) TimerEvent: {}
[323.938228] (-) TimerEvent: {}
[324.039180] (-) TimerEvent: {}
[324.139959] (-) TimerEvent: {}
[324.240752] (-) TimerEvent: {}
[324.341524] (-) TimerEvent: {}
[324.442232] (-) TimerEvent: {}
[324.543020] (-) TimerEvent: {}
[324.643767] (-) TimerEvent: {}
[324.744536] (-) TimerEvent: {}
[324.845316] (-) TimerEvent: {}
[324.946034] (-) TimerEvent: {}
[325.046769] (-) TimerEvent: {}
[325.147575] (-) TimerEvent: {}
[325.248513] (-) TimerEvent: {}
[325.351277] (-) TimerEvent: {}
[325.453040] (-) TimerEvent: {}
[325.553890] (-) TimerEvent: {}
[325.654785] (-) TimerEvent: {}
[325.755850] (-) TimerEvent: {}
[325.856774] (-) TimerEvent: {}
[325.957777] (-) TimerEvent: {}
[326.058642] (-) TimerEvent: {}
[326.159497] (-) TimerEvent: {}
[326.260289] (-) TimerEvent: {}
[326.361085] (-) TimerEvent: {}
[326.462472] (-) TimerEvent: {}
[326.563741] (-) TimerEvent: {}
[326.664952] (-) TimerEvent: {}
[326.766144] (-) TimerEvent: {}
[326.866856] (-) TimerEvent: {}
[326.967686] (-) TimerEvent: {}
[327.068672] (-) TimerEvent: {}
[327.169789] (-) TimerEvent: {}
[327.271074] (-) TimerEvent: {}
[327.372104] (-) TimerEvent: {}
[327.472947] (-) TimerEvent: {}
[327.573727] (-) TimerEvent: {}
[327.674395] (-) TimerEvent: {}
[327.775567] (-) TimerEvent: {}
[327.876650] (-) TimerEvent: {}
[327.977764] (-) TimerEvent: {}
[328.078428] (-) TimerEvent: {}
[328.179132] (-) TimerEvent: {}
[328.279788] (-) TimerEvent: {}
[328.380474] (-) TimerEvent: {}
[328.481138] (-) TimerEvent: {}
[328.581804] (-) TimerEvent: {}
[328.682529] (-) TimerEvent: {}
[328.783892] (-) TimerEvent: {}
[328.884553] (-) TimerEvent: {}
[328.985842] (-) TimerEvent: {}
[329.086844] (-) TimerEvent: {}
[329.188190] (-) TimerEvent: {}
[329.289217] (-) TimerEvent: {}
[329.390525] (-) TimerEvent: {}
[329.491573] (-) TimerEvent: {}
[329.592340] (-) TimerEvent: {}
[329.694371] (-) TimerEvent: {}
[329.795335] (-) TimerEvent: {}
[329.896399] (-) TimerEvent: {}
[329.997255] (-) TimerEvent: {}
[330.098316] (-) TimerEvent: {}
[330.199199] (-) TimerEvent: {}
[330.299883] (-) TimerEvent: {}
[330.400476] (-) TimerEvent: {}
[330.501077] (-) TimerEvent: {}
[330.601662] (-) TimerEvent: {}
[330.702272] (-) TimerEvent: {}
[330.802887] (-) TimerEvent: {}
[330.903512] (-) TimerEvent: {}
[331.004124] (-) TimerEvent: {}
[331.104841] (-) TimerEvent: {}
[331.205523] (-) TimerEvent: {}
[331.306226] (-) TimerEvent: {}
[331.406938] (-) TimerEvent: {}
[331.507644] (-) TimerEvent: {}
[331.608263] (-) TimerEvent: {}
[331.708897] (-) TimerEvent: {}
[331.810446] (-) TimerEvent: {}
[331.912471] (-) TimerEvent: {}
[332.014369] (-) TimerEvent: {}
[332.048966] (opentera_webrtc_ros) StdoutLine: {'line': b'[ 71%] \x1b[32mBuilding CXX object SYSTEM/opentera-webrtc-native-client/OpenteraWebrtcNativeClient/CMakeFiles/OpenteraWebrtcNativeClient.dir/src/version.cpp.o\x1b[0m\n'}
[332.114545] (-) TimerEvent: {}
[332.215632] (-) TimerEvent: {}
[332.316735] (-) TimerEvent: {}
[332.417864] (-) TimerEvent: {}
[332.518921] (-) TimerEvent: {}
[332.620018] (-) TimerEvent: {}
[332.721288] (-) TimerEvent: {}
[332.746173] (opentera_webrtc_ros) StdoutLine: {'line': b'[ 71%] \x1b[32m\x1b[1mLinking CXX static library bin/Debug/libOpenteraWebrtcNativeClient.a\x1b[0m\n'}
[332.821459] (-) TimerEvent: {}
[332.922568] (-) TimerEvent: {}
[333.023377] (-) TimerEvent: {}
[333.125461] (-) TimerEvent: {}
[333.227013] (-) TimerEvent: {}
[333.328121] (-) TimerEvent: {}
[333.428912] (-) TimerEvent: {}
[333.530162] (-) TimerEvent: {}
[333.630926] (-) TimerEvent: {}
[333.731850] (-) TimerEvent: {}
[333.832454] (-) TimerEvent: {}
[333.933346] (-) TimerEvent: {}
[334.033971] (-) TimerEvent: {}
[334.134876] (-) TimerEvent: {}
[334.235511] (-) TimerEvent: {}
[334.336398] (-) TimerEvent: {}
[334.437008] (-) TimerEvent: {}
[334.537889] (-) TimerEvent: {}
[334.638519] (-) TimerEvent: {}
[334.739431] (-) TimerEvent: {}
[334.840079] (-) TimerEvent: {}
[334.940930] (-) TimerEvent: {}
[335.041570] (-) TimerEvent: {}
[335.142454] (-) TimerEvent: {}
[335.243109] (-) TimerEvent: {}
[335.343764] (-) TimerEvent: {}
[335.444388] (-) TimerEvent: {}
[335.545012] (-) TimerEvent: {}
[335.645665] (-) TimerEvent: {}
[335.746635] (-) TimerEvent: {}
[335.847709] (-) TimerEvent: {}
[335.949182] (-) TimerEvent: {}
[336.050300] (-) TimerEvent: {}
[336.151572] (-) TimerEvent: {}
[336.252631] (-) TimerEvent: {}
[336.353693] (-) TimerEvent: {}
[336.455193] (-) TimerEvent: {}
[336.556315] (-) TimerEvent: {}
[336.658140] (-) TimerEvent: {}
[336.759341] (-) TimerEvent: {}
[336.860354] (-) TimerEvent: {}
[336.961396] (-) TimerEvent: {}
[337.062961] (-) TimerEvent: {}
[337.163967] (-) TimerEvent: {}
[337.265448] (-) TimerEvent: {}
[337.366575] (-) TimerEvent: {}
[337.467869] (-) TimerEvent: {}
[337.570073] (-) TimerEvent: {}
[337.672432] (-) TimerEvent: {}
[337.773886] (-) TimerEvent: {}
[337.875168] (-) TimerEvent: {}
[337.976229] (-) TimerEvent: {}
[338.077298] (-) TimerEvent: {}
[338.567204] (-) TimerEvent: {}
[338.671256] (-) TimerEvent: {}
[338.686493] (opentera_webrtc_ros) StdoutLine: {'line': b'[ 71%] Built target OpenteraWebrtcNativeClient\n'}
[338.771393] (-) TimerEvent: {}
[338.872006] (-) TimerEvent: {}
[338.972656] (-) TimerEvent: {}
[339.073243] (-) TimerEvent: {}
[339.173833] (-) TimerEvent: {}
[339.274417] (-) TimerEvent: {}
[339.375038] (-) TimerEvent: {}
[339.475628] (-) TimerEvent: {}
[339.576202] (-) TimerEvent: {}
[339.676788] (-) TimerEvent: {}
[339.777403] (-) TimerEvent: {}
[339.877989] (-) TimerEvent: {}
[339.978861] (-) TimerEvent: {}
[340.079516] (-) TimerEvent: {}
[340.180388] (-) TimerEvent: {}
[340.281010] (-) TimerEvent: {}
[340.381612] (-) TimerEvent: {}
[340.482543] (-) TimerEvent: {}
[340.505465] (opentera_webrtc_ros) StdoutLine: {'line': b'[ 73%] \x1b[32mBuilding CXX object CMakeFiles/opentera_webrtc_ros_data_channel_bridge.dir/src/RosDataChannelBridge.cpp.o\x1b[0m\n'}
[340.506519] (opentera_webrtc_ros) StdoutLine: {'line': b'[ 73%] \x1b[32mBuilding CXX object CMakeFiles/opentera_webrtc_ros_data_channel_bridge.dir/src/RosSignalingServerConfiguration.cpp.o\x1b[0m\n'}
[340.514053] (opentera_webrtc_ros) StdoutLine: {'line': b'[ 73%] \x1b[32mBuilding CXX object CMakeFiles/opentera_webrtc_ros_topic_streamer.dir/src/RosVideoSource.cpp.o\x1b[0m\n'}
[340.583278] (-) TimerEvent: {}
[340.684829] (-) TimerEvent: {}
[340.785462] (-) TimerEvent: {}
[340.886111] (-) TimerEvent: {}
[340.987220] (-) TimerEvent: {}
[341.088307] (-) TimerEvent: {}
[341.189910] (-) TimerEvent: {}
[341.290511] (-) TimerEvent: {}
[341.391440] (-) TimerEvent: {}
[341.492144] (-) TimerEvent: {}
[341.599194] (-) TimerEvent: {}
[341.699958] (-) TimerEvent: {}
[341.801337] (-) TimerEvent: {}
[341.906821] (-) TimerEvent: {}
[342.007861] (-) TimerEvent: {}
[342.108809] (-) TimerEvent: {}
[342.209820] (-) TimerEvent: {}
[342.311398] (-) TimerEvent: {}
[342.412912] (-) TimerEvent: {}
[342.515334] (-) TimerEvent: {}
[342.616410] (-) TimerEvent: {}
[342.718401] (-) TimerEvent: {}
[342.819722] (-) TimerEvent: {}
[342.923835] (-) TimerEvent: {}
[343.025194] (-) TimerEvent: {}
[343.127682] (-) TimerEvent: {}
[343.229831] (-) TimerEvent: {}
[343.330726] (-) TimerEvent: {}
[343.432417] (-) TimerEvent: {}
[343.533863] (-) TimerEvent: {}
[343.681556] (-) TimerEvent: {}
[343.783334] (-) TimerEvent: {}
[343.884297] (-) TimerEvent: {}
[343.986793] (-) TimerEvent: {}
[344.088907] (-) TimerEvent: {}
[344.190361] (-) TimerEvent: {}
[344.292603] (-) TimerEvent: {}
[344.394234] (-) TimerEvent: {}
[344.495356] (-) TimerEvent: {}
[344.597148] (-) TimerEvent: {}
[344.698835] (-) TimerEvent: {}
[344.803154] (-) TimerEvent: {}
[344.904659] (-) TimerEvent: {}
[345.006558] (-) TimerEvent: {}
[345.108669] (-) TimerEvent: {}
[345.210301] (-) TimerEvent: {}
[345.311422] (-) TimerEvent: {}
[345.413263] (-) TimerEvent: {}
[345.514590] (-) TimerEvent: {}
[345.616602] (-) TimerEvent: {}
[345.718100] (-) TimerEvent: {}
[345.820025] (-) TimerEvent: {}
[345.922328] (-) TimerEvent: {}
[346.023162] (-) TimerEvent: {}
[346.125210] (-) TimerEvent: {}
[346.226720] (-) TimerEvent: {}
[346.327716] (-) TimerEvent: {}
[346.429915] (-) TimerEvent: {}
[346.532153] (-) TimerEvent: {}
[346.633492] (-) TimerEvent: {}
[346.734483] (-) TimerEvent: {}
[346.836310] (-) TimerEvent: {}
[346.938495] (-) TimerEvent: {}
[347.039812] (-) TimerEvent: {}
[347.141681] (-) TimerEvent: {}
[347.243465] (-) TimerEvent: {}
[347.345261] (-) TimerEvent: {}
[347.446668] (-) TimerEvent: {}
[347.548485] (-) TimerEvent: {}
[347.649965] (-) TimerEvent: {}
[347.752190] (-) TimerEvent: {}
[347.854002] (-) TimerEvent: {}
[347.955431] (-) TimerEvent: {}
[348.057163] (-) TimerEvent: {}
[348.158866] (-) TimerEvent: {}
[348.260479] (-) TimerEvent: {}
[348.362284] (-) TimerEvent: {}
[348.464811] (-) TimerEvent: {}
[348.566682] (-) TimerEvent: {}
[348.668124] (-) TimerEvent: {}
[348.770464] (-) TimerEvent: {}
[348.871691] (-) TimerEvent: {}
[348.973508] (-) TimerEvent: {}
[349.076084] (-) TimerEvent: {}
[349.177032] (-) TimerEvent: {}
[349.279790] (-) TimerEvent: {}
[349.383188] (-) TimerEvent: {}
[349.484621] (-) TimerEvent: {}
[349.587790] (-) TimerEvent: {}
[349.688875] (-) TimerEvent: {}
[349.790761] (-) TimerEvent: {}
[349.892205] (-) TimerEvent: {}
[349.994086] (-) TimerEvent: {}
[350.096361] (-) TimerEvent: {}
[350.197314] (-) TimerEvent: {}
[350.299179] (-) TimerEvent: {}
[350.400609] (-) TimerEvent: {}
[350.502373] (-) TimerEvent: {}
[350.603726] (-) TimerEvent: {}
[350.705543] (-) TimerEvent: {}
[350.807820] (-) TimerEvent: {}
[350.909017] (-) TimerEvent: {}
[351.010530] (-) TimerEvent: {}
[351.112563] (-) TimerEvent: {}
[351.214454] (-) TimerEvent: {}
[351.316208] (-) TimerEvent: {}
[351.417092] (-) TimerEvent: {}
[351.520446] (-) TimerEvent: {}
[351.623588] (-) TimerEvent: {}
[351.725552] (-) TimerEvent: {}
[351.828028] (-) TimerEvent: {}
[351.929338] (-) TimerEvent: {}
[352.030242] (-) TimerEvent: {}
[352.132153] (-) TimerEvent: {}
[352.234040] (-) TimerEvent: {}
[352.335438] (-) TimerEvent: {}
[352.437220] (-) TimerEvent: {}
[352.538098] (-) TimerEvent: {}
[352.640092] (-) TimerEvent: {}
[352.741405] (-) TimerEvent: {}
[352.843119] (-) TimerEvent: {}
[352.944422] (-) TimerEvent: {}
[353.046127] (-) TimerEvent: {}
[353.147095] (-) TimerEvent: {}
[353.248881] (-) TimerEvent: {}
[353.350914] (-) TimerEvent: {}
[353.452763] (-) TimerEvent: {}
[353.554071] (-) TimerEvent: {}
[353.655920] (-) TimerEvent: {}
[353.757324] (-) TimerEvent: {}
[353.858356] (-) TimerEvent: {}
[353.960943] (-) TimerEvent: {}
[354.062382] (-) TimerEvent: {}
[354.164418] (-) TimerEvent: {}
[354.265424] (-) TimerEvent: {}
[354.367043] (-) TimerEvent: {}
[354.469093] (-) TimerEvent: {}
[354.570712] (-) TimerEvent: {}
[354.672868] (-) TimerEvent: {}
[354.775363] (-) TimerEvent: {}
[354.876935] (-) TimerEvent: {}
[354.979239] (-) TimerEvent: {}
[355.083115] (-) TimerEvent: {}
[355.185988] (-) TimerEvent: {}
[355.287952] (-) TimerEvent: {}
[355.388829] (-) TimerEvent: {}
[355.495193] (-) TimerEvent: {}
[355.599855] (-) TimerEvent: {}
[355.701258] (-) TimerEvent: {}
[355.803323] (-) TimerEvent: {}
[355.904762] (-) TimerEvent: {}
[356.006664] (-) TimerEvent: {}
[356.108239] (-) TimerEvent: {}
[356.210244] (-) TimerEvent: {}
[356.312041] (-) TimerEvent: {}
[356.413851] (-) TimerEvent: {}
[356.515325] (-) TimerEvent: {}
[356.617155] (-) TimerEvent: {}
[356.718414] (-) TimerEvent: {}
[356.821255] (-) TimerEvent: {}
[356.922123] (-) TimerEvent: {}
[357.024410] (-) TimerEvent: {}
[357.128637] (-) TimerEvent: {}
[357.231593] (-) TimerEvent: {}
[357.332952] (-) TimerEvent: {}
[357.527528] (-) TimerEvent: {}
[357.628396] (-) TimerEvent: {}
[357.729240] (-) TimerEvent: {}
[357.830146] (-) TimerEvent: {}
[357.931088] (-) TimerEvent: {}
[358.031995] (-) TimerEvent: {}
[358.132865] (-) TimerEvent: {}
[358.233803] (-) TimerEvent: {}
[358.334664] (-) TimerEvent: {}
[358.435705] (-) TimerEvent: {}
[358.537529] (-) TimerEvent: {}
[358.639062] (-) TimerEvent: {}
[358.740877] (-) TimerEvent: {}
[358.842680] (-) TimerEvent: {}
[358.944411] (-) TimerEvent: {}
[359.045794] (-) TimerEvent: {}
[359.146652] (-) TimerEvent: {}
[359.248541] (-) TimerEvent: {}
[359.350782] (-) TimerEvent: {}
[359.453056] (-) TimerEvent: {}
[359.555284] (-) TimerEvent: {}
[359.656183] (-) TimerEvent: {}
[359.758074] (-) TimerEvent: {}
[359.859506] (-) TimerEvent: {}
[359.961349] (-) TimerEvent: {}
[360.062681] (-) TimerEvent: {}
[360.163640] (-) TimerEvent: {}
[360.265466] (-) TimerEvent: {}
[360.367646] (-) TimerEvent: {}
[360.469467] (-) TimerEvent: {}
[360.571376] (-) TimerEvent: {}
[360.673481] (-) TimerEvent: {}
[360.774324] (-) TimerEvent: {}
[360.876012] (-) TimerEvent: {}
[360.977932] (-) TimerEvent: {}
[361.079343] (-) TimerEvent: {}
[361.181256] (-) TimerEvent: {}
[361.283468] (-) TimerEvent: {}
[361.384383] (-) TimerEvent: {}
[361.486295] (-) TimerEvent: {}
[361.587261] (-) TimerEvent: {}
[361.689019] (-) TimerEvent: {}
[361.790321] (-) TimerEvent: {}
[361.891243] (-) TimerEvent: {}
[361.995160] (-) TimerEvent: {}
[362.096369] (-) TimerEvent: {}
[362.127885] (opentera_webrtc_ros) StdoutLine: {'line': b'[ 75%] \x1b[32mBuilding CXX object CMakeFiles/opentera_webrtc_ros_topic_streamer.dir/src/RosAudioSource.cpp.o\x1b[0m\n'}
[362.199168] (-) TimerEvent: {}
[362.300100] (-) TimerEvent: {}
[362.401120] (-) TimerEvent: {}
[362.506041] (-) TimerEvent: {}
[362.607813] (-) TimerEvent: {}
[362.709363] (-) TimerEvent: {}
[362.815686] (-) TimerEvent: {}
[362.916502] (-) TimerEvent: {}
[363.017248] (-) TimerEvent: {}
[363.118013] (-) TimerEvent: {}
[363.218802] (-) TimerEvent: {}
[363.319609] (-) TimerEvent: {}
[363.420429] (-) TimerEvent: {}
[363.523483] (-) TimerEvent: {}
[363.624335] (-) TimerEvent: {}
[363.727496] (-) TimerEvent: {}
[363.828366] (-) TimerEvent: {}
[363.929288] (-) TimerEvent: {}
[364.030841] (-) TimerEvent: {}
[364.131948] (-) TimerEvent: {}
[364.233070] (-) TimerEvent: {}
[364.333971] (-) TimerEvent: {}
[364.434816] (-) TimerEvent: {}
[364.537153] (-) TimerEvent: {}
[364.638794] (-) TimerEvent: {}
[364.740585] (-) TimerEvent: {}
[364.841691] (-) TimerEvent: {}
[364.943528] (-) TimerEvent: {}
[365.045212] (-) TimerEvent: {}
[365.147101] (-) TimerEvent: {}
[365.248021] (-) TimerEvent: {}
[365.349967] (-) TimerEvent: {}
[365.452255] (-) TimerEvent: {}
[365.554195] (-) TimerEvent: {}
[365.655912] (-) TimerEvent: {}
[365.757712] (-) TimerEvent: {}
[365.858670] (-) TimerEvent: {}
[365.960592] (-) TimerEvent: {}
[366.062352] (-) TimerEvent: {}
[366.164279] (-) TimerEvent: {}
[366.265984] (-) TimerEvent: {}
[366.367184] (-) TimerEvent: {}
[366.468860] (-) TimerEvent: {}
[366.570555] (-) TimerEvent: {}
[366.671996] (-) TimerEvent: {}
[366.773757] (-) TimerEvent: {}
[366.875332] (-) TimerEvent: {}
[366.977170] (-) TimerEvent: {}
[367.078052] (-) TimerEvent: {}
[367.179849] (-) TimerEvent: {}
[367.281358] (-) TimerEvent: {}
[367.384418] (-) TimerEvent: {}
[367.487769] (-) TimerEvent: {}
[367.588771] (-) TimerEvent: {}
[367.690711] (-) TimerEvent: {}
[367.792668] (-) TimerEvent: {}
[367.894803] (-) TimerEvent: {}
[367.996179] (-) TimerEvent: {}
[368.097852] (-) TimerEvent: {}
[368.198799] (-) TimerEvent: {}
[368.300718] (-) TimerEvent: {}
[368.404758] (-) TimerEvent: {}
[368.506078] (-) TimerEvent: {}
[368.608077] (-) TimerEvent: {}
[368.710104] (-) TimerEvent: {}
[368.811162] (-) TimerEvent: {}
[368.912930] (-) TimerEvent: {}
[369.014278] (-) TimerEvent: {}
[369.116011] (-) TimerEvent: {}
[369.217373] (-) TimerEvent: {}
[369.319205] (-) TimerEvent: {}
[369.420640] (-) TimerEvent: {}
[369.521523] (-) TimerEvent: {}
[369.623327] (-) TimerEvent: {}
[369.725315] (-) TimerEvent: {}
[369.827059] (-) TimerEvent: {}
[369.927898] (-) TimerEvent: {}
[370.029680] (-) TimerEvent: {}
[370.131060] (-) TimerEvent: {}
[370.232889] (-) TimerEvent: {}
[370.334170] (-) TimerEvent: {}
[370.436024] (-) TimerEvent: {}
[370.537025] (-) TimerEvent: {}
[370.639286] (-) TimerEvent: {}
[370.741411] (-) TimerEvent: {}
[370.843262] (-) TimerEvent: {}
[370.945077] (-) TimerEvent: {}
[371.045974] (-) TimerEvent: {}
[371.147733] (-) TimerEvent: {}
[371.249447] (-) TimerEvent: {}
[371.350790] (-) TimerEvent: {}
[371.452644] (-) TimerEvent: {}
[371.553510] (-) TimerEvent: {}
[371.655875] (-) TimerEvent: {}
[371.757588] (-) TimerEvent: {}
[371.859433] (-) TimerEvent: {}
[371.960772] (-) TimerEvent: {}
[372.061634] (-) TimerEvent: {}
[372.163534] (-) TimerEvent: {}
[372.264892] (-) TimerEvent: {}
[372.366643] (-) TimerEvent: {}
[372.467617] (-) TimerEvent: {}
[372.570034] (-) TimerEvent: {}
[372.671884] (-) TimerEvent: {}
[372.773880] (-) TimerEvent: {}
[372.876011] (-) TimerEvent: {}
[372.977384] (-) TimerEvent: {}
[373.078256] (-) TimerEvent: {}
[373.180097] (-) TimerEvent: {}
[373.281408] (-) TimerEvent: {}
[373.383101] (-) TimerEvent: {}
[373.484423] (-) TimerEvent: {}
[373.585338] (-) TimerEvent: {}
[373.688456] (-) TimerEvent: {}
[373.790402] (-) TimerEvent: {}
[373.891754] (-) TimerEvent: {}
[373.993573] (-) TimerEvent: {}
[374.094886] (-) TimerEvent: {}
[374.195831] (-) TimerEvent: {}
[374.297527] (-) TimerEvent: {}
[374.398864] (-) TimerEvent: {}
[374.500609] (-) TimerEvent: {}
[374.601498] (-) TimerEvent: {}
[374.703487] (-) TimerEvent: {}
[374.805399] (-) TimerEvent: {}
[374.907138] (-) TimerEvent: {}
[375.008004] (-) TimerEvent: {}
[375.109691] (-) TimerEvent: {}
[375.211144] (-) TimerEvent: {}
[375.313356] (-) TimerEvent: {}
[375.414714] (-) TimerEvent: {}
[375.516505] (-) TimerEvent: {}
[375.617878] (-) TimerEvent: {}
[375.718771] (-) TimerEvent: {}
[375.820542] (-) TimerEvent: {}
[375.921980] (-) TimerEvent: {}
[376.023935] (-) TimerEvent: {}
[376.125361] (-) TimerEvent: {}
[376.227082] (-) TimerEvent: {}
[376.327966] (-) TimerEvent: {}
[376.429808] (-) TimerEvent: {}
[376.531360] (-) TimerEvent: {}
[376.633106] (-) TimerEvent: {}
[376.734318] (-) TimerEvent: {}
[376.836071] (-) TimerEvent: {}
[376.938204] (-) TimerEvent: {}
[377.043386] (-) TimerEvent: {}
[377.154030] (-) TimerEvent: {}
[377.256639] (-) TimerEvent: {}
[377.358435] (-) TimerEvent: {}
[377.460229] (-) TimerEvent: {}
[377.562539] (-) TimerEvent: {}
[377.663924] (-) TimerEvent: {}
[377.766017] (-) TimerEvent: {}
[377.871398] (-) TimerEvent: {}
[377.972665] (-) TimerEvent: {}
[378.074550] (-) TimerEvent: {}
[378.175516] (-) TimerEvent: {}
[378.277188] (-) TimerEvent: {}
[378.378515] (-) TimerEvent: {}
[378.480287] (-) TimerEvent: {}
[378.582129] (-) TimerEvent: {}
[378.683814] (-) TimerEvent: {}
[378.785343] (-) TimerEvent: {}
[378.886269] (-) TimerEvent: {}
[378.987935] (-) TimerEvent: {}
[379.089209] (-) TimerEvent: {}
[379.190880] (-) TimerEvent: {}
[379.292328] (-) TimerEvent: {}
[379.394038] (-) TimerEvent: {}
[379.495502] (-) TimerEvent: {}
[379.598414] (-) TimerEvent: {}
[379.699419] (-) TimerEvent: {}
[379.800981] (-) TimerEvent: {}
[379.909050] (-) TimerEvent: {}
[379.922989] (opentera_webrtc_ros) StdoutLine: {'line': b'[ 76%] \x1b[32mBuilding CXX object CMakeFiles/opentera_webrtc_ros_topic_streamer.dir/src/RosSignalingServerConfiguration.cpp.o\x1b[0m\n'}
[380.011394] (-) TimerEvent: {}
[380.112545] (-) TimerEvent: {}
[380.213344] (-) TimerEvent: {}
[380.314869] (-) TimerEvent: {}
[380.416223] (-) TimerEvent: {}
[380.517250] (-) TimerEvent: {}
[380.618463] (-) TimerEvent: {}
[380.719353] (-) TimerEvent: {}
[380.820633] (-) TimerEvent: {}
[380.921694] (-) TimerEvent: {}
[381.023130] (-) TimerEvent: {}
[381.124022] (-) TimerEvent: {}
[381.225295] (-) TimerEvent: {}
[381.326502] (-) TimerEvent: {}
[381.428308] (-) TimerEvent: {}
[381.529742] (-) TimerEvent: {}
[381.630507] (-) TimerEvent: {}
[381.732066] (-) TimerEvent: {}
[381.833853] (-) TimerEvent: {}
[381.934761] (-) TimerEvent: {}
[382.036139] (-) TimerEvent: {}
[382.136891] (-) TimerEvent: {}
[382.238303] (-) TimerEvent: {}
[382.339652] (-) TimerEvent: {}
[382.440488] (-) TimerEvent: {}
[382.541861] (-) TimerEvent: {}
[382.643130] (-) TimerEvent: {}
[382.746228] (-) TimerEvent: {}
[382.847144] (-) TimerEvent: {}
[382.948958] (-) TimerEvent: {}
[383.050571] (-) TimerEvent: {}
[383.151520] (-) TimerEvent: {}
[383.252843] (-) TimerEvent: {}
[383.353712] (-) TimerEvent: {}
[383.455170] (-) TimerEvent: {}
[383.556074] (-) TimerEvent: {}
[383.657412] (-) TimerEvent: {}
[383.758418] (-) TimerEvent: {}
[383.859866] (-) TimerEvent: {}
[383.961285] (-) TimerEvent: {}
[384.062275] (-) TimerEvent: {}
[384.163394] (-) TimerEvent: {}
[384.264575] (-) TimerEvent: {}
[384.365386] (-) TimerEvent: {}
[384.467175] (-) TimerEvent: {}
[384.568611] (-) TimerEvent: {}
[384.670269] (-) TimerEvent: {}
[384.771633] (-) TimerEvent: {}
[384.855579] (opentera_webrtc_ros) StdoutLine: {'line': b'[ 77%] \x1b[32mBuilding CXX object CMakeFiles/opentera_webrtc_ros_topic_streamer.dir/src/RosVideoStreamConfiguration.cpp.o\x1b[0m\n'}
[384.871959] (-) TimerEvent: {}
[384.973253] (-) TimerEvent: {}
[385.075308] (-) TimerEvent: {}
[385.176786] (-) TimerEvent: {}
[385.278485] (-) TimerEvent: {}
[385.379744] (-) TimerEvent: {}
[385.481362] (-) TimerEvent: {}
[385.582642] (-) TimerEvent: {}
[385.684484] (-) TimerEvent: {}
[385.785410] (-) TimerEvent: {}
[385.887179] (-) TimerEvent: {}
[385.988388] (-) TimerEvent: {}
[386.090429] (-) TimerEvent: {}
[386.192131] (-) TimerEvent: {}
[386.293964] (-) TimerEvent: {}
[386.395081] (-) TimerEvent: {}
[386.497485] (-) TimerEvent: {}
[386.599687] (-) TimerEvent: {}
[386.701538] (-) TimerEvent: {}
[386.802939] (-) TimerEvent: {}
[386.905113] (-) TimerEvent: {}
[387.007155] (-) TimerEvent: {}
[387.109238] (-) TimerEvent: {}
[387.210192] (-) TimerEvent: {}
[387.312248] (-) TimerEvent: {}
[387.414219] (-) TimerEvent: {}
[387.516453] (-) TimerEvent: {}
[387.618360] (-) TimerEvent: {}
[387.719344] (-) TimerEvent: {}
[387.821892] (-) TimerEvent: {}
[387.924266] (-) TimerEvent: {}
[388.027101] (-) TimerEvent: {}
[388.128101] (-) TimerEvent: {}
[388.230138] (-) TimerEvent: {}
[388.332339] (-) TimerEvent: {}
[388.434419] (-) TimerEvent: {}
[388.536537] (-) TimerEvent: {}
[388.638049] (-) TimerEvent: {}
[388.739150] (-) TimerEvent: {}
[388.841210] (-) TimerEvent: {}
[388.943343] (-) TimerEvent: {}
[389.045287] (-) TimerEvent: {}
[389.147126] (-) TimerEvent: {}
[389.248033] (-) TimerEvent: {}
[389.349780] (-) TimerEvent: {}
[389.451821] (-) TimerEvent: {}
[389.553720] (-) TimerEvent: {}
[389.655306] (-) TimerEvent: {}
[389.757463] (-) TimerEvent: {}
[389.859888] (-) TimerEvent: {}
[389.960780] (-) TimerEvent: {}
[390.062624] (-) TimerEvent: {}
[390.164650] (-) TimerEvent: {}
[390.266793] (-) TimerEvent: {}
[390.368496] (-) TimerEvent: {}
[390.469627] (-) TimerEvent: {}
[390.571065] (-) TimerEvent: {}
[390.672496] (-) TimerEvent: {}
[390.773912] (-) TimerEvent: {}
[390.875662] (-) TimerEvent: {}
[390.977178] (-) TimerEvent: {}
[391.079640] (-) TimerEvent: {}
[391.181791] (-) TimerEvent: {}
[391.283419] (-) TimerEvent: {}
[391.384927] (-) TimerEvent: {}
[391.485872] (-) TimerEvent: {}
[391.587681] (-) TimerEvent: {}
[391.689065] (-) TimerEvent: {}
[391.790775] (-) TimerEvent: {}
[391.891754] (-) TimerEvent: {}
[391.993164] (-) TimerEvent: {}
[392.096871] (-) TimerEvent: {}
[392.198242] (-) TimerEvent: {}
[392.299648] (-) TimerEvent: {}
[392.401153] (-) TimerEvent: {}
[392.502540] (-) TimerEvent: {}
[392.603443] (-) TimerEvent: {}
[392.704905] (-) TimerEvent: {}
[392.805926] (-) TimerEvent: {}
[392.907946] (-) TimerEvent: {}
[393.009357] (-) TimerEvent: {}
[393.110791] (-) TimerEvent: {}
[393.211746] (-) TimerEvent: {}
[393.313187] (-) TimerEvent: {}
[393.415052] (-) TimerEvent: {}
[393.516460] (-) TimerEvent: {}
[393.617449] (-) TimerEvent: {}
[393.718760] (-) TimerEvent: {}
[393.820146] (-) TimerEvent: {}
[393.921649] (-) TimerEvent: {}
[394.023122] (-) TimerEvent: {}
[394.123996] (-) TimerEvent: {}
[394.225354] (-) TimerEvent: {}
[394.326795] (-) TimerEvent: {}
[394.427897] (-) TimerEvent: {}
[394.529418] (-) TimerEvent: {}
[394.630890] (-) TimerEvent: {}
[394.732596] (-) TimerEvent: {}
[394.834299] (-) TimerEvent: {}
[394.936340] (-) TimerEvent: {}
[395.038166] (-) TimerEvent: {}
[395.139155] (-) TimerEvent: {}
[395.240916] (-) TimerEvent: {}
[395.341925] (-) TimerEvent: {}
[395.443650] (-) TimerEvent: {}
[395.545397] (-) TimerEvent: {}
[395.647308] (-) TimerEvent: {}
[395.749108] (-) TimerEvent: {}
[395.851558] (-) TimerEvent: {}
[395.953229] (-) TimerEvent: {}
[396.054861] (-) TimerEvent: {}
[396.156523] (-) TimerEvent: {}
[396.258598] (-) TimerEvent: {}
[396.360689] (-) TimerEvent: {}
[396.461546] (-) TimerEvent: {}
[396.563282] (-) TimerEvent: {}
[396.664482] (-) TimerEvent: {}
[396.766087] (-) TimerEvent: {}
[396.867326] (-) TimerEvent: {}
[396.968164] (-) TimerEvent: {}
[397.070010] (-) TimerEvent: {}
[397.171855] (-) TimerEvent: {}
[397.273623] (-) TimerEvent: {}
[397.374500] (-) TimerEvent: {}
[397.476512] (-) TimerEvent: {}
[397.579441] (-) TimerEvent: {}
[397.681175] (-) TimerEvent: {}
[397.783062] (-) TimerEvent: {}
[397.884522] (-) TimerEvent: {}
[397.991213] (-) TimerEvent: {}
[398.092135] (-) TimerEvent: {}
[398.194252] (-) TimerEvent: {}
[398.299552] (-) TimerEvent: {}
[398.403520] (-) TimerEvent: {}
[398.504997] (-) TimerEvent: {}
[398.606466] (-) TimerEvent: {}
[398.707462] (-) TimerEvent: {}
[398.808426] (-) TimerEvent: {}
[398.909421] (-) TimerEvent: {}
[399.010379] (-) TimerEvent: {}
[399.111525] (-) TimerEvent: {}
[399.212572] (-) TimerEvent: {}
[399.316295] (-) TimerEvent: {}
[399.417152] (-) TimerEvent: {}
[399.518941] (-) TimerEvent: {}
[399.620890] (-) TimerEvent: {}
[399.722258] (-) TimerEvent: {}
[399.824093] (-) TimerEvent: {}
[399.925034] (-) TimerEvent: {}
[400.027196] (-) TimerEvent: {}
[400.129253] (-) TimerEvent: {}
[400.231876] (-) TimerEvent: {}
[400.334227] (-) TimerEvent: {}
[400.435907] (-) TimerEvent: {}
[400.536726] (-) TimerEvent: {}
[400.638354] (-) TimerEvent: {}
[400.740116] (-) TimerEvent: {}
[400.841718] (-) TimerEvent: {}
[400.943358] (-) TimerEvent: {}
[401.044604] (-) TimerEvent: {}
[401.145463] (-) TimerEvent: {}
[401.247346] (-) TimerEvent: {}
[401.348895] (-) TimerEvent: {}
[401.451132] (-) TimerEvent: {}
[401.552316] (-) TimerEvent: {}
[401.654192] (-) TimerEvent: {}
[401.759166] (-) TimerEvent: {}
[401.860461] (-) TimerEvent: {}
[401.961483] (-) TimerEvent: {}
[402.064887] (-) TimerEvent: {}
[402.166118] (-) TimerEvent: {}
[402.269107] (-) TimerEvent: {}
[402.370927] (-) TimerEvent: {}
[402.473748] (-) TimerEvent: {}
[402.575173] (-) TimerEvent: {}
[402.678254] (-) TimerEvent: {}
[402.781934] (-) TimerEvent: {}
[402.882758] (-) TimerEvent: {}
[402.983516] (-) TimerEvent: {}
[403.084171] (-) TimerEvent: {}
[403.184811] (-) TimerEvent: {}
[403.285457] (-) TimerEvent: {}
[403.386226] (-) TimerEvent: {}
[403.487030] (-) TimerEvent: {}
[403.588827] (-) TimerEvent: {}
[403.692279] (-) TimerEvent: {}
[405.730438] (-) TimerEvent: {}
[405.831343] (-) TimerEvent: {}
[405.931993] (-) TimerEvent: {}
[406.035027] (-) TimerEvent: {}
[406.135796] (-) TimerEvent: {}
[406.236398] (-) TimerEvent: {}
[406.337321] (-) TimerEvent: {}
[406.438045] (-) TimerEvent: {}
[406.538949] (-) TimerEvent: {}
[406.640055] (-) TimerEvent: {}
[406.740952] (-) TimerEvent: {}
[406.842042] (-) TimerEvent: {}
[406.949609] (-) TimerEvent: {}
[407.051019] (-) TimerEvent: {}
[407.152611] (-) TimerEvent: {}
[407.256052] (-) TimerEvent: {}
[407.357750] (-) TimerEvent: {}
[407.463341] (-) TimerEvent: {}
[407.571563] (-) TimerEvent: {}
[407.673239] (-) TimerEvent: {}
[407.776412] (-) TimerEvent: {}
[407.878778] (-) TimerEvent: {}
[407.981329] (-) TimerEvent: {}
[408.083503] (-) TimerEvent: {}
[408.184707] (-) TimerEvent: {}
[408.287997] (-) TimerEvent: {}
[408.390208] (-) TimerEvent: {}
[408.492120] (-) TimerEvent: {}
[408.593979] (-) TimerEvent: {}
[408.697907] (-) TimerEvent: {}
[408.799865] (-) TimerEvent: {}
[408.904442] (-) TimerEvent: {}
[409.006321] (-) TimerEvent: {}
[409.107775] (-) TimerEvent: {}
[409.209833] (-) TimerEvent: {}
[409.315721] (-) TimerEvent: {}
[409.417848] (-) TimerEvent: {}
[409.519723] (-) TimerEvent: {}
[409.622476] (-) TimerEvent: {}
[409.726538] (-) TimerEvent: {}
[409.829082] (-) TimerEvent: {}
[409.930939] (-) TimerEvent: {}
[410.032466] (-) TimerEvent: {}
[410.135215] (-) TimerEvent: {}
[410.236241] (-) TimerEvent: {}
[410.338241] (-) TimerEvent: {}
[410.439177] (-) TimerEvent: {}
[410.541335] (-) TimerEvent: {}
[410.642199] (-) TimerEvent: {}
[410.752466] (-) TimerEvent: {}
[410.853893] (-) TimerEvent: {}
[410.955277] (-) TimerEvent: {}
[411.056978] (-) TimerEvent: {}
[411.158484] (-) TimerEvent: {}
[411.260475] (-) TimerEvent: {}
[411.362913] (-) TimerEvent: {}
[411.463998] (-) TimerEvent: {}
[411.565649] (-) TimerEvent: {}
[411.667108] (-) TimerEvent: {}
[411.768460] (-) TimerEvent: {}
[411.869671] (-) TimerEvent: {}
[411.971185] (-) TimerEvent: {}
[412.072285] (-) TimerEvent: {}
[412.173376] (-) TimerEvent: {}
[412.274183] (-) TimerEvent: {}
[412.375384] (-) TimerEvent: {}
[412.476517] (-) TimerEvent: {}
[412.577508] (-) TimerEvent: {}
[412.680059] (-) TimerEvent: {}
[412.781390] (-) TimerEvent: {}
[412.883730] (-) TimerEvent: {}
[412.984627] (-) TimerEvent: {}
[413.085651] (-) TimerEvent: {}
[413.186757] (-) TimerEvent: {}
[413.287438] (-) TimerEvent: {}
[413.388302] (-) TimerEvent: {}
[413.488915] (-) TimerEvent: {}
[413.589787] (-) TimerEvent: {}
[413.690420] (-) TimerEvent: {}
[413.791302] (-) TimerEvent: {}
[413.891986] (-) TimerEvent: {}
[419.274359] (-) TimerEvent: {}
[419.375272] (-) TimerEvent: {}
[419.476221] (-) TimerEvent: {}
[419.576926] (-) TimerEvent: {}
[419.677925] (-) TimerEvent: {}
[419.778612] (-) TimerEvent: {}
[419.881780] (-) TimerEvent: {}
[419.982673] (-) TimerEvent: {}
[420.083967] (-) TimerEvent: {}
[420.184843] (-) TimerEvent: {}
[420.285595] (-) TimerEvent: {}
[420.386599] (-) TimerEvent: {}
[420.487275] (-) TimerEvent: {}
[420.588058] (-) TimerEvent: {}
[420.690182] (-) TimerEvent: {}
[421.307731] (-) TimerEvent: {}
[421.435711] (-) TimerEvent: {}
[421.536696] (-) TimerEvent: {}
[421.638437] (-) TimerEvent: {}
[421.739940] (-) TimerEvent: {}
[421.841619] (-) TimerEvent: {}
[421.943158] (-) TimerEvent: {}
[422.044600] (-) TimerEvent: {}
[422.146064] (-) TimerEvent: {}
[422.247210] (-) TimerEvent: {}
[422.348080] (-) TimerEvent: {}
[422.448643] (-) TimerEvent: {}
[422.549500] (-) TimerEvent: {}
[422.650315] (-) TimerEvent: {}
[422.751206] (-) TimerEvent: {}
[422.852076] (-) TimerEvent: {}
[422.952858] (-) TimerEvent: {}
[423.053907] (-) TimerEvent: {}
[423.154580] (-) TimerEvent: {}
[423.255463] (-) TimerEvent: {}
[423.356045] (-) TimerEvent: {}
[423.456878] (-) TimerEvent: {}
[423.557858] (-) TimerEvent: {}
[423.658535] (-) TimerEvent: {}
[423.759440] (-) TimerEvent: {}
[423.860049] (-) TimerEvent: {}
[423.961021] (-) TimerEvent: {}
[424.061761] (-) TimerEvent: {}
[424.162712] (-) TimerEvent: {}
[424.263369] (-) TimerEvent: {}
[424.364275] (-) TimerEvent: {}
[424.464869] (-) TimerEvent: {}
[424.565764] (-) TimerEvent: {}
[424.666327] (-) TimerEvent: {}
[424.766826] (-) TimerEvent: {}
[424.867594] (-) TimerEvent: {}
[424.968508] (-) TimerEvent: {}
[425.069342] (-) TimerEvent: {}
[425.170426] (-) TimerEvent: {}
[425.271451] (-) TimerEvent: {}
[425.372800] (-) TimerEvent: {}
[425.474155] (-) TimerEvent: {}
[425.575260] (-) TimerEvent: {}
[425.676194] (-) TimerEvent: {}
[425.776799] (-) TimerEvent: {}
[427.557090] (-) TimerEvent: {}
[427.657764] (-) TimerEvent: {}
[427.758357] (-) TimerEvent: {}
[427.858950] (-) TimerEvent: {}
[427.959621] (-) TimerEvent: {}
[428.063266] (-) TimerEvent: {}
[428.165129] (-) TimerEvent: {}
[428.266303] (-) TimerEvent: {}
[428.370234] (-) TimerEvent: {}
[428.471470] (-) TimerEvent: {}
[428.572404] (-) TimerEvent: {}
[428.673602] (-) TimerEvent: {}
[428.774412] (-) TimerEvent: {}
[428.875308] (-) TimerEvent: {}
[428.976106] (-) TimerEvent: {}
[429.076931] (-) TimerEvent: {}
[429.177758] (-) TimerEvent: {}
[429.278619] (-) TimerEvent: {}
[429.379487] (-) TimerEvent: {}
[429.480378] (-) TimerEvent: {}
[429.581273] (-) TimerEvent: {}
[429.681949] (-) TimerEvent: {}
[429.782828] (-) TimerEvent: {}
[429.883650] (-) TimerEvent: {}
[429.986384] (-) TimerEvent: {}
[430.087325] (-) TimerEvent: {}
[430.191237] (-) TimerEvent: {}
[430.292100] (-) TimerEvent: {}
[430.393468] (-) TimerEvent: {}
[430.494282] (-) TimerEvent: {}
[430.594994] (-) TimerEvent: {}
[430.695949] (-) TimerEvent: {}
[430.796581] (-) TimerEvent: {}
[432.467871] (-) TimerEvent: {}
[432.568505] (-) TimerEvent: {}
[432.671190] (-) TimerEvent: {}
[432.772339] (-) TimerEvent: {}
[432.872983] (-) TimerEvent: {}
[432.973641] (-) TimerEvent: {}
[433.074340] (-) TimerEvent: {}
[433.175210] (-) TimerEvent: {}
[433.277388] (-) TimerEvent: {}
[433.378625] (-) TimerEvent: {}
[433.483918] (-) TimerEvent: {}
[433.585225] (-) TimerEvent: {}
[433.686406] (-) TimerEvent: {}
[433.788276] (-) TimerEvent: {}
[433.889219] (-) TimerEvent: {}
[433.989965] (-) TimerEvent: {}
[434.090824] (-) TimerEvent: {}
[434.192903] (-) TimerEvent: {}
[434.295007] (-) TimerEvent: {}
[434.397113] (-) TimerEvent: {}
[434.498721] (-) TimerEvent: {}
[434.599955] (-) TimerEvent: {}
[434.701410] (-) TimerEvent: {}
[434.802253] (-) TimerEvent: {}
[434.903519] (-) TimerEvent: {}
[435.004366] (-) TimerEvent: {}
[435.105479] (-) TimerEvent: {}
[435.206486] (-) TimerEvent: {}
[435.307876] (-) TimerEvent: {}
[435.408795] (-) TimerEvent: {}
[435.509384] (-) TimerEvent: {}
[435.610678] (-) TimerEvent: {}
[435.711468] (-) TimerEvent: {}
[435.812711] (-) TimerEvent: {}
[435.914194] (-) TimerEvent: {}
[436.015385] (-) TimerEvent: {}
[436.116451] (-) TimerEvent: {}
[436.217520] (-) TimerEvent: {}
[436.318642] (-) TimerEvent: {}
[436.419339] (-) TimerEvent: {}
[436.520025] (-) TimerEvent: {}
[436.620605] (-) TimerEvent: {}
[436.721152] (-) TimerEvent: {}
[436.821711] (-) TimerEvent: {}
[436.922214] (-) TimerEvent: {}
[437.022692] (-) TimerEvent: {}
[437.123204] (-) TimerEvent: {}
[437.223680] (-) TimerEvent: {}
[437.324200] (-) TimerEvent: {}
[437.427152] (-) TimerEvent: {}
[437.527841] (-) TimerEvent: {}
[437.629219] (-) TimerEvent: {}
[437.729909] (-) TimerEvent: {}
[437.830557] (-) TimerEvent: {}
[437.931491] (-) TimerEvent: {}
[438.032107] (-) TimerEvent: {}
[438.132728] (-) TimerEvent: {}
[438.233375] (-) TimerEvent: {}
[438.334193] (-) TimerEvent: {}
[438.435366] (-) TimerEvent: {}
[438.536376] (-) TimerEvent: {}
[438.637091] (-) TimerEvent: {}
[438.737705] (-) TimerEvent: {}
[438.838317] (-) TimerEvent: {}
[438.938937] (-) TimerEvent: {}
[439.039601] (-) TimerEvent: {}
[439.140178] (-) TimerEvent: {}
[439.240742] (-) TimerEvent: {}
[439.341292] (-) TimerEvent: {}
[439.441836] (-) TimerEvent: {}
[439.542320] (-) TimerEvent: {}
[439.643104] (-) TimerEvent: {}
[439.743936] (-) TimerEvent: {}
[439.845116] (-) TimerEvent: {}
[439.945926] (-) TimerEvent: {}
[440.046663] (-) TimerEvent: {}
[440.147552] (-) TimerEvent: {}
[440.248174] (-) TimerEvent: {}
[440.349022] (-) TimerEvent: {}
[440.449639] (-) TimerEvent: {}
[440.550205] (-) TimerEvent: {}
[440.650773] (-) TimerEvent: {}
[440.751404] (-) TimerEvent: {}
[440.852002] (-) TimerEvent: {}
[440.952618] (-) TimerEvent: {}
[441.053166] (-) TimerEvent: {}
[441.153790] (-) TimerEvent: {}
[441.254384] (-) TimerEvent: {}
[441.355033] (-) TimerEvent: {}
[441.455874] (-) TimerEvent: {}
[441.556549] (-) TimerEvent: {}
[441.659438] (-) TimerEvent: {}
[441.760025] (-) TimerEvent: {}
[441.860838] (-) TimerEvent: {}
[441.961662] (-) TimerEvent: {}
[442.062510] (-) TimerEvent: {}
[442.163378] (-) TimerEvent: {}
[442.264228] (-) TimerEvent: {}
[442.364970] (-) TimerEvent: {}
[442.465704] (-) TimerEvent: {}
[442.566458] (-) TimerEvent: {}
[442.667347] (-) TimerEvent: {}
[442.767919] (-) TimerEvent: {}
[442.868710] (-) TimerEvent: {}
[442.969472] (-) TimerEvent: {}
[443.070265] (-) TimerEvent: {}
[443.171109] (-) TimerEvent: {}
[443.271939] (-) TimerEvent: {}
[443.372766] (-) TimerEvent: {}
[443.473730] (-) TimerEvent: {}
[443.574915] (-) TimerEvent: {}
[443.678014] (-) TimerEvent: {}
[443.781863] (-) TimerEvent: {}
[443.882741] (-) TimerEvent: {}
[443.985213] (-) TimerEvent: {}
[444.086046] (-) TimerEvent: {}
[444.187122] (-) TimerEvent: {}
[444.287766] (-) TimerEvent: {}
[444.389061] (-) TimerEvent: {}
[444.489875] (-) TimerEvent: {}
[444.590912] (-) TimerEvent: {}
[444.692156] (-) TimerEvent: {}
[444.795164] (-) TimerEvent: {}
[444.899178] (-) TimerEvent: {}
[445.000063] (-) TimerEvent: {}
[445.100823] (-) TimerEvent: {}
[445.202461] (-) TimerEvent: {}
[445.303757] (-) TimerEvent: {}
[445.405205] (-) TimerEvent: {}
[445.505777] (-) TimerEvent: {}
[445.606354] (-) TimerEvent: {}
[445.707214] (-) TimerEvent: {}
[445.811154] (-) TimerEvent: {}
[445.912159] (-) TimerEvent: {}
[446.012796] (-) TimerEvent: {}
[446.113358] (-) TimerEvent: {}
[446.219201] (-) TimerEvent: {}
[446.320933] (-) TimerEvent: {}
[446.422038] (-) TimerEvent: {}
[446.522625] (-) TimerEvent: {}
[446.623251] (-) TimerEvent: {}
[446.723854] (-) TimerEvent: {}
[446.824454] (-) TimerEvent: {}
[446.925038] (-) TimerEvent: {}
[447.025561] (-) TimerEvent: {}
[447.126093] (-) TimerEvent: {}
[447.226642] (-) TimerEvent: {}
[447.327248] (-) TimerEvent: {}
[447.427814] (-) TimerEvent: {}
[447.528422] (-) TimerEvent: {}
[447.629037] (-) TimerEvent: {}
[447.729683] (-) TimerEvent: {}
[447.830359] (-) TimerEvent: {}
[447.931043] (-) TimerEvent: {}
[448.031663] (-) TimerEvent: {}
[448.132269] (-) TimerEvent: {}
[448.232898] (-) TimerEvent: {}
[448.333535] (-) TimerEvent: {}
[448.434197] (-) TimerEvent: {}
[448.534914] (-) TimerEvent: {}
[453.115099] (-) TimerEvent: {}
[453.215702] (-) TimerEvent: {}
[453.316363] (-) TimerEvent: {}
[453.416999] (-) TimerEvent: {}
[453.517748] (-) TimerEvent: {}
[453.618451] (-) TimerEvent: {}
[453.719165] (-) TimerEvent: {}
[453.820149] (-) TimerEvent: {}
[453.921219] (-) TimerEvent: {}
[454.022463] (-) TimerEvent: {}
[454.123815] (-) TimerEvent: {}
[454.224591] (-) TimerEvent: {}
[454.325559] (-) TimerEvent: {}
[454.426699] (-) TimerEvent: {}
[454.527713] (-) TimerEvent: {}
[454.628723] (-) TimerEvent: {}
[454.729799] (-) TimerEvent: {}
[454.830816] (-) TimerEvent: {}
[454.931953] (-) TimerEvent: {}
[455.033020] (-) TimerEvent: {}
[455.134054] (-) TimerEvent: {}
[455.235122] (-) TimerEvent: {}
[455.336799] (-) TimerEvent: {}
[455.437842] (-) TimerEvent: {}
[455.539565] (-) TimerEvent: {}
[455.640651] (-) TimerEvent: {}
[455.741630] (-) TimerEvent: {}
[455.842207] (-) TimerEvent: {}
[455.942758] (-) TimerEvent: {}
[456.043328] (-) TimerEvent: {}
[456.143861] (-) TimerEvent: {}
[456.244390] (-) TimerEvent: {}
[456.344920] (-) TimerEvent: {}
[456.445535] (-) TimerEvent: {}
[456.546219] (-) TimerEvent: {}
[456.647064] (-) TimerEvent: {}
[456.750505] (-) TimerEvent: {}
[456.852161] (-) TimerEvent: {}
[456.956285] (-) TimerEvent: {}
[457.057508] (-) TimerEvent: {}
[457.160338] (-) TimerEvent: {}
[457.261041] (-) TimerEvent: {}
[457.361795] (-) TimerEvent: {}
[457.462329] (-) TimerEvent: {}
[457.563103] (-) TimerEvent: {}
[457.663725] (-) TimerEvent: {}
[457.767171] (-) TimerEvent: {}
[457.867864] (-) TimerEvent: {}
[457.970423] (-) TimerEvent: {}
[458.071200] (-) TimerEvent: {}
[458.171779] (-) TimerEvent: {}
[458.272351] (-) TimerEvent: {}
[458.372871] (-) TimerEvent: {}
[458.473390] (-) TimerEvent: {}
[458.573923] (-) TimerEvent: {}
[458.674520] (-) TimerEvent: {}
[458.775229] (-) TimerEvent: {}
[458.875841] (-) TimerEvent: {}
[458.976483] (-) TimerEvent: {}
[459.077066] (-) TimerEvent: {}
[459.177658] (-) TimerEvent: {}
[459.278245] (-) TimerEvent: {}
[459.378837] (-) TimerEvent: {}
[459.479499] (-) TimerEvent: {}
[459.580138] (-) TimerEvent: {}
[459.680818] (-) TimerEvent: {}
[459.781486] (-) TimerEvent: {}
[459.882093] (-) TimerEvent: {}
[459.982671] (-) TimerEvent: {}
[460.083282] (-) TimerEvent: {}
[460.183799] (-) TimerEvent: {}
[460.284330] (-) TimerEvent: {}
[460.384865] (-) TimerEvent: {}
[460.485373] (-) TimerEvent: {}
[460.585938] (-) TimerEvent: {}
[460.686572] (-) TimerEvent: {}
[460.787485] (-) TimerEvent: {}
[460.888433] (-) TimerEvent: {}
[460.990170] (-) TimerEvent: {}
[461.091316] (-) TimerEvent: {}
[461.192523] (-) TimerEvent: {}
[461.294177] (-) TimerEvent: {}
[461.395149] (-) TimerEvent: {}
[461.495938] (-) TimerEvent: {}
[461.596749] (-) TimerEvent: {}
[461.697996] (-) TimerEvent: {}
[461.798736] (-) TimerEvent: {}
[461.899840] (-) TimerEvent: {}
[467.210688] (-) TimerEvent: {}
[467.311416] (-) TimerEvent: {}
[467.412046] (-) TimerEvent: {}
[467.512694] (-) TimerEvent: {}
[467.613309] (-) TimerEvent: {}
[467.713895] (-) TimerEvent: {}
[467.814482] (-) TimerEvent: {}
[467.915066] (-) TimerEvent: {}
[468.015625] (-) TimerEvent: {}
[468.116195] (-) TimerEvent: {}
[468.216762] (-) TimerEvent: {}
[468.317319] (-) TimerEvent: {}
[468.417889] (-) TimerEvent: {}
[468.518467] (-) TimerEvent: {}
[468.619037] (-) TimerEvent: {}
[468.719584] (-) TimerEvent: {}
[468.820119] (-) TimerEvent: {}
[468.920707] (-) TimerEvent: {}
[469.021254] (-) TimerEvent: {}
[469.121776] (-) TimerEvent: {}
[469.222348] (-) TimerEvent: {}
[469.322931] (-) TimerEvent: {}
[469.423519] (-) TimerEvent: {}
[469.524125] (-) TimerEvent: {}
[469.624685] (-) TimerEvent: {}
[469.725227] (-) TimerEvent: {}
[469.825795] (-) TimerEvent: {}
[469.926392] (-) TimerEvent: {}
[470.027023] (-) TimerEvent: {}
[470.127663] (-) TimerEvent: {}
[470.228236] (-) TimerEvent: {}
[470.328772] (-) TimerEvent: {}
[470.429275] (-) TimerEvent: {}
[470.529811] (-) TimerEvent: {}
[470.630405] (-) TimerEvent: {}
[470.730986] (-) TimerEvent: {}
[470.831578] (-) TimerEvent: {}
[470.932249] (-) TimerEvent: {}
[471.032833] (-) TimerEvent: {}
[471.133433] (-) TimerEvent: {}
[471.234017] (-) TimerEvent: {}
[471.334589] (-) TimerEvent: {}
[471.435142] (-) TimerEvent: {}
[471.535669] (-) TimerEvent: {}
[471.636295] (-) TimerEvent: {}
[471.737231] (-) TimerEvent: {}
[471.838258] (-) TimerEvent: {}
[471.939339] (-) TimerEvent: {}
[472.040400] (-) TimerEvent: {}
[472.143282] (-) TimerEvent: {}
[472.246890] (-) TimerEvent: {}
[472.347871] (-) TimerEvent: {}
[472.451147] (-) TimerEvent: {}
[472.552356] (-) TimerEvent: {}
[472.661098] (-) TimerEvent: {}
[472.762176] (-) TimerEvent: {}
[472.863544] (-) TimerEvent: {}
[472.964677] (-) TimerEvent: {}
[473.065612] (-) TimerEvent: {}
[473.166845] (-) TimerEvent: {}
[473.267876] (-) TimerEvent: {}
[473.368776] (-) TimerEvent: {}
[473.469669] (-) TimerEvent: {}
[473.570551] (-) TimerEvent: {}
[473.671453] (-) TimerEvent: {}
[473.772353] (-) TimerEvent: {}
[473.873229] (-) TimerEvent: {}
[473.974062] (-) TimerEvent: {}
[474.074879] (-) TimerEvent: {}
[474.175494] (-) TimerEvent: {}
[474.276078] (-) TimerEvent: {}
[474.376683] (-) TimerEvent: {}
[474.477312] (-) TimerEvent: {}
[474.577912] (-) TimerEvent: {}
[474.678547] (-) TimerEvent: {}
[474.779270] (-) TimerEvent: {}
[474.880525] (-) TimerEvent: {}
[474.981643] (-) TimerEvent: {}
[475.082498] (-) TimerEvent: {}
[475.183306] (-) TimerEvent: {}
[475.283959] (-) TimerEvent: {}
[475.384605] (-) TimerEvent: {}
[475.485274] (-) TimerEvent: {}
[475.586246] (-) TimerEvent: {}
[475.687108] (-) TimerEvent: {}
[475.787921] (-) TimerEvent: {}
[475.888484] (-) TimerEvent: {}
[475.989246] (-) TimerEvent: {}
[476.089771] (-) TimerEvent: {}
[476.190503] (-) TimerEvent: {}
[476.291080] (-) TimerEvent: {}
[476.391889] (-) TimerEvent: {}
[476.492524] (-) TimerEvent: {}
[476.593063] (-) TimerEvent: {}
[476.693638] (-) TimerEvent: {}
[476.794468] (-) TimerEvent: {}
[476.895314] (-) TimerEvent: {}
[476.995834] (-) TimerEvent: {}
[477.096388] (-) TimerEvent: {}
[477.197201] (-) TimerEvent: {}
[477.298026] (-) TimerEvent: {}
[477.399056] (-) TimerEvent: {}
[477.500135] (-) TimerEvent: {}
[477.601255] (-) TimerEvent: {}
[477.702299] (-) TimerEvent: {}
[477.803426] (-) TimerEvent: {}
[477.904453] (-) TimerEvent: {}
[478.005468] (-) TimerEvent: {}
[478.106478] (-) TimerEvent: {}
[478.207633] (-) TimerEvent: {}
[478.308728] (-) TimerEvent: {}
[478.409780] (-) TimerEvent: {}
[478.510769] (-) TimerEvent: {}
[478.611819] (-) TimerEvent: {}
[478.712676] (-) TimerEvent: {}
[479.303872] (-) TimerEvent: {}
[479.405577] (-) TimerEvent: {}
[479.507527] (-) TimerEvent: {}
[479.608350] (-) TimerEvent: {}
[479.709129] (-) TimerEvent: {}
[479.811366] (-) TimerEvent: {}
[479.912563] (-) TimerEvent: {}
[480.013223] (-) TimerEvent: {}
[480.114217] (-) TimerEvent: {}
[480.215038] (-) TimerEvent: {}
[480.315651] (-) TimerEvent: {}
[480.416588] (-) TimerEvent: {}
[480.517469] (-) TimerEvent: {}
[480.618305] (-) TimerEvent: {}
[480.719178] (-) TimerEvent: {}
[480.819802] (-) TimerEvent: {}
[480.920766] (-) TimerEvent: {}
[481.021658] (-) TimerEvent: {}
[481.122532] (-) TimerEvent: {}
[481.223351] (-) TimerEvent: {}
[481.325498] (-) TimerEvent: {}
[481.431915] (-) TimerEvent: {}
[481.533554] (-) TimerEvent: {}
[481.636040] (-) TimerEvent: {}
[481.739681] (-) TimerEvent: {}
[481.847318] (-) TimerEvent: {}
[481.950111] (-) TimerEvent: {}
[482.055977] (-) TimerEvent: {}
[482.159039] (-) TimerEvent: {}
[482.262221] (-) TimerEvent: {}
[482.363096] (-) TimerEvent: {}
[482.464586] (-) TimerEvent: {}
[482.567001] (-) TimerEvent: {}
[482.667671] (-) TimerEvent: {}
[482.768714] (-) TimerEvent: {}
[482.869670] (-) TimerEvent: {}
[482.972259] (-) TimerEvent: {}
[483.074463] (-) TimerEvent: {}
[483.175685] (-) TimerEvent: {}
[483.277280] (-) TimerEvent: {}
[483.378479] (-) TimerEvent: {}
[483.479998] (-) TimerEvent: {}
[483.583287] (-) TimerEvent: {}
[483.684125] (-) TimerEvent: {}
[483.790390] (-) TimerEvent: {}
[483.891276] (-) TimerEvent: {}
[483.992146] (-) TimerEvent: {}
[484.092974] (-) TimerEvent: {}
[484.193844] (-) TimerEvent: {}
[484.294627] (-) TimerEvent: {}
[484.395282] (-) TimerEvent: {}
[484.496066] (-) TimerEvent: {}
[484.597496] (-) TimerEvent: {}
[484.698219] (-) TimerEvent: {}
[484.799349] (-) TimerEvent: {}
[484.900302] (-) TimerEvent: {}
[485.001571] (-) TimerEvent: {}
[485.102642] (-) TimerEvent: {}
[485.203376] (-) TimerEvent: {}
[485.304001] (-) TimerEvent: {}
[485.418286] (-) TimerEvent: {}
[485.485006] (opentera_webrtc_ros) StdoutLine: {'line': b'[ 77%] \x1b[32mBuilding CXX object CMakeFiles/opentera_webrtc_ros_topic_streamer.dir/src/RosStreamBridge.cpp.o\x1b[0m\n'}
[485.652015] (-) TimerEvent: {}
[485.754095] (-) TimerEvent: {}
[485.854883] (-) TimerEvent: {}
[485.958327] (-) TimerEvent: {}
[486.059097] (-) TimerEvent: {}
[486.160212] (-) TimerEvent: {}
[486.261030] (-) TimerEvent: {}
[486.362509] (-) TimerEvent: {}
[486.463288] (-) TimerEvent: {}
[486.565090] (-) TimerEvent: {}
[486.665832] (-) TimerEvent: {}
[486.767209] (-) TimerEvent: {}
[486.867892] (-) TimerEvent: {}
[486.969259] (-) TimerEvent: {}
[487.070195] (-) TimerEvent: {}
[487.171509] (-) TimerEvent: {}
[487.273766] (-) TimerEvent: {}
[487.375595] (-) TimerEvent: {}
[487.476316] (-) TimerEvent: {}
[487.577189] (-) TimerEvent: {}
[487.678280] (-) TimerEvent: {}
[487.780232] (-) TimerEvent: {}
[487.881335] (-) TimerEvent: {}
[487.982489] (-) TimerEvent: {}
[488.083663] (-) TimerEvent: {}
[488.184755] (-) TimerEvent: {}
[488.286564] (-) TimerEvent: {}
[488.387582] (-) TimerEvent: {}
[488.490598] (-) TimerEvent: {}
[488.593924] (-) TimerEvent: {}
[488.695065] (-) TimerEvent: {}
[488.795721] (-) TimerEvent: {}
[488.897873] (-) TimerEvent: {}
[488.998623] (-) TimerEvent: {}
[489.100063] (-) TimerEvent: {}
[489.201210] (-) TimerEvent: {}
[489.302916] (-) TimerEvent: {}
[489.403971] (-) TimerEvent: {}
[489.505519] (-) TimerEvent: {}
[489.606849] (-) TimerEvent: {}
[489.708282] (-) TimerEvent: {}
[489.809545] (-) TimerEvent: {}
[489.911084] (-) TimerEvent: {}
[490.012166] (-) TimerEvent: {}
[490.113829] (-) TimerEvent: {}
[490.215895] (-) TimerEvent: {}
[490.317085] (-) TimerEvent: {}
[490.419171] (-) TimerEvent: {}
[490.523733] (-) TimerEvent: {}
[490.624778] (-) TimerEvent: {}
[490.726215] (-) TimerEvent: {}
[490.827592] (-) TimerEvent: {}
[490.929304] (-) TimerEvent: {}
[491.030072] (-) TimerEvent: {}
[491.131707] (-) TimerEvent: {}
[491.232843] (-) TimerEvent: {}
[491.334350] (-) TimerEvent: {}
[491.435503] (-) TimerEvent: {}
[491.536293] (-) TimerEvent: {}
[491.637190] (-) TimerEvent: {}
[491.739085] (-) TimerEvent: {}
[491.840154] (-) TimerEvent: {}
[491.941652] (-) TimerEvent: {}
[492.043183] (-) TimerEvent: {}
[492.144551] (-) TimerEvent: {}
[492.246095] (-) TimerEvent: {}
[492.347280] (-) TimerEvent: {}
[492.448645] (-) TimerEvent: {}
[492.550076] (-) TimerEvent: {}
[492.650712] (-) TimerEvent: {}
[492.751717] (-) TimerEvent: {}
[492.853205] (-) TimerEvent: {}
[492.954330] (-) TimerEvent: {}
[493.055141] (-) TimerEvent: {}
[493.155917] (-) TimerEvent: {}
[493.257369] (-) TimerEvent: {}
[493.358532] (-) TimerEvent: {}
[493.460362] (-) TimerEvent: {}
[493.561507] (-) TimerEvent: {}
[493.662622] (-) TimerEvent: {}
[493.763790] (-) TimerEvent: {}
[493.865025] (-) TimerEvent: {}
[493.966178] (-) TimerEvent: {}
[494.067443] (-) TimerEvent: {}
[494.168672] (-) TimerEvent: {}
[494.270040] (-) TimerEvent: {}
[494.371364] (-) TimerEvent: {}
[494.472622] (-) TimerEvent: {}
[494.573357] (-) TimerEvent: {}
[494.674509] (-) TimerEvent: {}
[494.775422] (-) TimerEvent: {}
[494.876096] (-) TimerEvent: {}
[494.977444] (-) TimerEvent: {}
[495.078606] (-) TimerEvent: {}
[495.179407] (-) TimerEvent: {}
[495.280902] (-) TimerEvent: {}
[495.382009] (-) TimerEvent: {}
[495.483586] (-) TimerEvent: {}
[495.584707] (-) TimerEvent: {}
[495.687599] (-) TimerEvent: {}
[495.788446] (-) TimerEvent: {}
[495.889263] (-) TimerEvent: {}
[495.990034] (-) TimerEvent: {}
[496.090878] (-) TimerEvent: {}
[496.191690] (-) TimerEvent: {}
[496.292604] (-) TimerEvent: {}
[496.393355] (-) TimerEvent: {}
[496.494100] (-) TimerEvent: {}
[496.594945] (-) TimerEvent: {}
[496.696227] (-) TimerEvent: {}
[496.797038] (-) TimerEvent: {}
[496.898217] (-) TimerEvent: {}
[496.999013] (-) TimerEvent: {}
[497.100164] (-) TimerEvent: {}
[497.201031] (-) TimerEvent: {}
[497.302252] (-) TimerEvent: {}
[497.403097] (-) TimerEvent: {}
[497.504288] (-) TimerEvent: {}
[497.605062] (-) TimerEvent: {}
[497.706297] (-) TimerEvent: {}
[497.807162] (-) TimerEvent: {}
[497.908263] (-) TimerEvent: {}
[498.009000] (-) TimerEvent: {}
[498.110099] (-) TimerEvent: {}
[498.210828] (-) TimerEvent: {}
[498.311500] (-) TimerEvent: {}
[498.412451] (-) TimerEvent: {}
[498.513345] (-) TimerEvent: {}
[498.614119] (-) TimerEvent: {}
[498.714953] (-) TimerEvent: {}
[498.815874] (-) TimerEvent: {}
[498.916628] (-) TimerEvent: {}
[499.017469] (-) TimerEvent: {}
[499.118309] (-) TimerEvent: {}
[499.219081] (-) TimerEvent: {}
[499.319805] (-) TimerEvent: {}
[499.420495] (-) TimerEvent: {}
[499.521247] (-) TimerEvent: {}
[499.622013] (-) TimerEvent: {}
[499.722756] (-) TimerEvent: {}
[499.823559] (-) TimerEvent: {}
[499.924345] (-) TimerEvent: {}
[500.025136] (-) TimerEvent: {}
[500.125929] (-) TimerEvent: {}
[500.226716] (-) TimerEvent: {}
[500.327576] (-) TimerEvent: {}
[500.428358] (-) TimerEvent: {}
[500.529135] (-) TimerEvent: {}
[500.629884] (-) TimerEvent: {}
[500.730619] (-) TimerEvent: {}
[500.831466] (-) TimerEvent: {}
[500.932244] (-) TimerEvent: {}
[501.033028] (-) TimerEvent: {}
[501.133825] (-) TimerEvent: {}
[501.234633] (-) TimerEvent: {}
[501.335540] (-) TimerEvent: {}
[501.436361] (-) TimerEvent: {}
[501.537124] (-) TimerEvent: {}
[501.637929] (-) TimerEvent: {}
[501.738744] (-) TimerEvent: {}
[501.839844] (-) TimerEvent: {}
[501.940618] (-) TimerEvent: {}
[502.041361] (-) TimerEvent: {}
[502.142175] (-) TimerEvent: {}
[502.243150] (-) TimerEvent: {}
[502.344321] (-) TimerEvent: {}
[502.445080] (-) TimerEvent: {}
[502.545868] (-) TimerEvent: {}
[502.646654] (-) TimerEvent: {}
[502.747545] (-) TimerEvent: {}
[502.849246] (-) TimerEvent: {}
[502.950020] (-) TimerEvent: {}
[503.051748] (-) TimerEvent: {}
[503.153408] (-) TimerEvent: {}
[503.254595] (-) TimerEvent: {}
[503.356146] (-) TimerEvent: {}
[503.457332] (-) TimerEvent: {}
[503.558817] (-) TimerEvent: {}
[503.659553] (-) TimerEvent: {}
[503.760314] (-) TimerEvent: {}
[503.861820] (-) TimerEvent: {}
[503.962564] (-) TimerEvent: {}
[504.063401] (-) TimerEvent: {}
[504.164850] (-) TimerEvent: {}
[504.266082] (-) TimerEvent: {}
[504.367613] (-) TimerEvent: {}
[504.468753] (-) TimerEvent: {}
[504.570241] (-) TimerEvent: {}
[504.672319] (-) TimerEvent: {}
[504.773811] (-) TimerEvent: {}
[504.874578] (-) TimerEvent: {}
[504.976173] (-) TimerEvent: {}
[505.077361] (-) TimerEvent: {}
[505.178915] (-) TimerEvent: {}
[505.280126] (-) TimerEvent: {}
[505.381595] (-) TimerEvent: {}
[505.482606] (-) TimerEvent: {}
[505.583322] (-) TimerEvent: {}
[505.684613] (-) TimerEvent: {}
[505.785673] (-) TimerEvent: {}
[505.886955] (-) TimerEvent: {}
[505.988343] (-) TimerEvent: {}
[506.089372] (-) TimerEvent: {}
[506.191050] (-) TimerEvent: {}
[506.291784] (-) TimerEvent: {}
[506.393157] (-) TimerEvent: {}
[506.494174] (-) TimerEvent: {}
[506.595636] (-) TimerEvent: {}
[506.697007] (-) TimerEvent: {}
[506.798036] (-) TimerEvent: {}
[506.899407] (-) TimerEvent: {}
[507.000776] (-) TimerEvent: {}
[507.101507] (-) TimerEvent: {}
[507.202855] (-) TimerEvent: {}
[507.304085] (-) TimerEvent: {}
[507.405657] (-) TimerEvent: {}
[507.506848] (-) TimerEvent: {}
[507.608397] (-) TimerEvent: {}
[507.711153] (-) TimerEvent: {}
[507.814703] (-) TimerEvent: {}
[507.916942] (-) TimerEvent: {}
[508.018642] (-) TimerEvent: {}
[508.120099] (-) TimerEvent: {}
[508.221506] (-) TimerEvent: {}
[508.322546] (-) TimerEvent: {}
[508.424017] (-) TimerEvent: {}
[508.525085] (-) TimerEvent: {}
[508.626471] (-) TimerEvent: {}
[508.727256] (-) TimerEvent: {}
[508.828731] (-) TimerEvent: {}
[508.929798] (-) TimerEvent: {}
[509.030581] (-) TimerEvent: {}
[509.132203] (-) TimerEvent: {}
[509.233411] (-) TimerEvent: {}
[509.334462] (-) TimerEvent: {}
[509.436343] (-) TimerEvent: {}
[509.537544] (-) TimerEvent: {}
[509.639299] (-) TimerEvent: {}
[509.740530] (-) TimerEvent: {}
[509.841698] (-) TimerEvent: {}
[509.943230] (-) TimerEvent: {}
[510.044451] (-) TimerEvent: {}
[510.145624] (-) TimerEvent: {}
[510.246854] (-) TimerEvent: {}
[510.348101] (-) TimerEvent: {}
[510.449356] (-) TimerEvent: {}
[510.550568] (-) TimerEvent: {}
[510.651762] (-) TimerEvent: {}
[510.755172] (-) TimerEvent: {}
[510.855847] (-) TimerEvent: {}
[510.957116] (-) TimerEvent: {}
[511.058399] (-) TimerEvent: {}
[511.159442] (-) TimerEvent: {}
[511.260082] (-) TimerEvent: {}
[511.361344] (-) TimerEvent: {}
[511.462364] (-) TimerEvent: {}
[511.579130] (-) TimerEvent: {}
[511.680577] (-) TimerEvent: {}
[511.781604] (-) TimerEvent: {}
[511.882896] (-) TimerEvent: {}
[511.983589] (-) TimerEvent: {}
[512.084853] (-) TimerEvent: {}
[512.185850] (-) TimerEvent: {}
[512.287116] (-) TimerEvent: {}
[512.388131] (-) TimerEvent: {}
[512.489403] (-) TimerEvent: {}
[512.590396] (-) TimerEvent: {}
[512.691110] (-) TimerEvent: {}
[512.791745] (-) TimerEvent: {}
[512.893018] (-) TimerEvent: {}
[512.994154] (-) TimerEvent: {}
[513.095463] (-) TimerEvent: {}
[513.196484] (-) TimerEvent: {}
[513.297786] (-) TimerEvent: {}
[513.398768] (-) TimerEvent: {}
[515.256318] (-) TimerEvent: {}
[515.357361] (-) TimerEvent: {}
[515.458667] (-) TimerEvent: {}
[515.560434] (-) TimerEvent: {}
[515.661989] (-) TimerEvent: {}
[515.763361] (-) TimerEvent: {}
[515.864968] (-) TimerEvent: {}
[515.966492] (-) TimerEvent: {}
[516.068021] (-) TimerEvent: {}
[516.169318] (-) TimerEvent: {}
[516.270643] (-) TimerEvent: {}
[516.371982] (-) TimerEvent: {}
[516.473255] (-) TimerEvent: {}
[516.574591] (-) TimerEvent: {}
[516.675840] (-) TimerEvent: {}
[516.777135] (-) TimerEvent: {}
[516.878417] (-) TimerEvent: {}
[516.979739] (-) TimerEvent: {}
[517.081036] (-) TimerEvent: {}
[517.182279] (-) TimerEvent: {}
[517.283087] (-) TimerEvent: {}
[517.383801] (-) TimerEvent: {}
[517.484534] (-) TimerEvent: {}
[517.585258] (-) TimerEvent: {}
[517.686611] (-) TimerEvent: {}
[517.787704] (-) TimerEvent: {}
[517.888423] (-) TimerEvent: {}
[517.989181] (-) TimerEvent: {}
[518.089915] (-) TimerEvent: {}
[518.190661] (-) TimerEvent: {}
[518.291430] (-) TimerEvent: {}
[518.392315] (-) TimerEvent: {}
[518.493400] (-) TimerEvent: {}
[518.594532] (-) TimerEvent: {}
[518.695356] (-) TimerEvent: {}
[518.796098] (-) TimerEvent: {}
[518.896827] (-) TimerEvent: {}
[518.997591] (-) TimerEvent: {}
[519.098395] (-) TimerEvent: {}
[519.199129] (-) TimerEvent: {}
[519.299837] (-) TimerEvent: {}
[519.401300] (-) TimerEvent: {}
[519.502660] (-) TimerEvent: {}
[519.603967] (-) TimerEvent: {}
[519.705325] (-) TimerEvent: {}
[519.806109] (-) TimerEvent: {}
[519.906822] (-) TimerEvent: {}
[520.007609] (-) TimerEvent: {}
[520.108327] (-) TimerEvent: {}
[520.209059] (-) TimerEvent: {}
[520.309792] (-) TimerEvent: {}
[520.410478] (-) TimerEvent: {}
[520.511241] (-) TimerEvent: {}
[520.611981] (-) TimerEvent: {}
[520.713053] (-) TimerEvent: {}
[520.814384] (-) TimerEvent: {}
[520.915381] (-) TimerEvent: {}
[521.016355] (-) TimerEvent: {}
[521.117319] (-) TimerEvent: {}
[521.218139] (-) TimerEvent: {}
[521.318935] (-) TimerEvent: {}
[521.419779] (-) TimerEvent: {}
[521.520690] (-) TimerEvent: {}
[521.622497] (-) TimerEvent: {}
[521.727225] (-) TimerEvent: {}
[521.828957] (-) TimerEvent: {}
[521.932362] (-) TimerEvent: {}
[522.039385] (-) TimerEvent: {}
[522.141213] (-) TimerEvent: {}
[522.244518] (-) TimerEvent: {}
[522.345923] (-) TimerEvent: {}
[522.447777] (-) TimerEvent: {}
[522.514227] (opentera_webrtc_ros) StdoutLine: {'line': b'[ 78%] \x1b[32mBuilding CXX object CMakeFiles/opentera_webrtc_ros_data_channel_bridge.dir/src/RosNodeParameters.cpp.o\x1b[0m\n'}
[522.547997] (-) TimerEvent: {}
[522.651142] (-) TimerEvent: {}
[522.752289] (-) TimerEvent: {}
[522.853465] (-) TimerEvent: {}
[522.957269] (-) TimerEvent: {}
[523.058529] (-) TimerEvent: {}
[523.159304] (-) TimerEvent: {}
[523.260406] (-) TimerEvent: {}
[523.361524] (-) TimerEvent: {}
[523.463059] (-) TimerEvent: {}
[523.564455] (-) TimerEvent: {}
[523.665922] (-) TimerEvent: {}
[523.767711] (-) TimerEvent: {}
[523.869350] (-) TimerEvent: {}
[523.971131] (-) TimerEvent: {}
[524.072753] (-) TimerEvent: {}
[524.174377] (-) TimerEvent: {}
[524.276063] (-) TimerEvent: {}
[524.377333] (-) TimerEvent: {}
[524.479103] (-) TimerEvent: {}
[524.580708] (-) TimerEvent: {}
[524.682728] (-) TimerEvent: {}
[524.784387] (-) TimerEvent: {}
[524.885685] (-) TimerEvent: {}
[524.987386] (-) TimerEvent: {}
[525.088577] (-) TimerEvent: {}
[525.190145] (-) TimerEvent: {}
[525.291536] (-) TimerEvent: {}
[525.392848] (-) TimerEvent: {}
[525.494255] (-) TimerEvent: {}
[525.595595] (-) TimerEvent: {}
[525.697054] (-) TimerEvent: {}
[525.798507] (-) TimerEvent: {}
[525.899856] (-) TimerEvent: {}
[526.001178] (-) TimerEvent: {}
[526.102464] (-) TimerEvent: {}
[526.203833] (-) TimerEvent: {}
[526.304701] (-) TimerEvent: {}
[526.406185] (-) TimerEvent: {}
[526.507526] (-) TimerEvent: {}
[526.608880] (-) TimerEvent: {}
[526.710467] (-) TimerEvent: {}
[526.811802] (-) TimerEvent: {}
[526.913102] (-) TimerEvent: {}
[527.014396] (-) TimerEvent: {}
[527.115165] (-) TimerEvent: {}
[527.216027] (-) TimerEvent: {}
[527.316834] (-) TimerEvent: {}
[527.417620] (-) TimerEvent: {}
[527.518361] (-) TimerEvent: {}
[527.619134] (-) TimerEvent: {}
[527.720401] (-) TimerEvent: {}
[527.821701] (-) TimerEvent: {}
[527.922443] (-) TimerEvent: {}
[528.023148] (-) TimerEvent: {}
[528.123951] (-) TimerEvent: {}
[528.225023] (-) TimerEvent: {}
[528.326085] (-) TimerEvent: {}
[528.426887] (-) TimerEvent: {}
[528.527726] (-) TimerEvent: {}
[528.628693] (-) TimerEvent: {}
[528.729456] (-) TimerEvent: {}
[528.830206] (-) TimerEvent: {}
[528.931016] (-) TimerEvent: {}
[529.031781] (-) TimerEvent: {}
[529.132576] (-) TimerEvent: {}
[529.233388] (-) TimerEvent: {}
[529.334286] (-) TimerEvent: {}
[529.436314] (-) TimerEvent: {}
[529.537578] (-) TimerEvent: {}
[529.639214] (-) TimerEvent: {}
[529.741054] (-) TimerEvent: {}
[529.842759] (-) TimerEvent: {}
[529.944118] (-) TimerEvent: {}
[530.045776] (-) TimerEvent: {}
[530.146683] (-) TimerEvent: {}
[530.248503] (-) TimerEvent: {}
[530.351010] (-) TimerEvent: {}
[530.452658] (-) TimerEvent: {}
[530.554360] (-) TimerEvent: {}
[530.655657] (-) TimerEvent: {}
[530.756533] (-) TimerEvent: {}
[530.858223] (-) TimerEvent: {}
[530.959774] (-) TimerEvent: {}
[531.061344] (-) TimerEvent: {}
[531.162513] (-) TimerEvent: {}
[531.264553] (-) TimerEvent: {}
[531.365974] (-) TimerEvent: {}
[531.467618] (-) TimerEvent: {}
[531.569206] (-) TimerEvent: {}
[531.670776] (-) TimerEvent: {}
[531.771633] (-) TimerEvent: {}
[531.873255] (-) TimerEvent: {}
[531.974854] (-) TimerEvent: {}
[532.076230] (-) TimerEvent: {}
[532.177929] (-) TimerEvent: {}
[532.278713] (-) TimerEvent: {}
[532.380364] (-) TimerEvent: {}
[532.481778] (-) TimerEvent: {}
[532.583136] (-) TimerEvent: {}
[532.684394] (-) TimerEvent: {}
[532.785973] (-) TimerEvent: {}
[532.887313] (-) TimerEvent: {}
[532.988646] (-) TimerEvent: {}
[533.089978] (-) TimerEvent: {}
[533.191371] (-) TimerEvent: {}
[533.292695] (-) TimerEvent: {}
[533.393504] (-) TimerEvent: {}
[533.494256] (-) TimerEvent: {}
[533.595071] (-) TimerEvent: {}
[533.695816] (-) TimerEvent: {}
[533.796620] (-) TimerEvent: {}
[533.897427] (-) TimerEvent: {}
[533.998194] (-) TimerEvent: {}
[534.098939] (-) TimerEvent: {}
[534.199732] (-) TimerEvent: {}
[534.300490] (-) TimerEvent: {}
[534.401230] (-) TimerEvent: {}
[534.502010] (-) TimerEvent: {}
[534.602803] (-) TimerEvent: {}
[534.703715] (-) TimerEvent: {}
[534.804531] (-) TimerEvent: {}
[534.905293] (-) TimerEvent: {}
[535.006153] (-) TimerEvent: {}
[535.106945] (-) TimerEvent: {}
[535.207812] (-) TimerEvent: {}
[535.308664] (-) TimerEvent: {}
[535.409444] (-) TimerEvent: {}
[535.510584] (-) TimerEvent: {}
[535.611378] (-) TimerEvent: {}
[535.712144] (-) TimerEvent: {}
[535.812943] (-) TimerEvent: {}
[535.913708] (-) TimerEvent: {}
[536.014779] (-) TimerEvent: {}
[536.115554] (-) TimerEvent: {}
[536.216848] (-) TimerEvent: {}
[536.318232] (-) TimerEvent: {}
[536.419665] (-) TimerEvent: {}
[536.521188] (-) TimerEvent: {}
[536.622612] (-) TimerEvent: {}
[536.724095] (-) TimerEvent: {}
[536.825326] (-) TimerEvent: {}
[536.926665] (-) TimerEvent: {}
[537.027441] (-) TimerEvent: {}
[537.128244] (-) TimerEvent: {}
[537.229261] (-) TimerEvent: {}
[537.330485] (-) TimerEvent: {}
[537.431380] (-) TimerEvent: {}
[537.532156] (-) TimerEvent: {}
[537.634582] (-) TimerEvent: {}
[537.736555] (-) TimerEvent: {}
[537.838099] (-) TimerEvent: {}
[537.939349] (-) TimerEvent: {}
[538.041332] (-) TimerEvent: {}
[538.142716] (-) TimerEvent: {}
[538.243855] (-) TimerEvent: {}
[538.345281] (-) TimerEvent: {}
[538.351362] (opentera_webrtc_ros) StdoutLine: {'line': b'[ 78%] \x1b[32m\x1b[1mLinking CXX executable data_channel_bridge\x1b[0m\n'}
[538.445456] (-) TimerEvent: {}
[538.546494] (-) TimerEvent: {}
[538.648446] (-) TimerEvent: {}
[538.750054] (-) TimerEvent: {}
[538.851961] (-) TimerEvent: {}
[538.955466] (-) TimerEvent: {}
[539.056462] (-) TimerEvent: {}
[539.159008] (-) TimerEvent: {}
[539.260324] (-) TimerEvent: {}
[539.362148] (-) TimerEvent: {}
[539.464406] (-) TimerEvent: {}
[539.565919] (-) TimerEvent: {}
[539.667319] (-) TimerEvent: {}
[539.768705] (-) TimerEvent: {}
[539.869933] (-) TimerEvent: {}
[539.971407] (-) TimerEvent: {}
[540.072287] (-) TimerEvent: {}
[540.173705] (-) TimerEvent: {}
[540.275295] (-) TimerEvent: {}
[540.376423] (-) TimerEvent: {}
[540.477931] (-) TimerEvent: {}
[540.579440] (-) TimerEvent: {}
[540.680494] (-) TimerEvent: {}
[540.781872] (-) TimerEvent: {}
[540.882945] (-) TimerEvent: {}
[540.984040] (-) TimerEvent: {}
[541.085529] (-) TimerEvent: {}
[541.187081] (-) TimerEvent: {}
[541.288425] (-) TimerEvent: {}
[541.389833] (-) TimerEvent: {}
[541.491768] (-) TimerEvent: {}
[541.593144] (-) TimerEvent: {}
[541.694586] (-) TimerEvent: {}
[541.795985] (-) TimerEvent: {}
[541.896678] (-) TimerEvent: {}
[541.997339] (-) TimerEvent: {}
[542.098468] (-) TimerEvent: {}
[542.199186] (-) TimerEvent: {}
[542.300820] (-) TimerEvent: {}
[542.401926] (-) TimerEvent: {}
[542.502597] (-) TimerEvent: {}
[542.604134] (-) TimerEvent: {}
[542.704815] (-) TimerEvent: {}
[542.805523] (-) TimerEvent: {}
[542.906369] (-) TimerEvent: {}
[543.007121] (-) TimerEvent: {}
[543.108708] (-) TimerEvent: {}
[543.210129] (-) TimerEvent: {}
[543.311605] (-) TimerEvent: {}
[543.413406] (-) TimerEvent: {}
[543.514827] (-) TimerEvent: {}
[543.615545] (-) TimerEvent: {}
[543.716879] (-) TimerEvent: {}
[543.817788] (-) TimerEvent: {}
[543.918491] (-) TimerEvent: {}
[544.019719] (-) TimerEvent: {}
[544.120380] (-) TimerEvent: {}
[544.221851] (-) TimerEvent: {}
[544.323132] (-) TimerEvent: {}
[544.423973] (-) TimerEvent: {}
[544.525469] (-) TimerEvent: {}
[544.626119] (-) TimerEvent: {}
[544.727555] (-) TimerEvent: {}
[544.828777] (-) TimerEvent: {}
[544.930267] (-) TimerEvent: {}
[545.031442] (-) TimerEvent: {}
[545.132839] (-) TimerEvent: {}
[545.234100] (-) TimerEvent: {}
[545.335465] (-) TimerEvent: {}
[545.437001] (-) TimerEvent: {}
[545.538107] (-) TimerEvent: {}
[545.639672] (-) TimerEvent: {}
[545.741198] (-) TimerEvent: {}
[545.842283] (-) TimerEvent: {}
[545.943637] (-) TimerEvent: {}
[546.044723] (-) TimerEvent: {}
[546.145363] (-) TimerEvent: {}
[546.246731] (-) TimerEvent: {}
[546.347846] (-) TimerEvent: {}
[546.448516] (-) TimerEvent: {}
[546.549298] (-) TimerEvent: {}
[546.649999] (-) TimerEvent: {}
[546.751575] (-) TimerEvent: {}
[546.852933] (-) TimerEvent: {}
[546.954193] (-) TimerEvent: {}
[547.056194] (-) TimerEvent: {}
[547.157872] (-) TimerEvent: {}
[547.259567] (-) TimerEvent: {}
[547.360922] (-) TimerEvent: {}
[547.462438] (-) TimerEvent: {}
[547.563632] (-) TimerEvent: {}
[547.665077] (-) TimerEvent: {}
[547.765796] (-) TimerEvent: {}
[547.866467] (-) TimerEvent: {}
[547.968081] (-) TimerEvent: {}
[548.069114] (-) TimerEvent: {}
[548.170460] (-) TimerEvent: {}
[548.272157] (-) TimerEvent: {}
[548.376039] (-) TimerEvent: {}
[548.476711] (-) TimerEvent: {}
[548.578275] (-) TimerEvent: {}
[548.679694] (-) TimerEvent: {}
[548.780787] (-) TimerEvent: {}
[548.882106] (-) TimerEvent: {}
[548.983275] (-) TimerEvent: {}
[549.083995] (-) TimerEvent: {}
[549.185343] (-) TimerEvent: {}
[549.286370] (-) TimerEvent: {}
[549.387779] (-) TimerEvent: {}
[549.488827] (-) TimerEvent: {}
[549.590325] (-) TimerEvent: {}
[549.691568] (-) TimerEvent: {}
[549.793092] (-) TimerEvent: {}
[549.894354] (-) TimerEvent: {}
[549.995713] (-) TimerEvent: {}
[550.096403] (-) TimerEvent: {}
[550.197148] (-) TimerEvent: {}
[550.298950] (-) TimerEvent: {}
[550.400439] (-) TimerEvent: {}
[550.502264] (-) TimerEvent: {}
[550.603212] (-) TimerEvent: {}
[550.704538] (-) TimerEvent: {}
[550.805471] (-) TimerEvent: {}
[550.906107] (-) TimerEvent: {}
[551.006799] (-) TimerEvent: {}
[551.107476] (-) TimerEvent: {}
[551.208134] (-) TimerEvent: {}
[551.309526] (-) TimerEvent: {}
[551.410161] (-) TimerEvent: {}
[551.511533] (-) TimerEvent: {}
[551.612583] (-) TimerEvent: {}
[551.713815] (-) TimerEvent: {}
[551.814509] (-) TimerEvent: {}
[551.915992] (-) TimerEvent: {}
[552.016658] (-) TimerEvent: {}
[552.117402] (-) TimerEvent: {}
[552.218098] (-) TimerEvent: {}
[552.319773] (-) TimerEvent: {}
[552.420888] (-) TimerEvent: {}
[552.522435] (-) TimerEvent: {}
[552.623174] (-) TimerEvent: {}
[552.724596] (-) TimerEvent: {}
[552.825591] (-) TimerEvent: {}
[552.927010] (-) TimerEvent: {}
[553.028153] (-) TimerEvent: {}
[553.128912] (-) TimerEvent: {}
[553.230230] (-) TimerEvent: {}
[553.331414] (-) TimerEvent: {}
[553.433133] (-) TimerEvent: {}
[553.534107] (-) TimerEvent: {}
[553.635499] (-) TimerEvent: {}
[553.736194] (-) TimerEvent: {}
[553.837263] (-) TimerEvent: {}
[553.937970] (-) TimerEvent: {}
[554.038849] (-) TimerEvent: {}
[554.140212] (-) TimerEvent: {}
[554.240931] (-) TimerEvent: {}
[554.342400] (-) TimerEvent: {}
[554.443522] (-) TimerEvent: {}
[554.544965] (-) TimerEvent: {}
[554.645904] (-) TimerEvent: {}
[554.748538] (-) TimerEvent: {}
[554.849779] (-) TimerEvent: {}
[554.950868] (-) TimerEvent: {}
[555.051583] (-) TimerEvent: {}
[555.152348] (-) TimerEvent: {}
[555.253739] (-) TimerEvent: {}
[555.354844] (-) TimerEvent: {}
[555.456470] (-) TimerEvent: {}
[555.557177] (-) TimerEvent: {}
[555.659268] (-) TimerEvent: {}
[555.762201] (-) TimerEvent: {}
[555.863465] (-) TimerEvent: {}
[555.964151] (-) TimerEvent: {}
[556.065655] (-) TimerEvent: {}
[556.167101] (-) TimerEvent: {}
[556.268162] (-) TimerEvent: {}
[556.379975] (-) TimerEvent: {}
[556.481994] (-) TimerEvent: {}
[556.583126] (-) TimerEvent: {}
[556.683803] (-) TimerEvent: {}
[556.784708] (-) TimerEvent: {}
[556.885782] (-) TimerEvent: {}
[556.986537] (-) TimerEvent: {}
[557.087875] (-) TimerEvent: {}
[557.188861] (-) TimerEvent: {}
[557.290081] (-) TimerEvent: {}
[557.391084] (-) TimerEvent: {}
[557.492350] (-) TimerEvent: {}
[557.593334] (-) TimerEvent: {}
[557.694575] (-) TimerEvent: {}
[557.795667] (-) TimerEvent: {}
[557.896650] (-) TimerEvent: {}
[557.998937] (-) TimerEvent: {}
[558.100059] (-) TimerEvent: {}
[558.201996] (-) TimerEvent: {}
[558.303104] (-) TimerEvent: {}
[558.404068] (-) TimerEvent: {}
[558.506580] (-) TimerEvent: {}
[558.607655] (-) TimerEvent: {}
[558.708720] (-) TimerEvent: {}
[558.809509] (-) TimerEvent: {}
[558.910553] (-) TimerEvent: {}
[559.011438] (-) TimerEvent: {}
[559.112288] (-) TimerEvent: {}
[559.213118] (-) TimerEvent: {}
[559.313966] (-) TimerEvent: {}
[559.414795] (-) TimerEvent: {}
[559.515422] (-) TimerEvent: {}
[559.615998] (-) TimerEvent: {}
[559.716570] (-) TimerEvent: {}
[559.817164] (-) TimerEvent: {}
[559.917774] (-) TimerEvent: {}
[560.020682] (-) TimerEvent: {}
[560.121884] (-) TimerEvent: {}
[560.223293] (-) TimerEvent: {}
[560.327213] (-) TimerEvent: {}
[560.428121] (-) TimerEvent: {}
[560.529880] (-) TimerEvent: {}
[560.631346] (-) TimerEvent: {}
[560.732874] (-) TimerEvent: {}
[560.834625] (-) TimerEvent: {}
[560.936182] (-) TimerEvent: {}
[561.037920] (-) TimerEvent: {}
[561.139432] (-) TimerEvent: {}
[561.241161] (-) TimerEvent: {}
[561.342760] (-) TimerEvent: {}
[561.445011] (-) TimerEvent: {}
[561.546490] (-) TimerEvent: {}
[561.648015] (-) TimerEvent: {}
[561.749763] (-) TimerEvent: {}
[561.851341] (-) TimerEvent: {}
[561.952379] (-) TimerEvent: {}
[562.053319] (-) TimerEvent: {}
[562.154333] (-) TimerEvent: {}
[562.255293] (-) TimerEvent: {}
[562.356346] (-) TimerEvent: {}
[562.457173] (-) TimerEvent: {}
[562.557964] (-) TimerEvent: {}
[562.660605] (-) TimerEvent: {}
[562.762071] (-) TimerEvent: {}
[562.864075] (-) TimerEvent: {}
[562.965386] (-) TimerEvent: {}
[563.067870] (-) TimerEvent: {}
[563.169285] (-) TimerEvent: {}
[563.273031] (-) TimerEvent: {}
[563.375975] (-) TimerEvent: {}
[563.478101] (-) TimerEvent: {}
[563.580367] (-) TimerEvent: {}
[563.682630] (-) TimerEvent: {}
[563.784749] (-) TimerEvent: {}
[563.887068] (-) TimerEvent: {}
[563.987977] (-) TimerEvent: {}
[564.089997] (-) TimerEvent: {}
[564.191507] (-) TimerEvent: {}
[564.294529] (-) TimerEvent: {}
[564.396471] (-) TimerEvent: {}
[564.498838] (-) TimerEvent: {}
[564.600360] (-) TimerEvent: {}
[564.702221] (-) TimerEvent: {}
[564.803353] (-) TimerEvent: {}
[564.905296] (-) TimerEvent: {}
[565.007067] (-) TimerEvent: {}
[565.109473] (-) TimerEvent: {}
[565.211324] (-) TimerEvent: {}
[565.314500] (-) TimerEvent: {}
[565.416289] (-) TimerEvent: {}
[565.517596] (-) TimerEvent: {}
[565.619401] (-) TimerEvent: {}
[565.721059] (-) TimerEvent: {}
[565.824112] (-) TimerEvent: {}
[565.927207] (-) TimerEvent: {}
[566.030249] (-) TimerEvent: {}
[566.133359] (-) TimerEvent: {}
[566.236663] (-) TimerEvent: {}
[566.338795] (-) TimerEvent: {}
[566.440990] (-) TimerEvent: {}
[566.543114] (-) TimerEvent: {}
[566.644181] (-) TimerEvent: {}
[566.746381] (-) TimerEvent: {}
[566.848151] (-) TimerEvent: {}
[566.949880] (-) TimerEvent: {}
[567.051375] (-) TimerEvent: {}
[567.153033] (-) TimerEvent: {}
[567.255285] (-) TimerEvent: {}
[567.358812] (-) TimerEvent: {}
[567.460617] (-) TimerEvent: {}
[567.562273] (-) TimerEvent: {}
[567.665580] (-) TimerEvent: {}
[567.769280] (-) TimerEvent: {}
[567.872724] (-) TimerEvent: {}
[567.975334] (-) TimerEvent: {}
[568.077349] (-) TimerEvent: {}
[568.183360] (-) TimerEvent: {}
[568.287275] (-) TimerEvent: {}
[568.389294] (-) TimerEvent: {}
[568.491575] (-) TimerEvent: {}
[568.593142] (-) TimerEvent: {}
[568.694758] (-) TimerEvent: {}
[568.796058] (-) TimerEvent: {}
[568.897164] (-) TimerEvent: {}
[568.998916] (-) TimerEvent: {}
[569.100077] (-) TimerEvent: {}
[569.203231] (-) TimerEvent: {}
[569.305506] (-) TimerEvent: {}
[569.406573] (-) TimerEvent: {}
[569.508097] (-) TimerEvent: {}
[569.609726] (-) TimerEvent: {}
[569.711273] (-) TimerEvent: {}
[569.812803] (-) TimerEvent: {}
[569.915143] (-) TimerEvent: {}
[570.017737] (-) TimerEvent: {}
[570.119500] (-) TimerEvent: {}
[570.221408] (-) TimerEvent: {}
[570.323039] (-) TimerEvent: {}
[570.424603] (-) TimerEvent: {}
[570.526377] (-) TimerEvent: {}
[570.627946] (-) TimerEvent: {}
[570.729637] (-) TimerEvent: {}
[570.830583] (-) TimerEvent: {}
[570.931651] (-) TimerEvent: {}
[571.032937] (-) TimerEvent: {}
[571.133860] (-) TimerEvent: {}
[571.234724] (-) TimerEvent: {}
[571.335614] (-) TimerEvent: {}
[571.437021] (-) TimerEvent: {}
[571.538674] (-) TimerEvent: {}
[571.640220] (-) TimerEvent: {}
[571.741721] (-) TimerEvent: {}
[571.843153] (-) TimerEvent: {}
[571.944061] (-) TimerEvent: {}
[572.045052] (-) TimerEvent: {}
[572.145969] (-) TimerEvent: {}
[572.247071] (-) TimerEvent: {}
[572.348387] (-) TimerEvent: {}
[572.449386] (-) TimerEvent: {}
[572.550697] (-) TimerEvent: {}
[572.651603] (-) TimerEvent: {}
[572.753407] (-) TimerEvent: {}
[572.855208] (-) TimerEvent: {}
[572.957343] (-) TimerEvent: {}
[573.058752] (-) TimerEvent: {}
[573.160934] (-) TimerEvent: {}
[573.262356] (-) TimerEvent: {}
[573.364142] (-) TimerEvent: {}
[573.465497] (-) TimerEvent: {}
[573.567358] (-) TimerEvent: {}
[573.668261] (-) TimerEvent: {}
[573.769660] (-) TimerEvent: {}
[573.870763] (-) TimerEvent: {}
[573.972266] (-) TimerEvent: {}
[574.073352] (-) TimerEvent: {}
[574.175249] (-) TimerEvent: {}
[574.276900] (-) TimerEvent: {}
[574.378614] (-) TimerEvent: {}
[574.480148] (-) TimerEvent: {}
[574.581961] (-) TimerEvent: {}
[574.683417] (-) TimerEvent: {}
[574.784456] (-) TimerEvent: {}
[574.886293] (-) TimerEvent: {}
[574.987956] (-) TimerEvent: {}
[575.089758] (-) TimerEvent: {}
[575.192014] (-) TimerEvent: {}
[575.293710] (-) TimerEvent: {}
[575.396050] (-) TimerEvent: {}
[575.497934] (-) TimerEvent: {}
[575.599572] (-) TimerEvent: {}
[575.701103] (-) TimerEvent: {}
[575.802739] (-) TimerEvent: {}
[575.904938] (-) TimerEvent: {}
[576.005920] (-) TimerEvent: {}
[576.107069] (-) TimerEvent: {}
[576.207967] (-) TimerEvent: {}
[576.308990] (-) TimerEvent: {}
[576.409911] (-) TimerEvent: {}
[576.510931] (-) TimerEvent: {}
[576.612991] (-) TimerEvent: {}
[576.714795] (-) TimerEvent: {}
[576.815661] (-) TimerEvent: {}
[576.916356] (-) TimerEvent: {}
[577.017195] (-) TimerEvent: {}
[577.118102] (-) TimerEvent: {}
[577.219163] (-) TimerEvent: {}
[577.320085] (-) TimerEvent: {}
[577.421106] (-) TimerEvent: {}
[577.522065] (-) TimerEvent: {}
[577.623153] (-) TimerEvent: {}
[577.724865] (-) TimerEvent: {}
[577.826787] (-) TimerEvent: {}
[577.928675] (-) TimerEvent: {}
[578.030285] (-) TimerEvent: {}
[578.131999] (-) TimerEvent: {}
[578.233588] (-) TimerEvent: {}
[578.334888] (-) TimerEvent: {}
[578.436771] (-) TimerEvent: {}
[578.538913] (-) TimerEvent: {}
[578.640788] (-) TimerEvent: {}
[578.742896] (-) TimerEvent: {}
[578.843875] (-) TimerEvent: {}
[578.945962] (-) TimerEvent: {}
[579.047526] (-) TimerEvent: {}
[579.149621] (-) TimerEvent: {}
[579.250903] (-) TimerEvent: {}
[579.352319] (-) TimerEvent: {}
[579.453178] (-) TimerEvent: {}
[579.554929] (-) TimerEvent: {}
[579.657114] (-) TimerEvent: {}
[579.758872] (-) TimerEvent: {}
[579.859974] (-) TimerEvent: {}
[579.961825] (-) TimerEvent: {}
[580.062859] (-) TimerEvent: {}
[580.165198] (-) TimerEvent: {}
[580.267354] (-) TimerEvent: {}
[580.368713] (-) TimerEvent: {}
[580.470149] (-) TimerEvent: {}
[580.571956] (-) TimerEvent: {}
[580.673552] (-) TimerEvent: {}
[580.775158] (-) TimerEvent: {}
[580.876696] (-) TimerEvent: {}
[580.978399] (-) TimerEvent: {}
[581.079974] (-) TimerEvent: {}
[581.181692] (-) TimerEvent: {}
[581.283238] (-) TimerEvent: {}
[581.384163] (-) TimerEvent: {}
[581.485069] (-) TimerEvent: {}
[581.586141] (-) TimerEvent: {}
[581.687635] (-) TimerEvent: {}
[581.788663] (-) TimerEvent: {}
[581.889580] (-) TimerEvent: {}
[581.990856] (-) TimerEvent: {}
[582.092048] (-) TimerEvent: {}
[582.192909] (-) TimerEvent: {}
[582.293729] (-) TimerEvent: {}
[582.394654] (-) TimerEvent: {}
[582.495780] (-) TimerEvent: {}
[582.596994] (-) TimerEvent: {}
[582.698113] (-) TimerEvent: {}
[582.799119] (-) TimerEvent: {}
[582.900098] (-) TimerEvent: {}
[583.001013] (-) TimerEvent: {}
[583.102033] (-) TimerEvent: {}
[583.203193] (-) TimerEvent: {}
[583.304121] (-) TimerEvent: {}
[583.405024] (-) TimerEvent: {}
[583.506058] (-) TimerEvent: {}
[583.606894] (-) TimerEvent: {}
[583.708149] (-) TimerEvent: {}
[583.808980] (-) TimerEvent: {}
[583.910819] (-) TimerEvent: {}
[584.011933] (-) TimerEvent: {}
[584.114063] (-) TimerEvent: {}
[584.215533] (-) TimerEvent: {}
[584.317263] (-) TimerEvent: {}
[584.418501] (-) TimerEvent: {}
[584.520329] (-) TimerEvent: {}
[584.621668] (-) TimerEvent: {}
[584.722540] (-) TimerEvent: {}
[584.824666] (-) TimerEvent: {}
[584.926817] (-) TimerEvent: {}
[585.027898] (-) TimerEvent: {}
[585.129280] (-) TimerEvent: {}
[585.230457] (-) TimerEvent: {}
[585.332074] (-) TimerEvent: {}
[585.433370] (-) TimerEvent: {}
[585.535813] (-) TimerEvent: {}
[585.637586] (-) TimerEvent: {}
[585.738714] (-) TimerEvent: {}
[585.840249] (-) TimerEvent: {}
[585.941263] (-) TimerEvent: {}
[586.042624] (-) TimerEvent: {}
[586.143675] (-) TimerEvent: {}
[586.244990] (-) TimerEvent: {}
[586.346374] (-) TimerEvent: {}
[586.447461] (-) TimerEvent: {}
[586.548899] (-) TimerEvent: {}
[586.649976] (-) TimerEvent: {}
[586.751394] (-) TimerEvent: {}
[586.852810] (-) TimerEvent: {}
[586.953874] (-) TimerEvent: {}
[587.056866] (-) TimerEvent: {}
[587.159384] (-) TimerEvent: {}
[587.260550] (-) TimerEvent: {}
[587.361768] (-) TimerEvent: {}
[587.464286] (-) TimerEvent: {}
[587.566823] (-) TimerEvent: {}
[587.668734] (-) TimerEvent: {}
[587.769826] (-) TimerEvent: {}
[587.871411] (-) TimerEvent: {}
[587.972492] (-) TimerEvent: {}
[588.073953] (-) TimerEvent: {}
[588.174620] (-) TimerEvent: {}
[588.276064] (-) TimerEvent: {}
[588.377135] (-) TimerEvent: {}
[588.478468] (-) TimerEvent: {}
[588.579808] (-) TimerEvent: {}
[588.681229] (-) TimerEvent: {}
[588.781926] (-) TimerEvent: {}
[588.883341] (-) TimerEvent: {}
[588.983999] (-) TimerEvent: {}
[589.085427] (-) TimerEvent: {}
[589.186513] (-) TimerEvent: {}
[589.288343] (-) TimerEvent: {}
[589.390354] (-) TimerEvent: {}
[589.491989] (-) TimerEvent: {}
[589.593456] (-) TimerEvent: {}
[589.694540] (-) TimerEvent: {}
[589.796020] (-) TimerEvent: {}
[589.897254] (-) TimerEvent: {}
[589.998817] (-) TimerEvent: {}
[590.100786] (-) TimerEvent: {}
[590.201898] (-) TimerEvent: {}
[590.303530] (-) TimerEvent: {}
[590.404806] (-) TimerEvent: {}
[590.681649] (-) TimerEvent: {}
[590.783161] (-) TimerEvent: {}
[590.883875] (-) TimerEvent: {}
[590.985386] (-) TimerEvent: {}
[591.087175] (-) TimerEvent: {}
[591.188579] (-) TimerEvent: {}
[591.293768] (-) TimerEvent: {}
[591.394431] (-) TimerEvent: {}
[591.495873] (-) TimerEvent: {}
[591.597076] (-) TimerEvent: {}
[591.698760] (-) TimerEvent: {}
[591.799868] (-) TimerEvent: {}
[591.901245] (-) TimerEvent: {}
[592.002569] (-) TimerEvent: {}
[592.103672] (-) TimerEvent: {}
[592.205177] (-) TimerEvent: {}
[592.306290] (-) TimerEvent: {}
[592.407867] (-) TimerEvent: {}
[592.508973] (-) TimerEvent: {}
[592.610332] (-) TimerEvent: {}
[592.711523] (-) TimerEvent: {}
[592.812207] (-) TimerEvent: {}
[592.913586] (-) TimerEvent: {}
[593.014653] (-) TimerEvent: {}
[593.115708] (-) TimerEvent: {}
[593.217289] (-) TimerEvent: {}
[593.318950] (-) TimerEvent: {}
[593.420378] (-) TimerEvent: {}
[593.521685] (-) TimerEvent: {}
[593.622367] (-) TimerEvent: {}
[593.723708] (-) TimerEvent: {}
[593.824727] (-) TimerEvent: {}
[593.925392] (-) TimerEvent: {}
[594.026692] (-) TimerEvent: {}
[594.127367] (-) TimerEvent: {}
[594.228047] (-) TimerEvent: {}
[594.328777] (-) TimerEvent: {}
[594.429416] (-) TimerEvent: {}
[594.530037] (-) TimerEvent: {}
[594.630663] (-) TimerEvent: {}
[594.731315] (-) TimerEvent: {}
[594.831938] (-) TimerEvent: {}
[594.932600] (-) TimerEvent: {}
[595.033339] (-) TimerEvent: {}
[595.134121] (-) TimerEvent: {}
[595.235021] (-) TimerEvent: {}
[595.336989] (-) TimerEvent: {}
[595.437718] (-) TimerEvent: {}
[595.538456] (-) TimerEvent: {}
[595.639222] (-) TimerEvent: {}
[595.744242] (-) TimerEvent: {}
[595.847218] (-) TimerEvent: {}
[595.948278] (-) TimerEvent: {}
[596.049033] (-) TimerEvent: {}
[596.149743] (-) TimerEvent: {}
[596.250796] (-) TimerEvent: {}
[596.351574] (-) TimerEvent: {}
[596.452585] (-) TimerEvent: {}
[596.553295] (-) TimerEvent: {}
[596.654350] (-) TimerEvent: {}
[596.755119] (-) TimerEvent: {}
[596.855803] (-) TimerEvent: {}
[596.956790] (-) TimerEvent: {}
[597.057793] (-) TimerEvent: {}
[597.159206] (-) TimerEvent: {}
[597.260983] (-) TimerEvent: {}
[597.362919] (-) TimerEvent: {}
[597.464758] (-) TimerEvent: {}
[597.565830] (-) TimerEvent: {}
[597.666929] (-) TimerEvent: {}
[597.768040] (-) TimerEvent: {}
[597.869102] (-) TimerEvent: {}
[597.970179] (-) TimerEvent: {}
[598.071282] (-) TimerEvent: {}
[598.172406] (-) TimerEvent: {}
[598.273478] (-) TimerEvent: {}
[598.374141] (-) TimerEvent: {}
[598.475496] (-) TimerEvent: {}
[598.576495] (-) TimerEvent: {}
[598.677860] (-) TimerEvent: {}
[598.779151] (-) TimerEvent: {}
[598.881588] (-) TimerEvent: {}
[598.983628] (-) TimerEvent: {}
[599.085904] (-) TimerEvent: {}
[599.187192] (-) TimerEvent: {}
[599.289511] (-) TimerEvent: {}
[599.391423] (-) TimerEvent: {}
[599.493779] (-) TimerEvent: {}
[599.595689] (-) TimerEvent: {}
[599.697921] (-) TimerEvent: {}
[599.799006] (-) TimerEvent: {}
[599.900334] (-) TimerEvent: {}
[600.001389] (-) TimerEvent: {}
[600.102732] (-) TimerEvent: {}
[600.203556] (-) TimerEvent: {}
[600.304896] (-) TimerEvent: {}
[600.406227] (-) TimerEvent: {}
[600.507401] (-) TimerEvent: {}
[600.608716] (-) TimerEvent: {}
[600.709770] (-) TimerEvent: {}
[600.811139] (-) TimerEvent: {}
[600.911785] (-) TimerEvent: {}
[601.013070] (-) TimerEvent: {}
[601.114106] (-) TimerEvent: {}
[601.215486] (-) TimerEvent: {}
[601.316834] (-) TimerEvent: {}
[601.417916] (-) TimerEvent: {}
[601.519295] (-) TimerEvent: {}
[601.620405] (-) TimerEvent: {}
[601.721527] (-) TimerEvent: {}
[601.822591] (-) TimerEvent: {}
[601.923995] (-) TimerEvent: {}
[602.025106] (-) TimerEvent: {}
[602.126270] (-) TimerEvent: {}
[602.227527] (-) TimerEvent: {}
[602.328660] (-) TimerEvent: {}
[602.429909] (-) TimerEvent: {}
[602.532562] (-) TimerEvent: {}
[602.633708] (-) TimerEvent: {}
[602.735148] (-) TimerEvent: {}
[602.836157] (-) TimerEvent: {}
[602.937530] (-) TimerEvent: {}
[603.038765] (-) TimerEvent: {}
[603.140240] (-) TimerEvent: {}
[603.242643] (-) TimerEvent: {}
[603.343741] (-) TimerEvent: {}
[603.444939] (-) TimerEvent: {}
[603.546218] (-) TimerEvent: {}
[603.647489] (-) TimerEvent: {}
[603.748720] (-) TimerEvent: {}
[603.849651] (-) TimerEvent: {}
[603.950232] (-) TimerEvent: {}
[604.050809] (-) TimerEvent: {}
[604.151477] (-) TimerEvent: {}
[604.252146] (-) TimerEvent: {}
[604.352816] (-) TimerEvent: {}
[604.453479] (-) TimerEvent: {}
[604.554123] (-) TimerEvent: {}
[604.654787] (-) TimerEvent: {}
[604.756203] (-) TimerEvent: {}
[604.857230] (-) TimerEvent: {}
[604.958774] (-) TimerEvent: {}
[605.061451] (-) TimerEvent: {}
[605.162791] (-) TimerEvent: {}
[605.263445] (-) TimerEvent: {}
[605.364563] (-) TimerEvent: {}
[605.465258] (-) TimerEvent: {}
[605.566326] (-) TimerEvent: {}
[605.667053] (-) TimerEvent: {}
[605.767763] (-) TimerEvent: {}
[605.956261] (-) TimerEvent: {}
[606.768535] (-) TimerEvent: {}
[606.869260] (-) TimerEvent: {}
[606.970106] (-) TimerEvent: {}
[607.070777] (-) TimerEvent: {}
[607.171491] (-) TimerEvent: {}
[607.272158] (-) TimerEvent: {}
[607.372912] (-) TimerEvent: {}
[607.473571] (-) TimerEvent: {}
[607.574239] (-) TimerEvent: {}
[607.675072] (-) TimerEvent: {}
[607.775978] (-) TimerEvent: {}
[607.876941] (-) TimerEvent: {}
[607.977822] (-) TimerEvent: {}
[608.078535] (-) TimerEvent: {}
[608.179224] (-) TimerEvent: {}
[608.279817] (-) TimerEvent: {}
[608.380407] (-) TimerEvent: {}
[608.481000] (-) TimerEvent: {}
[608.581577] (-) TimerEvent: {}
[608.682159] (-) TimerEvent: {}
[608.782787] (-) TimerEvent: {}
[608.884700] (-) TimerEvent: {}
[608.988207] (-) TimerEvent: {}
[609.089020] (-) TimerEvent: {}
[609.190354] (-) TimerEvent: {}
[609.291693] (-) TimerEvent: {}
[609.395149] (-) TimerEvent: {}
[609.495838] (-) TimerEvent: {}
[609.596728] (-) TimerEvent: {}
[609.697339] (-) TimerEvent: {}
[609.798026] (-) TimerEvent: {}
[609.899095] (-) TimerEvent: {}
[610.000072] (-) TimerEvent: {}
[610.100699] (-) TimerEvent: {}
[610.201333] (-) TimerEvent: {}
[610.301991] (-) TimerEvent: {}
[610.402854] (-) TimerEvent: {}
[610.503503] (-) TimerEvent: {}
[610.604136] (-) TimerEvent: {}
[610.704756] (-) TimerEvent: {}
[610.805621] (-) TimerEvent: {}
[610.906569] (-) TimerEvent: {}
[611.007282] (-) TimerEvent: {}
[611.107969] (-) TimerEvent: {}
[611.211148] (-) TimerEvent: {}
[611.311830] (-) TimerEvent: {}
[611.412568] (-) TimerEvent: {}
[611.513253] (-) TimerEvent: {}
[611.613849] (-) TimerEvent: {}
[611.714433] (-) TimerEvent: {}
[611.815063] (-) TimerEvent: {}
[611.915681] (-) TimerEvent: {}
[616.125342] (-) TimerEvent: {}
[616.226271] (-) TimerEvent: {}
[616.327299] (-) TimerEvent: {}
[616.428691] (-) TimerEvent: {}
[616.529852] (-) TimerEvent: {}
[616.630532] (-) TimerEvent: {}
[616.731454] (-) TimerEvent: {}
[616.832178] (-) TimerEvent: {}
[616.932989] (-) TimerEvent: {}
[617.034562] (-) TimerEvent: {}
[617.135334] (-) TimerEvent: {}
[617.236656] (-) TimerEvent: {}
[617.337312] (-) TimerEvent: {}
[617.437958] (-) TimerEvent: {}
[617.538660] (-) TimerEvent: {}
[617.639331] (-) TimerEvent: {}
[617.739953] (-) TimerEvent: {}
[617.840550] (-) TimerEvent: {}
[617.941372] (-) TimerEvent: {}
[618.041969] (-) TimerEvent: {}
[618.142667] (-) TimerEvent: {}
[618.243304] (-) TimerEvent: {}
[618.343908] (-) TimerEvent: {}
[618.444514] (-) TimerEvent: {}
[618.545126] (-) TimerEvent: {}
[618.645748] (-) TimerEvent: {}
[618.746338] (-) TimerEvent: {}
[618.846948] (-) TimerEvent: {}
[618.947565] (-) TimerEvent: {}
[619.048323] (-) TimerEvent: {}
[619.149317] (-) TimerEvent: {}
[619.250242] (-) TimerEvent: {}
[619.351120] (-) TimerEvent: {}
[619.451703] (-) TimerEvent: {}
[619.552299] (-) TimerEvent: {}
[619.652860] (-) TimerEvent: {}
[619.753363] (-) TimerEvent: {}
[619.853872] (-) TimerEvent: {}
[619.954390] (-) TimerEvent: {}
[620.055280] (-) TimerEvent: {}
[620.156137] (-) TimerEvent: {}
[620.257032] (-) TimerEvent: {}
[620.357837] (-) TimerEvent: {}
[620.458770] (-) TimerEvent: {}
[620.559397] (-) TimerEvent: {}
[620.660047] (-) TimerEvent: {}
[620.760853] (-) TimerEvent: {}
[620.861583] (-) TimerEvent: {}
[620.962319] (-) TimerEvent: {}
[621.063270] (-) TimerEvent: {}
[621.164160] (-) TimerEvent: {}
[621.265254] (-) TimerEvent: {}
[621.366206] (-) TimerEvent: {}
[621.467304] (-) TimerEvent: {}
[621.568329] (-) TimerEvent: {}
[621.669056] (-) TimerEvent: {}
[621.770175] (-) TimerEvent: {}
[621.870953] (-) TimerEvent: {}
[621.971630] (-) TimerEvent: {}
[622.072482] (-) TimerEvent: {}
[622.173232] (-) TimerEvent: {}
[622.274446] (-) TimerEvent: {}
[622.376116] (-) TimerEvent: {}
[622.477215] (-) TimerEvent: {}
[622.577857] (-) TimerEvent: {}
[622.678567] (-) TimerEvent: {}
[622.779738] (-) TimerEvent: {}
[622.880443] (-) TimerEvent: {}
[622.981753] (-) TimerEvent: {}
[623.082808] (-) TimerEvent: {}
[623.183478] (-) TimerEvent: {}
[623.284079] (-) TimerEvent: {}
[623.384684] (-) TimerEvent: {}
[623.485287] (-) TimerEvent: {}
[623.585862] (-) TimerEvent: {}
[623.686464] (-) TimerEvent: {}
[623.787091] (-) TimerEvent: {}
[623.887675] (-) TimerEvent: {}
[623.988279] (-) TimerEvent: {}
[624.088910] (-) TimerEvent: {}
[624.189495] (-) TimerEvent: {}
[624.290084] (-) TimerEvent: {}
[624.390985] (-) TimerEvent: {}
[624.491536] (-) TimerEvent: {}
[624.592379] (-) TimerEvent: {}
[624.692936] (-) TimerEvent: {}
[624.793480] (-) TimerEvent: {}
[624.894226] (-) TimerEvent: {}
[624.994762] (-) TimerEvent: {}
[625.095341] (-) TimerEvent: {}
[625.196256] (-) TimerEvent: {}
[625.297197] (-) TimerEvent: {}
[625.397812] (-) TimerEvent: {}
[625.498715] (-) TimerEvent: {}
[625.599682] (-) TimerEvent: {}
[625.700549] (-) TimerEvent: {}
[625.801049] (-) TimerEvent: {}
[625.901777] (-) TimerEvent: {}
[626.002278] (-) TimerEvent: {}
[626.103045] (-) TimerEvent: {}
[626.203587] (-) TimerEvent: {}
[626.304444] (-) TimerEvent: {}
[626.405042] (-) TimerEvent: {}
[626.505941] (-) TimerEvent: {}
[626.606820] (-) TimerEvent: {}
[626.708505] (-) TimerEvent: {}
[626.809984] (-) TimerEvent: {}
[626.911037] (-) TimerEvent: {}
[627.012239] (-) TimerEvent: {}
[627.113239] (-) TimerEvent: {}
[628.192311] (-) TimerEvent: {}
[628.292961] (-) TimerEvent: {}
[628.393768] (-) TimerEvent: {}
[628.499126] (-) TimerEvent: {}
[628.599883] (-) TimerEvent: {}
[628.700679] (-) TimerEvent: {}
[628.801602] (-) TimerEvent: {}
[628.902425] (-) TimerEvent: {}
[629.003188] (-) TimerEvent: {}
[629.103890] (-) TimerEvent: {}
[629.204574] (-) TimerEvent: {}
[629.305322] (-) TimerEvent: {}
[629.405969] (-) TimerEvent: {}
[629.506904] (-) TimerEvent: {}
[629.607602] (-) TimerEvent: {}
[629.708734] (-) TimerEvent: {}
[629.809474] (-) TimerEvent: {}
[629.910118] (-) TimerEvent: {}
[630.010769] (-) TimerEvent: {}
[630.111453] (-) TimerEvent: {}
[630.212642] (-) TimerEvent: {}
[630.313269] (-) TimerEvent: {}
[630.413889] (-) TimerEvent: {}
[630.514562] (-) TimerEvent: {}
[630.615264] (-) TimerEvent: {}
[630.715921] (-) TimerEvent: {}
[630.816591] (-) TimerEvent: {}
[630.917251] (-) TimerEvent: {}
[631.018122] (-) TimerEvent: {}
[631.119172] (-) TimerEvent: {}
[631.220324] (-) TimerEvent: {}
[631.321048] (-) TimerEvent: {}
[631.421657] (-) TimerEvent: {}
[631.522270] (-) TimerEvent: {}
[631.622861] (-) TimerEvent: {}
[635.036154] (-) TimerEvent: {}
[635.150025] (-) TimerEvent: {}
[635.250712] (-) TimerEvent: {}
[635.351858] (-) TimerEvent: {}
[635.453737] (-) TimerEvent: {}
[635.554412] (-) TimerEvent: {}
[635.655152] (-) TimerEvent: {}
[635.756151] (-) TimerEvent: {}
[635.856954] (-) TimerEvent: {}
[635.957567] (-) TimerEvent: {}
[636.058189] (-) TimerEvent: {}
[636.158926] (-) TimerEvent: {}
[636.259550] (-) TimerEvent: {}
[636.360169] (-) TimerEvent: {}
[636.460809] (-) TimerEvent: {}
[636.561467] (-) TimerEvent: {}
[636.662884] (-) TimerEvent: {}
[636.763553] (-) TimerEvent: {}
[636.864152] (-) TimerEvent: {}
[636.964755] (-) TimerEvent: {}
[637.065342] (-) TimerEvent: {}
[637.165955] (-) TimerEvent: {}
[637.266532] (-) TimerEvent: {}
[637.367126] (-) TimerEvent: {}
[637.467714] (-) TimerEvent: {}
[637.568556] (-) TimerEvent: {}
[637.669156] (-) TimerEvent: {}
[637.769761] (-) TimerEvent: {}
[637.870339] (-) TimerEvent: {}
[637.971168] (-) TimerEvent: {}
[638.071770] (-) TimerEvent: {}
[638.172584] (-) TimerEvent: {}
[638.273187] (-) TimerEvent: {}
[638.374030] (-) TimerEvent: {}
[638.474646] (-) TimerEvent: {}
[638.575248] (-) TimerEvent: {}
[638.675814] (-) TimerEvent: {}
[638.776384] (-) TimerEvent: {}
[638.877180] (-) TimerEvent: {}
[638.977762] (-) TimerEvent: {}
[639.078557] (-) TimerEvent: {}
[639.179152] (-) TimerEvent: {}
[639.279732] (-) TimerEvent: {}
[639.380329] (-) TimerEvent: {}
[639.480978] (-) TimerEvent: {}
[639.581540] (-) TimerEvent: {}
[639.682067] (-) TimerEvent: {}
[639.782603] (-) TimerEvent: {}
[639.883168] (-) TimerEvent: {}
[639.983706] (-) TimerEvent: {}
[640.084233] (-) TimerEvent: {}
[640.184812] (-) TimerEvent: {}
[640.285650] (-) TimerEvent: {}
[640.386668] (-) TimerEvent: {}
[640.487821] (-) TimerEvent: {}
[640.589265] (-) TimerEvent: {}
[640.690314] (-) TimerEvent: {}
[640.791542] (-) TimerEvent: {}
[640.892898] (-) TimerEvent: {}
[640.994103] (-) TimerEvent: {}
[641.095619] (-) TimerEvent: {}
[641.196900] (-) TimerEvent: {}
[641.297841] (-) TimerEvent: {}
[641.398560] (-) TimerEvent: {}
[641.499285] (-) TimerEvent: {}
[641.600114] (-) TimerEvent: {}
[641.700730] (-) TimerEvent: {}
[641.801412] (-) TimerEvent: {}
[641.902021] (-) TimerEvent: {}
[642.002678] (-) TimerEvent: {}
[642.103360] (-) TimerEvent: {}
[642.203985] (-) TimerEvent: {}
[642.304586] (-) TimerEvent: {}
[642.405186] (-) TimerEvent: {}
[642.505779] (-) TimerEvent: {}
[642.606347] (-) TimerEvent: {}
[642.706902] (-) TimerEvent: {}
[642.807478] (-) TimerEvent: {}
[642.908033] (-) TimerEvent: {}
[643.008606] (-) TimerEvent: {}
[643.109184] (-) TimerEvent: {}
[643.209746] (-) TimerEvent: {}
[643.310322] (-) TimerEvent: {}
[643.410894] (-) TimerEvent: {}
[643.511528] (-) TimerEvent: {}
[643.612108] (-) TimerEvent: {}
[643.712662] (-) TimerEvent: {}
[643.813196] (-) TimerEvent: {}
[643.913719] (-) TimerEvent: {}
[644.014315] (-) TimerEvent: {}
[644.114864] (-) TimerEvent: {}
[644.215401] (-) TimerEvent: {}
[644.315948] (-) TimerEvent: {}
[644.416514] (-) TimerEvent: {}
[644.517114] (-) TimerEvent: {}
[645.882112] (-) TimerEvent: {}
[645.983119] (-) TimerEvent: {}
[646.083980] (-) TimerEvent: {}
[646.184901] (-) TimerEvent: {}
[646.285800] (-) TimerEvent: {}
[646.386650] (-) TimerEvent: {}
[646.487837] (-) TimerEvent: {}
[646.588532] (-) TimerEvent: {}
[646.689159] (-) TimerEvent: {}
[646.789818] (-) TimerEvent: {}
[646.890477] (-) TimerEvent: {}
[646.991302] (-) TimerEvent: {}
[647.091981] (-) TimerEvent: {}
[647.193003] (-) TimerEvent: {}
[647.293659] (-) TimerEvent: {}
[647.394284] (-) TimerEvent: {}
[647.494893] (-) TimerEvent: {}
[647.595492] (-) TimerEvent: {}
[647.696054] (-) TimerEvent: {}
[647.796648] (-) TimerEvent: {}
[647.897489] (-) TimerEvent: {}
[647.998100] (-) TimerEvent: {}
[648.098701] (-) TimerEvent: {}
[648.199282] (-) TimerEvent: {}
[648.299839] (-) TimerEvent: {}
[648.400416] (-) TimerEvent: {}
[648.501005] (-) TimerEvent: {}
[648.601604] (-) TimerEvent: {}
[648.702202] (-) TimerEvent: {}
[648.802815] (-) TimerEvent: {}
[648.903405] (-) TimerEvent: {}
[649.003970] (-) TimerEvent: {}
[649.104525] (-) TimerEvent: {}
[649.205040] (-) TimerEvent: {}
[649.305516] (-) TimerEvent: {}
[649.405999] (-) TimerEvent: {}
[649.506506] (-) TimerEvent: {}
[649.607137] (-) TimerEvent: {}
[649.707703] (-) TimerEvent: {}
[651.991213] (-) TimerEvent: {}
[652.092527] (-) TimerEvent: {}
[652.193474] (-) TimerEvent: {}
[652.294757] (-) TimerEvent: {}
[652.396067] (-) TimerEvent: {}
[652.499418] (-) TimerEvent: {}
[652.601088] (-) TimerEvent: {}
[652.702338] (-) TimerEvent: {}
[652.803085] (-) TimerEvent: {}
[652.903703] (-) TimerEvent: {}
[653.004397] (-) TimerEvent: {}
[653.105102] (-) TimerEvent: {}
[653.205784] (-) TimerEvent: {}
[653.306403] (-) TimerEvent: {}
[653.407020] (-) TimerEvent: {}
[653.507634] (-) TimerEvent: {}
[653.608269] (-) TimerEvent: {}
[653.708908] (-) TimerEvent: {}
[653.809536] (-) TimerEvent: {}
[653.910130] (-) TimerEvent: {}
[654.010658] (-) TimerEvent: {}
[654.111205] (-) TimerEvent: {}
[654.211751] (-) TimerEvent: {}
[654.312292] (-) TimerEvent: {}
[654.412858] (-) TimerEvent: {}
[654.513446] (-) TimerEvent: {}
[654.614039] (-) TimerEvent: {}
[654.714631] (-) TimerEvent: {}
[654.815267] (-) TimerEvent: {}
[655.405311] (-) TimerEvent: {}
[655.505949] (-) TimerEvent: {}
[655.606625] (-) TimerEvent: {}
[655.707368] (-) TimerEvent: {}
[655.808037] (-) TimerEvent: {}
[655.911151] (-) TimerEvent: {}
[656.011917] (-) TimerEvent: {}
[656.112902] (-) TimerEvent: {}
[656.214950] (-) TimerEvent: {}
[656.316003] (-) TimerEvent: {}
[656.416660] (-) TimerEvent: {}
[656.517243] (-) TimerEvent: {}
[656.618195] (-) TimerEvent: {}
[656.719442] (-) TimerEvent: {}
[656.820019] (-) TimerEvent: {}
[656.921117] (-) TimerEvent: {}
[657.021950] (-) TimerEvent: {}
[657.122771] (-) TimerEvent: {}
[657.224927] (-) TimerEvent: {}
[657.326566] (-) TimerEvent: {}
[657.428109] (-) TimerEvent: {}
[657.529249] (-) TimerEvent: {}
[657.630528] (-) TimerEvent: {}
[657.731552] (-) TimerEvent: {}
[657.832495] (-) TimerEvent: {}
[657.933502] (-) TimerEvent: {}
[658.034493] (-) TimerEvent: {}
[658.136066] (-) TimerEvent: {}
[658.237149] (-) TimerEvent: {}
[658.338227] (-) TimerEvent: {}
[658.439182] (-) TimerEvent: {}
[658.540121] (-) TimerEvent: {}
[658.641066] (-) TimerEvent: {}
[658.742115] (-) TimerEvent: {}
[658.843074] (-) TimerEvent: {}
[658.944110] (-) TimerEvent: {}
[659.045099] (-) TimerEvent: {}
[659.146100] (-) TimerEvent: {}
[659.247116] (-) TimerEvent: {}
[659.348137] (-) TimerEvent: {}
[659.449138] (-) TimerEvent: {}
[659.550158] (-) TimerEvent: {}
[659.651130] (-) TimerEvent: {}
[659.752124] (-) TimerEvent: {}
[659.853128] (-) TimerEvent: {}
[659.954110] (-) TimerEvent: {}
[661.737248] (-) TimerEvent: {}
[661.838392] (-) TimerEvent: {}
[661.939105] (-) TimerEvent: {}
[662.039795] (-) TimerEvent: {}
[662.140503] (-) TimerEvent: {}
[662.241246] (-) TimerEvent: {}
[662.341929] (-) TimerEvent: {}
[662.442552] (-) TimerEvent: {}
[662.543353] (-) TimerEvent: {}
[662.644143] (-) TimerEvent: {}
[662.745193] (-) TimerEvent: {}
[662.846082] (-) TimerEvent: {}
[662.946718] (-) TimerEvent: {}
[663.047598] (-) TimerEvent: {}
[663.148217] (-) TimerEvent: {}
[663.248866] (-) TimerEvent: {}
[663.349502] (-) TimerEvent: {}
[663.450127] (-) TimerEvent: {}
[663.550765] (-) TimerEvent: {}
[663.651809] (-) TimerEvent: {}
[663.752486] (-) TimerEvent: {}
[663.854620] (-) TimerEvent: {}
[663.955457] (-) TimerEvent: {}
[664.056164] (-) TimerEvent: {}
[664.156819] (-) TimerEvent: {}
[664.257500] (-) TimerEvent: {}
[664.358197] (-) TimerEvent: {}
[664.458835] (-) TimerEvent: {}
[664.559528] (-) TimerEvent: {}
[664.660161] (-) TimerEvent: {}
[664.761120] (-) TimerEvent: {}
[664.861785] (-) TimerEvent: {}
[664.962953] (-) TimerEvent: {}
[665.063962] (-) TimerEvent: {}
[665.164595] (-) TimerEvent: {}
[665.265221] (-) TimerEvent: {}
[665.365822] (-) TimerEvent: {}
[665.466413] (-) TimerEvent: {}
[665.567085] (-) TimerEvent: {}
[665.667658] (-) TimerEvent: {}
[665.768244] (-) TimerEvent: {}
[665.868851] (-) TimerEvent: {}
[665.969724] (-) TimerEvent: {}
[666.070357] (-) TimerEvent: {}
[666.171295] (-) TimerEvent: {}
[666.271916] (-) TimerEvent: {}
[666.372513] (-) TimerEvent: {}
[666.473127] (-) TimerEvent: {}
[666.573703] (-) TimerEvent: {}
[666.674276] (-) TimerEvent: {}
[666.774905] (-) TimerEvent: {}
[666.875926] (-) TimerEvent: {}
[666.977028] (-) TimerEvent: {}
[667.078108] (-) TimerEvent: {}
[667.179169] (-) TimerEvent: {}
[667.280420] (-) TimerEvent: {}
[667.381501] (-) TimerEvent: {}
[667.482590] (-) TimerEvent: {}
[667.583707] (-) TimerEvent: {}
[667.684756] (-) TimerEvent: {}
[667.785829] (-) TimerEvent: {}
[667.886801] (-) TimerEvent: {}
[667.987630] (-) TimerEvent: {}
[668.088675] (-) TimerEvent: {}
[668.189741] (-) TimerEvent: {}
[668.290749] (-) TimerEvent: {}
[668.391640] (-) TimerEvent: {}
[668.492528] (-) TimerEvent: {}
[668.593480] (-) TimerEvent: {}
[668.694512] (-) TimerEvent: {}
[668.795562] (-) TimerEvent: {}
[668.896577] (-) TimerEvent: {}
[668.997510] (-) TimerEvent: {}
[669.098491] (-) TimerEvent: {}
[669.199595] (-) TimerEvent: {}
[669.300681] (-) TimerEvent: {}
[669.401712] (-) TimerEvent: {}
[669.503210] (-) TimerEvent: {}
[669.605002] (-) TimerEvent: {}
[669.707583] (-) TimerEvent: {}
[669.808772] (-) TimerEvent: {}
[669.915088] (-) TimerEvent: {}
[670.016297] (-) TimerEvent: {}
[670.117394] (-) TimerEvent: {}
[670.218821] (-) TimerEvent: {}
[670.320025] (-) TimerEvent: {}
[670.420886] (-) TimerEvent: {}
[670.521768] (-) TimerEvent: {}
[670.622378] (-) TimerEvent: {}
[670.723260] (-) TimerEvent: {}
[670.823886] (-) TimerEvent: {}
[670.924525] (-) TimerEvent: {}
[671.025125] (-) TimerEvent: {}
[671.126154] (-) TimerEvent: {}
[671.227476] (-) TimerEvent: {}
[671.328108] (-) TimerEvent: {}
[671.428976] (-) TimerEvent: {}
[671.529609] (-) TimerEvent: {}
[671.630533] (-) TimerEvent: {}
[671.731163] (-) TimerEvent: {}
[671.831903] (-) TimerEvent: {}
[671.932509] (-) TimerEvent: {}
[672.033136] (-) TimerEvent: {}
[672.133720] (-) TimerEvent: {}
[672.234533] (-) TimerEvent: {}
[672.335111] (-) TimerEvent: {}
[672.435697] (-) TimerEvent: {}
[672.536304] (-) TimerEvent: {}
[672.636888] (-) TimerEvent: {}
[672.739410] (-) TimerEvent: {}
[672.839994] (-) TimerEvent: {}
[672.941040] (-) TimerEvent: {}
[673.041939] (-) TimerEvent: {}
[673.142478] (-) TimerEvent: {}
[673.243041] (-) TimerEvent: {}
[673.343594] (-) TimerEvent: {}
[673.444158] (-) TimerEvent: {}
[673.544750] (-) TimerEvent: {}
[673.645314] (-) TimerEvent: {}
[673.745853] (-) TimerEvent: {}
[673.846434] (-) TimerEvent: {}
[673.947032] (-) TimerEvent: {}
[674.047712] (-) TimerEvent: {}
[674.148575] (-) TimerEvent: {}
[674.249235] (-) TimerEvent: {}
[674.349853] (-) TimerEvent: {}
[674.450448] (-) TimerEvent: {}
[674.551063] (-) TimerEvent: {}
[674.651638] (-) TimerEvent: {}
[674.752328] (-) TimerEvent: {}
[674.853536] (-) TimerEvent: {}
[674.954395] (-) TimerEvent: {}
[675.055074] (-) TimerEvent: {}
[676.213874] (-) TimerEvent: {}
[676.314769] (-) TimerEvent: {}
[676.415432] (-) TimerEvent: {}
[676.516185] (-) TimerEvent: {}
[676.616804] (-) TimerEvent: {}
[676.717695] (-) TimerEvent: {}
[676.818584] (-) TimerEvent: {}
[676.919534] (-) TimerEvent: {}
[677.020285] (-) TimerEvent: {}
[677.122282] (-) TimerEvent: {}
[677.223060] (-) TimerEvent: {}
[677.324119] (-) TimerEvent: {}
[677.425203] (-) TimerEvent: {}
[677.525804] (-) TimerEvent: {}
[677.626424] (-) TimerEvent: {}
[677.727074] (-) TimerEvent: {}
[677.827706] (-) TimerEvent: {}
[677.928328] (-) TimerEvent: {}
[678.028952] (-) TimerEvent: {}
[678.129577] (-) TimerEvent: {}
[678.230458] (-) TimerEvent: {}
[678.331082] (-) TimerEvent: {}
[678.431917] (-) TimerEvent: {}
[678.532537] (-) TimerEvent: {}
[678.633154] (-) TimerEvent: {}
[678.733777] (-) TimerEvent: {}
[678.834370] (-) TimerEvent: {}
[678.934947] (-) TimerEvent: {}
[679.035598] (-) TimerEvent: {}
[679.136215] (-) TimerEvent: {}
[679.236817] (-) TimerEvent: {}
[679.337421] (-) TimerEvent: {}
[679.438036] (-) TimerEvent: {}
[679.538651] (-) TimerEvent: {}
[679.639884] (-) TimerEvent: {}
[679.740458] (-) TimerEvent: {}
[679.841318] (-) TimerEvent: {}
[679.942033] (-) TimerEvent: {}
[680.043141] (-) TimerEvent: {}
[680.144132] (-) TimerEvent: {}
[680.245128] (-) TimerEvent: {}
[681.118152] (-) TimerEvent: {}
[681.219102] (-) TimerEvent: {}
[681.319854] (-) TimerEvent: {}
[681.420782] (-) TimerEvent: {}
[681.521696] (-) TimerEvent: {}
[681.622454] (-) TimerEvent: {}
[681.723278] (-) TimerEvent: {}
[681.824341] (-) TimerEvent: {}
[681.925333] (-) TimerEvent: {}
[682.026330] (-) TimerEvent: {}
[682.127398] (-) TimerEvent: {}
[682.228323] (-) TimerEvent: {}
[682.329342] (-) TimerEvent: {}
[682.430336] (-) TimerEvent: {}
[682.531444] (-) TimerEvent: {}
[682.632390] (-) TimerEvent: {}
[682.733242] (-) TimerEvent: {}
[682.834200] (-) TimerEvent: {}
[682.935192] (-) TimerEvent: {}
[683.036188] (-) TimerEvent: {}
[683.137159] (-) TimerEvent: {}
[683.238075] (-) TimerEvent: {}
[683.339034] (-) TimerEvent: {}
[683.440001] (-) TimerEvent: {}
[683.540991] (-) TimerEvent: {}
[683.642261] (-) TimerEvent: {}
[683.743529] (-) TimerEvent: {}
[683.844377] (-) TimerEvent: {}
[683.945285] (-) TimerEvent: {}
[684.046175] (-) TimerEvent: {}
[684.147183] (-) TimerEvent: {}
[684.248184] (-) TimerEvent: {}
[684.349179] (-) TimerEvent: {}
[684.450162] (-) TimerEvent: {}
[684.551205] (-) TimerEvent: {}
[684.652290] (-) TimerEvent: {}
[684.753556] (-) TimerEvent: {}
[684.854684] (-) TimerEvent: {}
[684.955828] (-) TimerEvent: {}
[685.056896] (-) TimerEvent: {}
[685.157852] (-) TimerEvent: {}
[685.259040] (-) TimerEvent: {}
[685.360066] (-) TimerEvent: {}
[686.334762] (-) TimerEvent: {}
[686.437270] (-) TimerEvent: {}
[686.538024] (-) TimerEvent: {}
[686.638854] (-) TimerEvent: {}
[686.739535] (-) TimerEvent: {}
[686.840149] (-) TimerEvent: {}
[686.940741] (-) TimerEvent: {}
[687.041313] (-) TimerEvent: {}
[687.141881] (-) TimerEvent: {}
[687.242467] (-) TimerEvent: {}
[687.343063] (-) TimerEvent: {}
[687.443617] (-) TimerEvent: {}
[687.544171] (-) TimerEvent: {}
[687.644708] (-) TimerEvent: {}
[687.745258] (-) TimerEvent: {}
[687.845889] (-) TimerEvent: {}
[687.946496] (-) TimerEvent: {}
[688.047200] (-) TimerEvent: {}
[688.147828] (-) TimerEvent: {}
[688.248453] (-) TimerEvent: {}
[688.349068] (-) TimerEvent: {}
[688.449686] (-) TimerEvent: {}
[688.550319] (-) TimerEvent: {}
[688.650933] (-) TimerEvent: {}
[688.751572] (-) TimerEvent: {}
[688.852189] (-) TimerEvent: {}
[688.952801] (-) TimerEvent: {}
[689.053409] (-) TimerEvent: {}
[689.154017] (-) TimerEvent: {}
[689.254640] (-) TimerEvent: {}
[689.355239] (-) TimerEvent: {}
[689.455802] (-) TimerEvent: {}
[689.556384] (-) TimerEvent: {}
[689.656990] (-) TimerEvent: {}
[689.757578] (-) TimerEvent: {}
[689.858161] (-) TimerEvent: {}
[689.958741] (-) TimerEvent: {}
[690.059343] (-) TimerEvent: {}
[690.159919] (-) TimerEvent: {}
[690.260510] (-) TimerEvent: {}
[690.361087] (-) TimerEvent: {}
[690.461730] (-) TimerEvent: {}
[690.562300] (-) TimerEvent: {}
[690.662914] (-) TimerEvent: {}
[690.763564] (-) TimerEvent: {}
[690.864179] (-) TimerEvent: {}
[690.964800] (-) TimerEvent: {}
[691.065434] (-) TimerEvent: {}
[691.166049] (-) TimerEvent: {}
[691.266665] (-) TimerEvent: {}
[691.367391] (-) TimerEvent: {}
[691.468089] (-) TimerEvent: {}
[691.569106] (-) TimerEvent: {}
[691.670058] (-) TimerEvent: {}
[691.771154] (-) TimerEvent: {}
[691.872093] (-) TimerEvent: {}
[691.973152] (-) TimerEvent: {}
[692.074199] (-) TimerEvent: {}
[692.175320] (-) TimerEvent: {}
[692.276368] (-) TimerEvent: {}
[692.378197] (-) TimerEvent: {}
[692.479254] (-) TimerEvent: {}
[692.579872] (-) TimerEvent: {}
[692.680733] (-) TimerEvent: {}
[692.781330] (-) TimerEvent: {}
[692.882195] (-) TimerEvent: {}
[692.982802] (-) TimerEvent: {}
[693.083682] (-) TimerEvent: {}
[693.184289] (-) TimerEvent: {}
[693.285176] (-) TimerEvent: {}
[693.385775] (-) TimerEvent: {}
[693.486651] (-) TimerEvent: {}
[693.587275] (-) TimerEvent: {}
[693.688144] (-) TimerEvent: {}
[693.788742] (-) TimerEvent: {}
[693.889586] (-) TimerEvent: {}
[693.990186] (-) TimerEvent: {}
[694.091088] (-) TimerEvent: {}
[694.191686] (-) TimerEvent: {}
[694.292310] (-) TimerEvent: {}
[694.392914] (-) TimerEvent: {}
[694.493513] (-) TimerEvent: {}
[694.594129] (-) TimerEvent: {}
[694.694738] (-) TimerEvent: {}
[694.795366] (-) TimerEvent: {}
[694.895975] (-) TimerEvent: {}
[694.996581] (-) TimerEvent: {}
[695.097165] (-) TimerEvent: {}
[695.197729] (-) TimerEvent: {}
[695.298350] (-) TimerEvent: {}
[695.398987] (-) TimerEvent: {}
[695.499600] (-) TimerEvent: {}
[697.671216] (-) TimerEvent: {}
[697.772297] (-) TimerEvent: {}
[697.872870] (-) TimerEvent: {}
[697.973491] (-) TimerEvent: {}
[698.074098] (-) TimerEvent: {}
[698.174735] (-) TimerEvent: {}
[698.275387] (-) TimerEvent: {}
[698.376005] (-) TimerEvent: {}
[698.476718] (-) TimerEvent: {}
[698.577348] (-) TimerEvent: {}
[698.677950] (-) TimerEvent: {}
[698.778577] (-) TimerEvent: {}
[698.879329] (-) TimerEvent: {}
[698.979939] (-) TimerEvent: {}
[699.080556] (-) TimerEvent: {}
[699.181181] (-) TimerEvent: {}
[699.281803] (-) TimerEvent: {}
[699.382646] (-) TimerEvent: {}
[699.483282] (-) TimerEvent: {}
[699.583907] (-) TimerEvent: {}
[699.684527] (-) TimerEvent: {}
[699.785381] (-) TimerEvent: {}
[699.886261] (-) TimerEvent: {}
[699.987173] (-) TimerEvent: {}
[700.087772] (-) TimerEvent: {}
[700.188383] (-) TimerEvent: {}
[700.290935] (-) TimerEvent: {}
[700.391609] (-) TimerEvent: {}
[700.492468] (-) TimerEvent: {}
[700.593133] (-) TimerEvent: {}
[701.265711] (-) TimerEvent: {}
[701.366404] (-) TimerEvent: {}
[701.467070] (-) TimerEvent: {}
[701.567793] (-) TimerEvent: {}
[701.668435] (-) TimerEvent: {}
[701.769030] (-) TimerEvent: {}
[701.869641] (-) TimerEvent: {}
[701.970261] (-) TimerEvent: {}
[702.070831] (-) TimerEvent: {}
[702.171472] (-) TimerEvent: {}
[702.272090] (-) TimerEvent: {}
[702.372769] (-) TimerEvent: {}
[702.473364] (-) TimerEvent: {}
[702.573980] (-) TimerEvent: {}
[702.674590] (-) TimerEvent: {}
[702.775316] (-) TimerEvent: {}
[702.876351] (-) TimerEvent: {}
[702.977378] (-) TimerEvent: {}
[703.078436] (-) TimerEvent: {}
[703.179555] (-) TimerEvent: {}
[703.280616] (-) TimerEvent: {}
[703.382961] (-) TimerEvent: {}
[703.484077] (-) TimerEvent: {}
[703.585079] (-) TimerEvent: {}
[703.686026] (-) TimerEvent: {}
[703.787065] (-) TimerEvent: {}
[703.888106] (-) TimerEvent: {}
[703.989202] (-) TimerEvent: {}
[704.090179] (-) TimerEvent: {}
[704.191205] (-) TimerEvent: {}
[704.292290] (-) TimerEvent: {}
[704.393771] (-) TimerEvent: {}
[704.494705] (-) TimerEvent: {}
[704.595874] (-) TimerEvent: {}
[704.696919] (-) TimerEvent: {}
[704.798495] (-) TimerEvent: {}
[704.903203] (-) TimerEvent: {}
[705.004148] (-) TimerEvent: {}
[705.104813] (-) TimerEvent: {}
[705.205631] (-) TimerEvent: {}
[705.306278] (-) TimerEvent: {}
[705.406895] (-) TimerEvent: {}
[705.507537] (-) TimerEvent: {}
[705.608115] (-) TimerEvent: {}
[705.708711] (-) TimerEvent: {}
[707.912651] (-) TimerEvent: {}
[708.013582] (-) TimerEvent: {}
[708.114189] (-) TimerEvent: {}
[708.215131] (-) TimerEvent: {}
[708.315741] (-) TimerEvent: {}
[708.416676] (-) TimerEvent: {}
[708.517304] (-) TimerEvent: {}
[708.617927] (-) TimerEvent: {}
[708.718530] (-) TimerEvent: {}
[708.819112] (-) TimerEvent: {}
[708.919688] (-) TimerEvent: {}
[709.020409] (-) TimerEvent: {}
[709.121430] (-) TimerEvent: {}
[709.222042] (-) TimerEvent: {}
[709.323071] (-) TimerEvent: {}
[709.423748] (-) TimerEvent: {}
[709.524358] (-) TimerEvent: {}
[709.624949] (-) TimerEvent: {}
[709.725523] (-) TimerEvent: {}
[709.826082] (-) TimerEvent: {}
[709.926735] (-) TimerEvent: {}
[710.027788] (-) TimerEvent: {}
[710.128864] (-) TimerEvent: {}
[710.230025] (-) TimerEvent: {}
[710.331007] (-) TimerEvent: {}
[710.431915] (-) TimerEvent: {}
[710.532893] (-) TimerEvent: {}
[710.633816] (-) TimerEvent: {}
[710.734907] (-) TimerEvent: {}
[710.835886] (-) TimerEvent: {}
[713.415700] (-) TimerEvent: {}
[713.516652] (-) TimerEvent: {}
[713.617277] (-) TimerEvent: {}
[713.717800] (-) TimerEvent: {}
[713.818362] (-) TimerEvent: {}
[713.918914] (-) TimerEvent: {}
[714.019567] (-) TimerEvent: {}
[714.120197] (-) TimerEvent: {}
[714.220835] (-) TimerEvent: {}
[714.321451] (-) TimerEvent: {}
[714.422057] (-) TimerEvent: {}
[714.522665] (-) TimerEvent: {}
[714.623343] (-) TimerEvent: {}
[714.723970] (-) TimerEvent: {}
[714.824598] (-) TimerEvent: {}
[714.925195] (-) TimerEvent: {}
[715.025795] (-) TimerEvent: {}
[715.126397] (-) TimerEvent: {}
[715.227012] (-) TimerEvent: {}
[715.327581] (-) TimerEvent: {}
[715.428135] (-) TimerEvent: {}
[715.528699] (-) TimerEvent: {}
[715.629291] (-) TimerEvent: {}
[715.729881] (-) TimerEvent: {}
[715.830451] (-) TimerEvent: {}
[715.931046] (-) TimerEvent: {}
[716.031646] (-) TimerEvent: {}
[718.119179] (-) TimerEvent: {}
[718.219861] (-) TimerEvent: {}
[718.320451] (-) TimerEvent: {}
[718.421022] (-) TimerEvent: {}
[718.522414] (-) TimerEvent: {}
[718.623775] (-) TimerEvent: {}
[718.724397] (-) TimerEvent: {}
[718.824975] (-) TimerEvent: {}
[718.925559] (-) TimerEvent: {}
[719.026241] (-) TimerEvent: {}
[719.126849] (-) TimerEvent: {}
[719.227475] (-) TimerEvent: {}
[719.328058] (-) TimerEvent: {}
[719.428620] (-) TimerEvent: {}
[719.529211] (-) TimerEvent: {}
[719.629800] (-) TimerEvent: {}
[719.730372] (-) TimerEvent: {}
[719.830982] (-) TimerEvent: {}
[719.931543] (-) TimerEvent: {}
[720.032130] (-) TimerEvent: {}
[720.132688] (-) TimerEvent: {}
[720.233253] (-) TimerEvent: {}
[720.333847] (-) TimerEvent: {}
[720.434431] (-) TimerEvent: {}
[720.535024] (-) TimerEvent: {}
[720.635602] (-) TimerEvent: {}
[720.736177] (-) TimerEvent: {}
[720.836761] (-) TimerEvent: {}
[720.937331] (-) TimerEvent: {}
[721.037889] (-) TimerEvent: {}
[724.629683] (-) TimerEvent: {}
[724.730659] (-) TimerEvent: {}
[724.831729] (-) TimerEvent: {}
[724.932802] (-) TimerEvent: {}
[725.033968] (-) TimerEvent: {}
[725.135096] (-) TimerEvent: {}
[725.236127] (-) TimerEvent: {}
[725.337295] (-) TimerEvent: {}
[725.438454] (-) TimerEvent: {}
[725.539463] (-) TimerEvent: {}
[725.640515] (-) TimerEvent: {}
[725.741949] (-) TimerEvent: {}
[725.842948] (-) TimerEvent: {}
[725.944161] (-) TimerEvent: {}
[726.045339] (-) TimerEvent: {}
[726.146422] (-) TimerEvent: {}
[726.247551] (-) TimerEvent: {}
[726.348536] (-) TimerEvent: {}
[726.449511] (-) TimerEvent: {}
[726.550403] (-) TimerEvent: {}
[726.651577] (-) TimerEvent: {}
[726.752618] (-) TimerEvent: {}
[726.853545] (-) TimerEvent: {}
[726.954841] (-) TimerEvent: {}
[727.055836] (-) TimerEvent: {}
[727.156855] (-) TimerEvent: {}
[727.257825] (-) TimerEvent: {}
[728.424129] (-) TimerEvent: {}
[728.525083] (-) TimerEvent: {}
[728.625745] (-) TimerEvent: {}
[728.726523] (-) TimerEvent: {}
[728.827460] (-) TimerEvent: {}
[728.928074] (-) TimerEvent: {}
[729.028643] (-) TimerEvent: {}
[729.129286] (-) TimerEvent: {}
[729.230175] (-) TimerEvent: {}
[729.330789] (-) TimerEvent: {}
[729.431425] (-) TimerEvent: {}
[729.532002] (-) TimerEvent: {}
[729.632582] (-) TimerEvent: {}
[729.733170] (-) TimerEvent: {}
[729.833807] (-) TimerEvent: {}
[729.934394] (-) TimerEvent: {}
[730.035341] (-) TimerEvent: {}
[730.136221] (-) TimerEvent: {}
[730.236811] (-) TimerEvent: {}
[730.337420] (-) TimerEvent: {}
[730.438175] (-) TimerEvent: {}
[730.539199] (-) TimerEvent: {}
[730.639824] (-) TimerEvent: {}
[730.740417] (-) TimerEvent: {}
[730.840998] (-) TimerEvent: {}
[730.941598] (-) TimerEvent: {}
[731.042177] (-) TimerEvent: {}
[731.142761] (-) TimerEvent: {}
[731.243365] (-) TimerEvent: {}
[731.343966] (-) TimerEvent: {}
[731.444558] (-) TimerEvent: {}
[731.545156] (-) TimerEvent: {}
[731.645747] (-) TimerEvent: {}
[731.746318] (-) TimerEvent: {}
[731.846911] (-) TimerEvent: {}
[731.947528] (-) TimerEvent: {}
[732.048144] (-) TimerEvent: {}
[732.148764] (-) TimerEvent: {}
[732.249333] (-) TimerEvent: {}
[732.349928] (-) TimerEvent: {}
[732.805986] (-) TimerEvent: {}
[732.906886] (-) TimerEvent: {}
[733.007507] (-) TimerEvent: {}
[733.108099] (-) TimerEvent: {}
[733.208693] (-) TimerEvent: {}
[733.309290] (-) TimerEvent: {}
[733.409871] (-) TimerEvent: {}
[733.510547] (-) TimerEvent: {}
[733.611638] (-) TimerEvent: {}
[733.713060] (-) TimerEvent: {}
[733.814100] (-) TimerEvent: {}
[733.915101] (-) TimerEvent: {}
[734.016079] (-) TimerEvent: {}
[734.117058] (-) TimerEvent: {}
[734.218123] (-) TimerEvent: {}
[734.319174] (-) TimerEvent: {}
[734.420143] (-) TimerEvent: {}
[734.521156] (-) TimerEvent: {}
[734.622244] (-) TimerEvent: {}
[734.723326] (-) TimerEvent: {}
[734.824186] (-) TimerEvent: {}
[734.925202] (-) TimerEvent: {}
[735.026265] (-) TimerEvent: {}
[735.127325] (-) TimerEvent: {}
[735.228330] (-) TimerEvent: {}
[735.329401] (-) TimerEvent: {}
[735.430413] (-) TimerEvent: {}
[735.531533] (-) TimerEvent: {}
[735.632615] (-) TimerEvent: {}
[735.733636] (-) TimerEvent: {}
[735.834752] (-) TimerEvent: {}
[735.935896] (-) TimerEvent: {}
[736.036877] (-) TimerEvent: {}
[736.137851] (-) TimerEvent: {}
[736.238938] (-) TimerEvent: {}
[736.340066] (-) TimerEvent: {}
[736.441158] (-) TimerEvent: {}
[736.542299] (-) TimerEvent: {}
[736.643403] (-) TimerEvent: {}
[736.744349] (-) TimerEvent: {}
[736.845398] (-) TimerEvent: {}
[736.946394] (-) TimerEvent: {}
[737.047494] (-) TimerEvent: {}
[737.148514] (-) TimerEvent: {}
[737.249670] (-) TimerEvent: {}
[737.350729] (-) TimerEvent: {}
[737.451772] (-) TimerEvent: {}
[738.634658] (-) TimerEvent: {}
[738.735625] (-) TimerEvent: {}
[738.836586] (-) TimerEvent: {}
[738.937408] (-) TimerEvent: {}
[739.038014] (-) TimerEvent: {}
[739.138582] (-) TimerEvent: {}
[739.239202] (-) TimerEvent: {}
[739.339779] (-) TimerEvent: {}
[739.440367] (-) TimerEvent: {}
[739.540928] (-) TimerEvent: {}
[739.641523] (-) TimerEvent: {}
[739.742116] (-) TimerEvent: {}
[739.842697] (-) TimerEvent: {}
[739.943281] (-) TimerEvent: {}
[740.421790] (-) TimerEvent: {}
[740.522522] (-) TimerEvent: {}
[740.624021] (-) TimerEvent: {}
[740.724886] (-) TimerEvent: {}
[740.825454] (-) TimerEvent: {}
[740.926021] (-) TimerEvent: {}
[741.026583] (-) TimerEvent: {}
[741.127126] (-) TimerEvent: {}
[741.227692] (-) TimerEvent: {}
[741.328257] (-) TimerEvent: {}
[741.428817] (-) TimerEvent: {}
[741.529386] (-) TimerEvent: {}
[741.630268] (-) TimerEvent: {}
[741.731427] (-) TimerEvent: {}
[741.832099] (-) TimerEvent: {}
[741.932733] (-) TimerEvent: {}
[742.033355] (-) TimerEvent: {}
[742.133957] (-) TimerEvent: {}
[742.234562] (-) TimerEvent: {}
[742.335192] (-) TimerEvent: {}
[742.435841] (-) TimerEvent: {}
[742.536688] (-) TimerEvent: {}
[742.637287] (-) TimerEvent: {}
[742.737913] (-) TimerEvent: {}
[742.838547] (-) TimerEvent: {}
[742.939127] (-) TimerEvent: {}
[743.039707] (-) TimerEvent: {}
[743.140278] (-) TimerEvent: {}
[743.240865] (-) TimerEvent: {}
[743.341458] (-) TimerEvent: {}
[743.442054] (-) TimerEvent: {}
[743.542631] (-) TimerEvent: {}
[743.643246] (-) TimerEvent: {}
[743.743869] (-) TimerEvent: {}
[743.844846] (-) TimerEvent: {}
[743.945541] (-) TimerEvent: {}
[744.046952] (-) TimerEvent: {}
[744.147944] (-) TimerEvent: {}
[744.248839] (-) TimerEvent: {}
[744.349751] (-) TimerEvent: {}
[744.450753] (-) TimerEvent: {}
[744.551798] (-) TimerEvent: {}
[744.652945] (-) TimerEvent: {}
[744.753590] (-) TimerEvent: {}
[744.854318] (-) TimerEvent: {}
[744.954941] (-) TimerEvent: {}
[745.055565] (-) TimerEvent: {}
[745.156163] (-) TimerEvent: {}
[745.256755] (-) TimerEvent: {}
[745.357357] (-) TimerEvent: {}
[745.457916] (-) TimerEvent: {}
[745.558512] (-) TimerEvent: {}
[746.602068] (-) TimerEvent: {}
[746.702941] (-) TimerEvent: {}
[746.803820] (-) TimerEvent: {}
[746.904429] (-) TimerEvent: {}
[747.005039] (-) TimerEvent: {}
[747.105586] (-) TimerEvent: {}
[747.206153] (-) TimerEvent: {}
[747.306718] (-) TimerEvent: {}
[747.407560] (-) TimerEvent: {}
[747.508171] (-) TimerEvent: {}
[747.608986] (-) TimerEvent: {}
[747.709600] (-) TimerEvent: {}
[747.810209] (-) TimerEvent: {}
[747.910772] (-) TimerEvent: {}
[748.011329] (-) TimerEvent: {}
[748.111877] (-) TimerEvent: {}
[748.212412] (-) TimerEvent: {}
[748.312956] (-) TimerEvent: {}
[748.413506] (-) TimerEvent: {}
[748.514077] (-) TimerEvent: {}
[748.614608] (-) TimerEvent: {}
[748.715199] (-) TimerEvent: {}
[748.815802] (-) TimerEvent: {}
[748.916853] (-) TimerEvent: {}
[749.017797] (-) TimerEvent: {}
[749.118420] (-) TimerEvent: {}
[749.219452] (-) TimerEvent: {}
[749.320074] (-) TimerEvent: {}
[749.420671] (-) TimerEvent: {}
[749.521427] (-) TimerEvent: {}
[749.622396] (-) TimerEvent: {}
[749.723324] (-) TimerEvent: {}
[749.824166] (-) TimerEvent: {}
[749.925376] (-) TimerEvent: {}
[750.026319] (-) TimerEvent: {}
[750.127388] (-) TimerEvent: {}
[750.228386] (-) TimerEvent: {}
[750.329349] (-) TimerEvent: {}
[750.430272] (-) TimerEvent: {}
[750.531073] (-) TimerEvent: {}
[750.632027] (-) TimerEvent: {}
[750.733002] (-) TimerEvent: {}
[750.833974] (-) TimerEvent: {}
[750.934875] (-) TimerEvent: {}
[751.035934] (-) TimerEvent: {}
[751.136856] (-) TimerEvent: {}
[751.237848] (-) TimerEvent: {}
[751.338695] (-) TimerEvent: {}
[751.439760] (-) TimerEvent: {}
[751.540629] (-) TimerEvent: {}
[751.641623] (-) TimerEvent: {}
[751.742725] (-) TimerEvent: {}
[751.844024] (-) TimerEvent: {}
[751.945040] (-) TimerEvent: {}
[752.045908] (-) TimerEvent: {}
[752.146938] (-) TimerEvent: {}
[752.248023] (-) TimerEvent: {}
[752.349239] (-) TimerEvent: {}
[752.450173] (-) TimerEvent: {}
[752.551268] (-) TimerEvent: {}
[752.652393] (-) TimerEvent: {}
[752.753512] (-) TimerEvent: {}
[752.854672] (-) TimerEvent: {}
[752.955605] (-) TimerEvent: {}
[753.056495] (-) TimerEvent: {}
[753.157382] (-) TimerEvent: {}
[753.257966] (-) TimerEvent: {}
[753.358542] (-) TimerEvent: {}
[753.459132] (-) TimerEvent: {}
[753.559767] (-) TimerEvent: {}
[753.660368] (-) TimerEvent: {}
[753.761031] (-) TimerEvent: {}
[753.862034] (-) TimerEvent: {}
[753.963201] (-) TimerEvent: {}
[754.075014] (-) TimerEvent: {}
[754.175612] (-) TimerEvent: {}
[754.276177] (-) TimerEvent: {}
[754.376797] (-) TimerEvent: {}
[754.477739] (-) TimerEvent: {}
[754.578419] (-) TimerEvent: {}
[754.679377] (-) TimerEvent: {}
[754.780236] (-) TimerEvent: {}
[754.881020] (-) TimerEvent: {}
[754.981653] (-) TimerEvent: {}
[755.082272] (-) TimerEvent: {}
[755.182878] (-) TimerEvent: {}
[755.283514] (-) TimerEvent: {}
[755.384124] (-) TimerEvent: {}
[755.484732] (-) TimerEvent: {}
[755.585357] (-) TimerEvent: {}
[755.686220] (-) TimerEvent: {}
[755.787303] (-) TimerEvent: {}
[755.888163] (-) TimerEvent: {}
[755.988787] (-) TimerEvent: {}
[756.089405] (-) TimerEvent: {}
[756.190009] (-) TimerEvent: {}
[756.290590] (-) TimerEvent: {}
[756.391206] (-) TimerEvent: {}
[756.491824] (-) TimerEvent: {}
[756.592404] (-) TimerEvent: {}
[756.692987] (-) TimerEvent: {}
[756.793558] (-) TimerEvent: {}
[756.894157] (-) TimerEvent: {}
[756.994754] (-) TimerEvent: {}
[757.095357] (-) TimerEvent: {}
[757.195929] (-) TimerEvent: {}
[757.296493] (-) TimerEvent: {}
[757.397045] (-) TimerEvent: {}
[757.497579] (-) TimerEvent: {}
[757.598144] (-) TimerEvent: {}
[757.698731] (-) TimerEvent: {}
[757.799359] (-) TimerEvent: {}
[757.899940] (-) TimerEvent: {}
[758.000523] (-) TimerEvent: {}
[758.101174] (-) TimerEvent: {}
[758.202180] (-) TimerEvent: {}
[758.303295] (-) TimerEvent: {}
[758.404114] (-) TimerEvent: {}
[758.505071] (-) TimerEvent: {}
[758.606072] (-) TimerEvent: {}
[758.707187] (-) TimerEvent: {}
[758.808192] (-) TimerEvent: {}
[758.909225] (-) TimerEvent: {}
[759.010159] (-) TimerEvent: {}
[759.530953] (-) TimerEvent: {}
[759.631875] (-) TimerEvent: {}
[759.733492] (-) TimerEvent: {}
[759.834523] (-) TimerEvent: {}
[759.935572] (-) TimerEvent: {}
[760.036566] (-) TimerEvent: {}
[760.137605] (-) TimerEvent: {}
[760.238571] (-) TimerEvent: {}
[760.339576] (-) TimerEvent: {}
[760.440515] (-) TimerEvent: {}
[760.541543] (-) TimerEvent: {}
[760.642514] (-) TimerEvent: {}
[760.743532] (-) TimerEvent: {}
[760.844482] (-) TimerEvent: {}
[760.945444] (-) TimerEvent: {}
[761.046404] (-) TimerEvent: {}
[761.147387] (-) TimerEvent: {}
[761.248529] (-) TimerEvent: {}
[761.349565] (-) TimerEvent: {}
[761.450645] (-) TimerEvent: {}
[761.551993] (-) TimerEvent: {}
[761.653520] (-) TimerEvent: {}
[761.754502] (-) TimerEvent: {}
[761.855303] (-) TimerEvent: {}
[766.626598] (-) TimerEvent: {}
[766.728170] (-) TimerEvent: {}
[766.828836] (-) TimerEvent: {}
[766.929463] (-) TimerEvent: {}
[767.030108] (-) TimerEvent: {}
[767.130738] (-) TimerEvent: {}
[767.231400] (-) TimerEvent: {}
[767.332012] (-) TimerEvent: {}
[767.432579] (-) TimerEvent: {}
[767.533177] (-) TimerEvent: {}
[767.633867] (-) TimerEvent: {}
[767.734543] (-) TimerEvent: {}
[767.835256] (-) TimerEvent: {}
[767.935881] (-) TimerEvent: {}
[768.036493] (-) TimerEvent: {}
[768.137116] (-) TimerEvent: {}
[768.237731] (-) TimerEvent: {}
[768.338359] (-) TimerEvent: {}
[768.438960] (-) TimerEvent: {}
[768.539592] (-) TimerEvent: {}
[768.640199] (-) TimerEvent: {}
[768.740822] (-) TimerEvent: {}
[768.841428] (-) TimerEvent: {}
[768.942048] (-) TimerEvent: {}
[769.042657] (-) TimerEvent: {}
[769.143348] (-) TimerEvent: {}
[769.491584] (-) TimerEvent: {}
[769.592424] (-) TimerEvent: {}
[769.693712] (-) TimerEvent: {}
[769.795308] (-) TimerEvent: {}
[769.896143] (-) TimerEvent: {}
[769.996860] (-) TimerEvent: {}
[770.097656] (-) TimerEvent: {}
[770.198553] (-) TimerEvent: {}
[770.299298] (-) TimerEvent: {}
[770.399998] (-) TimerEvent: {}
[770.501126] (-) TimerEvent: {}
[770.601928] (-) TimerEvent: {}
[770.703021] (-) TimerEvent: {}
[770.803905] (-) TimerEvent: {}
[770.904805] (-) TimerEvent: {}
[771.005711] (-) TimerEvent: {}
[771.106691] (-) TimerEvent: {}
[771.207364] (-) TimerEvent: {}
[771.307941] (-) TimerEvent: {}
[771.409045] (-) TimerEvent: {}
[771.509660] (-) TimerEvent: {}
[771.610570] (-) TimerEvent: {}
[771.711313] (-) TimerEvent: {}
[771.812359] (-) TimerEvent: {}
[771.913364] (-) TimerEvent: {}
[772.014638] (-) TimerEvent: {}
[772.116146] (-) TimerEvent: {}
[772.217374] (-) TimerEvent: {}
[772.317984] (-) TimerEvent: {}
[772.418594] (-) TimerEvent: {}
[772.519234] (-) TimerEvent: {}
[772.619864] (-) TimerEvent: {}
[772.720475] (-) TimerEvent: {}
[772.821082] (-) TimerEvent: {}
[772.921691] (-) TimerEvent: {}
[773.022309] (-) TimerEvent: {}
[773.123082] (-) TimerEvent: {}
[773.223706] (-) TimerEvent: {}
[773.324328] (-) TimerEvent: {}
[773.424947] (-) TimerEvent: {}
[773.525567] (-) TimerEvent: {}
[773.626265] (-) TimerEvent: {}
[773.727896] (-) TimerEvent: {}
[773.828990] (-) TimerEvent: {}
[773.929837] (-) TimerEvent: {}
[774.030720] (-) TimerEvent: {}
[774.131778] (-) TimerEvent: {}
[774.232459] (-) TimerEvent: {}
[774.333054] (-) TimerEvent: {}
[774.433647] (-) TimerEvent: {}
[774.534270] (-) TimerEvent: {}
[774.634894] (-) TimerEvent: {}
[774.735894] (-) TimerEvent: {}
[774.836579] (-) TimerEvent: {}
[774.937897] (-) TimerEvent: {}
[775.038582] (-) TimerEvent: {}
[775.139942] (-) TimerEvent: {}
[775.242618] (-) TimerEvent: {}
[775.343320] (-) TimerEvent: {}
[775.444430] (-) TimerEvent: {}
[775.545602] (-) TimerEvent: {}
[775.646313] (-) TimerEvent: {}
[775.747341] (-) TimerEvent: {}
[775.848084] (-) TimerEvent: {}
[775.949016] (-) TimerEvent: {}
[776.050025] (-) TimerEvent: {}
[776.151175] (-) TimerEvent: {}
[776.251757] (-) TimerEvent: {}
[776.352625] (-) TimerEvent: {}
[776.453444] (-) TimerEvent: {}
[776.554043] (-) TimerEvent: {}
[776.654635] (-) TimerEvent: {}
[776.755541] (-) TimerEvent: {}
[776.856160] (-) TimerEvent: {}
[776.957227] (-) TimerEvent: {}
[777.059959] (-) TimerEvent: {}
[777.160750] (-) TimerEvent: {}
[777.261716] (-) TimerEvent: {}
[777.362648] (-) TimerEvent: {}
[777.463923] (-) TimerEvent: {}
[777.564903] (-) TimerEvent: {}
[777.665987] (-) TimerEvent: {}
[777.767060] (-) TimerEvent: {}
[777.868145] (-) TimerEvent: {}
[777.969121] (-) TimerEvent: {}
[778.070188] (-) TimerEvent: {}
[778.171267] (-) TimerEvent: {}
[778.272463] (-) TimerEvent: {}
[778.373791] (-) TimerEvent: {}
[778.474928] (-) TimerEvent: {}
[778.576566] (-) TimerEvent: {}
[778.677608] (-) TimerEvent: {}
[778.779219] (-) TimerEvent: {}
[778.880359] (-) TimerEvent: {}
[778.981596] (-) TimerEvent: {}
[779.082653] (-) TimerEvent: {}
[779.183866] (-) TimerEvent: {}
[779.305653] (-) TimerEvent: {}
[779.406387] (-) TimerEvent: {}
[779.507378] (-) TimerEvent: {}
[779.608362] (-) TimerEvent: {}
[779.709166] (-) TimerEvent: {}
[779.810108] (-) TimerEvent: {}
[779.911106] (-) TimerEvent: {}
[780.012142] (-) TimerEvent: {}
[780.112755] (-) TimerEvent: {}
[780.213736] (-) TimerEvent: {}
[780.314807] (-) TimerEvent: {}
[780.416195] (-) TimerEvent: {}
[780.518218] (-) TimerEvent: {}
[780.619238] (-) TimerEvent: {}
[780.720803] (-) TimerEvent: {}
[780.822144] (-) TimerEvent: {}
[780.922959] (-) TimerEvent: {}
[781.024831] (-) TimerEvent: {}
[781.126173] (-) TimerEvent: {}
[781.228280] (-) TimerEvent: {}
[781.329113] (-) TimerEvent: {}
[781.429687] (-) TimerEvent: {}
[781.530594] (-) TimerEvent: {}
[781.631269] (-) TimerEvent: {}
[781.731905] (-) TimerEvent: {}
[781.832515] (-) TimerEvent: {}
[781.933116] (-) TimerEvent: {}
[782.033746] (-) TimerEvent: {}
[782.134355] (-) TimerEvent: {}
[782.234937] (-) TimerEvent: {}
[782.335572] (-) TimerEvent: {}
[782.436150] (-) TimerEvent: {}
[782.536750] (-) TimerEvent: {}
[782.637356] (-) TimerEvent: {}
[782.737931] (-) TimerEvent: {}
[782.838515] (-) TimerEvent: {}
[782.939093] (-) TimerEvent: {}
[783.039658] (-) TimerEvent: {}
[783.140232] (-) TimerEvent: {}
[783.240802] (-) TimerEvent: {}
[783.341400] (-) TimerEvent: {}
[783.442226] (-) TimerEvent: {}
[783.542841] (-) TimerEvent: {}
[783.643684] (-) TimerEvent: {}
[783.744305] (-) TimerEvent: {}
[783.844931] (-) TimerEvent: {}
[783.945539] (-) TimerEvent: {}
[784.046346] (-) TimerEvent: {}
[784.146950] (-) TimerEvent: {}
[784.247754] (-) TimerEvent: {}
[784.348388] (-) TimerEvent: {}
[787.312880] (-) TimerEvent: {}
[787.413748] (-) TimerEvent: {}
[787.514772] (-) TimerEvent: {}
[787.615923] (-) TimerEvent: {}
[787.716944] (-) TimerEvent: {}
[787.818006] (-) TimerEvent: {}
[787.919036] (-) TimerEvent: {}
[788.020031] (-) TimerEvent: {}
[788.121015] (-) TimerEvent: {}
[788.221984] (-) TimerEvent: {}
[788.323460] (-) TimerEvent: {}
[788.424450] (-) TimerEvent: {}
[788.525434] (-) TimerEvent: {}
[788.626402] (-) TimerEvent: {}
[788.727493] (-) TimerEvent: {}
[788.828569] (-) TimerEvent: {}
[788.929700] (-) TimerEvent: {}
[789.030746] (-) TimerEvent: {}
[789.131828] (-) TimerEvent: {}
[789.232614] (-) TimerEvent: {}
[789.333394] (-) TimerEvent: {}
[789.434148] (-) TimerEvent: {}
[789.535041] (-) TimerEvent: {}
[789.641488] (-) TimerEvent: {}
[789.657187] (opentera_webrtc_ros) StdoutLine: {'line': b'[ 78%] Built target opentera_webrtc_ros_data_channel_bridge\n'}
[789.817325] (-) TimerEvent: {}
[789.918562] (-) TimerEvent: {}
[790.019428] (-) TimerEvent: {}
[790.121462] (-) TimerEvent: {}
[790.222312] (-) TimerEvent: {}
[790.323370] (-) TimerEvent: {}
[790.424484] (-) TimerEvent: {}
[790.525280] (-) TimerEvent: {}
[790.626236] (-) TimerEvent: {}
[790.727638] (-) TimerEvent: {}
[790.828770] (-) TimerEvent: {}
[790.929606] (-) TimerEvent: {}
[791.030506] (-) TimerEvent: {}
[791.131476] (-) TimerEvent: {}
[791.232476] (-) TimerEvent: {}
[791.333374] (-) TimerEvent: {}
[791.434298] (-) TimerEvent: {}
[791.535503] (-) TimerEvent: {}
[791.715035] (-) TimerEvent: {}
[791.815946] (-) TimerEvent: {}
[791.917058] (-) TimerEvent: {}
[792.017934] (-) TimerEvent: {}
[792.119095] (-) TimerEvent: {}
[792.219955] (-) TimerEvent: {}
[792.320957] (-) TimerEvent: {}
[792.421810] (-) TimerEvent: {}
[792.522826] (-) TimerEvent: {}
[792.623861] (-) TimerEvent: {}
[792.724875] (-) TimerEvent: {}
[792.825821] (-) TimerEvent: {}
[792.926931] (-) TimerEvent: {}
[793.028004] (-) TimerEvent: {}
[793.128922] (-) TimerEvent: {}
[793.229831] (-) TimerEvent: {}
[793.330729] (-) TimerEvent: {}
[793.431886] (-) TimerEvent: {}
[793.532977] (-) TimerEvent: {}
[793.633908] (-) TimerEvent: {}
[793.734876] (-) TimerEvent: {}
[793.835890] (-) TimerEvent: {}
[793.936786] (-) TimerEvent: {}
[794.038375] (-) TimerEvent: {}
[794.139356] (-) TimerEvent: {}
[794.239978] (-) TimerEvent: {}
[794.340624] (-) TimerEvent: {}
[794.441242] (-) TimerEvent: {}
[794.541912] (-) TimerEvent: {}
[794.642566] (-) TimerEvent: {}
[794.743281] (-) TimerEvent: {}
[794.843879] (-) TimerEvent: {}
[794.944498] (-) TimerEvent: {}
[795.045109] (-) TimerEvent: {}
[795.145715] (-) TimerEvent: {}
[795.246395] (-) TimerEvent: {}
[795.347132] (-) TimerEvent: {}
[795.447773] (-) TimerEvent: {}
[795.548395] (-) TimerEvent: {}
[795.648998] (-) TimerEvent: {}
[795.749586] (-) TimerEvent: {}
[795.850186] (-) TimerEvent: {}
[795.950773] (-) TimerEvent: {}
[796.051381] (-) TimerEvent: {}
[796.151994] (-) TimerEvent: {}
[796.252599] (-) TimerEvent: {}
[796.353195] (-) TimerEvent: {}
[796.453774] (-) TimerEvent: {}
[796.554958] (-) TimerEvent: {}
[796.655678] (-) TimerEvent: {}
[796.756323] (-) TimerEvent: {}
[796.857212] (-) TimerEvent: {}
[796.957836] (-) TimerEvent: {}
[797.058793] (-) TimerEvent: {}
[797.160029] (-) TimerEvent: {}
[797.260674] (-) TimerEvent: {}
[797.361324] (-) TimerEvent: {}
[797.462014] (-) TimerEvent: {}
[797.563005] (-) TimerEvent: {}
[797.663669] (-) TimerEvent: {}
[797.764342] (-) TimerEvent: {}
[797.865013] (-) TimerEvent: {}
[797.965660] (-) TimerEvent: {}
[798.066340] (-) TimerEvent: {}
[798.166999] (-) TimerEvent: {}
[798.268167] (-) TimerEvent: {}
[798.369027] (-) TimerEvent: {}
[798.469613] (-) TimerEvent: {}
[798.570525] (-) TimerEvent: {}
[798.671156] (-) TimerEvent: {}
[798.771841] (-) TimerEvent: {}
[798.872427] (-) TimerEvent: {}
[798.972986] (-) TimerEvent: {}
[799.073583] (-) TimerEvent: {}
[799.174298] (-) TimerEvent: {}
[799.275519] (-) TimerEvent: {}
[799.377143] (-) TimerEvent: {}
[799.478695] (-) TimerEvent: {}
[799.579649] (-) TimerEvent: {}
[799.680530] (-) TimerEvent: {}
[799.781446] (-) TimerEvent: {}
[799.882407] (-) TimerEvent: {}
[799.983594] (-) TimerEvent: {}
[800.084473] (-) TimerEvent: {}
[800.185323] (-) TimerEvent: {}
[800.286219] (-) TimerEvent: {}
[800.387079] (-) TimerEvent: {}
[800.488029] (-) TimerEvent: {}
[800.589100] (-) TimerEvent: {}
[800.689951] (-) TimerEvent: {}
[800.790887] (-) TimerEvent: {}
[800.891885] (-) TimerEvent: {}
[800.992821] (-) TimerEvent: {}
[801.093929] (-) TimerEvent: {}
[801.194840] (-) TimerEvent: {}
[801.295836] (-) TimerEvent: {}
[801.396729] (-) TimerEvent: {}
[801.497670] (-) TimerEvent: {}
[801.598631] (-) TimerEvent: {}
[801.699635] (-) TimerEvent: {}
[801.800927] (-) TimerEvent: {}
[801.901884] (-) TimerEvent: {}
[802.002781] (-) TimerEvent: {}
[802.103741] (-) TimerEvent: {}
[802.204683] (-) TimerEvent: {}
[802.305617] (-) TimerEvent: {}
[802.406529] (-) TimerEvent: {}
[802.507961] (-) TimerEvent: {}
[802.608830] (-) TimerEvent: {}
[802.709771] (-) TimerEvent: {}
[802.810656] (-) TimerEvent: {}
[802.911634] (-) TimerEvent: {}
[803.012583] (-) TimerEvent: {}
[803.113553] (-) TimerEvent: {}
[803.214440] (-) TimerEvent: {}
[803.315361] (-) TimerEvent: {}
[803.416393] (-) TimerEvent: {}
[803.517182] (-) TimerEvent: {}
[803.618108] (-) TimerEvent: {}
[803.719053] (-) TimerEvent: {}
[803.819945] (-) TimerEvent: {}
[803.920848] (-) TimerEvent: {}
[804.021956] (-) TimerEvent: {}
[804.123331] (-) TimerEvent: {}
[804.224176] (-) TimerEvent: {}
[804.324964] (-) TimerEvent: {}
[804.425789] (-) TimerEvent: {}
[804.526696] (-) TimerEvent: {}
[804.627673] (-) TimerEvent: {}
[804.728552] (-) TimerEvent: {}
[804.829462] (-) TimerEvent: {}
[804.930415] (-) TimerEvent: {}
[805.031340] (-) TimerEvent: {}
[805.132140] (-) TimerEvent: {}
[805.232821] (-) TimerEvent: {}
[805.333427] (-) TimerEvent: {}
[805.434155] (-) TimerEvent: {}
[805.534930] (-) TimerEvent: {}
[805.635741] (-) TimerEvent: {}
[805.736581] (-) TimerEvent: {}
[805.837370] (-) TimerEvent: {}
[805.938292] (-) TimerEvent: {}
[806.039327] (-) TimerEvent: {}
[806.139942] (-) TimerEvent: {}
[806.240539] (-) TimerEvent: {}
[806.341165] (-) TimerEvent: {}
[806.442111] (-) TimerEvent: {}
[806.543000] (-) TimerEvent: {}
[806.647482] (-) TimerEvent: {}
[806.748423] (-) TimerEvent: {}
[806.849306] (-) TimerEvent: {}
[806.950459] (-) TimerEvent: {}
[807.051372] (-) TimerEvent: {}
[807.152470] (-) TimerEvent: {}
[807.253342] (-) TimerEvent: {}
[807.354252] (-) TimerEvent: {}
[807.454932] (-) TimerEvent: {}
[807.559372] (-) TimerEvent: {}
[807.659973] (-) TimerEvent: {}
[807.760598] (-) TimerEvent: {}
[807.861210] (-) TimerEvent: {}
[807.961834] (-) TimerEvent: {}
[808.062476] (-) TimerEvent: {}
[808.167381] (-) TimerEvent: {}
[808.268003] (-) TimerEvent: {}
[808.368603] (-) TimerEvent: {}
[808.469199] (-) TimerEvent: {}
[808.569791] (-) TimerEvent: {}
[808.670386] (-) TimerEvent: {}
[808.771023] (-) TimerEvent: {}
[808.871639] (-) TimerEvent: {}
[808.972239] (-) TimerEvent: {}
[809.072836] (-) TimerEvent: {}
[809.173433] (-) TimerEvent: {}
[809.274035] (-) TimerEvent: {}
[809.374631] (-) TimerEvent: {}
[809.475253] (-) TimerEvent: {}
[809.575844] (-) TimerEvent: {}
[809.676428] (-) TimerEvent: {}
[809.777058] (-) TimerEvent: {}
[809.877669] (-) TimerEvent: {}
[809.978329] (-) TimerEvent: {}
[810.079252] (-) TimerEvent: {}
[810.180254] (-) TimerEvent: {}
[810.281275] (-) TimerEvent: {}
[810.382372] (-) TimerEvent: {}
[810.483461] (-) TimerEvent: {}
[810.584438] (-) TimerEvent: {}
[810.685539] (-) TimerEvent: {}
[810.786724] (-) TimerEvent: {}
[810.887714] (-) TimerEvent: {}
[810.988689] (-) TimerEvent: {}
[811.089722] (-) TimerEvent: {}
[811.190692] (-) TimerEvent: {}
[811.292061] (-) TimerEvent: {}
[811.393133] (-) TimerEvent: {}
[811.494780] (-) TimerEvent: {}
[811.595822] (-) TimerEvent: {}
[811.697292] (-) TimerEvent: {}
[811.798362] (-) TimerEvent: {}
[811.899463] (-) TimerEvent: {}
[812.000559] (-) TimerEvent: {}
[814.769564] (-) TimerEvent: {}
[814.875250] (-) TimerEvent: {}
[814.976189] (-) TimerEvent: {}
[815.077155] (-) TimerEvent: {}
[815.179258] (-) TimerEvent: {}
[815.283631] (-) TimerEvent: {}
[815.384226] (-) TimerEvent: {}
[815.484876] (-) TimerEvent: {}
[815.585526] (-) TimerEvent: {}
[815.686201] (-) TimerEvent: {}
[815.786864] (-) TimerEvent: {}
[815.887626] (-) TimerEvent: {}
[815.988295] (-) TimerEvent: {}
[816.088950] (-) TimerEvent: {}
[816.189606] (-) TimerEvent: {}
[816.290252] (-) TimerEvent: {}
[816.391532] (-) TimerEvent: {}
[816.492142] (-) TimerEvent: {}
[816.593295] (-) TimerEvent: {}
[816.694300] (-) TimerEvent: {}
[816.795578] (-) TimerEvent: {}
[816.896670] (-) TimerEvent: {}
[816.997958] (-) TimerEvent: {}
[817.098933] (-) TimerEvent: {}
[817.199655] (-) TimerEvent: {}
[817.300930] (-) TimerEvent: {}
[817.401904] (-) TimerEvent: {}
[817.503164] (-) TimerEvent: {}
[817.604130] (-) TimerEvent: {}
[817.705357] (-) TimerEvent: {}
[817.806319] (-) TimerEvent: {}
[817.907045] (-) TimerEvent: {}
[818.008057] (-) TimerEvent: {}
[818.109057] (-) TimerEvent: {}
[818.210084] (-) TimerEvent: {}
[818.311121] (-) TimerEvent: {}
[818.412146] (-) TimerEvent: {}
[818.513175] (-) TimerEvent: {}
[818.614205] (-) TimerEvent: {}
[818.715475] (-) TimerEvent: {}
[818.816108] (-) TimerEvent: {}
[818.917344] (-) TimerEvent: {}
[819.018623] (-) TimerEvent: {}
[819.119681] (-) TimerEvent: {}
[819.220927] (-) TimerEvent: {}
[819.321887] (-) TimerEvent: {}
[819.422546] (-) TimerEvent: {}
[819.523835] (-) TimerEvent: {}
[819.624816] (-) TimerEvent: {}
[819.726069] (-) TimerEvent: {}
[819.827047] (-) TimerEvent: {}
[819.928269] (-) TimerEvent: {}
[820.029296] (-) TimerEvent: {}
[820.130327] (-) TimerEvent: {}
[820.231015] (-) TimerEvent: {}
[820.331665] (-) TimerEvent: {}
[820.432284] (-) TimerEvent: {}
[820.532898] (-) TimerEvent: {}
[820.633518] (-) TimerEvent: {}
[820.734135] (-) TimerEvent: {}
[820.834749] (-) TimerEvent: {}
[820.935410] (-) TimerEvent: {}
[821.036019] (-) TimerEvent: {}
[821.136635] (-) TimerEvent: {}
[821.237244] (-) TimerEvent: {}
[821.337854] (-) TimerEvent: {}
[821.438468] (-) TimerEvent: {}
[821.539128] (-) TimerEvent: {}
[821.639771] (-) TimerEvent: {}
[821.740405] (-) TimerEvent: {}
[821.841034] (-) TimerEvent: {}
[821.941656] (-) TimerEvent: {}
[822.042293] (-) TimerEvent: {}
[822.142921] (-) TimerEvent: {}
[822.243578] (-) TimerEvent: {}
[822.344192] (-) TimerEvent: {}
[822.444809] (-) TimerEvent: {}
[822.545417] (-) TimerEvent: {}
[822.646097] (-) TimerEvent: {}
[822.746902] (-) TimerEvent: {}
[822.848246] (-) TimerEvent: {}
[822.950639] (-) TimerEvent: {}
[823.052878] (-) TimerEvent: {}
[823.156455] (-) TimerEvent: {}
[823.258369] (-) TimerEvent: {}
[823.359895] (-) TimerEvent: {}
[823.461414] (-) TimerEvent: {}
[823.562461] (-) TimerEvent: {}
[823.663838] (-) TimerEvent: {}
[823.764863] (-) TimerEvent: {}
[823.866692] (-) TimerEvent: {}
[823.967706] (-) TimerEvent: {}
[824.069037] (-) TimerEvent: {}
[824.170293] (-) TimerEvent: {}
[824.271573] (-) TimerEvent: {}
[824.372432] (-) TimerEvent: {}
[824.473514] (-) TimerEvent: {}
[824.574373] (-) TimerEvent: {}
[824.676535] (-) TimerEvent: {}
[824.777352] (-) TimerEvent: {}
[824.878415] (-) TimerEvent: {}
[824.979265] (-) TimerEvent: {}
[825.080020] (-) TimerEvent: {}
[825.180838] (-) TimerEvent: {}
[825.281694] (-) TimerEvent: {}
[825.382728] (-) TimerEvent: {}
[825.483576] (-) TimerEvent: {}
[825.563073] (opentera_webrtc_ros) StdoutLine: {'line': b'[ 79%] \x1b[32mBuilding CXX object CMakeFiles/opentera_webrtc_ros_topic_streamer.dir/src/RosNodeParameters.cpp.o\x1b[0m\n'}
[825.583749] (-) TimerEvent: {}
[825.684433] (-) TimerEvent: {}
[825.785070] (-) TimerEvent: {}
[825.885695] (-) TimerEvent: {}
[825.986330] (-) TimerEvent: {}
[826.086947] (-) TimerEvent: {}
[826.187592] (-) TimerEvent: {}
[826.288199] (-) TimerEvent: {}
[826.388821] (-) TimerEvent: {}
[826.489434] (-) TimerEvent: {}
[826.590037] (-) TimerEvent: {}
[826.690644] (-) TimerEvent: {}
[826.791260] (-) TimerEvent: {}
[826.891885] (-) TimerEvent: {}
[826.992837] (-) TimerEvent: {}
[827.093726] (-) TimerEvent: {}
[827.194355] (-) TimerEvent: {}
[827.294998] (-) TimerEvent: {}
[827.395881] (-) TimerEvent: {}
[827.496561] (-) TimerEvent: {}
[827.597549] (-) TimerEvent: {}
[827.698206] (-) TimerEvent: {}
[827.799206] (-) TimerEvent: {}
[827.899954] (-) TimerEvent: {}
[828.000912] (-) TimerEvent: {}
[828.101931] (-) TimerEvent: {}
[828.202648] (-) TimerEvent: {}
[828.303405] (-) TimerEvent: {}
[828.404401] (-) TimerEvent: {}
[828.505150] (-) TimerEvent: {}
[828.606119] (-) TimerEvent: {}
[828.707036] (-) TimerEvent: {}
[828.807960] (-) TimerEvent: {}
[828.909017] (-) TimerEvent: {}
[829.009758] (-) TimerEvent: {}
[829.110663] (-) TimerEvent: {}
[829.211437] (-) TimerEvent: {}
[829.312203] (-) TimerEvent: {}
[829.412954] (-) TimerEvent: {}
[829.513714] (-) TimerEvent: {}
[829.614543] (-) TimerEvent: {}
[829.715265] (-) TimerEvent: {}
[829.815973] (-) TimerEvent: {}
[829.916773] (-) TimerEvent: {}
[830.017650] (-) TimerEvent: {}
[830.118332] (-) TimerEvent: {}
[830.219083] (-) TimerEvent: {}
[830.320187] (-) TimerEvent: {}
[830.420901] (-) TimerEvent: {}
[830.521913] (-) TimerEvent: {}
[830.622640] (-) TimerEvent: {}
[830.723665] (-) TimerEvent: {}
[830.824456] (-) TimerEvent: {}
[830.925450] (-) TimerEvent: {}
[831.026165] (-) TimerEvent: {}
[831.127188] (-) TimerEvent: {}
[831.227987] (-) TimerEvent: {}
[831.328964] (-) TimerEvent: {}
[831.429667] (-) TimerEvent: {}
[831.530692] (-) TimerEvent: {}
[831.631485] (-) TimerEvent: {}
[831.732485] (-) TimerEvent: {}
[831.833236] (-) TimerEvent: {}
[831.933952] (-) TimerEvent: {}
[832.035144] (-) TimerEvent: {}
[832.135953] (-) TimerEvent: {}
[832.236652] (-) TimerEvent: {}
[832.337354] (-) TimerEvent: {}
[832.438250] (-) TimerEvent: {}
[832.539032] (-) TimerEvent: {}
[832.639735] (-) TimerEvent: {}
[832.740432] (-) TimerEvent: {}
[832.841130] (-) TimerEvent: {}
[832.941826] (-) TimerEvent: {}
[833.042519] (-) TimerEvent: {}
[833.143259] (-) TimerEvent: {}
[833.244004] (-) TimerEvent: {}
[833.344760] (-) TimerEvent: {}
[833.445473] (-) TimerEvent: {}
[833.546178] (-) TimerEvent: {}
[833.646894] (-) TimerEvent: {}
[833.747604] (-) TimerEvent: {}
[833.848295] (-) TimerEvent: {}
[833.948996] (-) TimerEvent: {}
[834.049684] (-) TimerEvent: {}
[834.150404] (-) TimerEvent: {}
[834.251120] (-) TimerEvent: {}
[834.351816] (-) TimerEvent: {}
[834.452506] (-) TimerEvent: {}
[834.553227] (-) TimerEvent: {}
[834.653929] (-) TimerEvent: {}
[834.754607] (-) TimerEvent: {}
[834.855291] (-) TimerEvent: {}
[834.955986] (-) TimerEvent: {}
[835.056704] (-) TimerEvent: {}
[835.157474] (-) TimerEvent: {}
[835.258183] (-) TimerEvent: {}
[835.358881] (-) TimerEvent: {}
[835.459587] (-) TimerEvent: {}
[835.560279] (-) TimerEvent: {}
[835.660966] (-) TimerEvent: {}
[835.761639] (-) TimerEvent: {}
[835.862323] (-) TimerEvent: {}
[835.962946] (-) TimerEvent: {}
[836.064530] (-) TimerEvent: {}
[836.165896] (-) TimerEvent: {}
[836.266638] (-) TimerEvent: {}
[836.367392] (-) TimerEvent: {}
[836.468102] (-) TimerEvent: {}
[836.568844] (-) TimerEvent: {}
[836.669781] (-) TimerEvent: {}
[836.770566] (-) TimerEvent: {}
[836.871337] (-) TimerEvent: {}
[836.972102] (-) TimerEvent: {}
[837.073542] (-) TimerEvent: {}
[837.174417] (-) TimerEvent: {}
[837.275190] (-) TimerEvent: {}
[837.376002] (-) TimerEvent: {}
[837.476748] (-) TimerEvent: {}
[837.577516] (-) TimerEvent: {}
[837.678252] (-) TimerEvent: {}
[837.779027] (-) TimerEvent: {}
[837.879805] (-) TimerEvent: {}
[837.980721] (-) TimerEvent: {}
[838.081741] (-) TimerEvent: {}
[838.182481] (-) TimerEvent: {}
[838.283259] (-) TimerEvent: {}
[838.384117] (-) TimerEvent: {}
[838.484824] (-) TimerEvent: {}
[838.585547] (-) TimerEvent: {}
[838.686267] (-) TimerEvent: {}
[838.787405] (-) TimerEvent: {}
[838.888712] (-) TimerEvent: {}
[838.989417] (-) TimerEvent: {}
[839.090189] (-) TimerEvent: {}
[839.190897] (-) TimerEvent: {}
[839.291649] (-) TimerEvent: {}
[839.392341] (-) TimerEvent: {}
[839.493037] (-) TimerEvent: {}
[839.593671] (-) TimerEvent: {}
[839.695143] (-) TimerEvent: {}
[839.795822] (-) TimerEvent: {}
[839.882191] (opentera_webrtc_ros) StdoutLine: {'line': b'[ 80%] \x1b[32m\x1b[1mLinking CXX executable topic_streamer\x1b[0m\n'}
[839.896007] (-) TimerEvent: {}
[839.996690] (-) TimerEvent: {}
[840.097465] (-) TimerEvent: {}
[840.198355] (-) TimerEvent: {}
[840.299440] (-) TimerEvent: {}
[840.400532] (-) TimerEvent: {}
[840.501672] (-) TimerEvent: {}
[840.603118] (-) TimerEvent: {}
[840.703909] (-) TimerEvent: {}
[840.804580] (-) TimerEvent: {}
[840.905480] (-) TimerEvent: {}
[841.006501] (-) TimerEvent: {}
[841.107316] (-) TimerEvent: {}
[841.208071] (-) TimerEvent: {}
[841.308919] (-) TimerEvent: {}
[841.409654] (-) TimerEvent: {}
[841.510272] (-) TimerEvent: {}
[841.610876] (-) TimerEvent: {}
[841.711585] (-) TimerEvent: {}
[841.812240] (-) TimerEvent: {}
[841.912922] (-) TimerEvent: {}
[842.013582] (-) TimerEvent: {}
[842.114249] (-) TimerEvent: {}
[842.214953] (-) TimerEvent: {}
[842.315794] (-) TimerEvent: {}
[842.416435] (-) TimerEvent: {}
[842.517074] (-) TimerEvent: {}
[842.617692] (-) TimerEvent: {}
[842.718325] (-) TimerEvent: {}
[842.819023] (-) TimerEvent: {}
[842.919681] (-) TimerEvent: {}
[843.020367] (-) TimerEvent: {}
[843.121194] (-) TimerEvent: {}
[843.222490] (-) TimerEvent: {}
[843.323437] (-) TimerEvent: {}
[843.424179] (-) TimerEvent: {}
[843.525285] (-) TimerEvent: {}
[843.625926] (-) TimerEvent: {}
[843.726923] (-) TimerEvent: {}
[843.827621] (-) TimerEvent: {}
[843.928709] (-) TimerEvent: {}
[844.029460] (-) TimerEvent: {}
[844.130106] (-) TimerEvent: {}
[844.231114] (-) TimerEvent: {}
[844.331826] (-) TimerEvent: {}
[844.432557] (-) TimerEvent: {}
[844.533247] (-) TimerEvent: {}
[844.633902] (-) TimerEvent: {}
[844.734593] (-) TimerEvent: {}
[844.835418] (-) TimerEvent: {}
[844.936061] (-) TimerEvent: {}
[845.036758] (-) TimerEvent: {}
[845.137571] (-) TimerEvent: {}
[845.238405] (-) TimerEvent: {}
[845.339267] (-) TimerEvent: {}
[845.440037] (-) TimerEvent: {}
[845.540860] (-) TimerEvent: {}
[845.641453] (-) TimerEvent: {}
[845.742062] (-) TimerEvent: {}
[845.842839] (-) TimerEvent: {}
[845.943760] (-) TimerEvent: {}
[846.044519] (-) TimerEvent: {}
[846.145559] (-) TimerEvent: {}
[846.246209] (-) TimerEvent: {}
[846.347161] (-) TimerEvent: {}
[846.447826] (-) TimerEvent: {}
[846.549071] (-) TimerEvent: {}
[846.649769] (-) TimerEvent: {}
[846.750912] (-) TimerEvent: {}
[846.851781] (-) TimerEvent: {}
[846.952549] (-) TimerEvent: {}
[847.053245] (-) TimerEvent: {}
[847.153947] (-) TimerEvent: {}
[847.254909] (-) TimerEvent: {}
[847.356062] (-) TimerEvent: {}
[847.456793] (-) TimerEvent: {}
[847.557906] (-) TimerEvent: {}
[847.658529] (-) TimerEvent: {}
[847.759560] (-) TimerEvent: {}
[847.860280] (-) TimerEvent: {}
[847.961444] (-) TimerEvent: {}
[848.062047] (-) TimerEvent: {}
[848.162730] (-) TimerEvent: {}
[848.263450] (-) TimerEvent: {}
[848.364580] (-) TimerEvent: {}
[848.465224] (-) TimerEvent: {}
[848.566020] (-) TimerEvent: {}
[848.666902] (-) TimerEvent: {}
[848.767636] (-) TimerEvent: {}
[848.868523] (-) TimerEvent: {}
[848.969326] (-) TimerEvent: {}
[849.070489] (-) TimerEvent: {}
[849.171349] (-) TimerEvent: {}
[849.272008] (-) TimerEvent: {}
[849.372705] (-) TimerEvent: {}
[849.473438] (-) TimerEvent: {}
[849.574070] (-) TimerEvent: {}
[849.674707] (-) TimerEvent: {}
[849.775385] (-) TimerEvent: {}
[849.876176] (-) TimerEvent: {}
[849.976806] (-) TimerEvent: {}
[850.077520] (-) TimerEvent: {}
[850.178167] (-) TimerEvent: {}
[850.278775] (-) TimerEvent: {}
[850.379849] (-) TimerEvent: {}
[850.480728] (-) TimerEvent: {}
[850.581924] (-) TimerEvent: {}
[850.682540] (-) TimerEvent: {}
[850.783523] (-) TimerEvent: {}
[850.884490] (-) TimerEvent: {}
[850.985302] (-) TimerEvent: {}
[851.086031] (-) TimerEvent: {}
[851.186670] (-) TimerEvent: {}
[851.287399] (-) TimerEvent: {}
[851.388023] (-) TimerEvent: {}
[851.488656] (-) TimerEvent: {}
[851.589302] (-) TimerEvent: {}
[851.689941] (-) TimerEvent: {}
[851.790580] (-) TimerEvent: {}
[851.891693] (-) TimerEvent: {}
[851.992399] (-) TimerEvent: {}
[852.093353] (-) TimerEvent: {}
[852.194017] (-) TimerEvent: {}
[852.294712] (-) TimerEvent: {}
[852.395479] (-) TimerEvent: {}
[852.496181] (-) TimerEvent: {}
[852.596865] (-) TimerEvent: {}
[852.697540] (-) TimerEvent: {}
[852.798126] (-) TimerEvent: {}
[852.899110] (-) TimerEvent: {}
[852.999777] (-) TimerEvent: {}
[853.100781] (-) TimerEvent: {}
[853.201486] (-) TimerEvent: {}
[853.302515] (-) TimerEvent: {}
[853.403235] (-) TimerEvent: {}
[853.504251] (-) TimerEvent: {}
[853.604908] (-) TimerEvent: {}
[853.706053] (-) TimerEvent: {}
[853.808421] (-) TimerEvent: {}
[853.909093] (-) TimerEvent: {}
[854.009764] (-) TimerEvent: {}
[854.110386] (-) TimerEvent: {}
[854.211065] (-) TimerEvent: {}
[854.312008] (-) TimerEvent: {}
[854.413535] (-) TimerEvent: {}
[854.514297] (-) TimerEvent: {}
[854.615124] (-) TimerEvent: {}
[854.716072] (-) TimerEvent: {}
[854.817067] (-) TimerEvent: {}
[854.917791] (-) TimerEvent: {}
[855.018460] (-) TimerEvent: {}
[855.119192] (-) TimerEvent: {}
[855.220000] (-) TimerEvent: {}
[855.320957] (-) TimerEvent: {}
[855.421864] (-) TimerEvent: {}
[855.522825] (-) TimerEvent: {}
[855.623865] (-) TimerEvent: {}
[855.724785] (-) TimerEvent: {}
[855.825526] (-) TimerEvent: {}
[855.926252] (-) TimerEvent: {}
[856.027109] (-) TimerEvent: {}
[856.128084] (-) TimerEvent: {}
[856.228974] (-) TimerEvent: {}
[856.329788] (-) TimerEvent: {}
[856.430718] (-) TimerEvent: {}
[856.532065] (-) TimerEvent: {}
[856.633615] (-) TimerEvent: {}
[856.734834] (-) TimerEvent: {}
[856.836456] (-) TimerEvent: {}
[856.938021] (-) TimerEvent: {}
[857.039322] (-) TimerEvent: {}
[857.140202] (-) TimerEvent: {}
[857.241016] (-) TimerEvent: {}
[857.342018] (-) TimerEvent: {}
[857.442755] (-) TimerEvent: {}
[857.543624] (-) TimerEvent: {}
[857.644508] (-) TimerEvent: {}
[857.746041] (-) TimerEvent: {}
[857.847449] (-) TimerEvent: {}
[857.948974] (-) TimerEvent: {}
[858.050202] (-) TimerEvent: {}
[858.151776] (-) TimerEvent: {}
[858.253109] (-) TimerEvent: {}
[858.354894] (-) TimerEvent: {}
[858.456440] (-) TimerEvent: {}
[858.557973] (-) TimerEvent: {}
[858.659157] (-) TimerEvent: {}
[858.760448] (-) TimerEvent: {}
[858.861160] (-) TimerEvent: {}
[858.961806] (-) TimerEvent: {}
[859.216946] (-) TimerEvent: {}
[859.317510] (-) TimerEvent: {}
[859.418642] (-) TimerEvent: {}
[859.519238] (-) TimerEvent: {}
[859.620133] (-) TimerEvent: {}
[859.721117] (-) TimerEvent: {}
[859.822103] (-) TimerEvent: {}
[859.923116] (-) TimerEvent: {}
[860.024134] (-) TimerEvent: {}
[860.125119] (-) TimerEvent: {}
[860.226157] (-) TimerEvent: {}
[860.327051] (-) TimerEvent: {}
[860.427716] (-) TimerEvent: {}
[860.528343] (-) TimerEvent: {}
[860.628933] (-) TimerEvent: {}
[860.729545] (-) TimerEvent: {}
[860.830155] (-) TimerEvent: {}
[860.930784] (-) TimerEvent: {}
[861.031403] (-) TimerEvent: {}
[861.132011] (-) TimerEvent: {}
[861.232616] (-) TimerEvent: {}
[861.333228] (-) TimerEvent: {}
[861.433825] (-) TimerEvent: {}
[861.534395] (-) TimerEvent: {}
[861.634951] (-) TimerEvent: {}
[861.735562] (-) TimerEvent: {}
[861.836133] (-) TimerEvent: {}
[861.936989] (-) TimerEvent: {}
[862.037574] (-) TimerEvent: {}
[862.138447] (-) TimerEvent: {}
[862.239073] (-) TimerEvent: {}
[862.339930] (-) TimerEvent: {}
[862.440501] (-) TimerEvent: {}
[862.541125] (-) TimerEvent: {}
[862.641723] (-) TimerEvent: {}
[862.742318] (-) TimerEvent: {}
[862.842913] (-) TimerEvent: {}
[862.943497] (-) TimerEvent: {}
[863.044066] (-) TimerEvent: {}
[863.144628] (-) TimerEvent: {}
[863.245233] (-) TimerEvent: {}
[863.345959] (-) TimerEvent: {}
[863.446558] (-) TimerEvent: {}
[863.547225] (-) TimerEvent: {}
[863.647833] (-) TimerEvent: {}
[863.748435] (-) TimerEvent: {}
[863.849042] (-) TimerEvent: {}
[863.949642] (-) TimerEvent: {}
[864.050376] (-) TimerEvent: {}
[865.821379] (-) TimerEvent: {}
[865.922596] (-) TimerEvent: {}
[866.023637] (-) TimerEvent: {}
[866.124508] (-) TimerEvent: {}
[866.225754] (-) TimerEvent: {}
[866.326695] (-) TimerEvent: {}
[866.427695] (-) TimerEvent: {}
[866.528930] (-) TimerEvent: {}
[866.630492] (-) TimerEvent: {}
[866.731433] (-) TimerEvent: {}
[866.832725] (-) TimerEvent: {}
[866.933851] (-) TimerEvent: {}
[867.035129] (-) TimerEvent: {}
[867.136216] (-) TimerEvent: {}
[867.237475] (-) TimerEvent: {}
[867.338726] (-) TimerEvent: {}
[867.440254] (-) TimerEvent: {}
[867.541181] (-) TimerEvent: {}
[867.642854] (-) TimerEvent: {}
[867.743779] (-) TimerEvent: {}
[867.845140] (-) TimerEvent: {}
[867.946104] (-) TimerEvent: {}
[868.047246] (-) TimerEvent: {}
[868.148686] (-) TimerEvent: {}
[868.249601] (-) TimerEvent: {}
[868.351127] (-) TimerEvent: {}
[868.451932] (-) TimerEvent: {}
[868.553308] (-) TimerEvent: {}
[868.655807] (-) TimerEvent: {}
[868.756741] (-) TimerEvent: {}
[868.857981] (-) TimerEvent: {}
[868.958874] (-) TimerEvent: {}
[869.060756] (-) TimerEvent: {}
[869.161933] (-) TimerEvent: {}
[869.263599] (-) TimerEvent: {}
[869.364429] (-) TimerEvent: {}
[869.465656] (-) TimerEvent: {}
[869.566603] (-) TimerEvent: {}
[869.667746] (-) TimerEvent: {}
[869.771301] (-) TimerEvent: {}
[869.872328] (-) TimerEvent: {}
[869.979490] (-) TimerEvent: {}
[870.081620] (-) TimerEvent: {}
[870.182747] (-) TimerEvent: {}
[870.288282] (-) TimerEvent: {}
[870.389286] (-) TimerEvent: {}
[870.491120] (-) TimerEvent: {}
[870.593416] (-) TimerEvent: {}
[870.698582] (-) TimerEvent: {}
[870.800680] (-) TimerEvent: {}
[870.901573] (-) TimerEvent: {}
[871.002773] (-) TimerEvent: {}
[871.103766] (-) TimerEvent: {}
[871.204916] (-) TimerEvent: {}
[871.305788] (-) TimerEvent: {}
[871.407190] (-) TimerEvent: {}
[871.507974] (-) TimerEvent: {}
[871.609219] (-) TimerEvent: {}
[871.710151] (-) TimerEvent: {}
[871.811045] (-) TimerEvent: {}
[871.912032] (-) TimerEvent: {}
[872.012798] (-) TimerEvent: {}
[872.113637] (-) TimerEvent: {}
[872.214573] (-) TimerEvent: {}
[872.315484] (-) TimerEvent: {}
[872.416393] (-) TimerEvent: {}
[872.517215] (-) TimerEvent: {}
[872.618076] (-) TimerEvent: {}
[872.719513] (-) TimerEvent: {}
[872.820780] (-) TimerEvent: {}
[872.921684] (-) TimerEvent: {}
[873.022511] (-) TimerEvent: {}
[873.125436] (-) TimerEvent: {}
[873.226699] (-) TimerEvent: {}
[873.327670] (-) TimerEvent: {}
[873.428452] (-) TimerEvent: {}
[873.529305] (-) TimerEvent: {}
[873.630049] (-) TimerEvent: {}
[873.730786] (-) TimerEvent: {}
[873.831572] (-) TimerEvent: {}
[873.932312] (-) TimerEvent: {}
[874.033030] (-) TimerEvent: {}
[874.133827] (-) TimerEvent: {}
[874.234714] (-) TimerEvent: {}
[874.335546] (-) TimerEvent: {}
[874.436449] (-) TimerEvent: {}
[874.537245] (-) TimerEvent: {}
[874.638088] (-) TimerEvent: {}
[874.738818] (-) TimerEvent: {}
[874.839694] (-) TimerEvent: {}
[874.940645] (-) TimerEvent: {}
[875.041450] (-) TimerEvent: {}
[875.142349] (-) TimerEvent: {}
[875.243579] (-) TimerEvent: {}
[875.348259] (-) TimerEvent: {}
[875.449448] (-) TimerEvent: {}
[875.550745] (-) TimerEvent: {}
[875.651724] (-) TimerEvent: {}
[875.752510] (-) TimerEvent: {}
[875.853496] (-) TimerEvent: {}
[875.954322] (-) TimerEvent: {}
[876.055254] (-) TimerEvent: {}
[876.155968] (-) TimerEvent: {}
[876.256621] (-) TimerEvent: {}
[876.357450] (-) TimerEvent: {}
[876.458480] (-) TimerEvent: {}
[876.559406] (-) TimerEvent: {}
[876.660194] (-) TimerEvent: {}
[876.761091] (-) TimerEvent: {}
[876.861963] (-) TimerEvent: {}
[876.962888] (-) TimerEvent: {}
[877.063665] (-) TimerEvent: {}
[877.164468] (-) TimerEvent: {}
[877.265340] (-) TimerEvent: {}
[877.366131] (-) TimerEvent: {}
[877.467082] (-) TimerEvent: {}
[877.567869] (-) TimerEvent: {}
[877.668752] (-) TimerEvent: {}
[877.770062] (-) TimerEvent: {}
[877.871039] (-) TimerEvent: {}
[877.972147] (-) TimerEvent: {}
[878.073153] (-) TimerEvent: {}
[878.173910] (-) TimerEvent: {}
[878.275220] (-) TimerEvent: {}
[878.376067] (-) TimerEvent: {}
[878.477481] (-) TimerEvent: {}
[878.578371] (-) TimerEvent: {}
[878.679554] (-) TimerEvent: {}
[878.780435] (-) TimerEvent: {}
[878.881241] (-) TimerEvent: {}
[878.982124] (-) TimerEvent: {}
[879.082916] (-) TimerEvent: {}
[879.183770] (-) TimerEvent: {}
[879.284664] (-) TimerEvent: {}
[879.385475] (-) TimerEvent: {}
[879.486375] (-) TimerEvent: {}
[879.587209] (-) TimerEvent: {}
[879.688070] (-) TimerEvent: {}
[879.788986] (-) TimerEvent: {}
[879.889796] (-) TimerEvent: {}
[879.990533] (-) TimerEvent: {}
[880.091458] (-) TimerEvent: {}
[880.192331] (-) TimerEvent: {}
[880.293136] (-) TimerEvent: {}
[880.394029] (-) TimerEvent: {}
[880.494840] (-) TimerEvent: {}
[880.596139] (-) TimerEvent: {}
[880.696871] (-) TimerEvent: {}
[880.797741] (-) TimerEvent: {}
[880.898496] (-) TimerEvent: {}
[880.999383] (-) TimerEvent: {}
[881.100308] (-) TimerEvent: {}
[881.201155] (-) TimerEvent: {}
[881.302071] (-) TimerEvent: {}
[881.403091] (-) TimerEvent: {}
[881.504461] (-) TimerEvent: {}
[881.605291] (-) TimerEvent: {}
[881.706807] (-) TimerEvent: {}
[881.808034] (-) TimerEvent: {}
[881.908885] (-) TimerEvent: {}
[882.009810] (-) TimerEvent: {}
[882.110925] (-) TimerEvent: {}
[882.212025] (-) TimerEvent: {}
[882.312872] (-) TimerEvent: {}
[882.413797] (-) TimerEvent: {}
[882.514584] (-) TimerEvent: {}
[882.615495] (-) TimerEvent: {}
[882.716358] (-) TimerEvent: {}
[882.817225] (-) TimerEvent: {}
[882.917959] (-) TimerEvent: {}
[883.018787] (-) TimerEvent: {}
[883.119749] (-) TimerEvent: {}
[883.220588] (-) TimerEvent: {}
[883.321520] (-) TimerEvent: {}
[883.422331] (-) TimerEvent: {}
[883.523358] (-) TimerEvent: {}
[883.624436] (-) TimerEvent: {}
[883.725231] (-) TimerEvent: {}
[883.826738] (-) TimerEvent: {}
[883.927988] (-) TimerEvent: {}
[884.028817] (-) TimerEvent: {}
[884.130292] (-) TimerEvent: {}
[884.231492] (-) TimerEvent: {}
[884.333084] (-) TimerEvent: {}
[884.434216] (-) TimerEvent: {}
[884.535399] (-) TimerEvent: {}
[884.636142] (-) TimerEvent: {}
[884.737693] (-) TimerEvent: {}
[884.839186] (-) TimerEvent: {}
[884.939852] (-) TimerEvent: {}
[885.040487] (-) TimerEvent: {}
[885.141119] (-) TimerEvent: {}
[885.241736] (-) TimerEvent: {}
[885.342438] (-) TimerEvent: {}
[885.443188] (-) TimerEvent: {}
[885.544734] (-) TimerEvent: {}
[885.645771] (-) TimerEvent: {}
[885.746669] (-) TimerEvent: {}
[885.847419] (-) TimerEvent: {}
[885.948336] (-) TimerEvent: {}
[886.048969] (-) TimerEvent: {}
[886.149861] (-) TimerEvent: {}
[886.250502] (-) TimerEvent: {}
[886.351420] (-) TimerEvent: {}
[886.452071] (-) TimerEvent: {}
[886.552712] (-) TimerEvent: {}
[886.653590] (-) TimerEvent: {}
[886.754223] (-) TimerEvent: {}
[886.855105] (-) TimerEvent: {}
[886.955758] (-) TimerEvent: {}
[887.056724] (-) TimerEvent: {}
[887.157832] (-) TimerEvent: {}
[887.258952] (-) TimerEvent: {}
[887.360571] (-) TimerEvent: {}
[887.461704] (-) TimerEvent: {}
[887.563316] (-) TimerEvent: {}
[887.664460] (-) TimerEvent: {}
[887.765888] (-) TimerEvent: {}
[887.866560] (-) TimerEvent: {}
[887.967255] (-) TimerEvent: {}
[888.067902] (-) TimerEvent: {}
[888.168558] (-) TimerEvent: {}
[888.269166] (-) TimerEvent: {}
[888.369789] (-) TimerEvent: {}
[888.470422] (-) TimerEvent: {}
[888.571147] (-) TimerEvent: {}
[888.671768] (-) TimerEvent: {}
[888.772388] (-) TimerEvent: {}
[888.872996] (-) TimerEvent: {}
[888.973611] (-) TimerEvent: {}
[889.074235] (-) TimerEvent: {}
[889.174857] (-) TimerEvent: {}
[889.275495] (-) TimerEvent: {}
[889.379173] (-) TimerEvent: {}
[889.479972] (-) TimerEvent: {}
[889.581156] (-) TimerEvent: {}
[889.681834] (-) TimerEvent: {}
[889.782485] (-) TimerEvent: {}
[889.883170] (-) TimerEvent: {}
[889.983821] (-) TimerEvent: {}
[890.084485] (-) TimerEvent: {}
[890.185131] (-) TimerEvent: {}
[890.285775] (-) TimerEvent: {}
[890.386495] (-) TimerEvent: {}
[890.487640] (-) TimerEvent: {}
[890.588687] (-) TimerEvent: {}
[890.689355] (-) TimerEvent: {}
[890.790011] (-) TimerEvent: {}
[890.890680] (-) TimerEvent: {}
[890.991368] (-) TimerEvent: {}
[891.092103] (-) TimerEvent: {}
[891.193126] (-) TimerEvent: {}
[891.293760] (-) TimerEvent: {}
[891.394499] (-) TimerEvent: {}
[891.495223] (-) TimerEvent: {}
[891.596036] (-) TimerEvent: {}
[891.696766] (-) TimerEvent: {}
[891.797391] (-) TimerEvent: {}
[891.898081] (-) TimerEvent: {}
[891.999157] (-) TimerEvent: {}
[892.100252] (-) TimerEvent: {}
[892.200845] (-) TimerEvent: {}
[892.301498] (-) TimerEvent: {}
[892.402091] (-) TimerEvent: {}
[892.502728] (-) TimerEvent: {}
[892.603385] (-) TimerEvent: {}
[892.704025] (-) TimerEvent: {}
[892.804663] (-) TimerEvent: {}
[892.905295] (-) TimerEvent: {}
[893.005920] (-) TimerEvent: {}
[893.106543] (-) TimerEvent: {}
[893.207141] (-) TimerEvent: {}
[893.307741] (-) TimerEvent: {}
[893.408350] (-) TimerEvent: {}
[893.509021] (-) TimerEvent: {}
[893.610031] (-) TimerEvent: {}
[893.711554] (-) TimerEvent: {}
[893.812527] (-) TimerEvent: {}
[893.913468] (-) TimerEvent: {}
[894.014511] (-) TimerEvent: {}
[894.115574] (-) TimerEvent: {}
[894.216604] (-) TimerEvent: {}
[894.317638] (-) TimerEvent: {}
[894.418577] (-) TimerEvent: {}
[894.519218] (-) TimerEvent: {}
[894.619828] (-) TimerEvent: {}
[894.720456] (-) TimerEvent: {}
[894.821075] (-) TimerEvent: {}
[894.921676] (-) TimerEvent: {}
[895.022292] (-) TimerEvent: {}
[895.123232] (-) TimerEvent: {}
[895.224295] (-) TimerEvent: {}
[895.325393] (-) TimerEvent: {}
[895.426250] (-) TimerEvent: {}
[895.527403] (-) TimerEvent: {}
[895.628013] (-) TimerEvent: {}
[895.729250] (-) TimerEvent: {}
[895.830112] (-) TimerEvent: {}
[895.931244] (-) TimerEvent: {}
[896.032154] (-) TimerEvent: {}
[896.133248] (-) TimerEvent: {}
[896.234200] (-) TimerEvent: {}
[896.334802] (-) TimerEvent: {}
[896.435450] (-) TimerEvent: {}
[896.536053] (-) TimerEvent: {}
[896.636660] (-) TimerEvent: {}
[896.737256] (-) TimerEvent: {}
[896.837852] (-) TimerEvent: {}
[896.938448] (-) TimerEvent: {}
[897.039179] (-) TimerEvent: {}
[897.139911] (-) TimerEvent: {}
[897.240605] (-) TimerEvent: {}
[897.341263] (-) TimerEvent: {}
[897.441880] (-) TimerEvent: {}
[897.542492] (-) TimerEvent: {}
[897.643114] (-) TimerEvent: {}
[897.743723] (-) TimerEvent: {}
[897.844551] (-) TimerEvent: {}
[897.945792] (-) TimerEvent: {}
[898.046711] (-) TimerEvent: {}
[898.147434] (-) TimerEvent: {}
[898.248155] (-) TimerEvent: {}
[898.349564] (-) TimerEvent: {}
[898.450621] (-) TimerEvent: {}
[898.551692] (-) TimerEvent: {}
[898.652800] (-) TimerEvent: {}
[898.753865] (-) TimerEvent: {}
[898.854933] (-) TimerEvent: {}
[898.956024] (-) TimerEvent: {}
[899.057112] (-) TimerEvent: {}
[899.158194] (-) TimerEvent: {}
[899.259369] (-) TimerEvent: {}
[899.360657] (-) TimerEvent: {}
[899.461433] (-) TimerEvent: {}
[899.562166] (-) TimerEvent: {}
[899.663069] (-) TimerEvent: {}
[899.763860] (-) TimerEvent: {}
[899.864665] (-) TimerEvent: {}
[899.965387] (-) TimerEvent: {}
[900.066727] (-) TimerEvent: {}
[900.167662] (-) TimerEvent: {}
[900.269003] (-) TimerEvent: {}
[900.370169] (-) TimerEvent: {}
[900.471185] (-) TimerEvent: {}
[900.572607] (-) TimerEvent: {}
[900.673726] (-) TimerEvent: {}
[900.776058] (-) TimerEvent: {}
[900.878093] (-) TimerEvent: {}
[900.979676] (-) TimerEvent: {}
[901.081090] (-) TimerEvent: {}
[901.182235] (-) TimerEvent: {}
[901.283404] (-) TimerEvent: {}
[901.384319] (-) TimerEvent: {}
[901.485430] (-) TimerEvent: {}
[901.586814] (-) TimerEvent: {}
[901.687925] (-) TimerEvent: {}
[901.788704] (-) TimerEvent: {}
[901.891203] (-) TimerEvent: {}
[901.991839] (-) TimerEvent: {}
[902.093005] (-) TimerEvent: {}
[902.194314] (-) TimerEvent: {}
[902.295645] (-) TimerEvent: {}
[902.396947] (-) TimerEvent: {}
[902.498266] (-) TimerEvent: {}
[902.603152] (-) TimerEvent: {}
[902.703801] (-) TimerEvent: {}
[902.805029] (-) TimerEvent: {}
[902.906083] (-) TimerEvent: {}
[903.007182] (-) TimerEvent: {}
[903.108051] (-) TimerEvent: {}
[903.208908] (-) TimerEvent: {}
[903.309765] (-) TimerEvent: {}
[903.410614] (-) TimerEvent: {}
[903.511307] (-) TimerEvent: {}
[903.611928] (-) TimerEvent: {}
[903.712536] (-) TimerEvent: {}
[903.813139] (-) TimerEvent: {}
[903.913782] (-) TimerEvent: {}
[904.014749] (-) TimerEvent: {}
[904.115473] (-) TimerEvent: {}
[904.216330] (-) TimerEvent: {}
[904.317081] (-) TimerEvent: {}
[904.417794] (-) TimerEvent: {}
[904.518438] (-) TimerEvent: {}
[904.619203] (-) TimerEvent: {}
[904.720293] (-) TimerEvent: {}
[904.820947] (-) TimerEvent: {}
[904.921731] (-) TimerEvent: {}
[905.023914] (-) TimerEvent: {}
[905.124880] (-) TimerEvent: {}
[905.225862] (-) TimerEvent: {}
[905.326787] (-) TimerEvent: {}
[905.427522] (-) TimerEvent: {}
[905.528133] (-) TimerEvent: {}
[905.628884] (-) TimerEvent: {}
[905.729779] (-) TimerEvent: {}
[905.830517] (-) TimerEvent: {}
[905.931301] (-) TimerEvent: {}
[906.032048] (-) TimerEvent: {}
[906.132802] (-) TimerEvent: {}
[906.233513] (-) TimerEvent: {}
[906.334119] (-) TimerEvent: {}
[906.434674] (-) TimerEvent: {}
[906.535271] (-) TimerEvent: {}
[906.635838] (-) TimerEvent: {}
[906.736415] (-) TimerEvent: {}
[906.836988] (-) TimerEvent: {}
[906.938817] (-) TimerEvent: {}
[907.039505] (-) TimerEvent: {}
[907.140216] (-) TimerEvent: {}
[907.240816] (-) TimerEvent: {}
[907.341435] (-) TimerEvent: {}
[907.442035] (-) TimerEvent: {}
[907.542873] (-) TimerEvent: {}
[907.643499] (-) TimerEvent: {}
[907.744397] (-) TimerEvent: {}
[907.844975] (-) TimerEvent: {}
[907.945827] (-) TimerEvent: {}
[908.046443] (-) TimerEvent: {}
[908.147074] (-) TimerEvent: {}
[908.247664] (-) TimerEvent: {}
[908.348250] (-) TimerEvent: {}
[908.448866] (-) TimerEvent: {}
[908.549460] (-) TimerEvent: {}
[908.650037] (-) TimerEvent: {}
[908.750618] (-) TimerEvent: {}
[908.851224] (-) TimerEvent: {}
[908.951838] (-) TimerEvent: {}
[909.052443] (-) TimerEvent: {}
[909.153007] (-) TimerEvent: {}
[909.253602] (-) TimerEvent: {}
[909.354146] (-) TimerEvent: {}
[909.454721] (-) TimerEvent: {}
[909.555321] (-) TimerEvent: {}
[909.655850] (-) TimerEvent: {}
[909.756410] (-) TimerEvent: {}
[909.857000] (-) TimerEvent: {}
[910.033846] (-) TimerEvent: {}
[910.134700] (-) TimerEvent: {}
[910.235345] (-) TimerEvent: {}
[910.335958] (-) TimerEvent: {}
[910.436559] (-) TimerEvent: {}
[910.537143] (-) TimerEvent: {}
[910.637739] (-) TimerEvent: {}
[910.738319] (-) TimerEvent: {}
[910.838942] (-) TimerEvent: {}
[910.939690] (-) TimerEvent: {}
[911.040663] (-) TimerEvent: {}
[911.141672] (-) TimerEvent: {}
[911.242808] (-) TimerEvent: {}
[911.343801] (-) TimerEvent: {}
[911.444876] (-) TimerEvent: {}
[911.545963] (-) TimerEvent: {}
[911.647096] (-) TimerEvent: {}
[911.748176] (-) TimerEvent: {}
[911.849269] (-) TimerEvent: {}
[911.950334] (-) TimerEvent: {}
[912.051381] (-) TimerEvent: {}
[912.152379] (-) TimerEvent: {}
[912.253390] (-) TimerEvent: {}
[912.354440] (-) TimerEvent: {}
[912.455540] (-) TimerEvent: {}
[912.556585] (-) TimerEvent: {}
[912.657598] (-) TimerEvent: {}
[912.758672] (-) TimerEvent: {}
[912.859901] (-) TimerEvent: {}
[912.960950] (-) TimerEvent: {}
[913.062027] (-) TimerEvent: {}
[913.163105] (-) TimerEvent: {}
[913.264125] (-) TimerEvent: {}
[913.365114] (-) TimerEvent: {}
[913.466163] (-) TimerEvent: {}
[913.567139] (-) TimerEvent: {}
[913.668108] (-) TimerEvent: {}
[913.769243] (-) TimerEvent: {}
[913.870212] (-) TimerEvent: {}
[913.971321] (-) TimerEvent: {}
[914.072328] (-) TimerEvent: {}
[914.173454] (-) TimerEvent: {}
[914.274599] (-) TimerEvent: {}
[914.375640] (-) TimerEvent: {}
[914.476750] (-) TimerEvent: {}
[914.577656] (-) TimerEvent: {}
[914.678648] (-) TimerEvent: {}
[914.779747] (-) TimerEvent: {}
[914.880693] (-) TimerEvent: {}
[918.211982] (-) TimerEvent: {}
[918.313059] (-) TimerEvent: {}
[918.415192] (-) TimerEvent: {}
[918.515906] (-) TimerEvent: {}
[918.616780] (-) TimerEvent: {}
[918.717385] (-) TimerEvent: {}
[918.818242] (-) TimerEvent: {}
[918.918843] (-) TimerEvent: {}
[919.019748] (-) TimerEvent: {}
[919.120350] (-) TimerEvent: {}
[919.221190] (-) TimerEvent: {}
[919.321786] (-) TimerEvent: {}
[919.422376] (-) TimerEvent: {}
[919.523123] (-) TimerEvent: {}
[919.623677] (-) TimerEvent: {}
[919.724471] (-) TimerEvent: {}
[919.825113] (-) TimerEvent: {}
[919.925911] (-) TimerEvent: {}
[920.026526] (-) TimerEvent: {}
[923.949241] (-) TimerEvent: {}
[924.050374] (-) TimerEvent: {}
[924.151675] (-) TimerEvent: {}
[924.252740] (-) TimerEvent: {}
[924.354465] (-) TimerEvent: {}
[924.455311] (-) TimerEvent: {}
[924.556224] (-) TimerEvent: {}
[924.657228] (-) TimerEvent: {}
[924.758188] (-) TimerEvent: {}
[924.859114] (-) TimerEvent: {}
[924.960066] (-) TimerEvent: {}
[925.061055] (-) TimerEvent: {}
[925.162025] (-) TimerEvent: {}
[927.365847] (-) TimerEvent: {}
[927.467298] (-) TimerEvent: {}
[927.568268] (-) TimerEvent: {}
[927.669054] (-) TimerEvent: {}
[927.769979] (-) TimerEvent: {}
[927.871246] (-) TimerEvent: {}
[927.971874] (-) TimerEvent: {}
[928.072854] (-) TimerEvent: {}
[928.173572] (-) TimerEvent: {}
[928.274610] (-) TimerEvent: {}
[928.375450] (-) TimerEvent: {}
[928.476584] (-) TimerEvent: {}
[928.577270] (-) TimerEvent: {}
[928.678212] (-) TimerEvent: {}
[928.778951] (-) TimerEvent: {}
[928.879941] (-) TimerEvent: {}
[928.980637] (-) TimerEvent: {}
[929.081550] (-) TimerEvent: {}
[929.183735] (-) TimerEvent: {}
[929.284472] (-) TimerEvent: {}
[929.385832] (-) TimerEvent: {}
[929.486471] (-) TimerEvent: {}
[929.587471] (-) TimerEvent: {}
[929.688301] (-) TimerEvent: {}
[929.789477] (-) TimerEvent: {}
[929.890353] (-) TimerEvent: {}
[929.991249] (-) TimerEvent: {}
[930.092904] (-) TimerEvent: {}
[930.193541] (-) TimerEvent: {}
[930.294413] (-) TimerEvent: {}
[930.395078] (-) TimerEvent: {}
[930.495951] (-) TimerEvent: {}
[930.597025] (-) TimerEvent: {}
[930.698214] (-) TimerEvent: {}
[930.799103] (-) TimerEvent: {}
[930.899740] (-) TimerEvent: {}
[931.000470] (-) TimerEvent: {}
[931.101606] (-) TimerEvent: {}
[931.161867] (opentera_webrtc_ros) StdoutLine: {'line': b'[ 80%] Built target opentera_webrtc_ros_topic_streamer\n'}
[931.203144] (-) TimerEvent: {}
[931.282347] (opentera_webrtc_ros) StdoutLine: {'line': b'[ 81%] \x1b[32mBuilding CXX object SYSTEM/opentera-webrtc-native-client/OpenteraWebrtcNativeClient/python/CMakeFiles/_opentera_webrtc_native_client.dir/src/Configurations/AudioSourceConfigurationPython.cpp.o\x1b[0m\n'}
[931.303312] (-) TimerEvent: {}
[931.409402] (-) TimerEvent: {}
[931.510047] (-) TimerEvent: {}
[931.610693] (-) TimerEvent: {}
[931.711436] (-) TimerEvent: {}
[931.812070] (-) TimerEvent: {}
[931.912701] (-) TimerEvent: {}
[932.013447] (-) TimerEvent: {}
[932.114140] (-) TimerEvent: {}
[932.214828] (-) TimerEvent: {}
[932.315532] (-) TimerEvent: {}
[932.416198] (-) TimerEvent: {}
[932.516919] (-) TimerEvent: {}
[932.617605] (-) TimerEvent: {}
[932.718665] (-) TimerEvent: {}
[932.819721] (-) TimerEvent: {}
[932.920744] (-) TimerEvent: {}
[933.021486] (-) TimerEvent: {}
[933.122626] (-) TimerEvent: {}
[933.223700] (-) TimerEvent: {}
[933.324468] (-) TimerEvent: {}
[933.425533] (-) TimerEvent: {}
[933.526586] (-) TimerEvent: {}
[933.627697] (-) TimerEvent: {}
[933.728787] (-) TimerEvent: {}
[933.829506] (-) TimerEvent: {}
[933.930602] (-) TimerEvent: {}
[934.031700] (-) TimerEvent: {}
[934.132711] (-) TimerEvent: {}
[934.233753] (-) TimerEvent: {}
[934.334525] (-) TimerEvent: {}
[934.435646] (-) TimerEvent: {}
[934.536422] (-) TimerEvent: {}
[934.637509] (-) TimerEvent: {}
[934.738728] (-) TimerEvent: {}
[934.839812] (-) TimerEvent: {}
[934.940854] (-) TimerEvent: {}
[935.041918] (-) TimerEvent: {}
[935.143200] (-) TimerEvent: {}
[935.243892] (-) TimerEvent: {}
[935.344958] (-) TimerEvent: {}
[935.445684] (-) TimerEvent: {}
[935.546790] (-) TimerEvent: {}
[935.647988] (-) TimerEvent: {}
[935.749200] (-) TimerEvent: {}
[935.849994] (-) TimerEvent: {}
[935.951154] (-) TimerEvent: {}
[936.053705] (-) TimerEvent: {}
[936.154832] (-) TimerEvent: {}
[936.255980] (-) TimerEvent: {}
[936.325739] (opentera_webrtc_ros) StdoutLine: {'line': b'[ 82%] \x1b[32mBuilding CXX object SYSTEM/opentera-webrtc-native-client/OpenteraWebrtcNativeClient/python/CMakeFiles/_opentera_webrtc_native_client.dir/src/Configurations/VideoSourceConfigurationPython.cpp.o\x1b[0m\n'}
[936.358759] (-) TimerEvent: {}
[936.460120] (-) TimerEvent: {}
[936.560929] (-) TimerEvent: {}
[936.662438] (-) TimerEvent: {}
[936.763631] (-) TimerEvent: {}
[936.865148] (-) TimerEvent: {}
[936.966386] (-) TimerEvent: {}
[937.068155] (-) TimerEvent: {}
[937.169299] (-) TimerEvent: {}
[937.270876] (-) TimerEvent: {}
[937.372272] (-) TimerEvent: {}
[937.473791] (-) TimerEvent: {}
[937.575193] (-) TimerEvent: {}
[937.676754] (-) TimerEvent: {}
[937.778566] (-) TimerEvent: {}
[937.880370] (-) TimerEvent: {}
[937.982308] (-) TimerEvent: {}
[938.083592] (-) TimerEvent: {}
[938.185066] (-) TimerEvent: {}
[938.286250] (-) TimerEvent: {}
[938.374928] (opentera_webrtc_ros) StdoutLine: {'line': b'[ 83%] \x1b[32mBuilding CXX object SYSTEM/opentera-webrtc-native-client/OpenteraWebrtcNativeClient/python/CMakeFiles/_opentera_webrtc_native_client.dir/src/Configurations/SignalingServerConfigurationPython.cpp.o\x1b[0m\n'}
[938.386456] (-) TimerEvent: {}
[938.489544] (-) TimerEvent: {}
[938.591520] (-) TimerEvent: {}
[938.693341] (-) TimerEvent: {}
[938.795060] (-) TimerEvent: {}
[938.896832] (-) TimerEvent: {}
[938.997650] (-) TimerEvent: {}
[939.099776] (-) TimerEvent: {}
[939.201796] (-) TimerEvent: {}
[939.302648] (-) TimerEvent: {}
[939.404429] (-) TimerEvent: {}
[939.506505] (-) TimerEvent: {}
[939.608280] (-) TimerEvent: {}
[939.710784] (-) TimerEvent: {}
[939.812806] (-) TimerEvent: {}
[939.915946] (-) TimerEvent: {}
[940.018057] (-) TimerEvent: {}
[940.120536] (-) TimerEvent: {}
[940.226782] (-) TimerEvent: {}
[940.329403] (-) TimerEvent: {}
[940.435217] (-) TimerEvent: {}
[940.461327] (opentera_webrtc_ros) StdoutLine: {'line': b'[ 83%] \x1b[32mBuilding CXX object SYSTEM/opentera-webrtc-native-client/OpenteraWebrtcNativeClient/python/CMakeFiles/_opentera_webrtc_native_client.dir/src/Configurations/DataChannelConfigurationPython.cpp.o\x1b[0m\n'}
[940.535564] (-) TimerEvent: {}
[940.639209] (-) TimerEvent: {}
[940.741530] (-) TimerEvent: {}
[940.844301] (-) TimerEvent: {}
[940.951182] (-) TimerEvent: {}
[941.052032] (-) TimerEvent: {}
[941.153010] (-) TimerEvent: {}
[941.253911] (-) TimerEvent: {}
[941.354850] (-) TimerEvent: {}
[941.455889] (-) TimerEvent: {}
[941.556806] (-) TimerEvent: {}
[941.659636] (-) TimerEvent: {}
[941.763473] (-) TimerEvent: {}
[941.864768] (-) TimerEvent: {}
[941.966276] (-) TimerEvent: {}
[942.071577] (-) TimerEvent: {}
[942.172928] (-) TimerEvent: {}
[942.274284] (-) TimerEvent: {}
[942.375637] (-) TimerEvent: {}
[942.480056] (-) TimerEvent: {}
[942.581321] (-) TimerEvent: {}
[942.682747] (-) TimerEvent: {}
[942.787975] (-) TimerEvent: {}
[942.889418] (-) TimerEvent: {}
[942.990957] (-) TimerEvent: {}
[943.095230] (-) TimerEvent: {}
[943.196734] (-) TimerEvent: {}
[943.298167] (-) TimerEvent: {}
[943.403513] (-) TimerEvent: {}
[943.504835] (-) TimerEvent: {}
[943.611272] (-) TimerEvent: {}
[943.712931] (-) TimerEvent: {}
[943.814355] (-) TimerEvent: {}
[943.919172] (-) TimerEvent: {}
[944.020077] (-) TimerEvent: {}
[944.121057] (-) TimerEvent: {}
[944.223516] (-) TimerEvent: {}
[944.327741] (-) TimerEvent: {}
[944.428961] (-) TimerEvent: {}
[944.531566] (-) TimerEvent: {}
[944.635508] (-) TimerEvent: {}
[944.736387] (-) TimerEvent: {}
[944.839787] (-) TimerEvent: {}
[944.943507] (-) TimerEvent: {}
[945.045062] (-) TimerEvent: {}
[945.151154] (-) TimerEvent: {}
[945.252471] (-) TimerEvent: {}
[945.353988] (-) TimerEvent: {}
[945.455597] (-) TimerEvent: {}
[945.557878] (-) TimerEvent: {}
[945.664034] (-) TimerEvent: {}
[945.765339] (-) TimerEvent: {}
[945.871298] (-) TimerEvent: {}
[945.972913] (-) TimerEvent: {}
[946.074403] (-) TimerEvent: {}
[946.175885] (-) TimerEvent: {}
[946.279548] (-) TimerEvent: {}
[946.381068] (-) TimerEvent: {}
[946.483526] (-) TimerEvent: {}
[946.587571] (-) TimerEvent: {}
[946.688952] (-) TimerEvent: {}
[946.790319] (-) TimerEvent: {}
[946.896092] (-) TimerEvent: {}
[946.997435] (-) TimerEvent: {}
[947.098689] (-) TimerEvent: {}
[947.203473] (-) TimerEvent: {}
[947.305102] (-) TimerEvent: {}
[947.406308] (-) TimerEvent: {}
[947.507407] (-) TimerEvent: {}
[947.611198] (-) TimerEvent: {}
[947.712110] (-) TimerEvent: {}
[947.813003] (-) TimerEvent: {}
[947.913920] (-) TimerEvent: {}
[948.017327] (-) TimerEvent: {}
[948.118303] (-) TimerEvent: {}
[948.223646] (-) TimerEvent: {}
[948.324773] (-) TimerEvent: {}
[948.425785] (-) TimerEvent: {}
[948.526708] (-) TimerEvent: {}
[948.631576] (-) TimerEvent: {}
[948.732487] (-) TimerEvent: {}
[948.833500] (-) TimerEvent: {}
[948.934424] (-) TimerEvent: {}
[949.037304] (-) TimerEvent: {}
[949.138272] (-) TimerEvent: {}
[949.243532] (-) TimerEvent: {}
[949.344453] (-) TimerEvent: {}
[949.445416] (-) TimerEvent: {}
[949.546414] (-) TimerEvent: {}
[949.651753] (-) TimerEvent: {}
[949.753870] (-) TimerEvent: {}
[949.855870] (-) TimerEvent: {}
[949.895267] (opentera_webrtc_ros) StdoutLine: {'line': b'[ 84%] \x1b[32mBuilding CXX object SYSTEM/opentera-webrtc-native-client/OpenteraWebrtcNativeClient/python/CMakeFiles/_opentera_webrtc_native_client.dir/src/Configurations/VideoStreamConfigurationPython.cpp.o\x1b[0m\n'}
[949.956099] (-) TimerEvent: {}
[950.060397] (-) TimerEvent: {}
[950.164317] (-) TimerEvent: {}
[950.267916] (-) TimerEvent: {}
[950.375200] (-) TimerEvent: {}
[950.476918] (-) TimerEvent: {}
[950.578224] (-) TimerEvent: {}
[950.680319] (-) TimerEvent: {}
[950.787756] (-) TimerEvent: {}
[950.889061] (-) TimerEvent: {}
[950.990863] (-) TimerEvent: {}
[951.095191] (-) TimerEvent: {}
[951.196530] (-) TimerEvent: {}
[951.303153] (-) TimerEvent: {}
[951.404531] (-) TimerEvent: {}
[951.505946] (-) TimerEvent: {}
[951.609389] (-) TimerEvent: {}
[951.715553] (-) TimerEvent: {}
[951.816493] (-) TimerEvent: {}
[951.917608] (-) TimerEvent: {}
[952.018551] (-) TimerEvent: {}
[952.119648] (-) TimerEvent: {}
[952.223587] (-) TimerEvent: {}
[952.324492] (-) TimerEvent: {}
[952.425406] (-) TimerEvent: {}
[952.527562] (-) TimerEvent: {}
[952.631198] (-) TimerEvent: {}
[952.732120] (-) TimerEvent: {}
[952.832937] (-) TimerEvent: {}
[952.939184] (-) TimerEvent: {}
[953.040037] (-) TimerEvent: {}
[953.141311] (-) TimerEvent: {}
[953.243263] (-) TimerEvent: {}
[953.347176] (-) TimerEvent: {}
[953.448321] (-) TimerEvent: {}
[953.555181] (-) TimerEvent: {}
[953.656762] (-) TimerEvent: {}
[953.757605] (-) TimerEvent: {}
[953.859208] (-) TimerEvent: {}
[953.960483] (-) TimerEvent: {}
[954.061778] (-) TimerEvent: {}
[954.167472] (-) TimerEvent: {}
[954.268282] (-) TimerEvent: {}
[954.369122] (-) TimerEvent: {}
[954.471550] (-) TimerEvent: {}
[954.572372] (-) TimerEvent: {}
[954.675488] (-) TimerEvent: {}
[954.776445] (-) TimerEvent: {}
[954.879072] (-) TimerEvent: {}
[954.979850] (-) TimerEvent: {}
[955.080647] (-) TimerEvent: {}
[955.183979] (-) TimerEvent: {}
[955.284927] (-) TimerEvent: {}
[955.387475] (-) TimerEvent: {}
[955.488395] (-) TimerEvent: {}
[955.591521] (-) TimerEvent: {}
[955.692374] (-) TimerEvent: {}
[955.795272] (-) TimerEvent: {}
[955.896862] (-) TimerEvent: {}
[955.999654] (-) TimerEvent: {}
[956.103531] (-) TimerEvent: {}
[956.204293] (-) TimerEvent: {}
[960.068490] (-) TimerEvent: {}
[960.171500] (-) TimerEvent: {}
[960.275142] (-) TimerEvent: {}
[960.375844] (-) TimerEvent: {}
[960.476789] (-) TimerEvent: {}
[960.577934] (-) TimerEvent: {}
[960.679953] (-) TimerEvent: {}
[960.780851] (-) TimerEvent: {}
[960.882649] (-) TimerEvent: {}
[960.984159] (-) TimerEvent: {}
[961.086672] (-) TimerEvent: {}
[961.188129] (-) TimerEvent: {}
[961.290785] (-) TimerEvent: {}
[961.392003] (-) TimerEvent: {}
[961.493818] (-) TimerEvent: {}
[961.595990] (-) TimerEvent: {}
[961.697790] (-) TimerEvent: {}
[961.799642] (-) TimerEvent: {}
[961.901578] (-) TimerEvent: {}
[962.003149] (-) TimerEvent: {}
[962.106875] (-) TimerEvent: {}
[962.208569] (-) TimerEvent: {}
[962.310352] (-) TimerEvent: {}
[962.411886] (-) TimerEvent: {}
[962.515088] (-) TimerEvent: {}
[962.618168] (-) TimerEvent: {}
[962.720502] (-) TimerEvent: {}
[962.821883] (-) TimerEvent: {}
[962.923742] (-) TimerEvent: {}
[963.025101] (-) TimerEvent: {}
[963.126548] (-) TimerEvent: {}
[963.231305] (-) TimerEvent: {}
[963.333146] (-) TimerEvent: {}
[963.434069] (-) TimerEvent: {}
[963.535897] (-) TimerEvent: {}
[963.637743] (-) TimerEvent: {}
[963.739599] (-) TimerEvent: {}
[963.841656] (-) TimerEvent: {}
[963.942563] (-) TimerEvent: {}
[964.044935] (-) TimerEvent: {}
[964.146263] (-) TimerEvent: {}
[964.248121] (-) TimerEvent: {}
[964.349290] (-) TimerEvent: {}
[964.451151] (-) TimerEvent: {}
[964.552518] (-) TimerEvent: {}
[964.654795] (-) TimerEvent: {}
[964.756631] (-) TimerEvent: {}
[964.858487] (-) TimerEvent: {}
[964.959423] (-) TimerEvent: {}
[965.061182] (-) TimerEvent: {}
[965.162571] (-) TimerEvent: {}
[965.264450] (-) TimerEvent: {}
[965.365861] (-) TimerEvent: {}
[965.466730] (-) TimerEvent: {}
[965.568594] (-) TimerEvent: {}
[965.670877] (-) TimerEvent: {}
[965.773105] (-) TimerEvent: {}
[965.873988] (-) TimerEvent: {}
[965.975863] (-) TimerEvent: {}
[966.077905] (-) TimerEvent: {}
[966.179119] (-) TimerEvent: {}
[966.280770] (-) TimerEvent: {}
[966.382241] (-) TimerEvent: {}
[966.484081] (-) TimerEvent: {}
[966.585688] (-) TimerEvent: {}
[966.687732] (-) TimerEvent: {}
[966.788873] (-) TimerEvent: {}
[966.889895] (-) TimerEvent: {}
[966.991483] (-) TimerEvent: {}
[967.092935] (-) TimerEvent: {}
[967.199175] (-) TimerEvent: {}
[967.300269] (-) TimerEvent: {}
[967.401926] (-) TimerEvent: {}
[967.503769] (-) TimerEvent: {}
[967.604565] (-) TimerEvent: {}
[967.705377] (-) TimerEvent: {}
[967.808324] (-) TimerEvent: {}
[967.913567] (-) TimerEvent: {}
[968.019565] (-) TimerEvent: {}
[968.127158] (-) TimerEvent: {}
[968.228161] (-) TimerEvent: {}
[968.329402] (-) TimerEvent: {}
[968.434065] (-) TimerEvent: {}
[968.535286] (-) TimerEvent: {}
[968.639997] (-) TimerEvent: {}
[968.741236] (-) TimerEvent: {}
[968.843939] (-) TimerEvent: {}
[968.944743] (-) TimerEvent: {}
[969.045440] (-) TimerEvent: {}
[969.146146] (-) TimerEvent: {}
[969.246826] (-) TimerEvent: {}
[969.347552] (-) TimerEvent: {}
[969.448277] (-) TimerEvent: {}
[969.548974] (-) TimerEvent: {}
[969.649749] (-) TimerEvent: {}
[969.750501] (-) TimerEvent: {}
[969.851216] (-) TimerEvent: {}
[969.951879] (-) TimerEvent: {}
[970.052754] (-) TimerEvent: {}
[970.153777] (-) TimerEvent: {}
[970.254754] (-) TimerEvent: {}
[970.355413] (-) TimerEvent: {}
[970.456268] (-) TimerEvent: {}
[970.577021] (-) TimerEvent: {}
[970.677864] (-) TimerEvent: {}
[970.778857] (-) TimerEvent: {}
[970.834058] (opentera_webrtc_ros) StdoutLine: {'line': b'[ 85%] \x1b[32mBuilding CXX object SYSTEM/opentera-webrtc-native-client/OpenteraWebrtcNativeClient/python/CMakeFiles/_opentera_webrtc_native_client.dir/src/Json.cpp.o\x1b[0m\n'}
[971.512796] (-) TimerEvent: {}
[971.613770] (-) TimerEvent: {}
[971.715120] (-) TimerEvent: {}
[971.816460] (-) TimerEvent: {}
[971.917255] (-) TimerEvent: {}
[972.018191] (-) TimerEvent: {}
[972.119092] (-) TimerEvent: {}
[972.219803] (-) TimerEvent: {}
[972.320561] (-) TimerEvent: {}
[972.421335] (-) TimerEvent: {}
[972.522038] (-) TimerEvent: {}
[972.622797] (-) TimerEvent: {}
[972.723542] (-) TimerEvent: {}
[972.824278] (-) TimerEvent: {}
[972.925052] (-) TimerEvent: {}
[973.025884] (-) TimerEvent: {}
[973.072003] (opentera_webrtc_ros) StdoutLine: {'line': b'[ 85%] \x1b[32mBuilding CXX object SYSTEM/opentera-webrtc-native-client/OpenteraWebrtcNativeClient/python/CMakeFiles/_opentera_webrtc_native_client.dir/src/Sources/AudioSourcePython.cpp.o\x1b[0m\n'}
[973.131472] (-) TimerEvent: {}
[973.232602] (-) TimerEvent: {}
[973.333499] (-) TimerEvent: {}
[973.434934] (-) TimerEvent: {}
[973.536180] (-) TimerEvent: {}
[973.637815] (-) TimerEvent: {}
[973.738904] (-) TimerEvent: {}
[973.839702] (-) TimerEvent: {}
[973.941335] (-) TimerEvent: {}
[974.042476] (-) TimerEvent: {}
[974.144189] (-) TimerEvent: {}
[974.245456] (-) TimerEvent: {}
[974.346316] (-) TimerEvent: {}
[974.448279] (-) TimerEvent: {}
[974.549556] (-) TimerEvent: {}
[974.651462] (-) TimerEvent: {}
[974.752808] (-) TimerEvent: {}
[974.853543] (-) TimerEvent: {}
[974.955179] (-) TimerEvent: {}
[975.056435] (-) TimerEvent: {}
[975.119825] (opentera_webrtc_ros) StdoutLine: {'line': b'[ 86%] \x1b[32mBuilding CXX object SYSTEM/opentera-webrtc-native-client/OpenteraWebrtcNativeClient/python/CMakeFiles/_opentera_webrtc_native_client.dir/src/DataChannelClientPython.cpp.o\x1b[0m\n'}
[975.156649] (-) TimerEvent: {}
[975.257575] (-) TimerEvent: {}
[975.359736] (-) TimerEvent: {}
[975.461541] (-) TimerEvent: {}
[975.564116] (-) TimerEvent: {}
[975.666427] (-) TimerEvent: {}
[975.771272] (-) TimerEvent: {}
[975.872630] (-) TimerEvent: {}
[975.973941] (-) TimerEvent: {}
[976.075289] (-) TimerEvent: {}
[976.176155] (-) TimerEvent: {}
[976.277751] (-) TimerEvent: {}
[976.378764] (-) TimerEvent: {}
[976.480839] (-) TimerEvent: {}
[976.582377] (-) TimerEvent: {}
[976.684394] (-) TimerEvent: {}
[976.785840] (-) TimerEvent: {}
[976.891836] (-) TimerEvent: {}
[976.993817] (-) TimerEvent: {}
[977.095320] (-) TimerEvent: {}
[977.176622] (opentera_webrtc_ros) StdoutLine: {'line': b'[ 86%] \x1b[32mBuilding CXX object SYSTEM/opentera-webrtc-native-client/OpenteraWebrtcNativeClient/python/CMakeFiles/_opentera_webrtc_native_client.dir/src/Configurations/WebrtcConfigurationPython.cpp.o\x1b[0m\n'}
[977.195527] (-) TimerEvent: {}
[977.299502] (-) TimerEvent: {}
[977.400405] (-) TimerEvent: {}
[977.501251] (-) TimerEvent: {}
[977.603515] (-) TimerEvent: {}
[977.707163] (-) TimerEvent: {}
[977.808180] (-) TimerEvent: {}
[977.911105] (-) TimerEvent: {}
[978.016540] (-) TimerEvent: {}
[978.118572] (-) TimerEvent: {}
[978.220868] (-) TimerEvent: {}
[978.325027] (-) TimerEvent: {}
[978.428301] (-) TimerEvent: {}
[978.530121] (-) TimerEvent: {}
[978.636094] (-) TimerEvent: {}
[978.737372] (-) TimerEvent: {}
[978.841072] (-) TimerEvent: {}
[978.947168] (-) TimerEvent: {}
[979.048457] (-) TimerEvent: {}
[979.149968] (-) TimerEvent: {}
[979.255167] (-) TimerEvent: {}
[979.356463] (-) TimerEvent: {}
[979.458700] (-) TimerEvent: {}
[979.564118] (-) TimerEvent: {}
[979.665369] (-) TimerEvent: {}
[979.767760] (-) TimerEvent: {}
[979.872008] (-) TimerEvent: {}
[979.974383] (-) TimerEvent: {}
[980.079719] (-) TimerEvent: {}
[980.181071] (-) TimerEvent: {}
[980.282403] (-) TimerEvent: {}
[980.387168] (-) TimerEvent: {}
[980.488567] (-) TimerEvent: {}
[980.589932] (-) TimerEvent: {}
[980.691448] (-) TimerEvent: {}
[980.795534] (-) TimerEvent: {}
[980.896453] (-) TimerEvent: {}
[980.997412] (-) TimerEvent: {}
[981.099545] (-) TimerEvent: {}
[981.203505] (-) TimerEvent: {}
[981.305050] (-) TimerEvent: {}
[981.408027] (-) TimerEvent: {}
[981.511537] (-) TimerEvent: {}
[981.615486] (-) TimerEvent: {}
[981.716499] (-) TimerEvent: {}
[981.819440] (-) TimerEvent: {}
[981.922111] (-) TimerEvent: {}
[982.023011] (-) TimerEvent: {}
[982.127163] (-) TimerEvent: {}
[982.228077] (-) TimerEvent: {}
[982.329028] (-) TimerEvent: {}
[982.430020] (-) TimerEvent: {}
[982.535497] (-) TimerEvent: {}
[982.636410] (-) TimerEvent: {}
[982.737307] (-) TimerEvent: {}
[982.838234] (-) TimerEvent: {}
[982.939123] (-) TimerEvent: {}
[983.043836] (-) TimerEvent: {}
[983.144789] (-) TimerEvent: {}
[983.246534] (-) TimerEvent: {}
[983.351172] (-) TimerEvent: {}
[983.452091] (-) TimerEvent: {}
[983.555197] (-) TimerEvent: {}
[983.659213] (-) TimerEvent: {}
[983.760642] (-) TimerEvent: {}
[983.863023] (-) TimerEvent: {}
[983.967521] (-) TimerEvent: {}
[984.068417] (-) TimerEvent: {}
[984.171566] (-) TimerEvent: {}
[984.275520] (-) TimerEvent: {}
[984.376438] (-) TimerEvent: {}
[984.479380] (-) TimerEvent: {}
[984.580324] (-) TimerEvent: {}
[984.683568] (-) TimerEvent: {}
[984.787550] (-) TimerEvent: {}
[984.889100] (-) TimerEvent: {}
[984.991925] (-) TimerEvent: {}
[985.095525] (-) TimerEvent: {}
[985.199201] (-) TimerEvent: {}
[985.300736] (-) TimerEvent: {}
[985.402315] (-) TimerEvent: {}
[985.507498] (-) TimerEvent: {}
[985.608833] (-) TimerEvent: {}
[985.712980] (-) TimerEvent: {}
[985.815449] (-) TimerEvent: {}
[985.919573] (-) TimerEvent: {}
[986.020463] (-) TimerEvent: {}
[986.123630] (-) TimerEvent: {}
[986.227470] (-) TimerEvent: {}
[986.328949] (-) TimerEvent: {}
[986.430178] (-) TimerEvent: {}
[986.535568] (-) TimerEvent: {}
[986.636686] (-) TimerEvent: {}
[986.739376] (-) TimerEvent: {}
[986.840889] (-) TimerEvent: {}
[986.944728] (-) TimerEvent: {}
[987.048393] (-) TimerEvent: {}
[987.151685] (-) TimerEvent: {}
[987.255538] (-) TimerEvent: {}
[987.356935] (-) TimerEvent: {}
[987.459228] (-) TimerEvent: {}
[987.562476] (-) TimerEvent: {}
[987.667594] (-) TimerEvent: {}
[987.769053] (-) TimerEvent: {}
[987.875912] (-) TimerEvent: {}
[987.979197] (-) TimerEvent: {}
[988.080962] (-) TimerEvent: {}
[988.183551] (-) TimerEvent: {}
[988.287644] (-) TimerEvent: {}
[988.395505] (-) TimerEvent: {}
[988.497249] (-) TimerEvent: {}
[988.599252] (-) TimerEvent: {}
[988.701347] (-) TimerEvent: {}
[988.804588] (-) TimerEvent: {}
[988.908012] (-) TimerEvent: {}
[989.015424] (-) TimerEvent: {}
[989.116801] (-) TimerEvent: {}
[989.218094] (-) TimerEvent: {}
[989.320166] (-) TimerEvent: {}
[989.421734] (-) TimerEvent: {}
[989.526251] (-) TimerEvent: {}
[989.631519] (-) TimerEvent: {}
[989.733074] (-) TimerEvent: {}
[989.835853] (-) TimerEvent: {}
[989.939538] (-) TimerEvent: {}
[990.041558] (-) TimerEvent: {}
[990.147949] (-) TimerEvent: {}
[990.249426] (-) TimerEvent: {}
[990.351836] (-) TimerEvent: {}
[990.453167] (-) TimerEvent: {}
[990.554502] (-) TimerEvent: {}
[990.660065] (-) TimerEvent: {}
[990.761717] (-) TimerEvent: {}
[990.867533] (-) TimerEvent: {}
[990.969257] (-) TimerEvent: {}
[991.071888] (-) TimerEvent: {}
[991.176076] (-) TimerEvent: {}
[991.283181] (-) TimerEvent: {}
[991.384706] (-) TimerEvent: {}
[991.486093] (-) TimerEvent: {}
[991.591185] (-) TimerEvent: {}
[991.692548] (-) TimerEvent: {}
[991.794076] (-) TimerEvent: {}
[991.903600] (-) TimerEvent: {}
[992.005549] (-) TimerEvent: {}
[992.107620] (-) TimerEvent: {}
[992.211573] (-) TimerEvent: {}
[992.315574] (-) TimerEvent: {}
[992.419535] (-) TimerEvent: {}
[992.521526] (-) TimerEvent: {}
[992.627938] (-) TimerEvent: {}
[992.729401] (-) TimerEvent: {}
[992.830761] (-) TimerEvent: {}
[992.932213] (-) TimerEvent: {}
[993.033682] (-) TimerEvent: {}
[993.139670] (-) TimerEvent: {}
[993.241373] (-) TimerEvent: {}
[993.342678] (-) TimerEvent: {}
[993.444073] (-) TimerEvent: {}
[993.547426] (-) TimerEvent: {}
[993.649408] (-) TimerEvent: {}
[993.751427] (-) TimerEvent: {}
[993.853482] (-) TimerEvent: {}
[993.955614] (-) TimerEvent: {}
[994.057279] (-) TimerEvent: {}
[994.160161] (-) TimerEvent: {}
[994.264123] (-) TimerEvent: {}
[994.366253] (-) TimerEvent: {}
[994.469352] (-) TimerEvent: {}
[994.572847] (-) TimerEvent: {}
[994.674337] (-) TimerEvent: {}
[994.778187] (-) TimerEvent: {}
[994.881007] (-) TimerEvent: {}
[994.983459] (-) TimerEvent: {}
[995.087801] (-) TimerEvent: {}
[995.191771] (-) TimerEvent: {}
[995.292904] (-) TimerEvent: {}
[995.394182] (-) TimerEvent: {}
[995.496131] (-) TimerEvent: {}
[995.599924] (-) TimerEvent: {}
[995.701369] (-) TimerEvent: {}
[995.807914] (-) TimerEvent: {}
[995.910169] (-) TimerEvent: {}
[996.014893] (-) TimerEvent: {}
[996.119943] (-) TimerEvent: {}
[996.223933] (-) TimerEvent: {}
[996.326435] (-) TimerEvent: {}
[996.431292] (-) TimerEvent: {}
[996.533603] (-) TimerEvent: {}
[996.635537] (-) TimerEvent: {}
[996.739775] (-) TimerEvent: {}
[996.841094] (-) TimerEvent: {}
[996.947154] (-) TimerEvent: {}
[997.048198] (-) TimerEvent: {}
[997.149228] (-) TimerEvent: {}
[997.251093] (-) TimerEvent: {}
[997.352401] (-) TimerEvent: {}
[997.453198] (-) TimerEvent: {}
[997.554913] (-) TimerEvent: {}
[997.659785] (-) TimerEvent: {}
[997.764401] (-) TimerEvent: {}
[997.865672] (-) TimerEvent: {}
[997.971494] (-) TimerEvent: {}
[998.073307] (-) TimerEvent: {}
[998.175302] (-) TimerEvent: {}
[998.279584] (-) TimerEvent: {}
[998.381516] (-) TimerEvent: {}
[998.487519] (-) TimerEvent: {}
[998.588729] (-) TimerEvent: {}
[998.690561] (-) TimerEvent: {}
[998.795917] (-) TimerEvent: {}
[998.903222] (-) TimerEvent: {}
[999.004981] (-) TimerEvent: {}
[999.106861] (-) TimerEvent: {}
[999.211515] (-) TimerEvent: {}
[999.312303] (-) TimerEvent: {}
[999.413048] (-) TimerEvent: {}
[999.513828] (-) TimerEvent: {}
[999.615365] (-) TimerEvent: {}
[999.716879] (-) TimerEvent: {}
[999.817641] (-) TimerEvent: {}
[999.922509] (-) TimerEvent: {}
[1000.024822] (-) TimerEvent: {}
[1000.131020] (-) TimerEvent: {}
[1000.235168] (-) TimerEvent: {}
[1000.336256] (-) TimerEvent: {}
[1000.439240] (-) TimerEvent: {}
[1000.540709] (-) TimerEvent: {}
[1000.647074] (-) TimerEvent: {}
[1000.748747] (-) TimerEvent: {}
[1000.851755] (-) TimerEvent: {}
[1000.952581] (-) TimerEvent: {}
[1001.053824] (-) TimerEvent: {}
[1001.155224] (-) TimerEvent: {}
[1001.257254] (-) TimerEvent: {}
[1001.358547] (-) TimerEvent: {}
[1001.459826] (-) TimerEvent: {}
[1001.561087] (-) TimerEvent: {}
[1001.662594] (-) TimerEvent: {}
[1001.764153] (-) TimerEvent: {}
[1001.865437] (-) TimerEvent: {}
[1001.966641] (-) TimerEvent: {}
[1002.067835] (-) TimerEvent: {}
[1002.169045] (-) TimerEvent: {}
[1002.271717] (-) TimerEvent: {}
[1002.372955] (-) TimerEvent: {}
[1002.474205] (-) TimerEvent: {}
[1002.575790] (-) TimerEvent: {}
[1002.677031] (-) TimerEvent: {}
[1002.778520] (-) TimerEvent: {}
[1002.879778] (-) TimerEvent: {}
[1002.981301] (-) TimerEvent: {}
[1003.082366] (-) TimerEvent: {}
[1003.183429] (-) TimerEvent: {}
[1003.284167] (-) TimerEvent: {}
[1003.385731] (-) TimerEvent: {}
[1003.488435] (-) TimerEvent: {}
[1003.590416] (-) TimerEvent: {}
[1003.693301] (-) TimerEvent: {}
[1003.795078] (-) TimerEvent: {}
[1003.896238] (-) TimerEvent: {}
[1003.998344] (-) TimerEvent: {}
[1004.100511] (-) TimerEvent: {}
[1004.201396] (-) TimerEvent: {}
[1004.302438] (-) TimerEvent: {}
[1004.404410] (-) TimerEvent: {}
[1004.506835] (-) TimerEvent: {}
[1004.608397] (-) TimerEvent: {}
[1004.709570] (-) TimerEvent: {}
[1004.811089] (-) TimerEvent: {}
[1004.911843] (-) TimerEvent: {}
[1005.013481] (-) TimerEvent: {}
[1005.114661] (-) TimerEvent: {}
[1005.216269] (-) TimerEvent: {}
[1005.317472] (-) TimerEvent: {}
[1005.419048] (-) TimerEvent: {}
[1005.519908] (-) TimerEvent: {}
[1005.621584] (-) TimerEvent: {}
[1005.723224] (-) TimerEvent: {}
[1005.824644] (-) TimerEvent: {}
[1005.925817] (-) TimerEvent: {}
[1006.027332] (-) TimerEvent: {}
[1006.128513] (-) TimerEvent: {}
[1006.229299] (-) TimerEvent: {}
[1006.330798] (-) TimerEvent: {}
[1006.432026] (-) TimerEvent: {}
[1006.533550] (-) TimerEvent: {}
[1006.634787] (-) TimerEvent: {}
[1006.735613] (-) TimerEvent: {}
[1006.836805] (-) TimerEvent: {}
[1006.938061] (-) TimerEvent: {}
[1007.039560] (-) TimerEvent: {}
[1007.140749] (-) TimerEvent: {}
[1007.241952] (-) TimerEvent: {}
[1007.343194] (-) TimerEvent: {}
[1007.443947] (-) TimerEvent: {}
[1007.544697] (-) TimerEvent: {}
[1007.645490] (-) TimerEvent: {}
[1007.746483] (-) TimerEvent: {}
[1007.847357] (-) TimerEvent: {}
[1007.948306] (-) TimerEvent: {}
[1008.049532] (-) TimerEvent: {}
[1008.150327] (-) TimerEvent: {}
[1008.251609] (-) TimerEvent: {}
[1008.352278] (-) TimerEvent: {}
[1008.453023] (-) TimerEvent: {}
[1008.553952] (-) TimerEvent: {}
[1008.654745] (-) TimerEvent: {}
[1008.759260] (-) TimerEvent: {}
[1008.860094] (-) TimerEvent: {}
[1008.961720] (-) TimerEvent: {}
[1009.063815] (-) TimerEvent: {}
[1009.165426] (-) TimerEvent: {}
[1009.266215] (-) TimerEvent: {}
[1009.367751] (-) TimerEvent: {}
[1009.468870] (-) TimerEvent: {}
[1009.570516] (-) TimerEvent: {}
[1009.671586] (-) TimerEvent: {}
[1009.773051] (-) TimerEvent: {}
[1009.874055] (-) TimerEvent: {}
[1009.975990] (-) TimerEvent: {}
[1010.077344] (-) TimerEvent: {}
[1010.178659] (-) TimerEvent: {}
[1010.279862] (-) TimerEvent: {}
[1010.381312] (-) TimerEvent: {}
[1010.481983] (-) TimerEvent: {}
[1010.582649] (-) TimerEvent: {}
[1010.683457] (-) TimerEvent: {}
[1010.784701] (-) TimerEvent: {}
[1010.885980] (-) TimerEvent: {}
[1010.987042] (-) TimerEvent: {}
[1011.067670] (opentera_webrtc_ros) StdoutLine: {'line': b'[ 88%] \x1b[32mBuilding CXX object SYSTEM/opentera-webrtc-native-client/OpenteraWebrtcNativeClient/python/CMakeFiles/_opentera_webrtc_native_client.dir/src/Utils/ClientPython.cpp.o\x1b[0m\n'}
[1011.091163] (-) TimerEvent: {}
[1011.192159] (-) TimerEvent: {}
[1011.293187] (-) TimerEvent: {}
[1011.394779] (-) TimerEvent: {}
[1011.495572] (-) TimerEvent: {}
[1011.597036] (-) TimerEvent: {}
[1011.698231] (-) TimerEvent: {}
[1011.799810] (-) TimerEvent: {}
[1011.901330] (-) TimerEvent: {}
[1012.002670] (-) TimerEvent: {}
[1012.107166] (-) TimerEvent: {}
[1012.110396] (opentera_webrtc_ros) StdoutLine: {'line': b'[ 89%] \x1b[32mBuilding CXX object SYSTEM/opentera-webrtc-native-client/OpenteraWebrtcNativeClient/python/CMakeFiles/_opentera_webrtc_native_client.dir/src/StreamClientPython.cpp.o\x1b[0m\n'}
[1012.207347] (-) TimerEvent: {}
[1012.308101] (-) TimerEvent: {}
[1012.408890] (-) TimerEvent: {}
[1012.511495] (-) TimerEvent: {}
[1012.612350] (-) TimerEvent: {}
[1012.715534] (-) TimerEvent: {}
[1012.816305] (-) TimerEvent: {}
[1012.917139] (-) TimerEvent: {}
[1013.019535] (-) TimerEvent: {}
[1013.123567] (-) TimerEvent: {}
[1013.166167] (opentera_webrtc_ros) StdoutLine: {'line': b'[ 90%] \x1b[32mBuilding CXX object SYSTEM/opentera-webrtc-native-client/OpenteraWebrtcNativeClient/python/CMakeFiles/_opentera_webrtc_native_client.dir/src/Sources/VideoSourcePython.cpp.o\x1b[0m\n'}
[1013.223807] (-) TimerEvent: {}
[1013.327525] (-) TimerEvent: {}
[1013.431580] (-) TimerEvent: {}
[1013.533394] (-) TimerEvent: {}
[1013.636265] (-) TimerEvent: {}
[1013.740039] (-) TimerEvent: {}
[1013.842051] (-) TimerEvent: {}
[1013.943390] (-) TimerEvent: {}
[1014.048221] (-) TimerEvent: {}
[1014.155197] (-) TimerEvent: {}
[1014.256573] (-) TimerEvent: {}
[1014.358715] (-) TimerEvent: {}
[1014.460761] (-) TimerEvent: {}
[1014.562695] (-) TimerEvent: {}
[1014.668089] (-) TimerEvent: {}
[1014.770220] (-) TimerEvent: {}
[1014.875626] (-) TimerEvent: {}
[1014.977204] (-) TimerEvent: {}
[1015.079632] (-) TimerEvent: {}
[1015.183986] (-) TimerEvent: {}
[1015.285300] (-) TimerEvent: {}
[1015.386532] (-) TimerEvent: {}
[1015.492110] (-) TimerEvent: {}
[1015.593022] (-) TimerEvent: {}
[1015.693950] (-) TimerEvent: {}
[1015.794819] (-) TimerEvent: {}
[1015.895709] (-) TimerEvent: {}
[1015.999520] (-) TimerEvent: {}
[1016.100435] (-) TimerEvent: {}
[1016.201357] (-) TimerEvent: {}
[1016.303620] (-) TimerEvent: {}
[1016.407576] (-) TimerEvent: {}
[1016.508522] (-) TimerEvent: {}
[1016.609614] (-) TimerEvent: {}
[1016.711801] (-) TimerEvent: {}
[1016.819179] (-) TimerEvent: {}
[1016.920562] (-) TimerEvent: {}
[1017.021932] (-) TimerEvent: {}
[1017.127174] (-) TimerEvent: {}
[1017.228389] (-) TimerEvent: {}
[1017.329780] (-) TimerEvent: {}
[1017.431957] (-) TimerEvent: {}
[1017.535535] (-) TimerEvent: {}
[1017.639532] (-) TimerEvent: {}
[1017.743185] (-) TimerEvent: {}
[1017.844519] (-) TimerEvent: {}
[1017.951556] (-) TimerEvent: {}
[1018.053759] (-) TimerEvent: {}
[1018.155927] (-) TimerEvent: {}
[1018.258413] (-) TimerEvent: {}
[1018.363906] (-) TimerEvent: {}
[1018.465907] (-) TimerEvent: {}
[1018.571189] (-) TimerEvent: {}
[1018.672445] (-) TimerEvent: {}
[1018.774172] (-) TimerEvent: {}
[1018.879511] (-) TimerEvent: {}
[1018.981046] (-) TimerEvent: {}
[1019.083770] (-) TimerEvent: {}
[1019.187202] (-) TimerEvent: {}
[1019.288911] (-) TimerEvent: {}
[1019.390638] (-) TimerEvent: {}
[1019.495432] (-) TimerEvent: {}
[1019.596786] (-) TimerEvent: {}
[1019.698401] (-) TimerEvent: {}
[1019.803474] (-) TimerEvent: {}
[1019.904294] (-) TimerEvent: {}
[1020.005120] (-) TimerEvent: {}
[1020.105980] (-) TimerEvent: {}
[1020.207506] (-) TimerEvent: {}
[1020.309297] (-) TimerEvent: {}
[1020.410747] (-) TimerEvent: {}
[1020.518404] (-) TimerEvent: {}
[1020.623638] (-) TimerEvent: {}
[1020.726392] (-) TimerEvent: {}
[1020.831547] (-) TimerEvent: {}
[1020.939878] (-) TimerEvent: {}
[1021.049492] (-) TimerEvent: {}
[1021.154213] (-) TimerEvent: {}
[1021.256914] (-) TimerEvent: {}
[1021.359994] (-) TimerEvent: {}
[1021.463499] (-) TimerEvent: {}
[1021.565206] (-) TimerEvent: {}
[1021.667882] (-) TimerEvent: {}
[1021.771533] (-) TimerEvent: {}
[1021.875391] (-) TimerEvent: {}
[1021.976746] (-) TimerEvent: {}
[1022.080040] (-) TimerEvent: {}
[1022.183872] (-) TimerEvent: {}
[1022.285258] (-) TimerEvent: {}
[1022.387988] (-) TimerEvent: {}
[1022.491867] (-) TimerEvent: {}
[1022.595168] (-) TimerEvent: {}
[1022.696107] (-) TimerEvent: {}
[1022.797071] (-) TimerEvent: {}
[1022.899527] (-) TimerEvent: {}
[1022.936695] (opentera_webrtc_ros) StdoutLine: {'line': b'[ 90%] \x1b[32mBuilding CXX object SYSTEM/opentera-webrtc-native-client/OpenteraWebrtcNativeClient/python/CMakeFiles/_opentera_webrtc_native_client.dir/src/Utils/IceServerPython.cpp.o\x1b[0m\n'}
[1022.999749] (-) TimerEvent: {}
[1023.101183] (-) TimerEvent: {}
[1023.203997] (-) TimerEvent: {}
[1023.307732] (-) TimerEvent: {}
[1023.409735] (-) TimerEvent: {}
[1023.514493] (-) TimerEvent: {}
[1023.616019] (-) TimerEvent: {}
[1023.720130] (-) TimerEvent: {}
[1023.823607] (-) TimerEvent: {}
[1023.931604] (-) TimerEvent: {}
[1024.033046] (-) TimerEvent: {}
[1024.135717] (-) TimerEvent: {}
[1024.243663] (-) TimerEvent: {}
[1024.345437] (-) TimerEvent: {}
[1024.447813] (-) TimerEvent: {}
[1024.551658] (-) TimerEvent: {}
[1024.655555] (-) TimerEvent: {}
[1024.763477] (-) TimerEvent: {}
[1024.865022] (-) TimerEvent: {}
[1024.966413] (-) TimerEvent: {}
[1025.068407] (-) TimerEvent: {}
[1025.170387] (-) TimerEvent: {}
[1025.275885] (-) TimerEvent: {}
[1025.377225] (-) TimerEvent: {}
[1025.478201] (-) TimerEvent: {}
[1025.583394] (-) TimerEvent: {}
[1025.684719] (-) TimerEvent: {}
[1025.786111] (-) TimerEvent: {}
[1025.888161] (-) TimerEvent: {}
[1025.991509] (-) TimerEvent: {}
[1026.095508] (-) TimerEvent: {}
[1026.197215] (-) TimerEvent: {}
[1026.303174] (-) TimerEvent: {}
[1026.404617] (-) TimerEvent: {}
[1026.507523] (-) TimerEvent: {}
[1026.608859] (-) TimerEvent: {}
[1026.711920] (-) TimerEvent: {}
[1026.813335] (-) TimerEvent: {}
[1026.919168] (-) TimerEvent: {}
[1027.020503] (-) TimerEvent: {}
[1027.121974] (-) TimerEvent: {}
[1027.223386] (-) TimerEvent: {}
[1027.327950] (-) TimerEvent: {}
[1027.429375] (-) TimerEvent: {}
[1027.530275] (-) TimerEvent: {}
[1027.635645] (-) TimerEvent: {}
[1027.736808] (-) TimerEvent: {}
[1027.837757] (-) TimerEvent: {}
[1027.938633] (-) TimerEvent: {}
[1028.039547] (-) TimerEvent: {}
[1028.143543] (-) TimerEvent: {}
[1028.244461] (-) TimerEvent: {}
[1028.345439] (-) TimerEvent: {}
[1028.447490] (-) TimerEvent: {}
[1028.551525] (-) TimerEvent: {}
[1028.652563] (-) TimerEvent: {}
[1028.753472] (-) TimerEvent: {}
[1028.859292] (-) TimerEvent: {}
[1028.960903] (-) TimerEvent: {}
[1029.062110] (-) TimerEvent: {}
[1029.163099] (-) TimerEvent: {}
[1029.264068] (-) TimerEvent: {}
[1029.367213] (-) TimerEvent: {}
[1029.471183] (-) TimerEvent: {}
[1029.572504] (-) TimerEvent: {}
[1029.673806] (-) TimerEvent: {}
[1029.780336] (-) TimerEvent: {}
[1029.881924] (-) TimerEvent: {}
[1029.983457] (-) TimerEvent: {}
[1030.087714] (-) TimerEvent: {}
[1030.191595] (-) TimerEvent: {}
[1030.295309] (-) TimerEvent: {}
[1030.397831] (-) TimerEvent: {}
[1030.505103] (-) TimerEvent: {}
[1030.606662] (-) TimerEvent: {}
[1030.708924] (-) TimerEvent: {}
[1030.811083] (-) TimerEvent: {}
[1030.912446] (-) TimerEvent: {}
[1031.015959] (-) TimerEvent: {}
[1031.117882] (-) TimerEvent: {}
[1031.223413] (-) TimerEvent: {}
[1031.324745] (-) TimerEvent: {}
[1031.427236] (-) TimerEvent: {}
[1032.093697] (-) TimerEvent: {}
[1032.195293] (-) TimerEvent: {}
[1032.297637] (-) TimerEvent: {}
[1032.403405] (-) TimerEvent: {}
[1032.504348] (-) TimerEvent: {}
[1032.605941] (-) TimerEvent: {}
[1032.711603] (-) TimerEvent: {}
[1032.812622] (-) TimerEvent: {}
[1032.913696] (-) TimerEvent: {}
[1033.014640] (-) TimerEvent: {}
[1033.115620] (-) TimerEvent: {}
[1033.219563] (-) TimerEvent: {}
[1033.320493] (-) TimerEvent: {}
[1033.421405] (-) TimerEvent: {}
[1033.527536] (-) TimerEvent: {}
[1033.628640] (-) TimerEvent: {}
[1033.729569] (-) TimerEvent: {}
[1033.830518] (-) TimerEvent: {}
[1033.931545] (-) TimerEvent: {}
[1034.032495] (-) TimerEvent: {}
[1034.135559] (-) TimerEvent: {}
[1034.236552] (-) TimerEvent: {}
[1034.339528] (-) TimerEvent: {}
[1034.440517] (-) TimerEvent: {}
[1034.543592] (-) TimerEvent: {}
[1034.645074] (-) TimerEvent: {}
[1034.746203] (-) TimerEvent: {}
[1034.851559] (-) TimerEvent: {}
[1034.952471] (-) TimerEvent: {}
[1035.053389] (-) TimerEvent: {}
[1035.154297] (-) TimerEvent: {}
[1035.255229] (-) TimerEvent: {}
[1035.359587] (-) TimerEvent: {}
[1035.460562] (-) TimerEvent: {}
[1035.561987] (-) TimerEvent: {}
[1035.667195] (-) TimerEvent: {}
[1035.768690] (-) TimerEvent: {}
[1035.870177] (-) TimerEvent: {}
[1035.971573] (-) TimerEvent: {}
[1036.075183] (-) TimerEvent: {}
[1036.176583] (-) TimerEvent: {}
[1036.277971] (-) TimerEvent: {}
[1036.383962] (-) TimerEvent: {}
[1036.485199] (-) TimerEvent: {}
[1036.586648] (-) TimerEvent: {}
[1036.688120] (-) TimerEvent: {}
[1036.791541] (-) TimerEvent: {}
[1036.893090] (-) TimerEvent: {}
[1036.995636] (-) TimerEvent: {}
[1037.099979] (-) TimerEvent: {}
[1037.201403] (-) TimerEvent: {}
[1037.302772] (-) TimerEvent: {}
[1037.408216] (-) TimerEvent: {}
[1037.509658] (-) TimerEvent: {}
[1037.611132] (-) TimerEvent: {}
[1037.712568] (-) TimerEvent: {}
[1037.815951] (-) TimerEvent: {}
[1037.923171] (-) TimerEvent: {}
[1038.024566] (-) TimerEvent: {}
[1038.126663] (-) TimerEvent: {}
[1038.235174] (-) TimerEvent: {}
[1038.336970] (-) TimerEvent: {}
[1038.440125] (-) TimerEvent: {}
[1038.547200] (-) TimerEvent: {}
[1038.648674] (-) TimerEvent: {}
[1038.754865] (-) TimerEvent: {}
[1038.856909] (-) TimerEvent: {}
[1038.958137] (-) TimerEvent: {}
[1039.063478] (-) TimerEvent: {}
[1039.164674] (-) TimerEvent: {}
[1039.266088] (-) TimerEvent: {}
[1039.371213] (-) TimerEvent: {}
[1039.472624] (-) TimerEvent: {}
[1039.574233] (-) TimerEvent: {}
[1039.675630] (-) TimerEvent: {}
[1039.783521] (-) TimerEvent: {}
[1039.887179] (-) TimerEvent: {}
[1039.999165] (-) TimerEvent: {}
[1040.107140] (-) TimerEvent: {}
[1040.207977] (-) TimerEvent: {}
[1040.309760] (-) TimerEvent: {}
[1040.411820] (-) TimerEvent: {}
[1040.516329] (-) TimerEvent: {}
[1040.623203] (-) TimerEvent: {}
[1040.724661] (-) TimerEvent: {}
[1040.828632] (-) TimerEvent: {}
[1040.936017] (-) TimerEvent: {}
[1041.037856] (-) TimerEvent: {}
[1041.139944] (-) TimerEvent: {}
[1041.241318] (-) TimerEvent: {}
[1041.342087] (-) TimerEvent: {}
[1041.443282] (-) TimerEvent: {}
[1041.544078] (-) TimerEvent: {}
[1041.645243] (-) TimerEvent: {}
[1041.746029] (-) TimerEvent: {}
[1041.847179] (-) TimerEvent: {}
[1041.948328] (-) TimerEvent: {}
[1042.049109] (-) TimerEvent: {}
[1042.149935] (-) TimerEvent: {}
[1042.250768] (-) TimerEvent: {}
[1042.351600] (-) TimerEvent: {}
[1042.452392] (-) TimerEvent: {}
[1042.553664] (-) TimerEvent: {}
[1042.655036] (-) TimerEvent: {}
[1042.756584] (-) TimerEvent: {}
[1042.857886] (-) TimerEvent: {}
[1042.959239] (-) TimerEvent: {}
[1043.060535] (-) TimerEvent: {}
[1043.161824] (-) TimerEvent: {}
[1043.263135] (-) TimerEvent: {}
[1043.364448] (-) TimerEvent: {}
[1043.465780] (-) TimerEvent: {}
[1043.567198] (-) TimerEvent: {}
[1043.668558] (-) TimerEvent: {}
[1043.769904] (-) TimerEvent: {}
[1043.871390] (-) TimerEvent: {}
[1043.973761] (-) TimerEvent: {}
[1044.075139] (-) TimerEvent: {}
[1044.176510] (-) TimerEvent: {}
[1044.277908] (-) TimerEvent: {}
[1044.378657] (-) TimerEvent: {}
[1044.480016] (-) TimerEvent: {}
[1044.581447] (-) TimerEvent: {}
[1044.682216] (-) TimerEvent: {}
[1044.783520] (-) TimerEvent: {}
[1044.884828] (-) TimerEvent: {}
[1044.987594] (-) TimerEvent: {}
[1045.089222] (-) TimerEvent: {}
[1045.190530] (-) TimerEvent: {}
[1045.291825] (-) TimerEvent: {}
[1045.393126] (-) TimerEvent: {}
[1045.494414] (-) TimerEvent: {}
[1045.595752] (-) TimerEvent: {}
[1045.697160] (-) TimerEvent: {}
[1045.798946] (-) TimerEvent: {}
[1045.900241] (-) TimerEvent: {}
[1046.001729] (-) TimerEvent: {}
[1046.103334] (-) TimerEvent: {}
[1046.204624] (-) TimerEvent: {}
[1046.305926] (-) TimerEvent: {}
[1046.407172] (-) TimerEvent: {}
[1046.508723] (-) TimerEvent: {}
[1046.609432] (-) TimerEvent: {}
[1046.710145] (-) TimerEvent: {}
[1046.811401] (-) TimerEvent: {}
[1046.912720] (-) TimerEvent: {}
[1047.014584] (-) TimerEvent: {}
[1047.115900] (-) TimerEvent: {}
[1047.217505] (-) TimerEvent: {}
[1047.319159] (-) TimerEvent: {}
[1047.420776] (-) TimerEvent: {}
[1047.522099] (-) TimerEvent: {}
[1047.622890] (-) TimerEvent: {}
[1047.724236] (-) TimerEvent: {}
[1047.825304] (-) TimerEvent: {}
[1047.926825] (-) TimerEvent: {}
[1048.029023] (-) TimerEvent: {}
[1048.131102] (-) TimerEvent: {}
[1048.231864] (-) TimerEvent: {}
[1048.332676] (-) TimerEvent: {}
[1048.433743] (-) TimerEvent: {}
[1048.534562] (-) TimerEvent: {}
[1048.635289] (-) TimerEvent: {}
[1048.736033] (-) TimerEvent: {}
[1048.836744] (-) TimerEvent: {}
[1048.937439] (-) TimerEvent: {}
[1049.038168] (-) TimerEvent: {}
[1049.138913] (-) TimerEvent: {}
[1049.239710] (-) TimerEvent: {}
[1049.340476] (-) TimerEvent: {}
[1049.441247] (-) TimerEvent: {}
[1049.541988] (-) TimerEvent: {}
[1049.642726] (-) TimerEvent: {}
[1049.743551] (-) TimerEvent: {}
[1049.844321] (-) TimerEvent: {}
[1049.945074] (-) TimerEvent: {}
[1050.045863] (-) TimerEvent: {}
[1050.146683] (-) TimerEvent: {}
[1050.247484] (-) TimerEvent: {}
[1050.348208] (-) TimerEvent: {}
[1050.448953] (-) TimerEvent: {}
[1050.549720] (-) TimerEvent: {}
[1050.650474] (-) TimerEvent: {}
[1050.751239] (-) TimerEvent: {}
[1050.852559] (-) TimerEvent: {}
[1050.953808] (-) TimerEvent: {}
[1051.055100] (-) TimerEvent: {}
[1051.155848] (-) TimerEvent: {}
[1051.257630] (-) TimerEvent: {}
[1051.358744] (-) TimerEvent: {}
[1051.459655] (-) TimerEvent: {}
[1051.560982] (-) TimerEvent: {}
[1051.661985] (-) TimerEvent: {}
[1051.762742] (-) TimerEvent: {}
[1051.863462] (-) TimerEvent: {}
[1051.964216] (-) TimerEvent: {}
[1052.064968] (-) TimerEvent: {}
[1052.165729] (-) TimerEvent: {}
[1052.266507] (-) TimerEvent: {}
[1052.367318] (-) TimerEvent: {}
[1052.468083] (-) TimerEvent: {}
[1052.569698] (-) TimerEvent: {}
[1052.670491] (-) TimerEvent: {}
[1052.772320] (-) TimerEvent: {}
[1052.873999] (-) TimerEvent: {}
[1052.975529] (-) TimerEvent: {}
[1053.076828] (-) TimerEvent: {}
[1053.178118] (-) TimerEvent: {}
[1053.279098] (-) TimerEvent: {}
[1053.380311] (-) TimerEvent: {}
[1053.481859] (-) TimerEvent: {}
[1053.583425] (-) TimerEvent: {}
[1053.684859] (-) TimerEvent: {}
[1053.786000] (-) TimerEvent: {}
[1053.887579] (-) TimerEvent: {}
[1053.988721] (-) TimerEvent: {}
[1054.090207] (-) TimerEvent: {}
[1054.191311] (-) TimerEvent: {}
[1054.292799] (-) TimerEvent: {}
[1054.393839] (-) TimerEvent: {}
[1054.495600] (-) TimerEvent: {}
[1054.597209] (-) TimerEvent: {}
[1054.698214] (-) TimerEvent: {}
[1054.800493] (-) TimerEvent: {}
[1054.901217] (-) TimerEvent: {}
[1055.002548] (-) TimerEvent: {}
[1055.103617] (-) TimerEvent: {}
[1055.205196] (-) TimerEvent: {}
[1055.306544] (-) TimerEvent: {}
[1055.407610] (-) TimerEvent: {}
[1055.509040] (-) TimerEvent: {}
[1055.610371] (-) TimerEvent: {}
[1055.711387] (-) TimerEvent: {}
[1055.812066] (-) TimerEvent: {}
[1055.913393] (-) TimerEvent: {}
[1056.014397] (-) TimerEvent: {}
[1056.115094] (-) TimerEvent: {}
[1056.215743] (-) TimerEvent: {}
[1056.317092] (-) TimerEvent: {}
[1056.418131] (-) TimerEvent: {}
[1056.519495] (-) TimerEvent: {}
[1056.620551] (-) TimerEvent: {}
[1056.722087] (-) TimerEvent: {}
[1056.823119] (-) TimerEvent: {}
[1056.924466] (-) TimerEvent: {}
[1057.025207] (-) TimerEvent: {}
[1057.126528] (-) TimerEvent: {}
[1057.227610] (-) TimerEvent: {}
[1057.328982] (-) TimerEvent: {}
[1057.430204] (-) TimerEvent: {}
[1057.530841] (-) TimerEvent: {}
[1057.632271] (-) TimerEvent: {}
[1057.733281] (-) TimerEvent: {}
[1057.834654] (-) TimerEvent: {}
[1057.935723] (-) TimerEvent: {}
[1058.037324] (-) TimerEvent: {}
[1058.138300] (-) TimerEvent: {}
[1058.239690] (-) TimerEvent: {}
[1058.341081] (-) TimerEvent: {}
[1058.442455] (-) TimerEvent: {}
[1058.543528] (-) TimerEvent: {}
[1058.644199] (-) TimerEvent: {}
[1058.745597] (-) TimerEvent: {}
[1058.846669] (-) TimerEvent: {}
[1058.948070] (-) TimerEvent: {}
[1059.049092] (-) TimerEvent: {}
[1059.150474] (-) TimerEvent: {}
[1059.251149] (-) TimerEvent: {}
[1059.352291] (-) TimerEvent: {}
[1059.453460] (-) TimerEvent: {}
[1059.554587] (-) TimerEvent: {}
[1059.655716] (-) TimerEvent: {}
[1059.756368] (-) TimerEvent: {}
[1059.857043] (-) TimerEvent: {}
[1059.957692] (-) TimerEvent: {}
[1060.058344] (-) TimerEvent: {}
[1060.159040] (-) TimerEvent: {}
[1060.259681] (-) TimerEvent: {}
[1060.360344] (-) TimerEvent: {}
[1060.461002] (-) TimerEvent: {}
[1060.561703] (-) TimerEvent: {}
[1060.662341] (-) TimerEvent: {}
[1060.763044] (-) TimerEvent: {}
[1060.863685] (-) TimerEvent: {}
[1060.964356] (-) TimerEvent: {}
[1061.064996] (-) TimerEvent: {}
[1061.165628] (-) TimerEvent: {}
[1061.266378] (-) TimerEvent: {}
[1061.367509] (-) TimerEvent: {}
[1061.468890] (-) TimerEvent: {}
[1061.570000] (-) TimerEvent: {}
[1061.671637] (-) TimerEvent: {}
[1061.772629] (-) TimerEvent: {}
[1061.873858] (-) TimerEvent: {}
[1061.974815] (-) TimerEvent: {}
[1062.075527] (-) TimerEvent: {}
[1062.176366] (-) TimerEvent: {}
[1062.276978] (-) TimerEvent: {}
[1062.377605] (-) TimerEvent: {}
[1062.478238] (-) TimerEvent: {}
[1062.578854] (-) TimerEvent: {}
[1062.679506] (-) TimerEvent: {}
[1062.780139] (-) TimerEvent: {}
[1062.880766] (-) TimerEvent: {}
[1062.981403] (-) TimerEvent: {}
[1063.082037] (-) TimerEvent: {}
[1063.182653] (-) TimerEvent: {}
[1063.283303] (-) TimerEvent: {}
[1063.383941] (-) TimerEvent: {}
[1063.487238] (-) TimerEvent: {}
[1063.588221] (-) TimerEvent: {}
[1063.689083] (-) TimerEvent: {}
[1063.789757] (-) TimerEvent: {}
[1063.890414] (-) TimerEvent: {}
[1063.991130] (-) TimerEvent: {}
[1064.091805] (-) TimerEvent: {}
[1064.192507] (-) TimerEvent: {}
[1064.294041] (-) TimerEvent: {}
[1064.395001] (-) TimerEvent: {}
[1064.495675] (-) TimerEvent: {}
[1064.596358] (-) TimerEvent: {}
[1064.697080] (-) TimerEvent: {}
[1064.797760] (-) TimerEvent: {}
[1064.898389] (-) TimerEvent: {}
[1064.999064] (-) TimerEvent: {}
[1065.101253] (-) TimerEvent: {}
[1065.205702] (-) TimerEvent: {}
[1065.306408] (-) TimerEvent: {}
[1065.407173] (-) TimerEvent: {}
[1065.508193] (-) TimerEvent: {}
[1065.609950] (-) TimerEvent: {}
[1065.710887] (-) TimerEvent: {}
[1065.811933] (-) TimerEvent: {}
[1065.913329] (-) TimerEvent: {}
[1066.005451] (opentera_webrtc_ros) StdoutLine: {'line': b'[ 92%] \x1b[32mBuilding CXX object SYSTEM/opentera-webrtc-native-client/OpenteraWebrtcNativeClient/python/CMakeFiles/_opentera_webrtc_native_client.dir/src/WebrtcClientPython.cpp.o\x1b[0m\n'}
[1066.006254] (opentera_webrtc_ros) StdoutLine: {'line': b'[ 92%] \x1b[32mBuilding CXX object SYSTEM/opentera-webrtc-native-client/OpenteraWebrtcNativeClient/python/CMakeFiles/_opentera_webrtc_native_client.dir/src/opentera_webrtc_native_client.cpp.o\x1b[0m\n'}
[1066.013860] (-) TimerEvent: {}
[1066.115160] (-) TimerEvent: {}
[1066.215970] (-) TimerEvent: {}
[1066.318345] (-) TimerEvent: {}
[1066.419771] (-) TimerEvent: {}
[1066.521409] (-) TimerEvent: {}
[1066.622738] (-) TimerEvent: {}
[1066.724308] (-) TimerEvent: {}
[1066.825655] (-) TimerEvent: {}
[1066.926953] (-) TimerEvent: {}
[1067.027781] (-) TimerEvent: {}
[1067.128509] (-) TimerEvent: {}
[1067.229259] (-) TimerEvent: {}
[1067.332527] (-) TimerEvent: {}
[1067.433826] (-) TimerEvent: {}
[1067.534632] (-) TimerEvent: {}
[1067.635518] (-) TimerEvent: {}
[1067.736382] (-) TimerEvent: {}
[1067.837245] (-) TimerEvent: {}
[1067.938097] (-) TimerEvent: {}
[1068.038844] (-) TimerEvent: {}
[1068.139658] (-) TimerEvent: {}
[1068.241951] (-) TimerEvent: {}
[1068.346376] (-) TimerEvent: {}
[1068.448052] (-) TimerEvent: {}
[1068.549314] (-) TimerEvent: {}
[1068.650151] (-) TimerEvent: {}
[1068.750919] (-) TimerEvent: {}
[1068.851700] (-) TimerEvent: {}
[1068.952490] (-) TimerEvent: {}
[1069.053771] (-) TimerEvent: {}
[1069.155103] (-) TimerEvent: {}
[1069.256463] (-) TimerEvent: {}
[1069.357978] (-) TimerEvent: {}
[1069.458871] (-) TimerEvent: {}
[1069.559725] (-) TimerEvent: {}
[1069.660800] (-) TimerEvent: {}
[1069.762741] (-) TimerEvent: {}
[1069.863599] (-) TimerEvent: {}
[1069.964363] (-) TimerEvent: {}
[1070.065110] (-) TimerEvent: {}
[1070.167044] (-) TimerEvent: {}
[1070.268176] (-) TimerEvent: {}
[1070.369090] (-) TimerEvent: {}
[1070.469919] (-) TimerEvent: {}
[1070.570680] (-) TimerEvent: {}
[1070.671507] (-) TimerEvent: {}
[1070.772245] (-) TimerEvent: {}
[1070.873205] (-) TimerEvent: {}
[1070.973991] (-) TimerEvent: {}
[1071.075387] (-) TimerEvent: {}
[1071.176684] (-) TimerEvent: {}
[1071.277995] (-) TimerEvent: {}
[1071.378790] (-) TimerEvent: {}
[1071.479603] (-) TimerEvent: {}
[1071.580874] (-) TimerEvent: {}
[1071.681664] (-) TimerEvent: {}
[1071.782478] (-) TimerEvent: {}
[1071.883323] (-) TimerEvent: {}
[1071.984096] (-) TimerEvent: {}
[1072.084953] (-) TimerEvent: {}
[1072.185824] (-) TimerEvent: {}
[1072.286658] (-) TimerEvent: {}
[1072.387497] (-) TimerEvent: {}
[1072.488584] (-) TimerEvent: {}
[1072.589355] (-) TimerEvent: {}
[1072.690128] (-) TimerEvent: {}
[1072.790880] (-) TimerEvent: {}
[1072.891691] (-) TimerEvent: {}
[1072.992451] (-) TimerEvent: {}
[1073.093238] (-) TimerEvent: {}
[1073.194021] (-) TimerEvent: {}
[1073.295401] (-) TimerEvent: {}
[1073.396799] (-) TimerEvent: {}
[1073.498345] (-) TimerEvent: {}
[1073.599683] (-) TimerEvent: {}
[1073.701048] (-) TimerEvent: {}
[1073.802369] (-) TimerEvent: {}
[1073.903139] (-) TimerEvent: {}
[1074.003870] (-) TimerEvent: {}
[1074.104633] (-) TimerEvent: {}
[1074.205464] (-) TimerEvent: {}
[1074.307112] (-) TimerEvent: {}
[1074.407893] (-) TimerEvent: {}
[1074.509254] (-) TimerEvent: {}
[1074.610582] (-) TimerEvent: {}
[1074.711419] (-) TimerEvent: {}
[1074.812261] (-) TimerEvent: {}
[1074.913152] (-) TimerEvent: {}
[1075.014192] (-) TimerEvent: {}
[1075.115424] (-) TimerEvent: {}
[1075.217099] (-) TimerEvent: {}
[1075.318328] (-) TimerEvent: {}
[1075.419953] (-) TimerEvent: {}
[1075.520734] (-) TimerEvent: {}
[1075.622125] (-) TimerEvent: {}
[1075.723440] (-) TimerEvent: {}
[1075.824799] (-) TimerEvent: {}
[1075.926228] (-) TimerEvent: {}
[1076.027074] (-) TimerEvent: {}
[1076.127836] (-) TimerEvent: {}
[1076.228627] (-) TimerEvent: {}
[1076.329434] (-) TimerEvent: {}
[1076.433448] (-) TimerEvent: {}
[1076.534749] (-) TimerEvent: {}
[1076.636348] (-) TimerEvent: {}
[1076.737890] (-) TimerEvent: {}
[1076.839505] (-) TimerEvent: {}
[1076.940336] (-) TimerEvent: {}
[1077.042255] (-) TimerEvent: {}
[1077.143662] (-) TimerEvent: {}
[1077.245260] (-) TimerEvent: {}
[1077.346861] (-) TimerEvent: {}
[1077.448110] (-) TimerEvent: {}
[1077.549990] (-) TimerEvent: {}
[1077.651706] (-) TimerEvent: {}
[1077.753798] (-) TimerEvent: {}
[1077.855175] (-) TimerEvent: {}
[1077.956558] (-) TimerEvent: {}
[1078.057576] (-) TimerEvent: {}
[1078.158936] (-) TimerEvent: {}
[1078.260003] (-) TimerEvent: {}
[1078.361377] (-) TimerEvent: {}
[1078.462405] (-) TimerEvent: {}
[1078.563795] (-) TimerEvent: {}
[1078.664495] (-) TimerEvent: {}
[1078.765828] (-) TimerEvent: {}
[1078.866915] (-) TimerEvent: {}
[1078.967697] (-) TimerEvent: {}
[1079.069187] (-) TimerEvent: {}
[1079.170279] (-) TimerEvent: {}
[1079.271934] (-) TimerEvent: {}
[1079.372662] (-) TimerEvent: {}
[1079.474117] (-) TimerEvent: {}
[1079.575285] (-) TimerEvent: {}
[1079.676763] (-) TimerEvent: {}
[1079.778238] (-) TimerEvent: {}
[1079.880119] (-) TimerEvent: {}
[1079.981144] (-) TimerEvent: {}
[1080.082522] (-) TimerEvent: {}
[1080.184583] (-) TimerEvent: {}
[1080.285887] (-) TimerEvent: {}
[1080.387367] (-) TimerEvent: {}
[1080.488366] (-) TimerEvent: {}
[1080.589719] (-) TimerEvent: {}
[1080.690745] (-) TimerEvent: {}
[1080.792295] (-) TimerEvent: {}
[1080.893508] (-) TimerEvent: {}
[1080.994799] (-) TimerEvent: {}
[1081.095865] (-) TimerEvent: {}
[1081.197244] (-) TimerEvent: {}
[1081.298045] (-) TimerEvent: {}
[1081.399416] (-) TimerEvent: {}
[1081.500438] (-) TimerEvent: {}
[1081.601725] (-) TimerEvent: {}
[1081.703043] (-) TimerEvent: {}
[1081.804063] (-) TimerEvent: {}
[1081.905370] (-) TimerEvent: {}
[1082.006370] (-) TimerEvent: {}
[1082.107085] (-) TimerEvent: {}
[1082.208390] (-) TimerEvent: {}
[1082.309085] (-) TimerEvent: {}
[1082.410375] (-) TimerEvent: {}
[1082.511509] (-) TimerEvent: {}
[1082.612781] (-) TimerEvent: {}
[1082.714004] (-) TimerEvent: {}
[1082.815056] (-) TimerEvent: {}
[1082.916353] (-) TimerEvent: {}
[1083.017034] (-) TimerEvent: {}
[1083.118309] (-) TimerEvent: {}
[1083.219642] (-) TimerEvent: {}
[1083.320669] (-) TimerEvent: {}
[1083.422065] (-) TimerEvent: {}
[1083.523117] (-) TimerEvent: {}
[1083.624377] (-) TimerEvent: {}
[1083.725383] (-) TimerEvent: {}
[1083.826066] (-) TimerEvent: {}
[1083.927377] (-) TimerEvent: {}
[1084.028386] (-) TimerEvent: {}
[1084.129680] (-) TimerEvent: {}
[1084.230689] (-) TimerEvent: {}
[1084.331406] (-) TimerEvent: {}
[1084.432672] (-) TimerEvent: {}
[1084.533714] (-) TimerEvent: {}
[1084.635040] (-) TimerEvent: {}
[1084.736247] (-) TimerEvent: {}
[1084.837261] (-) TimerEvent: {}
[1084.938562] (-) TimerEvent: {}
[1085.039279] (-) TimerEvent: {}
[1085.140550] (-) TimerEvent: {}
[1085.241681] (-) TimerEvent: {}
[1085.342383] (-) TimerEvent: {}
[1085.443096] (-) TimerEvent: {}
[1085.543773] (-) TimerEvent: {}
[1085.644539] (-) TimerEvent: {}
[1085.745857] (-) TimerEvent: {}
[1085.846899] (-) TimerEvent: {}
[1085.948225] (-) TimerEvent: {}
[1086.049257] (-) TimerEvent: {}
[1086.149952] (-) TimerEvent: {}
[1086.251298] (-) TimerEvent: {}
[1086.352045] (-) TimerEvent: {}
[1086.452768] (-) TimerEvent: {}
[1086.553473] (-) TimerEvent: {}
[1086.654194] (-) TimerEvent: {}
[1086.754918] (-) TimerEvent: {}
[1086.856262] (-) TimerEvent: {}
[1086.957297] (-) TimerEvent: {}
[1087.058878] (-) TimerEvent: {}
[1087.159928] (-) TimerEvent: {}
[1087.260613] (-) TimerEvent: {}
[1087.361954] (-) TimerEvent: {}
[1087.463054] (-) TimerEvent: {}
[1087.564326] (-) TimerEvent: {}
[1087.665364] (-) TimerEvent: {}
[1087.766427] (-) TimerEvent: {}
[1087.867597] (-) TimerEvent: {}
[1087.968576] (-) TimerEvent: {}
[1088.071168] (-) TimerEvent: {}
[1088.171833] (-) TimerEvent: {}
[1088.272537] (-) TimerEvent: {}
[1088.373514] (-) TimerEvent: {}
[1088.474543] (-) TimerEvent: {}
[1088.575254] (-) TimerEvent: {}
[1088.675916] (-) TimerEvent: {}
[1088.776616] (-) TimerEvent: {}
[1088.877413] (-) TimerEvent: {}
[1088.978057] (-) TimerEvent: {}
[1089.078719] (-) TimerEvent: {}
[1089.179411] (-) TimerEvent: {}
[1089.280106] (-) TimerEvent: {}
[1089.380835] (-) TimerEvent: {}
[1089.481851] (-) TimerEvent: {}
[1089.582663] (-) TimerEvent: {}
[1089.683373] (-) TimerEvent: {}
[1089.784105] (-) TimerEvent: {}
[1089.885158] (-) TimerEvent: {}
[1089.986938] (-) TimerEvent: {}
[1090.087980] (-) TimerEvent: {}
[1090.188662] (-) TimerEvent: {}
[1090.290029] (-) TimerEvent: {}
[1090.390683] (-) TimerEvent: {}
[1090.491405] (-) TimerEvent: {}
[1090.592660] (-) TimerEvent: {}
[1090.693667] (-) TimerEvent: {}
[1090.794962] (-) TimerEvent: {}
[1090.896067] (-) TimerEvent: {}
[1090.997466] (-) TimerEvent: {}
[1091.098463] (-) TimerEvent: {}
[1091.199780] (-) TimerEvent: {}
[1091.301085] (-) TimerEvent: {}
[1091.402116] (-) TimerEvent: {}
[1091.503460] (-) TimerEvent: {}
[1091.604488] (-) TimerEvent: {}
[1091.705754] (-) TimerEvent: {}
[1091.807065] (-) TimerEvent: {}
[1091.908058] (-) TimerEvent: {}
[1092.008737] (-) TimerEvent: {}
[1092.110013] (-) TimerEvent: {}
[1092.211068] (-) TimerEvent: {}
[1092.312345] (-) TimerEvent: {}
[1092.413361] (-) TimerEvent: {}
[1092.514684] (-) TimerEvent: {}
[1092.615423] (-) TimerEvent: {}
[1092.716703] (-) TimerEvent: {}
[1092.817965] (-) TimerEvent: {}
[1092.919055] (-) TimerEvent: {}
[1093.020345] (-) TimerEvent: {}
[1093.121344] (-) TimerEvent: {}
[1093.221988] (-) TimerEvent: {}
[1093.323384] (-) TimerEvent: {}
[1093.424411] (-) TimerEvent: {}
[1093.525740] (-) TimerEvent: {}
[1093.626777] (-) TimerEvent: {}
[1093.728185] (-) TimerEvent: {}
[1093.829446] (-) TimerEvent: {}
[1093.930520] (-) TimerEvent: {}
[1094.031247] (-) TimerEvent: {}
[1094.132540] (-) TimerEvent: {}
[1094.233592] (-) TimerEvent: {}
[1094.334249] (-) TimerEvent: {}
[1094.435571] (-) TimerEvent: {}
[1094.536281] (-) TimerEvent: {}
[1094.637608] (-) TimerEvent: {}
[1094.738605] (-) TimerEvent: {}
[1094.839881] (-) TimerEvent: {}
[1094.940918] (-) TimerEvent: {}
[1095.042207] (-) TimerEvent: {}
[1095.142910] (-) TimerEvent: {}
[1095.244257] (-) TimerEvent: {}
[1095.345268] (-) TimerEvent: {}
[1095.446573] (-) TimerEvent: {}
[1095.547294] (-) TimerEvent: {}
[1095.648626] (-) TimerEvent: {}
[1095.749310] (-) TimerEvent: {}
[1095.850036] (-) TimerEvent: {}
[1095.951341] (-) TimerEvent: {}
[1096.052354] (-) TimerEvent: {}
[1096.153674] (-) TimerEvent: {}
[1096.254670] (-) TimerEvent: {}
[1096.355373] (-) TimerEvent: {}
[1096.456631] (-) TimerEvent: {}
[1096.557639] (-) TimerEvent: {}
[1096.658314] (-) TimerEvent: {}
[1096.759649] (-) TimerEvent: {}
[1096.861117] (-) TimerEvent: {}
[1096.962477] (-) TimerEvent: {}
[1097.063537] (-) TimerEvent: {}
[1097.164748] (-) TimerEvent: {}
[1097.265386] (-) TimerEvent: {}
[1097.366587] (-) TimerEvent: {}
[1097.467503] (-) TimerEvent: {}
[1097.568567] (-) TimerEvent: {}
[1098.486761] (-) TimerEvent: {}
[1098.587627] (-) TimerEvent: {}
[1098.688254] (-) TimerEvent: {}
[1098.789107] (-) TimerEvent: {}
[1098.889822] (-) TimerEvent: {}
[1098.990657] (-) TimerEvent: {}
[1099.091392] (-) TimerEvent: {}
[1099.192044] (-) TimerEvent: {}
[1099.293330] (-) TimerEvent: {}
[1099.394012] (-) TimerEvent: {}
[1099.495277] (-) TimerEvent: {}
[1099.596234] (-) TimerEvent: {}
[1099.697651] (-) TimerEvent: {}
[1099.798620] (-) TimerEvent: {}
[1099.899895] (-) TimerEvent: {}
[1100.000826] (-) TimerEvent: {}
[1100.102010] (-) TimerEvent: {}
[1100.202685] (-) TimerEvent: {}
[1100.303803] (-) TimerEvent: {}
[1100.404738] (-) TimerEvent: {}
[1100.506440] (-) TimerEvent: {}
[1100.607596] (-) TimerEvent: {}
[1100.645672] (opentera_webrtc_ros) StdoutLine: {'line': b'[ 93%] \x1b[32m\x1b[1mLinking CXX shared module bin/Debug/_opentera_webrtc_native_client.cpython-310-aarch64-linux-gnu.so\x1b[0m\n'}
[1100.707762] (-) TimerEvent: {}
[1100.808743] (-) TimerEvent: {}
[1100.909775] (-) TimerEvent: {}
[1101.010351] (-) TimerEvent: {}
[1101.110914] (-) TimerEvent: {}
[1101.211510] (-) TimerEvent: {}
[1101.312077] (-) TimerEvent: {}
[1101.412650] (-) TimerEvent: {}
[1101.513221] (-) TimerEvent: {}
[1101.613792] (-) TimerEvent: {}
[1101.714357] (-) TimerEvent: {}
[1101.819237] (-) TimerEvent: {}
[1101.920132] (-) TimerEvent: {}
[1102.023401] (-) TimerEvent: {}
[1102.124666] (-) TimerEvent: {}
[1102.225852] (-) TimerEvent: {}
[1102.327244] (-) TimerEvent: {}
[1102.431422] (-) TimerEvent: {}
[1102.532263] (-) TimerEvent: {}
[1102.633158] (-) TimerEvent: {}
[1102.733830] (-) TimerEvent: {}
[1102.834573] (-) TimerEvent: {}
[1102.935521] (-) TimerEvent: {}
[1103.036223] (-) TimerEvent: {}
[1103.136915] (-) TimerEvent: {}
[1103.237835] (-) TimerEvent: {}
[1103.339063] (-) TimerEvent: {}
[1103.440116] (-) TimerEvent: {}
[1103.541027] (-) TimerEvent: {}
[1103.641719] (-) TimerEvent: {}
[1103.742441] (-) TimerEvent: {}
[1103.843130] (-) TimerEvent: {}
[1103.943824] (-) TimerEvent: {}
[1104.044620] (-) TimerEvent: {}
[1104.145450] (-) TimerEvent: {}
[1104.246151] (-) TimerEvent: {}
[1104.346900] (-) TimerEvent: {}
[1104.448327] (-) TimerEvent: {}
[1104.549057] (-) TimerEvent: {}
[1104.649985] (-) TimerEvent: {}
[1104.750722] (-) TimerEvent: {}
[1104.851838] (-) TimerEvent: {}
[1104.952506] (-) TimerEvent: {}
[1105.053203] (-) TimerEvent: {}
[1105.153852] (-) TimerEvent: {}
[1105.254543] (-) TimerEvent: {}
[1105.355248] (-) TimerEvent: {}
[1105.455920] (-) TimerEvent: {}
[1105.556701] (-) TimerEvent: {}
[1105.657439] (-) TimerEvent: {}
[1105.758106] (-) TimerEvent: {}
[1105.858751] (-) TimerEvent: {}
[1105.959436] (-) TimerEvent: {}
[1106.060123] (-) TimerEvent: {}
[1106.160826] (-) TimerEvent: {}
[1106.261657] (-) TimerEvent: {}
[1106.362438] (-) TimerEvent: {}
[1106.463540] (-) TimerEvent: {}
[1106.564506] (-) TimerEvent: {}
[1106.665256] (-) TimerEvent: {}
[1106.766011] (-) TimerEvent: {}
[1106.866803] (-) TimerEvent: {}
[1106.967663] (-) TimerEvent: {}
[1107.068617] (-) TimerEvent: {}
[1107.169419] (-) TimerEvent: {}
[1107.270506] (-) TimerEvent: {}
[1107.371672] (-) TimerEvent: {}
[1107.472558] (-) TimerEvent: {}
[1107.573363] (-) TimerEvent: {}
[1107.674531] (-) TimerEvent: {}
[1107.776233] (-) TimerEvent: {}
[1107.877008] (-) TimerEvent: {}
[1107.977914] (-) TimerEvent: {}
[1108.078961] (-) TimerEvent: {}
[1108.179933] (-) TimerEvent: {}
[1108.280703] (-) TimerEvent: {}
[1108.381429] (-) TimerEvent: {}
[1108.482130] (-) TimerEvent: {}
[1108.582769] (-) TimerEvent: {}
[1108.683521] (-) TimerEvent: {}
[1108.784263] (-) TimerEvent: {}
[1108.885061] (-) TimerEvent: {}
[1108.985858] (-) TimerEvent: {}
[1109.086655] (-) TimerEvent: {}
[1109.187689] (-) TimerEvent: {}
[1109.288367] (-) TimerEvent: {}
[1109.389062] (-) TimerEvent: {}
[1109.489766] (-) TimerEvent: {}
[1109.590520] (-) TimerEvent: {}
[1109.691364] (-) TimerEvent: {}
[1109.792384] (-) TimerEvent: {}
[1109.893142] (-) TimerEvent: {}
[1109.993792] (-) TimerEvent: {}
[1110.094422] (-) TimerEvent: {}
[1110.195096] (-) TimerEvent: {}
[1110.296062] (-) TimerEvent: {}
[1110.396797] (-) TimerEvent: {}
[1110.497957] (-) TimerEvent: {}
[1110.598738] (-) TimerEvent: {}
[1110.699776] (-) TimerEvent: {}
[1110.800447] (-) TimerEvent: {}
[1110.901409] (-) TimerEvent: {}
[1111.002228] (-) TimerEvent: {}
[1111.103342] (-) TimerEvent: {}
[1111.204170] (-) TimerEvent: {}
[1111.305159] (-) TimerEvent: {}
[1111.406017] (-) TimerEvent: {}
[1111.507882] (-) TimerEvent: {}
[1111.609609] (-) TimerEvent: {}
[1111.710343] (-) TimerEvent: {}
[1111.811200] (-) TimerEvent: {}
[1111.912918] (-) TimerEvent: {}
[1112.013679] (-) TimerEvent: {}
[1112.115362] (-) TimerEvent: {}
[1112.216265] (-) TimerEvent: {}
[1112.317726] (-) TimerEvent: {}
[1112.419177] (-) TimerEvent: {}
[1112.520908] (-) TimerEvent: {}
[1112.622073] (-) TimerEvent: {}
[1112.723973] (-) TimerEvent: {}
[1112.825559] (-) TimerEvent: {}
[1112.927079] (-) TimerEvent: {}
[1113.028306] (-) TimerEvent: {}
[1113.129739] (-) TimerEvent: {}
[1113.230883] (-) TimerEvent: {}
[1113.331835] (-) TimerEvent: {}
[1113.433200] (-) TimerEvent: {}
[1113.534526] (-) TimerEvent: {}
[1113.636262] (-) TimerEvent: {}
[1113.737368] (-) TimerEvent: {}
[1113.838848] (-) TimerEvent: {}
[1113.940144] (-) TimerEvent: {}
[1114.041520] (-) TimerEvent: {}
[1114.143078] (-) TimerEvent: {}
[1114.244413] (-) TimerEvent: {}
[1114.345810] (-) TimerEvent: {}
[1114.446612] (-) TimerEvent: {}
[1114.548424] (-) TimerEvent: {}
[1114.649484] (-) TimerEvent: {}
[1114.751034] (-) TimerEvent: {}
[1114.851907] (-) TimerEvent: {}
[1114.953337] (-) TimerEvent: {}
[1115.054576] (-) TimerEvent: {}
[1115.155576] (-) TimerEvent: {}
[1115.257022] (-) TimerEvent: {}
[1115.358449] (-) TimerEvent: {}
[1115.460212] (-) TimerEvent: {}
[1115.561357] (-) TimerEvent: {}
[1115.662903] (-) TimerEvent: {}
[1115.764233] (-) TimerEvent: {}
[1115.865689] (-) TimerEvent: {}
[1115.967111] (-) TimerEvent: {}
[1116.068499] (-) TimerEvent: {}
[1116.169968] (-) TimerEvent: {}
[1116.271369] (-) TimerEvent: {}
[1116.372796] (-) TimerEvent: {}
[1116.473978] (-) TimerEvent: {}
[1116.574830] (-) TimerEvent: {}
[1116.676263] (-) TimerEvent: {}
[1116.777083] (-) TimerEvent: {}
[1116.877895] (-) TimerEvent: {}
[1116.979332] (-) TimerEvent: {}
[1117.080496] (-) TimerEvent: {}
[1117.182222] (-) TimerEvent: {}
[1117.283024] (-) TimerEvent: {}
[1117.384513] (-) TimerEvent: {}
[1117.485416] (-) TimerEvent: {}
[1117.587032] (-) TimerEvent: {}
[1117.688148] (-) TimerEvent: {}
[1117.789925] (-) TimerEvent: {}
[1117.891062] (-) TimerEvent: {}
[1117.992573] (-) TimerEvent: {}
[1118.093937] (-) TimerEvent: {}
[1118.195349] (-) TimerEvent: {}
[1118.296155] (-) TimerEvent: {}
[1118.397904] (-) TimerEvent: {}
[1118.499048] (-) TimerEvent: {}
[1118.600545] (-) TimerEvent: {}
[1118.701489] (-) TimerEvent: {}
[1118.802888] (-) TimerEvent: {}
[1118.903751] (-) TimerEvent: {}
[1119.005544] (-) TimerEvent: {}
[1119.106679] (-) TimerEvent: {}
[1119.207520] (-) TimerEvent: {}
[1119.309084] (-) TimerEvent: {}
[1119.410573] (-) TimerEvent: {}
[1119.512041] (-) TimerEvent: {}
[1119.613562] (-) TimerEvent: {}
[1119.715125] (-) TimerEvent: {}
[1119.816675] (-) TimerEvent: {}
[1119.918250] (-) TimerEvent: {}
[1120.019749] (-) TimerEvent: {}
[1120.120868] (-) TimerEvent: {}
[1120.221607] (-) TimerEvent: {}
[1120.323047] (-) TimerEvent: {}
[1120.424249] (-) TimerEvent: {}
[1120.525462] (-) TimerEvent: {}
[1120.626478] (-) TimerEvent: {}
[1120.727605] (-) TimerEvent: {}
[1120.828696] (-) TimerEvent: {}
[1120.929737] (-) TimerEvent: {}
[1121.030328] (-) TimerEvent: {}
[1121.130945] (-) TimerEvent: {}
[1121.231669] (-) TimerEvent: {}
[1121.332807] (-) TimerEvent: {}
[1121.433694] (-) TimerEvent: {}
[1121.535989] (-) TimerEvent: {}
[1121.637180] (-) TimerEvent: {}
[1121.739598] (-) TimerEvent: {}
[1121.841032] (-) TimerEvent: {}
[1121.944229] (-) TimerEvent: {}
[1122.047140] (-) TimerEvent: {}
[1122.148260] (-) TimerEvent: {}
[1122.248937] (-) TimerEvent: {}
[1122.350941] (-) TimerEvent: {}
[1122.451964] (-) TimerEvent: {}
[1122.552883] (-) TimerEvent: {}
[1122.654842] (-) TimerEvent: {}
[1122.756507] (-) TimerEvent: {}
[1122.857561] (-) TimerEvent: {}
[1122.958569] (-) TimerEvent: {}
[1123.060489] (-) TimerEvent: {}
[1123.161374] (-) TimerEvent: {}
[1123.262301] (-) TimerEvent: {}
[1123.363263] (-) TimerEvent: {}
[1123.464194] (-) TimerEvent: {}
[1123.565123] (-) TimerEvent: {}
[1123.666056] (-) TimerEvent: {}
[1123.766679] (-) TimerEvent: {}
[1123.867413] (-) TimerEvent: {}
[1123.968021] (-) TimerEvent: {}
[1124.068607] (-) TimerEvent: {}
[1124.169199] (-) TimerEvent: {}
[1124.269802] (-) TimerEvent: {}
[1124.370411] (-) TimerEvent: {}
[1124.471041] (-) TimerEvent: {}
[1124.571634] (-) TimerEvent: {}
[1124.672230] (-) TimerEvent: {}
[1124.772961] (-) TimerEvent: {}
[1124.873857] (-) TimerEvent: {}
[1124.974433] (-) TimerEvent: {}
[1125.075033] (-) TimerEvent: {}
[1125.175601] (-) TimerEvent: {}
[1125.276185] (-) TimerEvent: {}
[1125.377296] (-) TimerEvent: {}
[1125.478184] (-) TimerEvent: {}
[1125.578785] (-) TimerEvent: {}
[1125.679950] (-) TimerEvent: {}
[1125.780925] (-) TimerEvent: {}
[1125.882794] (-) TimerEvent: {}
[1125.983807] (-) TimerEvent: {}
[1126.084945] (-) TimerEvent: {}
[1126.185841] (-) TimerEvent: {}
[1126.287084] (-) TimerEvent: {}
[1126.387991] (-) TimerEvent: {}
[1126.489423] (-) TimerEvent: {}
[1126.590902] (-) TimerEvent: {}
[1126.692487] (-) TimerEvent: {}
[1126.793487] (-) TimerEvent: {}
[1126.894817] (-) TimerEvent: {}
[1126.995493] (-) TimerEvent: {}
[1127.096890] (-) TimerEvent: {}
[1127.197914] (-) TimerEvent: {}
[1127.300100] (-) TimerEvent: {}
[1127.401696] (-) TimerEvent: {}
[1127.502284] (-) TimerEvent: {}
[1127.602881] (-) TimerEvent: {}
[1127.703497] (-) TimerEvent: {}
[1127.804078] (-) TimerEvent: {}
[1127.904661] (-) TimerEvent: {}
[1128.005242] (-) TimerEvent: {}
[1128.105818] (-) TimerEvent: {}
[1128.206507] (-) TimerEvent: {}
[1128.307159] (-) TimerEvent: {}
[1128.407743] (-) TimerEvent: {}
[1128.508331] (-) TimerEvent: {}
[1128.608924] (-) TimerEvent: {}
[1128.709584] (-) TimerEvent: {}
[1128.810564] (-) TimerEvent: {}
[1128.911600] (-) TimerEvent: {}
[1129.012635] (-) TimerEvent: {}
[1129.113658] (-) TimerEvent: {}
[1129.214612] (-) TimerEvent: {}
[1129.315682] (-) TimerEvent: {}
[1129.417290] (-) TimerEvent: {}
[1129.518760] (-) TimerEvent: {}
[1129.620581] (-) TimerEvent: {}
[1129.722148] (-) TimerEvent: {}
[1129.823107] (-) TimerEvent: {}
[1129.924029] (-) TimerEvent: {}
[1130.025005] (-) TimerEvent: {}
[1130.125983] (-) TimerEvent: {}
[1130.226996] (-) TimerEvent: {}
[1130.327987] (-) TimerEvent: {}
[1130.428972] (-) TimerEvent: {}
[1130.529968] (-) TimerEvent: {}
[1130.631137] (-) TimerEvent: {}
[1130.732109] (-) TimerEvent: {}
[1130.833091] (-) TimerEvent: {}
[1130.934069] (-) TimerEvent: {}
[1131.035075] (-) TimerEvent: {}
[1131.135658] (-) TimerEvent: {}
[1131.236248] (-) TimerEvent: {}
[1131.336863] (-) TimerEvent: {}
[1131.437604] (-) TimerEvent: {}
[1131.538594] (-) TimerEvent: {}
[1131.639810] (-) TimerEvent: {}
[1131.740742] (-) TimerEvent: {}
[1131.841985] (-) TimerEvent: {}
[1131.942867] (-) TimerEvent: {}
[1132.044057] (-) TimerEvent: {}
[1132.144915] (-) TimerEvent: {}
[1132.246271] (-) TimerEvent: {}
[1132.347498] (-) TimerEvent: {}
[1132.448172] (-) TimerEvent: {}
[1132.549834] (-) TimerEvent: {}
[1132.651503] (-) TimerEvent: {}
[1132.752458] (-) TimerEvent: {}
[1132.853596] (-) TimerEvent: {}
[1132.954186] (-) TimerEvent: {}
[1133.054794] (-) TimerEvent: {}
[1133.155519] (-) TimerEvent: {}
[1133.256656] (-) TimerEvent: {}
[1133.358015] (-) TimerEvent: {}
[1133.458886] (-) TimerEvent: {}
[1133.559508] (-) TimerEvent: {}
[1133.660102] (-) TimerEvent: {}
[1133.760717] (-) TimerEvent: {}
[1133.861348] (-) TimerEvent: {}
[1133.962032] (-) TimerEvent: {}
[1134.062702] (-) TimerEvent: {}
[1134.163429] (-) TimerEvent: {}
[1134.264707] (-) TimerEvent: {}
[1134.365460] (-) TimerEvent: {}
[1134.466610] (-) TimerEvent: {}
[1134.568045] (-) TimerEvent: {}
[1134.668898] (-) TimerEvent: {}
[1134.769893] (-) TimerEvent: {}
[1134.870737] (-) TimerEvent: {}
[1134.971493] (-) TimerEvent: {}
[1135.072175] (-) TimerEvent: {}
[1135.172927] (-) TimerEvent: {}
[1135.273793] (-) TimerEvent: {}
[1135.374586] (-) TimerEvent: {}
[1135.475623] (-) TimerEvent: {}
[1135.576403] (-) TimerEvent: {}
[1135.677362] (-) TimerEvent: {}
[1135.778495] (-) TimerEvent: {}
[1135.879161] (-) TimerEvent: {}
[1135.979961] (-) TimerEvent: {}
[1136.080918] (-) TimerEvent: {}
[1136.181831] (-) TimerEvent: {}
[1136.282611] (-) TimerEvent: {}
[1136.383602] (-) TimerEvent: {}
[1136.484235] (-) TimerEvent: {}
[1136.584899] (-) TimerEvent: {}
[1136.685556] (-) TimerEvent: {}
[1136.786221] (-) TimerEvent: {}
[1136.886899] (-) TimerEvent: {}
[1136.987625] (-) TimerEvent: {}
[1137.088448] (-) TimerEvent: {}
[1137.189202] (-) TimerEvent: {}
[1137.289885] (-) TimerEvent: {}
[1137.390572] (-) TimerEvent: {}
[1137.491286] (-) TimerEvent: {}
[1137.591940] (-) TimerEvent: {}
[1137.692618] (-) TimerEvent: {}
[1137.793299] (-) TimerEvent: {}
[1137.893970] (-) TimerEvent: {}
[1137.994700] (-) TimerEvent: {}
[1138.095406] (-) TimerEvent: {}
[1138.196094] (-) TimerEvent: {}
[1138.296783] (-) TimerEvent: {}
[1138.397456] (-) TimerEvent: {}
[1138.498120] (-) TimerEvent: {}
[1138.598808] (-) TimerEvent: {}
[1138.699669] (-) TimerEvent: {}
[1138.800661] (-) TimerEvent: {}
[1138.901272] (-) TimerEvent: {}
[1139.001893] (-) TimerEvent: {}
[1139.102519] (-) TimerEvent: {}
[1139.203203] (-) TimerEvent: {}
[1139.303877] (-) TimerEvent: {}
[1139.404583] (-) TimerEvent: {}
[1139.505308] (-) TimerEvent: {}
[1139.605976] (-) TimerEvent: {}
[1139.706698] (-) TimerEvent: {}
[1139.807396] (-) TimerEvent: {}
[1139.908006] (-) TimerEvent: {}
[1140.008630] (-) TimerEvent: {}
[1140.109240] (-) TimerEvent: {}
[1140.210056] (-) TimerEvent: {}
[1140.310652] (-) TimerEvent: {}
[1140.411283] (-) TimerEvent: {}
[1140.511925] (-) TimerEvent: {}
[1140.612593] (-) TimerEvent: {}
[1140.713480] (-) TimerEvent: {}
[1140.814120] (-) TimerEvent: {}
[1140.915042] (-) TimerEvent: {}
[1141.015684] (-) TimerEvent: {}
[1141.116749] (-) TimerEvent: {}
[1141.217527] (-) TimerEvent: {}
[1141.318470] (-) TimerEvent: {}
[1141.419326] (-) TimerEvent: {}
[1141.520040] (-) TimerEvent: {}
[1141.620765] (-) TimerEvent: {}
[1141.721439] (-) TimerEvent: {}
[1141.822168] (-) TimerEvent: {}
[1141.923201] (-) TimerEvent: {}
[1142.023823] (-) TimerEvent: {}
[1142.125002] (-) TimerEvent: {}
[1142.225590] (-) TimerEvent: {}
[1142.326441] (-) TimerEvent: {}
[1142.427079] (-) TimerEvent: {}
[1142.527732] (-) TimerEvent: {}
[1142.628406] (-) TimerEvent: {}
[1142.729210] (-) TimerEvent: {}
[1142.830352] (-) TimerEvent: {}
[1142.931410] (-) TimerEvent: {}
[1143.136967] (-) TimerEvent: {}
[1143.237549] (-) TimerEvent: {}
[1143.338130] (-) TimerEvent: {}
[1143.438779] (-) TimerEvent: {}
[1143.539474] (-) TimerEvent: {}
[1143.640066] (-) TimerEvent: {}
[1143.740656] (-) TimerEvent: {}
[1143.841273] (-) TimerEvent: {}
[1143.941844] (-) TimerEvent: {}
[1144.042424] (-) TimerEvent: {}
[1144.143036] (-) TimerEvent: {}
[1144.243636] (-) TimerEvent: {}
[1144.344221] (-) TimerEvent: {}
[1144.444801] (-) TimerEvent: {}
[1144.545418] (-) TimerEvent: {}
[1144.646005] (-) TimerEvent: {}
[1144.746591] (-) TimerEvent: {}
[1144.847185] (-) TimerEvent: {}
[1144.947763] (-) TimerEvent: {}
[1145.048363] (-) TimerEvent: {}
[1145.148966] (-) TimerEvent: {}
[1145.249554] (-) TimerEvent: {}
[1145.350146] (-) TimerEvent: {}
[1145.450742] (-) TimerEvent: {}
[1145.551420] (-) TimerEvent: {}
[1145.652005] (-) TimerEvent: {}
[1145.752693] (-) TimerEvent: {}
[1145.853336] (-) TimerEvent: {}
[1145.953967] (-) TimerEvent: {}
[1146.054602] (-) TimerEvent: {}
[1146.155257] (-) TimerEvent: {}
[1146.255868] (-) TimerEvent: {}
[1146.356466] (-) TimerEvent: {}
[1146.457067] (-) TimerEvent: {}
[1146.557766] (-) TimerEvent: {}
[1146.658368] (-) TimerEvent: {}
[1146.758954] (-) TimerEvent: {}
[1146.860727] (-) TimerEvent: {}
[1146.961428] (-) TimerEvent: {}
[1147.062074] (-) TimerEvent: {}
[1147.162666] (-) TimerEvent: {}
[1147.263552] (-) TimerEvent: {}
[1147.364147] (-) TimerEvent: {}
[1147.465013] (-) TimerEvent: {}
[1147.565689] (-) TimerEvent: {}
[1147.666293] (-) TimerEvent: {}
[1147.767180] (-) TimerEvent: {}
[1147.867789] (-) TimerEvent: {}
[1147.968635] (-) TimerEvent: {}
[1148.069243] (-) TimerEvent: {}
[1150.766706] (-) TimerEvent: {}
[1153.943525] (-) TimerEvent: {}
[1154.044405] (-) TimerEvent: {}
[1154.145438] (-) TimerEvent: {}
[1154.247234] (-) TimerEvent: {}
[1154.348085] (-) TimerEvent: {}
[1154.449525] (-) TimerEvent: {}
[1154.550582] (-) TimerEvent: {}
[1154.652085] (-) TimerEvent: {}
[1154.753137] (-) TimerEvent: {}
[1154.854122] (-) TimerEvent: {}
[1154.955179] (-) TimerEvent: {}
[1155.056234] (-) TimerEvent: {}
[1155.157296] (-) TimerEvent: {}
[1155.258448] (-) TimerEvent: {}
[1155.359558] (-) TimerEvent: {}
[1155.460606] (-) TimerEvent: {}
[1155.561634] (-) TimerEvent: {}
[1155.662639] (-) TimerEvent: {}
[1155.763717] (-) TimerEvent: {}
[1155.864714] (-) TimerEvent: {}
[1157.974930] (-) TimerEvent: {}
[1158.076127] (-) TimerEvent: {}
[1158.177377] (-) TimerEvent: {}
[1158.278288] (-) TimerEvent: {}
[1158.378945] (-) TimerEvent: {}
[1158.479637] (-) TimerEvent: {}
[1158.580313] (-) TimerEvent: {}
[1158.681033] (-) TimerEvent: {}
[1158.781738] (-) TimerEvent: {}
[1158.882410] (-) TimerEvent: {}
[1158.983130] (-) TimerEvent: {}
[1159.083785] (-) TimerEvent: {}
[1159.184433] (-) TimerEvent: {}
[1159.285160] (-) TimerEvent: {}
[1159.385880] (-) TimerEvent: {}
[1159.486577] (-) TimerEvent: {}
[1159.587367] (-) TimerEvent: {}
[1159.688131] (-) TimerEvent: {}
[1159.788861] (-) TimerEvent: {}
[1159.889632] (-) TimerEvent: {}
[1159.990357] (-) TimerEvent: {}
[1160.091115] (-) TimerEvent: {}
[1160.191825] (-) TimerEvent: {}
[1160.292548] (-) TimerEvent: {}
[1160.393281] (-) TimerEvent: {}
[1160.494066] (-) TimerEvent: {}
[1160.594954] (-) TimerEvent: {}
[1160.695674] (-) TimerEvent: {}
[1160.796302] (-) TimerEvent: {}
[1160.896965] (-) TimerEvent: {}
[1160.997627] (-) TimerEvent: {}
[1161.098277] (-) TimerEvent: {}
[1161.199145] (-) TimerEvent: {}
[1161.300334] (-) TimerEvent: {}
[1161.401008] (-) TimerEvent: {}
[1161.501676] (-) TimerEvent: {}
[1161.602342] (-) TimerEvent: {}
[1161.703040] (-) TimerEvent: {}
[1161.803796] (-) TimerEvent: {}
[1161.904912] (-) TimerEvent: {}
[1162.005578] (-) TimerEvent: {}
[1162.106248] (-) TimerEvent: {}
[1162.207196] (-) TimerEvent: {}
[1162.308063] (-) TimerEvent: {}
[1162.361437] (opentera_webrtc_ros) StdoutLine: {'line': b'[ 93%] Built target _opentera_webrtc_native_client\n'}
[1162.408211] (-) TimerEvent: {}
[1162.431667] (opentera_webrtc_ros) StdoutLine: {'line': b'[ 93%] \x1b[34m\x1b[1mGenerating cmake/pip_utils/_opentera_webrtc_native_client-so.stamp\x1b[0m\n'}
[1162.511240] (-) TimerEvent: {}
[1162.612495] (-) TimerEvent: {}
[1162.714955] (-) TimerEvent: {}
[1162.816621] (-) TimerEvent: {}
[1162.917377] (-) TimerEvent: {}
[1163.018779] (-) TimerEvent: {}
[1163.119538] (-) TimerEvent: {}
[1163.220917] (-) TimerEvent: {}
[1163.321988] (-) TimerEvent: {}
[1163.395263] (opentera_webrtc_ros) StdoutLine: {'line': b'[ 93%] Built target _opentera_webrtc_native_client-so-target\n'}
[1163.422131] (-) TimerEvent: {}
[1163.523209] (-) TimerEvent: {}
[1163.624019] (-) TimerEvent: {}
[1163.724905] (-) TimerEvent: {}
[1163.825767] (-) TimerEvent: {}
[1163.926638] (-) TimerEvent: {}
[1164.027263] (-) TimerEvent: {}
[1164.127850] (-) TimerEvent: {}
[1164.228434] (-) TimerEvent: {}
[1164.329021] (-) TimerEvent: {}
[1164.429604] (-) TimerEvent: {}
[1164.530194] (-) TimerEvent: {}
[1164.630770] (-) TimerEvent: {}
[1164.731370] (-) TimerEvent: {}
[1164.831960] (-) TimerEvent: {}
[1164.932551] (-) TimerEvent: {}
[1165.033132] (-) TimerEvent: {}
[1165.133715] (-) TimerEvent: {}
[1165.234297] (-) TimerEvent: {}
[1165.334883] (-) TimerEvent: {}
[1165.435493] (-) TimerEvent: {}
[1165.536074] (-) TimerEvent: {}
[1165.636659] (-) TimerEvent: {}
[1165.737251] (-) TimerEvent: {}
[1165.837830] (-) TimerEvent: {}
[1165.938417] (-) TimerEvent: {}
[1166.039023] (-) TimerEvent: {}
[1166.139599] (-) TimerEvent: {}
[1166.240189] (-) TimerEvent: {}
[1166.340780] (-) TimerEvent: {}
[1166.441368] (-) TimerEvent: {}
[1166.541959] (-) TimerEvent: {}
[1166.642588] (-) TimerEvent: {}
[1166.743237] (-) TimerEvent: {}
[1166.843822] (-) TimerEvent: {}
[1166.944416] (-) TimerEvent: {}
[1167.045010] (-) TimerEvent: {}
[1167.145845] (-) TimerEvent: {}
[1167.246639] (-) TimerEvent: {}
[1167.347239] (-) TimerEvent: {}
[1167.447830] (-) TimerEvent: {}
[1167.548418] (-) TimerEvent: {}
[1167.649013] (-) TimerEvent: {}
[1167.749622] (-) TimerEvent: {}
[1167.839969] (opentera_webrtc_ros) StdoutLine: {'line': b'[ 94%] \x1b[34m\x1b[1mGenerating opentera_webrtc_native_client/opentera_webrtc/native_client/__init__.pyi\x1b[0m\n'}
[1167.849795] (-) TimerEvent: {}
[1167.950405] (-) TimerEvent: {}
[1168.050994] (-) TimerEvent: {}
[1168.151618] (-) TimerEvent: {}
[1169.601990] (-) TimerEvent: {}
[1169.702960] (-) TimerEvent: {}
[1169.805209] (-) TimerEvent: {}
[1169.906542] (-) TimerEvent: {}
[1170.007212] (-) TimerEvent: {}
[1170.107839] (-) TimerEvent: {}
[1170.208460] (-) TimerEvent: {}
[1170.309131] (-) TimerEvent: {}
[1170.409794] (-) TimerEvent: {}
[1170.510438] (-) TimerEvent: {}
[1170.611134] (-) TimerEvent: {}
[1170.711778] (-) TimerEvent: {}
[1170.812458] (-) TimerEvent: {}
[1170.913099] (-) TimerEvent: {}
[1171.013966] (-) TimerEvent: {}
[1171.114572] (-) TimerEvent: {}
[1171.215424] (-) TimerEvent: {}
[1171.316021] (-) TimerEvent: {}
[1171.419177] (-) TimerEvent: {}
[1171.519898] (-) TimerEvent: {}
[1171.620599] (-) TimerEvent: {}
[1171.721255] (-) TimerEvent: {}
[1171.821906] (-) TimerEvent: {}
[1171.922557] (-) TimerEvent: {}
[1172.023226] (-) TimerEvent: {}
[1172.123946] (-) TimerEvent: {}
[1172.225000] (-) TimerEvent: {}
[1172.325856] (-) TimerEvent: {}
[1172.426521] (-) TimerEvent: {}
[1172.694896] (-) TimerEvent: {}
[1172.795534] (-) TimerEvent: {}
[1172.896367] (-) TimerEvent: {}
[1172.996978] (-) TimerEvent: {}
[1173.097611] (-) TimerEvent: {}
[1173.198236] (-) TimerEvent: {}
[1173.298858] (-) TimerEvent: {}
[1173.399502] (-) TimerEvent: {}
[1173.500118] (-) TimerEvent: {}
[1173.600736] (-) TimerEvent: {}
[1173.701358] (-) TimerEvent: {}
[1173.801986] (-) TimerEvent: {}
[1173.902640] (-) TimerEvent: {}
[1174.003319] (-) TimerEvent: {}
[1174.103909] (-) TimerEvent: {}
[1174.204492] (-) TimerEvent: {}
[1174.305070] (-) TimerEvent: {}
[1174.405899] (-) TimerEvent: {}
[1174.506502] (-) TimerEvent: {}
[1174.607114] (-) TimerEvent: {}
[1174.707956] (-) TimerEvent: {}
[1174.808573] (-) TimerEvent: {}
[1174.909271] (-) TimerEvent: {}
[1175.010361] (-) TimerEvent: {}
[1175.111480] (-) TimerEvent: {}
[1175.212398] (-) TimerEvent: {}
[1175.313404] (-) TimerEvent: {}
[1175.414436] (-) TimerEvent: {}
[1175.515449] (-) TimerEvent: {}
[1175.616413] (-) TimerEvent: {}
[1175.717433] (-) TimerEvent: {}
[1175.818455] (-) TimerEvent: {}
[1175.919604] (-) TimerEvent: {}
[1176.020677] (-) TimerEvent: {}
[1176.121723] (-) TimerEvent: {}
[1176.222677] (-) TimerEvent: {}
[1176.323759] (-) TimerEvent: {}
[1176.424751] (-) TimerEvent: {}
[1176.525955] (-) TimerEvent: {}
[1176.627029] (-) TimerEvent: {}
[1176.728041] (-) TimerEvent: {}
[1176.829102] (-) TimerEvent: {}
[1176.930107] (-) TimerEvent: {}
[1177.031130] (-) TimerEvent: {}
[1177.132121] (-) TimerEvent: {}
[1177.233128] (-) TimerEvent: {}
[1177.334165] (-) TimerEvent: {}
[1177.435192] (-) TimerEvent: {}
[1177.536297] (-) TimerEvent: {}
[1177.637411] (-) TimerEvent: {}
[1177.738420] (-) TimerEvent: {}
[1177.839516] (-) TimerEvent: {}
[1177.940631] (-) TimerEvent: {}
[1178.041727] (-) TimerEvent: {}
[1178.142645] (-) TimerEvent: {}
[1178.243757] (-) TimerEvent: {}
[1179.056170] (-) TimerEvent: {}
[1179.157270] (-) TimerEvent: {}
[1179.258355] (-) TimerEvent: {}
[1179.359570] (-) TimerEvent: {}
[1179.460580] (-) TimerEvent: {}
[1179.561679] (-) TimerEvent: {}
[1179.662769] (-) TimerEvent: {}
[1179.763966] (-) TimerEvent: {}
[1179.865018] (-) TimerEvent: {}
[1179.966023] (-) TimerEvent: {}
[1180.067201] (-) TimerEvent: {}
[1180.168342] (-) TimerEvent: {}
[1180.269358] (-) TimerEvent: {}
[1180.370422] (-) TimerEvent: {}
[1180.471587] (-) TimerEvent: {}
[1180.572730] (-) TimerEvent: {}
[1180.673579] (-) TimerEvent: {}
[1180.774510] (-) TimerEvent: {}
[1180.875634] (-) TimerEvent: {}
[1180.976693] (-) TimerEvent: {}
[1181.077799] (-) TimerEvent: {}
[1181.179159] (-) TimerEvent: {}
[1181.280279] (-) TimerEvent: {}
[1181.381305] (-) TimerEvent: {}
[1181.482326] (-) TimerEvent: {}
[1181.583390] (-) TimerEvent: {}
[1181.684403] (-) TimerEvent: {}
[1181.785406] (-) TimerEvent: {}
[1181.886510] (-) TimerEvent: {}
[1181.987717] (-) TimerEvent: {}
[1182.089527] (-) TimerEvent: {}
[1182.190676] (-) TimerEvent: {}
[1182.291802] (-) TimerEvent: {}
[1182.392808] (-) TimerEvent: {}
[1182.495412] (-) TimerEvent: {}
[1182.597214] (-) TimerEvent: {}
[1182.698241] (-) TimerEvent: {}
[1182.799304] (-) TimerEvent: {}
[1182.900405] (-) TimerEvent: {}
[1184.611137] (-) TimerEvent: {}
[1184.712247] (-) TimerEvent: {}
[1184.813808] (-) TimerEvent: {}
[1184.914837] (-) TimerEvent: {}
[1185.015848] (-) TimerEvent: {}
[1185.117274] (-) TimerEvent: {}
[1185.218634] (-) TimerEvent: {}
[1185.319759] (-) TimerEvent: {}
[1185.420799] (-) TimerEvent: {}
[1185.521813] (-) TimerEvent: {}
[1185.622771] (-) TimerEvent: {}
[1185.723765] (-) TimerEvent: {}
[1185.824729] (-) TimerEvent: {}
[1185.925729] (-) TimerEvent: {}
[1186.026783] (-) TimerEvent: {}
[1186.127924] (-) TimerEvent: {}
[1186.228924] (-) TimerEvent: {}
[1186.329985] (-) TimerEvent: {}
[1186.431108] (-) TimerEvent: {}
[1186.532169] (-) TimerEvent: {}
[1186.633241] (-) TimerEvent: {}
[1186.734069] (-) TimerEvent: {}
[1186.834921] (-) TimerEvent: {}
[1186.935524] (-) TimerEvent: {}
[1187.036108] (-) TimerEvent: {}
[1187.136693] (-) TimerEvent: {}
[1187.237254] (-) TimerEvent: {}
[1187.337831] (-) TimerEvent: {}
[1187.438650] (-) TimerEvent: {}
[1187.539282] (-) TimerEvent: {}
[1187.639899] (-) TimerEvent: {}
[1187.740531] (-) TimerEvent: {}
[1187.841181] (-) TimerEvent: {}
[1187.941810] (-) TimerEvent: {}
[1190.161997] (-) TimerEvent: {}
[1190.262578] (-) TimerEvent: {}
[1190.363175] (-) TimerEvent: {}
[1192.254959] (-) TimerEvent: {}
[1192.356553] (-) TimerEvent: {}
[1192.457700] (-) TimerEvent: {}
[1192.559111] (-) TimerEvent: {}
[1192.660350] (-) TimerEvent: {}
[1192.761869] (-) TimerEvent: {}
[1192.862758] (-) TimerEvent: {}
[1192.964008] (-) TimerEvent: {}
[1193.064723] (-) TimerEvent: {}
[1193.165493] (-) TimerEvent: {}
[1193.266255] (-) TimerEvent: {}
[1193.367131] (-) TimerEvent: {}
[1193.468195] (-) TimerEvent: {}
[1193.569091] (-) TimerEvent: {}
[1193.669963] (-) TimerEvent: {}
[1193.770617] (-) TimerEvent: {}
[1193.871343] (-) TimerEvent: {}
[1193.972035] (-) TimerEvent: {}
[1194.072686] (-) TimerEvent: {}
[1194.173556] (-) TimerEvent: {}
[1194.274515] (-) TimerEvent: {}
[1194.375422] (-) TimerEvent: {}
[1194.476368] (-) TimerEvent: {}
[1194.577020] (-) TimerEvent: {}
[1194.677667] (-) TimerEvent: {}
[1194.778340] (-) TimerEvent: {}
[1194.879080] (-) TimerEvent: {}
[1194.979962] (-) TimerEvent: {}
[1195.080630] (-) TimerEvent: {}
[1195.181602] (-) TimerEvent: {}
[1195.282440] (-) TimerEvent: {}
[1195.383074] (-) TimerEvent: {}
[1195.483727] (-) TimerEvent: {}
[1195.584339] (-) TimerEvent: {}
[1195.687143] (-) TimerEvent: {}
[1195.788133] (-) TimerEvent: {}
[1195.889255] (-) TimerEvent: {}
[1195.989884] (-) TimerEvent: {}
[1196.090474] (-) TimerEvent: {}
[1196.191506] (-) TimerEvent: {}
[1196.292090] (-) TimerEvent: {}
[1196.392980] (-) TimerEvent: {}
[1196.494038] (-) TimerEvent: {}
[1196.595117] (-) TimerEvent: {}
[1196.696121] (-) TimerEvent: {}
[1196.716306] (opentera_webrtc_ros) StdoutLine: {'line': b'[ 96%] Built target _opentera_webrtc_native_client-stub-target\n'}
[1196.791373] (opentera_webrtc_ros) StdoutLine: {'line': b'[ 96%] \x1b[34m\x1b[1mGenerating cmake/pip_utils/dist.stamp\x1b[0m\n'}
[1196.796281] (-) TimerEvent: {}
[1196.897084] (-) TimerEvent: {}
[1196.997643] (-) TimerEvent: {}
[1197.098855] (-) TimerEvent: {}
[1197.199747] (-) TimerEvent: {}
[1197.300893] (-) TimerEvent: {}
[1197.401786] (-) TimerEvent: {}
[1197.502618] (-) TimerEvent: {}
[1197.603251] (-) TimerEvent: {}
[1197.703894] (-) TimerEvent: {}
[1197.804496] (-) TimerEvent: {}
[1197.905169] (-) TimerEvent: {}
[1198.005960] (-) TimerEvent: {}
[1198.106573] (-) TimerEvent: {}
[1198.207216] (-) TimerEvent: {}
[1198.307884] (-) TimerEvent: {}
[1198.408542] (-) TimerEvent: {}
[1198.509372] (-) TimerEvent: {}
[1198.609970] (-) TimerEvent: {}
[1198.710918] (-) TimerEvent: {}
[1198.811674] (-) TimerEvent: {}
[1198.912759] (-) TimerEvent: {}
[1199.013522] (-) TimerEvent: {}
[1199.114587] (-) TimerEvent: {}
[1199.215379] (-) TimerEvent: {}
[1199.316396] (-) TimerEvent: {}
[1199.417001] (-) TimerEvent: {}
[1199.517608] (-) TimerEvent: {}
[1199.618241] (-) TimerEvent: {}
[1199.718855] (-) TimerEvent: {}
[1199.819528] (-) TimerEvent: {}
[1199.920198] (-) TimerEvent: {}
[1200.020831] (-) TimerEvent: {}
[1200.121452] (-) TimerEvent: {}
[1200.222066] (-) TimerEvent: {}
[1200.322680] (-) TimerEvent: {}
[1200.423319] (-) TimerEvent: {}
[1200.523941] (-) TimerEvent: {}
[1200.624897] (-) TimerEvent: {}
[1200.725523] (-) TimerEvent: {}
[1200.826371] (-) TimerEvent: {}
[1200.927032] (-) TimerEvent: {}
[1201.027861] (-) TimerEvent: {}
[1201.128493] (-) TimerEvent: {}
[1201.229372] (-) TimerEvent: {}
[1201.329999] (-) TimerEvent: {}
[1201.430824] (-) TimerEvent: {}
[1201.531722] (-) TimerEvent: {}
[1201.632345] (-) TimerEvent: {}
[1201.733230] (-) TimerEvent: {}
[1201.833837] (-) TimerEvent: {}
[1201.934417] (-) TimerEvent: {}
[1202.035291] (-) TimerEvent: {}
[1202.135895] (-) TimerEvent: {}
[1202.236497] (-) TimerEvent: {}
[1202.337357] (-) TimerEvent: {}
[1202.437962] (-) TimerEvent: {}
[1202.538550] (-) TimerEvent: {}
[1202.639173] (-) TimerEvent: {}
[1202.739753] (-) TimerEvent: {}
[1202.840329] (-) TimerEvent: {}
[1202.940907] (-) TimerEvent: {}
[1203.041541] (-) TimerEvent: {}
[1203.142410] (-) TimerEvent: {}
[1203.243418] (-) TimerEvent: {}
[1203.344308] (-) TimerEvent: {}
[1203.445383] (-) TimerEvent: {}
[1203.546362] (-) TimerEvent: {}
[1203.647401] (-) TimerEvent: {}
[1203.748516] (-) TimerEvent: {}
[1203.849595] (-) TimerEvent: {}
[1203.950681] (-) TimerEvent: {}
[1204.051826] (-) TimerEvent: {}
[1204.152909] (-) TimerEvent: {}
[1204.253983] (-) TimerEvent: {}
[1204.355032] (-) TimerEvent: {}
[1204.456115] (-) TimerEvent: {}
[1204.557201] (-) TimerEvent: {}
[1204.658109] (-) TimerEvent: {}
[1204.759146] (-) TimerEvent: {}
[1204.860163] (-) TimerEvent: {}
[1204.961142] (-) TimerEvent: {}
[1205.062115] (-) TimerEvent: {}
[1205.163125] (-) TimerEvent: {}
[1205.264096] (-) TimerEvent: {}
[1205.365060] (-) TimerEvent: {}
[1205.466016] (-) TimerEvent: {}
[1205.567028] (-) TimerEvent: {}
[1205.668018] (-) TimerEvent: {}
[1209.095322] (-) TimerEvent: {}
[1209.196520] (-) TimerEvent: {}
[1209.297645] (-) TimerEvent: {}
[1209.398671] (-) TimerEvent: {}
[1209.499775] (-) TimerEvent: {}
[1209.600791] (-) TimerEvent: {}
[1209.701749] (-) TimerEvent: {}
[1209.802727] (-) TimerEvent: {}
[1209.903786] (-) TimerEvent: {}
[1210.004832] (-) TimerEvent: {}
[1210.105809] (-) TimerEvent: {}
[1210.206740] (-) TimerEvent: {}
[1210.307603] (-) TimerEvent: {}
[1210.408561] (-) TimerEvent: {}
[1210.509617] (-) TimerEvent: {}
[1210.610543] (-) TimerEvent: {}
[1210.711583] (-) TimerEvent: {}
[1210.812659] (-) TimerEvent: {}
[1214.607161] (-) TimerEvent: {}
[1214.707898] (-) TimerEvent: {}
[1214.808924] (-) TimerEvent: {}
[1214.910113] (-) TimerEvent: {}
[1215.011057] (-) TimerEvent: {}
[1215.112218] (-) TimerEvent: {}
[1215.213235] (-) TimerEvent: {}
[1215.314337] (-) TimerEvent: {}
[1215.415427] (-) TimerEvent: {}
[1215.516506] (-) TimerEvent: {}
[1215.617593] (-) TimerEvent: {}
[1215.718826] (-) TimerEvent: {}
[1215.820021] (-) TimerEvent: {}
[1218.975263] (-) TimerEvent: {}
[1219.076263] (-) TimerEvent: {}
[1219.176853] (-) TimerEvent: {}
[1219.277716] (-) TimerEvent: {}
[1219.378316] (-) TimerEvent: {}
[1219.478924] (-) TimerEvent: {}
[1219.579823] (-) TimerEvent: {}
[1219.680428] (-) TimerEvent: {}
[1219.781002] (-) TimerEvent: {}
[1219.883174] (-) TimerEvent: {}
[1219.983911] (-) TimerEvent: {}
[1220.084775] (-) TimerEvent: {}
[1220.185823] (-) TimerEvent: {}
[1220.286367] (-) TimerEvent: {}
[1220.387453] (-) TimerEvent: {}
[1220.488277] (-) TimerEvent: {}
[1220.589404] (-) TimerEvent: {}
[1220.690241] (-) TimerEvent: {}
[1220.790863] (-) TimerEvent: {}
[1220.891514] (-) TimerEvent: {}
[1220.992115] (-) TimerEvent: {}
[1221.092714] (-) TimerEvent: {}
[1221.193307] (-) TimerEvent: {}
[1221.293877] (-) TimerEvent: {}
[1221.394431] (-) TimerEvent: {}
[1221.495061] (-) TimerEvent: {}
[1221.595606] (-) TimerEvent: {}
[1221.696157] (-) TimerEvent: {}
[1221.796694] (-) TimerEvent: {}
[1221.897238] (-) TimerEvent: {}
[1221.998044] (-) TimerEvent: {}
[1222.098933] (-) TimerEvent: {}
[1222.199801] (-) TimerEvent: {}
[1222.300661] (-) TimerEvent: {}
[1222.401782] (-) TimerEvent: {}
[1222.502625] (-) TimerEvent: {}
[1222.603308] (-) TimerEvent: {}
[1222.703913] (-) TimerEvent: {}
[1222.804513] (-) TimerEvent: {}
[1222.905121] (-) TimerEvent: {}
[1223.005727] (-) TimerEvent: {}
[1223.106333] (-) TimerEvent: {}
[1223.206939] (-) TimerEvent: {}
[1223.307577] (-) TimerEvent: {}
[1223.408173] (-) TimerEvent: {}
[1223.508764] (-) TimerEvent: {}
[1223.609337] (-) TimerEvent: {}
[1223.709899] (-) TimerEvent: {}
[1223.810616] (-) TimerEvent: {}
[1223.911270] (-) TimerEvent: {}
[1224.012295] (-) TimerEvent: {}
[1224.113218] (-) TimerEvent: {}
[1224.214045] (-) TimerEvent: {}
[1224.314940] (-) TimerEvent: {}
[1224.415928] (-) TimerEvent: {}
[1224.516788] (-) TimerEvent: {}
[1224.618007] (-) TimerEvent: {}
[1224.718843] (-) TimerEvent: {}
[1224.819965] (-) TimerEvent: {}
[1224.920840] (-) TimerEvent: {}
[1225.022242] (-) TimerEvent: {}
[1225.123707] (-) TimerEvent: {}
[1225.225428] (-) TimerEvent: {}
[1225.236572] (opentera_webrtc_ros) StderrLine: {'line': b'/usr/lib/python3/dist-packages/setuptools/command/install.py:34: SetuptoolsDeprecationWarning: setup.py install is deprecated. Use build and pip and other standards-based tools.\n'}
[1225.242069] (opentera_webrtc_ros) StderrLine: {'line': b'  warnings.warn(\n'}
[1225.325625] (-) TimerEvent: {}
[1225.426740] (-) TimerEvent: {}
[1225.527871] (-) TimerEvent: {}
[1225.628918] (-) TimerEvent: {}
[1225.730309] (-) TimerEvent: {}
[1225.831378] (-) TimerEvent: {}
[1228.214551] (-) TimerEvent: {}
[1228.315448] (-) TimerEvent: {}
[1228.416333] (-) TimerEvent: {}
[1228.517228] (-) TimerEvent: {}
[1228.618156] (-) TimerEvent: {}
[1228.719127] (-) TimerEvent: {}
[1228.820005] (-) TimerEvent: {}
[1228.920901] (-) TimerEvent: {}
[1229.022028] (-) TimerEvent: {}
[1229.122868] (-) TimerEvent: {}
[1229.223893] (-) TimerEvent: {}
[1229.324553] (-) TimerEvent: {}
[1229.425463] (-) TimerEvent: {}
[1229.526071] (-) TimerEvent: {}
[1229.627060] (-) TimerEvent: {}
[1229.727647] (-) TimerEvent: {}
[1229.828268] (-) TimerEvent: {}
[1229.928871] (-) TimerEvent: {}
[1230.029477] (-) TimerEvent: {}
[1230.130092] (-) TimerEvent: {}
[1230.230741] (-) TimerEvent: {}
[1230.331436] (-) TimerEvent: {}
[1230.432459] (-) TimerEvent: {}
[1230.533456] (-) TimerEvent: {}
[1230.634408] (-) TimerEvent: {}
[1230.735346] (-) TimerEvent: {}
[1230.836317] (-) TimerEvent: {}
[1230.937198] (-) TimerEvent: {}
[1231.038135] (-) TimerEvent: {}
[1231.139186] (-) TimerEvent: {}
[1231.240097] (-) TimerEvent: {}
[1231.341059] (-) TimerEvent: {}
[1231.441945] (-) TimerEvent: {}
[1231.542823] (-) TimerEvent: {}
[1231.643796] (-) TimerEvent: {}
[1231.744696] (-) TimerEvent: {}
[1231.845631] (-) TimerEvent: {}
[1231.946474] (-) TimerEvent: {}
[1232.047441] (-) TimerEvent: {}
[1232.171307] (-) TimerEvent: {}
[1232.483298] (-) TimerEvent: {}
[1232.584251] (-) TimerEvent: {}
[1232.685087] (-) TimerEvent: {}
[1232.786046] (-) TimerEvent: {}
[1232.886927] (-) TimerEvent: {}
[1232.988423] (-) TimerEvent: {}
[1233.089368] (-) TimerEvent: {}
[1233.190311] (-) TimerEvent: {}
[1233.291209] (-) TimerEvent: {}
[1233.392262] (-) TimerEvent: {}
[1233.493283] (-) TimerEvent: {}
[1233.594246] (-) TimerEvent: {}
[1233.695175] (-) TimerEvent: {}
[1233.796086] (-) TimerEvent: {}
[1233.897003] (-) TimerEvent: {}
[1233.997916] (-) TimerEvent: {}
[1234.098880] (-) TimerEvent: {}
[1234.199793] (-) TimerEvent: {}
[1234.300647] (-) TimerEvent: {}
[1234.401676] (-) TimerEvent: {}
[1234.502616] (-) TimerEvent: {}
[1234.604442] (-) TimerEvent: {}
[1234.705450] (-) TimerEvent: {}
[1234.806432] (-) TimerEvent: {}
[1234.907439] (-) TimerEvent: {}
[1235.008497] (-) TimerEvent: {}
[1235.109595] (-) TimerEvent: {}
[1235.210511] (-) TimerEvent: {}
[1235.312864] (-) TimerEvent: {}
[1235.413812] (-) TimerEvent: {}
[1235.514730] (-) TimerEvent: {}
[1235.615717] (-) TimerEvent: {}
[1235.716596] (-) TimerEvent: {}
[1235.817578] (-) TimerEvent: {}
[1235.918555] (-) TimerEvent: {}
[1236.019560] (-) TimerEvent: {}
[1236.120513] (-) TimerEvent: {}
[1236.221409] (-) TimerEvent: {}
[1236.322341] (-) TimerEvent: {}
[1236.424717] (-) TimerEvent: {}
[1236.526433] (-) TimerEvent: {}
[1236.627455] (-) TimerEvent: {}
[1236.728347] (-) TimerEvent: {}
[1236.829337] (-) TimerEvent: {}
[1236.930406] (-) TimerEvent: {}
[1237.031422] (-) TimerEvent: {}
[1237.132465] (-) TimerEvent: {}
[1237.233397] (-) TimerEvent: {}
[1237.334438] (-) TimerEvent: {}
[1237.435457] (-) TimerEvent: {}
[1238.349173] (-) TimerEvent: {}
[1238.450243] (-) TimerEvent: {}
[1238.551399] (-) TimerEvent: {}
[1238.652434] (-) TimerEvent: {}
[1238.753463] (-) TimerEvent: {}
[1238.854508] (-) TimerEvent: {}
[1238.955646] (-) TimerEvent: {}
[1239.056699] (-) TimerEvent: {}
[1239.157922] (-) TimerEvent: {}
[1239.259075] (-) TimerEvent: {}
[1239.360190] (-) TimerEvent: {}
[1239.461215] (-) TimerEvent: {}
[1239.562404] (-) TimerEvent: {}
[1239.663557] (-) TimerEvent: {}
[1239.764184] (-) TimerEvent: {}
[1239.864808] (-) TimerEvent: {}
[1239.965433] (-) TimerEvent: {}
[1240.066049] (-) TimerEvent: {}
[1240.166691] (-) TimerEvent: {}
[1240.267335] (-) TimerEvent: {}
[1240.367995] (-) TimerEvent: {}
[1240.489147] (-) TimerEvent: {}
[1240.589777] (-) TimerEvent: {}
[1240.690404] (-) TimerEvent: {}
[1240.791065] (-) TimerEvent: {}
[1240.891686] (-) TimerEvent: {}
[1240.992612] (-) TimerEvent: {}
[1241.093313] (-) TimerEvent: {}
[1241.194178] (-) TimerEvent: {}
[1241.294806] (-) TimerEvent: {}
[1241.395539] (-) TimerEvent: {}
[1241.496166] (-) TimerEvent: {}
[1241.596791] (-) TimerEvent: {}
[1241.697448] (-) TimerEvent: {}
[1241.798129] (-) TimerEvent: {}
[1241.898747] (-) TimerEvent: {}
[1241.999365] (-) TimerEvent: {}
[1242.099961] (-) TimerEvent: {}
[1242.200591] (-) TimerEvent: {}
[1242.301171] (-) TimerEvent: {}
[1242.401787] (-) TimerEvent: {}
[1242.502497] (-) TimerEvent: {}
[1242.603103] (-) TimerEvent: {}
[1242.703670] (-) TimerEvent: {}
[1242.804244] (-) TimerEvent: {}
[1242.904819] (-) TimerEvent: {}
[1243.005394] (-) TimerEvent: {}
[1243.105975] (-) TimerEvent: {}
[1243.206538] (-) TimerEvent: {}
[1243.307125] (-) TimerEvent: {}
[1243.407713] (-) TimerEvent: {}
[1243.508279] (-) TimerEvent: {}
[1243.608864] (-) TimerEvent: {}
[1243.709474] (-) TimerEvent: {}
[1243.810040] (-) TimerEvent: {}
[1243.910614] (-) TimerEvent: {}
[1244.011238] (-) TimerEvent: {}
[1244.111827] (-) TimerEvent: {}
[1244.212402] (-) TimerEvent: {}
[1244.313052] (-) TimerEvent: {}
[1244.413655] (-) TimerEvent: {}
[1244.514252] (-) TimerEvent: {}
[1244.614949] (-) TimerEvent: {}
[1244.715990] (-) TimerEvent: {}
[1244.817070] (-) TimerEvent: {}
[1244.918130] (-) TimerEvent: {}
[1245.019183] (-) TimerEvent: {}
[1245.120167] (-) TimerEvent: {}
[1245.221184] (-) TimerEvent: {}
[1245.322266] (-) TimerEvent: {}
[1245.423321] (-) TimerEvent: {}
[1245.524436] (-) TimerEvent: {}
[1247.045241] (-) TimerEvent: {}
[1247.145802] (-) TimerEvent: {}
[1247.246346] (-) TimerEvent: {}
[1247.346926] (-) TimerEvent: {}
[1247.447526] (-) TimerEvent: {}
[1247.548109] (-) TimerEvent: {}
[1247.648685] (-) TimerEvent: {}
[1247.749256] (-) TimerEvent: {}
[1247.849855] (-) TimerEvent: {}
[1247.950496] (-) TimerEvent: {}
[1248.051094] (-) TimerEvent: {}
[1248.151662] (-) TimerEvent: {}
[1248.252240] (-) TimerEvent: {}
[1248.352819] (-) TimerEvent: {}
[1248.453395] (-) TimerEvent: {}
[1248.553972] (-) TimerEvent: {}
[1248.654550] (-) TimerEvent: {}
[1248.755095] (-) TimerEvent: {}
[1248.855674] (-) TimerEvent: {}
[1248.956254] (-) TimerEvent: {}
[1249.056868] (-) TimerEvent: {}
[1249.376493] (-) TimerEvent: {}
[1249.477550] (-) TimerEvent: {}
[1249.578772] (-) TimerEvent: {}
[1249.679497] (-) TimerEvent: {}
[1249.780166] (-) TimerEvent: {}
[1249.880783] (-) TimerEvent: {}
[1249.981334] (-) TimerEvent: {}
[1250.081903] (-) TimerEvent: {}
[1250.182586] (-) TimerEvent: {}
[1250.283224] (-) TimerEvent: {}
[1250.383788] (-) TimerEvent: {}
[1250.484369] (-) TimerEvent: {}
[1250.584953] (-) TimerEvent: {}
[1250.685617] (-) TimerEvent: {}
[1250.786617] (-) TimerEvent: {}
[1250.887754] (-) TimerEvent: {}
[1250.988726] (-) TimerEvent: {}
[1251.089710] (-) TimerEvent: {}
[1251.190695] (-) TimerEvent: {}
[1251.291727] (-) TimerEvent: {}
[1251.392764] (-) TimerEvent: {}
[1254.230828] (-) TimerEvent: {}
[1254.331845] (-) TimerEvent: {}
[1254.433164] (-) TimerEvent: {}
[1254.534274] (-) TimerEvent: {}
[1254.636128] (-) TimerEvent: {}
[1254.737056] (-) TimerEvent: {}
[1254.838926] (-) TimerEvent: {}
[1254.939942] (-) TimerEvent: {}
[1255.040965] (-) TimerEvent: {}
[1255.141846] (-) TimerEvent: {}
[1255.242777] (-) TimerEvent: {}
[1255.343786] (-) TimerEvent: {}
[1255.444704] (-) TimerEvent: {}
[1255.545690] (-) TimerEvent: {}
[1255.646695] (-) TimerEvent: {}
[1255.747800] (-) TimerEvent: {}
[1255.848784] (-) TimerEvent: {}
[1255.949813] (-) TimerEvent: {}
[1256.050897] (-) TimerEvent: {}
[1256.151984] (-) TimerEvent: {}
[1256.252969] (-) TimerEvent: {}
[1256.353965] (-) TimerEvent: {}
[1256.455017] (-) TimerEvent: {}
[1257.266611] (-) TimerEvent: {}
[1257.367530] (-) TimerEvent: {}
[1257.468521] (-) TimerEvent: {}
[1257.569693] (-) TimerEvent: {}
[1257.670720] (-) TimerEvent: {}
[1257.771838] (-) TimerEvent: {}
[1257.872888] (-) TimerEvent: {}
[1257.973962] (-) TimerEvent: {}
[1258.074933] (-) TimerEvent: {}
[1258.175883] (-) TimerEvent: {}
[1258.276919] (-) TimerEvent: {}
[1258.377878] (-) TimerEvent: {}
[1258.478882] (-) TimerEvent: {}
[1258.580009] (-) TimerEvent: {}
[1258.680987] (-) TimerEvent: {}
[1258.782055] (-) TimerEvent: {}
[1258.883123] (-) TimerEvent: {}
[1258.984099] (-) TimerEvent: {}
[1259.085145] (-) TimerEvent: {}
[1259.186074] (-) TimerEvent: {}
[1259.287145] (-) TimerEvent: {}
[1259.388115] (-) TimerEvent: {}
[1259.489221] (-) TimerEvent: {}
[1259.590206] (-) TimerEvent: {}
[1259.691207] (-) TimerEvent: {}
[1259.792303] (-) TimerEvent: {}
[1259.893532] (-) TimerEvent: {}
[1259.995262] (-) TimerEvent: {}
[1260.096362] (-) TimerEvent: {}
[1260.197416] (-) TimerEvent: {}
[1260.298501] (-) TimerEvent: {}
[1260.399526] (-) TimerEvent: {}
[1260.500145] (-) TimerEvent: {}
[1260.600766] (-) TimerEvent: {}
[1260.701351] (-) TimerEvent: {}
[1260.801966] (-) TimerEvent: {}
[1260.902553] (-) TimerEvent: {}
[1261.003216] (-) TimerEvent: {}
[1261.103819] (-) TimerEvent: {}
[1261.204442] (-) TimerEvent: {}
[1261.305385] (-) TimerEvent: {}
[1261.406045] (-) TimerEvent: {}
[1261.507010] (-) TimerEvent: {}
[1261.607782] (-) TimerEvent: {}
[1261.708708] (-) TimerEvent: {}
[1261.809358] (-) TimerEvent: {}
[1261.910008] (-) TimerEvent: {}
[1262.010953] (-) TimerEvent: {}
[1262.111612] (-) TimerEvent: {}
[1262.212270] (-) TimerEvent: {}
[1262.312956] (-) TimerEvent: {}
[1262.413627] (-) TimerEvent: {}
[1262.514292] (-) TimerEvent: {}
[1262.614956] (-) TimerEvent: {}
[1262.715622] (-) TimerEvent: {}
[1262.816276] (-) TimerEvent: {}
[1262.916933] (-) TimerEvent: {}
[1263.017541] (-) TimerEvent: {}
[1263.118155] (-) TimerEvent: {}
[1263.219273] (-) TimerEvent: {}
[1263.319908] (-) TimerEvent: {}
[1263.420533] (-) TimerEvent: {}
[1263.521161] (-) TimerEvent: {}
[1263.621798] (-) TimerEvent: {}
[1263.762574] (-) TimerEvent: {}
[1263.863250] (-) TimerEvent: {}
[1263.963916] (-) TimerEvent: {}
[1264.064576] (-) TimerEvent: {}
[1264.165253] (-) TimerEvent: {}
[1264.265936] (-) TimerEvent: {}
[1264.366606] (-) TimerEvent: {}
[1264.678004] (-) TimerEvent: {}
[1264.778628] (-) TimerEvent: {}
[1264.879295] (-) TimerEvent: {}
[1264.979922] (-) TimerEvent: {}
[1265.080547] (-) TimerEvent: {}
[1265.181170] (-) TimerEvent: {}
[1265.281801] (-) TimerEvent: {}
[1265.382427] (-) TimerEvent: {}
[1265.483076] (-) TimerEvent: {}
[1265.583693] (-) TimerEvent: {}
[1265.684295] (-) TimerEvent: {}
[1265.784920] (-) TimerEvent: {}
[1265.885548] (-) TimerEvent: {}
[1265.986178] (-) TimerEvent: {}
[1266.086810] (-) TimerEvent: {}
[1266.187479] (-) TimerEvent: {}
[1266.288103] (-) TimerEvent: {}
[1266.388712] (-) TimerEvent: {}
[1266.489331] (-) TimerEvent: {}
[1266.589936] (-) TimerEvent: {}
[1266.690556] (-) TimerEvent: {}
[1266.791294] (-) TimerEvent: {}
[1266.891959] (-) TimerEvent: {}
[1266.992580] (-) TimerEvent: {}
[1267.093210] (-) TimerEvent: {}
[1267.193833] (-) TimerEvent: {}
[1267.294430] (-) TimerEvent: {}
[1267.395047] (-) TimerEvent: {}
[1267.495636] (-) TimerEvent: {}
[1267.596245] (-) TimerEvent: {}
[1267.696836] (-) TimerEvent: {}
[1267.797467] (-) TimerEvent: {}
[1267.898056] (-) TimerEvent: {}
[1267.998662] (-) TimerEvent: {}
[1268.099245] (-) TimerEvent: {}
[1268.199892] (-) TimerEvent: {}
[1268.300548] (-) TimerEvent: {}
[1268.401133] (-) TimerEvent: {}
[1268.501698] (-) TimerEvent: {}
[1268.602310] (-) TimerEvent: {}
[1268.702877] (-) TimerEvent: {}
[1268.803479] (-) TimerEvent: {}
[1268.904069] (-) TimerEvent: {}
[1269.004646] (-) TimerEvent: {}
[1269.105230] (-) TimerEvent: {}
[1269.205804] (-) TimerEvent: {}
[1269.306427] (-) TimerEvent: {}
[1269.407054] (-) TimerEvent: {}
[1269.507671] (-) TimerEvent: {}
[1269.608286] (-) TimerEvent: {}
[1269.708904] (-) TimerEvent: {}
[1269.809484] (-) TimerEvent: {}
[1269.910068] (-) TimerEvent: {}
[1270.010642] (-) TimerEvent: {}
[1270.111273] (-) TimerEvent: {}
[1270.211891] (-) TimerEvent: {}
[1270.312502] (-) TimerEvent: {}
[1270.413138] (-) TimerEvent: {}
[1270.513749] (-) TimerEvent: {}
[1270.614369] (-) TimerEvent: {}
[1270.715016] (-) TimerEvent: {}
[1270.815602] (-) TimerEvent: {}
[1270.917216] (-) TimerEvent: {}
[1271.017822] (-) TimerEvent: {}
[1271.118420] (-) TimerEvent: {}
[1271.219036] (-) TimerEvent: {}
[1271.319654] (-) TimerEvent: {}
[1271.420239] (-) TimerEvent: {}
[1271.520831] (-) TimerEvent: {}
[1271.621412] (-) TimerEvent: {}
[1271.721980] (-) TimerEvent: {}
[1271.822587] (-) TimerEvent: {}
[1271.923228] (-) TimerEvent: {}
[1272.023856] (-) TimerEvent: {}
[1277.435631] (-) TimerEvent: {}
[1279.697643] (-) TimerEvent: {}
[1279.798255] (-) TimerEvent: {}
[1279.899019] (-) TimerEvent: {}
[1279.999645] (-) TimerEvent: {}
[1280.100302] (-) TimerEvent: {}
[1280.200981] (-) TimerEvent: {}
[1280.301575] (-) TimerEvent: {}
[1280.402182] (-) TimerEvent: {}
[1280.502794] (-) TimerEvent: {}
[1280.603415] (-) TimerEvent: {}
[1280.704030] (-) TimerEvent: {}
[1280.804632] (-) TimerEvent: {}
[1280.905241] (-) TimerEvent: {}
[1281.005870] (-) TimerEvent: {}
[1281.106458] (-) TimerEvent: {}
[1281.207351] (-) TimerEvent: {}
[1281.308026] (-) TimerEvent: {}
[1281.409085] (-) TimerEvent: {}
[1281.509834] (-) TimerEvent: {}
[1281.611088] (-) TimerEvent: {}
[1281.712329] (-) TimerEvent: {}
[1281.813395] (-) TimerEvent: {}
[1281.914138] (-) TimerEvent: {}
[1282.014781] (-) TimerEvent: {}
[1282.115455] (-) TimerEvent: {}
[1282.216066] (-) TimerEvent: {}
[1282.316714] (-) TimerEvent: {}
[1282.417393] (-) TimerEvent: {}
[1282.518060] (-) TimerEvent: {}
[1286.887741] (-) TimerEvent: {}
[1287.007362] (-) TimerEvent: {}
[1287.108037] (-) TimerEvent: {}
[1287.208945] (-) TimerEvent: {}
[1287.310040] (-) TimerEvent: {}
[1287.410636] (-) TimerEvent: {}
[1287.511613] (-) TimerEvent: {}
[1287.612510] (-) TimerEvent: {}
[1287.713422] (-) TimerEvent: {}
[1287.814060] (-) TimerEvent: {}
[1287.915039] (-) TimerEvent: {}
[1288.015697] (-) TimerEvent: {}
[1288.116625] (-) TimerEvent: {}
[1288.217285] (-) TimerEvent: {}
[1288.318236] (-) TimerEvent: {}
[1288.418901] (-) TimerEvent: {}
[1288.519616] (-) TimerEvent: {}
[1288.620240] (-) TimerEvent: {}
[1288.720854] (-) TimerEvent: {}
[1288.821478] (-) TimerEvent: {}
[1288.922091] (-) TimerEvent: {}
[1289.022709] (-) TimerEvent: {}
[1289.123355] (-) TimerEvent: {}
[1289.223963] (-) TimerEvent: {}
[1289.324584] (-) TimerEvent: {}
[1289.425206] (-) TimerEvent: {}
[1289.525832] (-) TimerEvent: {}
[1289.626473] (-) TimerEvent: {}
[1289.727103] (-) TimerEvent: {}
[1289.827729] (-) TimerEvent: {}
[1289.928370] (-) TimerEvent: {}
[1290.028992] (-) TimerEvent: {}
[1290.129631] (-) TimerEvent: {}
[1290.230270] (-) TimerEvent: {}
[1290.330891] (-) TimerEvent: {}
[1290.431551] (-) TimerEvent: {}
[1290.532195] (-) TimerEvent: {}
[1290.632824] (-) TimerEvent: {}
[1290.733458] (-) TimerEvent: {}
[1290.834098] (-) TimerEvent: {}
[1290.934722] (-) TimerEvent: {}
[1291.035375] (-) TimerEvent: {}
[1291.136000] (-) TimerEvent: {}
[1291.236619] (-) TimerEvent: {}
[1291.337236] (-) TimerEvent: {}
[1291.437852] (-) TimerEvent: {}
[1293.583912] (-) TimerEvent: {}
[1293.684839] (-) TimerEvent: {}
[1293.785506] (-) TimerEvent: {}
[1293.886398] (-) TimerEvent: {}
[1293.987080] (-) TimerEvent: {}
[1294.088006] (-) TimerEvent: {}
[1294.188686] (-) TimerEvent: {}
[1294.289607] (-) TimerEvent: {}
[1294.390294] (-) TimerEvent: {}
[1294.490936] (-) TimerEvent: {}
[1294.591994] (-) TimerEvent: {}
[1294.692705] (-) TimerEvent: {}
[1294.793623] (-) TimerEvent: {}
[1294.894303] (-) TimerEvent: {}
[1294.995257] (-) TimerEvent: {}
[1295.095928] (-) TimerEvent: {}
[1295.196858] (-) TimerEvent: {}
[1295.297532] (-) TimerEvent: {}
[1295.398478] (-) TimerEvent: {}
[1295.499150] (-) TimerEvent: {}
[1295.600092] (-) TimerEvent: {}
[1295.700757] (-) TimerEvent: {}
[1295.801669] (-) TimerEvent: {}
[1295.902320] (-) TimerEvent: {}
[1296.003279] (-) TimerEvent: {}
[1296.103960] (-) TimerEvent: {}
[1296.204562] (-) TimerEvent: {}
[1296.305466] (-) TimerEvent: {}
[1296.406122] (-) TimerEvent: {}
[1296.507000] (-) TimerEvent: {}
[1296.607758] (-) TimerEvent: {}
[1296.708680] (-) TimerEvent: {}
[1296.809332] (-) TimerEvent: {}
[1296.909977] (-) TimerEvent: {}
[1297.010882] (-) TimerEvent: {}
[1297.111592] (-) TimerEvent: {}
[1297.212516] (-) TimerEvent: {}
[1297.313171] (-) TimerEvent: {}
[1297.414053] (-) TimerEvent: {}
[1297.514695] (-) TimerEvent: {}
[1297.615652] (-) TimerEvent: {}
[1297.716347] (-) TimerEvent: {}
[1297.817013] (-) TimerEvent: {}
[1297.917899] (-) TimerEvent: {}
[1298.018564] (-) TimerEvent: {}
[1298.119514] (-) TimerEvent: {}
[1298.220420] (-) TimerEvent: {}
[1298.321079] (-) TimerEvent: {}
[1298.421995] (-) TimerEvent: {}
[1298.522612] (-) TimerEvent: {}
[1298.623219] (-) TimerEvent: {}
[1298.723811] (-) TimerEvent: {}
[1298.824399] (-) TimerEvent: {}
[1298.924964] (-) TimerEvent: {}
[1299.025487] (-) TimerEvent: {}
[1299.126006] (-) TimerEvent: {}
[1299.226544] (-) TimerEvent: {}
[1299.327107] (-) TimerEvent: {}
[1299.427657] (-) TimerEvent: {}
[1299.528205] (-) TimerEvent: {}
[1299.628796] (-) TimerEvent: {}
[1299.729403] (-) TimerEvent: {}
[1299.829966] (-) TimerEvent: {}
[1299.930539] (-) TimerEvent: {}
[1300.031102] (-) TimerEvent: {}
[1300.131641] (-) TimerEvent: {}
[1300.232166] (-) TimerEvent: {}
[1300.332727] (-) TimerEvent: {}
[1300.433240] (-) TimerEvent: {}
[1300.533842] (-) TimerEvent: {}
[1300.634579] (-) TimerEvent: {}
[1300.735916] (-) TimerEvent: {}
[1300.836732] (-) TimerEvent: {}
[1300.937653] (-) TimerEvent: {}
[1301.038300] (-) TimerEvent: {}
[1301.139252] (-) TimerEvent: {}
[1301.239900] (-) TimerEvent: {}
[1301.340843] (-) TimerEvent: {}
[1301.441487] (-) TimerEvent: {}
[1301.542447] (-) TimerEvent: {}
[1301.643190] (-) TimerEvent: {}
[1301.743802] (-) TimerEvent: {}
[1301.844733] (-) TimerEvent: {}
[1301.945355] (-) TimerEvent: {}
[1302.046277] (-) TimerEvent: {}
[1302.146914] (-) TimerEvent: {}
[1302.247872] (-) TimerEvent: {}
[1302.348529] (-) TimerEvent: {}
[1302.449524] (-) TimerEvent: {}
[1302.550117] (-) TimerEvent: {}
[1302.650774] (-) TimerEvent: {}
[1302.755130] (-) TimerEvent: {}
[1302.855797] (-) TimerEvent: {}
[1302.957911] (-) TimerEvent: {}
[1303.059189] (-) TimerEvent: {}
[1303.160301] (-) TimerEvent: {}
[1303.260975] (-) TimerEvent: {}
[1303.362072] (-) TimerEvent: {}
[1303.463184] (-) TimerEvent: {}
[1303.564326] (-) TimerEvent: {}
[1303.665089] (-) TimerEvent: {}
[1303.765745] (-) TimerEvent: {}
[1303.866382] (-) TimerEvent: {}
[1303.966946] (-) TimerEvent: {}
[1304.067537] (-) TimerEvent: {}
[1304.168140] (-) TimerEvent: {}
[1304.268787] (-) TimerEvent: {}
[1304.369330] (-) TimerEvent: {}
[1304.469891] (-) TimerEvent: {}
[1304.570436] (-) TimerEvent: {}
[1304.671022] (-) TimerEvent: {}
[1304.771593] (-) TimerEvent: {}
[1304.872131] (-) TimerEvent: {}
[1304.972684] (-) TimerEvent: {}
[1305.073231] (-) TimerEvent: {}
[1305.173815] (-) TimerEvent: {}
[1305.274357] (-) TimerEvent: {}
[1305.374902] (-) TimerEvent: {}
[1305.475534] (-) TimerEvent: {}
[1305.576091] (-) TimerEvent: {}
[1305.676644] (-) TimerEvent: {}
[1305.777198] (-) TimerEvent: {}
[1305.877755] (-) TimerEvent: {}
[1305.978316] (-) TimerEvent: {}
[1306.078863] (-) TimerEvent: {}
[1306.179688] (-) TimerEvent: {}
[1306.280264] (-) TimerEvent: {}
[1306.380849] (-) TimerEvent: {}
[1306.481661] (-) TimerEvent: {}
[1306.582229] (-) TimerEvent: {}
[1312.240277] (-) TimerEvent: {}
[1312.708937] (-) TimerEvent: {}
[1312.809555] (-) TimerEvent: {}
[1312.910123] (-) TimerEvent: {}
[1313.010661] (-) TimerEvent: {}
[1313.111195] (-) TimerEvent: {}
[1313.211752] (-) TimerEvent: {}
[1313.312299] (-) TimerEvent: {}
[1313.412827] (-) TimerEvent: {}
[1313.513412] (-) TimerEvent: {}
[1313.613963] (-) TimerEvent: {}
[1313.714566] (-) TimerEvent: {}
[1313.815211] (-) TimerEvent: {}
[1313.915801] (-) TimerEvent: {}
[1314.016398] (-) TimerEvent: {}
[1314.116985] (-) TimerEvent: {}
[1314.217526] (-) TimerEvent: {}
[1314.318103] (-) TimerEvent: {}
[1314.418649] (-) TimerEvent: {}
[1314.519143] (-) TimerEvent: {}
[1314.619651] (-) TimerEvent: {}
[1314.720243] (-) TimerEvent: {}
[1314.820864] (-) TimerEvent: {}
[1314.921422] (-) TimerEvent: {}
[1315.962525] (-) TimerEvent: {}
[1316.063123] (-) TimerEvent: {}
[1316.163965] (-) TimerEvent: {}
[1316.264540] (-) TimerEvent: {}
[1316.365352] (-) TimerEvent: {}
[1316.465953] (-) TimerEvent: {}
[1316.566743] (-) TimerEvent: {}
[1316.667478] (-) TimerEvent: {}
[1316.768033] (-) TimerEvent: {}
[1316.868657] (-) TimerEvent: {}
[1316.969208] (-) TimerEvent: {}
[1317.069733] (-) TimerEvent: {}
[1317.170267] (-) TimerEvent: {}
[1317.270819] (-) TimerEvent: {}
[1317.371368] (-) TimerEvent: {}
[1317.471848] (-) TimerEvent: {}
[1317.572338] (-) TimerEvent: {}
[1317.672820] (-) TimerEvent: {}
[1317.773786] (-) TimerEvent: {}
[1317.874862] (-) TimerEvent: {}
[1317.975801] (-) TimerEvent: {}
[1318.076808] (-) TimerEvent: {}
[1318.177831] (-) TimerEvent: {}
[1318.278885] (-) TimerEvent: {}
[1318.379934] (-) TimerEvent: {}
[1318.480967] (-) TimerEvent: {}
[1318.582019] (-) TimerEvent: {}
[1318.683059] (-) TimerEvent: {}
[1318.784066] (-) TimerEvent: {}
[1318.885227] (-) TimerEvent: {}
[1318.986217] (-) TimerEvent: {}
[1319.087153] (-) TimerEvent: {}
[1319.188142] (-) TimerEvent: {}
[1319.289265] (-) TimerEvent: {}
[1319.390380] (-) TimerEvent: {}
[1319.491658] (-) TimerEvent: {}
[1319.592853] (-) TimerEvent: {}
[1319.693917] (-) TimerEvent: {}
[1319.794933] (-) TimerEvent: {}
[1319.896202] (-) TimerEvent: {}
[1319.997218] (-) TimerEvent: {}
[1320.098117] (-) TimerEvent: {}
[1320.199177] (-) TimerEvent: {}
[1320.300406] (-) TimerEvent: {}
[1320.401415] (-) TimerEvent: {}
[1323.125242] (-) TimerEvent: {}
[1323.225808] (-) TimerEvent: {}
[1323.326742] (-) TimerEvent: {}
[1323.427331] (-) TimerEvent: {}
[1323.528204] (-) TimerEvent: {}
[1323.628802] (-) TimerEvent: {}
[1323.729723] (-) TimerEvent: {}
[1323.830327] (-) TimerEvent: {}
[1323.931357] (-) TimerEvent: {}
[1324.032219] (-) TimerEvent: {}
[1324.133136] (-) TimerEvent: {}
[1324.233717] (-) TimerEvent: {}
[1324.334607] (-) TimerEvent: {}
[1324.435225] (-) TimerEvent: {}
[1324.536128] (-) TimerEvent: {}
[1324.636736] (-) TimerEvent: {}
[1324.737334] (-) TimerEvent: {}
[1324.838233] (-) TimerEvent: {}
[1324.938854] (-) TimerEvent: {}
[1325.039727] (-) TimerEvent: {}
[1325.140329] (-) TimerEvent: {}
[1325.241178] (-) TimerEvent: {}
[1325.341790] (-) TimerEvent: {}
[1325.442663] (-) TimerEvent: {}
[1325.543301] (-) TimerEvent: {}
[1325.643905] (-) TimerEvent: {}
[1325.744501] (-) TimerEvent: {}
[1325.845424] (-) TimerEvent: {}
[1325.946026] (-) TimerEvent: {}
[1326.046879] (-) TimerEvent: {}
[1326.147498] (-) TimerEvent: {}
[1326.248345] (-) TimerEvent: {}
[1326.348959] (-) TimerEvent: {}
[1326.449824] (-) TimerEvent: {}
[1326.550446] (-) TimerEvent: {}
[1326.651080] (-) TimerEvent: {}
[1326.751955] (-) TimerEvent: {}
[1326.852564] (-) TimerEvent: {}
[1326.953422] (-) TimerEvent: {}
[1327.054285] (-) TimerEvent: {}
[1327.154928] (-) TimerEvent: {}
[1327.255530] (-) TimerEvent: {}
[1327.356400] (-) TimerEvent: {}
[1327.456998] (-) TimerEvent: {}
[1327.557840] (-) TimerEvent: {}
[1327.658427] (-) TimerEvent: {}
[1327.759307] (-) TimerEvent: {}
[1327.859893] (-) TimerEvent: {}
[1327.960757] (-) TimerEvent: {}
[1328.061358] (-) TimerEvent: {}
[1332.059018] (-) TimerEvent: {}
[1332.159621] (-) TimerEvent: {}
[1332.260439] (-) TimerEvent: {}
[1332.361038] (-) TimerEvent: {}
[1332.461587] (-) TimerEvent: {}
[1332.562184] (-) TimerEvent: {}
[1332.662763] (-) TimerEvent: {}
[1332.767441] (-) TimerEvent: {}
[1332.868298] (-) TimerEvent: {}
[1332.968899] (-) TimerEvent: {}
[1333.069752] (-) TimerEvent: {}
[1333.170385] (-) TimerEvent: {}
[1333.271210] (-) TimerEvent: {}
[1333.371796] (-) TimerEvent: {}
[1333.472374] (-) TimerEvent: {}
[1333.572959] (-) TimerEvent: {}
[1333.673557] (-) TimerEvent: {}
[1333.774155] (-) TimerEvent: {}
[1333.874729] (-) TimerEvent: {}
[1333.975334] (-) TimerEvent: {}
[1334.075908] (-) TimerEvent: {}
[1334.176494] (-) TimerEvent: {}
[1334.277330] (-) TimerEvent: {}
[1334.377942] (-) TimerEvent: {}
[1334.478755] (-) TimerEvent: {}
[1334.579391] (-) TimerEvent: {}
[1334.680233] (-) TimerEvent: {}
[1334.780835] (-) TimerEvent: {}
[1334.881695] (-) TimerEvent: {}
[1334.982302] (-) TimerEvent: {}
[1335.083196] (-) TimerEvent: {}
[1335.184076] (-) TimerEvent: {}
[1335.284697] (-) TimerEvent: {}
[1335.385564] (-) TimerEvent: {}
[1335.486175] (-) TimerEvent: {}
[1335.587045] (-) TimerEvent: {}
[1335.687658] (-) TimerEvent: {}
[1335.788513] (-) TimerEvent: {}
[1335.889110] (-) TimerEvent: {}
[1335.989695] (-) TimerEvent: {}
[1336.090534] (-) TimerEvent: {}
[1336.191416] (-) TimerEvent: {}
[1336.292003] (-) TimerEvent: {}
[1336.392819] (-) TimerEvent: {}
[1336.493419] (-) TimerEvent: {}
[1336.594345] (-) TimerEvent: {}
[1336.694955] (-) TimerEvent: {}
[1336.795810] (-) TimerEvent: {}
[1336.896404] (-) TimerEvent: {}
[1336.997229] (-) TimerEvent: {}
[1337.097799] (-) TimerEvent: {}
[1337.198369] (-) TimerEvent: {}
[1337.299243] (-) TimerEvent: {}
[1337.399829] (-) TimerEvent: {}
[1337.500421] (-) TimerEvent: {}
[1337.601010] (-) TimerEvent: {}
[1337.701615] (-) TimerEvent: {}
[1337.802225] (-) TimerEvent: {}
[1337.902761] (-) TimerEvent: {}
[1338.003336] (-) TimerEvent: {}
[1338.103942] (-) TimerEvent: {}
[1338.204541] (-) TimerEvent: {}
[1338.305377] (-) TimerEvent: {}
[1338.405954] (-) TimerEvent: {}
[1338.506785] (-) TimerEvent: {}
[1338.607681] (-) TimerEvent: {}
[1338.708523] (-) TimerEvent: {}
[1342.895625] (-) TimerEvent: {}
[1342.996559] (-) TimerEvent: {}
[1343.097527] (-) TimerEvent: {}
[1343.198572] (-) TimerEvent: {}
[1343.299269] (-) TimerEvent: {}
[1343.400092] (-) TimerEvent: {}
[1343.500691] (-) TimerEvent: {}
[1343.601248] (-) TimerEvent: {}
[1343.701827] (-) TimerEvent: {}
[1343.802449] (-) TimerEvent: {}
[1343.903080] (-) TimerEvent: {}
[1349.104220] (-) TimerEvent: {}
