[0.483s] DEBUG:colcon:Command line arguments: ['/usr/bin/colcon', 'build', '--symlink-install', '--cmake-args', '-DPYTHON_EXECUTABLE=/usr/bin/python3', '-DCMAKE_BUILD_TYPE=Debug', '--no-warn-unused-cli', '--packages-select', 'opentera_webrtc_ros']
[0.484s] DEBUG:colcon:Parsed command line arguments: Namespace(log_base=None, log_level=None, verb_name='build', build_base='build', install_base='install', merge_install=False, symlink_install=True, test_result_base=None, continue_on_error=False, executor='parallel', parallel_workers=4, event_handlers=None, ignore_user_meta=False, metas=['./colcon.meta'], base_paths=['.'], packages_ignore=None, packages_ignore_regex=None, paths=None, packages_up_to=None, packages_up_to_regex=None, packages_above=None, packages_above_and_dependencies=None, packages_above_depth=None, packages_select_by_dep=None, packages_skip_by_dep=None, packages_skip_up_to=None, packages_select_build_failed=False, packages_skip_build_finished=False, packages_select_test_failures=False, packages_skip_test_passed=False, packages_select=['opentera_webrtc_ros'], packages_skip=None, packages_select_regex=None, packages_skip_regex=None, packages_start=None, packages_end=None, cmake_args=['-DPYTHON_EXECUTABLE=/usr/bin/python3', '-DCMAKE_BUILD_TYPE=Debug', '--no-warn-unused-cli'], cmake_target=None, cmake_target_skip_unavailable=False, cmake_clean_cache=False, cmake_clean_first=False, cmake_force_configure=False, ament_cmake_args=None, catkin_cmake_args=None, catkin_skip_building_tests=False, mixin_files=None, mixin=None, verb_parser=<colcon_mixin.mixin.mixin_argument.MixinArgumentDecorator object at 0x7fb7711ab0>, verb_extension=<colcon_core.verb.build.BuildVerb object at 0x7fb7711600>, main=<bound method BuildVerb.main of <colcon_core.verb.build.BuildVerb object at 0x7fb7711600>>, mixin_verb=('build',))
[1.167s] Level 1:colcon.colcon_core.package_discovery:discover_packages(colcon_meta) check parameters
[1.169s] INFO:colcon.colcon_metadata.package_discovery.colcon_meta:Using configuration from '/root/.colcon/metadata/default/Gazebo.meta'
[1.171s] INFO:colcon.colcon_metadata.package_discovery.colcon_meta:Using configuration from '/root/.colcon/metadata/default/fastrtps.meta'
[1.171s] Level 1:colcon.colcon_core.package_discovery:discover_packages(recursive) check parameters
[1.171s] Level 1:colcon.colcon_core.package_discovery:discover_packages(ignore) check parameters
[1.171s] Level 1:colcon.colcon_core.package_discovery:discover_packages(path) check parameters
[1.172s] Level 1:colcon.colcon_core.package_discovery:discover_packages(colcon_meta) discover
[1.172s] Level 1:colcon.colcon_core.package_discovery:discover_packages(recursive) discover
[1.172s] INFO:colcon.colcon_core.package_discovery:Crawling recursively for packages in '/home/ws/ugv_ws'
[1.172s] Level 1:colcon.colcon_core.package_identification:_identify(.) by extensions ['ignore', 'ignore_ament_install']
[1.173s] Level 1:colcon.colcon_core.package_identification:_identify(.) by extension 'ignore'
[1.173s] Level 1:colcon.colcon_core.package_identification:_identify(.) by extension 'ignore_ament_install'
[1.173s] Level 1:colcon.colcon_core.package_identification:_identify(.) by extensions ['colcon_pkg']
[1.173s] Level 1:colcon.colcon_core.package_identification:_identify(.) by extension 'colcon_pkg'
[1.173s] Level 1:colcon.colcon_core.package_identification:_identify(.) by extensions ['colcon_meta']
[1.173s] Level 1:colcon.colcon_core.package_identification:_identify(.) by extension 'colcon_meta'
[1.174s] Level 1:colcon.colcon_core.package_identification:_identify(.) by extensions ['ros']
[1.174s] Level 1:colcon.colcon_core.package_identification:_identify(.) by extension 'ros'
[1.213s] Level 1:colcon.colcon_core.package_identification:_identify(.) by extensions ['cmake', 'python']
[1.213s] Level 1:colcon.colcon_core.package_identification:_identify(.) by extension 'cmake'
[1.213s] Level 1:colcon.colcon_core.package_identification:_identify(.) by extension 'python'
[1.213s] Level 1:colcon.colcon_core.package_identification:_identify(.) by extensions ['python_setup_py']
[1.214s] Level 1:colcon.colcon_core.package_identification:_identify(.) by extension 'python_setup_py'
[1.214s] Level 1:colcon.colcon_core.package_identification:_identify(build) by extensions ['ignore', 'ignore_ament_install']
[1.214s] Level 1:colcon.colcon_core.package_identification:_identify(build) by extension 'ignore'
[1.215s] Level 1:colcon.colcon_core.package_identification:_identify(build) ignored
[1.215s] Level 1:colcon.colcon_core.package_identification:_identify(install) by extensions ['ignore', 'ignore_ament_install']
[1.215s] Level 1:colcon.colcon_core.package_identification:_identify(install) by extension 'ignore'
[1.216s] Level 1:colcon.colcon_core.package_identification:_identify(install) ignored
[1.216s] Level 1:colcon.colcon_core.package_identification:_identify(log) by extensions ['ignore', 'ignore_ament_install']
[1.216s] Level 1:colcon.colcon_core.package_identification:_identify(log) by extension 'ignore'
[1.217s] Level 1:colcon.colcon_core.package_identification:_identify(log) ignored
[1.217s] Level 1:colcon.colcon_core.package_identification:_identify(src) by extensions ['ignore', 'ignore_ament_install']
[1.217s] Level 1:colcon.colcon_core.package_identification:_identify(src) by extension 'ignore'
[1.217s] Level 1:colcon.colcon_core.package_identification:_identify(src) by extension 'ignore_ament_install'
[1.217s] Level 1:colcon.colcon_core.package_identification:_identify(src) by extensions ['colcon_pkg']
[1.218s] Level 1:colcon.colcon_core.package_identification:_identify(src) by extension 'colcon_pkg'
[1.218s] Level 1:colcon.colcon_core.package_identification:_identify(src) by extensions ['colcon_meta']
[1.218s] Level 1:colcon.colcon_core.package_identification:_identify(src) by extension 'colcon_meta'
[1.218s] Level 1:colcon.colcon_core.package_identification:_identify(src) by extensions ['ros']
[1.218s] Level 1:colcon.colcon_core.package_identification:_identify(src) by extension 'ros'
[1.218s] Level 1:colcon.colcon_core.package_identification:_identify(src) by extensions ['cmake', 'python']
[1.219s] Level 1:colcon.colcon_core.package_identification:_identify(src) by extension 'cmake'
[1.219s] Level 1:colcon.colcon_core.package_identification:_identify(src) by extension 'python'
[1.219s] Level 1:colcon.colcon_core.package_identification:_identify(src) by extensions ['python_setup_py']
[1.219s] Level 1:colcon.colcon_core.package_identification:_identify(src) by extension 'python_setup_py'
[1.219s] Level 1:colcon.colcon_core.package_identification:_identify(src/ugv_else) by extensions ['ignore', 'ignore_ament_install']
[1.220s] Level 1:colcon.colcon_core.package_identification:_identify(src/ugv_else) by extension 'ignore'
[1.220s] Level 1:colcon.colcon_core.package_identification:_identify(src/ugv_else) by extension 'ignore_ament_install'
[1.220s] Level 1:colcon.colcon_core.package_identification:_identify(src/ugv_else) by extensions ['colcon_pkg']
[1.220s] Level 1:colcon.colcon_core.package_identification:_identify(src/ugv_else) by extension 'colcon_pkg'
[1.220s] Level 1:colcon.colcon_core.package_identification:_identify(src/ugv_else) by extensions ['colcon_meta']
[1.220s] Level 1:colcon.colcon_core.package_identification:_identify(src/ugv_else) by extension 'colcon_meta'
[1.221s] Level 1:colcon.colcon_core.package_identification:_identify(src/ugv_else) by extensions ['ros']
[1.221s] Level 1:colcon.colcon_core.package_identification:_identify(src/ugv_else) by extension 'ros'
[1.221s] Level 1:colcon.colcon_core.package_identification:_identify(src/ugv_else) by extensions ['cmake', 'python']
[1.221s] Level 1:colcon.colcon_core.package_identification:_identify(src/ugv_else) by extension 'cmake'
[1.221s] Level 1:colcon.colcon_core.package_identification:_identify(src/ugv_else) by extension 'python'
[1.221s] Level 1:colcon.colcon_core.package_identification:_identify(src/ugv_else) by extensions ['python_setup_py']
[1.221s] Level 1:colcon.colcon_core.package_identification:_identify(src/ugv_else) by extension 'python_setup_py'
[1.222s] Level 1:colcon.colcon_core.package_identification:_identify(src/ugv_else/apriltag_ros) by extensions ['ignore', 'ignore_ament_install']
[1.222s] Level 1:colcon.colcon_core.package_identification:_identify(src/ugv_else/apriltag_ros) by extension 'ignore'
[1.222s] Level 1:colcon.colcon_core.package_identification:_identify(src/ugv_else/apriltag_ros) by extension 'ignore_ament_install'
[1.223s] Level 1:colcon.colcon_core.package_identification:_identify(src/ugv_else/apriltag_ros) by extensions ['colcon_pkg']
[1.223s] Level 1:colcon.colcon_core.package_identification:_identify(src/ugv_else/apriltag_ros) by extension 'colcon_pkg'
[1.223s] Level 1:colcon.colcon_core.package_identification:_identify(src/ugv_else/apriltag_ros) by extensions ['colcon_meta']
[1.223s] Level 1:colcon.colcon_core.package_identification:_identify(src/ugv_else/apriltag_ros) by extension 'colcon_meta'
[1.223s] Level 1:colcon.colcon_core.package_identification:_identify(src/ugv_else/apriltag_ros) by extensions ['ros']
[1.223s] Level 1:colcon.colcon_core.package_identification:_identify(src/ugv_else/apriltag_ros) by extension 'ros'
[1.223s] Level 1:colcon.colcon_core.package_identification:_identify(src/ugv_else/apriltag_ros) by extensions ['cmake', 'python']
[1.224s] Level 1:colcon.colcon_core.package_identification:_identify(src/ugv_else/apriltag_ros) by extension 'cmake'
[1.224s] Level 1:colcon.colcon_core.package_identification:_identify(src/ugv_else/apriltag_ros) by extension 'python'
[1.224s] Level 1:colcon.colcon_core.package_identification:_identify(src/ugv_else/apriltag_ros) by extensions ['python_setup_py']
[1.224s] Level 1:colcon.colcon_core.package_identification:_identify(src/ugv_else/apriltag_ros) by extension 'python_setup_py'
[1.224s] Level 1:colcon.colcon_core.package_identification:_identify(src/ugv_else/apriltag_ros/apriltag) by extensions ['ignore', 'ignore_ament_install']
[1.225s] Level 1:colcon.colcon_core.package_identification:_identify(src/ugv_else/apriltag_ros/apriltag) by extension 'ignore'
[1.225s] Level 1:colcon.colcon_core.package_identification:_identify(src/ugv_else/apriltag_ros/apriltag) by extension 'ignore_ament_install'
[1.225s] Level 1:colcon.colcon_core.package_identification:_identify(src/ugv_else/apriltag_ros/apriltag) by extensions ['colcon_pkg']
[1.225s] Level 1:colcon.colcon_core.package_identification:_identify(src/ugv_else/apriltag_ros/apriltag) by extension 'colcon_pkg'
[1.225s] Level 1:colcon.colcon_core.package_identification:_identify(src/ugv_else/apriltag_ros/apriltag) by extensions ['colcon_meta']
[1.226s] Level 1:colcon.colcon_core.package_identification:_identify(src/ugv_else/apriltag_ros/apriltag) by extension 'colcon_meta'
[1.226s] Level 1:colcon.colcon_core.package_identification:_identify(src/ugv_else/apriltag_ros/apriltag) by extensions ['ros']
[1.226s] Level 1:colcon.colcon_core.package_identification:_identify(src/ugv_else/apriltag_ros/apriltag) by extension 'ros'
[1.240s] DEBUG:colcon.colcon_core.package_identification:Package 'src/ugv_else/apriltag_ros/apriltag' with type 'ros.cmake' and name 'apriltag'
[1.241s] Level 1:colcon.colcon_core.package_identification:_identify(src/ugv_else/apriltag_ros/apriltag_msgs) by extensions ['ignore', 'ignore_ament_install']
[1.241s] Level 1:colcon.colcon_core.package_identification:_identify(src/ugv_else/apriltag_ros/apriltag_msgs) by extension 'ignore'
[1.241s] Level 1:colcon.colcon_core.package_identification:_identify(src/ugv_else/apriltag_ros/apriltag_msgs) by extension 'ignore_ament_install'
[1.241s] Level 1:colcon.colcon_core.package_identification:_identify(src/ugv_else/apriltag_ros/apriltag_msgs) by extensions ['colcon_pkg']
[1.242s] Level 1:colcon.colcon_core.package_identification:_identify(src/ugv_else/apriltag_ros/apriltag_msgs) by extension 'colcon_pkg'
[1.242s] Level 1:colcon.colcon_core.package_identification:_identify(src/ugv_else/apriltag_ros/apriltag_msgs) by extensions ['colcon_meta']
[1.242s] Level 1:colcon.colcon_core.package_identification:_identify(src/ugv_else/apriltag_ros/apriltag_msgs) by extension 'colcon_meta'
[1.242s] Level 1:colcon.colcon_core.package_identification:_identify(src/ugv_else/apriltag_ros/apriltag_msgs) by extensions ['ros']
[1.242s] Level 1:colcon.colcon_core.package_identification:_identify(src/ugv_else/apriltag_ros/apriltag_msgs) by extension 'ros'
[1.245s] DEBUG:colcon.colcon_core.package_identification:Package 'src/ugv_else/apriltag_ros/apriltag_msgs' with type 'ros.ament_cmake' and name 'apriltag_msgs'
[1.245s] Level 1:colcon.colcon_core.package_identification:_identify(src/ugv_else/apriltag_ros/apriltag_ros) by extensions ['ignore', 'ignore_ament_install']
[1.246s] Level 1:colcon.colcon_core.package_identification:_identify(src/ugv_else/apriltag_ros/apriltag_ros) by extension 'ignore'
[1.246s] Level 1:colcon.colcon_core.package_identification:_identify(src/ugv_else/apriltag_ros/apriltag_ros) by extension 'ignore_ament_install'
[1.246s] Level 1:colcon.colcon_core.package_identification:_identify(src/ugv_else/apriltag_ros/apriltag_ros) by extensions ['colcon_pkg']
[1.246s] Level 1:colcon.colcon_core.package_identification:_identify(src/ugv_else/apriltag_ros/apriltag_ros) by extension 'colcon_pkg'
[1.246s] Level 1:colcon.colcon_core.package_identification:_identify(src/ugv_else/apriltag_ros/apriltag_ros) by extensions ['colcon_meta']
[1.246s] Level 1:colcon.colcon_core.package_identification:_identify(src/ugv_else/apriltag_ros/apriltag_ros) by extension 'colcon_meta'
[1.247s] Level 1:colcon.colcon_core.package_identification:_identify(src/ugv_else/apriltag_ros/apriltag_ros) by extensions ['ros']
[1.247s] Level 1:colcon.colcon_core.package_identification:_identify(src/ugv_else/apriltag_ros/apriltag_ros) by extension 'ros'
[1.252s] DEBUG:colcon.colcon_core.package_identification:Package 'src/ugv_else/apriltag_ros/apriltag_ros' with type 'ros.ament_cmake' and name 'apriltag_ros'
[1.253s] Level 1:colcon.colcon_core.package_identification:_identify(src/ugv_else/audio_utils) by extensions ['ignore', 'ignore_ament_install']
[1.253s] Level 1:colcon.colcon_core.package_identification:_identify(src/ugv_else/audio_utils) by extension 'ignore'
[1.253s] Level 1:colcon.colcon_core.package_identification:_identify(src/ugv_else/audio_utils) by extension 'ignore_ament_install'
[1.254s] Level 1:colcon.colcon_core.package_identification:_identify(src/ugv_else/audio_utils) by extensions ['colcon_pkg']
[1.254s] Level 1:colcon.colcon_core.package_identification:_identify(src/ugv_else/audio_utils) by extension 'colcon_pkg'
[1.254s] Level 1:colcon.colcon_core.package_identification:_identify(src/ugv_else/audio_utils) by extensions ['colcon_meta']
[1.254s] Level 1:colcon.colcon_core.package_identification:_identify(src/ugv_else/audio_utils) by extension 'colcon_meta'
[1.254s] Level 1:colcon.colcon_core.package_identification:_identify(src/ugv_else/audio_utils) by extensions ['ros']
[1.254s] Level 1:colcon.colcon_core.package_identification:_identify(src/ugv_else/audio_utils) by extension 'ros'
[1.255s] Level 1:colcon.colcon_core.package_identification:_identify(src/ugv_else/audio_utils) by extensions ['cmake', 'python']
[1.255s] Level 1:colcon.colcon_core.package_identification:_identify(src/ugv_else/audio_utils) by extension 'cmake'
[1.255s] Level 1:colcon.colcon_core.package_identification:_identify(src/ugv_else/audio_utils) by extension 'python'
[1.255s] Level 1:colcon.colcon_core.package_identification:_identify(src/ugv_else/audio_utils) by extensions ['python_setup_py']
[1.255s] Level 1:colcon.colcon_core.package_identification:_identify(src/ugv_else/audio_utils) by extension 'python_setup_py'
[1.256s] Level 1:colcon.colcon_core.package_identification:_identify(src/ugv_else/audio_utils/audio_utils) by extensions ['ignore', 'ignore_ament_install']
[1.256s] Level 1:colcon.colcon_core.package_identification:_identify(src/ugv_else/audio_utils/audio_utils) by extension 'ignore'
[1.257s] Level 1:colcon.colcon_core.package_identification:_identify(src/ugv_else/audio_utils/audio_utils) by extension 'ignore_ament_install'
[1.257s] Level 1:colcon.colcon_core.package_identification:_identify(src/ugv_else/audio_utils/audio_utils) by extensions ['colcon_pkg']
[1.257s] Level 1:colcon.colcon_core.package_identification:_identify(src/ugv_else/audio_utils/audio_utils) by extension 'colcon_pkg'
[1.257s] Level 1:colcon.colcon_core.package_identification:_identify(src/ugv_else/audio_utils/audio_utils) by extensions ['colcon_meta']
[1.257s] Level 1:colcon.colcon_core.package_identification:_identify(src/ugv_else/audio_utils/audio_utils) by extension 'colcon_meta'
[1.258s] Level 1:colcon.colcon_core.package_identification:_identify(src/ugv_else/audio_utils/audio_utils) by extensions ['ros']
[1.258s] Level 1:colcon.colcon_core.package_identification:_identify(src/ugv_else/audio_utils/audio_utils) by extension 'ros'
[1.261s] DEBUG:colcon.colcon_core.package_identification:Package 'src/ugv_else/audio_utils/audio_utils' with type 'ros.ament_cmake' and name 'audio_utils'
[1.261s] Level 1:colcon.colcon_core.package_identification:_identify(src/ugv_else/audio_utils/audio_utils_msgs) by extensions ['ignore', 'ignore_ament_install']
[1.261s] Level 1:colcon.colcon_core.package_identification:_identify(src/ugv_else/audio_utils/audio_utils_msgs) by extension 'ignore'
[1.262s] Level 1:colcon.colcon_core.package_identification:_identify(src/ugv_else/audio_utils/audio_utils_msgs) by extension 'ignore_ament_install'
[1.262s] Level 1:colcon.colcon_core.package_identification:_identify(src/ugv_else/audio_utils/audio_utils_msgs) by extensions ['colcon_pkg']
[1.262s] Level 1:colcon.colcon_core.package_identification:_identify(src/ugv_else/audio_utils/audio_utils_msgs) by extension 'colcon_pkg'
[1.262s] Level 1:colcon.colcon_core.package_identification:_identify(src/ugv_else/audio_utils/audio_utils_msgs) by extensions ['colcon_meta']
[1.262s] Level 1:colcon.colcon_core.package_identification:_identify(src/ugv_else/audio_utils/audio_utils_msgs) by extension 'colcon_meta'
[1.262s] Level 1:colcon.colcon_core.package_identification:_identify(src/ugv_else/audio_utils/audio_utils_msgs) by extensions ['ros']
[1.263s] Level 1:colcon.colcon_core.package_identification:_identify(src/ugv_else/audio_utils/audio_utils_msgs) by extension 'ros'
[1.265s] DEBUG:colcon.colcon_core.package_identification:Package 'src/ugv_else/audio_utils/audio_utils_msgs' with type 'ros.ament_cmake' and name 'audio_utils_msgs'
[1.265s] Level 1:colcon.colcon_core.package_identification:_identify(src/ugv_else/cartographer) by extensions ['ignore', 'ignore_ament_install']
[1.266s] Level 1:colcon.colcon_core.package_identification:_identify(src/ugv_else/cartographer) by extension 'ignore'
[1.266s] Level 1:colcon.colcon_core.package_identification:_identify(src/ugv_else/cartographer) by extension 'ignore_ament_install'
[1.266s] Level 1:colcon.colcon_core.package_identification:_identify(src/ugv_else/cartographer) by extensions ['colcon_pkg']
[1.266s] Level 1:colcon.colcon_core.package_identification:_identify(src/ugv_else/cartographer) by extension 'colcon_pkg'
[1.266s] Level 1:colcon.colcon_core.package_identification:_identify(src/ugv_else/cartographer) by extensions ['colcon_meta']
[1.267s] Level 1:colcon.colcon_core.package_identification:_identify(src/ugv_else/cartographer) by extension 'colcon_meta'
[1.267s] Level 1:colcon.colcon_core.package_identification:_identify(src/ugv_else/cartographer) by extensions ['ros']
[1.267s] Level 1:colcon.colcon_core.package_identification:_identify(src/ugv_else/cartographer) by extension 'ros'
[1.269s] DEBUG:colcon.colcon_core.package_identification:Package 'src/ugv_else/cartographer' with type 'ros.ament_cmake' and name 'cartographer'
[1.269s] Level 1:colcon.colcon_core.package_identification:_identify(src/ugv_else/costmap_converter) by extensions ['ignore', 'ignore_ament_install']
[1.269s] Level 1:colcon.colcon_core.package_identification:_identify(src/ugv_else/costmap_converter) by extension 'ignore'
[1.270s] Level 1:colcon.colcon_core.package_identification:_identify(src/ugv_else/costmap_converter) by extension 'ignore_ament_install'
[1.270s] Level 1:colcon.colcon_core.package_identification:_identify(src/ugv_else/costmap_converter) by extensions ['colcon_pkg']
[1.270s] Level 1:colcon.colcon_core.package_identification:_identify(src/ugv_else/costmap_converter) by extension 'colcon_pkg'
[1.270s] Level 1:colcon.colcon_core.package_identification:_identify(src/ugv_else/costmap_converter) by extensions ['colcon_meta']
[1.270s] Level 1:colcon.colcon_core.package_identification:_identify(src/ugv_else/costmap_converter) by extension 'colcon_meta'
[1.270s] Level 1:colcon.colcon_core.package_identification:_identify(src/ugv_else/costmap_converter) by extensions ['ros']
[1.271s] Level 1:colcon.colcon_core.package_identification:_identify(src/ugv_else/costmap_converter) by extension 'ros'
[1.271s] Level 1:colcon.colcon_core.package_identification:_identify(src/ugv_else/costmap_converter) by extensions ['cmake', 'python']
[1.271s] Level 1:colcon.colcon_core.package_identification:_identify(src/ugv_else/costmap_converter) by extension 'cmake'
[1.271s] Level 1:colcon.colcon_core.package_identification:_identify(src/ugv_else/costmap_converter) by extension 'python'
[1.271s] Level 1:colcon.colcon_core.package_identification:_identify(src/ugv_else/costmap_converter) by extensions ['python_setup_py']
[1.271s] Level 1:colcon.colcon_core.package_identification:_identify(src/ugv_else/costmap_converter) by extension 'python_setup_py'
[1.272s] Level 1:colcon.colcon_core.package_identification:_identify(src/ugv_else/costmap_converter/costmap_converter) by extensions ['ignore', 'ignore_ament_install']
[1.272s] Level 1:colcon.colcon_core.package_identification:_identify(src/ugv_else/costmap_converter/costmap_converter) by extension 'ignore'
[1.272s] Level 1:colcon.colcon_core.package_identification:_identify(src/ugv_else/costmap_converter/costmap_converter) by extension 'ignore_ament_install'
[1.273s] Level 1:colcon.colcon_core.package_identification:_identify(src/ugv_else/costmap_converter/costmap_converter) by extensions ['colcon_pkg']
[1.273s] Level 1:colcon.colcon_core.package_identification:_identify(src/ugv_else/costmap_converter/costmap_converter) by extension 'colcon_pkg'
[1.273s] Level 1:colcon.colcon_core.package_identification:_identify(src/ugv_else/costmap_converter/costmap_converter) by extensions ['colcon_meta']
[1.273s] Level 1:colcon.colcon_core.package_identification:_identify(src/ugv_else/costmap_converter/costmap_converter) by extension 'colcon_meta'
[1.273s] Level 1:colcon.colcon_core.package_identification:_identify(src/ugv_else/costmap_converter/costmap_converter) by extensions ['ros']
[1.273s] Level 1:colcon.colcon_core.package_identification:_identify(src/ugv_else/costmap_converter/costmap_converter) by extension 'ros'
[1.277s] DEBUG:colcon.colcon_core.package_identification:Package 'src/ugv_else/costmap_converter/costmap_converter' with type 'ros.ament_cmake' and name 'costmap_converter'
[1.278s] Level 1:colcon.colcon_core.package_identification:_identify(src/ugv_else/costmap_converter/costmap_converter_msgs) by extensions ['ignore', 'ignore_ament_install']
[1.278s] Level 1:colcon.colcon_core.package_identification:_identify(src/ugv_else/costmap_converter/costmap_converter_msgs) by extension 'ignore'
[1.278s] Level 1:colcon.colcon_core.package_identification:_identify(src/ugv_else/costmap_converter/costmap_converter_msgs) by extension 'ignore_ament_install'
[1.279s] Level 1:colcon.colcon_core.package_identification:_identify(src/ugv_else/costmap_converter/costmap_converter_msgs) by extensions ['colcon_pkg']
[1.279s] Level 1:colcon.colcon_core.package_identification:_identify(src/ugv_else/costmap_converter/costmap_converter_msgs) by extension 'colcon_pkg'
[1.279s] Level 1:colcon.colcon_core.package_identification:_identify(src/ugv_else/costmap_converter/costmap_converter_msgs) by extensions ['colcon_meta']
[1.279s] Level 1:colcon.colcon_core.package_identification:_identify(src/ugv_else/costmap_converter/costmap_converter_msgs) by extension 'colcon_meta'
[1.279s] Level 1:colcon.colcon_core.package_identification:_identify(src/ugv_else/costmap_converter/costmap_converter_msgs) by extensions ['ros']
[1.279s] Level 1:colcon.colcon_core.package_identification:_identify(src/ugv_else/costmap_converter/costmap_converter_msgs) by extension 'ros'
[1.281s] DEBUG:colcon.colcon_core.package_identification:Package 'src/ugv_else/costmap_converter/costmap_converter_msgs' with type 'ros.ament_cmake' and name 'costmap_converter_msgs'
[1.282s] Level 1:colcon.colcon_core.package_identification:_identify(src/ugv_else/cv_camera) by extensions ['ignore', 'ignore_ament_install']
[1.282s] Level 1:colcon.colcon_core.package_identification:_identify(src/ugv_else/cv_camera) by extension 'ignore'
[1.282s] Level 1:colcon.colcon_core.package_identification:_identify(src/ugv_else/cv_camera) by extension 'ignore_ament_install'
[1.283s] Level 1:colcon.colcon_core.package_identification:_identify(src/ugv_else/cv_camera) by extensions ['colcon_pkg']
[1.283s] Level 1:colcon.colcon_core.package_identification:_identify(src/ugv_else/cv_camera) by extension 'colcon_pkg'
[1.283s] Level 1:colcon.colcon_core.package_identification:_identify(src/ugv_else/cv_camera) by extensions ['colcon_meta']
[1.283s] Level 1:colcon.colcon_core.package_identification:_identify(src/ugv_else/cv_camera) by extension 'colcon_meta'
[1.283s] Level 1:colcon.colcon_core.package_identification:_identify(src/ugv_else/cv_camera) by extensions ['ros']
[1.283s] Level 1:colcon.colcon_core.package_identification:_identify(src/ugv_else/cv_camera) by extension 'ros'
[1.286s] DEBUG:colcon.colcon_core.package_identification:Package 'src/ugv_else/cv_camera' with type 'ros.ament_cmake' and name 'cv_camera'
[1.287s] Level 1:colcon.colcon_core.package_identification:_identify(src/ugv_else/emcl2_ros2) by extensions ['ignore', 'ignore_ament_install']
[1.287s] Level 1:colcon.colcon_core.package_identification:_identify(src/ugv_else/emcl2_ros2) by extension 'ignore'
[1.287s] Level 1:colcon.colcon_core.package_identification:_identify(src/ugv_else/emcl2_ros2) by extension 'ignore_ament_install'
[1.287s] Level 1:colcon.colcon_core.package_identification:_identify(src/ugv_else/emcl2_ros2) by extensions ['colcon_pkg']
[1.287s] Level 1:colcon.colcon_core.package_identification:_identify(src/ugv_else/emcl2_ros2) by extension 'colcon_pkg'
[1.288s] Level 1:colcon.colcon_core.package_identification:_identify(src/ugv_else/emcl2_ros2) by extensions ['colcon_meta']
[1.288s] Level 1:colcon.colcon_core.package_identification:_identify(src/ugv_else/emcl2_ros2) by extension 'colcon_meta'
[1.288s] Level 1:colcon.colcon_core.package_identification:_identify(src/ugv_else/emcl2_ros2) by extensions ['ros']
[1.288s] Level 1:colcon.colcon_core.package_identification:_identify(src/ugv_else/emcl2_ros2) by extension 'ros'
[1.292s] DEBUG:colcon.colcon_core.package_identification:Package 'src/ugv_else/emcl2_ros2' with type 'ros.ament_cmake' and name 'emcl2'
[1.293s] Level 1:colcon.colcon_core.package_identification:_identify(src/ugv_else/explore_lite) by extensions ['ignore', 'ignore_ament_install']
[1.293s] Level 1:colcon.colcon_core.package_identification:_identify(src/ugv_else/explore_lite) by extension 'ignore'
[1.293s] Level 1:colcon.colcon_core.package_identification:_identify(src/ugv_else/explore_lite) by extension 'ignore_ament_install'
[1.294s] Level 1:colcon.colcon_core.package_identification:_identify(src/ugv_else/explore_lite) by extensions ['colcon_pkg']
[1.294s] Level 1:colcon.colcon_core.package_identification:_identify(src/ugv_else/explore_lite) by extension 'colcon_pkg'
[1.294s] Level 1:colcon.colcon_core.package_identification:_identify(src/ugv_else/explore_lite) by extensions ['colcon_meta']
[1.294s] Level 1:colcon.colcon_core.package_identification:_identify(src/ugv_else/explore_lite) by extension 'colcon_meta'
[1.294s] Level 1:colcon.colcon_core.package_identification:_identify(src/ugv_else/explore_lite) by extensions ['ros']
[1.294s] Level 1:colcon.colcon_core.package_identification:_identify(src/ugv_else/explore_lite) by extension 'ros'
[1.299s] DEBUG:colcon.colcon_core.package_identification:Package 'src/ugv_else/explore_lite' with type 'ros.ament_cmake' and name 'explore_lite'
[1.300s] Level 1:colcon.colcon_core.package_identification:_identify(src/ugv_else/gmapping) by extensions ['ignore', 'ignore_ament_install']
[1.300s] Level 1:colcon.colcon_core.package_identification:_identify(src/ugv_else/gmapping) by extension 'ignore'
[1.300s] Level 1:colcon.colcon_core.package_identification:_identify(src/ugv_else/gmapping) by extension 'ignore_ament_install'
[1.301s] Level 1:colcon.colcon_core.package_identification:_identify(src/ugv_else/gmapping) by extensions ['colcon_pkg']
[1.301s] Level 1:colcon.colcon_core.package_identification:_identify(src/ugv_else/gmapping) by extension 'colcon_pkg'
[1.301s] Level 1:colcon.colcon_core.package_identification:_identify(src/ugv_else/gmapping) by extensions ['colcon_meta']
[1.301s] Level 1:colcon.colcon_core.package_identification:_identify(src/ugv_else/gmapping) by extension 'colcon_meta'
[1.301s] Level 1:colcon.colcon_core.package_identification:_identify(src/ugv_else/gmapping) by extensions ['ros']
[1.301s] Level 1:colcon.colcon_core.package_identification:_identify(src/ugv_else/gmapping) by extension 'ros'
[1.302s] Level 1:colcon.colcon_core.package_identification:_identify(src/ugv_else/gmapping) by extensions ['cmake', 'python']
[1.302s] Level 1:colcon.colcon_core.package_identification:_identify(src/ugv_else/gmapping) by extension 'cmake'
[1.302s] Level 1:colcon.colcon_core.package_identification:_identify(src/ugv_else/gmapping) by extension 'python'
[1.302s] Level 1:colcon.colcon_core.package_identification:_identify(src/ugv_else/gmapping) by extensions ['python_setup_py']
[1.302s] Level 1:colcon.colcon_core.package_identification:_identify(src/ugv_else/gmapping) by extension 'python_setup_py'
[1.303s] Level 1:colcon.colcon_core.package_identification:_identify(src/ugv_else/gmapping/openslam_gmapping) by extensions ['ignore', 'ignore_ament_install']
[1.303s] Level 1:colcon.colcon_core.package_identification:_identify(src/ugv_else/gmapping/openslam_gmapping) by extension 'ignore'
[1.303s] Level 1:colcon.colcon_core.package_identification:_identify(src/ugv_else/gmapping/openslam_gmapping) by extension 'ignore_ament_install'
[1.303s] Level 1:colcon.colcon_core.package_identification:_identify(src/ugv_else/gmapping/openslam_gmapping) by extensions ['colcon_pkg']
[1.303s] Level 1:colcon.colcon_core.package_identification:_identify(src/ugv_else/gmapping/openslam_gmapping) by extension 'colcon_pkg'
[1.304s] Level 1:colcon.colcon_core.package_identification:_identify(src/ugv_else/gmapping/openslam_gmapping) by extensions ['colcon_meta']
[1.304s] Level 1:colcon.colcon_core.package_identification:_identify(src/ugv_else/gmapping/openslam_gmapping) by extension 'colcon_meta'
[1.304s] Level 1:colcon.colcon_core.package_identification:_identify(src/ugv_else/gmapping/openslam_gmapping) by extensions ['ros']
[1.304s] Level 1:colcon.colcon_core.package_identification:_identify(src/ugv_else/gmapping/openslam_gmapping) by extension 'ros'
[1.306s] DEBUG:colcon.colcon_core.package_identification:Package 'src/ugv_else/gmapping/openslam_gmapping' with type 'ros.ament_cmake' and name 'openslam_gmapping'
[1.306s] Level 1:colcon.colcon_core.package_identification:_identify(src/ugv_else/gmapping/slam_gmapping) by extensions ['ignore', 'ignore_ament_install']
[1.307s] Level 1:colcon.colcon_core.package_identification:_identify(src/ugv_else/gmapping/slam_gmapping) by extension 'ignore'
[1.307s] Level 1:colcon.colcon_core.package_identification:_identify(src/ugv_else/gmapping/slam_gmapping) by extension 'ignore_ament_install'
[1.307s] Level 1:colcon.colcon_core.package_identification:_identify(src/ugv_else/gmapping/slam_gmapping) by extensions ['colcon_pkg']
[1.307s] Level 1:colcon.colcon_core.package_identification:_identify(src/ugv_else/gmapping/slam_gmapping) by extension 'colcon_pkg'
[1.307s] Level 1:colcon.colcon_core.package_identification:_identify(src/ugv_else/gmapping/slam_gmapping) by extensions ['colcon_meta']
[1.308s] Level 1:colcon.colcon_core.package_identification:_identify(src/ugv_else/gmapping/slam_gmapping) by extension 'colcon_meta'
[1.308s] Level 1:colcon.colcon_core.package_identification:_identify(src/ugv_else/gmapping/slam_gmapping) by extensions ['ros']
[1.308s] Level 1:colcon.colcon_core.package_identification:_identify(src/ugv_else/gmapping/slam_gmapping) by extension 'ros'
[1.316s] DEBUG:colcon.colcon_core.package_identification:Package 'src/ugv_else/gmapping/slam_gmapping' with type 'ros.ament_cmake' and name 'slam_gmapping'
[1.317s] Level 1:colcon.colcon_core.package_identification:_identify(src/ugv_else/ldlidar) by extensions ['ignore', 'ignore_ament_install']
[1.317s] Level 1:colcon.colcon_core.package_identification:_identify(src/ugv_else/ldlidar) by extension 'ignore'
[1.317s] Level 1:colcon.colcon_core.package_identification:_identify(src/ugv_else/ldlidar) by extension 'ignore_ament_install'
[1.318s] Level 1:colcon.colcon_core.package_identification:_identify(src/ugv_else/ldlidar) by extensions ['colcon_pkg']
[1.318s] Level 1:colcon.colcon_core.package_identification:_identify(src/ugv_else/ldlidar) by extension 'colcon_pkg'
[1.318s] Level 1:colcon.colcon_core.package_identification:_identify(src/ugv_else/ldlidar) by extensions ['colcon_meta']
[1.318s] Level 1:colcon.colcon_core.package_identification:_identify(src/ugv_else/ldlidar) by extension 'colcon_meta'
[1.318s] Level 1:colcon.colcon_core.package_identification:_identify(src/ugv_else/ldlidar) by extensions ['ros']
[1.318s] Level 1:colcon.colcon_core.package_identification:_identify(src/ugv_else/ldlidar) by extension 'ros'
[1.321s] DEBUG:colcon.colcon_core.package_identification:Package 'src/ugv_else/ldlidar' with type 'ros.ament_cmake' and name 'ldlidar'
[1.321s] Level 1:colcon.colcon_core.package_identification:_identify(src/ugv_else/odas_ros) by extensions ['ignore', 'ignore_ament_install']
[1.321s] Level 1:colcon.colcon_core.package_identification:_identify(src/ugv_else/odas_ros) by extension 'ignore'
[1.322s] Level 1:colcon.colcon_core.package_identification:_identify(src/ugv_else/odas_ros) by extension 'ignore_ament_install'
[1.322s] Level 1:colcon.colcon_core.package_identification:_identify(src/ugv_else/odas_ros) by extensions ['colcon_pkg']
[1.322s] Level 1:colcon.colcon_core.package_identification:_identify(src/ugv_else/odas_ros) by extension 'colcon_pkg'
[1.322s] Level 1:colcon.colcon_core.package_identification:_identify(src/ugv_else/odas_ros) by extensions ['colcon_meta']
[1.322s] Level 1:colcon.colcon_core.package_identification:_identify(src/ugv_else/odas_ros) by extension 'colcon_meta'
[1.322s] Level 1:colcon.colcon_core.package_identification:_identify(src/ugv_else/odas_ros) by extensions ['ros']
[1.322s] Level 1:colcon.colcon_core.package_identification:_identify(src/ugv_else/odas_ros) by extension 'ros'
[1.323s] Level 1:colcon.colcon_core.package_identification:_identify(src/ugv_else/odas_ros) by extensions ['cmake', 'python']
[1.323s] Level 1:colcon.colcon_core.package_identification:_identify(src/ugv_else/odas_ros) by extension 'cmake'
[1.323s] Level 1:colcon.colcon_core.package_identification:_identify(src/ugv_else/odas_ros) by extension 'python'
[1.323s] Level 1:colcon.colcon_core.package_identification:_identify(src/ugv_else/odas_ros) by extensions ['python_setup_py']
[1.323s] Level 1:colcon.colcon_core.package_identification:_identify(src/ugv_else/odas_ros) by extension 'python_setup_py'
[1.324s] Level 1:colcon.colcon_core.package_identification:_identify(src/ugv_else/odas_ros/odas_ros) by extensions ['ignore', 'ignore_ament_install']
[1.324s] Level 1:colcon.colcon_core.package_identification:_identify(src/ugv_else/odas_ros/odas_ros) by extension 'ignore'
[1.324s] Level 1:colcon.colcon_core.package_identification:_identify(src/ugv_else/odas_ros/odas_ros) by extension 'ignore_ament_install'
[1.324s] Level 1:colcon.colcon_core.package_identification:_identify(src/ugv_else/odas_ros/odas_ros) by extensions ['colcon_pkg']
[1.324s] Level 1:colcon.colcon_core.package_identification:_identify(src/ugv_else/odas_ros/odas_ros) by extension 'colcon_pkg'
[1.325s] Level 1:colcon.colcon_core.package_identification:_identify(src/ugv_else/odas_ros/odas_ros) by extensions ['colcon_meta']
[1.325s] Level 1:colcon.colcon_core.package_identification:_identify(src/ugv_else/odas_ros/odas_ros) by extension 'colcon_meta'
[1.325s] Level 1:colcon.colcon_core.package_identification:_identify(src/ugv_else/odas_ros/odas_ros) by extensions ['ros']
[1.325s] Level 1:colcon.colcon_core.package_identification:_identify(src/ugv_else/odas_ros/odas_ros) by extension 'ros'
[1.329s] DEBUG:colcon.colcon_core.package_identification:Package 'src/ugv_else/odas_ros/odas_ros' with type 'ros.ament_cmake' and name 'odas_ros'
[1.329s] Level 1:colcon.colcon_core.package_identification:_identify(src/ugv_else/odas_ros/odas_ros_msgs) by extensions ['ignore', 'ignore_ament_install']
[1.329s] Level 1:colcon.colcon_core.package_identification:_identify(src/ugv_else/odas_ros/odas_ros_msgs) by extension 'ignore'
[1.330s] Level 1:colcon.colcon_core.package_identification:_identify(src/ugv_else/odas_ros/odas_ros_msgs) by extension 'ignore_ament_install'
[1.330s] Level 1:colcon.colcon_core.package_identification:_identify(src/ugv_else/odas_ros/odas_ros_msgs) by extensions ['colcon_pkg']
[1.330s] Level 1:colcon.colcon_core.package_identification:_identify(src/ugv_else/odas_ros/odas_ros_msgs) by extension 'colcon_pkg'
[1.330s] Level 1:colcon.colcon_core.package_identification:_identify(src/ugv_else/odas_ros/odas_ros_msgs) by extensions ['colcon_meta']
[1.330s] Level 1:colcon.colcon_core.package_identification:_identify(src/ugv_else/odas_ros/odas_ros_msgs) by extension 'colcon_meta'
[1.330s] Level 1:colcon.colcon_core.package_identification:_identify(src/ugv_else/odas_ros/odas_ros_msgs) by extensions ['ros']
[1.330s] Level 1:colcon.colcon_core.package_identification:_identify(src/ugv_else/odas_ros/odas_ros_msgs) by extension 'ros'
[1.333s] DEBUG:colcon.colcon_core.package_identification:Package 'src/ugv_else/odas_ros/odas_ros_msgs' with type 'ros.ament_cmake' and name 'odas_ros_msgs'
[1.333s] Level 1:colcon.colcon_core.package_identification:_identify(src/ugv_else/opentera-webrtc-ros) by extensions ['ignore', 'ignore_ament_install']
[1.333s] Level 1:colcon.colcon_core.package_identification:_identify(src/ugv_else/opentera-webrtc-ros) by extension 'ignore'
[1.334s] Level 1:colcon.colcon_core.package_identification:_identify(src/ugv_else/opentera-webrtc-ros) by extension 'ignore_ament_install'
[1.334s] Level 1:colcon.colcon_core.package_identification:_identify(src/ugv_else/opentera-webrtc-ros) by extensions ['colcon_pkg']
[1.334s] Level 1:colcon.colcon_core.package_identification:_identify(src/ugv_else/opentera-webrtc-ros) by extension 'colcon_pkg'
[1.334s] Level 1:colcon.colcon_core.package_identification:_identify(src/ugv_else/opentera-webrtc-ros) by extensions ['colcon_meta']
[1.334s] Level 1:colcon.colcon_core.package_identification:_identify(src/ugv_else/opentera-webrtc-ros) by extension 'colcon_meta'
[1.334s] Level 1:colcon.colcon_core.package_identification:_identify(src/ugv_else/opentera-webrtc-ros) by extensions ['ros']
[1.335s] Level 1:colcon.colcon_core.package_identification:_identify(src/ugv_else/opentera-webrtc-ros) by extension 'ros'
[1.335s] Level 1:colcon.colcon_core.package_identification:_identify(src/ugv_else/opentera-webrtc-ros) by extensions ['cmake', 'python']
[1.335s] Level 1:colcon.colcon_core.package_identification:_identify(src/ugv_else/opentera-webrtc-ros) by extension 'cmake'
[1.335s] Level 1:colcon.colcon_core.package_identification:_identify(src/ugv_else/opentera-webrtc-ros) by extension 'python'
[1.335s] Level 1:colcon.colcon_core.package_identification:_identify(src/ugv_else/opentera-webrtc-ros) by extensions ['python_setup_py']
[1.335s] Level 1:colcon.colcon_core.package_identification:_identify(src/ugv_else/opentera-webrtc-ros) by extension 'python_setup_py'
[1.336s] Level 1:colcon.colcon_core.package_identification:_identify(src/ugv_else/opentera-webrtc-ros/drawings) by extensions ['ignore', 'ignore_ament_install']
[1.336s] Level 1:colcon.colcon_core.package_identification:_identify(src/ugv_else/opentera-webrtc-ros/drawings) by extension 'ignore'
[1.336s] Level 1:colcon.colcon_core.package_identification:_identify(src/ugv_else/opentera-webrtc-ros/drawings) by extension 'ignore_ament_install'
[1.336s] Level 1:colcon.colcon_core.package_identification:_identify(src/ugv_else/opentera-webrtc-ros/drawings) by extensions ['colcon_pkg']
[1.337s] Level 1:colcon.colcon_core.package_identification:_identify(src/ugv_else/opentera-webrtc-ros/drawings) by extension 'colcon_pkg'
[1.337s] Level 1:colcon.colcon_core.package_identification:_identify(src/ugv_else/opentera-webrtc-ros/drawings) by extensions ['colcon_meta']
[1.337s] Level 1:colcon.colcon_core.package_identification:_identify(src/ugv_else/opentera-webrtc-ros/drawings) by extension 'colcon_meta'
[1.337s] Level 1:colcon.colcon_core.package_identification:_identify(src/ugv_else/opentera-webrtc-ros/drawings) by extensions ['ros']
[1.337s] Level 1:colcon.colcon_core.package_identification:_identify(src/ugv_else/opentera-webrtc-ros/drawings) by extension 'ros'
[1.337s] Level 1:colcon.colcon_core.package_identification:_identify(src/ugv_else/opentera-webrtc-ros/drawings) by extensions ['cmake', 'python']
[1.338s] Level 1:colcon.colcon_core.package_identification:_identify(src/ugv_else/opentera-webrtc-ros/drawings) by extension 'cmake'
[1.338s] Level 1:colcon.colcon_core.package_identification:_identify(src/ugv_else/opentera-webrtc-ros/drawings) by extension 'python'
[1.338s] Level 1:colcon.colcon_core.package_identification:_identify(src/ugv_else/opentera-webrtc-ros/drawings) by extensions ['python_setup_py']
[1.338s] Level 1:colcon.colcon_core.package_identification:_identify(src/ugv_else/opentera-webrtc-ros/drawings) by extension 'python_setup_py'
[1.338s] Level 1:colcon.colcon_core.package_identification:_identify(src/ugv_else/opentera-webrtc-ros/face_cropping) by extensions ['ignore', 'ignore_ament_install']
[1.339s] Level 1:colcon.colcon_core.package_identification:_identify(src/ugv_else/opentera-webrtc-ros/face_cropping) by extension 'ignore'
[1.339s] Level 1:colcon.colcon_core.package_identification:_identify(src/ugv_else/opentera-webrtc-ros/face_cropping) by extension 'ignore_ament_install'
[1.339s] Level 1:colcon.colcon_core.package_identification:_identify(src/ugv_else/opentera-webrtc-ros/face_cropping) by extensions ['colcon_pkg']
[1.339s] Level 1:colcon.colcon_core.package_identification:_identify(src/ugv_else/opentera-webrtc-ros/face_cropping) by extension 'colcon_pkg'
[1.339s] Level 1:colcon.colcon_core.package_identification:_identify(src/ugv_else/opentera-webrtc-ros/face_cropping) by extensions ['colcon_meta']
[1.340s] Level 1:colcon.colcon_core.package_identification:_identify(src/ugv_else/opentera-webrtc-ros/face_cropping) by extension 'colcon_meta'
[1.340s] Level 1:colcon.colcon_core.package_identification:_identify(src/ugv_else/opentera-webrtc-ros/face_cropping) by extensions ['ros']
[1.340s] Level 1:colcon.colcon_core.package_identification:_identify(src/ugv_else/opentera-webrtc-ros/face_cropping) by extension 'ros'
[1.344s] DEBUG:colcon.colcon_core.package_identification:Package 'src/ugv_else/opentera-webrtc-ros/face_cropping' with type 'ros.ament_cmake' and name 'face_cropping'
[1.344s] Level 1:colcon.colcon_core.package_identification:_identify(src/ugv_else/opentera-webrtc-ros/map_image_generator) by extensions ['ignore', 'ignore_ament_install']
[1.345s] Level 1:colcon.colcon_core.package_identification:_identify(src/ugv_else/opentera-webrtc-ros/map_image_generator) by extension 'ignore'
[1.345s] Level 1:colcon.colcon_core.package_identification:_identify(src/ugv_else/opentera-webrtc-ros/map_image_generator) by extension 'ignore_ament_install'
[1.345s] Level 1:colcon.colcon_core.package_identification:_identify(src/ugv_else/opentera-webrtc-ros/map_image_generator) by extensions ['colcon_pkg']
[1.345s] Level 1:colcon.colcon_core.package_identification:_identify(src/ugv_else/opentera-webrtc-ros/map_image_generator) by extension 'colcon_pkg'
[1.345s] Level 1:colcon.colcon_core.package_identification:_identify(src/ugv_else/opentera-webrtc-ros/map_image_generator) by extensions ['colcon_meta']
[1.345s] Level 1:colcon.colcon_core.package_identification:_identify(src/ugv_else/opentera-webrtc-ros/map_image_generator) by extension 'colcon_meta'
[1.346s] Level 1:colcon.colcon_core.package_identification:_identify(src/ugv_else/opentera-webrtc-ros/map_image_generator) by extensions ['ros']
[1.346s] Level 1:colcon.colcon_core.package_identification:_identify(src/ugv_else/opentera-webrtc-ros/map_image_generator) by extension 'ros'
[1.384s] DEBUG:colcon.colcon_core.package_identification:Package 'src/ugv_else/opentera-webrtc-ros/map_image_generator' with type 'ros.ament_cmake' and name 'map_image_generator'
[1.385s] Level 1:colcon.colcon_core.package_identification:_identify(src/ugv_else/opentera-webrtc-ros/opentera_client_ros) by extensions ['ignore', 'ignore_ament_install']
[1.385s] Level 1:colcon.colcon_core.package_identification:_identify(src/ugv_else/opentera-webrtc-ros/opentera_client_ros) by extension 'ignore'
[1.385s] Level 1:colcon.colcon_core.package_identification:_identify(src/ugv_else/opentera-webrtc-ros/opentera_client_ros) by extension 'ignore_ament_install'
[1.386s] Level 1:colcon.colcon_core.package_identification:_identify(src/ugv_else/opentera-webrtc-ros/opentera_client_ros) by extensions ['colcon_pkg']
[1.386s] Level 1:colcon.colcon_core.package_identification:_identify(src/ugv_else/opentera-webrtc-ros/opentera_client_ros) by extension 'colcon_pkg'
[1.386s] Level 1:colcon.colcon_core.package_identification:_identify(src/ugv_else/opentera-webrtc-ros/opentera_client_ros) by extensions ['colcon_meta']
[1.386s] Level 1:colcon.colcon_core.package_identification:_identify(src/ugv_else/opentera-webrtc-ros/opentera_client_ros) by extension 'colcon_meta'
[1.386s] Level 1:colcon.colcon_core.package_identification:_identify(src/ugv_else/opentera-webrtc-ros/opentera_client_ros) by extensions ['ros']
[1.386s] Level 1:colcon.colcon_core.package_identification:_identify(src/ugv_else/opentera-webrtc-ros/opentera_client_ros) by extension 'ros'
[1.389s] DEBUG:colcon.colcon_core.package_identification:Package 'src/ugv_else/opentera-webrtc-ros/opentera_client_ros' with type 'ros.ament_cmake' and name 'opentera_client_ros'
[1.390s] Level 1:colcon.colcon_core.package_identification:_identify(src/ugv_else/opentera-webrtc-ros/opentera_protobuf_messages) by extensions ['ignore', 'ignore_ament_install']
[1.390s] Level 1:colcon.colcon_core.package_identification:_identify(src/ugv_else/opentera-webrtc-ros/opentera_protobuf_messages) by extension 'ignore'
[1.390s] Level 1:colcon.colcon_core.package_identification:_identify(src/ugv_else/opentera-webrtc-ros/opentera_protobuf_messages) by extension 'ignore_ament_install'
[1.390s] Level 1:colcon.colcon_core.package_identification:_identify(src/ugv_else/opentera-webrtc-ros/opentera_protobuf_messages) by extensions ['colcon_pkg']
[1.391s] Level 1:colcon.colcon_core.package_identification:_identify(src/ugv_else/opentera-webrtc-ros/opentera_protobuf_messages) by extension 'colcon_pkg'
[1.391s] Level 1:colcon.colcon_core.package_identification:_identify(src/ugv_else/opentera-webrtc-ros/opentera_protobuf_messages) by extensions ['colcon_meta']
[1.391s] Level 1:colcon.colcon_core.package_identification:_identify(src/ugv_else/opentera-webrtc-ros/opentera_protobuf_messages) by extension 'colcon_meta'
[1.391s] Level 1:colcon.colcon_core.package_identification:_identify(src/ugv_else/opentera-webrtc-ros/opentera_protobuf_messages) by extensions ['ros']
[1.391s] Level 1:colcon.colcon_core.package_identification:_identify(src/ugv_else/opentera-webrtc-ros/opentera_protobuf_messages) by extension 'ros'
[1.393s] DEBUG:colcon.colcon_core.package_identification:Package 'src/ugv_else/opentera-webrtc-ros/opentera_protobuf_messages' with type 'ros.ament_cmake' and name 'opentera_protobuf_messages'
[1.393s] Level 1:colcon.colcon_core.package_identification:_identify(src/ugv_else/opentera-webrtc-ros/opentera_webrtc_demos) by extensions ['ignore', 'ignore_ament_install']
[1.394s] Level 1:colcon.colcon_core.package_identification:_identify(src/ugv_else/opentera-webrtc-ros/opentera_webrtc_demos) by extension 'ignore'
[1.394s] Level 1:colcon.colcon_core.package_identification:_identify(src/ugv_else/opentera-webrtc-ros/opentera_webrtc_demos) by extension 'ignore_ament_install'
[1.394s] Level 1:colcon.colcon_core.package_identification:_identify(src/ugv_else/opentera-webrtc-ros/opentera_webrtc_demos) by extensions ['colcon_pkg']
[1.394s] Level 1:colcon.colcon_core.package_identification:_identify(src/ugv_else/opentera-webrtc-ros/opentera_webrtc_demos) by extension 'colcon_pkg'
[1.395s] Level 1:colcon.colcon_core.package_identification:_identify(src/ugv_else/opentera-webrtc-ros/opentera_webrtc_demos) by extensions ['colcon_meta']
[1.395s] Level 1:colcon.colcon_core.package_identification:_identify(src/ugv_else/opentera-webrtc-ros/opentera_webrtc_demos) by extension 'colcon_meta'
[1.395s] Level 1:colcon.colcon_core.package_identification:_identify(src/ugv_else/opentera-webrtc-ros/opentera_webrtc_demos) by extensions ['ros']
[1.395s] Level 1:colcon.colcon_core.package_identification:_identify(src/ugv_else/opentera-webrtc-ros/opentera_webrtc_demos) by extension 'ros'
[1.398s] DEBUG:colcon.colcon_core.package_identification:Package 'src/ugv_else/opentera-webrtc-ros/opentera_webrtc_demos' with type 'ros.ament_cmake' and name 'opentera_webrtc_demos'
[1.399s] Level 1:colcon.colcon_core.package_identification:_identify(src/ugv_else/opentera-webrtc-ros/opentera_webrtc_robot_gui) by extensions ['ignore', 'ignore_ament_install']
[1.399s] Level 1:colcon.colcon_core.package_identification:_identify(src/ugv_else/opentera-webrtc-ros/opentera_webrtc_robot_gui) by extension 'ignore'
[1.399s] Level 1:colcon.colcon_core.package_identification:_identify(src/ugv_else/opentera-webrtc-ros/opentera_webrtc_robot_gui) by extension 'ignore_ament_install'
[1.400s] Level 1:colcon.colcon_core.package_identification:_identify(src/ugv_else/opentera-webrtc-ros/opentera_webrtc_robot_gui) by extensions ['colcon_pkg']
[1.400s] Level 1:colcon.colcon_core.package_identification:_identify(src/ugv_else/opentera-webrtc-ros/opentera_webrtc_robot_gui) by extension 'colcon_pkg'
[1.400s] Level 1:colcon.colcon_core.package_identification:_identify(src/ugv_else/opentera-webrtc-ros/opentera_webrtc_robot_gui) by extensions ['colcon_meta']
[1.400s] Level 1:colcon.colcon_core.package_identification:_identify(src/ugv_else/opentera-webrtc-ros/opentera_webrtc_robot_gui) by extension 'colcon_meta'
[1.400s] Level 1:colcon.colcon_core.package_identification:_identify(src/ugv_else/opentera-webrtc-ros/opentera_webrtc_robot_gui) by extensions ['ros']
[1.400s] Level 1:colcon.colcon_core.package_identification:_identify(src/ugv_else/opentera-webrtc-ros/opentera_webrtc_robot_gui) by extension 'ros'
[1.404s] DEBUG:colcon.colcon_core.package_identification:Package 'src/ugv_else/opentera-webrtc-ros/opentera_webrtc_robot_gui' with type 'ros.ament_cmake' and name 'opentera_webrtc_robot_gui'
[1.404s] Level 1:colcon.colcon_core.package_identification:_identify(src/ugv_else/opentera-webrtc-ros/opentera_webrtc_ros) by extensions ['ignore', 'ignore_ament_install']
[1.405s] Level 1:colcon.colcon_core.package_identification:_identify(src/ugv_else/opentera-webrtc-ros/opentera_webrtc_ros) by extension 'ignore'
[1.405s] Level 1:colcon.colcon_core.package_identification:_identify(src/ugv_else/opentera-webrtc-ros/opentera_webrtc_ros) by extension 'ignore_ament_install'
[1.405s] Level 1:colcon.colcon_core.package_identification:_identify(src/ugv_else/opentera-webrtc-ros/opentera_webrtc_ros) by extensions ['colcon_pkg']
[1.405s] Level 1:colcon.colcon_core.package_identification:_identify(src/ugv_else/opentera-webrtc-ros/opentera_webrtc_ros) by extension 'colcon_pkg'
[1.406s] Level 1:colcon.colcon_core.package_identification:_identify(src/ugv_else/opentera-webrtc-ros/opentera_webrtc_ros) by extensions ['colcon_meta']
[1.406s] Level 1:colcon.colcon_core.package_identification:_identify(src/ugv_else/opentera-webrtc-ros/opentera_webrtc_ros) by extension 'colcon_meta'
[1.406s] Level 1:colcon.colcon_core.package_identification:_identify(src/ugv_else/opentera-webrtc-ros/opentera_webrtc_ros) by extensions ['ros']
[1.406s] Level 1:colcon.colcon_core.package_identification:_identify(src/ugv_else/opentera-webrtc-ros/opentera_webrtc_ros) by extension 'ros'
[1.410s] DEBUG:colcon.colcon_core.package_identification:Package 'src/ugv_else/opentera-webrtc-ros/opentera_webrtc_ros' with type 'ros.ament_cmake' and name 'opentera_webrtc_ros'
[1.411s] Level 1:colcon.colcon_core.package_identification:_identify(src/ugv_else/opentera-webrtc-ros/opentera_webrtc_ros_msgs) by extensions ['ignore', 'ignore_ament_install']
[1.411s] Level 1:colcon.colcon_core.package_identification:_identify(src/ugv_else/opentera-webrtc-ros/opentera_webrtc_ros_msgs) by extension 'ignore'
[1.411s] Level 1:colcon.colcon_core.package_identification:_identify(src/ugv_else/opentera-webrtc-ros/opentera_webrtc_ros_msgs) by extension 'ignore_ament_install'
[1.412s] Level 1:colcon.colcon_core.package_identification:_identify(src/ugv_else/opentera-webrtc-ros/opentera_webrtc_ros_msgs) by extensions ['colcon_pkg']
[1.412s] Level 1:colcon.colcon_core.package_identification:_identify(src/ugv_else/opentera-webrtc-ros/opentera_webrtc_ros_msgs) by extension 'colcon_pkg'
[1.412s] Level 1:colcon.colcon_core.package_identification:_identify(src/ugv_else/opentera-webrtc-ros/opentera_webrtc_ros_msgs) by extensions ['colcon_meta']
[1.412s] Level 1:colcon.colcon_core.package_identification:_identify(src/ugv_else/opentera-webrtc-ros/opentera_webrtc_ros_msgs) by extension 'colcon_meta'
[1.412s] Level 1:colcon.colcon_core.package_identification:_identify(src/ugv_else/opentera-webrtc-ros/opentera_webrtc_ros_msgs) by extensions ['ros']
[1.412s] Level 1:colcon.colcon_core.package_identification:_identify(src/ugv_else/opentera-webrtc-ros/opentera_webrtc_ros_msgs) by extension 'ros'
[1.415s] DEBUG:colcon.colcon_core.package_identification:Package 'src/ugv_else/opentera-webrtc-ros/opentera_webrtc_ros_msgs' with type 'ros.ament_cmake' and name 'opentera_webrtc_ros_msgs'
[1.416s] Level 1:colcon.colcon_core.package_identification:_identify(src/ugv_else/opentera-webrtc-ros/turtlebot3_beam_description) by extensions ['ignore', 'ignore_ament_install']
[1.416s] Level 1:colcon.colcon_core.package_identification:_identify(src/ugv_else/opentera-webrtc-ros/turtlebot3_beam_description) by extension 'ignore'
[1.416s] Level 1:colcon.colcon_core.package_identification:_identify(src/ugv_else/opentera-webrtc-ros/turtlebot3_beam_description) by extension 'ignore_ament_install'
[1.416s] Level 1:colcon.colcon_core.package_identification:_identify(src/ugv_else/opentera-webrtc-ros/turtlebot3_beam_description) by extensions ['colcon_pkg']
[1.417s] Level 1:colcon.colcon_core.package_identification:_identify(src/ugv_else/opentera-webrtc-ros/turtlebot3_beam_description) by extension 'colcon_pkg'
[1.417s] Level 1:colcon.colcon_core.package_identification:_identify(src/ugv_else/opentera-webrtc-ros/turtlebot3_beam_description) by extensions ['colcon_meta']
[1.417s] Level 1:colcon.colcon_core.package_identification:_identify(src/ugv_else/opentera-webrtc-ros/turtlebot3_beam_description) by extension 'colcon_meta'
[1.417s] Level 1:colcon.colcon_core.package_identification:_identify(src/ugv_else/opentera-webrtc-ros/turtlebot3_beam_description) by extensions ['ros']
[1.417s] Level 1:colcon.colcon_core.package_identification:_identify(src/ugv_else/opentera-webrtc-ros/turtlebot3_beam_description) by extension 'ros'
[1.420s] DEBUG:colcon.colcon_core.package_identification:Package 'src/ugv_else/opentera-webrtc-ros/turtlebot3_beam_description' with type 'ros.ament_cmake' and name 'turtlebot3_beam_description'
[1.420s] Level 1:colcon.colcon_core.package_identification:_identify(src/ugv_else/rf2o_laser_odometry) by extensions ['ignore', 'ignore_ament_install']
[1.421s] Level 1:colcon.colcon_core.package_identification:_identify(src/ugv_else/rf2o_laser_odometry) by extension 'ignore'
[1.421s] Level 1:colcon.colcon_core.package_identification:_identify(src/ugv_else/rf2o_laser_odometry) by extension 'ignore_ament_install'
[1.421s] Level 1:colcon.colcon_core.package_identification:_identify(src/ugv_else/rf2o_laser_odometry) by extensions ['colcon_pkg']
[1.421s] Level 1:colcon.colcon_core.package_identification:_identify(src/ugv_else/rf2o_laser_odometry) by extension 'colcon_pkg'
[1.421s] Level 1:colcon.colcon_core.package_identification:_identify(src/ugv_else/rf2o_laser_odometry) by extensions ['colcon_meta']
[1.421s] Level 1:colcon.colcon_core.package_identification:_identify(src/ugv_else/rf2o_laser_odometry) by extension 'colcon_meta'
[1.422s] Level 1:colcon.colcon_core.package_identification:_identify(src/ugv_else/rf2o_laser_odometry) by extensions ['ros']
[1.422s] Level 1:colcon.colcon_core.package_identification:_identify(src/ugv_else/rf2o_laser_odometry) by extension 'ros'
[1.426s] DEBUG:colcon.colcon_core.package_identification:Package 'src/ugv_else/rf2o_laser_odometry' with type 'ros.ament_cmake' and name 'rf2o_laser_odometry'
[1.426s] Level 1:colcon.colcon_core.package_identification:_identify(src/ugv_else/robot_pose_publisher) by extensions ['ignore', 'ignore_ament_install']
[1.427s] Level 1:colcon.colcon_core.package_identification:_identify(src/ugv_else/robot_pose_publisher) by extension 'ignore'
[1.427s] Level 1:colcon.colcon_core.package_identification:_identify(src/ugv_else/robot_pose_publisher) by extension 'ignore_ament_install'
[1.427s] Level 1:colcon.colcon_core.package_identification:_identify(src/ugv_else/robot_pose_publisher) by extensions ['colcon_pkg']
[1.427s] Level 1:colcon.colcon_core.package_identification:_identify(src/ugv_else/robot_pose_publisher) by extension 'colcon_pkg'
[1.427s] Level 1:colcon.colcon_core.package_identification:_identify(src/ugv_else/robot_pose_publisher) by extensions ['colcon_meta']
[1.427s] Level 1:colcon.colcon_core.package_identification:_identify(src/ugv_else/robot_pose_publisher) by extension 'colcon_meta'
[1.428s] Level 1:colcon.colcon_core.package_identification:_identify(src/ugv_else/robot_pose_publisher) by extensions ['ros']
[1.428s] Level 1:colcon.colcon_core.package_identification:_identify(src/ugv_else/robot_pose_publisher) by extension 'ros'
[1.430s] DEBUG:colcon.colcon_core.package_identification:Package 'src/ugv_else/robot_pose_publisher' with type 'ros.ament_cmake' and name 'robot_pose_publisher'
[1.431s] Level 1:colcon.colcon_core.package_identification:_identify(src/ugv_else/teb_local_planner) by extensions ['ignore', 'ignore_ament_install']
[1.431s] Level 1:colcon.colcon_core.package_identification:_identify(src/ugv_else/teb_local_planner) by extension 'ignore'
[1.431s] Level 1:colcon.colcon_core.package_identification:_identify(src/ugv_else/teb_local_planner) by extension 'ignore_ament_install'
[1.431s] Level 1:colcon.colcon_core.package_identification:_identify(src/ugv_else/teb_local_planner) by extensions ['colcon_pkg']
[1.432s] Level 1:colcon.colcon_core.package_identification:_identify(src/ugv_else/teb_local_planner) by extension 'colcon_pkg'
[1.432s] Level 1:colcon.colcon_core.package_identification:_identify(src/ugv_else/teb_local_planner) by extensions ['colcon_meta']
[1.432s] Level 1:colcon.colcon_core.package_identification:_identify(src/ugv_else/teb_local_planner) by extension 'colcon_meta'
[1.432s] Level 1:colcon.colcon_core.package_identification:_identify(src/ugv_else/teb_local_planner) by extensions ['ros']
[1.432s] Level 1:colcon.colcon_core.package_identification:_identify(src/ugv_else/teb_local_planner) by extension 'ros'
[1.432s] Level 1:colcon.colcon_core.package_identification:_identify(src/ugv_else/teb_local_planner) by extensions ['cmake', 'python']
[1.433s] Level 1:colcon.colcon_core.package_identification:_identify(src/ugv_else/teb_local_planner) by extension 'cmake'
[1.433s] Level 1:colcon.colcon_core.package_identification:_identify(src/ugv_else/teb_local_planner) by extension 'python'
[1.433s] Level 1:colcon.colcon_core.package_identification:_identify(src/ugv_else/teb_local_planner) by extensions ['python_setup_py']
[1.433s] Level 1:colcon.colcon_core.package_identification:_identify(src/ugv_else/teb_local_planner) by extension 'python_setup_py'
[1.433s] Level 1:colcon.colcon_core.package_identification:_identify(src/ugv_else/teb_local_planner/teb_local_planner) by extensions ['ignore', 'ignore_ament_install']
[1.434s] Level 1:colcon.colcon_core.package_identification:_identify(src/ugv_else/teb_local_planner/teb_local_planner) by extension 'ignore'
[1.434s] Level 1:colcon.colcon_core.package_identification:_identify(src/ugv_else/teb_local_planner/teb_local_planner) by extension 'ignore_ament_install'
[1.434s] Level 1:colcon.colcon_core.package_identification:_identify(src/ugv_else/teb_local_planner/teb_local_planner) by extensions ['colcon_pkg']
[1.434s] Level 1:colcon.colcon_core.package_identification:_identify(src/ugv_else/teb_local_planner/teb_local_planner) by extension 'colcon_pkg'
[1.434s] Level 1:colcon.colcon_core.package_identification:_identify(src/ugv_else/teb_local_planner/teb_local_planner) by extensions ['colcon_meta']
[1.434s] Level 1:colcon.colcon_core.package_identification:_identify(src/ugv_else/teb_local_planner/teb_local_planner) by extension 'colcon_meta'
[1.435s] Level 1:colcon.colcon_core.package_identification:_identify(src/ugv_else/teb_local_planner/teb_local_planner) by extensions ['ros']
[1.435s] Level 1:colcon.colcon_core.package_identification:_identify(src/ugv_else/teb_local_planner/teb_local_planner) by extension 'ros'
[1.442s] DEBUG:colcon.colcon_core.package_identification:Package 'src/ugv_else/teb_local_planner/teb_local_planner' with type 'ros.ament_cmake' and name 'teb_local_planner'
[1.443s] Level 1:colcon.colcon_core.package_identification:_identify(src/ugv_else/teb_local_planner/teb_msgs) by extensions ['ignore', 'ignore_ament_install']
[1.443s] Level 1:colcon.colcon_core.package_identification:_identify(src/ugv_else/teb_local_planner/teb_msgs) by extension 'ignore'
[1.443s] Level 1:colcon.colcon_core.package_identification:_identify(src/ugv_else/teb_local_planner/teb_msgs) by extension 'ignore_ament_install'
[1.443s] Level 1:colcon.colcon_core.package_identification:_identify(src/ugv_else/teb_local_planner/teb_msgs) by extensions ['colcon_pkg']
[1.443s] Level 1:colcon.colcon_core.package_identification:_identify(src/ugv_else/teb_local_planner/teb_msgs) by extension 'colcon_pkg'
[1.444s] Level 1:colcon.colcon_core.package_identification:_identify(src/ugv_else/teb_local_planner/teb_msgs) by extensions ['colcon_meta']
[1.444s] Level 1:colcon.colcon_core.package_identification:_identify(src/ugv_else/teb_local_planner/teb_msgs) by extension 'colcon_meta'
[1.444s] Level 1:colcon.colcon_core.package_identification:_identify(src/ugv_else/teb_local_planner/teb_msgs) by extensions ['ros']
[1.444s] Level 1:colcon.colcon_core.package_identification:_identify(src/ugv_else/teb_local_planner/teb_msgs) by extension 'ros'
[1.446s] DEBUG:colcon.colcon_core.package_identification:Package 'src/ugv_else/teb_local_planner/teb_msgs' with type 'ros.ament_cmake' and name 'teb_msgs'
[1.447s] Level 1:colcon.colcon_core.package_identification:_identify(src/ugv_else/vizanti) by extensions ['ignore', 'ignore_ament_install']
[1.447s] Level 1:colcon.colcon_core.package_identification:_identify(src/ugv_else/vizanti) by extension 'ignore'
[1.448s] Level 1:colcon.colcon_core.package_identification:_identify(src/ugv_else/vizanti) by extension 'ignore_ament_install'
[1.448s] Level 1:colcon.colcon_core.package_identification:_identify(src/ugv_else/vizanti) by extensions ['colcon_pkg']
[1.448s] Level 1:colcon.colcon_core.package_identification:_identify(src/ugv_else/vizanti) by extension 'colcon_pkg'
[1.448s] Level 1:colcon.colcon_core.package_identification:_identify(src/ugv_else/vizanti) by extensions ['colcon_meta']
[1.448s] Level 1:colcon.colcon_core.package_identification:_identify(src/ugv_else/vizanti) by extension 'colcon_meta'
[1.449s] Level 1:colcon.colcon_core.package_identification:_identify(src/ugv_else/vizanti) by extensions ['ros']
[1.449s] Level 1:colcon.colcon_core.package_identification:_identify(src/ugv_else/vizanti) by extension 'ros'
[1.449s] Level 1:colcon.colcon_core.package_identification:_identify(src/ugv_else/vizanti) by extensions ['cmake', 'python']
[1.449s] Level 1:colcon.colcon_core.package_identification:_identify(src/ugv_else/vizanti) by extension 'cmake'
[1.449s] Level 1:colcon.colcon_core.package_identification:_identify(src/ugv_else/vizanti) by extension 'python'
[1.449s] Level 1:colcon.colcon_core.package_identification:_identify(src/ugv_else/vizanti) by extensions ['python_setup_py']
[1.450s] Level 1:colcon.colcon_core.package_identification:_identify(src/ugv_else/vizanti) by extension 'python_setup_py'
[1.450s] Level 1:colcon.colcon_core.package_identification:_identify(src/ugv_else/vizanti/vizanti) by extensions ['ignore', 'ignore_ament_install']
[1.450s] Level 1:colcon.colcon_core.package_identification:_identify(src/ugv_else/vizanti/vizanti) by extension 'ignore'
[1.450s] Level 1:colcon.colcon_core.package_identification:_identify(src/ugv_else/vizanti/vizanti) by extension 'ignore_ament_install'
[1.451s] Level 1:colcon.colcon_core.package_identification:_identify(src/ugv_else/vizanti/vizanti) by extensions ['colcon_pkg']
[1.451s] Level 1:colcon.colcon_core.package_identification:_identify(src/ugv_else/vizanti/vizanti) by extension 'colcon_pkg'
[1.451s] Level 1:colcon.colcon_core.package_identification:_identify(src/ugv_else/vizanti/vizanti) by extensions ['colcon_meta']
[1.451s] Level 1:colcon.colcon_core.package_identification:_identify(src/ugv_else/vizanti/vizanti) by extension 'colcon_meta'
[1.451s] Level 1:colcon.colcon_core.package_identification:_identify(src/ugv_else/vizanti/vizanti) by extensions ['ros']
[1.451s] Level 1:colcon.colcon_core.package_identification:_identify(src/ugv_else/vizanti/vizanti) by extension 'ros'
[1.453s] DEBUG:colcon.colcon_core.package_identification:Package 'src/ugv_else/vizanti/vizanti' with type 'ros.ament_cmake' and name 'vizanti'
[1.454s] Level 1:colcon.colcon_core.package_identification:_identify(src/ugv_else/vizanti/vizanti_cpp) by extensions ['ignore', 'ignore_ament_install']
[1.454s] Level 1:colcon.colcon_core.package_identification:_identify(src/ugv_else/vizanti/vizanti_cpp) by extension 'ignore'
[1.454s] Level 1:colcon.colcon_core.package_identification:_identify(src/ugv_else/vizanti/vizanti_cpp) by extension 'ignore_ament_install'
[1.455s] Level 1:colcon.colcon_core.package_identification:_identify(src/ugv_else/vizanti/vizanti_cpp) by extensions ['colcon_pkg']
[1.455s] Level 1:colcon.colcon_core.package_identification:_identify(src/ugv_else/vizanti/vizanti_cpp) by extension 'colcon_pkg'
[1.455s] Level 1:colcon.colcon_core.package_identification:_identify(src/ugv_else/vizanti/vizanti_cpp) by extensions ['colcon_meta']
[1.455s] Level 1:colcon.colcon_core.package_identification:_identify(src/ugv_else/vizanti/vizanti_cpp) by extension 'colcon_meta'
[1.455s] Level 1:colcon.colcon_core.package_identification:_identify(src/ugv_else/vizanti/vizanti_cpp) by extensions ['ros']
[1.455s] Level 1:colcon.colcon_core.package_identification:_identify(src/ugv_else/vizanti/vizanti_cpp) by extension 'ros'
[1.458s] DEBUG:colcon.colcon_core.package_identification:Package 'src/ugv_else/vizanti/vizanti_cpp' with type 'ros.ament_cmake' and name 'vizanti_cpp'
[1.458s] Level 1:colcon.colcon_core.package_identification:_identify(src/ugv_else/vizanti/vizanti_demos) by extensions ['ignore', 'ignore_ament_install']
[1.459s] Level 1:colcon.colcon_core.package_identification:_identify(src/ugv_else/vizanti/vizanti_demos) by extension 'ignore'
[1.459s] Level 1:colcon.colcon_core.package_identification:_identify(src/ugv_else/vizanti/vizanti_demos) by extension 'ignore_ament_install'
[1.459s] Level 1:colcon.colcon_core.package_identification:_identify(src/ugv_else/vizanti/vizanti_demos) by extensions ['colcon_pkg']
[1.459s] Level 1:colcon.colcon_core.package_identification:_identify(src/ugv_else/vizanti/vizanti_demos) by extension 'colcon_pkg'
[1.459s] Level 1:colcon.colcon_core.package_identification:_identify(src/ugv_else/vizanti/vizanti_demos) by extensions ['colcon_meta']
[1.459s] Level 1:colcon.colcon_core.package_identification:_identify(src/ugv_else/vizanti/vizanti_demos) by extension 'colcon_meta'
[1.460s] Level 1:colcon.colcon_core.package_identification:_identify(src/ugv_else/vizanti/vizanti_demos) by extensions ['ros']
[1.460s] Level 1:colcon.colcon_core.package_identification:_identify(src/ugv_else/vizanti/vizanti_demos) by extension 'ros'
[1.464s] DEBUG:colcon.colcon_core.package_identification:Package 'src/ugv_else/vizanti/vizanti_demos' with type 'ros.ament_cmake' and name 'vizanti_demos'
[1.464s] Level 1:colcon.colcon_core.package_identification:_identify(src/ugv_else/vizanti/vizanti_msgs) by extensions ['ignore', 'ignore_ament_install']
[1.465s] Level 1:colcon.colcon_core.package_identification:_identify(src/ugv_else/vizanti/vizanti_msgs) by extension 'ignore'
[1.465s] Level 1:colcon.colcon_core.package_identification:_identify(src/ugv_else/vizanti/vizanti_msgs) by extension 'ignore_ament_install'
[1.465s] Level 1:colcon.colcon_core.package_identification:_identify(src/ugv_else/vizanti/vizanti_msgs) by extensions ['colcon_pkg']
[1.465s] Level 1:colcon.colcon_core.package_identification:_identify(src/ugv_else/vizanti/vizanti_msgs) by extension 'colcon_pkg'
[1.466s] Level 1:colcon.colcon_core.package_identification:_identify(src/ugv_else/vizanti/vizanti_msgs) by extensions ['colcon_meta']
[1.466s] Level 1:colcon.colcon_core.package_identification:_identify(src/ugv_else/vizanti/vizanti_msgs) by extension 'colcon_meta'
[1.466s] Level 1:colcon.colcon_core.package_identification:_identify(src/ugv_else/vizanti/vizanti_msgs) by extensions ['ros']
[1.466s] Level 1:colcon.colcon_core.package_identification:_identify(src/ugv_else/vizanti/vizanti_msgs) by extension 'ros'
[1.469s] DEBUG:colcon.colcon_core.package_identification:Package 'src/ugv_else/vizanti/vizanti_msgs' with type 'ros.ament_cmake' and name 'vizanti_msgs'
[1.470s] Level 1:colcon.colcon_core.package_identification:_identify(src/ugv_else/vizanti/vizanti_server) by extensions ['ignore', 'ignore_ament_install']
[1.470s] Level 1:colcon.colcon_core.package_identification:_identify(src/ugv_else/vizanti/vizanti_server) by extension 'ignore'
[1.471s] Level 1:colcon.colcon_core.package_identification:_identify(src/ugv_else/vizanti/vizanti_server) by extension 'ignore_ament_install'
[1.471s] Level 1:colcon.colcon_core.package_identification:_identify(src/ugv_else/vizanti/vizanti_server) by extensions ['colcon_pkg']
[1.471s] Level 1:colcon.colcon_core.package_identification:_identify(src/ugv_else/vizanti/vizanti_server) by extension 'colcon_pkg'
[1.471s] Level 1:colcon.colcon_core.package_identification:_identify(src/ugv_else/vizanti/vizanti_server) by extensions ['colcon_meta']
[1.471s] Level 1:colcon.colcon_core.package_identification:_identify(src/ugv_else/vizanti/vizanti_server) by extension 'colcon_meta'
[1.472s] Level 1:colcon.colcon_core.package_identification:_identify(src/ugv_else/vizanti/vizanti_server) by extensions ['ros']
[1.472s] Level 1:colcon.colcon_core.package_identification:_identify(src/ugv_else/vizanti/vizanti_server) by extension 'ros'
[1.476s] DEBUG:colcon.colcon_core.package_identification:Package 'src/ugv_else/vizanti/vizanti_server' with type 'ros.ament_cmake' and name 'vizanti_server'
[1.477s] Level 1:colcon.colcon_core.package_identification:_identify(src/ugv_main) by extensions ['ignore', 'ignore_ament_install']
[1.477s] Level 1:colcon.colcon_core.package_identification:_identify(src/ugv_main) by extension 'ignore'
[1.477s] Level 1:colcon.colcon_core.package_identification:_identify(src/ugv_main) by extension 'ignore_ament_install'
[1.477s] Level 1:colcon.colcon_core.package_identification:_identify(src/ugv_main) by extensions ['colcon_pkg']
[1.478s] Level 1:colcon.colcon_core.package_identification:_identify(src/ugv_main) by extension 'colcon_pkg'
[1.478s] Level 1:colcon.colcon_core.package_identification:_identify(src/ugv_main) by extensions ['colcon_meta']
[1.478s] Level 1:colcon.colcon_core.package_identification:_identify(src/ugv_main) by extension 'colcon_meta'
[1.478s] Level 1:colcon.colcon_core.package_identification:_identify(src/ugv_main) by extensions ['ros']
[1.478s] Level 1:colcon.colcon_core.package_identification:_identify(src/ugv_main) by extension 'ros'
[1.478s] Level 1:colcon.colcon_core.package_identification:_identify(src/ugv_main) by extensions ['cmake', 'python']
[1.479s] Level 1:colcon.colcon_core.package_identification:_identify(src/ugv_main) by extension 'cmake'
[1.479s] Level 1:colcon.colcon_core.package_identification:_identify(src/ugv_main) by extension 'python'
[1.479s] Level 1:colcon.colcon_core.package_identification:_identify(src/ugv_main) by extensions ['python_setup_py']
[1.479s] Level 1:colcon.colcon_core.package_identification:_identify(src/ugv_main) by extension 'python_setup_py'
[1.479s] Level 1:colcon.colcon_core.package_identification:_identify(src/ugv_main/ugv_base_node) by extensions ['ignore', 'ignore_ament_install']
[1.480s] Level 1:colcon.colcon_core.package_identification:_identify(src/ugv_main/ugv_base_node) by extension 'ignore'
[1.480s] Level 1:colcon.colcon_core.package_identification:_identify(src/ugv_main/ugv_base_node) by extension 'ignore_ament_install'
[1.480s] Level 1:colcon.colcon_core.package_identification:_identify(src/ugv_main/ugv_base_node) by extensions ['colcon_pkg']
[1.480s] Level 1:colcon.colcon_core.package_identification:_identify(src/ugv_main/ugv_base_node) by extension 'colcon_pkg'
[1.480s] Level 1:colcon.colcon_core.package_identification:_identify(src/ugv_main/ugv_base_node) by extensions ['colcon_meta']
[1.480s] Level 1:colcon.colcon_core.package_identification:_identify(src/ugv_main/ugv_base_node) by extension 'colcon_meta'
[1.481s] Level 1:colcon.colcon_core.package_identification:_identify(src/ugv_main/ugv_base_node) by extensions ['ros']
[1.481s] Level 1:colcon.colcon_core.package_identification:_identify(src/ugv_main/ugv_base_node) by extension 'ros'
[1.484s] DEBUG:colcon.colcon_core.package_identification:Package 'src/ugv_main/ugv_base_node' with type 'ros.ament_cmake' and name 'ugv_base_node'
[1.484s] Level 1:colcon.colcon_core.package_identification:_identify(src/ugv_main/ugv_bringup) by extensions ['ignore', 'ignore_ament_install']
[1.485s] Level 1:colcon.colcon_core.package_identification:_identify(src/ugv_main/ugv_bringup) by extension 'ignore'
[1.485s] Level 1:colcon.colcon_core.package_identification:_identify(src/ugv_main/ugv_bringup) by extension 'ignore_ament_install'
[1.485s] Level 1:colcon.colcon_core.package_identification:_identify(src/ugv_main/ugv_bringup) by extensions ['colcon_pkg']
[1.485s] Level 1:colcon.colcon_core.package_identification:_identify(src/ugv_main/ugv_bringup) by extension 'colcon_pkg'
[1.486s] Level 1:colcon.colcon_core.package_identification:_identify(src/ugv_main/ugv_bringup) by extensions ['colcon_meta']
[1.486s] Level 1:colcon.colcon_core.package_identification:_identify(src/ugv_main/ugv_bringup) by extension 'colcon_meta'
[1.486s] Level 1:colcon.colcon_core.package_identification:_identify(src/ugv_main/ugv_bringup) by extensions ['ros']
[1.486s] Level 1:colcon.colcon_core.package_identification:_identify(src/ugv_main/ugv_bringup) by extension 'ros'
[1.488s] DEBUG:colcon.colcon_core.package_identification:Package 'src/ugv_main/ugv_bringup' with type 'ros.ament_python' and name 'ugv_bringup'
[1.489s] Level 1:colcon.colcon_core.package_identification:_identify(src/ugv_main/ugv_chat_ai) by extensions ['ignore', 'ignore_ament_install']
[1.489s] Level 1:colcon.colcon_core.package_identification:_identify(src/ugv_main/ugv_chat_ai) by extension 'ignore'
[1.489s] Level 1:colcon.colcon_core.package_identification:_identify(src/ugv_main/ugv_chat_ai) by extension 'ignore_ament_install'
[1.489s] Level 1:colcon.colcon_core.package_identification:_identify(src/ugv_main/ugv_chat_ai) by extensions ['colcon_pkg']
[1.490s] Level 1:colcon.colcon_core.package_identification:_identify(src/ugv_main/ugv_chat_ai) by extension 'colcon_pkg'
[1.490s] Level 1:colcon.colcon_core.package_identification:_identify(src/ugv_main/ugv_chat_ai) by extensions ['colcon_meta']
[1.490s] Level 1:colcon.colcon_core.package_identification:_identify(src/ugv_main/ugv_chat_ai) by extension 'colcon_meta'
[1.490s] Level 1:colcon.colcon_core.package_identification:_identify(src/ugv_main/ugv_chat_ai) by extensions ['ros']
[1.490s] Level 1:colcon.colcon_core.package_identification:_identify(src/ugv_main/ugv_chat_ai) by extension 'ros'
[1.492s] DEBUG:colcon.colcon_core.package_identification:Package 'src/ugv_main/ugv_chat_ai' with type 'ros.ament_python' and name 'ugv_chat_ai'
[1.493s] Level 1:colcon.colcon_core.package_identification:_identify(src/ugv_main/ugv_description) by extensions ['ignore', 'ignore_ament_install']
[1.493s] Level 1:colcon.colcon_core.package_identification:_identify(src/ugv_main/ugv_description) by extension 'ignore'
[1.493s] Level 1:colcon.colcon_core.package_identification:_identify(src/ugv_main/ugv_description) by extension 'ignore_ament_install'
[1.494s] Level 1:colcon.colcon_core.package_identification:_identify(src/ugv_main/ugv_description) by extensions ['colcon_pkg']
[1.494s] Level 1:colcon.colcon_core.package_identification:_identify(src/ugv_main/ugv_description) by extension 'colcon_pkg'
[1.494s] Level 1:colcon.colcon_core.package_identification:_identify(src/ugv_main/ugv_description) by extensions ['colcon_meta']
[1.494s] Level 1:colcon.colcon_core.package_identification:_identify(src/ugv_main/ugv_description) by extension 'colcon_meta'
[1.494s] Level 1:colcon.colcon_core.package_identification:_identify(src/ugv_main/ugv_description) by extensions ['ros']
[1.494s] Level 1:colcon.colcon_core.package_identification:_identify(src/ugv_main/ugv_description) by extension 'ros'
[1.498s] DEBUG:colcon.colcon_core.package_identification:Package 'src/ugv_main/ugv_description' with type 'ros.ament_cmake' and name 'ugv_description'
[1.498s] Level 1:colcon.colcon_core.package_identification:_identify(src/ugv_main/ugv_gazebo) by extensions ['ignore', 'ignore_ament_install']
[1.499s] Level 1:colcon.colcon_core.package_identification:_identify(src/ugv_main/ugv_gazebo) by extension 'ignore'
[1.499s] Level 1:colcon.colcon_core.package_identification:_identify(src/ugv_main/ugv_gazebo) by extension 'ignore_ament_install'
[1.499s] Level 1:colcon.colcon_core.package_identification:_identify(src/ugv_main/ugv_gazebo) by extensions ['colcon_pkg']
[1.499s] Level 1:colcon.colcon_core.package_identification:_identify(src/ugv_main/ugv_gazebo) by extension 'colcon_pkg'
[1.499s] Level 1:colcon.colcon_core.package_identification:_identify(src/ugv_main/ugv_gazebo) by extensions ['colcon_meta']
[1.499s] Level 1:colcon.colcon_core.package_identification:_identify(src/ugv_main/ugv_gazebo) by extension 'colcon_meta'
[1.500s] Level 1:colcon.colcon_core.package_identification:_identify(src/ugv_main/ugv_gazebo) by extensions ['ros']
[1.500s] Level 1:colcon.colcon_core.package_identification:_identify(src/ugv_main/ugv_gazebo) by extension 'ros'
[1.503s] DEBUG:colcon.colcon_core.package_identification:Package 'src/ugv_main/ugv_gazebo' with type 'ros.ament_cmake' and name 'ugv_gazebo'
[1.503s] Level 1:colcon.colcon_core.package_identification:_identify(src/ugv_main/ugv_interface) by extensions ['ignore', 'ignore_ament_install']
[1.504s] Level 1:colcon.colcon_core.package_identification:_identify(src/ugv_main/ugv_interface) by extension 'ignore'
[1.504s] Level 1:colcon.colcon_core.package_identification:_identify(src/ugv_main/ugv_interface) by extension 'ignore_ament_install'
[1.504s] Level 1:colcon.colcon_core.package_identification:_identify(src/ugv_main/ugv_interface) by extensions ['colcon_pkg']
[1.504s] Level 1:colcon.colcon_core.package_identification:_identify(src/ugv_main/ugv_interface) by extension 'colcon_pkg'
[1.504s] Level 1:colcon.colcon_core.package_identification:_identify(src/ugv_main/ugv_interface) by extensions ['colcon_meta']
[1.504s] Level 1:colcon.colcon_core.package_identification:_identify(src/ugv_main/ugv_interface) by extension 'colcon_meta'
[1.505s] Level 1:colcon.colcon_core.package_identification:_identify(src/ugv_main/ugv_interface) by extensions ['ros']
[1.505s] Level 1:colcon.colcon_core.package_identification:_identify(src/ugv_main/ugv_interface) by extension 'ros'
[1.508s] DEBUG:colcon.colcon_core.package_identification:Package 'src/ugv_main/ugv_interface' with type 'ros.ament_cmake' and name 'ugv_interface'
[1.509s] Level 1:colcon.colcon_core.package_identification:_identify(src/ugv_main/ugv_nav) by extensions ['ignore', 'ignore_ament_install']
[1.509s] Level 1:colcon.colcon_core.package_identification:_identify(src/ugv_main/ugv_nav) by extension 'ignore'
[1.509s] Level 1:colcon.colcon_core.package_identification:_identify(src/ugv_main/ugv_nav) by extension 'ignore_ament_install'
[1.510s] Level 1:colcon.colcon_core.package_identification:_identify(src/ugv_main/ugv_nav) by extensions ['colcon_pkg']
[1.510s] Level 1:colcon.colcon_core.package_identification:_identify(src/ugv_main/ugv_nav) by extension 'colcon_pkg'
[1.510s] Level 1:colcon.colcon_core.package_identification:_identify(src/ugv_main/ugv_nav) by extensions ['colcon_meta']
[1.510s] Level 1:colcon.colcon_core.package_identification:_identify(src/ugv_main/ugv_nav) by extension 'colcon_meta'
[1.510s] Level 1:colcon.colcon_core.package_identification:_identify(src/ugv_main/ugv_nav) by extensions ['ros']
[1.510s] Level 1:colcon.colcon_core.package_identification:_identify(src/ugv_main/ugv_nav) by extension 'ros'
[1.512s] DEBUG:colcon.colcon_core.package_identification:Package 'src/ugv_main/ugv_nav' with type 'ros.ament_cmake' and name 'ugv_nav'
[1.513s] Level 1:colcon.colcon_core.package_identification:_identify(src/ugv_main/ugv_slam) by extensions ['ignore', 'ignore_ament_install']
[1.513s] Level 1:colcon.colcon_core.package_identification:_identify(src/ugv_main/ugv_slam) by extension 'ignore'
[1.513s] Level 1:colcon.colcon_core.package_identification:_identify(src/ugv_main/ugv_slam) by extension 'ignore_ament_install'
[1.514s] Level 1:colcon.colcon_core.package_identification:_identify(src/ugv_main/ugv_slam) by extensions ['colcon_pkg']
[1.514s] Level 1:colcon.colcon_core.package_identification:_identify(src/ugv_main/ugv_slam) by extension 'colcon_pkg'
[1.514s] Level 1:colcon.colcon_core.package_identification:_identify(src/ugv_main/ugv_slam) by extensions ['colcon_meta']
[1.514s] Level 1:colcon.colcon_core.package_identification:_identify(src/ugv_main/ugv_slam) by extension 'colcon_meta'
[1.514s] Level 1:colcon.colcon_core.package_identification:_identify(src/ugv_main/ugv_slam) by extensions ['ros']
[1.514s] Level 1:colcon.colcon_core.package_identification:_identify(src/ugv_main/ugv_slam) by extension 'ros'
[1.518s] DEBUG:colcon.colcon_core.package_identification:Package 'src/ugv_main/ugv_slam' with type 'ros.ament_cmake' and name 'ugv_slam'
[1.519s] Level 1:colcon.colcon_core.package_identification:_identify(src/ugv_main/ugv_tools) by extensions ['ignore', 'ignore_ament_install']
[1.519s] Level 1:colcon.colcon_core.package_identification:_identify(src/ugv_main/ugv_tools) by extension 'ignore'
[1.519s] Level 1:colcon.colcon_core.package_identification:_identify(src/ugv_main/ugv_tools) by extension 'ignore_ament_install'
[1.519s] Level 1:colcon.colcon_core.package_identification:_identify(src/ugv_main/ugv_tools) by extensions ['colcon_pkg']
[1.519s] Level 1:colcon.colcon_core.package_identification:_identify(src/ugv_main/ugv_tools) by extension 'colcon_pkg'
[1.520s] Level 1:colcon.colcon_core.package_identification:_identify(src/ugv_main/ugv_tools) by extensions ['colcon_meta']
[1.520s] Level 1:colcon.colcon_core.package_identification:_identify(src/ugv_main/ugv_tools) by extension 'colcon_meta'
[1.520s] Level 1:colcon.colcon_core.package_identification:_identify(src/ugv_main/ugv_tools) by extensions ['ros']
[1.520s] Level 1:colcon.colcon_core.package_identification:_identify(src/ugv_main/ugv_tools) by extension 'ros'
[1.523s] DEBUG:colcon.colcon_core.package_identification:Package 'src/ugv_main/ugv_tools' with type 'ros.ament_python' and name 'ugv_tools'
[1.523s] Level 1:colcon.colcon_core.package_identification:_identify(src/ugv_main/ugv_vision) by extensions ['ignore', 'ignore_ament_install']
[1.523s] Level 1:colcon.colcon_core.package_identification:_identify(src/ugv_main/ugv_vision) by extension 'ignore'
[1.524s] Level 1:colcon.colcon_core.package_identification:_identify(src/ugv_main/ugv_vision) by extension 'ignore_ament_install'
[1.524s] Level 1:colcon.colcon_core.package_identification:_identify(src/ugv_main/ugv_vision) by extensions ['colcon_pkg']
[1.524s] Level 1:colcon.colcon_core.package_identification:_identify(src/ugv_main/ugv_vision) by extension 'colcon_pkg'
[1.524s] Level 1:colcon.colcon_core.package_identification:_identify(src/ugv_main/ugv_vision) by extensions ['colcon_meta']
[1.524s] Level 1:colcon.colcon_core.package_identification:_identify(src/ugv_main/ugv_vision) by extension 'colcon_meta'
[1.525s] Level 1:colcon.colcon_core.package_identification:_identify(src/ugv_main/ugv_vision) by extensions ['ros']
[1.525s] Level 1:colcon.colcon_core.package_identification:_identify(src/ugv_main/ugv_vision) by extension 'ros'
[1.527s] DEBUG:colcon.colcon_core.package_identification:Package 'src/ugv_main/ugv_vision' with type 'ros.ament_python' and name 'ugv_vision'
[1.527s] Level 1:colcon.colcon_core.package_identification:_identify(src/ugv_main/ugv_web_app) by extensions ['ignore', 'ignore_ament_install']
[1.528s] Level 1:colcon.colcon_core.package_identification:_identify(src/ugv_main/ugv_web_app) by extension 'ignore'
[1.528s] Level 1:colcon.colcon_core.package_identification:_identify(src/ugv_main/ugv_web_app) by extension 'ignore_ament_install'
[1.528s] Level 1:colcon.colcon_core.package_identification:_identify(src/ugv_main/ugv_web_app) by extensions ['colcon_pkg']
[1.528s] Level 1:colcon.colcon_core.package_identification:_identify(src/ugv_main/ugv_web_app) by extension 'colcon_pkg'
[1.529s] Level 1:colcon.colcon_core.package_identification:_identify(src/ugv_main/ugv_web_app) by extensions ['colcon_meta']
[1.529s] Level 1:colcon.colcon_core.package_identification:_identify(src/ugv_main/ugv_web_app) by extension 'colcon_meta'
[1.529s] Level 1:colcon.colcon_core.package_identification:_identify(src/ugv_main/ugv_web_app) by extensions ['ros']
[1.529s] Level 1:colcon.colcon_core.package_identification:_identify(src/ugv_main/ugv_web_app) by extension 'ros'
[1.531s] DEBUG:colcon.colcon_core.package_identification:Package 'src/ugv_main/ugv_web_app' with type 'ros.ament_python' and name 'ugv_web_app'
[1.531s] Level 1:colcon.colcon_core.package_discovery:discover_packages(recursive) using defaults
[1.532s] Level 1:colcon.colcon_core.package_discovery:discover_packages(ignore) discover
[1.532s] Level 1:colcon.colcon_core.package_discovery:discover_packages(ignore) using defaults
[1.532s] Level 1:colcon.colcon_core.package_discovery:discover_packages(path) discover
[1.532s] Level 1:colcon.colcon_core.package_discovery:discover_packages(path) using defaults
[1.648s] INFO:colcon.colcon_core.package_selection:Skipping not selected package 'apriltag' in 'src/ugv_else/apriltag_ros/apriltag'
[1.648s] INFO:colcon.colcon_core.package_selection:Skipping not selected package 'apriltag_msgs' in 'src/ugv_else/apriltag_ros/apriltag_msgs'
[1.648s] INFO:colcon.colcon_core.package_selection:Skipping not selected package 'audio_utils_msgs' in 'src/ugv_else/audio_utils/audio_utils_msgs'
[1.648s] INFO:colcon.colcon_core.package_selection:Skipping not selected package 'cartographer' in 'src/ugv_else/cartographer'
[1.648s] INFO:colcon.colcon_core.package_selection:Skipping not selected package 'costmap_converter_msgs' in 'src/ugv_else/costmap_converter/costmap_converter_msgs'
[1.648s] INFO:colcon.colcon_core.package_selection:Skipping not selected package 'cv_camera' in 'src/ugv_else/cv_camera'
[1.648s] INFO:colcon.colcon_core.package_selection:Skipping not selected package 'emcl2' in 'src/ugv_else/emcl2_ros2'
[1.649s] INFO:colcon.colcon_core.package_selection:Skipping not selected package 'explore_lite' in 'src/ugv_else/explore_lite'
[1.649s] INFO:colcon.colcon_core.package_selection:Skipping not selected package 'ldlidar' in 'src/ugv_else/ldlidar'
[1.649s] INFO:colcon.colcon_core.package_selection:Skipping not selected package 'odas_ros_msgs' in 'src/ugv_else/odas_ros/odas_ros_msgs'
[1.649s] INFO:colcon.colcon_core.package_selection:Skipping not selected package 'openslam_gmapping' in 'src/ugv_else/gmapping/openslam_gmapping'
[1.649s] INFO:colcon.colcon_core.package_selection:Skipping not selected package 'opentera_protobuf_messages' in 'src/ugv_else/opentera-webrtc-ros/opentera_protobuf_messages'
[1.649s] INFO:colcon.colcon_core.package_selection:Skipping not selected package 'rf2o_laser_odometry' in 'src/ugv_else/rf2o_laser_odometry'
[1.649s] INFO:colcon.colcon_core.package_selection:Skipping not selected package 'robot_pose_publisher' in 'src/ugv_else/robot_pose_publisher'
[1.649s] INFO:colcon.colcon_core.package_selection:Skipping not selected package 'turtlebot3_beam_description' in 'src/ugv_else/opentera-webrtc-ros/turtlebot3_beam_description'
[1.649s] INFO:colcon.colcon_core.package_selection:Skipping not selected package 'ugv_base_node' in 'src/ugv_main/ugv_base_node'
[1.649s] INFO:colcon.colcon_core.package_selection:Skipping not selected package 'ugv_bringup' in 'src/ugv_main/ugv_bringup'
[1.649s] INFO:colcon.colcon_core.package_selection:Skipping not selected package 'ugv_chat_ai' in 'src/ugv_main/ugv_chat_ai'
[1.650s] INFO:colcon.colcon_core.package_selection:Skipping not selected package 'ugv_description' in 'src/ugv_main/ugv_description'
[1.650s] INFO:colcon.colcon_core.package_selection:Skipping not selected package 'ugv_gazebo' in 'src/ugv_main/ugv_gazebo'
[1.650s] INFO:colcon.colcon_core.package_selection:Skipping not selected package 'ugv_interface' in 'src/ugv_main/ugv_interface'
[1.650s] INFO:colcon.colcon_core.package_selection:Skipping not selected package 'ugv_nav' in 'src/ugv_main/ugv_nav'
[1.650s] INFO:colcon.colcon_core.package_selection:Skipping not selected package 'ugv_slam' in 'src/ugv_main/ugv_slam'
[1.650s] INFO:colcon.colcon_core.package_selection:Skipping not selected package 'ugv_tools' in 'src/ugv_main/ugv_tools'
[1.650s] INFO:colcon.colcon_core.package_selection:Skipping not selected package 'ugv_vision' in 'src/ugv_main/ugv_vision'
[1.650s] INFO:colcon.colcon_core.package_selection:Skipping not selected package 'ugv_web_app' in 'src/ugv_main/ugv_web_app'
[1.650s] INFO:colcon.colcon_core.package_selection:Skipping not selected package 'vizanti_cpp' in 'src/ugv_else/vizanti/vizanti_cpp'
[1.650s] INFO:colcon.colcon_core.package_selection:Skipping not selected package 'vizanti_msgs' in 'src/ugv_else/vizanti/vizanti_msgs'
[1.650s] INFO:colcon.colcon_core.package_selection:Skipping not selected package 'apriltag_ros' in 'src/ugv_else/apriltag_ros/apriltag_ros'
[1.650s] INFO:colcon.colcon_core.package_selection:Skipping not selected package 'audio_utils' in 'src/ugv_else/audio_utils/audio_utils'
[1.651s] INFO:colcon.colcon_core.package_selection:Skipping not selected package 'costmap_converter' in 'src/ugv_else/costmap_converter/costmap_converter'
[1.651s] INFO:colcon.colcon_core.package_selection:Skipping not selected package 'odas_ros' in 'src/ugv_else/odas_ros/odas_ros'
[1.651s] INFO:colcon.colcon_core.package_selection:Skipping not selected package 'opentera_webrtc_ros_msgs' in 'src/ugv_else/opentera-webrtc-ros/opentera_webrtc_ros_msgs'
[1.651s] INFO:colcon.colcon_core.package_selection:Skipping not selected package 'slam_gmapping' in 'src/ugv_else/gmapping/slam_gmapping'
[1.651s] INFO:colcon.colcon_core.package_selection:Skipping not selected package 'teb_msgs' in 'src/ugv_else/teb_local_planner/teb_msgs'
[1.651s] INFO:colcon.colcon_core.package_selection:Skipping not selected package 'vizanti_demos' in 'src/ugv_else/vizanti/vizanti_demos'
[1.651s] INFO:colcon.colcon_core.package_selection:Skipping not selected package 'vizanti_server' in 'src/ugv_else/vizanti/vizanti_server'
[1.651s] INFO:colcon.colcon_core.package_selection:Skipping not selected package 'face_cropping' in 'src/ugv_else/opentera-webrtc-ros/face_cropping'
[1.651s] INFO:colcon.colcon_core.package_selection:Skipping not selected package 'map_image_generator' in 'src/ugv_else/opentera-webrtc-ros/map_image_generator'
[1.651s] INFO:colcon.colcon_core.package_selection:Skipping not selected package 'opentera_client_ros' in 'src/ugv_else/opentera-webrtc-ros/opentera_client_ros'
[1.651s] INFO:colcon.colcon_core.package_selection:Skipping not selected package 'opentera_webrtc_robot_gui' in 'src/ugv_else/opentera-webrtc-ros/opentera_webrtc_robot_gui'
[1.651s] INFO:colcon.colcon_core.package_selection:Skipping not selected package 'teb_local_planner' in 'src/ugv_else/teb_local_planner/teb_local_planner'
[1.652s] INFO:colcon.colcon_core.package_selection:Skipping not selected package 'vizanti' in 'src/ugv_else/vizanti/vizanti'
[1.652s] INFO:colcon.colcon_core.package_selection:Skipping not selected package 'opentera_webrtc_demos' in 'src/ugv_else/opentera-webrtc-ros/opentera_webrtc_demos'
[1.653s] Level 5:colcon.colcon_core.verb:set package 'opentera_webrtc_ros' build argument 'cmake_args' from command line to '['-DPYTHON_EXECUTABLE=/usr/bin/python3', '-DCMAKE_BUILD_TYPE=Debug', '--no-warn-unused-cli']'
[1.654s] Level 5:colcon.colcon_core.verb:set package 'opentera_webrtc_ros' build argument 'cmake_target' from command line to 'None'
[1.654s] Level 5:colcon.colcon_core.verb:set package 'opentera_webrtc_ros' build argument 'cmake_target_skip_unavailable' from command line to 'False'
[1.654s] Level 5:colcon.colcon_core.verb:set package 'opentera_webrtc_ros' build argument 'cmake_clean_cache' from command line to 'False'
[1.654s] Level 5:colcon.colcon_core.verb:set package 'opentera_webrtc_ros' build argument 'cmake_clean_first' from command line to 'False'
[1.654s] Level 5:colcon.colcon_core.verb:set package 'opentera_webrtc_ros' build argument 'cmake_force_configure' from command line to 'False'
[1.654s] Level 5:colcon.colcon_core.verb:set package 'opentera_webrtc_ros' build argument 'ament_cmake_args' from command line to 'None'
[1.654s] Level 5:colcon.colcon_core.verb:set package 'opentera_webrtc_ros' build argument 'catkin_cmake_args' from command line to 'None'
[1.654s] Level 5:colcon.colcon_core.verb:set package 'opentera_webrtc_ros' build argument 'catkin_skip_building_tests' from command line to 'False'
[1.654s] DEBUG:colcon.colcon_core.verb:Building package 'opentera_webrtc_ros' with the following arguments: {'ament_cmake_args': None, 'build_base': '/home/ws/ugv_ws/build/opentera_webrtc_ros', 'catkin_cmake_args': None, 'catkin_skip_building_tests': False, 'cmake_args': ['-DPYTHON_EXECUTABLE=/usr/bin/python3', '-DCMAKE_BUILD_TYPE=Debug', '--no-warn-unused-cli'], 'cmake_clean_cache': False, 'cmake_clean_first': False, 'cmake_force_configure': False, 'cmake_target': None, 'cmake_target_skip_unavailable': False, 'install_base': '/home/ws/ugv_ws/install/opentera_webrtc_ros', 'merge_install': False, 'path': '/home/ws/ugv_ws/src/ugv_else/opentera-webrtc-ros/opentera_webrtc_ros', 'symlink_install': True, 'test_result_base': None}
[1.655s] INFO:colcon.colcon_core.executor:Executing jobs using 'parallel' executor
[1.659s] DEBUG:colcon.colcon_parallel_executor.executor.parallel:run_until_complete
[1.661s] INFO:colcon.colcon_ros.task.ament_cmake.build:Building ROS package in '/home/ws/ugv_ws/src/ugv_else/opentera-webrtc-ros/opentera_webrtc_ros' with build type 'ament_cmake'
[1.661s] INFO:colcon.colcon_cmake.task.cmake.build:Building CMake package in '/home/ws/ugv_ws/src/ugv_else/opentera-webrtc-ros/opentera_webrtc_ros'
[1.674s] INFO:colcon.colcon_core.plugin_system:Skipping extension 'colcon_core.shell.bat': Not used on non-Windows systems
[1.675s] INFO:colcon.colcon_core.shell:Skip shell extension 'powershell' for command environment: Not usable outside of PowerShell
[1.675s] DEBUG:colcon.colcon_core.shell:Skip shell extension 'dsv' for command environment
[1.751s] DEBUG:colcon.colcon_core.event_handler.log_command:Invoking command in '/home/ws/ugv_ws/build/opentera_webrtc_ros': CMAKE_PREFIX_PATH=/home/ws/ugv_ws/install/map_image_generator:/home/ws/ugv_ws/install/opentera_webrtc_ros_msgs:/home/ws/ugv_ws/install/odas_ros_msgs:/home/ws/ugv_ws/install/cv_camera:/home/ws/ugv_ws/install/audio_utils_msgs:/home/ws/ugv_ws/install/opentera_client_ros:/home/ws/ugv_ws/install/opentera_protobuf_messages:/home/ws/ugv_ws/install/odas_ros:/home/ws/ugv_ws/install/audio_utils:/home/ws/ugv_ws/install/vizanti:/home/ws/ugv_ws/install/vizanti_server:/home/ws/ugv_ws/install/vizanti_demos:/home/ws/ugv_ws/install/vizanti_msgs:/home/ws/ugv_ws/install/vizanti_cpp:/home/ws/ugv_ws/install/ugv_slam:/home/ws/ugv_ws/install/ugv_nav:/home/ws/ugv_ws/install/ugv_interface:/home/ws/ugv_ws/install/ugv_gazebo:/home/ws/ugv_ws/install/ugv_description:/home/ws/ugv_ws/install/ugv_base_node:/home/ws/ugv_ws/install/teb_local_planner:/home/ws/ugv_ws/install/teb_msgs:/home/ws/ugv_ws/install/slam_gmapping:/home/ws/ugv_ws/install/rf2o_laser_odometry:/home/ws/ugv_ws/install/openslam_gmapping:/home/ws/ugv_ws/install/ldlidar:/home/ws/ugv_ws/install/explore_lite:/home/ws/ugv_ws/install/emcl2:/home/ws/ugv_ws/install/costmap_converter:/home/ws/ugv_ws/install/costmap_converter_msgs:/home/ws/ugv_ws/install/cartographer:/home/ws/ugv_ws/install/apriltag_ros:/home/ws/ugv_ws/install/apriltag_msgs:/home/ws/ugv_ws/install/apriltag:/home/ws/ugv_roarm_ws/install/ugv_roarm_moveit_servo:/home/ws/ugv_roarm_ws/install/ugv_roarm_moveit_mtc_demo:/home/ws/ugv_roarm_ws/install/ugv_roarm_moveit_ikfast_plugins:/home/ws/ugv_roarm_ws/install/ugv_roarm_moveit:/home/ws/ugv_roarm_ws/install/ugv_roarm_description:/home/ws/roarm_ws/install/roarm_moveit_mtc_demo:/home/ws/roarm_ws/install/moveit_task_constructor_visualization:/home/ws/roarm_ws/install/moveit_task_constructor_capabilities:/home/ws/roarm_ws/install/moveit_task_constructor_core:/home/ws/roarm_ws/install/rviz_marker_tools:/home/ws/roarm_ws/install/roarm_moveit_cmd:/home/ws/roarm_ws/install/moveit_servo:/home/ws/roarm_ws/install/roarm_msgs:/home/ws/roarm_ws/install/roarm_moveit_servo:/home/ws/roarm_ws/install/roarm_moveit_ikfast_plugins:/home/ws/roarm_ws/install/roarm_moveit:/home/ws/roarm_ws/install/roarm_description:/home/ws/roarm_ws/install/moveit_task_constructor_msgs:/home/ws/ugv_ws/install/ugv_web_app:/home/ws/ugv_ws/install/ugv_vision:/home/ws/ugv_ws/install/ugv_tools:/home/ws/ugv_ws/install/ugv_chat_ai:/home/ws/ugv_ws/install/ugv_bringup:/home/ws/ugv_ws/install/robot_pose_publisher:/home/ws/ugv_roarm_ws/install/ugv_roarm_bringup:/home/ws/roarm_ws/install/roarm_driver:/opt/ros/humble LD_LIBRARY_PATH=/home/ws/ugv_ws/install/opentera_webrtc_ros_msgs/lib:/home/ws/ugv_ws/install/odas_ros_msgs/lib:/home/ws/ugv_ws/install/audio_utils_msgs/lib:/home/ws/ugv_ws/install/odas_ros/lib:/home/ws/ugv_ws/install/audio_utils/lib:/home/ws/ugv_ws/install/vizanti_msgs/lib:/home/ws/ugv_ws/install/ugv_interface/lib:/home/ws/ugv_ws/install/teb_local_planner/lib:/home/ws/ugv_ws/install/teb_msgs/lib:/home/ws/ugv_ws/install/openslam_gmapping/lib:/home/ws/ugv_ws/install/costmap_converter/lib:/home/ws/ugv_ws/install/costmap_converter_msgs/lib:/home/ws/ugv_ws/install/apriltag_ros/lib:/home/ws/ugv_ws/install/apriltag_msgs/lib:/home/ws/ugv_ws/install/apriltag/lib:/home/ws/ugv_roarm_ws/install/ugv_roarm_moveit_servo/lib:/home/ws/ugv_roarm_ws/install/ugv_roarm_moveit_mtc_demo/lib:/home/ws/ugv_roarm_ws/install/ugv_roarm_moveit_ikfast_plugins/lib:/home/ws/roarm_ws/install/roarm_moveit_mtc_demo/lib:/home/ws/roarm_ws/install/moveit_task_constructor_visualization/lib:/home/ws/roarm_ws/install/moveit_task_constructor_capabilities/lib:/home/ws/roarm_ws/install/moveit_task_constructor_core/lib:/home/ws/roarm_ws/install/rviz_marker_tools/lib:/home/ws/roarm_ws/install/moveit_servo/lib:/home/ws/roarm_ws/install/roarm_msgs/lib:/home/ws/roarm_ws/install/roarm_moveit_servo/lib:/home/ws/roarm_ws/install/roarm_moveit_ikfast_plugins/lib:/home/ws/roarm_ws/install/moveit_task_constructor_msgs/lib:/opt/ros/humble/opt/rviz_ogre_vendor/lib:/opt/ros/humble/lib/aarch64-linux-gnu:/opt/ros/humble/lib /usr/bin/cmake /home/ws/ugv_ws/src/ugv_else/opentera-webrtc-ros/opentera_webrtc_ros -DPYTHON_EXECUTABLE=/usr/bin/python3 -DCMAKE_BUILD_TYPE=Debug --no-warn-unused-cli -DAMENT_CMAKE_SYMLINK_INSTALL=1 -DCMAKE_INSTALL_PREFIX=/home/ws/ugv_ws/install/opentera_webrtc_ros
[6.105s] DEBUG:colcon.colcon_core.event_handler.log_command:Invoked command in '/home/ws/ugv_ws/build/opentera_webrtc_ros' returned '1': CMAKE_PREFIX_PATH=/home/ws/ugv_ws/install/map_image_generator:/home/ws/ugv_ws/install/opentera_webrtc_ros_msgs:/home/ws/ugv_ws/install/odas_ros_msgs:/home/ws/ugv_ws/install/cv_camera:/home/ws/ugv_ws/install/audio_utils_msgs:/home/ws/ugv_ws/install/opentera_client_ros:/home/ws/ugv_ws/install/opentera_protobuf_messages:/home/ws/ugv_ws/install/odas_ros:/home/ws/ugv_ws/install/audio_utils:/home/ws/ugv_ws/install/vizanti:/home/ws/ugv_ws/install/vizanti_server:/home/ws/ugv_ws/install/vizanti_demos:/home/ws/ugv_ws/install/vizanti_msgs:/home/ws/ugv_ws/install/vizanti_cpp:/home/ws/ugv_ws/install/ugv_slam:/home/ws/ugv_ws/install/ugv_nav:/home/ws/ugv_ws/install/ugv_interface:/home/ws/ugv_ws/install/ugv_gazebo:/home/ws/ugv_ws/install/ugv_description:/home/ws/ugv_ws/install/ugv_base_node:/home/ws/ugv_ws/install/teb_local_planner:/home/ws/ugv_ws/install/teb_msgs:/home/ws/ugv_ws/install/slam_gmapping:/home/ws/ugv_ws/install/rf2o_laser_odometry:/home/ws/ugv_ws/install/openslam_gmapping:/home/ws/ugv_ws/install/ldlidar:/home/ws/ugv_ws/install/explore_lite:/home/ws/ugv_ws/install/emcl2:/home/ws/ugv_ws/install/costmap_converter:/home/ws/ugv_ws/install/costmap_converter_msgs:/home/ws/ugv_ws/install/cartographer:/home/ws/ugv_ws/install/apriltag_ros:/home/ws/ugv_ws/install/apriltag_msgs:/home/ws/ugv_ws/install/apriltag:/home/ws/ugv_roarm_ws/install/ugv_roarm_moveit_servo:/home/ws/ugv_roarm_ws/install/ugv_roarm_moveit_mtc_demo:/home/ws/ugv_roarm_ws/install/ugv_roarm_moveit_ikfast_plugins:/home/ws/ugv_roarm_ws/install/ugv_roarm_moveit:/home/ws/ugv_roarm_ws/install/ugv_roarm_description:/home/ws/roarm_ws/install/roarm_moveit_mtc_demo:/home/ws/roarm_ws/install/moveit_task_constructor_visualization:/home/ws/roarm_ws/install/moveit_task_constructor_capabilities:/home/ws/roarm_ws/install/moveit_task_constructor_core:/home/ws/roarm_ws/install/rviz_marker_tools:/home/ws/roarm_ws/install/roarm_moveit_cmd:/home/ws/roarm_ws/install/moveit_servo:/home/ws/roarm_ws/install/roarm_msgs:/home/ws/roarm_ws/install/roarm_moveit_servo:/home/ws/roarm_ws/install/roarm_moveit_ikfast_plugins:/home/ws/roarm_ws/install/roarm_moveit:/home/ws/roarm_ws/install/roarm_description:/home/ws/roarm_ws/install/moveit_task_constructor_msgs:/home/ws/ugv_ws/install/ugv_web_app:/home/ws/ugv_ws/install/ugv_vision:/home/ws/ugv_ws/install/ugv_tools:/home/ws/ugv_ws/install/ugv_chat_ai:/home/ws/ugv_ws/install/ugv_bringup:/home/ws/ugv_ws/install/robot_pose_publisher:/home/ws/ugv_roarm_ws/install/ugv_roarm_bringup:/home/ws/roarm_ws/install/roarm_driver:/opt/ros/humble LD_LIBRARY_PATH=/home/ws/ugv_ws/install/opentera_webrtc_ros_msgs/lib:/home/ws/ugv_ws/install/odas_ros_msgs/lib:/home/ws/ugv_ws/install/audio_utils_msgs/lib:/home/ws/ugv_ws/install/odas_ros/lib:/home/ws/ugv_ws/install/audio_utils/lib:/home/ws/ugv_ws/install/vizanti_msgs/lib:/home/ws/ugv_ws/install/ugv_interface/lib:/home/ws/ugv_ws/install/teb_local_planner/lib:/home/ws/ugv_ws/install/teb_msgs/lib:/home/ws/ugv_ws/install/openslam_gmapping/lib:/home/ws/ugv_ws/install/costmap_converter/lib:/home/ws/ugv_ws/install/costmap_converter_msgs/lib:/home/ws/ugv_ws/install/apriltag_ros/lib:/home/ws/ugv_ws/install/apriltag_msgs/lib:/home/ws/ugv_ws/install/apriltag/lib:/home/ws/ugv_roarm_ws/install/ugv_roarm_moveit_servo/lib:/home/ws/ugv_roarm_ws/install/ugv_roarm_moveit_mtc_demo/lib:/home/ws/ugv_roarm_ws/install/ugv_roarm_moveit_ikfast_plugins/lib:/home/ws/roarm_ws/install/roarm_moveit_mtc_demo/lib:/home/ws/roarm_ws/install/moveit_task_constructor_visualization/lib:/home/ws/roarm_ws/install/moveit_task_constructor_capabilities/lib:/home/ws/roarm_ws/install/moveit_task_constructor_core/lib:/home/ws/roarm_ws/install/rviz_marker_tools/lib:/home/ws/roarm_ws/install/moveit_servo/lib:/home/ws/roarm_ws/install/roarm_msgs/lib:/home/ws/roarm_ws/install/roarm_moveit_servo/lib:/home/ws/roarm_ws/install/roarm_moveit_ikfast_plugins/lib:/home/ws/roarm_ws/install/moveit_task_constructor_msgs/lib:/opt/ros/humble/opt/rviz_ogre_vendor/lib:/opt/ros/humble/lib/aarch64-linux-gnu:/opt/ros/humble/lib /usr/bin/cmake /home/ws/ugv_ws/src/ugv_else/opentera-webrtc-ros/opentera_webrtc_ros -DPYTHON_EXECUTABLE=/usr/bin/python3 -DCMAKE_BUILD_TYPE=Debug --no-warn-unused-cli -DAMENT_CMAKE_SYMLINK_INSTALL=1 -DCMAKE_INSTALL_PREFIX=/home/ws/ugv_ws/install/opentera_webrtc_ros
[6.143s] Level 1:colcon.colcon_core.environment:create_environment_scripts_only(opentera_webrtc_ros)
[6.153s] Level 1:colcon.colcon_core.environment:checking '/home/ws/ugv_ws/install/opentera_webrtc_ros' for CMake module files
[6.154s] Level 1:colcon.colcon_core.environment:checking '/home/ws/ugv_ws/install/opentera_webrtc_ros' for CMake config files
[6.155s] Level 1:colcon.colcon_core.environment:checking '/home/ws/ugv_ws/install/opentera_webrtc_ros/bin'
[6.156s] Level 1:colcon.colcon_core.environment:checking '/home/ws/ugv_ws/install/opentera_webrtc_ros/lib/pkgconfig/opentera_webrtc_ros.pc'
[6.162s] Level 1:colcon.colcon_core.environment:checking '/home/ws/ugv_ws/install/opentera_webrtc_ros/lib/python3.10/site-packages'
[6.163s] Level 1:colcon.colcon_core.environment:checking '/home/ws/ugv_ws/install/opentera_webrtc_ros/bin'
[6.164s] INFO:colcon.colcon_core.shell:Creating package script '/home/ws/ugv_ws/install/opentera_webrtc_ros/share/opentera_webrtc_ros/package.ps1'
[6.167s] INFO:colcon.colcon_core.shell:Creating package descriptor '/home/ws/ugv_ws/install/opentera_webrtc_ros/share/opentera_webrtc_ros/package.dsv'
[6.168s] INFO:colcon.colcon_core.shell:Creating package script '/home/ws/ugv_ws/install/opentera_webrtc_ros/share/opentera_webrtc_ros/package.sh'
[6.171s] INFO:colcon.colcon_core.shell:Creating package script '/home/ws/ugv_ws/install/opentera_webrtc_ros/share/opentera_webrtc_ros/package.bash'
[6.175s] INFO:colcon.colcon_core.shell:Creating package script '/home/ws/ugv_ws/install/opentera_webrtc_ros/share/opentera_webrtc_ros/package.zsh'
[6.179s] Level 1:colcon.colcon_core.environment:create_file_with_runtime_dependencies(/home/ws/ugv_ws/install/opentera_webrtc_ros/share/colcon-core/packages/opentera_webrtc_ros)
[6.193s] DEBUG:colcon.colcon_parallel_executor.executor.parallel:closing loop
[6.194s] DEBUG:colcon.colcon_parallel_executor.executor.parallel:loop closed
[6.195s] DEBUG:colcon.colcon_parallel_executor.executor.parallel:run_until_complete finished with '1'
[6.195s] DEBUG:colcon.colcon_core.event_reactor:joining thread
[6.217s] INFO:colcon.colcon_core.plugin_system:Skipping extension 'colcon_notification.desktop_notification.terminal_notifier': Not used on non-Darwin systems
[6.217s] INFO:colcon.colcon_core.plugin_system:Skipping extension 'colcon_notification.desktop_notification.win32': Not used on non-Windows systems
[6.217s] INFO:colcon.colcon_notification.desktop_notification:Sending desktop notification using 'notify2'
[6.224s] DEBUG:colcon.colcon_notification.desktop_notification.notify2:Failed to initialize notify2: org.freedesktop.DBus.Error.Spawn.ExecFailed: /usr/bin/dbus-launch terminated abnormally without any error message
[6.224s] DEBUG:colcon.colcon_core.event_reactor:joined thread
[6.226s] INFO:colcon.colcon_core.shell:Creating prefix script '/home/ws/ugv_ws/install/local_setup.ps1'
[6.229s] INFO:colcon.colcon_core.shell:Creating prefix util module '/home/ws/ugv_ws/install/_local_setup_util_ps1.py'
[6.234s] INFO:colcon.colcon_core.shell:Creating prefix chain script '/home/ws/ugv_ws/install/setup.ps1'
[6.245s] INFO:colcon.colcon_core.shell:Creating prefix script '/home/ws/ugv_ws/install/local_setup.sh'
[6.249s] INFO:colcon.colcon_core.shell:Creating prefix util module '/home/ws/ugv_ws/install/_local_setup_util_sh.py'
[6.253s] INFO:colcon.colcon_core.shell:Creating prefix chain script '/home/ws/ugv_ws/install/setup.sh'
[6.264s] INFO:colcon.colcon_core.shell:Creating prefix script '/home/ws/ugv_ws/install/local_setup.bash'
[6.268s] INFO:colcon.colcon_core.shell:Creating prefix chain script '/home/ws/ugv_ws/install/setup.bash'
[6.279s] INFO:colcon.colcon_core.shell:Creating prefix script '/home/ws/ugv_ws/install/local_setup.zsh'
[6.281s] INFO:colcon.colcon_core.shell:Creating prefix chain script '/home/ws/ugv_ws/install/setup.zsh'
