[0.000000] (-) TimerEvent: {}
[0.001623] (-) JobUnselected: {'identifier': 'apriltag'}
[0.002156] (-) JobUnselected: {'identifier': 'apriltag_msgs'}
[0.002652] (-) JobUnselected: {'identifier': 'apriltag_ros'}
[0.002813] (-) JobUnselected: {'identifier': 'audio_utils'}
[0.002935] (-) JobUnselected: {'identifier': 'audio_utils_msgs'}
[0.003053] (-) JobUnselected: {'identifier': 'cartographer'}
[0.003166] (-) JobUnselected: {'identifier': 'costmap_converter'}
[0.003276] (-) JobUnselected: {'identifier': 'costmap_converter_msgs'}
[0.003387] (-) JobUnselected: {'identifier': 'cv_camera'}
[0.003495] (-) JobUnselected: {'identifier': 'emcl2'}
[0.003604] (-) JobUnselected: {'identifier': 'explore_lite'}
[0.003711] (-) JobUnselected: {'identifier': 'face_cropping'}
[0.003816] (-) JobUnselected: {'identifier': 'ldlidar'}
[0.003880] (-) JobUnselected: {'identifier': 'map_image_generator'}
[0.004029] (-) JobUnselected: {'identifier': 'odas_ros'}
[0.004149] (-) JobUnselected: {'identifier': 'odas_ros_msgs'}
[0.004263] (-) JobUnselected: {'identifier': 'openslam_gmapping'}
[0.004372] (-) JobUnselected: {'identifier': 'opentera_client_ros'}
[0.004481] (-) JobUnselected: {'identifier': 'opentera_protobuf_messages'}
[0.004592] (-) JobUnselected: {'identifier': 'opentera_webrtc_robot_gui'}
[0.004698] (-) JobUnselected: {'identifier': 'opentera_webrtc_ros'}
[0.004803] (-) JobUnselected: {'identifier': 'opentera_webrtc_ros_msgs'}
[0.004906] (-) JobUnselected: {'identifier': 'rf2o_laser_odometry'}
[0.005135] (-) JobUnselected: {'identifier': 'robot_pose_publisher'}
[0.005245] (-) JobUnselected: {'identifier': 'slam_gmapping'}
[0.005350] (-) JobUnselected: {'identifier': 'teb_local_planner'}
[0.005458] (-) JobUnselected: {'identifier': 'teb_msgs'}
[0.005567] (-) JobUnselected: {'identifier': 'turtlebot3_beam_description'}
[0.005673] (-) JobUnselected: {'identifier': 'ugv_base_node'}
[0.005778] (-) JobUnselected: {'identifier': 'ugv_bringup'}
[0.005882] (-) JobUnselected: {'identifier': 'ugv_chat_ai'}
[0.005991] (-) JobUnselected: {'identifier': 'ugv_description'}
[0.006100] (-) JobUnselected: {'identifier': 'ugv_gazebo'}
[0.006206] (-) JobUnselected: {'identifier': 'ugv_interface'}
[0.006312] (-) JobUnselected: {'identifier': 'ugv_nav'}
[0.006419] (-) JobUnselected: {'identifier': 'ugv_slam'}
[0.006509] (-) JobUnselected: {'identifier': 'ugv_tools'}
[0.006612] (-) JobUnselected: {'identifier': 'ugv_vision'}
[0.006715] (-) JobUnselected: {'identifier': 'ugv_web_app'}
[0.006946] (-) JobUnselected: {'identifier': 'vizanti'}
[0.007062] (-) JobUnselected: {'identifier': 'vizanti_cpp'}
[0.007131] (-) JobUnselected: {'identifier': 'vizanti_demos'}
[0.007234] (-) JobUnselected: {'identifier': 'vizanti_msgs'}
[0.007301] (-) JobUnselected: {'identifier': 'vizanti_server'}
[0.007390] (opentera_webrtc_demos) JobQueued: {'identifier': 'opentera_webrtc_demos', 'dependencies': OrderedDict([('audio_utils_msgs', '/home/ws/ugv_ws/install/audio_utils_msgs'), ('cv_camera', '/home/ws/ugv_ws/install/cv_camera'), ('odas_ros_msgs', '/home/ws/ugv_ws/install/odas_ros_msgs'), ('opentera_protobuf_messages', '/home/ws/ugv_ws/install/opentera_protobuf_messages'), ('opentera_webrtc_ros_msgs', '/home/ws/ugv_ws/install/opentera_webrtc_ros_msgs'), ('map_image_generator', '/home/ws/ugv_ws/install/map_image_generator'), ('opentera_client_ros', '/home/ws/ugv_ws/install/opentera_client_ros'), ('opentera_webrtc_ros', '/home/ws/ugv_ws/install/opentera_webrtc_ros')])}
[0.007671] (opentera_webrtc_demos) JobStarted: {'identifier': 'opentera_webrtc_demos'}
[0.098529] (-) TimerEvent: {}
[0.100624] (opentera_webrtc_demos) JobProgress: {'identifier': 'opentera_webrtc_demos', 'progress': 'cmake'}
[0.102547] (opentera_webrtc_demos) JobProgress: {'identifier': 'opentera_webrtc_demos', 'progress': 'build'}
[0.104653] (opentera_webrtc_demos) Command: {'cmd': ['/usr/bin/cmake', '--build', '/home/ws/ugv_ws/build/opentera_webrtc_demos', '--', '-j4', '-l4'], 'cwd': '/home/ws/ugv_ws/build/opentera_webrtc_demos', 'env': OrderedDict([('USER', 'root'), ('SSH_CLIENT', '192.168.9.183 57519 23'), ('LDLIDAR_MODEL', 'ld19'), ('SHLVL', '1'), ('LD_LIBRARY_PATH', '/home/ws/ugv_ws/install/opentera_webrtc_ros/lib:/home/ws/ugv_ws/install/opentera_webrtc_ros_msgs/lib:/home/ws/ugv_ws/install/odas_ros_msgs/lib:/home/ws/ugv_ws/install/audio_utils_msgs/lib:/home/ws/ugv_ws/install/vizanti_msgs/lib:/home/ws/ugv_ws/install/ugv_interface/lib:/home/ws/ugv_ws/install/teb_local_planner/lib:/home/ws/ugv_ws/install/teb_msgs/lib:/home/ws/ugv_ws/install/openslam_gmapping/lib:/home/ws/ugv_ws/install/odas_ros/lib:/home/ws/ugv_ws/install/costmap_converter/lib:/home/ws/ugv_ws/install/costmap_converter_msgs/lib:/home/ws/ugv_ws/install/audio_utils/lib:/home/ws/ugv_ws/install/apriltag_ros/lib:/home/ws/ugv_ws/install/apriltag_msgs/lib:/home/ws/ugv_ws/install/apriltag/lib:/home/ws/ugv_roarm_ws/install/ugv_roarm_moveit_servo/lib:/home/ws/ugv_roarm_ws/install/ugv_roarm_moveit_mtc_demo/lib:/home/ws/ugv_roarm_ws/install/ugv_roarm_moveit_ikfast_plugins/lib:/home/ws/roarm_ws/install/roarm_moveit_mtc_demo/lib:/home/ws/roarm_ws/install/moveit_task_constructor_visualization/lib:/home/ws/roarm_ws/install/moveit_task_constructor_capabilities/lib:/home/ws/roarm_ws/install/moveit_task_constructor_core/lib:/home/ws/roarm_ws/install/rviz_marker_tools/lib:/home/ws/roarm_ws/install/moveit_servo/lib:/home/ws/roarm_ws/install/roarm_msgs/lib:/home/ws/roarm_ws/install/roarm_moveit_servo/lib:/home/ws/roarm_ws/install/roarm_moveit_ikfast_plugins/lib:/home/ws/roarm_ws/install/moveit_task_constructor_msgs/lib:/opt/ros/humble/opt/rviz_ogre_vendor/lib:/opt/ros/humble/lib/aarch64-linux-gnu:/opt/ros/humble/lib'), ('MOTD_SHOWN', 'pam'), ('HOME', '/root'), ('OLDPWD', '/root'), ('SSH_TTY', '/dev/pts/7'), ('ROS_PYTHON_VERSION', '3'), ('LC_CTYPE', 'C.UTF-8'), ('COLCON_PREFIX_PATH', '/home/ws/ugv_roarm_ws/install:/home/ws/roarm_ws/install:/home/ws/ugv_ws/install'), ('ROS_DISTRO', 'humble'), ('LOGNAME', 'root'), ('ROARM_MODEL', 'roarm_m3'), ('PULSE_SERVER', 'unix:/run/user/1000/pulse/native'), ('_', '/usr/bin/colcon'), ('ROS_VERSION', '2'), ('PKG_CONFIG_PATH', '/home/ws/ugv_ws/install/apriltag/lib/aarch64-linux-gnu/pkgconfig:/home/ws/ugv_ws/install/apriltag/lib/pkgconfig'), ('TERM', 'xterm'), ('ROS_LOCALHOST_ONLY', '0'), ('PATH', '/home/ws/ugv_ws/install/opentera_webrtc_ros/bin:/home/ws/ugv_ws/install/costmap_converter/bin:/home/ws/ugv_ws/install/apriltag_ros/bin:/home/ws/ugv_ws/install/apriltag/bin:/opt/ros/humble/bin:/usr/local/sbin:/usr/local/bin:/usr/sbin:/usr/bin:/sbin:/bin:/usr/games:/usr/local/games:/snap/bin'), ('XDG_RUNTIME_DIR', '/run/user/1000'), ('DISPLAY', 'localhost:11.0'), ('LS_COLORS', 'rs=0:di=01;34:ln=01;36:mh=00:pi=40;33:so=01;35:do=01;35:bd=40;33;01:cd=40;33;01:or=40;31;01:mi=00:su=37;41:sg=30;43:ca=30;41:tw=30;42:ow=34;42:st=37;44:ex=01;32:*.tar=01;31:*.tgz=01;31:*.arc=01;31:*.arj=01;31:*.taz=01;31:*.lha=01;31:*.lz4=01;31:*.lzh=01;31:*.lzma=01;31:*.tlz=01;31:*.txz=01;31:*.tzo=01;31:*.t7z=01;31:*.zip=01;31:*.z=01;31:*.dz=01;31:*.gz=01;31:*.lrz=01;31:*.lz=01;31:*.lzo=01;31:*.xz=01;31:*.zst=01;31:*.tzst=01;31:*.bz2=01;31:*.bz=01;31:*.tbz=01;31:*.tbz2=01;31:*.tz=01;31:*.deb=01;31:*.rpm=01;31:*.jar=01;31:*.war=01;31:*.ear=01;31:*.sar=01;31:*.rar=01;31:*.alz=01;31:*.ace=01;31:*.zoo=01;31:*.cpio=01;31:*.7z=01;31:*.rz=01;31:*.cab=01;31:*.wim=01;31:*.swm=01;31:*.dwm=01;31:*.esd=01;31:*.jpg=01;35:*.jpeg=01;35:*.mjpg=01;35:*.mjpeg=01;35:*.gif=01;35:*.bmp=01;35:*.pbm=01;35:*.pgm=01;35:*.ppm=01;35:*.tga=01;35:*.xbm=01;35:*.xpm=01;35:*.tif=01;35:*.tiff=01;35:*.png=01;35:*.svg=01;35:*.svgz=01;35:*.mng=01;35:*.pcx=01;35:*.mov=01;35:*.mpg=01;35:*.mpeg=01;35:*.m2v=01;35:*.mkv=01;35:*.webm=01;35:*.webp=01;35:*.ogm=01;35:*.mp4=01;35:*.m4v=01;35:*.mp4v=01;35:*.vob=01;35:*.qt=01;35:*.nuv=01;35:*.wmv=01;35:*.asf=01;35:*.rm=01;35:*.rmvb=01;35:*.flc=01;35:*.avi=01;35:*.fli=01;35:*.flv=01;35:*.gl=01;35:*.dl=01;35:*.xcf=01;35:*.xwd=01;35:*.yuv=01;35:*.cgm=01;35:*.emf=01;35:*.ogv=01;35:*.ogx=01;35:*.aac=00;36:*.au=00;36:*.flac=00;36:*.m4a=00;36:*.mid=00;36:*.midi=00;36:*.mka=00;36:*.mp3=00;36:*.mpc=00;36:*.ogg=00;36:*.ra=00;36:*.wav=00;36:*.oga=00;36:*.opus=00;36:*.spx=00;36:*.xspf=00;36:'), ('AMENT_PREFIX_PATH', '/home/ws/ugv_ws/install/vizanti:/home/ws/ugv_ws/install/vizanti_server:/home/ws/ugv_ws/install/vizanti_demos:/home/ws/ugv_ws/install/vizanti_msgs:/home/ws/ugv_ws/install/vizanti_cpp:/home/ws/ugv_ws/install/ugv_web_app:/home/ws/ugv_ws/install/ugv_vision:/home/ws/ugv_ws/install/ugv_tools:/home/ws/ugv_ws/install/ugv_slam:/home/ws/ugv_ws/install/ugv_nav:/home/ws/ugv_ws/install/ugv_interface:/home/ws/ugv_ws/install/ugv_gazebo:/home/ws/ugv_ws/install/ugv_description:/home/ws/ugv_ws/install/ugv_chat_ai:/home/ws/ugv_ws/install/ugv_bringup:/home/ws/ugv_ws/install/ugv_base_node:/home/ws/ugv_ws/install/teb_local_planner:/home/ws/ugv_ws/install/slam_gmapping:/home/ws/ugv_ws/install/robot_pose_publisher:/home/ws/ugv_ws/install/rf2o_laser_odometry:/home/ws/ugv_ws/install/opentera_webrtc_ros:/home/ws/ugv_ws/install/opentera_client_ros:/home/ws/ugv_ws/install/map_image_generator:/home/ws/ugv_ws/install/face_cropping:/home/ws/ugv_ws/install/opentera_webrtc_ros_msgs:/home/ws/ugv_ws/install/opentera_protobuf_messages:/home/ws/ugv_ws/install/openslam_gmapping:/home/ws/ugv_ws/install/odas_ros:/home/ws/ugv_ws/install/odas_ros_msgs:/home/ws/ugv_ws/install/ldlidar:/home/ws/ugv_ws/install/explore_lite:/home/ws/ugv_ws/install/emcl2:/home/ws/ugv_ws/install/cv_camera:/home/ws/ugv_ws/install/costmap_converter:/home/ws/ugv_ws/install/costmap_converter_msgs:/home/ws/ugv_ws/install/cartographer:/home/ws/ugv_ws/install/audio_utils:/home/ws/ugv_ws/install/audio_utils_msgs:/home/ws/ugv_ws/install/apriltag_ros:/home/ws/ugv_ws/install/apriltag_msgs:/home/ws/ugv_roarm_ws/install/ugv_roarm_moveit_servo:/home/ws/ugv_roarm_ws/install/ugv_roarm_moveit_mtc_demo:/home/ws/ugv_roarm_ws/install/ugv_roarm_moveit_ikfast_plugins:/home/ws/ugv_roarm_ws/install/ugv_roarm_moveit:/home/ws/ugv_roarm_ws/install/ugv_roarm_description:/home/ws/ugv_roarm_ws/install/ugv_roarm_bringup:/home/ws/roarm_ws/install/roarm_moveit_mtc_demo:/home/ws/roarm_ws/install/moveit_task_constructor_visualization:/home/ws/roarm_ws/install/moveit_task_constructor_capabilities:/home/ws/roarm_ws/install/moveit_task_constructor_core:/home/ws/roarm_ws/install/rviz_marker_tools:/home/ws/roarm_ws/install/roarm_moveit_cmd:/home/ws/roarm_ws/install/moveit_servo:/home/ws/roarm_ws/install/roarm_msgs:/home/ws/roarm_ws/install/roarm_moveit_servo:/home/ws/roarm_ws/install/roarm_moveit_ikfast_plugins:/home/ws/roarm_ws/install/roarm_moveit:/home/ws/roarm_ws/install/roarm_driver:/home/ws/roarm_ws/install/roarm_description:/home/ws/roarm_ws/install/moveit_task_constructor_msgs:/opt/ros/humble'), ('SHELL', '/bin/bash'), ('CMAKE_MODULE_PATH', '/home/ws/roarm_ws/install/moveit_task_constructor_core/share/moveit_task_constructor_core/cmake'), ('PWD', '/home/ws/ugv_ws/build/opentera_webrtc_demos'), ('SSH_CONNECTION', '192.168.9.183 57519 192.168.9.212 23'), ('PYTHONPATH', '/home/ws/ugv_ws/install/vizanti_msgs/local/lib/python3.10/dist-packages:/home/ws/ugv_ws/build/ugv_web_app:/home/ws/ugv_ws/install/ugv_web_app/lib/python3.10/site-packages:/home/ws/ugv_ws/build/ugv_vision:/home/ws/ugv_ws/install/ugv_vision/lib/python3.10/site-packages:/home/ws/ugv_ws/build/ugv_tools:/home/ws/ugv_ws/install/ugv_tools/lib/python3.10/site-packages:/home/ws/ugv_ws/install/ugv_interface/local/lib/python3.10/dist-packages:/home/ws/ugv_ws/build/ugv_chat_ai:/home/ws/ugv_ws/install/ugv_chat_ai/lib/python3.10/site-packages:/home/ws/ugv_ws/build/ugv_bringup:/home/ws/ugv_ws/install/ugv_bringup/lib/python3.10/site-packages:/home/ws/ugv_ws/install/opentera_webrtc_ros/local/lib/python3.10/dist-packages:/home/ws/ugv_ws/install/opentera_webrtc_ros_msgs/local/lib/python3.10/dist-packages:/home/ws/ugv_ws/install/opentera_protobuf_messages/local/lib/python3.10/dist-packages:/home/ws/ugv_ws/install/odas_ros/local/lib/python3.10/dist-packages:/home/ws/ugv_ws/install/odas_ros_msgs/local/lib/python3.10/dist-packages:/home/ws/ugv_ws/install/costmap_converter_msgs/local/lib/python3.10/dist-packages:/home/ws/ugv_ws/install/audio_utils/local/lib/python3.10/dist-packages:/home/ws/ugv_ws/install/audio_utils_msgs/local/lib/python3.10/dist-packages:/home/ws/ugv_ws/install/apriltag_msgs/local/lib/python3.10/dist-packages:/home/ws/ugv_ws/install/apriltag/lib/python3.10/site-packages:/home/ws/ugv_roarm_ws/build/ugv_roarm_bringup:/home/ws/ugv_roarm_ws/install/ugv_roarm_bringup/lib/python3.10/site-packages:/home/ws/roarm_ws/install/moveit_task_constructor_core/local/lib/python3.10/dist-packages:/home/ws/roarm_ws/install/roarm_msgs/local/lib/python3.10/dist-packages:/home/ws/roarm_ws/build/roarm_driver:/home/ws/roarm_ws/install/roarm_driver/lib/python3.10/site-packages:/home/ws/roarm_ws/install/moveit_task_constructor_msgs/local/lib/python3.10/dist-packages:/opt/ros/humble/lib/python3.10/site-packages:/opt/ros/humble/local/lib/python3.10/dist-packages'), ('COLCON', '1'), ('CMAKE_PREFIX_PATH', '/home/ws/ugv_ws/install/opentera_webrtc_ros:/home/ws/ugv_ws/install/opentera_client_ros:/home/ws/ugv_ws/install/map_image_generator:/home/ws/ugv_ws/install/opentera_webrtc_ros_msgs:/home/ws/ugv_ws/install/opentera_protobuf_messages:/home/ws/ugv_ws/install/odas_ros_msgs:/home/ws/ugv_ws/install/cv_camera:/home/ws/ugv_ws/install/audio_utils_msgs:/home/ws/ugv_ws/install/vizanti:/home/ws/ugv_ws/install/vizanti_server:/home/ws/ugv_ws/install/vizanti_demos:/home/ws/ugv_ws/install/vizanti_msgs:/home/ws/ugv_ws/install/vizanti_cpp:/home/ws/ugv_ws/install/ugv_slam:/home/ws/ugv_ws/install/ugv_nav:/home/ws/ugv_ws/install/ugv_interface:/home/ws/ugv_ws/install/ugv_gazebo:/home/ws/ugv_ws/install/ugv_description:/home/ws/ugv_ws/install/ugv_base_node:/home/ws/ugv_ws/install/teb_local_planner:/home/ws/ugv_ws/install/teb_msgs:/home/ws/ugv_ws/install/slam_gmapping:/home/ws/ugv_ws/install/rf2o_laser_odometry:/home/ws/ugv_ws/install/face_cropping:/home/ws/ugv_ws/install/openslam_gmapping:/home/ws/ugv_ws/install/odas_ros:/home/ws/ugv_ws/install/ldlidar:/home/ws/ugv_ws/install/explore_lite:/home/ws/ugv_ws/install/emcl2:/home/ws/ugv_ws/install/costmap_converter:/home/ws/ugv_ws/install/costmap_converter_msgs:/home/ws/ugv_ws/install/cartographer:/home/ws/ugv_ws/install/audio_utils:/home/ws/ugv_ws/install/apriltag_ros:/home/ws/ugv_ws/install/apriltag_msgs:/home/ws/ugv_ws/install/apriltag:/home/ws/ugv_roarm_ws/install/ugv_roarm_moveit_servo:/home/ws/ugv_roarm_ws/install/ugv_roarm_moveit_mtc_demo:/home/ws/ugv_roarm_ws/install/ugv_roarm_moveit_ikfast_plugins:/home/ws/ugv_roarm_ws/install/ugv_roarm_moveit:/home/ws/ugv_roarm_ws/install/ugv_roarm_description:/home/ws/roarm_ws/install/roarm_moveit_mtc_demo:/home/ws/roarm_ws/install/moveit_task_constructor_visualization:/home/ws/roarm_ws/install/moveit_task_constructor_capabilities:/home/ws/roarm_ws/install/moveit_task_constructor_core:/home/ws/roarm_ws/install/rviz_marker_tools:/home/ws/roarm_ws/install/roarm_moveit_cmd:/home/ws/roarm_ws/install/moveit_servo:/home/ws/roarm_ws/install/roarm_msgs:/home/ws/roarm_ws/install/roarm_moveit_servo:/home/ws/roarm_ws/install/roarm_moveit_ikfast_plugins:/home/ws/roarm_ws/install/roarm_moveit:/home/ws/roarm_ws/install/roarm_description:/home/ws/roarm_ws/install/moveit_task_constructor_msgs:/home/ws/ugv_ws/install/ugv_web_app:/home/ws/ugv_ws/install/ugv_vision:/home/ws/ugv_ws/install/ugv_tools:/home/ws/ugv_ws/install/ugv_chat_ai:/home/ws/ugv_ws/install/ugv_bringup:/home/ws/ugv_ws/install/robot_pose_publisher:/home/ws/ugv_roarm_ws/install/ugv_roarm_bringup:/home/ws/roarm_ws/install/roarm_driver:/opt/ros/humble'), ('UGV_MODEL', 'ugv_rover')]), 'shell': False}
[0.200109] (-) TimerEvent: {}
[0.276104] (opentera_webrtc_demos) StdoutLine: {'line': b'[ 33%] \x1b[34m\x1b[1mGenerating node_modules.stamp\x1b[0m\n'}
[0.300264] (-) TimerEvent: {}
[0.400929] (-) TimerEvent: {}
[0.501791] (-) TimerEvent: {}
[0.602455] (-) TimerEvent: {}
[0.703263] (-) TimerEvent: {}
[0.804042] (-) TimerEvent: {}
[0.904714] (-) TimerEvent: {}
[1.005374] (-) TimerEvent: {}
[1.106037] (-) TimerEvent: {}
[1.206748] (-) TimerEvent: {}
[1.307484] (-) TimerEvent: {}
[1.408230] (-) TimerEvent: {}
[1.508937] (-) TimerEvent: {}
[1.609702] (-) TimerEvent: {}
[1.710426] (-) TimerEvent: {}
[1.811202] (-) TimerEvent: {}
[1.916421] (-) TimerEvent: {}
[2.017234] (-) TimerEvent: {}
[2.118021] (-) TimerEvent: {}
[2.218757] (-) TimerEvent: {}
[2.319460] (-) TimerEvent: {}
[2.420232] (-) TimerEvent: {}
[2.521217] (-) TimerEvent: {}
[2.628112] (-) TimerEvent: {}
[2.811240] (-) TimerEvent: {}
[2.912324] (-) TimerEvent: {}
[3.013346] (-) TimerEvent: {}
[3.114258] (-) TimerEvent: {}
[3.215178] (-) TimerEvent: {}
[3.316207] (-) TimerEvent: {}
[3.417431] (-) TimerEvent: {}
[3.518156] (-) TimerEvent: {}
[3.619189] (-) TimerEvent: {}
[3.720267] (-) TimerEvent: {}
[3.821006] (-) TimerEvent: {}
[3.926378] (-) TimerEvent: {}
[4.027487] (-) TimerEvent: {}
[4.128267] (-) TimerEvent: {}
[4.229325] (-) TimerEvent: {}
[4.330161] (-) TimerEvent: {}
[4.432401] (-) TimerEvent: {}
[4.537053] (-) TimerEvent: {}
[4.638562] (-) TimerEvent: {}
[4.739307] (-) TimerEvent: {}
[4.841096] (-) TimerEvent: {}
[4.942162] (-) TimerEvent: {}
[5.044104] (-) TimerEvent: {}
[5.145156] (-) TimerEvent: {}
[5.246782] (-) TimerEvent: {}
[5.347593] (-) TimerEvent: {}
[5.448689] (-) TimerEvent: {}
[5.551137] (-) TimerEvent: {}
[5.652893] (-) TimerEvent: {}
[5.755957] (-) TimerEvent: {}
[5.856898] (-) TimerEvent: {}
[5.957479] (-) TimerEvent: {}
[6.058550] (-) TimerEvent: {}
[6.159388] (-) TimerEvent: {}
[6.260282] (-) TimerEvent: {}
[6.360867] (-) TimerEvent: {}
[6.461490] (-) TimerEvent: {}
[6.562726] (-) TimerEvent: {}
[6.663444] (-) TimerEvent: {}
[6.764081] (-) TimerEvent: {}
[6.864722] (-) TimerEvent: {}
[6.965583] (-) TimerEvent: {}
[7.066194] (-) TimerEvent: {}
[7.167019] (-) TimerEvent: {}
[7.267631] (-) TimerEvent: {}
[7.368500] (-) TimerEvent: {}
[7.469117] (-) TimerEvent: {}
[7.569955] (-) TimerEvent: {}
[7.670573] (-) TimerEvent: {}
[7.771434] (-) TimerEvent: {}
[7.872049] (-) TimerEvent: {}
[7.972670] (-) TimerEvent: {}
[8.073290] (-) TimerEvent: {}
[8.173907] (-) TimerEvent: {}
[8.274510] (-) TimerEvent: {}
[8.375089] (-) TimerEvent: {}
[8.475672] (-) TimerEvent: {}
[8.576279] (-) TimerEvent: {}
[8.676877] (-) TimerEvent: {}
[8.777505] (-) TimerEvent: {}
[8.878079] (-) TimerEvent: {}
[8.978959] (-) TimerEvent: {}
[9.079520] (-) TimerEvent: {}
[9.180088] (-) TimerEvent: {}
[9.280665] (-) TimerEvent: {}
[9.381233] (-) TimerEvent: {}
[9.482100] (-) TimerEvent: {}
[9.582699] (-) TimerEvent: {}
[9.683398] (-) TimerEvent: {}
[9.784296] (-) TimerEvent: {}
[9.884916] (-) TimerEvent: {}
[9.985851] (-) TimerEvent: {}
[10.088085] (-) TimerEvent: {}
[10.188722] (-) TimerEvent: {}
[10.289347] (-) TimerEvent: {}
[10.390115] (-) TimerEvent: {}
[10.491260] (-) TimerEvent: {}
[10.592341] (-) TimerEvent: {}
[10.693102] (-) TimerEvent: {}
[10.793879] (-) TimerEvent: {}
[10.894577] (-) TimerEvent: {}
[10.995190] (-) TimerEvent: {}
[11.095779] (-) TimerEvent: {}
[11.196393] (-) TimerEvent: {}
[11.296977] (-) TimerEvent: {}
[11.397563] (-) TimerEvent: {}
[11.498144] (-) TimerEvent: {}
[11.598726] (-) TimerEvent: {}
[11.699314] (-) TimerEvent: {}
[11.799972] (-) TimerEvent: {}
[11.900641] (-) TimerEvent: {}
[12.001371] (-) TimerEvent: {}
[12.108109] (-) TimerEvent: {}
[12.208799] (-) TimerEvent: {}
[12.309427] (-) TimerEvent: {}
[12.410080] (-) TimerEvent: {}
[12.510799] (-) TimerEvent: {}
[12.614944] (-) TimerEvent: {}
[12.716014] (-) TimerEvent: {}
[12.891487] (-) TimerEvent: {}
[12.992104] (-) TimerEvent: {}
[13.093005] (-) TimerEvent: {}
[13.193725] (-) TimerEvent: {}
[13.294808] (-) TimerEvent: {}
[13.395490] (-) TimerEvent: {}
[13.496369] (-) TimerEvent: {}
[13.596999] (-) TimerEvent: {}
[13.697686] (-) TimerEvent: {}
[13.798369] (-) TimerEvent: {}
[13.898949] (-) TimerEvent: {}
[13.999522] (-) TimerEvent: {}
[14.100114] (-) TimerEvent: {}
[14.200688] (-) TimerEvent: {}
[14.301252] (-) TimerEvent: {}
[14.401830] (-) TimerEvent: {}
[14.502416] (-) TimerEvent: {}
[14.603054] (-) TimerEvent: {}
[14.703622] (-) TimerEvent: {}
[14.804266] (-) TimerEvent: {}
[14.904898] (-) TimerEvent: {}
[15.005472] (-) TimerEvent: {}
[15.108205] (-) TimerEvent: {}
[15.209337] (-) TimerEvent: {}
[15.310266] (-) TimerEvent: {}
[15.411189] (-) TimerEvent: {}
[15.512155] (-) TimerEvent: {}
[15.612846] (-) TimerEvent: {}
[15.714223] (-) TimerEvent: {}
[15.815082] (-) TimerEvent: {}
[15.916505] (-) TimerEvent: {}
[16.017420] (-) TimerEvent: {}
[16.118335] (-) TimerEvent: {}
[16.219367] (-) TimerEvent: {}
[16.321028] (-) TimerEvent: {}
[16.421859] (-) TimerEvent: {}
[16.522923] (-) TimerEvent: {}
[16.623688] (-) TimerEvent: {}
[16.724702] (-) TimerEvent: {}
[16.825610] (-) TimerEvent: {}
[16.926470] (-) TimerEvent: {}
[17.027305] (-) TimerEvent: {}
[17.127874] (-) TimerEvent: {}
[17.228465] (-) TimerEvent: {}
[17.329032] (-) TimerEvent: {}
[17.429605] (-) TimerEvent: {}
[17.530175] (-) TimerEvent: {}
[17.630753] (-) TimerEvent: {}
[17.731512] (-) TimerEvent: {}
[17.832577] (-) TimerEvent: {}
[17.933165] (-) TimerEvent: {}
[18.034013] (-) TimerEvent: {}
[18.134905] (-) TimerEvent: {}
[18.235861] (-) TimerEvent: {}
[18.336754] (-) TimerEvent: {}
[18.437422] (-) TimerEvent: {}
[18.538059] (-) TimerEvent: {}
[18.638711] (-) TimerEvent: {}
[18.739374] (-) TimerEvent: {}
[18.841385] (-) TimerEvent: {}
[18.942722] (-) TimerEvent: {}
[19.044014] (-) TimerEvent: {}
[19.144648] (-) TimerEvent: {}
[19.245917] (-) TimerEvent: {}
[19.346925] (-) TimerEvent: {}
[19.451354] (-) TimerEvent: {}
[19.552348] (-) TimerEvent: {}
[19.654631] (-) TimerEvent: {}
[19.755568] (-) TimerEvent: {}
[19.856609] (-) TimerEvent: {}
[19.957775] (-) TimerEvent: {}
[20.060127] (-) TimerEvent: {}
[20.160837] (-) TimerEvent: {}
[20.261526] (-) TimerEvent: {}
[20.362218] (-) TimerEvent: {}
[20.462925] (-) TimerEvent: {}
[20.564214] (-) TimerEvent: {}
[20.665278] (-) TimerEvent: {}
[20.767134] (-) TimerEvent: {}
[20.868268] (-) TimerEvent: {}
[20.969172] (-) TimerEvent: {}
[21.070227] (-) TimerEvent: {}
[21.171222] (-) TimerEvent: {}
[21.272061] (-) TimerEvent: {}
[21.372912] (-) TimerEvent: {}
[21.473809] (-) TimerEvent: {}
[21.574670] (-) TimerEvent: {}
[21.675563] (-) TimerEvent: {}
[21.776684] (-) TimerEvent: {}
[21.877444] (-) TimerEvent: {}
[21.978105] (-) TimerEvent: {}
[22.078843] (-) TimerEvent: {}
[22.179705] (-) TimerEvent: {}
[22.280807] (-) TimerEvent: {}
[22.381665] (-) TimerEvent: {}
[22.482331] (-) TimerEvent: {}
[22.583281] (-) TimerEvent: {}
[22.684090] (-) TimerEvent: {}
[22.785531] (-) TimerEvent: {}
[22.886790] (-) TimerEvent: {}
[22.988197] (-) TimerEvent: {}
[23.089205] (-) TimerEvent: {}
[23.190058] (-) TimerEvent: {}
[23.291046] (-) TimerEvent: {}
[23.391713] (-) TimerEvent: {}
[23.496132] (-) TimerEvent: {}
[23.597650] (-) TimerEvent: {}
[23.701642] (-) TimerEvent: {}
[23.804118] (-) TimerEvent: {}
[23.905600] (-) TimerEvent: {}
[24.006775] (-) TimerEvent: {}
[24.109624] (-) TimerEvent: {}
[24.210796] (-) TimerEvent: {}
[24.311539] (-) TimerEvent: {}
[24.412377] (-) TimerEvent: {}
[24.513123] (-) TimerEvent: {}
[24.613859] (-) TimerEvent: {}
[24.714576] (-) TimerEvent: {}
[24.815206] (-) TimerEvent: {}
[24.916728] (-) TimerEvent: {}
[25.019021] (-) TimerEvent: {}
[25.119938] (-) TimerEvent: {}
[25.220511] (-) TimerEvent: {}
[25.321391] (-) TimerEvent: {}
[25.421971] (-) TimerEvent: {}
[25.522549] (-) TimerEvent: {}
[25.625288] (-) TimerEvent: {}
[25.726127] (-) TimerEvent: {}
[25.831435] (-) TimerEvent: {}
[25.932636] (-) TimerEvent: {}
[26.033751] (-) TimerEvent: {}
[26.134693] (-) TimerEvent: {}
[26.235798] (-) TimerEvent: {}
[26.336453] (-) TimerEvent: {}
[26.437325] (-) TimerEvent: {}
[26.538036] (-) TimerEvent: {}
[26.638994] (-) TimerEvent: {}
[26.744115] (-) TimerEvent: {}
[26.844868] (-) TimerEvent: {}
[26.945605] (-) TimerEvent: {}
[27.046574] (-) TimerEvent: {}
[27.147222] (-) TimerEvent: {}
[27.248349] (-) TimerEvent: {}
[27.349054] (-) TimerEvent: {}
[27.449913] (-) TimerEvent: {}
[27.550530] (-) TimerEvent: {}
[27.651128] (-) TimerEvent: {}
[27.752008] (-) TimerEvent: {}
[27.852658] (-) TimerEvent: {}
[27.953667] (-) TimerEvent: {}
[28.122126] (-) TimerEvent: {}
[28.228107] (-) TimerEvent: {}
[28.329117] (-) TimerEvent: {}
[28.430523] (-) TimerEvent: {}
[28.531995] (-) TimerEvent: {}
[28.633396] (-) TimerEvent: {}
[28.734042] (-) TimerEvent: {}
[28.835298] (-) TimerEvent: {}
[28.936420] (-) TimerEvent: {}
[29.037366] (-) TimerEvent: {}
[29.138027] (-) TimerEvent: {}
[29.241534] (-) TimerEvent: {}
[29.346204] (-) TimerEvent: {}
[29.447781] (-) TimerEvent: {}
[29.549194] (-) TimerEvent: {}
[29.650545] (-) TimerEvent: {}
[29.751294] (-) TimerEvent: {}
[29.852016] (-) TimerEvent: {}
[29.952621] (-) TimerEvent: {}
[30.053565] (-) TimerEvent: {}
[30.154361] (-) TimerEvent: {}
[30.255305] (-) TimerEvent: {}
[30.355967] (-) TimerEvent: {}
[30.456642] (-) TimerEvent: {}
[30.560441] (-) TimerEvent: {}
[30.661443] (-) TimerEvent: {}
[30.762292] (-) TimerEvent: {}
[30.863156] (-) TimerEvent: {}
[30.964070] (-) TimerEvent: {}
[31.064717] (-) TimerEvent: {}
[31.165710] (-) TimerEvent: {}
[31.266574] (-) TimerEvent: {}
[31.367441] (-) TimerEvent: {}
[31.468313] (-) TimerEvent: {}
[31.569178] (-) TimerEvent: {}
[31.670110] (-) TimerEvent: {}
[31.770957] (-) TimerEvent: {}
[31.871851] (-) TimerEvent: {}
[31.972541] (-) TimerEvent: {}
[32.073176] (-) TimerEvent: {}
[32.176121] (-) TimerEvent: {}
[32.276843] (-) TimerEvent: {}
[32.377646] (-) TimerEvent: {}
[32.478491] (-) TimerEvent: {}
[32.580323] (-) TimerEvent: {}
[32.681381] (-) TimerEvent: {}
[32.782863] (-) TimerEvent: {}
[32.883483] (-) TimerEvent: {}
[32.984307] (-) TimerEvent: {}
[33.192714] (-) TimerEvent: {}
[33.293698] (-) TimerEvent: {}
[33.394319] (-) TimerEvent: {}
[33.495226] (-) TimerEvent: {}
[33.596162] (-) TimerEvent: {}
[33.696783] (-) TimerEvent: {}
[33.797405] (-) TimerEvent: {}
[33.898514] (-) TimerEvent: {}
[33.999412] (-) TimerEvent: {}
[34.100419] (-) TimerEvent: {}
[34.202835] (-) TimerEvent: {}
[34.303527] (-) TimerEvent: {}
[34.404586] (-) TimerEvent: {}
[34.505221] (-) TimerEvent: {}
[34.605915] (-) TimerEvent: {}
[34.706709] (-) TimerEvent: {}
[34.807297] (-) TimerEvent: {}
[34.907881] (-) TimerEvent: {}
[35.008503] (-) TimerEvent: {}
[35.109097] (-) TimerEvent: {}
[35.209678] (-) TimerEvent: {}
[35.310261] (-) TimerEvent: {}
[35.410849] (-) TimerEvent: {}
[35.511521] (-) TimerEvent: {}
[35.616093] (-) TimerEvent: {}
[35.716847] (-) TimerEvent: {}
[35.817487] (-) TimerEvent: {}
[35.918289] (-) TimerEvent: {}
[36.019767] (-) TimerEvent: {}
[36.125830] (-) TimerEvent: {}
[36.226839] (-) TimerEvent: {}
[36.327660] (-) TimerEvent: {}
[36.428438] (-) TimerEvent: {}
[36.529347] (-) TimerEvent: {}
[36.629953] (-) TimerEvent: {}
[36.731038] (-) TimerEvent: {}
[36.832205] (-) TimerEvent: {}
[36.937137] (-) TimerEvent: {}
[37.037725] (-) TimerEvent: {}
[37.138363] (-) TimerEvent: {}
[37.238951] (-) TimerEvent: {}
[37.339540] (-) TimerEvent: {}
[37.440166] (-) TimerEvent: {}
[37.540768] (-) TimerEvent: {}
[37.641580] (-) TimerEvent: {}
[37.742343] (-) TimerEvent: {}
[37.843294] (-) TimerEvent: {}
[37.944432] (-) TimerEvent: {}
[38.045114] (-) TimerEvent: {}
[38.198100] (-) TimerEvent: {}
[38.299118] (-) TimerEvent: {}
[38.399821] (-) TimerEvent: {}
[38.500755] (-) TimerEvent: {}
[38.601493] (-) TimerEvent: {}
[38.702226] (-) TimerEvent: {}
[38.802897] (-) TimerEvent: {}
[38.903494] (-) TimerEvent: {}
[39.004271] (-) TimerEvent: {}
[39.104955] (-) TimerEvent: {}
[39.208100] (-) TimerEvent: {}
[39.308800] (-) TimerEvent: {}
[39.412113] (-) TimerEvent: {}
[39.513333] (-) TimerEvent: {}
[39.620211] (-) TimerEvent: {}
[39.721522] (-) TimerEvent: {}
[39.822804] (-) TimerEvent: {}
[39.924061] (-) TimerEvent: {}
[40.026388] (-) TimerEvent: {}
[40.127303] (-) TimerEvent: {}
[40.228699] (-) TimerEvent: {}
[40.329898] (-) TimerEvent: {}
[40.430924] (-) TimerEvent: {}
[40.531561] (-) TimerEvent: {}
[40.632268] (-) TimerEvent: {}
[40.732953] (-) TimerEvent: {}
[40.833580] (-) TimerEvent: {}
[40.934202] (-) TimerEvent: {}
[41.034876] (-) TimerEvent: {}
[41.139652] (-) TimerEvent: {}
[41.241564] (-) TimerEvent: {}
[41.343021] (-) TimerEvent: {}
[41.444330] (-) TimerEvent: {}
[41.544935] (-) TimerEvent: {}
[41.645605] (-) TimerEvent: {}
[41.746466] (-) TimerEvent: {}
[41.847162] (-) TimerEvent: {}
[41.948036] (-) TimerEvent: {}
[42.048681] (-) TimerEvent: {}
[42.150731] (-) TimerEvent: {}
[42.251724] (-) TimerEvent: {}
[42.352399] (-) TimerEvent: {}
[42.453153] (-) TimerEvent: {}
[42.553894] (-) TimerEvent: {}
[42.654547] (-) TimerEvent: {}
[42.755221] (-) TimerEvent: {}
[42.855878] (-) TimerEvent: {}
[42.956594] (-) TimerEvent: {}
[43.057747] (-) TimerEvent: {}
[43.520659] (-) TimerEvent: {}
[43.621661] (-) TimerEvent: {}
[43.722277] (-) TimerEvent: {}
[43.823297] (-) TimerEvent: {}
[43.924262] (-) TimerEvent: {}
[44.028052] (-) TimerEvent: {}
[44.128637] (-) TimerEvent: {}
[44.229580] (-) TimerEvent: {}
[44.330460] (-) TimerEvent: {}
[44.431107] (-) TimerEvent: {}
[44.532191] (-) TimerEvent: {}
[44.633042] (-) TimerEvent: {}
[44.734060] (-) TimerEvent: {}
[44.835162] (-) TimerEvent: {}
[44.935873] (-) TimerEvent: {}
[45.037167] (-) TimerEvent: {}
[45.137877] (-) TimerEvent: {}
[45.238575] (-) TimerEvent: {}
[45.339479] (-) TimerEvent: {}
[45.442389] (-) TimerEvent: {}
[45.543022] (-) TimerEvent: {}
[45.644070] (-) TimerEvent: {}
[45.745243] (-) TimerEvent: {}
[45.846245] (-) TimerEvent: {}
[45.947145] (-) TimerEvent: {}
[46.048198] (-) TimerEvent: {}
[46.149195] (-) TimerEvent: {}
[46.249935] (-) TimerEvent: {}
[46.350657] (-) TimerEvent: {}
[46.451285] (-) TimerEvent: {}
[46.551942] (-) TimerEvent: {}
[46.654526] (-) TimerEvent: {}
[46.755275] (-) TimerEvent: {}
[46.858636] (-) TimerEvent: {}
[46.959781] (-) TimerEvent: {}
[47.060402] (-) TimerEvent: {}
[47.161278] (-) TimerEvent: {}
[47.261928] (-) TimerEvent: {}
[47.362544] (-) TimerEvent: {}
[47.463398] (-) TimerEvent: {}
[47.564235] (-) TimerEvent: {}
[47.665138] (-) TimerEvent: {}
[47.765776] (-) TimerEvent: {}
[47.866415] (-) TimerEvent: {}
[47.967313] (-) TimerEvent: {}
[48.068185] (-) TimerEvent: {}
[48.169057] (-) TimerEvent: {}
[48.278184] (-) TimerEvent: {}
[48.379328] (-) TimerEvent: {}
[48.480217] (-) TimerEvent: {}
[48.580971] (-) TimerEvent: {}
[48.681988] (-) TimerEvent: {}
[48.782853] (-) TimerEvent: {}
[48.883945] (-) TimerEvent: {}
[48.984863] (-) TimerEvent: {}
[49.085482] (-) TimerEvent: {}
[49.186380] (-) TimerEvent: {}
[49.287041] (-) TimerEvent: {}
[49.388009] (-) TimerEvent: {}
[49.488809] (-) TimerEvent: {}
[49.589742] (-) TimerEvent: {}
[49.690727] (-) TimerEvent: {}
[49.791891] (-) TimerEvent: {}
[49.893223] (-) TimerEvent: {}
[49.993859] (-) TimerEvent: {}
[50.094543] (-) TimerEvent: {}
[50.195145] (-) TimerEvent: {}
[50.296098] (-) TimerEvent: {}
[50.396783] (-) TimerEvent: {}
[50.497383] (-) TimerEvent: {}
[50.597989] (-) TimerEvent: {}
[50.698609] (-) TimerEvent: {}
[50.799258] (-) TimerEvent: {}
[50.900154] (-) TimerEvent: {}
[51.001021] (-) TimerEvent: {}
[51.101609] (-) TimerEvent: {}
[51.202216] (-) TimerEvent: {}
[51.304262] (-) TimerEvent: {}
[51.405622] (-) TimerEvent: {}
[51.506208] (-) TimerEvent: {}
[51.607076] (-) TimerEvent: {}
[51.708119] (-) TimerEvent: {}
[51.812090] (-) TimerEvent: {}
[51.913210] (-) TimerEvent: {}
[52.014186] (-) TimerEvent: {}
[52.115065] (-) TimerEvent: {}
[52.215945] (-) TimerEvent: {}
[52.316813] (-) TimerEvent: {}
[52.419267] (-) TimerEvent: {}
[52.520204] (-) TimerEvent: {}
[52.620791] (-) TimerEvent: {}
[52.724107] (-) TimerEvent: {}
[52.825092] (-) TimerEvent: {}
[52.926353] (-) TimerEvent: {}
[53.027568] (-) TimerEvent: {}
[53.128274] (-) TimerEvent: {}
[53.228848] (-) TimerEvent: {}
[53.424221] (-) TimerEvent: {}
[53.525008] (-) TimerEvent: {}
[53.625593] (-) TimerEvent: {}
[53.726394] (-) TimerEvent: {}
[53.826976] (-) TimerEvent: {}
[53.927974] (-) TimerEvent: {}
[54.028850] (-) TimerEvent: {}
[54.132202] (-) TimerEvent: {}
[54.233197] (-) TimerEvent: {}
[54.333884] (-) TimerEvent: {}
[54.434834] (-) TimerEvent: {}
[54.535490] (-) TimerEvent: {}
[54.636467] (-) TimerEvent: {}
[54.737226] (-) TimerEvent: {}
[54.839467] (-) TimerEvent: {}
[54.943203] (-) TimerEvent: {}
[55.044719] (-) TimerEvent: {}
[55.145785] (-) TimerEvent: {}
[55.246502] (-) TimerEvent: {}
[55.347566] (-) TimerEvent: {}
[55.449056] (-) TimerEvent: {}
[55.549728] (-) TimerEvent: {}
[55.650387] (-) TimerEvent: {}
[55.751329] (-) TimerEvent: {}
[55.852070] (-) TimerEvent: {}
[55.952792] (-) TimerEvent: {}
[56.053430] (-) TimerEvent: {}
[56.154101] (-) TimerEvent: {}
[56.254692] (-) TimerEvent: {}
[56.356875] (-) TimerEvent: {}
[56.458080] (-) TimerEvent: {}
[56.558973] (-) TimerEvent: {}
[56.659625] (-) TimerEvent: {}
[56.760583] (-) TimerEvent: {}
[56.861377] (-) TimerEvent: {}
[56.962276] (-) TimerEvent: {}
[57.062922] (-) TimerEvent: {}
[57.163824] (-) TimerEvent: {}
[57.264540] (-) TimerEvent: {}
[57.365176] (-) TimerEvent: {}
[57.465813] (-) TimerEvent: {}
[57.566435] (-) TimerEvent: {}
[57.668230] (-) TimerEvent: {}
[57.769548] (-) TimerEvent: {}
[57.870195] (-) TimerEvent: {}
[57.971301] (-) TimerEvent: {}
[58.072299] (-) TimerEvent: {}
[58.172930] (-) TimerEvent: {}
[58.273518] (-) TimerEvent: {}
[58.374225] (-) TimerEvent: {}
[58.474810] (-) TimerEvent: {}
[58.575410] (-) TimerEvent: {}
[58.676083] (-) TimerEvent: {}
[58.776990] (-) TimerEvent: {}
[58.877673] (-) TimerEvent: {}
[58.978544] (-) TimerEvent: {}
[59.079162] (-) TimerEvent: {}
[59.179814] (-) TimerEvent: {}
[59.281186] (-) TimerEvent: {}
[59.382356] (-) TimerEvent: {}
[59.483347] (-) TimerEvent: {}
[59.584977] (-) TimerEvent: {}
[59.686045] (-) TimerEvent: {}
[59.787100] (-) TimerEvent: {}
[59.889207] (-) TimerEvent: {}
[59.990037] (-) TimerEvent: {}
[60.091115] (-) TimerEvent: {}
[60.191988] (-) TimerEvent: {}
[60.296101] (-) TimerEvent: {}
[60.397206] (-) TimerEvent: {}
[60.498124] (-) TimerEvent: {}
[60.599133] (-) TimerEvent: {}
[60.699771] (-) TimerEvent: {}
[60.800855] (-) TimerEvent: {}
[60.901555] (-) TimerEvent: {}
[61.002590] (-) TimerEvent: {}
[61.103844] (-) TimerEvent: {}
[61.204746] (-) TimerEvent: {}
[61.305839] (-) TimerEvent: {}
[61.406953] (-) TimerEvent: {}
[61.507880] (-) TimerEvent: {}
[61.608965] (-) TimerEvent: {}
[61.709832] (-) TimerEvent: {}
[61.810625] (-) TimerEvent: {}
[61.911367] (-) TimerEvent: {}
[62.012131] (-) TimerEvent: {}
[62.113354] (-) TimerEvent: {}
[62.214040] (-) TimerEvent: {}
[62.314683] (-) TimerEvent: {}
[62.415383] (-) TimerEvent: {}
[62.520119] (-) TimerEvent: {}
[62.621026] (-) TimerEvent: {}
[62.721989] (-) TimerEvent: {}
[62.823137] (-) TimerEvent: {}
[62.924310] (-) TimerEvent: {}
[63.025133] (-) TimerEvent: {}
[63.125971] (-) TimerEvent: {}
[63.226588] (-) TimerEvent: {}
[63.327654] (-) TimerEvent: {}
[63.429203] (-) TimerEvent: {}
[63.529885] (-) TimerEvent: {}
[63.630840] (-) TimerEvent: {}
[63.731471] (-) TimerEvent: {}
[63.832152] (-) TimerEvent: {}
[63.932817] (-) TimerEvent: {}
[64.033661] (-) TimerEvent: {}
[64.134300] (-) TimerEvent: {}
[64.235212] (-) TimerEvent: {}
[64.335828] (-) TimerEvent: {}
[64.436707] (-) TimerEvent: {}
[64.537438] (-) TimerEvent: {}
[64.638036] (-) TimerEvent: {}
[64.738626] (-) TimerEvent: {}
[64.839218] (-) TimerEvent: {}
[64.939808] (-) TimerEvent: {}
[65.040544] (-) TimerEvent: {}
[65.144372] (-) TimerEvent: {}
[65.246199] (-) TimerEvent: {}
[65.346963] (-) TimerEvent: {}
[65.447682] (-) TimerEvent: {}
[65.548344] (-) TimerEvent: {}
[65.649061] (-) TimerEvent: {}
[65.749833] (-) TimerEvent: {}
[65.850639] (-) TimerEvent: {}
[65.951345] (-) TimerEvent: {}
[66.052015] (-) TimerEvent: {}
[66.152664] (-) TimerEvent: {}
[66.253412] (-) TimerEvent: {}
[66.354155] (-) TimerEvent: {}
[66.454782] (-) TimerEvent: {}
[66.555687] (-) TimerEvent: {}
[66.656391] (-) TimerEvent: {}
[66.757341] (-) TimerEvent: {}
[66.858082] (-) TimerEvent: {}
[66.959206] (-) TimerEvent: {}
[67.059976] (-) TimerEvent: {}
[67.161093] (-) TimerEvent: {}
[67.262453] (-) TimerEvent: {}
[67.363071] (-) TimerEvent: {}
[67.463787] (-) TimerEvent: {}
[67.568144] (-) TimerEvent: {}
[67.669103] (-) TimerEvent: {}
[67.770025] (-) TimerEvent: {}
[67.870692] (-) TimerEvent: {}
[67.971297] (-) TimerEvent: {}
[68.071883] (-) TimerEvent: {}
[68.172508] (-) TimerEvent: {}
[68.273164] (-) TimerEvent: {}
[68.373794] (-) TimerEvent: {}
[68.474522] (-) TimerEvent: {}
[68.575096] (-) TimerEvent: {}
[68.675987] (-) TimerEvent: {}
[68.776991] (-) TimerEvent: {}
[68.877859] (-) TimerEvent: {}
[68.978750] (-) TimerEvent: {}
[69.079750] (-) TimerEvent: {}
[69.180395] (-) TimerEvent: {}
[69.281056] (-) TimerEvent: {}
[69.381711] (-) TimerEvent: {}
[69.482353] (-) TimerEvent: {}
[69.583259] (-) TimerEvent: {}
[69.683986] (-) TimerEvent: {}
[69.784590] (-) TimerEvent: {}
[69.885244] (-) TimerEvent: {}
[69.986019] (-) TimerEvent: {}
[70.087026] (-) TimerEvent: {}
[70.187905] (-) TimerEvent: {}
[70.289228] (-) TimerEvent: {}
[70.389889] (-) TimerEvent: {}
[70.490898] (-) TimerEvent: {}
[70.591970] (-) TimerEvent: {}
[70.692871] (-) TimerEvent: {}
[70.793897] (-) TimerEvent: {}
[70.894570] (-) TimerEvent: {}
[70.995236] (-) TimerEvent: {}
[71.096026] (-) TimerEvent: {}
[71.196654] (-) TimerEvent: {}
[71.297297] (-) TimerEvent: {}
[71.398014] (-) TimerEvent: {}
[71.498671] (-) TimerEvent: {}
[71.599417] (-) TimerEvent: {}
[71.700183] (-) TimerEvent: {}
[71.800894] (-) TimerEvent: {}
[71.902303] (-) TimerEvent: {}
[72.003046] (-) TimerEvent: {}
[72.103776] (-) TimerEvent: {}
[72.204425] (-) TimerEvent: {}
[72.305085] (-) TimerEvent: {}
[72.405821] (-) TimerEvent: {}
[72.506849] (-) TimerEvent: {}
[72.608116] (-) TimerEvent: {}
[72.708788] (-) TimerEvent: {}
[72.809662] (-) TimerEvent: {}
[72.911610] (-) TimerEvent: {}
[73.012344] (-) TimerEvent: {}
[73.112942] (-) TimerEvent: {}
[73.213692] (-) TimerEvent: {}
[73.314410] (-) TimerEvent: {}
[73.415076] (-) TimerEvent: {}
[73.515674] (-) TimerEvent: {}
[73.616415] (-) TimerEvent: {}
[73.717017] (-) TimerEvent: {}
[73.817921] (-) TimerEvent: {}
[73.918554] (-) TimerEvent: {}
[74.019609] (-) TimerEvent: {}
[74.120264] (-) TimerEvent: {}
[74.221234] (-) TimerEvent: {}
[74.322087] (-) TimerEvent: {}
[74.423119] (-) TimerEvent: {}
[74.524052] (-) TimerEvent: {}
[74.624962] (-) TimerEvent: {}
[74.725639] (-) TimerEvent: {}
[74.826548] (-) TimerEvent: {}
[74.927201] (-) TimerEvent: {}
[75.027873] (-) TimerEvent: {}
[75.128813] (-) TimerEvent: {}
[75.229513] (-) TimerEvent: {}
[75.331163] (-) TimerEvent: {}
[75.431825] (-) TimerEvent: {}
[75.532739] (-) TimerEvent: {}
[75.633449] (-) TimerEvent: {}
[75.734123] (-) TimerEvent: {}
[75.834730] (-) TimerEvent: {}
[75.935326] (-) TimerEvent: {}
[76.035914] (-) TimerEvent: {}
[76.137137] (-) TimerEvent: {}
[76.237856] (-) TimerEvent: {}
[76.339163] (-) TimerEvent: {}
[76.440212] (-) TimerEvent: {}
[76.540787] (-) TimerEvent: {}
[76.641382] (-) TimerEvent: {}
[76.742678] (-) TimerEvent: {}
[76.845603] (-) TimerEvent: {}
[76.946615] (-) TimerEvent: {}
[77.047311] (-) TimerEvent: {}
[77.147902] (-) TimerEvent: {}
[77.248549] (-) TimerEvent: {}
[77.349730] (-) TimerEvent: {}
[77.450369] (-) TimerEvent: {}
[77.551010] (-) TimerEvent: {}
[77.651643] (-) TimerEvent: {}
[77.752288] (-) TimerEvent: {}
[77.853037] (-) TimerEvent: {}
[77.956107] (-) TimerEvent: {}
[78.056933] (-) TimerEvent: {}
[78.157814] (-) TimerEvent: {}
[78.258496] (-) TimerEvent: {}
[78.359476] (-) TimerEvent: {}
[78.460153] (-) TimerEvent: {}
[78.560825] (-) TimerEvent: {}
[78.661434] (-) TimerEvent: {}
[78.762288] (-) TimerEvent: {}
[78.862994] (-) TimerEvent: {}
[78.963662] (-) TimerEvent: {}
[79.064309] (-) TimerEvent: {}
[79.165029] (-) TimerEvent: {}
[79.265757] (-) TimerEvent: {}
[79.366447] (-) TimerEvent: {}
[79.467043] (-) TimerEvent: {}
[79.567651] (-) TimerEvent: {}
[79.668646] (-) TimerEvent: {}
[79.769469] (-) TimerEvent: {}
[79.870793] (-) TimerEvent: {}
[79.971521] (-) TimerEvent: {}
[80.072654] (-) TimerEvent: {}
[80.173408] (-) TimerEvent: {}
[80.274476] (-) TimerEvent: {}
[80.375256] (-) TimerEvent: {}
[80.476356] (-) TimerEvent: {}
[80.577014] (-) TimerEvent: {}
[80.677689] (-) TimerEvent: {}
[80.778410] (-) TimerEvent: {}
[80.879120] (-) TimerEvent: {}
[80.979797] (-) TimerEvent: {}
[81.080437] (-) TimerEvent: {}
[81.181169] (-) TimerEvent: {}
[81.281871] (-) TimerEvent: {}
[81.382587] (-) TimerEvent: {}
[81.483261] (-) TimerEvent: {}
[81.584116] (-) TimerEvent: {}
[81.684811] (-) TimerEvent: {}
[81.785531] (-) TimerEvent: {}
[81.886287] (-) TimerEvent: {}
[81.987171] (-) TimerEvent: {}
[82.087971] (-) TimerEvent: {}
[82.188746] (-) TimerEvent: {}
[82.289654] (-) TimerEvent: {}
[82.390431] (-) TimerEvent: {}
[82.491169] (-) TimerEvent: {}
[82.592103] (-) TimerEvent: {}
[82.692946] (-) TimerEvent: {}
[82.793795] (-) TimerEvent: {}
[82.895275] (-) TimerEvent: {}
[82.996106] (-) TimerEvent: {}
[83.097200] (-) TimerEvent: {}
[83.197897] (-) TimerEvent: {}
[83.298773] (-) TimerEvent: {}
[83.399647] (-) TimerEvent: {}
[83.500345] (-) TimerEvent: {}
[83.601230] (-) TimerEvent: {}
[83.702673] (-) TimerEvent: {}
[83.804438] (-) TimerEvent: {}
[83.905511] (-) TimerEvent: {}
[84.006721] (-) TimerEvent: {}
[84.107497] (-) TimerEvent: {}
[84.208212] (-) TimerEvent: {}
[84.309828] (-) TimerEvent: {}
[84.412352] (-) TimerEvent: {}
[84.513941] (-) TimerEvent: {}
[84.615400] (-) TimerEvent: {}
[84.717735] (-) TimerEvent: {}
[84.820513] (-) TimerEvent: {}
[84.922127] (-) TimerEvent: {}
[85.023524] (-) TimerEvent: {}
[85.124980] (-) TimerEvent: {}
[85.226267] (-) TimerEvent: {}
[85.327508] (-) TimerEvent: {}
[85.428347] (-) TimerEvent: {}
[85.529671] (-) TimerEvent: {}
[85.632148] (-) TimerEvent: {}
[85.735970] (-) TimerEvent: {}
[85.836799] (-) TimerEvent: {}
[85.938464] (-) TimerEvent: {}
[86.040112] (-) TimerEvent: {}
[86.140988] (-) TimerEvent: {}
[86.244758] (-) TimerEvent: {}
[86.348022] (-) TimerEvent: {}
[86.448811] (-) TimerEvent: {}
[86.550234] (-) TimerEvent: {}
[86.652230] (-) TimerEvent: {}
[86.754012] (-) TimerEvent: {}
[86.855975] (-) TimerEvent: {}
[86.960518] (-) TimerEvent: {}
[87.061685] (-) TimerEvent: {}
[87.168853] (-) TimerEvent: {}
[87.270019] (-) TimerEvent: {}
[87.370739] (-) TimerEvent: {}
[87.472129] (-) TimerEvent: {}
[87.573026] (-) TimerEvent: {}
[87.676353] (-) TimerEvent: {}
[87.777121] (-) TimerEvent: {}
[87.878765] (-) TimerEvent: {}
[87.979644] (-) TimerEvent: {}
[88.080755] (-) TimerEvent: {}
[88.182854] (-) TimerEvent: {}
[88.285214] (-) TimerEvent: {}
[88.387227] (-) TimerEvent: {}
[88.488250] (-) TimerEvent: {}
[88.589647] (-) TimerEvent: {}
[88.690493] (-) TimerEvent: {}
[88.791964] (-) TimerEvent: {}
[88.892870] (-) TimerEvent: {}
[88.994768] (-) TimerEvent: {}
[89.104474] (-) TimerEvent: {}
[89.206827] (-) TimerEvent: {}
[89.314746] (-) TimerEvent: {}
[89.416188] (-) TimerEvent: {}
[89.517642] (-) TimerEvent: {}
[89.618384] (-) TimerEvent: {}
[89.719628] (-) TimerEvent: {}
[89.821160] (-) TimerEvent: {}
[89.921950] (-) TimerEvent: {}
[90.022698] (-) TimerEvent: {}
[90.124513] (-) TimerEvent: {}
[90.232598] (-) TimerEvent: {}
[90.336276] (-) TimerEvent: {}
[90.440997] (-) TimerEvent: {}
[90.544156] (-) TimerEvent: {}
[90.648232] (-) TimerEvent: {}
[90.752148] (-) TimerEvent: {}
[90.856152] (-) TimerEvent: {}
[90.964223] (-) TimerEvent: {}
[91.066010] (-) TimerEvent: {}
[91.172116] (-) TimerEvent: {}
[91.273026] (-) TimerEvent: {}
[91.374530] (-) TimerEvent: {}
[91.475349] (-) TimerEvent: {}
[91.580319] (-) TimerEvent: {}
[91.681531] (-) TimerEvent: {}
[91.783104] (-) TimerEvent: {}
[91.884725] (-) TimerEvent: {}
[91.986214] (-) TimerEvent: {}
[92.087391] (-) TimerEvent: {}
[92.188377] (-) TimerEvent: {}
[92.289600] (-) TimerEvent: {}
[92.390843] (-) TimerEvent: {}
[92.492077] (-) TimerEvent: {}
[92.592875] (-) TimerEvent: {}
[92.700302] (-) TimerEvent: {}
[92.801732] (-) TimerEvent: {}
[92.903094] (-) TimerEvent: {}
[93.003881] (-) TimerEvent: {}
[93.105279] (-) TimerEvent: {}
[93.206409] (-) TimerEvent: {}
[93.307643] (-) TimerEvent: {}
[93.408674] (-) TimerEvent: {}
[93.509420] (-) TimerEvent: {}
[93.610178] (-) TimerEvent: {}
[93.710996] (-) TimerEvent: {}
[93.905452] (-) TimerEvent: {}
[94.006356] (-) TimerEvent: {}
[94.107675] (-) TimerEvent: {}
[94.208781] (-) TimerEvent: {}
[94.309682] (-) TimerEvent: {}
[94.410423] (-) TimerEvent: {}
[94.511487] (-) TimerEvent: {}
[94.612365] (-) TimerEvent: {}
[94.713728] (-) TimerEvent: {}
[94.814871] (-) TimerEvent: {}
[94.916076] (-) TimerEvent: {}
[95.017309] (-) TimerEvent: {}
[95.118119] (-) TimerEvent: {}
[95.219551] (-) TimerEvent: {}
[95.320395] (-) TimerEvent: {}
[95.421836] (-) TimerEvent: {}
[95.523215] (-) TimerEvent: {}
[95.624424] (-) TimerEvent: {}
[95.728108] (-) TimerEvent: {}
[95.828914] (-) TimerEvent: {}
[95.930412] (-) TimerEvent: {}
[96.031653] (-) TimerEvent: {}
[96.132737] (-) TimerEvent: {}
[96.236113] (-) TimerEvent: {}
[96.336982] (-) TimerEvent: {}
[96.438575] (-) TimerEvent: {}
[96.539732] (-) TimerEvent: {}
[96.640531] (-) TimerEvent: {}
[96.744156] (-) TimerEvent: {}
[96.844937] (-) TimerEvent: {}
[96.946147] (-) TimerEvent: {}
[97.047500] (-) TimerEvent: {}
[97.148252] (-) TimerEvent: {}
[97.249327] (-) TimerEvent: {}
[97.350279] (-) TimerEvent: {}
[97.451481] (-) TimerEvent: {}
[97.552477] (-) TimerEvent: {}
[97.656038] (-) TimerEvent: {}
[97.757041] (-) TimerEvent: {}
[97.862303] (-) TimerEvent: {}
[97.968115] (-) TimerEvent: {}
[98.072131] (-) TimerEvent: {}
[98.180465] (-) TimerEvent: {}
[98.282132] (-) TimerEvent: {}
[98.383572] (-) TimerEvent: {}
[98.484919] (-) TimerEvent: {}
[98.586347] (-) TimerEvent: {}
[98.687552] (-) TimerEvent: {}
[98.790031] (-) TimerEvent: {}
[98.893306] (-) TimerEvent: {}
[98.994522] (-) TimerEvent: {}
[99.095474] (-) TimerEvent: {}
[99.200206] (-) TimerEvent: {}
[99.301341] (-) TimerEvent: {}
[99.402169] (-) TimerEvent: {}
[99.503137] (-) TimerEvent: {}
[99.604084] (-) TimerEvent: {}
[99.704926] (-) TimerEvent: {}
[99.805772] (-) TimerEvent: {}
[99.906806] (-) TimerEvent: {}
[100.007650] (-) TimerEvent: {}
[100.108590] (-) TimerEvent: {}
[100.212124] (-) TimerEvent: {}
[100.312915] (-) TimerEvent: {}
[100.413716] (-) TimerEvent: {}
[100.514581] (-) TimerEvent: {}
[100.620400] (-) TimerEvent: {}
[100.721164] (-) TimerEvent: {}
[100.823140] (-) TimerEvent: {}
[100.927507] (-) TimerEvent: {}
[101.028247] (-) TimerEvent: {}
[101.129560] (-) TimerEvent: {}
[101.233586] (-) TimerEvent: {}
[101.335417] (-) TimerEvent: {}
[101.440160] (-) TimerEvent: {}
[101.541821] (-) TimerEvent: {}
[101.643130] (-) TimerEvent: {}
[101.744508] (-) TimerEvent: {}
[101.845497] (-) TimerEvent: {}
[101.947510] (-) TimerEvent: {}
[102.049109] (-) TimerEvent: {}
[102.150758] (-) TimerEvent: {}
[102.252793] (-) TimerEvent: {}
[102.354014] (-) TimerEvent: {}
[102.455615] (-) TimerEvent: {}
[102.560956] (-) TimerEvent: {}
[102.662332] (-) TimerEvent: {}
[102.764161] (-) TimerEvent: {}
[102.865605] (-) TimerEvent: {}
[102.966898] (-) TimerEvent: {}
[103.068484] (-) TimerEvent: {}
[103.169441] (-) TimerEvent: {}
[103.270444] (-) TimerEvent: {}
[103.371523] (-) TimerEvent: {}
[103.472476] (-) TimerEvent: {}
[103.575540] (-) TimerEvent: {}
[103.681409] (-) TimerEvent: {}
[103.784470] (-) TimerEvent: {}
[103.889980] (-) TimerEvent: {}
[103.994847] (-) TimerEvent: {}
[104.097362] (-) TimerEvent: {}
[104.213782] (-) TimerEvent: {}
[104.320110] (-) TimerEvent: {}
[104.420862] (-) TimerEvent: {}
[104.522024] (-) TimerEvent: {}
[104.623161] (-) TimerEvent: {}
[104.724331] (-) TimerEvent: {}
[104.825443] (-) TimerEvent: {}
[104.926562] (-) TimerEvent: {}
[105.027656] (-) TimerEvent: {}
[105.130019] (-) TimerEvent: {}
[105.230767] (-) TimerEvent: {}
[105.331557] (-) TimerEvent: {}
[105.432255] (-) TimerEvent: {}
[105.532945] (-) TimerEvent: {}
[105.633881] (-) TimerEvent: {}
[105.734585] (-) TimerEvent: {}
[105.835328] (-) TimerEvent: {}
[105.936304] (-) TimerEvent: {}
[106.037361] (-) TimerEvent: {}
[106.139464] (-) TimerEvent: {}
[106.244089] (-) TimerEvent: {}
[106.344824] (-) TimerEvent: {}
[106.445825] (-) TimerEvent: {}
[106.546517] (-) TimerEvent: {}
[106.648296] (-) TimerEvent: {}
[106.748921] (-) TimerEvent: {}
[106.850592] (-) TimerEvent: {}
[106.951857] (-) TimerEvent: {}
[107.052734] (-) TimerEvent: {}
[107.153482] (-) TimerEvent: {}
[107.254774] (-) TimerEvent: {}
[107.355708] (-) TimerEvent: {}
[107.457014] (-) TimerEvent: {}
[107.558620] (-) TimerEvent: {}
[107.660829] (-) TimerEvent: {}
[107.761483] (-) TimerEvent: {}
[107.862540] (-) TimerEvent: {}
[107.963231] (-) TimerEvent: {}
[108.064072] (-) TimerEvent: {}
[108.165254] (-) TimerEvent: {}
[108.266445] (-) TimerEvent: {}
[108.367181] (-) TimerEvent: {}
[108.469188] (-) TimerEvent: {}
[108.571682] (-) TimerEvent: {}
[108.672880] (-) TimerEvent: {}
[108.773613] (-) TimerEvent: {}
[108.874485] (-) TimerEvent: {}
[108.975253] (-) TimerEvent: {}
[109.075992] (-) TimerEvent: {}
[109.177588] (-) TimerEvent: {}
[109.278565] (-) TimerEvent: {}
[109.380041] (-) TimerEvent: {}
[109.481098] (-) TimerEvent: {}
[109.581775] (-) TimerEvent: {}
[109.682526] (-) TimerEvent: {}
[109.783251] (-) TimerEvent: {}
[109.883959] (-) TimerEvent: {}
[109.984774] (-) TimerEvent: {}
[110.085748] (-) TimerEvent: {}
[110.188431] (-) TimerEvent: {}
[110.289524] (-) TimerEvent: {}
[110.390192] (-) TimerEvent: {}
[110.490993] (-) TimerEvent: {}
[110.591685] (-) TimerEvent: {}
[110.692816] (-) TimerEvent: {}
[110.793823] (-) TimerEvent: {}
[110.894448] (-) TimerEvent: {}
[110.995178] (-) TimerEvent: {}
[111.095818] (-) TimerEvent: {}
[111.196710] (-) TimerEvent: {}
[111.297343] (-) TimerEvent: {}
[111.398005] (-) TimerEvent: {}
[111.498702] (-) TimerEvent: {}
[111.599348] (-) TimerEvent: {}
[111.700090] (-) TimerEvent: {}
[111.800847] (-) TimerEvent: {}
[111.902314] (-) TimerEvent: {}
[112.003015] (-) TimerEvent: {}
[112.104640] (-) TimerEvent: {}
[112.205898] (-) TimerEvent: {}
[112.306628] (-) TimerEvent: {}
[112.407594] (-) TimerEvent: {}
[112.508627] (-) TimerEvent: {}
[112.609382] (-) TimerEvent: {}
[112.710337] (-) TimerEvent: {}
[112.811186] (-) TimerEvent: {}
[112.916020] (-) TimerEvent: {}
[113.016983] (-) TimerEvent: {}
[113.119666] (-) TimerEvent: {}
[113.220657] (-) TimerEvent: {}
[113.321398] (-) TimerEvent: {}
[113.422162] (-) TimerEvent: {}
[113.523055] (-) TimerEvent: {}
[113.623788] (-) TimerEvent: {}
[113.725175] (-) TimerEvent: {}
[113.826982] (-) TimerEvent: {}
[113.928119] (-) TimerEvent: {}
[114.032656] (-) TimerEvent: {}
[114.133493] (-) TimerEvent: {}
[114.234375] (-) TimerEvent: {}
[114.335267] (-) TimerEvent: {}
[114.437382] (-) TimerEvent: {}
[114.538844] (-) TimerEvent: {}
[114.644192] (-) TimerEvent: {}
[114.744885] (-) TimerEvent: {}
[114.845841] (-) TimerEvent: {}
[114.947371] (-) TimerEvent: {}
[115.049464] (-) TimerEvent: {}
[115.150056] (-) TimerEvent: {}
[115.252638] (-) TimerEvent: {}
[115.357068] (-) TimerEvent: {}
[115.457710] (-) TimerEvent: {}
[115.558773] (-) TimerEvent: {}
[115.660097] (-) TimerEvent: {}
[115.761510] (-) TimerEvent: {}
[115.862318] (-) TimerEvent: {}
[115.963040] (-) TimerEvent: {}
[116.063879] (-) TimerEvent: {}
[116.164645] (-) TimerEvent: {}
[116.265526] (-) TimerEvent: {}
[116.366329] (-) TimerEvent: {}
[116.467091] (-) TimerEvent: {}
[116.569753] (-) TimerEvent: {}
[116.671688] (-) TimerEvent: {}
[116.772649] (-) TimerEvent: {}
[116.873685] (-) TimerEvent: {}
[116.974412] (-) TimerEvent: {}
[117.075271] (-) TimerEvent: {}
[117.176167] (-) TimerEvent: {}
[117.276912] (-) TimerEvent: {}
[117.378961] (-) TimerEvent: {}
[117.480746] (-) TimerEvent: {}
[117.581662] (-) TimerEvent: {}
[117.682358] (-) TimerEvent: {}
[117.783367] (-) TimerEvent: {}
[117.885467] (-) TimerEvent: {}
[117.986585] (-) TimerEvent: {}
[118.087454] (-) TimerEvent: {}
[118.189049] (-) TimerEvent: {}
[118.290512] (-) TimerEvent: {}
[118.391221] (-) TimerEvent: {}
[118.492022] (-) TimerEvent: {}
[118.592774] (-) TimerEvent: {}
[118.693511] (-) TimerEvent: {}
[118.794339] (-) TimerEvent: {}
[118.895082] (-) TimerEvent: {}
[118.996329] (-) TimerEvent: {}
[119.097080] (-) TimerEvent: {}
[119.197816] (-) TimerEvent: {}
[119.446143] (-) TimerEvent: {}
[119.546853] (-) TimerEvent: {}
[119.647578] (-) TimerEvent: {}
[119.748350] (-) TimerEvent: {}
[119.849067] (-) TimerEvent: {}
[119.949853] (-) TimerEvent: {}
[120.051481] (-) TimerEvent: {}
[120.152378] (-) TimerEvent: {}
[120.253128] (-) TimerEvent: {}
[120.353834] (-) TimerEvent: {}
[120.454633] (-) TimerEvent: {}
[120.555371] (-) TimerEvent: {}
[120.656459] (-) TimerEvent: {}
[120.757267] (-) TimerEvent: {}
[120.858427] (-) TimerEvent: {}
[120.959215] (-) TimerEvent: {}
[121.060334] (-) TimerEvent: {}
[121.161089] (-) TimerEvent: {}
[121.262066] (-) TimerEvent: {}
[121.362785] (-) TimerEvent: {}
[121.463502] (-) TimerEvent: {}
[121.564310] (-) TimerEvent: {}
[121.665421] (-) TimerEvent: {}
[121.766107] (-) TimerEvent: {}
[121.867138] (-) TimerEvent: {}
[121.967846] (-) TimerEvent: {}
[122.068893] (-) TimerEvent: {}
[122.169599] (-) TimerEvent: {}
[122.270607] (-) TimerEvent: {}
[122.373266] (-) TimerEvent: {}
[122.475638] (-) TimerEvent: {}
[122.576826] (-) TimerEvent: {}
[122.677446] (-) TimerEvent: {}
[122.778229] (-) TimerEvent: {}
[122.878878] (-) TimerEvent: {}
[122.980244] (-) TimerEvent: {}
[123.081084] (-) TimerEvent: {}
[123.182362] (-) TimerEvent: {}
[123.283066] (-) TimerEvent: {}
[123.386083] (-) TimerEvent: {}
[123.487487] (-) TimerEvent: {}
[123.589204] (-) TimerEvent: {}
[123.690234] (-) TimerEvent: {}
[123.790975] (-) TimerEvent: {}
[123.892564] (-) TimerEvent: {}
[123.993264] (-) TimerEvent: {}
[124.094913] (-) TimerEvent: {}
[124.195746] (-) TimerEvent: {}
[124.297024] (-) TimerEvent: {}
[125.212763] (-) TimerEvent: {}
[125.313601] (-) TimerEvent: {}
[125.414690] (-) TimerEvent: {}
[125.515426] (-) TimerEvent: {}
[125.616740] (-) TimerEvent: {}
[125.717482] (-) TimerEvent: {}
[125.818661] (-) TimerEvent: {}
[125.919883] (-) TimerEvent: {}
[126.021333] (-) TimerEvent: {}
[126.123161] (-) TimerEvent: {}
[126.224887] (-) TimerEvent: {}
[126.326965] (-) TimerEvent: {}
[126.427748] (-) TimerEvent: {}
[126.528969] (-) TimerEvent: {}
[126.630134] (-) TimerEvent: {}
[126.731166] (-) TimerEvent: {}
[126.832323] (-) TimerEvent: {}
[126.934549] (-) TimerEvent: {}
[127.035249] (-) TimerEvent: {}
[127.136346] (-) TimerEvent: {}
[127.237436] (-) TimerEvent: {}
[127.338156] (-) TimerEvent: {}
[127.439267] (-) TimerEvent: {}
[127.556632] (-) TimerEvent: {}
[127.657532] (-) TimerEvent: {}
[127.758525] (-) TimerEvent: {}
[127.859213] (-) TimerEvent: {}
[127.960194] (-) TimerEvent: {}
[128.060806] (-) TimerEvent: {}
[128.161643] (-) TimerEvent: {}
[128.262260] (-) TimerEvent: {}
[128.363684] (-) TimerEvent: {}
[128.466719] (-) TimerEvent: {}
[128.572372] (-) TimerEvent: {}
[128.673550] (-) TimerEvent: {}
[128.774927] (-) TimerEvent: {}
[128.876757] (-) TimerEvent: {}
[128.978777] (-) TimerEvent: {}
[129.080794] (-) TimerEvent: {}
[129.182151] (-) TimerEvent: {}
[129.283453] (-) TimerEvent: {}
[129.388680] (-) TimerEvent: {}
[129.489400] (-) TimerEvent: {}
[129.590309] (-) TimerEvent: {}
[129.694953] (-) TimerEvent: {}
[129.796103] (-) TimerEvent: {}
[129.896786] (-) TimerEvent: {}
[129.998929] (-) TimerEvent: {}
[130.100402] (-) TimerEvent: {}
[130.201507] (-) TimerEvent: {}
[130.302898] (-) TimerEvent: {}
[130.404472] (-) TimerEvent: {}
[130.505210] (-) TimerEvent: {}
[130.606567] (-) TimerEvent: {}
[130.708428] (-) TimerEvent: {}
[130.810251] (-) TimerEvent: {}
[130.912456] (-) TimerEvent: {}
[131.014214] (-) TimerEvent: {}
[131.116433] (-) TimerEvent: {}
[131.217926] (-) TimerEvent: {}
[131.318850] (-) TimerEvent: {}
[131.420448] (-) TimerEvent: {}
[131.521658] (-) TimerEvent: {}
[131.622384] (-) TimerEvent: {}
[131.723599] (-) TimerEvent: {}
[131.824831] (-) TimerEvent: {}
[131.925742] (-) TimerEvent: {}
[132.032158] (-) TimerEvent: {}
[132.134285] (-) TimerEvent: {}
[132.240081] (-) TimerEvent: {}
[132.340926] (-) TimerEvent: {}
[132.442872] (-) TimerEvent: {}
[132.544114] (-) TimerEvent: {}
[133.500708] (-) TimerEvent: {}
[133.602559] (-) TimerEvent: {}
[133.703254] (-) TimerEvent: {}
[133.804623] (-) TimerEvent: {}
[133.905333] (-) TimerEvent: {}
[134.006617] (-) TimerEvent: {}
[134.108053] (-) TimerEvent: {}
[134.208826] (-) TimerEvent: {}
[134.309681] (-) TimerEvent: {}
[134.410964] (-) TimerEvent: {}
[134.512140] (-) TimerEvent: {}
[134.612858] (-) TimerEvent: {}
[134.714253] (-) TimerEvent: {}
[134.814987] (-) TimerEvent: {}
[134.917632] (-) TimerEvent: {}
[135.018576] (-) TimerEvent: {}
[135.119674] (-) TimerEvent: {}
[135.220797] (-) TimerEvent: {}
[135.321462] (-) TimerEvent: {}
[135.422173] (-) TimerEvent: {}
[135.522903] (-) TimerEvent: {}
[135.630228] (-) TimerEvent: {}
[135.731066] (-) TimerEvent: {}
[135.831728] (-) TimerEvent: {}
[135.932921] (-) TimerEvent: {}
[136.036172] (-) TimerEvent: {}
[136.137326] (-) TimerEvent: {}
[136.238314] (-) TimerEvent: {}
[136.339312] (-) TimerEvent: {}
[136.441638] (-) TimerEvent: {}
[136.542374] (-) TimerEvent: {}
[136.644275] (-) TimerEvent: {}
[136.745339] (-) TimerEvent: {}
[136.846884] (-) TimerEvent: {}
[136.948945] (-) TimerEvent: {}
[137.050205] (-) TimerEvent: {}
[137.156185] (-) TimerEvent: {}
[137.257578] (-) TimerEvent: {}
[137.358932] (-) TimerEvent: {}
[137.460153] (-) TimerEvent: {}
[137.563814] (-) TimerEvent: {}
[137.834565] (-) TimerEvent: {}
[137.935147] (-) TimerEvent: {}
[138.036044] (-) TimerEvent: {}
[138.136647] (-) TimerEvent: {}
[138.237261] (-) TimerEvent: {}
[138.338100] (-) TimerEvent: {}
[138.438740] (-) TimerEvent: {}
[138.540080] (-) TimerEvent: {}
[138.641519] (-) TimerEvent: {}
[138.744110] (-) TimerEvent: {}
[138.844794] (-) TimerEvent: {}
[138.945831] (-) TimerEvent: {}
[139.046565] (-) TimerEvent: {}
[139.147247] (-) TimerEvent: {}
[139.248190] (-) TimerEvent: {}
[139.352667] (-) TimerEvent: {}
[139.453987] (-) TimerEvent: {}
[139.556700] (-) TimerEvent: {}
[139.657409] (-) TimerEvent: {}
[139.758149] (-) TimerEvent: {}
[139.859261] (-) TimerEvent: {}
[139.959982] (-) TimerEvent: {}
[140.060713] (-) TimerEvent: {}
[140.161385] (-) TimerEvent: {}
[140.262608] (-) TimerEvent: {}
[140.363522] (-) TimerEvent: {}
[140.465291] (-) TimerEvent: {}
[140.566754] (-) TimerEvent: {}
[140.667866] (-) TimerEvent: {}
[140.769412] (-) TimerEvent: {}
[140.870586] (-) TimerEvent: {}
[140.971663] (-) TimerEvent: {}
[141.074239] (-) TimerEvent: {}
[141.175288] (-) TimerEvent: {}
[141.276383] (-) TimerEvent: {}
[141.380383] (-) TimerEvent: {}
[141.481782] (-) TimerEvent: {}
[141.583484] (-) TimerEvent: {}
[141.684205] (-) TimerEvent: {}
[141.785776] (-) TimerEvent: {}
[141.886502] (-) TimerEvent: {}
[141.987656] (-) TimerEvent: {}
[142.088413] (-) TimerEvent: {}
[142.189521] (-) TimerEvent: {}
[142.290611] (-) TimerEvent: {}
[142.391308] (-) TimerEvent: {}
[142.493818] (-) TimerEvent: {}
[142.596363] (-) TimerEvent: {}
[142.698135] (-) TimerEvent: {}
[142.800041] (-) TimerEvent: {}
[143.218654] (-) TimerEvent: {}
[143.319262] (-) TimerEvent: {}
[143.419892] (-) TimerEvent: {}
[143.520543] (-) TimerEvent: {}
[143.621270] (-) TimerEvent: {}
[143.722725] (-) TimerEvent: {}
[143.824045] (-) TimerEvent: {}
[143.925791] (-) TimerEvent: {}
[144.026568] (-) TimerEvent: {}
[144.128138] (-) TimerEvent: {}
[144.229702] (-) TimerEvent: {}
[144.330896] (-) TimerEvent: {}
[144.432290] (-) TimerEvent: {}
[144.533835] (-) TimerEvent: {}
[144.634789] (-) TimerEvent: {}
[144.735767] (-) TimerEvent: {}
[144.836958] (-) TimerEvent: {}
[144.937811] (-) TimerEvent: {}
[145.038458] (-) TimerEvent: {}
[145.140176] (-) TimerEvent: {}
[145.241052] (-) TimerEvent: {}
[145.342442] (-) TimerEvent: {}
[145.443826] (-) TimerEvent: {}
[145.544636] (-) TimerEvent: {}
[145.646587] (-) TimerEvent: {}
[145.748195] (-) TimerEvent: {}
[145.849181] (-) TimerEvent: {}
[145.949786] (-) TimerEvent: {}
[146.050369] (-) TimerEvent: {}
[146.150991] (-) TimerEvent: {}
[146.251708] (-) TimerEvent: {}
[146.352715] (-) TimerEvent: {}
[146.454134] (-) TimerEvent: {}
[146.554717] (-) TimerEvent: {}
[146.655560] (-) TimerEvent: {}
[146.756207] (-) TimerEvent: {}
[146.857235] (-) TimerEvent: {}
[146.958301] (-) TimerEvent: {}
[147.059017] (-) TimerEvent: {}
[147.160098] (-) TimerEvent: {}
[147.260822] (-) TimerEvent: {}
[147.362042] (-) TimerEvent: {}
[147.462682] (-) TimerEvent: {}
[147.563527] (-) TimerEvent: {}
[147.664352] (-) TimerEvent: {}
[147.765750] (-) TimerEvent: {}
[148.836165] (-) TimerEvent: {}
[148.937055] (-) TimerEvent: {}
[149.038379] (-) TimerEvent: {}
[149.139823] (-) TimerEvent: {}
[149.240732] (-) TimerEvent: {}
[149.341611] (-) TimerEvent: {}
[149.442418] (-) TimerEvent: {}
[149.543352] (-) TimerEvent: {}
[149.644088] (-) TimerEvent: {}
[149.745059] (-) TimerEvent: {}
[149.846443] (-) TimerEvent: {}
[149.947686] (-) TimerEvent: {}
[150.048540] (-) TimerEvent: {}
[150.149707] (-) TimerEvent: {}
[150.250508] (-) TimerEvent: {}
[150.354648] (-) TimerEvent: {}
[150.455858] (-) TimerEvent: {}
[150.556833] (-) TimerEvent: {}
[150.659271] (-) TimerEvent: {}
[150.760422] (-) TimerEvent: {}
[150.861559] (-) TimerEvent: {}
[150.962347] (-) TimerEvent: {}
[151.063474] (-) TimerEvent: {}
[151.164136] (-) TimerEvent: {}
[151.265498] (-) TimerEvent: {}
[151.366677] (-) TimerEvent: {}
[151.467831] (-) TimerEvent: {}
[151.476282] (opentera_webrtc_demos) StdoutLine: {'line': b'[ 33%] Built target opentera_werbrtc_teleop_frontend-install\n'}
[151.568036] (-) TimerEvent: {}
[151.669282] (-) TimerEvent: {}
[151.770457] (-) TimerEvent: {}
[151.856588] (opentera_webrtc_demos) StdoutLine: {'line': b'[ 66%] \x1b[34m\x1b[1mGenerating dist.stamp\x1b[0m\n'}
[151.870638] (-) TimerEvent: {}
[151.971359] (-) TimerEvent: {}
[152.075680] (-) TimerEvent: {}
[152.176500] (-) TimerEvent: {}
[152.277210] (-) TimerEvent: {}
[152.377987] (-) TimerEvent: {}
[152.478791] (-) TimerEvent: {}
[152.579663] (-) TimerEvent: {}
[152.680485] (-) TimerEvent: {}
[152.781848] (-) TimerEvent: {}
[152.883026] (-) TimerEvent: {}
[152.983762] (-) TimerEvent: {}
[153.084919] (-) TimerEvent: {}
[153.185688] (-) TimerEvent: {}
[153.286801] (-) TimerEvent: {}
[153.387565] (-) TimerEvent: {}
[153.488709] (-) TimerEvent: {}
[153.589439] (-) TimerEvent: {}
[153.690594] (-) TimerEvent: {}
[153.792859] (-) TimerEvent: {}
[153.893909] (-) TimerEvent: {}
[153.994878] (-) TimerEvent: {}
[154.096019] (-) TimerEvent: {}
[154.196718] (-) TimerEvent: {}
[154.297731] (-) TimerEvent: {}
[154.398752] (-) TimerEvent: {}
[154.499497] (-) TimerEvent: {}
[154.600572] (-) TimerEvent: {}
[154.701697] (-) TimerEvent: {}
[154.803082] (-) TimerEvent: {}
[154.905185] (-) TimerEvent: {}
[155.006416] (-) TimerEvent: {}
[155.107562] (-) TimerEvent: {}
[155.208375] (-) TimerEvent: {}
[155.309986] (-) TimerEvent: {}
[155.410882] (-) TimerEvent: {}
[155.512077] (-) TimerEvent: {}
[155.612740] (-) TimerEvent: {}
[155.713779] (-) TimerEvent: {}
[155.814542] (-) TimerEvent: {}
[155.916325] (-) TimerEvent: {}
[156.017746] (-) TimerEvent: {}
[156.118915] (-) TimerEvent: {}
[156.219684] (-) TimerEvent: {}
[156.320876] (-) TimerEvent: {}
[156.421621] (-) TimerEvent: {}
[156.522725] (-) TimerEvent: {}
[156.623509] (-) TimerEvent: {}
[156.724632] (-) TimerEvent: {}
[156.825533] (-) TimerEvent: {}
[156.926913] (-) TimerEvent: {}
[157.028029] (-) TimerEvent: {}
[157.128778] (-) TimerEvent: {}
[157.229438] (-) TimerEvent: {}
[157.330619] (-) TimerEvent: {}
[157.431490] (-) TimerEvent: {}
[157.532439] (-) TimerEvent: {}
[157.633575] (-) TimerEvent: {}
[157.735666] (-) TimerEvent: {}
[157.837238] (-) TimerEvent: {}
[157.937956] (-) TimerEvent: {}
[158.039049] (-) TimerEvent: {}
[158.139854] (-) TimerEvent: {}
[158.241125] (-) TimerEvent: {}
[158.341938] (-) TimerEvent: {}
[158.443082] (-) TimerEvent: {}
[158.543866] (-) TimerEvent: {}
[158.644660] (-) TimerEvent: {}
[158.745774] (-) TimerEvent: {}
[158.848117] (-) TimerEvent: {}
[158.948965] (-) TimerEvent: {}
[159.050836] (-) TimerEvent: {}
[159.151733] (-) TimerEvent: {}
[159.253166] (-) TimerEvent: {}
[159.353956] (-) TimerEvent: {}
[159.454723] (-) TimerEvent: {}
[159.555563] (-) TimerEvent: {}
[159.656572] (-) TimerEvent: {}
[159.757348] (-) TimerEvent: {}
[159.858224] (-) TimerEvent: {}
[159.959712] (-) TimerEvent: {}
[160.060505] (-) TimerEvent: {}
[160.161398] (-) TimerEvent: {}
[160.262511] (-) TimerEvent: {}
[160.363510] (-) TimerEvent: {}
[160.464460] (-) TimerEvent: {}
[160.566112] (-) TimerEvent: {}
[160.667484] (-) TimerEvent: {}
[160.768845] (-) TimerEvent: {}
[160.872786] (-) TimerEvent: {}
[160.973491] (-) TimerEvent: {}
[161.075579] (-) TimerEvent: {}
[161.176665] (-) TimerEvent: {}
[161.277413] (-) TimerEvent: {}
[161.380118] (-) TimerEvent: {}
[161.480892] (-) TimerEvent: {}
[161.581996] (-) TimerEvent: {}
[161.684414] (-) TimerEvent: {}
[161.787028] (-) TimerEvent: {}
[161.888037] (-) TimerEvent: {}
[161.989894] (-) TimerEvent: {}
[162.099407] (-) TimerEvent: {}
[162.200192] (-) TimerEvent: {}
[162.308203] (-) TimerEvent: {}
[162.409027] (-) TimerEvent: {}
[162.510004] (-) TimerEvent: {}
[162.611722] (-) TimerEvent: {}
[162.714434] (-) TimerEvent: {}
[162.816802] (-) TimerEvent: {}
[162.920136] (-) TimerEvent: {}
[163.025213] (-) TimerEvent: {}
[163.556163] (-) TimerEvent: {}
[163.657007] (-) TimerEvent: {}
[163.760131] (-) TimerEvent: {}
[163.860895] (-) TimerEvent: {}
[163.962104] (-) TimerEvent: {}
[164.063461] (-) TimerEvent: {}
[164.165720] (-) TimerEvent: {}
[164.266571] (-) TimerEvent: {}
[164.368112] (-) TimerEvent: {}
[164.469786] (-) TimerEvent: {}
[164.570792] (-) TimerEvent: {}
[164.672013] (-) TimerEvent: {}
[164.773684] (-) TimerEvent: {}
[164.875279] (-) TimerEvent: {}
[164.976344] (-) TimerEvent: {}
[165.078255] (-) TimerEvent: {}
[165.179773] (-) TimerEvent: {}
[165.281359] (-) TimerEvent: {}
[165.382732] (-) TimerEvent: {}
[165.483729] (-) TimerEvent: {}
[165.584642] (-) TimerEvent: {}
[165.685266] (-) TimerEvent: {}
[165.785857] (-) TimerEvent: {}
[165.886747] (-) TimerEvent: {}
[165.987366] (-) TimerEvent: {}
[166.087977] (-) TimerEvent: {}
[166.188882] (-) TimerEvent: {}
[166.289459] (-) TimerEvent: {}
[166.390349] (-) TimerEvent: {}
[166.490993] (-) TimerEvent: {}
[166.596104] (-) TimerEvent: {}
[166.698480] (-) TimerEvent: {}
[166.799276] (-) TimerEvent: {}
[166.900497] (-) TimerEvent: {}
[167.001743] (-) TimerEvent: {}
[167.102754] (-) TimerEvent: {}
[167.203495] (-) TimerEvent: {}
[167.304239] (-) TimerEvent: {}
[167.404961] (-) TimerEvent: {}
[167.505678] (-) TimerEvent: {}
[167.606412] (-) TimerEvent: {}
[167.707160] (-) TimerEvent: {}
[167.808334] (-) TimerEvent: {}
[167.909162] (-) TimerEvent: {}
[168.012126] (-) TimerEvent: {}
[168.114663] (-) TimerEvent: {}
[168.561893] (-) TimerEvent: {}
[168.663228] (-) TimerEvent: {}
[168.768581] (-) TimerEvent: {}
[168.870871] (-) TimerEvent: {}
[168.974039] (-) TimerEvent: {}
[169.074852] (-) TimerEvent: {}
[169.176300] (-) TimerEvent: {}
[169.280150] (-) TimerEvent: {}
[169.381103] (-) TimerEvent: {}
[169.482404] (-) TimerEvent: {}
[169.583669] (-) TimerEvent: {}
[169.684861] (-) TimerEvent: {}
[169.787988] (-) TimerEvent: {}
[169.890933] (-) TimerEvent: {}
[169.992031] (-) TimerEvent: {}
[170.096420] (-) TimerEvent: {}
[170.197382] (-) TimerEvent: {}
[170.298556] (-) TimerEvent: {}
[170.399272] (-) TimerEvent: {}
[170.500308] (-) TimerEvent: {}
[170.601020] (-) TimerEvent: {}
[170.702007] (-) TimerEvent: {}
[170.802738] (-) TimerEvent: {}
[170.903759] (-) TimerEvent: {}
[171.004576] (-) TimerEvent: {}
[171.105783] (-) TimerEvent: {}
[171.212117] (-) TimerEvent: {}
[171.312989] (-) TimerEvent: {}
[171.414083] (-) TimerEvent: {}
[171.515201] (-) TimerEvent: {}
[171.616418] (-) TimerEvent: {}
[171.717996] (-) TimerEvent: {}
[171.819136] (-) TimerEvent: {}
[171.920297] (-) TimerEvent: {}
[172.023454] (-) TimerEvent: {}
[172.124514] (-) TimerEvent: {}
[172.225286] (-) TimerEvent: {}
[172.326089] (-) TimerEvent: {}
[172.426823] (-) TimerEvent: {}
[172.527569] (-) TimerEvent: {}
[172.628427] (-) TimerEvent: {}
[172.729158] (-) TimerEvent: {}
[172.829833] (-) TimerEvent: {}
[172.930855] (-) TimerEvent: {}
[173.032873] (-) TimerEvent: {}
[173.133754] (-) TimerEvent: {}
[173.234416] (-) TimerEvent: {}
[173.984911] (-) TimerEvent: {}
[174.085855] (-) TimerEvent: {}
[174.186596] (-) TimerEvent: {}
[174.287325] (-) TimerEvent: {}
[174.388441] (-) TimerEvent: {}
[174.489381] (-) TimerEvent: {}
[174.596453] (-) TimerEvent: {}
[174.700110] (-) TimerEvent: {}
[174.801279] (-) TimerEvent: {}
[174.902428] (-) TimerEvent: {}
[175.003600] (-) TimerEvent: {}
[175.104572] (-) TimerEvent: {}
[175.205462] (-) TimerEvent: {}
[175.306377] (-) TimerEvent: {}
[175.407002] (-) TimerEvent: {}
[175.507629] (-) TimerEvent: {}
[175.608285] (-) TimerEvent: {}
[175.708911] (-) TimerEvent: {}
[175.809503] (-) TimerEvent: {}
[175.910095] (-) TimerEvent: {}
[176.010688] (-) TimerEvent: {}
[176.112102] (-) TimerEvent: {}
[176.213051] (-) TimerEvent: {}
[176.313700] (-) TimerEvent: {}
[176.414957] (-) TimerEvent: {}
[176.516328] (-) TimerEvent: {}
[176.621268] (-) TimerEvent: {}
[176.722931] (-) TimerEvent: {}
[176.824621] (-) TimerEvent: {}
[176.928441] (-) TimerEvent: {}
[177.030176] (-) TimerEvent: {}
[177.132107] (-) TimerEvent: {}
[177.236139] (-) TimerEvent: {}
[177.338633] (-) TimerEvent: {}
[177.444596] (-) TimerEvent: {}
[177.546170] (-) TimerEvent: {}
[177.652141] (-) TimerEvent: {}
[177.753568] (-) TimerEvent: {}
[177.860171] (-) TimerEvent: {}
[177.961613] (-) TimerEvent: {}
[178.062683] (-) TimerEvent: {}
[178.164219] (-) TimerEvent: {}
[178.269131] (-) TimerEvent: {}
[178.510254] (-) TimerEvent: {}
[178.611976] (-) TimerEvent: {}
[178.720138] (-) TimerEvent: {}
[178.821093] (-) TimerEvent: {}
[178.922114] (-) TimerEvent: {}
[179.023041] (-) TimerEvent: {}
[179.128099] (-) TimerEvent: {}
[179.228988] (-) TimerEvent: {}
[179.329768] (-) TimerEvent: {}
[179.433753] (-) TimerEvent: {}
[179.536125] (-) TimerEvent: {}
[179.636860] (-) TimerEvent: {}
[179.737990] (-) TimerEvent: {}
[179.840415] (-) TimerEvent: {}
[179.941163] (-) TimerEvent: {}
[180.044426] (-) TimerEvent: {}
[180.145937] (-) TimerEvent: {}
[180.247078] (-) TimerEvent: {}
[180.349843] (-) TimerEvent: {}
[180.451949] (-) TimerEvent: {}
[180.553102] (-) TimerEvent: {}
[180.656150] (-) TimerEvent: {}
[180.760124] (-) TimerEvent: {}
[180.861012] (-) TimerEvent: {}
[180.961952] (-) TimerEvent: {}
[181.062886] (-) TimerEvent: {}
[181.163727] (-) TimerEvent: {}
[181.265221] (-) TimerEvent: {}
[181.368581] (-) TimerEvent: {}
[181.469632] (-) TimerEvent: {}
[181.570370] (-) TimerEvent: {}
[181.674736] (-) TimerEvent: {}
[181.775685] (-) TimerEvent: {}
[181.877299] (-) TimerEvent: {}
[181.978693] (-) TimerEvent: {}
[182.080178] (-) TimerEvent: {}
[182.181691] (-) TimerEvent: {}
[182.285229] (-) TimerEvent: {}
[182.388588] (-) TimerEvent: {}
[182.490156] (-) TimerEvent: {}
[182.592113] (-) TimerEvent: {}
[182.695780] (-) TimerEvent: {}
[182.800403] (-) TimerEvent: {}
[182.902328] (-) TimerEvent: {}
[183.008115] (-) TimerEvent: {}
[183.109443] (-) TimerEvent: {}
[183.210910] (-) TimerEvent: {}
[183.315850] (-) TimerEvent: {}
[185.190800] (-) TimerEvent: {}
[185.291860] (-) TimerEvent: {}
[185.393052] (-) TimerEvent: {}
[185.494533] (-) TimerEvent: {}
[185.600111] (-) TimerEvent: {}
[185.701268] (-) TimerEvent: {}
[185.803313] (-) TimerEvent: {}
[185.904832] (-) TimerEvent: {}
[186.011284] (-) TimerEvent: {}
[186.112482] (-) TimerEvent: {}
[186.213112] (-) TimerEvent: {}
[186.314497] (-) TimerEvent: {}
[186.415501] (-) TimerEvent: {}
[186.516820] (-) TimerEvent: {}
[186.617466] (-) TimerEvent: {}
[186.718489] (-) TimerEvent: {}
[186.819296] (-) TimerEvent: {}
[186.920853] (-) TimerEvent: {}
[187.021707] (-) TimerEvent: {}
[187.123069] (-) TimerEvent: {}
[187.224232] (-) TimerEvent: {}
[187.328646] (-) TimerEvent: {}
[187.432754] (-) TimerEvent: {}
[187.534348] (-) TimerEvent: {}
[187.635805] (-) TimerEvent: {}
[187.738262] (-) TimerEvent: {}
[187.839457] (-) TimerEvent: {}
[187.940188] (-) TimerEvent: {}
[188.042220] (-) TimerEvent: {}
[188.143229] (-) TimerEvent: {}
[188.246109] (-) TimerEvent: {}
[188.347334] (-) TimerEvent: {}
[188.449320] (-) TimerEvent: {}
[188.550682] (-) TimerEvent: {}
[188.656900] (-) TimerEvent: {}
[188.758814] (-) TimerEvent: {}
[188.859998] (-) TimerEvent: {}
[188.961268] (-) TimerEvent: {}
[189.062043] (-) TimerEvent: {}
[189.163297] (-) TimerEvent: {}
[189.264616] (-) TimerEvent: {}
[189.366037] (-) TimerEvent: {}
[189.472116] (-) TimerEvent: {}
[189.573086] (-) TimerEvent: {}
[189.674281] (-) TimerEvent: {}
[189.780165] (-) TimerEvent: {}
[189.881501] (-) TimerEvent: {}
[189.982752] (-) TimerEvent: {}
[190.085348] (-) TimerEvent: {}
[190.187249] (-) TimerEvent: {}
[190.396126] (-) TimerEvent: {}
[190.497420] (-) TimerEvent: {}
[190.598853] (-) TimerEvent: {}
[190.700085] (-) TimerEvent: {}
[190.801254] (-) TimerEvent: {}
[190.904128] (-) TimerEvent: {}
[191.005380] (-) TimerEvent: {}
[191.106607] (-) TimerEvent: {}
[191.207891] (-) TimerEvent: {}
[191.312100] (-) TimerEvent: {}
[191.413071] (-) TimerEvent: {}
[191.514268] (-) TimerEvent: {}
[191.615387] (-) TimerEvent: {}
[191.719425] (-) TimerEvent: {}
[191.820755] (-) TimerEvent: {}
[191.922253] (-) TimerEvent: {}
[192.023663] (-) TimerEvent: {}
[192.125038] (-) TimerEvent: {}
[192.225802] (-) TimerEvent: {}
[192.326995] (-) TimerEvent: {}
[192.427713] (-) TimerEvent: {}
[192.528634] (-) TimerEvent: {}
[192.629563] (-) TimerEvent: {}
[192.730519] (-) TimerEvent: {}
[192.831183] (-) TimerEvent: {}
[192.931842] (-) TimerEvent: {}
[193.032569] (-) TimerEvent: {}
[193.136149] (-) TimerEvent: {}
[193.237148] (-) TimerEvent: {}
[193.338007] (-) TimerEvent: {}
[193.439176] (-) TimerEvent: {}
[193.539881] (-) TimerEvent: {}
[193.640969] (-) TimerEvent: {}
[193.741660] (-) TimerEvent: {}
[193.842524] (-) TimerEvent: {}
[193.943568] (-) TimerEvent: {}
[194.044440] (-) TimerEvent: {}
[194.145239] (-) TimerEvent: {}
[194.245954] (-) TimerEvent: {}
[194.347081] (-) TimerEvent: {}
[194.448143] (-) TimerEvent: {}
[194.552099] (-) TimerEvent: {}
[194.653319] (-) TimerEvent: {}
[194.754314] (-) TimerEvent: {}
[194.855463] (-) TimerEvent: {}
[194.956241] (-) TimerEvent: {}
[195.057370] (-) TimerEvent: {}
[195.158026] (-) TimerEvent: {}
[195.258875] (-) TimerEvent: {}
[195.359678] (-) TimerEvent: {}
[195.460564] (-) TimerEvent: {}
[195.561255] (-) TimerEvent: {}
[195.661996] (-) TimerEvent: {}
[195.762741] (-) TimerEvent: {}
[195.863480] (-) TimerEvent: {}
[195.966925] (-) TimerEvent: {}
[196.070808] (-) TimerEvent: {}
[196.171554] (-) TimerEvent: {}
[196.272918] (-) TimerEvent: {}
[196.374358] (-) TimerEvent: {}
[196.475554] (-) TimerEvent: {}
[196.576381] (-) TimerEvent: {}
[196.677509] (-) TimerEvent: {}
[196.778693] (-) TimerEvent: {}
[196.879367] (-) TimerEvent: {}
[196.980141] (-) TimerEvent: {}
[197.080972] (-) TimerEvent: {}
[197.181762] (-) TimerEvent: {}
[197.282550] (-) TimerEvent: {}
[197.383349] (-) TimerEvent: {}
[197.493343] (-) TimerEvent: {}
[197.594449] (-) TimerEvent: {}
[197.695468] (-) TimerEvent: {}
[197.796376] (-) TimerEvent: {}
[197.897519] (-) TimerEvent: {}
[197.998255] (-) TimerEvent: {}
[198.099278] (-) TimerEvent: {}
[198.200050] (-) TimerEvent: {}
[198.304861] (-) TimerEvent: {}
[198.405892] (-) TimerEvent: {}
[198.507706] (-) TimerEvent: {}
[198.608898] (-) TimerEvent: {}
[198.709976] (-) TimerEvent: {}
[198.810650] (-) TimerEvent: {}
[198.911371] (-) TimerEvent: {}
[199.012206] (-) TimerEvent: {}
[199.116152] (-) TimerEvent: {}
[199.218496] (-) TimerEvent: {}
[199.319598] (-) TimerEvent: {}
[199.420743] (-) TimerEvent: {}
[199.524172] (-) TimerEvent: {}
[199.625675] (-) TimerEvent: {}
[199.727578] (-) TimerEvent: {}
[199.832186] (-) TimerEvent: {}
[199.936372] (-) TimerEvent: {}
[200.037624] (-) TimerEvent: {}
[200.138747] (-) TimerEvent: {}
[200.244266] (-) TimerEvent: {}
[200.345322] (-) TimerEvent: {}
[200.448257] (-) TimerEvent: {}
[200.549282] (-) TimerEvent: {}
[200.651222] (-) TimerEvent: {}
[200.755993] (-) TimerEvent: {}
[200.856900] (-) TimerEvent: {}
[200.960149] (-) TimerEvent: {}
[201.064176] (-) TimerEvent: {}
[201.173212] (-) TimerEvent: {}
[201.274775] (-) TimerEvent: {}
[201.381148] (-) TimerEvent: {}
[201.482975] (-) TimerEvent: {}
[201.586512] (-) TimerEvent: {}
[201.690111] (-) TimerEvent: {}
[201.792167] (-) TimerEvent: {}
[201.893301] (-) TimerEvent: {}
[202.000574] (-) TimerEvent: {}
[202.102547] (-) TimerEvent: {}
[202.208109] (-) TimerEvent: {}
[202.309137] (-) TimerEvent: {}
[202.416119] (-) TimerEvent: {}
[202.517367] (-) TimerEvent: {}
[202.619131] (-) TimerEvent: {}
[202.721219] (-) TimerEvent: {}
[202.822037] (-) TimerEvent: {}
[202.926423] (-) TimerEvent: {}
[203.027590] (-) TimerEvent: {}
[203.129843] (-) TimerEvent: {}
[203.231467] (-) TimerEvent: {}
[203.336741] (-) TimerEvent: {}
[203.438226] (-) TimerEvent: {}
[203.540397] (-) TimerEvent: {}
[203.644111] (-) TimerEvent: {}
[203.745181] (-) TimerEvent: {}
[203.846433] (-) TimerEvent: {}
[203.948066] (-) TimerEvent: {}
[204.049257] (-) TimerEvent: {}
[204.152799] (-) TimerEvent: {}
[204.254275] (-) TimerEvent: {}
[204.360115] (-) TimerEvent: {}
[204.461193] (-) TimerEvent: {}
[204.562701] (-) TimerEvent: {}
[204.664385] (-) TimerEvent: {}
[204.768110] (-) TimerEvent: {}
[204.869102] (-) TimerEvent: {}
[204.970400] (-) TimerEvent: {}
[205.071414] (-) TimerEvent: {}
[205.172775] (-) TimerEvent: {}
[205.273811] (-) TimerEvent: {}
[205.375370] (-) TimerEvent: {}
[205.476257] (-) TimerEvent: {}
[205.577567] (-) TimerEvent: {}
[205.682383] (-) TimerEvent: {}
[205.783653] (-) TimerEvent: {}
[205.885426] (-) TimerEvent: {}
[205.986911] (-) TimerEvent: {}
[206.088399] (-) TimerEvent: {}
[206.189491] (-) TimerEvent: {}
[206.290237] (-) TimerEvent: {}
[206.391761] (-) TimerEvent: {}
[206.492660] (-) TimerEvent: {}
[206.594058] (-) TimerEvent: {}
[206.694931] (-) TimerEvent: {}
[206.796497] (-) TimerEvent: {}
[206.897921] (-) TimerEvent: {}
[206.999301] (-) TimerEvent: {}
[207.100588] (-) TimerEvent: {}
[207.201778] (-) TimerEvent: {}
[207.302906] (-) TimerEvent: {}
[207.403894] (-) TimerEvent: {}
[207.505336] (-) TimerEvent: {}
[207.606536] (-) TimerEvent: {}
[207.707193] (-) TimerEvent: {}
[207.808502] (-) TimerEvent: {}
[207.909525] (-) TimerEvent: {}
[208.010739] (-) TimerEvent: {}
[208.112969] (-) TimerEvent: {}
[208.213969] (-) TimerEvent: {}
[208.315493] (-) TimerEvent: {}
[208.416847] (-) TimerEvent: {}
[208.524216] (-) TimerEvent: {}
[208.628638] (-) TimerEvent: {}
[208.729329] (-) TimerEvent: {}
[208.830678] (-) TimerEvent: {}
[208.931749] (-) TimerEvent: {}
[209.032860] (-) TimerEvent: {}
[209.133607] (-) TimerEvent: {}
[209.234292] (-) TimerEvent: {}
[209.335027] (-) TimerEvent: {}
[209.435784] (-) TimerEvent: {}
[209.536512] (-) TimerEvent: {}
[209.637239] (-) TimerEvent: {}
[209.737878] (-) TimerEvent: {}
[209.831761] (opentera_webrtc_demos) StderrLine: {'line': b'\n'}
[209.841028] (-) TimerEvent: {}
[209.843411] (opentera_webrtc_demos) StderrLine: {'line': b'> teleop-vue@0.1.0 build\n'}
[209.846477] (opentera_webrtc_demos) StderrLine: {'line': b'> vue-cli-service build\n'}
[209.850203] (opentera_webrtc_demos) StderrLine: {'line': b'\n'}
[209.852162] (opentera_webrtc_demos) StderrLine: {'line': b'\n'}
[209.853192] (opentera_webrtc_demos) StderrLine: {'line': b'-  Building for production...\n'}
[209.855712] (opentera_webrtc_demos) StderrLine: {'line': b'DEPRECATION WARNING [legacy-js-api]: The legacy JS API is deprecated and will be removed in Dart Sass 2.0.0.\n'}
[209.860261] (opentera_webrtc_demos) StderrLine: {'line': b'\n'}
[209.861223] (opentera_webrtc_demos) StderrLine: {'line': b'More info: https://sass-lang.com/d/legacy-js-api\n'}
[209.862195] (opentera_webrtc_demos) StderrLine: {'line': b'\n'}
[209.863156] (opentera_webrtc_demos) StderrLine: {'line': b'DEPRECATION WARNING [import]: Sass @import rules are deprecated and will be removed in Dart Sass 3.0.0.\n'}
[209.864038] (opentera_webrtc_demos) StderrLine: {'line': b'\n'}
[209.864913] (opentera_webrtc_demos) StderrLine: {'line': b'More info and automated migrator: https://sass-lang.com/d/import\n'}
[209.865716] (opentera_webrtc_demos) StderrLine: {'line': b'\n'}
[209.866141] (opentera_webrtc_demos) StderrLine: {'line': b'  \xe2\x95\xb7\n'}
[209.866709] (opentera_webrtc_demos) StderrLine: {'line': b'1 \xe2\x94\x82 @import "~@/app.scss";\n'}
[209.867348] (opentera_webrtc_demos) StderrLine: {'line': b'  \xe2\x94\x82         ^^^^^^^^^^^^^\n'}
[209.868141] (opentera_webrtc_demos) StderrLine: {'line': b'  \xe2\x95\xb5\n'}
[209.869042] (opentera_webrtc_demos) StderrLine: {'line': b'    stdin 1:9  root stylesheet\n'}
[209.869861] (opentera_webrtc_demos) StderrLine: {'line': b'\n'}
[209.870423] (opentera_webrtc_demos) StderrLine: {'line': b'DEPRECATION WARNING [import]: Sass @import rules are deprecated and will be removed in Dart Sass 3.0.0.\n'}
[209.871107] (opentera_webrtc_demos) StderrLine: {'line': b'\n'}
[209.871802] (opentera_webrtc_demos) StderrLine: {'line': b'More info and automated migrator: https://sass-lang.com/d/import\n'}
[209.872718] (opentera_webrtc_demos) StderrLine: {'line': b'\n'}
[209.873522] (opentera_webrtc_demos) StderrLine: {'line': b'   \xe2\x95\xb7\n'}
[209.876116] (opentera_webrtc_demos) StderrLine: {'line': b'96 \xe2\x94\x82 @import "./scss/button.scss";\n'}
[209.877159] (opentera_webrtc_demos) StderrLine: {'line': b'   \xe2\x94\x82         ^^^^^^^^^^^^^^^^^^^^\n'}
[209.877908] (opentera_webrtc_demos) StderrLine: {'line': b'   \xe2\x95\xb5\n'}
[209.878624] (opentera_webrtc_demos) StderrLine: {'line': b'    src/app.scss 96:9  @import\n'}
[209.879519] (opentera_webrtc_demos) StderrLine: {'line': b'    stdin 1:9          root stylesheet\n'}
[209.880335] (opentera_webrtc_demos) StderrLine: {'line': b'\n'}
[209.881119] (opentera_webrtc_demos) StderrLine: {'line': b'DEPRECATION WARNING [import]: Sass @import rules are deprecated and will be removed in Dart Sass 3.0.0.\n'}
[209.883956] (opentera_webrtc_demos) StderrLine: {'line': b'\n'}
[209.887816] (opentera_webrtc_demos) StderrLine: {'line': b'More info and automated migrator: https://sass-lang.com/d/import\n'}
[209.893611] (opentera_webrtc_demos) StderrLine: {'line': b'\n'}
[209.894741] (opentera_webrtc_demos) StderrLine: {'line': b'   \xe2\x95\xb7\n'}
[209.896317] (opentera_webrtc_demos) StderrLine: {'line': b'97 \xe2\x94\x82 @import "./scss/grid.scss";\n'}
[209.902658] (opentera_webrtc_demos) StderrLine: {'line': b'   \xe2\x94\x82         ^^^^^^^^^^^^^^^^^^\n'}
[209.903728] (opentera_webrtc_demos) StderrLine: {'line': b'   \xe2\x95\xb5\n'}
[209.904678] (opentera_webrtc_demos) StderrLine: {'line': b'    src/app.scss 97:9  @import\n'}
[209.905529] (opentera_webrtc_demos) StderrLine: {'line': b'    stdin 1:9          root stylesheet\n'}
[209.906383] (opentera_webrtc_demos) StderrLine: {'line': b'\n'}
[209.907514] (opentera_webrtc_demos) StderrLine: {'line': b'DEPRECATION WARNING [legacy-js-api]: The legacy JS API is deprecated and will be removed in Dart Sass 2.0.0.\n'}
[209.909412] (opentera_webrtc_demos) StderrLine: {'line': b'\n'}
[209.910413] (opentera_webrtc_demos) StderrLine: {'line': b'More info: https://sass-lang.com/d/legacy-js-api\n'}
[209.911357] (opentera_webrtc_demos) StderrLine: {'line': b'\n'}
[209.912478] (opentera_webrtc_demos) StderrLine: {'line': b'DEPRECATION WARNING [import]: Sass @import rules are deprecated and will be removed in Dart Sass 3.0.0.\n'}
[209.913223] (opentera_webrtc_demos) StderrLine: {'line': b'\n'}
[209.913969] (opentera_webrtc_demos) StderrLine: {'line': b'More info and automated migrator: https://sass-lang.com/d/import\n'}
[209.914624] (opentera_webrtc_demos) StderrLine: {'line': b'\n'}
[209.915200] (opentera_webrtc_demos) StderrLine: {'line': b'  \xe2\x95\xb7\n'}
[209.918655] (opentera_webrtc_demos) StderrLine: {'line': b'1 \xe2\x94\x82 @import "~@/app.scss";\n'}
[209.919708] (opentera_webrtc_demos) StderrLine: {'line': b'  \xe2\x94\x82         ^^^^^^^^^^^^^\n'}
[209.920875] (opentera_webrtc_demos) StderrLine: {'line': b'  \xe2\x95\xb5\n'}
[209.921264] (opentera_webrtc_demos) StderrLine: {'line': b'    stdin 1:9  root stylesheet\n'}
[209.921732] (opentera_webrtc_demos) StderrLine: {'line': b'\n'}
[209.922391] (opentera_webrtc_demos) StderrLine: {'line': b'DEPRECATION WARNING [import]: Sass @import rules are deprecated and will be removed in Dart Sass 3.0.0.\n'}
[209.923063] (opentera_webrtc_demos) StderrLine: {'line': b'\n'}
[209.924114] (opentera_webrtc_demos) StderrLine: {'line': b'More info and automated migrator: https://sass-lang.com/d/import\n'}
[209.924936] (opentera_webrtc_demos) StderrLine: {'line': b'\n'}
[209.925468] (opentera_webrtc_demos) StderrLine: {'line': b'  \xe2\x95\xb7\n'}
[209.925950] (opentera_webrtc_demos) StderrLine: {'line': b'3 \xe2\x94\x82 @import "./NotFoundView.scss";\n'}
[209.926358] (opentera_webrtc_demos) StderrLine: {'line': b'  \xe2\x94\x82         ^^^^^^^^^^^^^^^^^^^^^\n'}
[209.926766] (opentera_webrtc_demos) StderrLine: {'line': b'  \xe2\x95\xb5\n'}
[209.927168] (opentera_webrtc_demos) StderrLine: {'line': b'    stdin 3:9  root stylesheet\n'}
[209.927523] (opentera_webrtc_demos) StderrLine: {'line': b'\n'}
[209.928000] (opentera_webrtc_demos) StderrLine: {'line': b'DEPRECATION WARNING [import]: Sass @import rules are deprecated and will be removed in Dart Sass 3.0.0.\n'}
[209.928572] (opentera_webrtc_demos) StderrLine: {'line': b'\n'}
[209.929006] (opentera_webrtc_demos) StderrLine: {'line': b'More info and automated migrator: https://sass-lang.com/d/import\n'}
[209.929353] (opentera_webrtc_demos) StderrLine: {'line': b'\n'}
[209.929833] (opentera_webrtc_demos) StderrLine: {'line': b'   \xe2\x95\xb7\n'}
[209.930299] (opentera_webrtc_demos) StderrLine: {'line': b'96 \xe2\x94\x82 @import "./scss/button.scss";\n'}
[209.930755] (opentera_webrtc_demos) StderrLine: {'line': b'   \xe2\x94\x82         ^^^^^^^^^^^^^^^^^^^^\n'}
[209.931613] (opentera_webrtc_demos) StderrLine: {'line': b'   \xe2\x95\xb5\n'}
[209.932255] (opentera_webrtc_demos) StderrLine: {'line': b'    src/app.scss 96:9  @import\n'}
[209.932746] (opentera_webrtc_demos) StderrLine: {'line': b'    stdin 1:9          root stylesheet\n'}
[209.933294] (opentera_webrtc_demos) StderrLine: {'line': b'\n'}
[209.933731] (opentera_webrtc_demos) StderrLine: {'line': b'DEPRECATION WARNING [import]: Sass @import rules are deprecated and will be removed in Dart Sass 3.0.0.\n'}
[209.934998] (opentera_webrtc_demos) StderrLine: {'line': b'\n'}
[209.935546] (opentera_webrtc_demos) StderrLine: {'line': b'More info and automated migrator: https://sass-lang.com/d/import\n'}
[209.936018] (opentera_webrtc_demos) StderrLine: {'line': b'\n'}
[209.936961] (opentera_webrtc_demos) StderrLine: {'line': b'   \xe2\x95\xb7\n'}
[209.937767] (opentera_webrtc_demos) StderrLine: {'line': b'97 \xe2\x94\x82 @import "./scss/grid.scss";\n'}
[209.938604] (opentera_webrtc_demos) StderrLine: {'line': b'   \xe2\x94\x82         ^^^^^^^^^^^^^^^^^^\n'}
[209.939048] (opentera_webrtc_demos) StderrLine: {'line': b'   \xe2\x95\xb5\n'}
[209.939705] (opentera_webrtc_demos) StderrLine: {'line': b'    src/app.scss 97:9  @import\n'}
[209.940587] (opentera_webrtc_demos) StderrLine: {'line': b'    stdin 1:9          root stylesheet\n'}
[209.941370] (-) TimerEvent: {}
[209.942984] (opentera_webrtc_demos) StderrLine: {'line': b'\n'}
[209.945713] (opentera_webrtc_demos) StderrLine: {'line': b'DEPRECATION WARNING [legacy-js-api]: The legacy JS API is deprecated and will be removed in Dart Sass 2.0.0.\n'}
[209.946417] (opentera_webrtc_demos) StderrLine: {'line': b'\n'}
[209.946899] (opentera_webrtc_demos) StderrLine: {'line': b'More info: https://sass-lang.com/d/legacy-js-api\n'}
[209.947492] (opentera_webrtc_demos) StderrLine: {'line': b'\n'}
[209.948661] (opentera_webrtc_demos) StderrLine: {'line': b'DEPRECATION WARNING [import]: Sass @import rules are deprecated and will be removed in Dart Sass 3.0.0.\n'}
[209.950321] (opentera_webrtc_demos) StderrLine: {'line': b'\n'}
[209.951102] (opentera_webrtc_demos) StderrLine: {'line': b'More info and automated migrator: https://sass-lang.com/d/import\n'}
[209.952064] (opentera_webrtc_demos) StderrLine: {'line': b'\n'}
[209.953798] (opentera_webrtc_demos) StderrLine: {'line': b'  \xe2\x95\xb7\n'}
[209.954571] (opentera_webrtc_demos) StderrLine: {'line': b'1 \xe2\x94\x82 @import "~@/app.scss";\n'}
[209.956004] (opentera_webrtc_demos) StderrLine: {'line': b'  \xe2\x94\x82         ^^^^^^^^^^^^^\n'}
[209.959264] (opentera_webrtc_demos) StderrLine: {'line': b'  \xe2\x95\xb5\n'}
[209.960654] (opentera_webrtc_demos) StderrLine: {'line': b'    stdin 1:9  root stylesheet\n'}
[209.961274] (opentera_webrtc_demos) StderrLine: {'line': b'\n'}
[209.962066] (opentera_webrtc_demos) StderrLine: {'line': b'DEPRECATION WARNING [import]: Sass @import rules are deprecated and will be removed in Dart Sass 3.0.0.\n'}
[209.962866] (opentera_webrtc_demos) StderrLine: {'line': b'\n'}
[209.963547] (opentera_webrtc_demos) StderrLine: {'line': b'More info and automated migrator: https://sass-lang.com/d/import\n'}
[209.964178] (opentera_webrtc_demos) StderrLine: {'line': b'\n'}
[209.967026] (opentera_webrtc_demos) StderrLine: {'line': b'  \xe2\x95\xb7\n'}
[209.971342] (opentera_webrtc_demos) StderrLine: {'line': b'3 \xe2\x94\x82 @import "./ExpandableMap.scss";\n'}
[209.972841] (opentera_webrtc_demos) StderrLine: {'line': b'  \xe2\x94\x82         ^^^^^^^^^^^^^^^^^^^^^^\n'}
[209.973627] (opentera_webrtc_demos) StderrLine: {'line': b'  \xe2\x95\xb5\n'}
[209.974312] (opentera_webrtc_demos) StderrLine: {'line': b'    stdin 3:9  root stylesheet\n'}
[209.975059] (opentera_webrtc_demos) StderrLine: {'line': b'\n'}
[209.975547] (opentera_webrtc_demos) StderrLine: {'line': b'DEPRECATION WARNING [import]: Sass @import rules are deprecated and will be removed in Dart Sass 3.0.0.\n'}
[209.976875] (opentera_webrtc_demos) StderrLine: {'line': b'\n'}
[209.977677] (opentera_webrtc_demos) StderrLine: {'line': b'More info and automated migrator: https://sass-lang.com/d/import\n'}
[209.979537] (opentera_webrtc_demos) StderrLine: {'line': b'\n'}
[209.980543] (opentera_webrtc_demos) StderrLine: {'line': b'   \xe2\x95\xb7\n'}
[209.981318] (opentera_webrtc_demos) StderrLine: {'line': b'96 \xe2\x94\x82 @import "./scss/button.scss";\n'}
[209.982070] (opentera_webrtc_demos) StderrLine: {'line': b'   \xe2\x94\x82         ^^^^^^^^^^^^^^^^^^^^\n'}
[209.983545] (opentera_webrtc_demos) StderrLine: {'line': b'   \xe2\x95\xb5\n'}
[209.984445] (opentera_webrtc_demos) StderrLine: {'line': b'    src/app.scss 96:9  @import\n'}
[209.984981] (opentera_webrtc_demos) StderrLine: {'line': b'    stdin 1:9          root stylesheet\n'}
[209.985492] (opentera_webrtc_demos) StderrLine: {'line': b'\n'}
[209.986191] (opentera_webrtc_demos) StderrLine: {'line': b'DEPRECATION WARNING [import]: Sass @import rules are deprecated and will be removed in Dart Sass 3.0.0.\n'}
[209.987605] (opentera_webrtc_demos) StderrLine: {'line': b'\n'}
[209.988615] (opentera_webrtc_demos) StderrLine: {'line': b'More info and automated migrator: https://sass-lang.com/d/import\n'}
[209.989479] (opentera_webrtc_demos) StderrLine: {'line': b'\n'}
[209.990162] (opentera_webrtc_demos) StderrLine: {'line': b'   \xe2\x95\xb7\n'}
[209.990870] (opentera_webrtc_demos) StderrLine: {'line': b'97 \xe2\x94\x82 @import "./scss/grid.scss";\n'}
[209.992001] (opentera_webrtc_demos) StderrLine: {'line': b'   \xe2\x94\x82         ^^^^^^^^^^^^^^^^^^\n'}
[209.992973] (opentera_webrtc_demos) StderrLine: {'line': b'   \xe2\x95\xb5\n'}
[209.996327] (opentera_webrtc_demos) StderrLine: {'line': b'    src/app.scss 97:9  @import\n'}
[209.997468] (opentera_webrtc_demos) StderrLine: {'line': b'    stdin 1:9          root stylesheet\n'}
[209.998232] (opentera_webrtc_demos) StderrLine: {'line': b'\n'}
[209.999083] (opentera_webrtc_demos) StderrLine: {'line': b'DEPRECATION WARNING [legacy-js-api]: The legacy JS API is deprecated and will be removed in Dart Sass 2.0.0.\n'}
[210.000080] (opentera_webrtc_demos) StderrLine: {'line': b'\n'}
[210.001384] (opentera_webrtc_demos) StderrLine: {'line': b'More info: https://sass-lang.com/d/legacy-js-api\n'}
[210.002410] (opentera_webrtc_demos) StderrLine: {'line': b'\n'}
[210.003276] (opentera_webrtc_demos) StderrLine: {'line': b'DEPRECATION WARNING [import]: Sass @import rules are deprecated and will be removed in Dart Sass 3.0.0.\n'}
[210.004148] (opentera_webrtc_demos) StderrLine: {'line': b'\n'}
[210.008921] (opentera_webrtc_demos) StderrLine: {'line': b'More info and automated migrator: https://sass-lang.com/d/import\n'}
[210.010776] (opentera_webrtc_demos) StderrLine: {'line': b'\n'}
[210.011204] (opentera_webrtc_demos) StderrLine: {'line': b'  \xe2\x95\xb7\n'}
[210.011625] (opentera_webrtc_demos) StderrLine: {'line': b'1 \xe2\x94\x82 @import "~@/app.scss";\n'}
[210.012092] (opentera_webrtc_demos) StderrLine: {'line': b'  \xe2\x94\x82         ^^^^^^^^^^^^^\n'}
[210.013417] (opentera_webrtc_demos) StderrLine: {'line': b'  \xe2\x95\xb5\n'}
[210.018032] (opentera_webrtc_demos) StderrLine: {'line': b'    stdin 1:9  root stylesheet\n'}
[210.019415] (opentera_webrtc_demos) StderrLine: {'line': b'\n'}
[210.020761] (opentera_webrtc_demos) StderrLine: {'line': b'DEPRECATION WARNING [import]: Sass @import rules are deprecated and will be removed in Dart Sass 3.0.0.\n'}
[210.021947] (opentera_webrtc_demos) StderrLine: {'line': b'\n'}
[210.024612] (opentera_webrtc_demos) StderrLine: {'line': b'More info and automated migrator: https://sass-lang.com/d/import\n'}
[210.025741] (opentera_webrtc_demos) StderrLine: {'line': b'\n'}
[210.027599] (opentera_webrtc_demos) StderrLine: {'line': b'  \xe2\x95\xb7\n'}
[210.029548] (opentera_webrtc_demos) StderrLine: {'line': b'3 \xe2\x94\x82 @import "./Slider.scss";\n'}
[210.030457] (opentera_webrtc_demos) StderrLine: {'line': b'  \xe2\x94\x82         ^^^^^^^^^^^^^^^\n'}
[210.031630] (opentera_webrtc_demos) StderrLine: {'line': b'  \xe2\x95\xb5\n'}
[210.033028] (opentera_webrtc_demos) StderrLine: {'line': b'    stdin 3:9  root stylesheet\n'}
[210.034252] (opentera_webrtc_demos) StderrLine: {'line': b'\n'}
[210.035347] (opentera_webrtc_demos) StderrLine: {'line': b'DEPRECATION WARNING [import]: Sass @import rules are deprecated and will be removed in Dart Sass 3.0.0.\n'}
[210.036596] (opentera_webrtc_demos) StderrLine: {'line': b'\n'}
[210.037941] (opentera_webrtc_demos) StderrLine: {'line': b'More info and automated migrator: https://sass-lang.com/d/import\n'}
[210.039077] (opentera_webrtc_demos) StderrLine: {'line': b'\n'}
[210.040722] (opentera_webrtc_demos) StderrLine: {'line': b'   \xe2\x95\xb7\n'}
[210.042065] (-) TimerEvent: {}
[210.043526] (opentera_webrtc_demos) StderrLine: {'line': b'96 \xe2\x94\x82 @import "./scss/button.scss";\n'}
[210.044947] (opentera_webrtc_demos) StderrLine: {'line': b'   \xe2\x94\x82         ^^^^^^^^^^^^^^^^^^^^\n'}
[210.045944] (opentera_webrtc_demos) StderrLine: {'line': b'   \xe2\x95\xb5\n'}
[210.047236] (opentera_webrtc_demos) StderrLine: {'line': b'    src/app.scss 96:9  @import\n'}
[210.049897] (opentera_webrtc_demos) StderrLine: {'line': b'    stdin 1:9          root stylesheet\n'}
[210.051067] (opentera_webrtc_demos) StderrLine: {'line': b'\n'}
[210.052114] (opentera_webrtc_demos) StderrLine: {'line': b'DEPRECATION WARNING [import]: Sass @import rules are deprecated and will be removed in Dart Sass 3.0.0.\n'}
[210.053963] (opentera_webrtc_demos) StderrLine: {'line': b'\n'}
[210.055492] (opentera_webrtc_demos) StderrLine: {'line': b'More info and automated migrator: https://sass-lang.com/d/import\n'}
[210.056585] (opentera_webrtc_demos) StderrLine: {'line': b'\n'}
[210.058083] (opentera_webrtc_demos) StderrLine: {'line': b'   \xe2\x95\xb7\n'}
[210.059253] (opentera_webrtc_demos) StderrLine: {'line': b'97 \xe2\x94\x82 @import "./scss/grid.scss";\n'}
[210.060366] (opentera_webrtc_demos) StderrLine: {'line': b'   \xe2\x94\x82         ^^^^^^^^^^^^^^^^^^\n'}
[210.061683] (opentera_webrtc_demos) StderrLine: {'line': b'   \xe2\x95\xb5\n'}
[210.063246] (opentera_webrtc_demos) StderrLine: {'line': b'    src/app.scss 97:9  @import\n'}
[210.064636] (opentera_webrtc_demos) StderrLine: {'line': b'    stdin 1:9          root stylesheet\n'}
[210.065410] (opentera_webrtc_demos) StderrLine: {'line': b'\n'}
[210.066793] (opentera_webrtc_demos) StderrLine: {'line': b'DEPRECATION WARNING [legacy-js-api]: The legacy JS API is deprecated and will be removed in Dart Sass 2.0.0.\n'}
[210.068557] (opentera_webrtc_demos) StderrLine: {'line': b'\n'}
[210.069712] (opentera_webrtc_demos) StderrLine: {'line': b'More info: https://sass-lang.com/d/legacy-js-api\n'}
[210.071804] (opentera_webrtc_demos) StderrLine: {'line': b'\n'}
[210.074855] (opentera_webrtc_demos) StderrLine: {'line': b'DEPRECATION WARNING [import]: Sass @import rules are deprecated and will be removed in Dart Sass 3.0.0.\n'}
[210.076167] (opentera_webrtc_demos) StderrLine: {'line': b'\n'}
[210.078281] (opentera_webrtc_demos) StderrLine: {'line': b'More info and automated migrator: https://sass-lang.com/d/import\n'}
[210.079496] (opentera_webrtc_demos) StderrLine: {'line': b'\n'}
[210.083838] (opentera_webrtc_demos) StderrLine: {'line': b'  \xe2\x95\xb7\n'}
[210.088368] (opentera_webrtc_demos) StderrLine: {'line': b'1 \xe2\x94\x82 @import "~@/app.scss";\n'}
[210.089318] (opentera_webrtc_demos) StderrLine: {'line': b'  \xe2\x94\x82         ^^^^^^^^^^^^^\n'}
[210.090565] (opentera_webrtc_demos) StderrLine: {'line': b'  \xe2\x95\xb5\n'}
[210.091646] (opentera_webrtc_demos) StderrLine: {'line': b'    stdin 1:9  root stylesheet\n'}
[210.093417] (opentera_webrtc_demos) StderrLine: {'line': b'\n'}
[210.094616] (opentera_webrtc_demos) StderrLine: {'line': b'DEPRECATION WARNING [import]: Sass @import rules are deprecated and will be removed in Dart Sass 3.0.0.\n'}
[210.095407] (opentera_webrtc_demos) StderrLine: {'line': b'\n'}
[210.096481] (opentera_webrtc_demos) StderrLine: {'line': b'More info and automated migrator: https://sass-lang.com/d/import\n'}
[210.097429] (opentera_webrtc_demos) StderrLine: {'line': b'\n'}
[210.098103] (opentera_webrtc_demos) StderrLine: {'line': b'  \xe2\x95\xb7\n'}
[210.100718] (opentera_webrtc_demos) StderrLine: {'line': b'3 \xe2\x94\x82 @import "./UserVideo.scss";\n'}
[210.101464] (opentera_webrtc_demos) StderrLine: {'line': b'  \xe2\x94\x82         ^^^^^^^^^^^^^^^^^^\n'}
[210.103460] (opentera_webrtc_demos) StderrLine: {'line': b'  \xe2\x95\xb5\n'}
[210.104950] (opentera_webrtc_demos) StderrLine: {'line': b'    stdin 3:9  root stylesheet\n'}
[210.106046] (opentera_webrtc_demos) StderrLine: {'line': b'\n'}
[210.107156] (opentera_webrtc_demos) StderrLine: {'line': b'DEPRECATION WARNING [legacy-js-api]: The legacy JS API is deprecated and will be removed in Dart Sass 2.0.0.\n'}
[210.108112] (opentera_webrtc_demos) StderrLine: {'line': b'\n'}
[210.109209] (opentera_webrtc_demos) StderrLine: {'line': b'More info: https://sass-lang.com/d/legacy-js-api\n'}
[210.110232] (opentera_webrtc_demos) StderrLine: {'line': b'\n'}
[210.111189] (opentera_webrtc_demos) StderrLine: {'line': b'DEPRECATION WARNING [import]: Sass @import rules are deprecated and will be removed in Dart Sass 3.0.0.\n'}
[210.112272] (opentera_webrtc_demos) StderrLine: {'line': b'\n'}
[210.113854] (opentera_webrtc_demos) StderrLine: {'line': b'More info and automated migrator: https://sass-lang.com/d/import\n'}
[210.123805] (opentera_webrtc_demos) StderrLine: {'line': b'\n'}
[210.128551] (opentera_webrtc_demos) StderrLine: {'line': b'  \xe2\x95\xb7\n'}
[210.129532] (opentera_webrtc_demos) StderrLine: {'line': b'1 \xe2\x94\x82 @import "~@/app.scss";\n'}
[210.133779] (opentera_webrtc_demos) StderrLine: {'line': b'  \xe2\x94\x82         ^^^^^^^^^^^^^\n'}
[210.135190] (opentera_webrtc_demos) StderrLine: {'line': b'  \xe2\x95\xb5\n'}
[210.139522] (opentera_webrtc_demos) StderrLine: {'line': b'    stdin 1:9  root stylesheet\n'}
[210.140800] (opentera_webrtc_demos) StderrLine: {'line': b'\n'}
[210.142497] (opentera_webrtc_demos) StderrLine: {'line': b'DEPRECATION WARNING [import]: Sass @import rules are deprecated and will be removed in Dart Sass 3.0.0.\n'}
[210.144596] (-) TimerEvent: {}
[210.147997] (opentera_webrtc_demos) StderrLine: {'line': b'\n'}
[210.150531] (opentera_webrtc_demos) StderrLine: {'line': b'More info and automated migrator: https://sass-lang.com/d/import\n'}
[210.151992] (opentera_webrtc_demos) StderrLine: {'line': b'\n'}
[210.156860] (opentera_webrtc_demos) StderrLine: {'line': b'  \xe2\x95\xb7\n'}
[210.157818] (opentera_webrtc_demos) StderrLine: {'line': b'3 \xe2\x94\x82 @import "./DeviceSettings.scss";\n'}
[210.159708] (opentera_webrtc_demos) StderrLine: {'line': b'  \xe2\x94\x82         ^^^^^^^^^^^^^^^^^^^^^^^\n'}
[210.163693] (opentera_webrtc_demos) StderrLine: {'line': b'  \xe2\x95\xb5\n'}
[210.166032] (opentera_webrtc_demos) StderrLine: {'line': b'    stdin 3:9  root stylesheet\n'}
[210.170125] (opentera_webrtc_demos) StderrLine: {'line': b'\n'}
[210.172611] (opentera_webrtc_demos) StderrLine: {'line': b'DEPRECATION WARNING [import]: Sass @import rules are deprecated and will be removed in Dart Sass 3.0.0.\n'}
[210.173366] (opentera_webrtc_demos) StderrLine: {'line': b'\n'}
[210.174957] (opentera_webrtc_demos) StderrLine: {'line': b'More info and automated migrator: https://sass-lang.com/d/import\n'}
[210.175609] (opentera_webrtc_demos) StderrLine: {'line': b'\n'}
[210.176192] (opentera_webrtc_demos) StderrLine: {'line': b'   \xe2\x95\xb7\n'}
[210.177114] (opentera_webrtc_demos) StderrLine: {'line': b'96 \xe2\x94\x82 @import "./scss/button.scss";\n'}
[210.177516] (opentera_webrtc_demos) StderrLine: {'line': b'   \xe2\x94\x82         ^^^^^^^^^^^^^^^^^^^^\n'}
[210.177826] (opentera_webrtc_demos) StderrLine: {'line': b'   \xe2\x95\xb5\n'}
[210.178229] (opentera_webrtc_demos) StderrLine: {'line': b'    src/app.scss 96:9  @import\n'}
[210.178637] (opentera_webrtc_demos) StderrLine: {'line': b'    stdin 1:9          root stylesheet\n'}
[210.179047] (opentera_webrtc_demos) StderrLine: {'line': b'\n'}
[210.179460] (opentera_webrtc_demos) StderrLine: {'line': b'DEPRECATION WARNING [import]: Sass @import rules are deprecated and will be removed in Dart Sass 3.0.0.\n'}
[210.179904] (opentera_webrtc_demos) StderrLine: {'line': b'\n'}
[210.180586] (opentera_webrtc_demos) StderrLine: {'line': b'More info and automated migrator: https://sass-lang.com/d/import\n'}
[210.180972] (opentera_webrtc_demos) StderrLine: {'line': b'\n'}
[210.181432] (opentera_webrtc_demos) StderrLine: {'line': b'   \xe2\x95\xb7\n'}
[210.182030] (opentera_webrtc_demos) StderrLine: {'line': b'97 \xe2\x94\x82 @import "./scss/grid.scss";\n'}
[210.182475] (opentera_webrtc_demos) StderrLine: {'line': b'   \xe2\x94\x82         ^^^^^^^^^^^^^^^^^^\n'}
[210.183089] (opentera_webrtc_demos) StderrLine: {'line': b'   \xe2\x95\xb5\n'}
[210.183578] (opentera_webrtc_demos) StderrLine: {'line': b'    src/app.scss 97:9  @import\n'}
[210.184001] (opentera_webrtc_demos) StderrLine: {'line': b'    stdin 1:9          root stylesheet\n'}
[210.184522] (opentera_webrtc_demos) StderrLine: {'line': b'\n'}
[210.184840] (opentera_webrtc_demos) StderrLine: {'line': b'DEPRECATION WARNING [import]: Sass @import rules are deprecated and will be removed in Dart Sass 3.0.0.\n'}
[210.186888] (opentera_webrtc_demos) StderrLine: {'line': b'\n'}
[210.187521] (opentera_webrtc_demos) StderrLine: {'line': b'More info and automated migrator: https://sass-lang.com/d/import\n'}
[210.187877] (opentera_webrtc_demos) StderrLine: {'line': b'\n'}
[210.188441] (opentera_webrtc_demos) StderrLine: {'line': b'   \xe2\x95\xb7\n'}
[210.188912] (opentera_webrtc_demos) StderrLine: {'line': b'96 \xe2\x94\x82 @import "./scss/button.scss";\n'}
[210.189271] (opentera_webrtc_demos) StderrLine: {'line': b'   \xe2\x94\x82         ^^^^^^^^^^^^^^^^^^^^\n'}
[210.190383] (opentera_webrtc_demos) StderrLine: {'line': b'   \xe2\x95\xb5\n'}
[210.190795] (opentera_webrtc_demos) StderrLine: {'line': b'    src/app.scss 96:9  @import\n'}
[210.191201] (opentera_webrtc_demos) StderrLine: {'line': b'    stdin 1:9          root stylesheet\n'}
[210.191633] (opentera_webrtc_demos) StderrLine: {'line': b'\n'}
[210.192235] (opentera_webrtc_demos) StderrLine: {'line': b'DEPRECATION WARNING [import]: Sass @import rules are deprecated and will be removed in Dart Sass 3.0.0.\n'}
[210.192773] (opentera_webrtc_demos) StderrLine: {'line': b'\n'}
[210.193310] (opentera_webrtc_demos) StderrLine: {'line': b'More info and automated migrator: https://sass-lang.com/d/import\n'}
[210.193825] (opentera_webrtc_demos) StderrLine: {'line': b'\n'}
[210.194302] (opentera_webrtc_demos) StderrLine: {'line': b'   \xe2\x95\xb7\n'}
[210.194752] (opentera_webrtc_demos) StderrLine: {'line': b'97 \xe2\x94\x82 @import "./scss/grid.scss";\n'}
[210.195196] (opentera_webrtc_demos) StderrLine: {'line': b'   \xe2\x94\x82         ^^^^^^^^^^^^^^^^^^\n'}
[210.195523] (opentera_webrtc_demos) StderrLine: {'line': b'   \xe2\x95\xb5\n'}
[210.195962] (opentera_webrtc_demos) StderrLine: {'line': b'    src/app.scss 97:9  @import\n'}
[210.196601] (opentera_webrtc_demos) StderrLine: {'line': b'    stdin 1:9          root stylesheet\n'}
[210.196968] (opentera_webrtc_demos) StderrLine: {'line': b'\n'}
[210.197314] (opentera_webrtc_demos) StderrLine: {'line': b'DEPRECATION WARNING [legacy-js-api]: The legacy JS API is deprecated and will be removed in Dart Sass 2.0.0.\n'}
[210.197752] (opentera_webrtc_demos) StderrLine: {'line': b'\n'}
[210.198102] (opentera_webrtc_demos) StderrLine: {'line': b'More info: https://sass-lang.com/d/legacy-js-api\n'}
[210.202047] (opentera_webrtc_demos) StderrLine: {'line': b'\n'}
[210.202753] (opentera_webrtc_demos) StderrLine: {'line': b'DEPRECATION WARNING [import]: Sass @import rules are deprecated and will be removed in Dart Sass 3.0.0.\n'}
[210.203387] (opentera_webrtc_demos) StderrLine: {'line': b'\n'}
[210.204174] (opentera_webrtc_demos) StderrLine: {'line': b'More info and automated migrator: https://sass-lang.com/d/import\n'}
[210.204728] (opentera_webrtc_demos) StderrLine: {'line': b'\n'}
[210.205062] (opentera_webrtc_demos) StderrLine: {'line': b'  \xe2\x95\xb7\n'}
[210.205476] (opentera_webrtc_demos) StderrLine: {'line': b'1 \xe2\x94\x82 @import "~@/app.scss";\n'}
[210.205867] (opentera_webrtc_demos) StderrLine: {'line': b'  \xe2\x94\x82         ^^^^^^^^^^^^^\n'}
[210.206275] (opentera_webrtc_demos) StderrLine: {'line': b'  \xe2\x95\xb5\n'}
[210.206697] (opentera_webrtc_demos) StderrLine: {'line': b'    stdin 1:9  root stylesheet\n'}
[210.207113] (opentera_webrtc_demos) StderrLine: {'line': b'\n'}
[210.207481] (opentera_webrtc_demos) StderrLine: {'line': b'DEPRECATION WARNING [import]: Sass @import rules are deprecated and will be removed in Dart Sass 3.0.0.\n'}
[210.207967] (opentera_webrtc_demos) StderrLine: {'line': b'\n'}
[210.208587] (opentera_webrtc_demos) StderrLine: {'line': b'More info and automated migrator: https://sass-lang.com/d/import\n'}
[210.209046] (opentera_webrtc_demos) StderrLine: {'line': b'\n'}
[210.209345] (opentera_webrtc_demos) StderrLine: {'line': b'  \xe2\x95\xb7\n'}
[210.211380] (opentera_webrtc_demos) StderrLine: {'line': b'3 \xe2\x94\x82 @import "./ActionButton.scss";\n'}
[210.211813] (opentera_webrtc_demos) StderrLine: {'line': b'  \xe2\x94\x82         ^^^^^^^^^^^^^^^^^^^^^\n'}
[210.212446] (opentera_webrtc_demos) StderrLine: {'line': b'  \xe2\x95\xb5\n'}
[210.212888] (opentera_webrtc_demos) StderrLine: {'line': b'    stdin 3:9  root stylesheet\n'}
[210.213281] (opentera_webrtc_demos) StderrLine: {'line': b'\n'}
[210.213532] (opentera_webrtc_demos) StderrLine: {'line': b'DEPRECATION WARNING [legacy-js-api]: The legacy JS API is deprecated and will be removed in Dart Sass 2.0.0.\n'}
[210.214031] (opentera_webrtc_demos) StderrLine: {'line': b'\n'}
[210.214453] (opentera_webrtc_demos) StderrLine: {'line': b'More info: https://sass-lang.com/d/legacy-js-api\n'}
[210.214835] (opentera_webrtc_demos) StderrLine: {'line': b'\n'}
[210.215178] (opentera_webrtc_demos) StderrLine: {'line': b'DEPRECATION WARNING [import]: Sass @import rules are deprecated and will be removed in Dart Sass 3.0.0.\n'}
[210.215539] (opentera_webrtc_demos) StderrLine: {'line': b'\n'}
[210.215873] (opentera_webrtc_demos) StderrLine: {'line': b'More info and automated migrator: https://sass-lang.com/d/import\n'}
[210.216350] (opentera_webrtc_demos) StderrLine: {'line': b'\n'}
[210.216778] (opentera_webrtc_demos) StderrLine: {'line': b'  \xe2\x95\xb7\n'}
[210.217115] (opentera_webrtc_demos) StderrLine: {'line': b'1 \xe2\x94\x82 @import "~@/app.scss";\n'}
[210.217399] (opentera_webrtc_demos) StderrLine: {'line': b'  \xe2\x94\x82         ^^^^^^^^^^^^^\n'}
[210.217807] (opentera_webrtc_demos) StderrLine: {'line': b'  \xe2\x95\xb5\n'}
[210.218183] (opentera_webrtc_demos) StderrLine: {'line': b'    stdin 1:9  root stylesheet\n'}
[210.218591] (opentera_webrtc_demos) StderrLine: {'line': b'\n'}
[210.218959] (opentera_webrtc_demos) StderrLine: {'line': b'DEPRECATION WARNING [import]: Sass @import rules are deprecated and will be removed in Dart Sass 3.0.0.\n'}
[210.219266] (opentera_webrtc_demos) StderrLine: {'line': b'\n'}
[210.219546] (opentera_webrtc_demos) StderrLine: {'line': b'More info and automated migrator: https://sass-lang.com/d/import\n'}
[210.219902] (opentera_webrtc_demos) StderrLine: {'line': b'\n'}
[210.220388] (opentera_webrtc_demos) StderrLine: {'line': b'  \xe2\x95\xb7\n'}
[210.220806] (opentera_webrtc_demos) StderrLine: {'line': b'3 \xe2\x94\x82 @import "./Dropdown.scss";\n'}
[210.221171] (opentera_webrtc_demos) StderrLine: {'line': b'  \xe2\x94\x82         ^^^^^^^^^^^^^^^^^\n'}
[210.221469] (opentera_webrtc_demos) StderrLine: {'line': b'  \xe2\x95\xb5\n'}
[210.221753] (opentera_webrtc_demos) StderrLine: {'line': b'    stdin 3:9  root stylesheet\n'}
[210.222080] (opentera_webrtc_demos) StderrLine: {'line': b'\n'}
[210.222412] (opentera_webrtc_demos) StderrLine: {'line': b'DEPRECATION WARNING [legacy-js-api]: The legacy JS API is deprecated and will be removed in Dart Sass 2.0.0.\n'}
[210.222733] (opentera_webrtc_demos) StderrLine: {'line': b'\n'}
[210.223002] (opentera_webrtc_demos) StderrLine: {'line': b'More info: https://sass-lang.com/d/legacy-js-api\n'}
[210.225753] (opentera_webrtc_demos) StderrLine: {'line': b'\n'}
[210.226284] (opentera_webrtc_demos) StderrLine: {'line': b'DEPRECATION WARNING [import]: Sass @import rules are deprecated and will be removed in Dart Sass 3.0.0.\n'}
[210.226603] (opentera_webrtc_demos) StderrLine: {'line': b'\n'}
[210.226959] (opentera_webrtc_demos) StderrLine: {'line': b'More info and automated migrator: https://sass-lang.com/d/import\n'}
[210.227330] (opentera_webrtc_demos) StderrLine: {'line': b'\n'}
[210.227804] (opentera_webrtc_demos) StderrLine: {'line': b'  \xe2\x95\xb7\n'}
[210.228425] (opentera_webrtc_demos) StderrLine: {'line': b'1 \xe2\x94\x82 @import "~@/app.scss";\n'}
[210.228929] (opentera_webrtc_demos) StderrLine: {'line': b'  \xe2\x94\x82         ^^^^^^^^^^^^^\n'}
[210.229398] (opentera_webrtc_demos) StderrLine: {'line': b'  \xe2\x95\xb5\n'}
[210.229815] (opentera_webrtc_demos) StderrLine: {'line': b'    stdin 1:9  root stylesheet\n'}
[210.230451] (opentera_webrtc_demos) StderrLine: {'line': b'\n'}
[210.231159] (opentera_webrtc_demos) StderrLine: {'line': b'DEPRECATION WARNING [import]: Sass @import rules are deprecated and will be removed in Dart Sass 3.0.0.\n'}
[210.231684] (opentera_webrtc_demos) StderrLine: {'line': b'\n'}
[210.232319] (opentera_webrtc_demos) StderrLine: {'line': b'More info and automated migrator: https://sass-lang.com/d/import\n'}
[210.232789] (opentera_webrtc_demos) StderrLine: {'line': b'\n'}
[210.233114] (opentera_webrtc_demos) StderrLine: {'line': b'  \xe2\x95\xb7\n'}
[210.233480] (opentera_webrtc_demos) StderrLine: {'line': b'3 \xe2\x94\x82 @import "./Popup.scss";\n'}
[210.233843] (opentera_webrtc_demos) StderrLine: {'line': b'  \xe2\x94\x82         ^^^^^^^^^^^^^^\n'}
[210.234169] (opentera_webrtc_demos) StderrLine: {'line': b'  \xe2\x95\xb5\n'}
[210.234470] (opentera_webrtc_demos) StderrLine: {'line': b'    stdin 3:9  root stylesheet\n'}
[210.234803] (opentera_webrtc_demos) StderrLine: {'line': b'\n'}
[210.235142] (opentera_webrtc_demos) StderrLine: {'line': b'DEPRECATION WARNING [legacy-js-api]: The legacy JS API is deprecated and will be removed in Dart Sass 2.0.0.\n'}
[210.235447] (opentera_webrtc_demos) StderrLine: {'line': b'\n'}
[210.236017] (opentera_webrtc_demos) StderrLine: {'line': b'More info: https://sass-lang.com/d/legacy-js-api\n'}
[210.236604] (opentera_webrtc_demos) StderrLine: {'line': b'\n'}
[210.237045] (opentera_webrtc_demos) StderrLine: {'line': b'DEPRECATION WARNING [import]: Sass @import rules are deprecated and will be removed in Dart Sass 3.0.0.\n'}
[210.237465] (opentera_webrtc_demos) StderrLine: {'line': b'\n'}
[210.237775] (opentera_webrtc_demos) StderrLine: {'line': b'More info and automated migrator: https://sass-lang.com/d/import\n'}
[210.238114] (opentera_webrtc_demos) StderrLine: {'line': b'\n'}
[210.238454] (opentera_webrtc_demos) StderrLine: {'line': b'  \xe2\x95\xb7\n'}
[210.238786] (opentera_webrtc_demos) StderrLine: {'line': b'1 \xe2\x94\x82 @import "~@/app.scss";\n'}
[210.239121] (opentera_webrtc_demos) StderrLine: {'line': b'  \xe2\x94\x82         ^^^^^^^^^^^^^\n'}
[210.239454] (opentera_webrtc_demos) StderrLine: {'line': b'  \xe2\x95\xb5\n'}
[210.239785] (opentera_webrtc_demos) StderrLine: {'line': b'    stdin 1:9  root stylesheet\n'}
[210.240320] (opentera_webrtc_demos) StderrLine: {'line': b'\n'}
[210.240782] (opentera_webrtc_demos) StderrLine: {'line': b'DEPRECATION WARNING [import]: Sass @import rules are deprecated and will be removed in Dart Sass 3.0.0.\n'}
[210.241330] (opentera_webrtc_demos) StderrLine: {'line': b'\n'}
[210.241797] (opentera_webrtc_demos) StderrLine: {'line': b'More info and automated migrator: https://sass-lang.com/d/import\n'}
[210.242206] (opentera_webrtc_demos) StderrLine: {'line': b'\n'}
[210.242527] (opentera_webrtc_demos) StderrLine: {'line': b'  \xe2\x95\xb7\n'}
[210.243216] (opentera_webrtc_demos) StderrLine: {'line': b'3 \xe2\x94\x82 @import "./DropdownMenu.scss";\n'}
[210.243683] (opentera_webrtc_demos) StderrLine: {'line': b'  \xe2\x94\x82         ^^^^^^^^^^^^^^^^^^^^^\n'}
[210.244214] (opentera_webrtc_demos) StderrLine: {'line': b'  \xe2\x95\xb5\n'}
[210.244997] (-) TimerEvent: {}
[210.245987] (opentera_webrtc_demos) StderrLine: {'line': b'    stdin 3:9  root stylesheet\n'}
[210.246348] (opentera_webrtc_demos) StderrLine: {'line': b'\n'}
[210.246558] (opentera_webrtc_demos) StderrLine: {'line': b'DEPRECATION WARNING [import]: Sass @import rules are deprecated and will be removed in Dart Sass 3.0.0.\n'}
[210.246760] (opentera_webrtc_demos) StderrLine: {'line': b'\n'}
[210.246957] (opentera_webrtc_demos) StderrLine: {'line': b'More info and automated migrator: https://sass-lang.com/d/import\n'}
[210.247187] (opentera_webrtc_demos) StderrLine: {'line': b'\n'}
[210.247382] (opentera_webrtc_demos) StderrLine: {'line': b'   \xe2\x95\xb7\n'}
[210.247578] (opentera_webrtc_demos) StderrLine: {'line': b'96 \xe2\x94\x82 @import "./scss/button.scss";\n'}
[210.247774] (opentera_webrtc_demos) StderrLine: {'line': b'   \xe2\x94\x82         ^^^^^^^^^^^^^^^^^^^^\n'}
[210.248291] (opentera_webrtc_demos) StderrLine: {'line': b'   \xe2\x95\xb5\n'}
[210.248578] (opentera_webrtc_demos) StderrLine: {'line': b'    src/app.scss 96:9  @import\n'}
[210.248783] (opentera_webrtc_demos) StderrLine: {'line': b'    stdin 1:9          root stylesheet\n'}
[210.248984] (opentera_webrtc_demos) StderrLine: {'line': b'\n'}
[210.249179] (opentera_webrtc_demos) StderrLine: {'line': b'DEPRECATION WARNING [import]: Sass @import rules are deprecated and will be removed in Dart Sass 3.0.0.\n'}
[210.249379] (opentera_webrtc_demos) StderrLine: {'line': b'\n'}
[210.249574] (opentera_webrtc_demos) StderrLine: {'line': b'More info and automated migrator: https://sass-lang.com/d/import\n'}
[210.249773] (opentera_webrtc_demos) StderrLine: {'line': b'\n'}
[210.249967] (opentera_webrtc_demos) StderrLine: {'line': b'   \xe2\x95\xb7\n'}
[210.250161] (opentera_webrtc_demos) StderrLine: {'line': b'97 \xe2\x94\x82 @import "./scss/grid.scss";\n'}
[210.250355] (opentera_webrtc_demos) StderrLine: {'line': b'   \xe2\x94\x82         ^^^^^^^^^^^^^^^^^^\n'}
[210.250549] (opentera_webrtc_demos) StderrLine: {'line': b'   \xe2\x95\xb5\n'}
[210.250740] (opentera_webrtc_demos) StderrLine: {'line': b'    src/app.scss 97:9  @import\n'}
[210.250932] (opentera_webrtc_demos) StderrLine: {'line': b'    stdin 1:9          root stylesheet\n'}
[210.251125] (opentera_webrtc_demos) StderrLine: {'line': b'\n'}
[210.251315] (opentera_webrtc_demos) StderrLine: {'line': b'DEPRECATION WARNING [import]: Sass @import rules are deprecated and will be removed in Dart Sass 3.0.0.\n'}
[210.251509] (opentera_webrtc_demos) StderrLine: {'line': b'\n'}
[210.251701] (opentera_webrtc_demos) StderrLine: {'line': b'More info and automated migrator: https://sass-lang.com/d/import\n'}
[210.251936] (opentera_webrtc_demos) StderrLine: {'line': b'\n'}
[210.252162] (opentera_webrtc_demos) StderrLine: {'line': b'   \xe2\x95\xb7\n'}
[210.252360] (opentera_webrtc_demos) StderrLine: {'line': b'96 \xe2\x94\x82 @import "./scss/button.scss";\n'}
[210.252553] (opentera_webrtc_demos) StderrLine: {'line': b'   \xe2\x94\x82         ^^^^^^^^^^^^^^^^^^^^\n'}
[210.252749] (opentera_webrtc_demos) StderrLine: {'line': b'   \xe2\x95\xb5\n'}
[210.252942] (opentera_webrtc_demos) StderrLine: {'line': b'    src/app.scss 96:9  @import\n'}
[210.253136] (opentera_webrtc_demos) StderrLine: {'line': b'    stdin 1:9          root stylesheet\n'}
[210.253333] (opentera_webrtc_demos) StderrLine: {'line': b'\n'}
[210.253543] (opentera_webrtc_demos) StderrLine: {'line': b'DEPRECATION WARNING [import]: Sass @import rules are deprecated and will be removed in Dart Sass 3.0.0.\n'}
[210.253742] (opentera_webrtc_demos) StderrLine: {'line': b'\n'}
[210.253936] (opentera_webrtc_demos) StderrLine: {'line': b'More info and automated migrator: https://sass-lang.com/d/import\n'}
[210.254131] (opentera_webrtc_demos) StderrLine: {'line': b'\n'}
[210.254326] (opentera_webrtc_demos) StderrLine: {'line': b'   \xe2\x95\xb7\n'}
[210.254525] (opentera_webrtc_demos) StderrLine: {'line': b'97 \xe2\x94\x82 @import "./scss/grid.scss";\n'}
[210.254725] (opentera_webrtc_demos) StderrLine: {'line': b'   \xe2\x94\x82         ^^^^^^^^^^^^^^^^^^\n'}
[210.254922] (opentera_webrtc_demos) StderrLine: {'line': b'   \xe2\x95\xb5\n'}
[210.255116] (opentera_webrtc_demos) StderrLine: {'line': b'    src/app.scss 97:9  @import\n'}
[210.255329] (opentera_webrtc_demos) StderrLine: {'line': b'    stdin 1:9          root stylesheet\n'}
[210.255523] (opentera_webrtc_demos) StderrLine: {'line': b'\n'}
[210.255714] (opentera_webrtc_demos) StderrLine: {'line': b'DEPRECATION WARNING [import]: Sass @import rules are deprecated and will be removed in Dart Sass 3.0.0.\n'}
[210.255966] (opentera_webrtc_demos) StderrLine: {'line': b'\n'}
[210.256246] (opentera_webrtc_demos) StderrLine: {'line': b'More info and automated migrator: https://sass-lang.com/d/import\n'}
[210.256449] (opentera_webrtc_demos) StderrLine: {'line': b'\n'}
[210.256643] (opentera_webrtc_demos) StderrLine: {'line': b'   \xe2\x95\xb7\n'}
[210.256836] (opentera_webrtc_demos) StderrLine: {'line': b'96 \xe2\x94\x82 @import "./scss/button.scss";\n'}
[210.257030] (opentera_webrtc_demos) StderrLine: {'line': b'   \xe2\x94\x82         ^^^^^^^^^^^^^^^^^^^^\n'}
[210.257223] (opentera_webrtc_demos) StderrLine: {'line': b'   \xe2\x95\xb5\n'}
[210.257416] (opentera_webrtc_demos) StderrLine: {'line': b'    src/app.scss 96:9  @import\n'}
[210.257609] (opentera_webrtc_demos) StderrLine: {'line': b'    stdin 1:9          root stylesheet\n'}
[210.257801] (opentera_webrtc_demos) StderrLine: {'line': b'\n'}
[210.257993] (opentera_webrtc_demos) StderrLine: {'line': b'DEPRECATION WARNING [import]: Sass @import rules are deprecated and will be removed in Dart Sass 3.0.0.\n'}
[210.258186] (opentera_webrtc_demos) StderrLine: {'line': b'\n'}
[210.258377] (opentera_webrtc_demos) StderrLine: {'line': b'More info and automated migrator: https://sass-lang.com/d/import\n'}
[210.258570] (opentera_webrtc_demos) StderrLine: {'line': b'\n'}
[210.258761] (opentera_webrtc_demos) StderrLine: {'line': b'   \xe2\x95\xb7\n'}
[210.258952] (opentera_webrtc_demos) StderrLine: {'line': b'97 \xe2\x94\x82 @import "./scss/grid.scss";\n'}
[210.259144] (opentera_webrtc_demos) StderrLine: {'line': b'   \xe2\x94\x82         ^^^^^^^^^^^^^^^^^^\n'}
[210.259337] (opentera_webrtc_demos) StderrLine: {'line': b'   \xe2\x95\xb5\n'}
[210.259529] (opentera_webrtc_demos) StderrLine: {'line': b'    src/app.scss 97:9  @import\n'}
[210.259721] (opentera_webrtc_demos) StderrLine: {'line': b'    stdin 1:9          root stylesheet\n'}
[210.259913] (opentera_webrtc_demos) StderrLine: {'line': b'\n'}
[210.260144] (opentera_webrtc_demos) StderrLine: {'line': b'DEPRECATION WARNING [import]: Sass @import rules are deprecated and will be removed in Dart Sass 3.0.0.\n'}
[210.260341] (opentera_webrtc_demos) StderrLine: {'line': b'\n'}
[210.260534] (opentera_webrtc_demos) StderrLine: {'line': b'More info and automated migrator: https://sass-lang.com/d/import\n'}
[210.260726] (opentera_webrtc_demos) StderrLine: {'line': b'\n'}
[210.260917] (opentera_webrtc_demos) StderrLine: {'line': b'   \xe2\x95\xb7\n'}
[210.261107] (opentera_webrtc_demos) StderrLine: {'line': b'96 \xe2\x94\x82 @import "./scss/button.scss";\n'}
[210.261303] (opentera_webrtc_demos) StderrLine: {'line': b'   \xe2\x94\x82         ^^^^^^^^^^^^^^^^^^^^\n'}
[210.261494] (opentera_webrtc_demos) StderrLine: {'line': b'   \xe2\x95\xb5\n'}
[210.261685] (opentera_webrtc_demos) StderrLine: {'line': b'    src/app.scss 96:9  @import\n'}
[210.261877] (opentera_webrtc_demos) StderrLine: {'line': b'    stdin 1:9          root stylesheet\n'}
[210.262068] (opentera_webrtc_demos) StderrLine: {'line': b'\n'}
[210.262258] (opentera_webrtc_demos) StderrLine: {'line': b'DEPRECATION WARNING [import]: Sass @import rules are deprecated and will be removed in Dart Sass 3.0.0.\n'}
[210.262450] (opentera_webrtc_demos) StderrLine: {'line': b'\n'}
[210.262639] (opentera_webrtc_demos) StderrLine: {'line': b'More info and automated migrator: https://sass-lang.com/d/import\n'}
[210.262832] (opentera_webrtc_demos) StderrLine: {'line': b'\n'}
[210.263024] (opentera_webrtc_demos) StderrLine: {'line': b'   \xe2\x95\xb7\n'}
[210.263214] (opentera_webrtc_demos) StderrLine: {'line': b'97 \xe2\x94\x82 @import "./scss/grid.scss";\n'}
[210.263404] (opentera_webrtc_demos) StderrLine: {'line': b'   \xe2\x94\x82         ^^^^^^^^^^^^^^^^^^\n'}
[210.263595] (opentera_webrtc_demos) StderrLine: {'line': b'   \xe2\x95\xb5\n'}
[210.263787] (opentera_webrtc_demos) StderrLine: {'line': b'    src/app.scss 97:9  @import\n'}
[210.264005] (opentera_webrtc_demos) StderrLine: {'line': b'    stdin 1:9          root stylesheet\n'}
[210.264242] (opentera_webrtc_demos) StderrLine: {'line': b'\n'}
[210.264434] (opentera_webrtc_demos) StderrLine: {'line': b'DEPRECATION WARNING [legacy-js-api]: The legacy JS API is deprecated and will be removed in Dart Sass 2.0.0.\n'}
[210.264630] (opentera_webrtc_demos) StderrLine: {'line': b'\n'}
[210.264822] (opentera_webrtc_demos) StderrLine: {'line': b'More info: https://sass-lang.com/d/legacy-js-api\n'}
[210.265013] (opentera_webrtc_demos) StderrLine: {'line': b'\n'}
[210.265203] (opentera_webrtc_demos) StderrLine: {'line': b'DEPRECATION WARNING [import]: Sass @import rules are deprecated and will be removed in Dart Sass 3.0.0.\n'}
[210.265395] (opentera_webrtc_demos) StderrLine: {'line': b'\n'}
[210.265587] (opentera_webrtc_demos) StderrLine: {'line': b'More info and automated migrator: https://sass-lang.com/d/import\n'}
[210.265780] (opentera_webrtc_demos) StderrLine: {'line': b'\n'}
[210.265972] (opentera_webrtc_demos) StderrLine: {'line': b'  \xe2\x95\xb7\n'}
[210.266212] (opentera_webrtc_demos) StderrLine: {'line': b'1 \xe2\x94\x82 @import "~@/app.scss";\n'}
[210.266414] (opentera_webrtc_demos) StderrLine: {'line': b'  \xe2\x94\x82         ^^^^^^^^^^^^^\n'}
[210.266607] (opentera_webrtc_demos) StderrLine: {'line': b'  \xe2\x95\xb5\n'}
[210.266800] (opentera_webrtc_demos) StderrLine: {'line': b'    stdin 1:9  root stylesheet\n'}
[210.266993] (opentera_webrtc_demos) StderrLine: {'line': b'\n'}
[210.267186] (opentera_webrtc_demos) StderrLine: {'line': b'DEPRECATION WARNING [import]: Sass @import rules are deprecated and will be removed in Dart Sass 3.0.0.\n'}
[210.267381] (opentera_webrtc_demos) StderrLine: {'line': b'\n'}
[210.267572] (opentera_webrtc_demos) StderrLine: {'line': b'More info and automated migrator: https://sass-lang.com/d/import\n'}
[210.267768] (opentera_webrtc_demos) StderrLine: {'line': b'\n'}
[210.267992] (opentera_webrtc_demos) StderrLine: {'line': b'  \xe2\x95\xb7\n'}
[210.268204] (opentera_webrtc_demos) StderrLine: {'line': b'3 \xe2\x94\x82 @import "./DefaultTemplate.scss";\n'}
[210.268400] (opentera_webrtc_demos) StderrLine: {'line': b'  \xe2\x94\x82         ^^^^^^^^^^^^^^^^^^^^^^^^\n'}
[210.268592] (opentera_webrtc_demos) StderrLine: {'line': b'  \xe2\x95\xb5\n'}
[210.268785] (opentera_webrtc_demos) StderrLine: {'line': b'    stdin 3:9  root stylesheet\n'}
[210.268978] (opentera_webrtc_demos) StderrLine: {'line': b'\n'}
[210.269170] (opentera_webrtc_demos) StderrLine: {'line': b'DEPRECATION WARNING [import]: Sass @import rules are deprecated and will be removed in Dart Sass 3.0.0.\n'}
[210.269365] (opentera_webrtc_demos) StderrLine: {'line': b'\n'}
[210.269557] (opentera_webrtc_demos) StderrLine: {'line': b'More info and automated migrator: https://sass-lang.com/d/import\n'}
[210.269750] (opentera_webrtc_demos) StderrLine: {'line': b'\n'}
[210.269942] (opentera_webrtc_demos) StderrLine: {'line': b'   \xe2\x95\xb7\n'}
[210.270134] (opentera_webrtc_demos) StderrLine: {'line': b'96 \xe2\x94\x82 @import "./scss/button.scss";\n'}
[210.270327] (opentera_webrtc_demos) StderrLine: {'line': b'   \xe2\x94\x82         ^^^^^^^^^^^^^^^^^^^^\n'}
[210.270520] (opentera_webrtc_demos) StderrLine: {'line': b'   \xe2\x95\xb5\n'}
[210.270713] (opentera_webrtc_demos) StderrLine: {'line': b'    src/app.scss 96:9  @import\n'}
[210.270905] (opentera_webrtc_demos) StderrLine: {'line': b'    stdin 1:9          root stylesheet\n'}
[210.271095] (opentera_webrtc_demos) StderrLine: {'line': b'\n'}
[210.271286] (opentera_webrtc_demos) StderrLine: {'line': b'DEPRECATION WARNING [import]: Sass @import rules are deprecated and will be removed in Dart Sass 3.0.0.\n'}
[210.271479] (opentera_webrtc_demos) StderrLine: {'line': b'\n'}
[210.271689] (opentera_webrtc_demos) StderrLine: {'line': b'More info and automated migrator: https://sass-lang.com/d/import\n'}
[210.271885] (opentera_webrtc_demos) StderrLine: {'line': b'\n'}
[210.272111] (opentera_webrtc_demos) StderrLine: {'line': b'   \xe2\x95\xb7\n'}
[210.272313] (opentera_webrtc_demos) StderrLine: {'line': b'97 \xe2\x94\x82 @import "./scss/grid.scss";\n'}
[210.272519] (opentera_webrtc_demos) StderrLine: {'line': b'   \xe2\x94\x82         ^^^^^^^^^^^^^^^^^^\n'}
[210.272711] (opentera_webrtc_demos) StderrLine: {'line': b'   \xe2\x95\xb5\n'}
[210.272902] (opentera_webrtc_demos) StderrLine: {'line': b'    src/app.scss 97:9  @import\n'}
[210.273094] (opentera_webrtc_demos) StderrLine: {'line': b'    stdin 1:9          root stylesheet\n'}
[210.273285] (opentera_webrtc_demos) StderrLine: {'line': b'\n'}
[210.273477] (opentera_webrtc_demos) StderrLine: {'line': b'DEPRECATION WARNING [legacy-js-api]: The legacy JS API is deprecated and will be removed in Dart Sass 2.0.0.\n'}
[210.273668] (opentera_webrtc_demos) StderrLine: {'line': b'\n'}
[210.273859] (opentera_webrtc_demos) StderrLine: {'line': b'More info: https://sass-lang.com/d/legacy-js-api\n'}
[210.274050] (opentera_webrtc_demos) StderrLine: {'line': b'\n'}
[210.274241] (opentera_webrtc_demos) StderrLine: {'line': b'DEPRECATION WARNING [import]: Sass @import rules are deprecated and will be removed in Dart Sass 3.0.0.\n'}
[210.274434] (opentera_webrtc_demos) StderrLine: {'line': b'\n'}
[210.274632] (opentera_webrtc_demos) StderrLine: {'line': b'More info and automated migrator: https://sass-lang.com/d/import\n'}
[210.274833] (opentera_webrtc_demos) StderrLine: {'line': b'\n'}
[210.275026] (opentera_webrtc_demos) StderrLine: {'line': b'  \xe2\x95\xb7\n'}
[210.275217] (opentera_webrtc_demos) StderrLine: {'line': b'1 \xe2\x94\x82 @import "~@/app.scss";\n'}
[210.275411] (opentera_webrtc_demos) StderrLine: {'line': b'  \xe2\x94\x82         ^^^^^^^^^^^^^\n'}
[210.275604] (opentera_webrtc_demos) StderrLine: {'line': b'  \xe2\x95\xb5\n'}
[210.275794] (opentera_webrtc_demos) StderrLine: {'line': b'    stdin 1:9  root stylesheet\n'}
[210.276014] (opentera_webrtc_demos) StderrLine: {'line': b'\n'}
[210.276227] (opentera_webrtc_demos) StderrLine: {'line': b'DEPRECATION WARNING [import]: Sass @import rules are deprecated and will be removed in Dart Sass 3.0.0.\n'}
[210.276473] (opentera_webrtc_demos) StderrLine: {'line': b'\n'}
[210.276672] (opentera_webrtc_demos) StderrLine: {'line': b'More info and automated migrator: https://sass-lang.com/d/import\n'}
[210.276867] (opentera_webrtc_demos) StderrLine: {'line': b'\n'}
[210.277058] (opentera_webrtc_demos) StderrLine: {'line': b'  \xe2\x95\xb7\n'}
[210.277256] (opentera_webrtc_demos) StderrLine: {'line': b'3 \xe2\x94\x82 @import "./VideoParticipant.scss";\n'}
[210.277453] (opentera_webrtc_demos) StderrLine: {'line': b'  \xe2\x94\x82         ^^^^^^^^^^^^^^^^^^^^^^^^^\n'}
[210.277648] (opentera_webrtc_demos) StderrLine: {'line': b'  \xe2\x95\xb5\n'}
[210.277840] (opentera_webrtc_demos) StderrLine: {'line': b'    stdin 3:9  root stylesheet\n'}
[210.278034] (opentera_webrtc_demos) StderrLine: {'line': b'\n'}
[210.278233] (opentera_webrtc_demos) StderrLine: {'line': b'DEPRECATION WARNING [legacy-js-api]: The legacy JS API is deprecated and will be removed in Dart Sass 2.0.0.\n'}
[210.278454] (opentera_webrtc_demos) StderrLine: {'line': b'\n'}
[210.278657] (opentera_webrtc_demos) StderrLine: {'line': b'More info: https://sass-lang.com/d/legacy-js-api\n'}
[210.278850] (opentera_webrtc_demos) StderrLine: {'line': b'\n'}
[210.279041] (opentera_webrtc_demos) StderrLine: {'line': b'DEPRECATION WARNING [import]: Sass @import rules are deprecated and will be removed in Dart Sass 3.0.0.\n'}
[210.279234] (opentera_webrtc_demos) StderrLine: {'line': b'\n'}
[210.279427] (opentera_webrtc_demos) StderrLine: {'line': b'More info and automated migrator: https://sass-lang.com/d/import\n'}
[210.279620] (opentera_webrtc_demos) StderrLine: {'line': b'\n'}
[210.279814] (opentera_webrtc_demos) StderrLine: {'line': b'  \xe2\x95\xb7\n'}
[210.280057] (opentera_webrtc_demos) StderrLine: {'line': b'1 \xe2\x94\x82 @import "~@/app.scss";\n'}
[210.280267] (opentera_webrtc_demos) StderrLine: {'line': b'  \xe2\x94\x82         ^^^^^^^^^^^^^\n'}
[210.280461] (opentera_webrtc_demos) StderrLine: {'line': b'  \xe2\x95\xb5\n'}
[210.280653] (opentera_webrtc_demos) StderrLine: {'line': b'    stdin 1:9  root stylesheet\n'}
[210.280873] (opentera_webrtc_demos) StderrLine: {'line': b'\n'}
[210.281065] (opentera_webrtc_demos) StderrLine: {'line': b'DEPRECATION WARNING [import]: Sass @import rules are deprecated and will be removed in Dart Sass 3.0.0.\n'}
[210.281257] (opentera_webrtc_demos) StderrLine: {'line': b'\n'}
[210.281448] (opentera_webrtc_demos) StderrLine: {'line': b'More info and automated migrator: https://sass-lang.com/d/import\n'}
[210.281641] (opentera_webrtc_demos) StderrLine: {'line': b'\n'}
[210.281831] (opentera_webrtc_demos) StderrLine: {'line': b'  \xe2\x95\xb7\n'}
[210.282022] (opentera_webrtc_demos) StderrLine: {'line': b'3 \xe2\x94\x82 @import "./ParticipantsList.scss";\n'}
[210.282226] (opentera_webrtc_demos) StderrLine: {'line': b'  \xe2\x94\x82         ^^^^^^^^^^^^^^^^^^^^^^^^^\n'}
[210.282418] (opentera_webrtc_demos) StderrLine: {'line': b'  \xe2\x95\xb5\n'}
[210.282611] (opentera_webrtc_demos) StderrLine: {'line': b'    stdin 3:9  root stylesheet\n'}
[210.282800] (opentera_webrtc_demos) StderrLine: {'line': b'\n'}
[210.282994] (opentera_webrtc_demos) StderrLine: {'line': b'DEPRECATION WARNING [import]: Sass @import rules are deprecated and will be removed in Dart Sass 3.0.0.\n'}
[210.283207] (opentera_webrtc_demos) StderrLine: {'line': b'\n'}
[210.283400] (opentera_webrtc_demos) StderrLine: {'line': b'More info and automated migrator: https://sass-lang.com/d/import\n'}
[210.283592] (opentera_webrtc_demos) StderrLine: {'line': b'\n'}
[210.283783] (opentera_webrtc_demos) StderrLine: {'line': b'   \xe2\x95\xb7\n'}
[210.284008] (opentera_webrtc_demos) StderrLine: {'line': b'96 \xe2\x94\x82 @import "./scss/button.scss";\n'}
[210.284252] (opentera_webrtc_demos) StderrLine: {'line': b'   \xe2\x94\x82         ^^^^^^^^^^^^^^^^^^^^\n'}
[210.284451] (opentera_webrtc_demos) StderrLine: {'line': b'   \xe2\x95\xb5\n'}
[210.284646] (opentera_webrtc_demos) StderrLine: {'line': b'    src/app.scss 96:9  @import\n'}
[210.284839] (opentera_webrtc_demos) StderrLine: {'line': b'    stdin 1:9          root stylesheet\n'}
[210.285032] (opentera_webrtc_demos) StderrLine: {'line': b'\n'}
[210.285225] (opentera_webrtc_demos) StderrLine: {'line': b'DEPRECATION WARNING [import]: Sass @import rules are deprecated and will be removed in Dart Sass 3.0.0.\n'}
[210.285420] (opentera_webrtc_demos) StderrLine: {'line': b'\n'}
[210.285612] (opentera_webrtc_demos) StderrLine: {'line': b'More info and automated migrator: https://sass-lang.com/d/import\n'}
[210.285805] (opentera_webrtc_demos) StderrLine: {'line': b'\n'}
[210.285997] (opentera_webrtc_demos) StderrLine: {'line': b'   \xe2\x95\xb7\n'}
[210.286188] (opentera_webrtc_demos) StderrLine: {'line': b'97 \xe2\x94\x82 @import "./scss/grid.scss";\n'}
[210.286381] (opentera_webrtc_demos) StderrLine: {'line': b'   \xe2\x94\x82         ^^^^^^^^^^^^^^^^^^\n'}
[210.286630] (opentera_webrtc_demos) StderrLine: {'line': b'   \xe2\x95\xb5\n'}
[210.286843] (opentera_webrtc_demos) StderrLine: {'line': b'    src/app.scss 97:9  @import\n'}
[210.287045] (opentera_webrtc_demos) StderrLine: {'line': b'    stdin 1:9          root stylesheet\n'}
[210.287242] (opentera_webrtc_demos) StderrLine: {'line': b'\n'}
[210.287434] (opentera_webrtc_demos) StderrLine: {'line': b'DEPRECATION WARNING [import]: Sass @import rules are deprecated and will be removed in Dart Sass 3.0.0.\n'}
[210.287627] (opentera_webrtc_demos) StderrLine: {'line': b'\n'}
[210.287818] (opentera_webrtc_demos) StderrLine: {'line': b'More info and automated migrator: https://sass-lang.com/d/import\n'}
[210.288059] (opentera_webrtc_demos) StderrLine: {'line': b'\n'}
[210.288267] (opentera_webrtc_demos) StderrLine: {'line': b'   \xe2\x95\xb7\n'}
[210.288459] (opentera_webrtc_demos) StderrLine: {'line': b'96 \xe2\x94\x82 @import "./scss/button.scss";\n'}
[210.288652] (opentera_webrtc_demos) StderrLine: {'line': b'   \xe2\x94\x82         ^^^^^^^^^^^^^^^^^^^^\n'}
[210.288843] (opentera_webrtc_demos) StderrLine: {'line': b'   \xe2\x95\xb5\n'}
[210.289034] (opentera_webrtc_demos) StderrLine: {'line': b'    src/app.scss 96:9  @import\n'}
[210.289227] (opentera_webrtc_demos) StderrLine: {'line': b'    stdin 1:9          root stylesheet\n'}
[210.289445] (opentera_webrtc_demos) StderrLine: {'line': b'\n'}
[210.289639] (opentera_webrtc_demos) StderrLine: {'line': b'DEPRECATION WARNING [import]: Sass @import rules are deprecated and will be removed in Dart Sass 3.0.0.\n'}
[210.289831] (opentera_webrtc_demos) StderrLine: {'line': b'\n'}
[210.290036] (opentera_webrtc_demos) StderrLine: {'line': b'More info and automated migrator: https://sass-lang.com/d/import\n'}
[210.290263] (opentera_webrtc_demos) StderrLine: {'line': b'\n'}
[210.290467] (opentera_webrtc_demos) StderrLine: {'line': b'   \xe2\x95\xb7\n'}
[210.290663] (opentera_webrtc_demos) StderrLine: {'line': b'97 \xe2\x94\x82 @import "./scss/grid.scss";\n'}
[210.290858] (opentera_webrtc_demos) StderrLine: {'line': b'   \xe2\x94\x82         ^^^^^^^^^^^^^^^^^^\n'}
[210.291050] (opentera_webrtc_demos) StderrLine: {'line': b'   \xe2\x95\xb5\n'}
[210.291243] (opentera_webrtc_demos) StderrLine: {'line': b'    src/app.scss 97:9  @import\n'}
[210.291436] (opentera_webrtc_demos) StderrLine: {'line': b'    stdin 1:9          root stylesheet\n'}
[210.291631] (opentera_webrtc_demos) StderrLine: {'line': b'\n'}
[210.291852] (opentera_webrtc_demos) StderrLine: {'line': b'DEPRECATION WARNING [legacy-js-api]: The legacy JS API is deprecated and will be removed in Dart Sass 2.0.0.\n'}
[210.292151] (opentera_webrtc_demos) StderrLine: {'line': b'\n'}
[210.292418] (opentera_webrtc_demos) StderrLine: {'line': b'More info: https://sass-lang.com/d/legacy-js-api\n'}
[210.292642] (opentera_webrtc_demos) StderrLine: {'line': b'\n'}
[210.292870] (opentera_webrtc_demos) StderrLine: {'line': b'DEPRECATION WARNING [import]: Sass @import rules are deprecated and will be removed in Dart Sass 3.0.0.\n'}
[210.293106] (opentera_webrtc_demos) StderrLine: {'line': b'\n'}
[210.293343] (opentera_webrtc_demos) StderrLine: {'line': b'More info and automated migrator: https://sass-lang.com/d/import\n'}
[210.293550] (opentera_webrtc_demos) StderrLine: {'line': b'\n'}
[210.293743] (opentera_webrtc_demos) StderrLine: {'line': b'  \xe2\x95\xb7\n'}
[210.293937] (opentera_webrtc_demos) StderrLine: {'line': b'1 \xe2\x94\x82 @import "~@/app.scss";\n'}
[210.294130] (opentera_webrtc_demos) StderrLine: {'line': b'  \xe2\x94\x82         ^^^^^^^^^^^^^\n'}
[210.294323] (opentera_webrtc_demos) StderrLine: {'line': b'  \xe2\x95\xb5\n'}
[210.294514] (opentera_webrtc_demos) StderrLine: {'line': b'    stdin 1:9  root stylesheet\n'}
[210.294707] (opentera_webrtc_demos) StderrLine: {'line': b'\n'}
[210.294900] (opentera_webrtc_demos) StderrLine: {'line': b'DEPRECATION WARNING [import]: Sass @import rules are deprecated and will be removed in Dart Sass 3.0.0.\n'}
[210.295112] (opentera_webrtc_demos) StderrLine: {'line': b'\n'}
[210.295328] (opentera_webrtc_demos) StderrLine: {'line': b'More info and automated migrator: https://sass-lang.com/d/import\n'}
[210.295529] (opentera_webrtc_demos) StderrLine: {'line': b'\n'}
[210.295721] (opentera_webrtc_demos) StderrLine: {'line': b'   \xe2\x95\xb7\n'}
[210.295912] (opentera_webrtc_demos) StderrLine: {'line': b'96 \xe2\x94\x82 @import "./scss/button.scss";\n'}
[210.296173] (opentera_webrtc_demos) StderrLine: {'line': b'   \xe2\x94\x82         ^^^^^^^^^^^^^^^^^^^^\n'}
[210.296369] (opentera_webrtc_demos) StderrLine: {'line': b'   \xe2\x95\xb5\n'}
[210.296562] (opentera_webrtc_demos) StderrLine: {'line': b'    src/app.scss 96:9  @import\n'}
[210.296817] (opentera_webrtc_demos) StderrLine: {'line': b'    stdin 1:9          root stylesheet\n'}
[210.297018] (opentera_webrtc_demos) StderrLine: {'line': b'\n'}
[210.297210] (opentera_webrtc_demos) StderrLine: {'line': b'DEPRECATION WARNING [import]: Sass @import rules are deprecated and will be removed in Dart Sass 3.0.0.\n'}
[210.297404] (opentera_webrtc_demos) StderrLine: {'line': b'\n'}
[210.297595] (opentera_webrtc_demos) StderrLine: {'line': b'More info and automated migrator: https://sass-lang.com/d/import\n'}
[210.297788] (opentera_webrtc_demos) StderrLine: {'line': b'\n'}
[210.297979] (opentera_webrtc_demos) StderrLine: {'line': b'   \xe2\x95\xb7\n'}
[210.298197] (opentera_webrtc_demos) StderrLine: {'line': b'97 \xe2\x94\x82 @import "./scss/grid.scss";\n'}
[210.298391] (opentera_webrtc_demos) StderrLine: {'line': b'   \xe2\x94\x82         ^^^^^^^^^^^^^^^^^^\n'}
[210.298583] (opentera_webrtc_demos) StderrLine: {'line': b'   \xe2\x95\xb5\n'}
[210.298774] (opentera_webrtc_demos) StderrLine: {'line': b'    src/app.scss 97:9  @import\n'}
[210.298966] (opentera_webrtc_demos) StderrLine: {'line': b'    stdin 1:9          root stylesheet\n'}
[210.299157] (opentera_webrtc_demos) StderrLine: {'line': b'\n'}
[210.299347] (opentera_webrtc_demos) StderrLine: {'line': b'DEPRECATION WARNING [legacy-js-api]: The legacy JS API is deprecated and will be removed in Dart Sass 2.0.0.\n'}
[210.299541] (opentera_webrtc_demos) StderrLine: {'line': b'\n'}
[210.299731] (opentera_webrtc_demos) StderrLine: {'line': b'More info: https://sass-lang.com/d/legacy-js-api\n'}
[210.299943] (opentera_webrtc_demos) StderrLine: {'line': b'\n'}
[210.300176] (opentera_webrtc_demos) StderrLine: {'line': b'DEPRECATION WARNING [import]: Sass @import rules are deprecated and will be removed in Dart Sass 3.0.0.\n'}
[210.300376] (opentera_webrtc_demos) StderrLine: {'line': b'\n'}
[210.300567] (opentera_webrtc_demos) StderrLine: {'line': b'More info and automated migrator: https://sass-lang.com/d/import\n'}
[210.300760] (opentera_webrtc_demos) StderrLine: {'line': b'\n'}
[210.300952] (opentera_webrtc_demos) StderrLine: {'line': b'  \xe2\x95\xb7\n'}
[210.301144] (opentera_webrtc_demos) StderrLine: {'line': b'1 \xe2\x94\x82 @import "~@/app.scss";\n'}
[210.301338] (opentera_webrtc_demos) StderrLine: {'line': b'  \xe2\x94\x82         ^^^^^^^^^^^^^\n'}
[210.301529] (opentera_webrtc_demos) StderrLine: {'line': b'  \xe2\x95\xb5\n'}
[210.301720] (opentera_webrtc_demos) StderrLine: {'line': b'    stdin 1:9  root stylesheet\n'}
[210.301914] (opentera_webrtc_demos) StderrLine: {'line': b'\n'}
[210.302105] (opentera_webrtc_demos) StderrLine: {'line': b'DEPRECATION WARNING [import]: Sass @import rules are deprecated and will be removed in Dart Sass 3.0.0.\n'}
[210.302301] (opentera_webrtc_demos) StderrLine: {'line': b'\n'}
[210.302502] (opentera_webrtc_demos) StderrLine: {'line': b'More info and automated migrator: https://sass-lang.com/d/import\n'}
[210.302696] (opentera_webrtc_demos) StderrLine: {'line': b'\n'}
[210.302886] (opentera_webrtc_demos) StderrLine: {'line': b'  \xe2\x95\xb7\n'}
[210.303076] (opentera_webrtc_demos) StderrLine: {'line': b'3 \xe2\x94\x82 @import "./ParticipantOptions.scss";\n'}
[210.303268] (opentera_webrtc_demos) StderrLine: {'line': b'  \xe2\x94\x82         ^^^^^^^^^^^^^^^^^^^^^^^^^^^\n'}
[210.303460] (opentera_webrtc_demos) StderrLine: {'line': b'  \xe2\x95\xb5\n'}
[210.303650] (opentera_webrtc_demos) StderrLine: {'line': b'    stdin 3:9  root stylesheet\n'}
[210.303842] (opentera_webrtc_demos) StderrLine: {'line': b'\n'}
[210.304082] (opentera_webrtc_demos) StderrLine: {'line': b'DEPRECATION WARNING [import]: Sass @import rules are deprecated and will be removed in Dart Sass 3.0.0.\n'}
[210.304287] (opentera_webrtc_demos) StderrLine: {'line': b'\n'}
[210.304488] (opentera_webrtc_demos) StderrLine: {'line': b'More info and automated migrator: https://sass-lang.com/d/import\n'}
[210.304684] (opentera_webrtc_demos) StderrLine: {'line': b'\n'}
[210.304875] (opentera_webrtc_demos) StderrLine: {'line': b'   \xe2\x95\xb7\n'}
[210.305066] (opentera_webrtc_demos) StderrLine: {'line': b'96 \xe2\x94\x82 @import "./scss/button.scss";\n'}
[210.305259] (opentera_webrtc_demos) StderrLine: {'line': b'   \xe2\x94\x82         ^^^^^^^^^^^^^^^^^^^^\n'}
[210.305449] (opentera_webrtc_demos) StderrLine: {'line': b'   \xe2\x95\xb5\n'}
[210.305642] (opentera_webrtc_demos) StderrLine: {'line': b'    src/app.scss 96:9  @import\n'}
[210.305869] (opentera_webrtc_demos) StderrLine: {'line': b'    stdin 1:9          root stylesheet\n'}
[210.306116] (opentera_webrtc_demos) StderrLine: {'line': b'\n'}
[210.306369] (opentera_webrtc_demos) StderrLine: {'line': b'DEPRECATION WARNING [import]: Sass @import rules are deprecated and will be removed in Dart Sass 3.0.0.\n'}
[210.306640] (opentera_webrtc_demos) StderrLine: {'line': b'\n'}
[210.306841] (opentera_webrtc_demos) StderrLine: {'line': b'More info and automated migrator: https://sass-lang.com/d/import\n'}
[210.307151] (opentera_webrtc_demos) StderrLine: {'line': b'\n'}
[210.307374] (opentera_webrtc_demos) StderrLine: {'line': b'   \xe2\x95\xb7\n'}
[210.307591] (opentera_webrtc_demos) StderrLine: {'line': b'97 \xe2\x94\x82 @import "./scss/grid.scss";\n'}
[210.307852] (opentera_webrtc_demos) StderrLine: {'line': b'   \xe2\x94\x82         ^^^^^^^^^^^^^^^^^^\n'}
[210.308213] (opentera_webrtc_demos) StderrLine: {'line': b'   \xe2\x95\xb5\n'}
[210.308445] (opentera_webrtc_demos) StderrLine: {'line': b'    src/app.scss 97:9  @import\n'}
[210.308642] (opentera_webrtc_demos) StderrLine: {'line': b'    stdin 1:9          root stylesheet\n'}
[210.308837] (opentera_webrtc_demos) StderrLine: {'line': b'\n'}
[210.309030] (opentera_webrtc_demos) StderrLine: {'line': b'DEPRECATION WARNING [legacy-js-api]: The legacy JS API is deprecated and will be removed in Dart Sass 2.0.0.\n'}
[210.309233] (opentera_webrtc_demos) StderrLine: {'line': b'\n'}
[210.309427] (opentera_webrtc_demos) StderrLine: {'line': b'More info: https://sass-lang.com/d/legacy-js-api\n'}
[210.309621] (opentera_webrtc_demos) StderrLine: {'line': b'\n'}
[210.309818] (opentera_webrtc_demos) StderrLine: {'line': b'DEPRECATION WARNING [import]: Sass @import rules are deprecated and will be removed in Dart Sass 3.0.0.\n'}
[210.310046] (opentera_webrtc_demos) StderrLine: {'line': b'\n'}
[210.310245] (opentera_webrtc_demos) StderrLine: {'line': b'More info and automated migrator: https://sass-lang.com/d/import\n'}
[210.310440] (opentera_webrtc_demos) StderrLine: {'line': b'\n'}
[210.310645] (opentera_webrtc_demos) StderrLine: {'line': b'  \xe2\x95\xb7\n'}
[210.310844] (opentera_webrtc_demos) StderrLine: {'line': b'1 \xe2\x94\x82 @import "~@/app.scss";\n'}
[210.311055] (opentera_webrtc_demos) StderrLine: {'line': b'  \xe2\x94\x82         ^^^^^^^^^^^^^\n'}
[210.311250] (opentera_webrtc_demos) StderrLine: {'line': b'  \xe2\x95\xb5\n'}
[210.311444] (opentera_webrtc_demos) StderrLine: {'line': b'    stdin 1:9  root stylesheet\n'}
[210.311638] (opentera_webrtc_demos) StderrLine: {'line': b'\n'}
[210.311830] (opentera_webrtc_demos) StderrLine: {'line': b'DEPRECATION WARNING [import]: Sass @import rules are deprecated and will be removed in Dart Sass 3.0.0.\n'}
[210.312074] (opentera_webrtc_demos) StderrLine: {'line': b'\n'}
[210.312280] (opentera_webrtc_demos) StderrLine: {'line': b'More info and automated migrator: https://sass-lang.com/d/import\n'}
[210.312491] (opentera_webrtc_demos) StderrLine: {'line': b'\n'}
[210.312684] (opentera_webrtc_demos) StderrLine: {'line': b'  \xe2\x95\xb7\n'}
[210.312877] (opentera_webrtc_demos) StderrLine: {'line': b'3 \xe2\x94\x82 @import "./NavigationBar.scss";\n'}
[210.313069] (opentera_webrtc_demos) StderrLine: {'line': b'  \xe2\x94\x82         ^^^^^^^^^^^^^^^^^^^^^^\n'}
[210.313263] (opentera_webrtc_demos) StderrLine: {'line': b'  \xe2\x95\xb5\n'}
[210.313454] (opentera_webrtc_demos) StderrLine: {'line': b'    stdin 3:9  root stylesheet\n'}
[210.313645] (opentera_webrtc_demos) StderrLine: {'line': b'\n'}
[210.313835] (opentera_webrtc_demos) StderrLine: {'line': b'DEPRECATION WARNING [import]: Sass @import rules are deprecated and will be removed in Dart Sass 3.0.0.\n'}
[210.314026] (opentera_webrtc_demos) StderrLine: {'line': b'\n'}
[210.314217] (opentera_webrtc_demos) StderrLine: {'line': b'More info and automated migrator: https://sass-lang.com/d/import\n'}
[210.314410] (opentera_webrtc_demos) StderrLine: {'line': b'\n'}
[210.314599] (opentera_webrtc_demos) StderrLine: {'line': b'   \xe2\x95\xb7\n'}
[210.314790] (opentera_webrtc_demos) StderrLine: {'line': b'96 \xe2\x94\x82 @import "./scss/button.scss";\n'}
[210.314980] (opentera_webrtc_demos) StderrLine: {'line': b'   \xe2\x94\x82         ^^^^^^^^^^^^^^^^^^^^\n'}
[210.315172] (opentera_webrtc_demos) StderrLine: {'line': b'   \xe2\x95\xb5\n'}
[210.315376] (opentera_webrtc_demos) StderrLine: {'line': b'    src/app.scss 96:9  @import\n'}
[210.315568] (opentera_webrtc_demos) StderrLine: {'line': b'    stdin 1:9          root stylesheet\n'}
[210.315759] (opentera_webrtc_demos) StderrLine: {'line': b'\n'}
[210.315961] (opentera_webrtc_demos) StderrLine: {'line': b'DEPRECATION WARNING [import]: Sass @import rules are deprecated and will be removed in Dart Sass 3.0.0.\n'}
[210.316180] (opentera_webrtc_demos) StderrLine: {'line': b'\n'}
[210.316376] (opentera_webrtc_demos) StderrLine: {'line': b'More info and automated migrator: https://sass-lang.com/d/import\n'}
[210.316568] (opentera_webrtc_demos) StderrLine: {'line': b'\n'}
[210.316761] (opentera_webrtc_demos) StderrLine: {'line': b'   \xe2\x95\xb7\n'}
[210.316952] (opentera_webrtc_demos) StderrLine: {'line': b'97 \xe2\x94\x82 @import "./scss/grid.scss";\n'}
[210.317148] (opentera_webrtc_demos) StderrLine: {'line': b'   \xe2\x94\x82         ^^^^^^^^^^^^^^^^^^\n'}
[210.317412] (opentera_webrtc_demos) StderrLine: {'line': b'   \xe2\x95\xb5\n'}
[210.317613] (opentera_webrtc_demos) StderrLine: {'line': b'    src/app.scss 97:9  @import\n'}
[210.317806] (opentera_webrtc_demos) StderrLine: {'line': b'    stdin 1:9          root stylesheet\n'}
[210.318032] (opentera_webrtc_demos) StderrLine: {'line': b'\n'}
[210.318240] (opentera_webrtc_demos) StderrLine: {'line': b'DEPRECATION WARNING [legacy-js-api]: The legacy JS API is deprecated and will be removed in Dart Sass 2.0.0.\n'}
[210.318440] (opentera_webrtc_demos) StderrLine: {'line': b'\n'}
[210.318632] (opentera_webrtc_demos) StderrLine: {'line': b'More info: https://sass-lang.com/d/legacy-js-api\n'}
[210.318827] (opentera_webrtc_demos) StderrLine: {'line': b'\n'}
[210.319019] (opentera_webrtc_demos) StderrLine: {'line': b'DEPRECATION WARNING [import]: Sass @import rules are deprecated and will be removed in Dart Sass 3.0.0.\n'}
[210.319213] (opentera_webrtc_demos) StderrLine: {'line': b'\n'}
[210.319405] (opentera_webrtc_demos) StderrLine: {'line': b'More info and automated migrator: https://sass-lang.com/d/import\n'}
[210.319600] (opentera_webrtc_demos) StderrLine: {'line': b'\n'}
[210.319791] (opentera_webrtc_demos) StderrLine: {'line': b'  \xe2\x95\xb7\n'}
[210.320036] (opentera_webrtc_demos) StderrLine: {'line': b'1 \xe2\x94\x82 @import "~@/app.scss";\n'}
[210.320263] (opentera_webrtc_demos) StderrLine: {'line': b'  \xe2\x94\x82         ^^^^^^^^^^^^^\n'}
[210.320458] (opentera_webrtc_demos) StderrLine: {'line': b'  \xe2\x95\xb5\n'}
[210.320652] (opentera_webrtc_demos) StderrLine: {'line': b'    stdin 1:9  root stylesheet\n'}
[210.320843] (opentera_webrtc_demos) StderrLine: {'line': b'\n'}
[210.321036] (opentera_webrtc_demos) StderrLine: {'line': b'DEPRECATION WARNING [import]: Sass @import rules are deprecated and will be removed in Dart Sass 3.0.0.\n'}
[210.321228] (opentera_webrtc_demos) StderrLine: {'line': b'\n'}
[210.321420] (opentera_webrtc_demos) StderrLine: {'line': b'More info and automated migrator: https://sass-lang.com/d/import\n'}
[210.321617] (opentera_webrtc_demos) StderrLine: {'line': b'\n'}
[210.321808] (opentera_webrtc_demos) StderrLine: {'line': b'  \xe2\x95\xb7\n'}
[210.321999] (opentera_webrtc_demos) StderrLine: {'line': b'3 \xe2\x94\x82 @import "./BatteryIndicator.scss";\n'}
[210.322190] (opentera_webrtc_demos) StderrLine: {'line': b'  \xe2\x94\x82         ^^^^^^^^^^^^^^^^^^^^^^^^^\n'}
[210.322383] (opentera_webrtc_demos) StderrLine: {'line': b'  \xe2\x95\xb5\n'}
[210.322574] (opentera_webrtc_demos) StderrLine: {'line': b'    stdin 3:9  root stylesheet\n'}
[210.322765] (opentera_webrtc_demos) StderrLine: {'line': b'\n'}
[210.322956] (opentera_webrtc_demos) StderrLine: {'line': b'DEPRECATION WARNING [legacy-js-api]: The legacy JS API is deprecated and will be removed in Dart Sass 2.0.0.\n'}
[210.323150] (opentera_webrtc_demos) StderrLine: {'line': b'\n'}
[210.323340] (opentera_webrtc_demos) StderrLine: {'line': b'More info: https://sass-lang.com/d/legacy-js-api\n'}
[210.323530] (opentera_webrtc_demos) StderrLine: {'line': b'\n'}
[210.323748] (opentera_webrtc_demos) StderrLine: {'line': b'DEPRECATION WARNING [import]: Sass @import rules are deprecated and will be removed in Dart Sass 3.0.0.\n'}
[210.323957] (opentera_webrtc_demos) StderrLine: {'line': b'\n'}
[210.324175] (opentera_webrtc_demos) StderrLine: {'line': b'More info and automated migrator: https://sass-lang.com/d/import\n'}
[210.324370] (opentera_webrtc_demos) StderrLine: {'line': b'\n'}
[210.324560] (opentera_webrtc_demos) StderrLine: {'line': b'  \xe2\x95\xb7\n'}
[210.324751] (opentera_webrtc_demos) StderrLine: {'line': b'1 \xe2\x94\x82 @import "~@/app.scss";\n'}
[210.324942] (opentera_webrtc_demos) StderrLine: {'line': b'  \xe2\x94\x82         ^^^^^^^^^^^^^\n'}
[210.325136] (opentera_webrtc_demos) StderrLine: {'line': b'  \xe2\x95\xb5\n'}
[210.325330] (opentera_webrtc_demos) StderrLine: {'line': b'    stdin 1:9  root stylesheet\n'}
[210.325521] (opentera_webrtc_demos) StderrLine: {'line': b'\n'}
[210.325712] (opentera_webrtc_demos) StderrLine: {'line': b'DEPRECATION WARNING [import]: Sass @import rules are deprecated and will be removed in Dart Sass 3.0.0.\n'}
[210.325908] (opentera_webrtc_demos) StderrLine: {'line': b'\n'}
[210.326098] (opentera_webrtc_demos) StderrLine: {'line': b'More info and automated migrator: https://sass-lang.com/d/import\n'}
[210.326291] (opentera_webrtc_demos) StderrLine: {'line': b'\n'}
[210.326481] (opentera_webrtc_demos) StderrLine: {'line': b'  \xe2\x95\xb7\n'}
[210.326671] (opentera_webrtc_demos) StderrLine: {'line': b'3 \xe2\x94\x82 @import "./SignalStrengthIndicator.scss";\n'}
[210.326863] (opentera_webrtc_demos) StderrLine: {'line': b'  \xe2\x94\x82         ^^^^^^^^^^^^^^^^^^^^^^^^^^^^^^^^\n'}
[210.327055] (opentera_webrtc_demos) StderrLine: {'line': b'  \xe2\x95\xb5\n'}
[210.327246] (opentera_webrtc_demos) StderrLine: {'line': b'    stdin 3:9  root stylesheet\n'}
[210.327448] (opentera_webrtc_demos) StderrLine: {'line': b'\n'}
[210.327694] (opentera_webrtc_demos) StderrLine: {'line': b'DEPRECATION WARNING [legacy-js-api]: The legacy JS API is deprecated and will be removed in Dart Sass 2.0.0.\n'}
[210.327890] (opentera_webrtc_demos) StderrLine: {'line': b'\n'}
[210.328139] (opentera_webrtc_demos) StderrLine: {'line': b'More info: https://sass-lang.com/d/legacy-js-api\n'}
[210.328342] (opentera_webrtc_demos) StderrLine: {'line': b'\n'}
[210.328534] (opentera_webrtc_demos) StderrLine: {'line': b'DEPRECATION WARNING [import]: Sass @import rules are deprecated and will be removed in Dart Sass 3.0.0.\n'}
[210.328727] (opentera_webrtc_demos) StderrLine: {'line': b'\n'}
[210.328917] (opentera_webrtc_demos) StderrLine: {'line': b'More info and automated migrator: https://sass-lang.com/d/import\n'}
[210.329111] (opentera_webrtc_demos) StderrLine: {'line': b'\n'}
[210.329305] (opentera_webrtc_demos) StderrLine: {'line': b'  \xe2\x95\xb7\n'}
[210.329499] (opentera_webrtc_demos) StderrLine: {'line': b'1 \xe2\x94\x82 @import "~@/app.scss";\n'}
[210.329690] (opentera_webrtc_demos) StderrLine: {'line': b'  \xe2\x94\x82         ^^^^^^^^^^^^^\n'}
[210.329881] (opentera_webrtc_demos) StderrLine: {'line': b'  \xe2\x95\xb5\n'}
[210.330072] (opentera_webrtc_demos) StderrLine: {'line': b'    stdin 1:9  root stylesheet\n'}
[210.330263] (opentera_webrtc_demos) StderrLine: {'line': b'\n'}
[210.330453] (opentera_webrtc_demos) StderrLine: {'line': b'DEPRECATION WARNING [import]: Sass @import rules are deprecated and will be removed in Dart Sass 3.0.0.\n'}
[210.330646] (opentera_webrtc_demos) StderrLine: {'line': b'\n'}
[210.330836] (opentera_webrtc_demos) StderrLine: {'line': b'More info and automated migrator: https://sass-lang.com/d/import\n'}
[210.331028] (opentera_webrtc_demos) StderrLine: {'line': b'\n'}
[210.331218] (opentera_webrtc_demos) StderrLine: {'line': b'  \xe2\x95\xb7\n'}
[210.331409] (opentera_webrtc_demos) StderrLine: {'line': b'3 \xe2\x94\x82 @import "./ActionsMenu.scss";\n'}
[210.331601] (opentera_webrtc_demos) StderrLine: {'line': b'  \xe2\x94\x82         ^^^^^^^^^^^^^^^^^^^^\n'}
[210.331793] (opentera_webrtc_demos) StderrLine: {'line': b'  \xe2\x95\xb5\n'}
[210.332057] (opentera_webrtc_demos) StderrLine: {'line': b'    stdin 3:9  root stylesheet\n'}
[210.332282] (opentera_webrtc_demos) StderrLine: {'line': b'\n'}
[210.332479] (opentera_webrtc_demos) StderrLine: {'line': b'DEPRECATION WARNING [import]: Sass @import rules are deprecated and will be removed in Dart Sass 3.0.0.\n'}
[210.332677] (opentera_webrtc_demos) StderrLine: {'line': b'\n'}
[210.332869] (opentera_webrtc_demos) StderrLine: {'line': b'More info and automated migrator: https://sass-lang.com/d/import\n'}
[210.333062] (opentera_webrtc_demos) StderrLine: {'line': b'\n'}
[210.333256] (opentera_webrtc_demos) StderrLine: {'line': b'   \xe2\x95\xb7\n'}
[210.333447] (opentera_webrtc_demos) StderrLine: {'line': b'96 \xe2\x94\x82 @import "./scss/button.scss";\n'}
[210.333639] (opentera_webrtc_demos) StderrLine: {'line': b'   \xe2\x94\x82         ^^^^^^^^^^^^^^^^^^^^\n'}
[210.333830] (opentera_webrtc_demos) StderrLine: {'line': b'   \xe2\x95\xb5\n'}
[210.334021] (opentera_webrtc_demos) StderrLine: {'line': b'    src/app.scss 96:9  @import\n'}
[210.334212] (opentera_webrtc_demos) StderrLine: {'line': b'    stdin 1:9          root stylesheet\n'}
[210.334404] (opentera_webrtc_demos) StderrLine: {'line': b'\n'}
[210.334595] (opentera_webrtc_demos) StderrLine: {'line': b'DEPRECATION WARNING [import]: Sass @import rules are deprecated and will be removed in Dart Sass 3.0.0.\n'}
[210.334787] (opentera_webrtc_demos) StderrLine: {'line': b'\n'}
[210.334977] (opentera_webrtc_demos) StderrLine: {'line': b'More info and automated migrator: https://sass-lang.com/d/import\n'}
[210.335169] (opentera_webrtc_demos) StderrLine: {'line': b'\n'}
[210.335359] (opentera_webrtc_demos) StderrLine: {'line': b'   \xe2\x95\xb7\n'}
[210.335549] (opentera_webrtc_demos) StderrLine: {'line': b'97 \xe2\x94\x82 @import "./scss/grid.scss";\n'}
[210.335746] (opentera_webrtc_demos) StderrLine: {'line': b'   \xe2\x94\x82         ^^^^^^^^^^^^^^^^^^\n'}
[210.335955] (opentera_webrtc_demos) StderrLine: {'line': b'   \xe2\x95\xb5\n'}
[210.336188] (opentera_webrtc_demos) StderrLine: {'line': b'    src/app.scss 97:9  @import\n'}
[210.336384] (opentera_webrtc_demos) StderrLine: {'line': b'    stdin 1:9          root stylesheet\n'}
[210.336576] (opentera_webrtc_demos) StderrLine: {'line': b'\n'}
[210.336765] (opentera_webrtc_demos) StderrLine: {'line': b'DEPRECATION WARNING [import]: Sass @import rules are deprecated and will be removed in Dart Sass 3.0.0.\n'}
[210.336977] (opentera_webrtc_demos) StderrLine: {'line': b'\n'}
[210.337169] (opentera_webrtc_demos) StderrLine: {'line': b'More info and automated migrator: https://sass-lang.com/d/import\n'}
[210.337361] (opentera_webrtc_demos) StderrLine: {'line': b'\n'}
[210.337551] (opentera_webrtc_demos) StderrLine: {'line': b'   \xe2\x95\xb7\n'}
[210.337799] (opentera_webrtc_demos) StderrLine: {'line': b'96 \xe2\x94\x82 @import "./scss/button.scss";\n'}
[210.337995] (opentera_webrtc_demos) StderrLine: {'line': b'   \xe2\x94\x82         ^^^^^^^^^^^^^^^^^^^^\n'}
[210.338206] (opentera_webrtc_demos) StderrLine: {'line': b'   \xe2\x95\xb5\n'}
[210.338400] (opentera_webrtc_demos) StderrLine: {'line': b'    src/app.scss 96:9  @import\n'}
[210.338593] (opentera_webrtc_demos) StderrLine: {'line': b'    stdin 1:9          root stylesheet\n'}
[210.338785] (opentera_webrtc_demos) StderrLine: {'line': b'\n'}
[210.338982] (opentera_webrtc_demos) StderrLine: {'line': b'DEPRECATION WARNING [import]: Sass @import rules are deprecated and will be removed in Dart Sass 3.0.0.\n'}
[210.339174] (opentera_webrtc_demos) StderrLine: {'line': b'\n'}
[210.339365] (opentera_webrtc_demos) StderrLine: {'line': b'More info and automated migrator: https://sass-lang.com/d/import\n'}
[210.339557] (opentera_webrtc_demos) StderrLine: {'line': b'\n'}
[210.339747] (opentera_webrtc_demos) StderrLine: {'line': b'   \xe2\x95\xb7\n'}
[210.339961] (opentera_webrtc_demos) StderrLine: {'line': b'97 \xe2\x94\x82 @import "./scss/grid.scss";\n'}
[210.340189] (opentera_webrtc_demos) StderrLine: {'line': b'   \xe2\x94\x82         ^^^^^^^^^^^^^^^^^^\n'}
[210.340409] (opentera_webrtc_demos) StderrLine: {'line': b'   \xe2\x95\xb5\n'}
[210.340606] (opentera_webrtc_demos) StderrLine: {'line': b'    src/app.scss 97:9  @import\n'}
[210.340801] (opentera_webrtc_demos) StderrLine: {'line': b'    stdin 1:9          root stylesheet\n'}
[210.340995] (opentera_webrtc_demos) StderrLine: {'line': b'\n'}
[210.341187] (opentera_webrtc_demos) StderrLine: {'line': b'DEPRECATION WARNING [import]: Sass @import rules are deprecated and will be removed in Dart Sass 3.0.0.\n'}
[210.341380] (opentera_webrtc_demos) StderrLine: {'line': b'\n'}
[210.341571] (opentera_webrtc_demos) StderrLine: {'line': b'More info and automated migrator: https://sass-lang.com/d/import\n'}
[210.341765] (opentera_webrtc_demos) StderrLine: {'line': b'\n'}
[210.341956] (opentera_webrtc_demos) StderrLine: {'line': b'   \xe2\x95\xb7\n'}
[210.342149] (opentera_webrtc_demos) StderrLine: {'line': b'96 \xe2\x94\x82 @import "./scss/button.scss";\n'}
[210.342340] (opentera_webrtc_demos) StderrLine: {'line': b'   \xe2\x94\x82         ^^^^^^^^^^^^^^^^^^^^\n'}
[210.342532] (opentera_webrtc_demos) StderrLine: {'line': b'   \xe2\x95\xb5\n'}
[210.342723] (opentera_webrtc_demos) StderrLine: {'line': b'    src/app.scss 96:9  @import\n'}
[210.342914] (opentera_webrtc_demos) StderrLine: {'line': b'    stdin 1:9          root stylesheet\n'}
[210.343106] (opentera_webrtc_demos) StderrLine: {'line': b'\n'}
[210.343295] (opentera_webrtc_demos) StderrLine: {'line': b'DEPRECATION WARNING [import]: Sass @import rules are deprecated and will be removed in Dart Sass 3.0.0.\n'}
[210.343489] (opentera_webrtc_demos) StderrLine: {'line': b'\n'}
[210.343681] (opentera_webrtc_demos) StderrLine: {'line': b'More info and automated migrator: https://sass-lang.com/d/import\n'}
[210.343872] (opentera_webrtc_demos) StderrLine: {'line': b'\n'}
[210.344100] (opentera_webrtc_demos) StderrLine: {'line': b'   \xe2\x95\xb7\n'}
[210.344303] (opentera_webrtc_demos) StderrLine: {'line': b'97 \xe2\x94\x82 @import "./scss/grid.scss";\n'}
[210.344494] (opentera_webrtc_demos) StderrLine: {'line': b'   \xe2\x94\x82         ^^^^^^^^^^^^^^^^^^\n'}
[210.344686] (opentera_webrtc_demos) StderrLine: {'line': b'   \xe2\x95\xb5\n'}
[210.344878] (opentera_webrtc_demos) StderrLine: {'line': b'    src/app.scss 97:9  @import\n'}
[210.345063] (-) TimerEvent: {}
[210.345713] (opentera_webrtc_demos) StderrLine: {'line': b'    stdin 1:9          root stylesheet\n'}
[210.346013] (opentera_webrtc_demos) StderrLine: {'line': b'\n'}
[210.346219] (opentera_webrtc_demos) StderrLine: {'line': b' ERROR  Failed to compile with 6 errors6:02:43 AM\n'}
[210.346421] (opentera_webrtc_demos) StderrLine: {'line': b'\n'}
[210.346620] (opentera_webrtc_demos) StderrLine: {'line': b'These dependencies were not found:\n'}
[210.346817] (opentera_webrtc_demos) StderrLine: {'line': b'\n'}
[210.347012] (opentera_webrtc_demos) StderrLine: {'line': b'* @smartweb/vue-flash-message in ./src/main.ts\n'}
[210.347208] (opentera_webrtc_demos) StderrLine: {'line': b'* @vue/reactivity in ./src/components/DeviceSettings/useCameras.ts\n'}
[210.347409] (opentera_webrtc_demos) StderrLine: {'line': b'* @vue/runtime-core in ./node_modules/cache-loader/dist/cjs.js??ref--1-0!./node_modules/@vue/cli-service/node_modules/vue-loader-v16/dist??ref--1-1!./src/components/DeviceSettings/DeviceSettings.vue?vue&type=script&lang=js\n'}
[210.347613] (opentera_webrtc_demos) StderrLine: {'line': b'* tslib in ./src/components/DeviceSettings/useCameras.ts, ./src/store/modules/clientStore.ts and 1 other\n'}
[210.347879] (opentera_webrtc_demos) StderrLine: {'line': b'\n'}
[210.348162] (opentera_webrtc_demos) StderrLine: {'line': b'To install them, you can run: npm install --save @smartweb/vue-flash-message @vue/reactivity @vue/runtime-core tslib\n'}
[210.348379] (opentera_webrtc_demos) StderrLine: {'line': b' ERROR  Build failed with errors.\n'}
[210.348577] (opentera_webrtc_demos) StderrLine: {'line': b'gmake[2]: *** [CMakeFiles/opentera_werbrtc_teleop_frontend-build.dir/build.make:181: dist.stamp] Error 1\n'}
[210.348773] (opentera_webrtc_demos) StderrLine: {'line': b'gmake[1]: *** [CMakeFiles/Makefile2:165: CMakeFiles/opentera_werbrtc_teleop_frontend-build.dir/all] Error 2\n'}
[210.349007] (opentera_webrtc_demos) StderrLine: {'line': b'gmake: *** [Makefile:146: all] Error 2\n'}
[210.349209] (opentera_webrtc_demos) CommandEnded: {'returncode': 2}
[210.350105] (opentera_webrtc_demos) JobEnded: {'identifier': 'opentera_webrtc_demos', 'rc': 2}
[210.358982] (-) EventReactorShutdown: {}
