[0.155s] DEBUG:colcon:Command line arguments: ['/usr/bin/colcon', 'build', '--packages-select', 'apriltag', 'apriltag_msgs', 'apriltag_ros', 'cartographer', 'costmap_converter_msgs', 'costmap_converter', 'emcl2', 'explore_lite', 'openslam_gmapping', 'slam_gmapping', 'ldlidar', 'rf2o_laser_odometry', 'robot_pose_publisher', 'teb_msgs', 'teb_local_planner', 'vizanti', 'vizanti_cpp', 'vizanti_demos', 'vizanti_msgs', 'vizanti_server', 'ugv_base_node', 'ugv_interface']
[0.155s] DEBUG:colcon:Parsed command line arguments: Namespace(log_base=None, log_level=None, verb_name='build', build_base='build', install_base='install', merge_install=False, symlink_install=False, test_result_base=None, continue_on_error=False, executor='parallel', parallel_workers=4, event_handlers=None, ignore_user_meta=False, metas=['./colcon.meta'], base_paths=['.'], packages_ignore=None, packages_ignore_regex=None, paths=None, packages_up_to=None, packages_up_to_regex=None, packages_above=None, packages_above_and_dependencies=None, packages_above_depth=None, packages_select_by_dep=None, packages_skip_by_dep=None, packages_skip_up_to=None, packages_select_build_failed=False, packages_skip_build_finished=False, packages_select_test_failures=False, packages_skip_test_passed=False, packages_select=['apriltag', 'apriltag_msgs', 'apriltag_ros', 'cartographer', 'costmap_converter_msgs', 'costmap_converter', 'emcl2', 'explore_lite', 'openslam_gmapping', 'slam_gmapping', 'ldlidar', 'rf2o_laser_odometry', 'robot_pose_publisher', 'teb_msgs', 'teb_local_planner', 'vizanti', 'vizanti_cpp', 'vizanti_demos', 'vizanti_msgs', 'vizanti_server', 'ugv_base_node', 'ugv_interface'], packages_skip=None, packages_select_regex=None, packages_skip_regex=None, packages_start=None, packages_end=None, cmake_args=None, cmake_target=None, cmake_target_skip_unavailable=False, cmake_clean_cache=False, cmake_clean_first=False, cmake_force_configure=False, ament_cmake_args=None, catkin_cmake_args=None, catkin_skip_building_tests=False, mixin_files=None, mixin=None, verb_parser=<colcon_mixin.mixin.mixin_argument.MixinArgumentDecorator object at 0x7fffb793b1f0>, verb_extension=<colcon_core.verb.build.BuildVerb object at 0x7fffb793ad40>, main=<bound method BuildVerb.main of <colcon_core.verb.build.BuildVerb object at 0x7fffb793ad40>>, mixin_verb=('build',))
[0.338s] Level 1:colcon.colcon_core.package_discovery:discover_packages(colcon_meta) check parameters
[0.339s] INFO:colcon.colcon_metadata.package_discovery.colcon_meta:Using configuration from '/root/.colcon/metadata/default/Gazebo.meta'
[0.339s] INFO:colcon.colcon_metadata.package_discovery.colcon_meta:Using configuration from '/root/.colcon/metadata/default/fastrtps.meta'
[0.339s] Level 1:colcon.colcon_core.package_discovery:discover_packages(recursive) check parameters
[0.340s] Level 1:colcon.colcon_core.package_discovery:discover_packages(ignore) check parameters
[0.340s] Level 1:colcon.colcon_core.package_discovery:discover_packages(path) check parameters
[0.340s] Level 1:colcon.colcon_core.package_discovery:discover_packages(colcon_meta) discover
[0.340s] Level 1:colcon.colcon_core.package_discovery:discover_packages(recursive) discover
[0.340s] INFO:colcon.colcon_core.package_discovery:Crawling recursively for packages in '/home/ws/ugv_ws'
[0.340s] Level 1:colcon.colcon_core.package_identification:_identify(.) by extensions ['ignore', 'ignore_ament_install']
[0.340s] Level 1:colcon.colcon_core.package_identification:_identify(.) by extension 'ignore'
[0.340s] Level 1:colcon.colcon_core.package_identification:_identify(.) by extension 'ignore_ament_install'
[0.340s] Level 1:colcon.colcon_core.package_identification:_identify(.) by extensions ['colcon_pkg']
[0.340s] Level 1:colcon.colcon_core.package_identification:_identify(.) by extension 'colcon_pkg'
[0.340s] Level 1:colcon.colcon_core.package_identification:_identify(.) by extensions ['colcon_meta']
[0.340s] Level 1:colcon.colcon_core.package_identification:_identify(.) by extension 'colcon_meta'
[0.340s] Level 1:colcon.colcon_core.package_identification:_identify(.) by extensions ['ros']
[0.340s] Level 1:colcon.colcon_core.package_identification:_identify(.) by extension 'ros'
[0.356s] Level 1:colcon.colcon_core.package_identification:_identify(.) by extensions ['cmake', 'python']
[0.356s] Level 1:colcon.colcon_core.package_identification:_identify(.) by extension 'cmake'
[0.356s] Level 1:colcon.colcon_core.package_identification:_identify(.) by extension 'python'
[0.356s] Level 1:colcon.colcon_core.package_identification:_identify(.) by extensions ['python_setup_py']
[0.356s] Level 1:colcon.colcon_core.package_identification:_identify(.) by extension 'python_setup_py'
[0.356s] Level 1:colcon.colcon_core.package_identification:_identify(build) by extensions ['ignore', 'ignore_ament_install']
[0.356s] Level 1:colcon.colcon_core.package_identification:_identify(build) by extension 'ignore'
[0.356s] Level 1:colcon.colcon_core.package_identification:_identify(build) ignored
[0.357s] Level 1:colcon.colcon_core.package_identification:_identify(install) by extensions ['ignore', 'ignore_ament_install']
[0.357s] Level 1:colcon.colcon_core.package_identification:_identify(install) by extension 'ignore'
[0.357s] Level 1:colcon.colcon_core.package_identification:_identify(install) ignored
[0.357s] Level 1:colcon.colcon_core.package_identification:_identify(log) by extensions ['ignore', 'ignore_ament_install']
[0.357s] Level 1:colcon.colcon_core.package_identification:_identify(log) by extension 'ignore'
[0.357s] Level 1:colcon.colcon_core.package_identification:_identify(log) ignored
[0.357s] Level 1:colcon.colcon_core.package_identification:_identify(src) by extensions ['ignore', 'ignore_ament_install']
[0.357s] Level 1:colcon.colcon_core.package_identification:_identify(src) by extension 'ignore'
[0.357s] Level 1:colcon.colcon_core.package_identification:_identify(src) by extension 'ignore_ament_install'
[0.357s] Level 1:colcon.colcon_core.package_identification:_identify(src) by extensions ['colcon_pkg']
[0.357s] Level 1:colcon.colcon_core.package_identification:_identify(src) by extension 'colcon_pkg'
[0.357s] Level 1:colcon.colcon_core.package_identification:_identify(src) by extensions ['colcon_meta']
[0.357s] Level 1:colcon.colcon_core.package_identification:_identify(src) by extension 'colcon_meta'
[0.357s] Level 1:colcon.colcon_core.package_identification:_identify(src) by extensions ['ros']
[0.357s] Level 1:colcon.colcon_core.package_identification:_identify(src) by extension 'ros'
[0.357s] Level 1:colcon.colcon_core.package_identification:_identify(src) by extensions ['cmake', 'python']
[0.357s] Level 1:colcon.colcon_core.package_identification:_identify(src) by extension 'cmake'
[0.357s] Level 1:colcon.colcon_core.package_identification:_identify(src) by extension 'python'
[0.357s] Level 1:colcon.colcon_core.package_identification:_identify(src) by extensions ['python_setup_py']
[0.357s] Level 1:colcon.colcon_core.package_identification:_identify(src) by extension 'python_setup_py'
[0.358s] Level 1:colcon.colcon_core.package_identification:_identify(src/ugv_else) by extensions ['ignore', 'ignore_ament_install']
[0.358s] Level 1:colcon.colcon_core.package_identification:_identify(src/ugv_else) by extension 'ignore'
[0.358s] Level 1:colcon.colcon_core.package_identification:_identify(src/ugv_else) by extension 'ignore_ament_install'
[0.358s] Level 1:colcon.colcon_core.package_identification:_identify(src/ugv_else) by extensions ['colcon_pkg']
[0.358s] Level 1:colcon.colcon_core.package_identification:_identify(src/ugv_else) by extension 'colcon_pkg'
[0.358s] Level 1:colcon.colcon_core.package_identification:_identify(src/ugv_else) by extensions ['colcon_meta']
[0.358s] Level 1:colcon.colcon_core.package_identification:_identify(src/ugv_else) by extension 'colcon_meta'
[0.358s] Level 1:colcon.colcon_core.package_identification:_identify(src/ugv_else) by extensions ['ros']
[0.358s] Level 1:colcon.colcon_core.package_identification:_identify(src/ugv_else) by extension 'ros'
[0.358s] Level 1:colcon.colcon_core.package_identification:_identify(src/ugv_else) by extensions ['cmake', 'python']
[0.358s] Level 1:colcon.colcon_core.package_identification:_identify(src/ugv_else) by extension 'cmake'
[0.358s] Level 1:colcon.colcon_core.package_identification:_identify(src/ugv_else) by extension 'python'
[0.358s] Level 1:colcon.colcon_core.package_identification:_identify(src/ugv_else) by extensions ['python_setup_py']
[0.358s] Level 1:colcon.colcon_core.package_identification:_identify(src/ugv_else) by extension 'python_setup_py'
[0.358s] Level 1:colcon.colcon_core.package_identification:_identify(src/ugv_else/apriltag_ros) by extensions ['ignore', 'ignore_ament_install']
[0.358s] Level 1:colcon.colcon_core.package_identification:_identify(src/ugv_else/apriltag_ros) by extension 'ignore'
[0.358s] Level 1:colcon.colcon_core.package_identification:_identify(src/ugv_else/apriltag_ros) by extension 'ignore_ament_install'
[0.358s] Level 1:colcon.colcon_core.package_identification:_identify(src/ugv_else/apriltag_ros) by extensions ['colcon_pkg']
[0.358s] Level 1:colcon.colcon_core.package_identification:_identify(src/ugv_else/apriltag_ros) by extension 'colcon_pkg'
[0.358s] Level 1:colcon.colcon_core.package_identification:_identify(src/ugv_else/apriltag_ros) by extensions ['colcon_meta']
[0.358s] Level 1:colcon.colcon_core.package_identification:_identify(src/ugv_else/apriltag_ros) by extension 'colcon_meta'
[0.358s] Level 1:colcon.colcon_core.package_identification:_identify(src/ugv_else/apriltag_ros) by extensions ['ros']
[0.358s] Level 1:colcon.colcon_core.package_identification:_identify(src/ugv_else/apriltag_ros) by extension 'ros'
[0.359s] Level 1:colcon.colcon_core.package_identification:_identify(src/ugv_else/apriltag_ros) by extensions ['cmake', 'python']
[0.359s] Level 1:colcon.colcon_core.package_identification:_identify(src/ugv_else/apriltag_ros) by extension 'cmake'
[0.359s] Level 1:colcon.colcon_core.package_identification:_identify(src/ugv_else/apriltag_ros) by extension 'python'
[0.359s] Level 1:colcon.colcon_core.package_identification:_identify(src/ugv_else/apriltag_ros) by extensions ['python_setup_py']
[0.359s] Level 1:colcon.colcon_core.package_identification:_identify(src/ugv_else/apriltag_ros) by extension 'python_setup_py'
[0.359s] Level 1:colcon.colcon_core.package_identification:_identify(src/ugv_else/apriltag_ros/apriltag) by extensions ['ignore', 'ignore_ament_install']
[0.359s] Level 1:colcon.colcon_core.package_identification:_identify(src/ugv_else/apriltag_ros/apriltag) by extension 'ignore'
[0.359s] Level 1:colcon.colcon_core.package_identification:_identify(src/ugv_else/apriltag_ros/apriltag) by extension 'ignore_ament_install'
[0.359s] Level 1:colcon.colcon_core.package_identification:_identify(src/ugv_else/apriltag_ros/apriltag) by extensions ['colcon_pkg']
[0.359s] Level 1:colcon.colcon_core.package_identification:_identify(src/ugv_else/apriltag_ros/apriltag) by extension 'colcon_pkg'
[0.359s] Level 1:colcon.colcon_core.package_identification:_identify(src/ugv_else/apriltag_ros/apriltag) by extensions ['colcon_meta']
[0.359s] Level 1:colcon.colcon_core.package_identification:_identify(src/ugv_else/apriltag_ros/apriltag) by extension 'colcon_meta'
[0.359s] Level 1:colcon.colcon_core.package_identification:_identify(src/ugv_else/apriltag_ros/apriltag) by extensions ['ros']
[0.359s] Level 1:colcon.colcon_core.package_identification:_identify(src/ugv_else/apriltag_ros/apriltag) by extension 'ros'
[0.364s] DEBUG:colcon.colcon_core.package_identification:Package 'src/ugv_else/apriltag_ros/apriltag' with type 'ros.cmake' and name 'apriltag'
[0.364s] Level 1:colcon.colcon_core.package_identification:_identify(src/ugv_else/apriltag_ros/apriltag_msgs) by extensions ['ignore', 'ignore_ament_install']
[0.364s] Level 1:colcon.colcon_core.package_identification:_identify(src/ugv_else/apriltag_ros/apriltag_msgs) by extension 'ignore'
[0.365s] Level 1:colcon.colcon_core.package_identification:_identify(src/ugv_else/apriltag_ros/apriltag_msgs) by extension 'ignore_ament_install'
[0.365s] Level 1:colcon.colcon_core.package_identification:_identify(src/ugv_else/apriltag_ros/apriltag_msgs) by extensions ['colcon_pkg']
[0.365s] Level 1:colcon.colcon_core.package_identification:_identify(src/ugv_else/apriltag_ros/apriltag_msgs) by extension 'colcon_pkg'
[0.365s] Level 1:colcon.colcon_core.package_identification:_identify(src/ugv_else/apriltag_ros/apriltag_msgs) by extensions ['colcon_meta']
[0.365s] Level 1:colcon.colcon_core.package_identification:_identify(src/ugv_else/apriltag_ros/apriltag_msgs) by extension 'colcon_meta'
[0.365s] Level 1:colcon.colcon_core.package_identification:_identify(src/ugv_else/apriltag_ros/apriltag_msgs) by extensions ['ros']
[0.365s] Level 1:colcon.colcon_core.package_identification:_identify(src/ugv_else/apriltag_ros/apriltag_msgs) by extension 'ros'
[0.366s] DEBUG:colcon.colcon_core.package_identification:Package 'src/ugv_else/apriltag_ros/apriltag_msgs' with type 'ros.ament_cmake' and name 'apriltag_msgs'
[0.366s] Level 1:colcon.colcon_core.package_identification:_identify(src/ugv_else/apriltag_ros/apriltag_ros) by extensions ['ignore', 'ignore_ament_install']
[0.366s] Level 1:colcon.colcon_core.package_identification:_identify(src/ugv_else/apriltag_ros/apriltag_ros) by extension 'ignore'
[0.366s] Level 1:colcon.colcon_core.package_identification:_identify(src/ugv_else/apriltag_ros/apriltag_ros) by extension 'ignore_ament_install'
[0.366s] Level 1:colcon.colcon_core.package_identification:_identify(src/ugv_else/apriltag_ros/apriltag_ros) by extensions ['colcon_pkg']
[0.366s] Level 1:colcon.colcon_core.package_identification:_identify(src/ugv_else/apriltag_ros/apriltag_ros) by extension 'colcon_pkg'
[0.366s] Level 1:colcon.colcon_core.package_identification:_identify(src/ugv_else/apriltag_ros/apriltag_ros) by extensions ['colcon_meta']
[0.366s] Level 1:colcon.colcon_core.package_identification:_identify(src/ugv_else/apriltag_ros/apriltag_ros) by extension 'colcon_meta'
[0.366s] Level 1:colcon.colcon_core.package_identification:_identify(src/ugv_else/apriltag_ros/apriltag_ros) by extensions ['ros']
[0.366s] Level 1:colcon.colcon_core.package_identification:_identify(src/ugv_else/apriltag_ros/apriltag_ros) by extension 'ros'
[0.368s] DEBUG:colcon.colcon_core.package_identification:Package 'src/ugv_else/apriltag_ros/apriltag_ros' with type 'ros.ament_cmake' and name 'apriltag_ros'
[0.368s] Level 1:colcon.colcon_core.package_identification:_identify(src/ugv_else/cartographer) by extensions ['ignore', 'ignore_ament_install']
[0.368s] Level 1:colcon.colcon_core.package_identification:_identify(src/ugv_else/cartographer) by extension 'ignore'
[0.368s] Level 1:colcon.colcon_core.package_identification:_identify(src/ugv_else/cartographer) by extension 'ignore_ament_install'
[0.368s] Level 1:colcon.colcon_core.package_identification:_identify(src/ugv_else/cartographer) by extensions ['colcon_pkg']
[0.368s] Level 1:colcon.colcon_core.package_identification:_identify(src/ugv_else/cartographer) by extension 'colcon_pkg'
[0.368s] Level 1:colcon.colcon_core.package_identification:_identify(src/ugv_else/cartographer) by extensions ['colcon_meta']
[0.368s] Level 1:colcon.colcon_core.package_identification:_identify(src/ugv_else/cartographer) by extension 'colcon_meta'
[0.368s] Level 1:colcon.colcon_core.package_identification:_identify(src/ugv_else/cartographer) by extensions ['ros']
[0.368s] Level 1:colcon.colcon_core.package_identification:_identify(src/ugv_else/cartographer) by extension 'ros'
[0.369s] DEBUG:colcon.colcon_core.package_identification:Package 'src/ugv_else/cartographer' with type 'ros.ament_cmake' and name 'cartographer'
[0.369s] Level 1:colcon.colcon_core.package_identification:_identify(src/ugv_else/costmap_converter) by extensions ['ignore', 'ignore_ament_install']
[0.369s] Level 1:colcon.colcon_core.package_identification:_identify(src/ugv_else/costmap_converter) by extension 'ignore'
[0.369s] Level 1:colcon.colcon_core.package_identification:_identify(src/ugv_else/costmap_converter) by extension 'ignore_ament_install'
[0.369s] Level 1:colcon.colcon_core.package_identification:_identify(src/ugv_else/costmap_converter) by extensions ['colcon_pkg']
[0.369s] Level 1:colcon.colcon_core.package_identification:_identify(src/ugv_else/costmap_converter) by extension 'colcon_pkg'
[0.369s] Level 1:colcon.colcon_core.package_identification:_identify(src/ugv_else/costmap_converter) by extensions ['colcon_meta']
[0.369s] Level 1:colcon.colcon_core.package_identification:_identify(src/ugv_else/costmap_converter) by extension 'colcon_meta'
[0.369s] Level 1:colcon.colcon_core.package_identification:_identify(src/ugv_else/costmap_converter) by extensions ['ros']
[0.369s] Level 1:colcon.colcon_core.package_identification:_identify(src/ugv_else/costmap_converter) by extension 'ros'
[0.369s] Level 1:colcon.colcon_core.package_identification:_identify(src/ugv_else/costmap_converter) by extensions ['cmake', 'python']
[0.369s] Level 1:colcon.colcon_core.package_identification:_identify(src/ugv_else/costmap_converter) by extension 'cmake'
[0.369s] Level 1:colcon.colcon_core.package_identification:_identify(src/ugv_else/costmap_converter) by extension 'python'
[0.369s] Level 1:colcon.colcon_core.package_identification:_identify(src/ugv_else/costmap_converter) by extensions ['python_setup_py']
[0.369s] Level 1:colcon.colcon_core.package_identification:_identify(src/ugv_else/costmap_converter) by extension 'python_setup_py'
[0.370s] Level 1:colcon.colcon_core.package_identification:_identify(src/ugv_else/costmap_converter/costmap_converter) by extensions ['ignore', 'ignore_ament_install']
[0.370s] Level 1:colcon.colcon_core.package_identification:_identify(src/ugv_else/costmap_converter/costmap_converter) by extension 'ignore'
[0.370s] Level 1:colcon.colcon_core.package_identification:_identify(src/ugv_else/costmap_converter/costmap_converter) by extension 'ignore_ament_install'
[0.370s] Level 1:colcon.colcon_core.package_identification:_identify(src/ugv_else/costmap_converter/costmap_converter) by extensions ['colcon_pkg']
[0.370s] Level 1:colcon.colcon_core.package_identification:_identify(src/ugv_else/costmap_converter/costmap_converter) by extension 'colcon_pkg'
[0.370s] Level 1:colcon.colcon_core.package_identification:_identify(src/ugv_else/costmap_converter/costmap_converter) by extensions ['colcon_meta']
[0.370s] Level 1:colcon.colcon_core.package_identification:_identify(src/ugv_else/costmap_converter/costmap_converter) by extension 'colcon_meta'
[0.370s] Level 1:colcon.colcon_core.package_identification:_identify(src/ugv_else/costmap_converter/costmap_converter) by extensions ['ros']
[0.370s] Level 1:colcon.colcon_core.package_identification:_identify(src/ugv_else/costmap_converter/costmap_converter) by extension 'ros'
[0.371s] DEBUG:colcon.colcon_core.package_identification:Package 'src/ugv_else/costmap_converter/costmap_converter' with type 'ros.ament_cmake' and name 'costmap_converter'
[0.371s] Level 1:colcon.colcon_core.package_identification:_identify(src/ugv_else/costmap_converter/costmap_converter_msgs) by extensions ['ignore', 'ignore_ament_install']
[0.371s] Level 1:colcon.colcon_core.package_identification:_identify(src/ugv_else/costmap_converter/costmap_converter_msgs) by extension 'ignore'
[0.371s] Level 1:colcon.colcon_core.package_identification:_identify(src/ugv_else/costmap_converter/costmap_converter_msgs) by extension 'ignore_ament_install'
[0.371s] Level 1:colcon.colcon_core.package_identification:_identify(src/ugv_else/costmap_converter/costmap_converter_msgs) by extensions ['colcon_pkg']
[0.371s] Level 1:colcon.colcon_core.package_identification:_identify(src/ugv_else/costmap_converter/costmap_converter_msgs) by extension 'colcon_pkg'
[0.371s] Level 1:colcon.colcon_core.package_identification:_identify(src/ugv_else/costmap_converter/costmap_converter_msgs) by extensions ['colcon_meta']
[0.371s] Level 1:colcon.colcon_core.package_identification:_identify(src/ugv_else/costmap_converter/costmap_converter_msgs) by extension 'colcon_meta'
[0.372s] Level 1:colcon.colcon_core.package_identification:_identify(src/ugv_else/costmap_converter/costmap_converter_msgs) by extensions ['ros']
[0.372s] Level 1:colcon.colcon_core.package_identification:_identify(src/ugv_else/costmap_converter/costmap_converter_msgs) by extension 'ros'
[0.372s] DEBUG:colcon.colcon_core.package_identification:Package 'src/ugv_else/costmap_converter/costmap_converter_msgs' with type 'ros.ament_cmake' and name 'costmap_converter_msgs'
[0.372s] Level 1:colcon.colcon_core.package_identification:_identify(src/ugv_else/emcl2_ros2) by extensions ['ignore', 'ignore_ament_install']
[0.372s] Level 1:colcon.colcon_core.package_identification:_identify(src/ugv_else/emcl2_ros2) by extension 'ignore'
[0.372s] Level 1:colcon.colcon_core.package_identification:_identify(src/ugv_else/emcl2_ros2) by extension 'ignore_ament_install'
[0.372s] Level 1:colcon.colcon_core.package_identification:_identify(src/ugv_else/emcl2_ros2) by extensions ['colcon_pkg']
[0.372s] Level 1:colcon.colcon_core.package_identification:_identify(src/ugv_else/emcl2_ros2) by extension 'colcon_pkg'
[0.372s] Level 1:colcon.colcon_core.package_identification:_identify(src/ugv_else/emcl2_ros2) by extensions ['colcon_meta']
[0.373s] Level 1:colcon.colcon_core.package_identification:_identify(src/ugv_else/emcl2_ros2) by extension 'colcon_meta'
[0.373s] Level 1:colcon.colcon_core.package_identification:_identify(src/ugv_else/emcl2_ros2) by extensions ['ros']
[0.373s] Level 1:colcon.colcon_core.package_identification:_identify(src/ugv_else/emcl2_ros2) by extension 'ros'
[0.374s] DEBUG:colcon.colcon_core.package_identification:Package 'src/ugv_else/emcl2_ros2' with type 'ros.ament_cmake' and name 'emcl2'
[0.374s] Level 1:colcon.colcon_core.package_identification:_identify(src/ugv_else/explore_lite) by extensions ['ignore', 'ignore_ament_install']
[0.374s] Level 1:colcon.colcon_core.package_identification:_identify(src/ugv_else/explore_lite) by extension 'ignore'
[0.374s] Level 1:colcon.colcon_core.package_identification:_identify(src/ugv_else/explore_lite) by extension 'ignore_ament_install'
[0.374s] Level 1:colcon.colcon_core.package_identification:_identify(src/ugv_else/explore_lite) by extensions ['colcon_pkg']
[0.374s] Level 1:colcon.colcon_core.package_identification:_identify(src/ugv_else/explore_lite) by extension 'colcon_pkg'
[0.374s] Level 1:colcon.colcon_core.package_identification:_identify(src/ugv_else/explore_lite) by extensions ['colcon_meta']
[0.374s] Level 1:colcon.colcon_core.package_identification:_identify(src/ugv_else/explore_lite) by extension 'colcon_meta'
[0.374s] Level 1:colcon.colcon_core.package_identification:_identify(src/ugv_else/explore_lite) by extensions ['ros']
[0.374s] Level 1:colcon.colcon_core.package_identification:_identify(src/ugv_else/explore_lite) by extension 'ros'
[0.376s] DEBUG:colcon.colcon_core.package_identification:Package 'src/ugv_else/explore_lite' with type 'ros.ament_cmake' and name 'explore_lite'
[0.376s] Level 1:colcon.colcon_core.package_identification:_identify(src/ugv_else/gmapping) by extensions ['ignore', 'ignore_ament_install']
[0.376s] Level 1:colcon.colcon_core.package_identification:_identify(src/ugv_else/gmapping) by extension 'ignore'
[0.376s] Level 1:colcon.colcon_core.package_identification:_identify(src/ugv_else/gmapping) by extension 'ignore_ament_install'
[0.376s] Level 1:colcon.colcon_core.package_identification:_identify(src/ugv_else/gmapping) by extensions ['colcon_pkg']
[0.376s] Level 1:colcon.colcon_core.package_identification:_identify(src/ugv_else/gmapping) by extension 'colcon_pkg'
[0.376s] Level 1:colcon.colcon_core.package_identification:_identify(src/ugv_else/gmapping) by extensions ['colcon_meta']
[0.376s] Level 1:colcon.colcon_core.package_identification:_identify(src/ugv_else/gmapping) by extension 'colcon_meta'
[0.376s] Level 1:colcon.colcon_core.package_identification:_identify(src/ugv_else/gmapping) by extensions ['ros']
[0.376s] Level 1:colcon.colcon_core.package_identification:_identify(src/ugv_else/gmapping) by extension 'ros'
[0.376s] Level 1:colcon.colcon_core.package_identification:_identify(src/ugv_else/gmapping) by extensions ['cmake', 'python']
[0.376s] Level 1:colcon.colcon_core.package_identification:_identify(src/ugv_else/gmapping) by extension 'cmake'
[0.376s] Level 1:colcon.colcon_core.package_identification:_identify(src/ugv_else/gmapping) by extension 'python'
[0.376s] Level 1:colcon.colcon_core.package_identification:_identify(src/ugv_else/gmapping) by extensions ['python_setup_py']
[0.377s] Level 1:colcon.colcon_core.package_identification:_identify(src/ugv_else/gmapping) by extension 'python_setup_py'
[0.377s] Level 1:colcon.colcon_core.package_identification:_identify(src/ugv_else/gmapping/openslam_gmapping) by extensions ['ignore', 'ignore_ament_install']
[0.377s] Level 1:colcon.colcon_core.package_identification:_identify(src/ugv_else/gmapping/openslam_gmapping) by extension 'ignore'
[0.377s] Level 1:colcon.colcon_core.package_identification:_identify(src/ugv_else/gmapping/openslam_gmapping) by extension 'ignore_ament_install'
[0.377s] Level 1:colcon.colcon_core.package_identification:_identify(src/ugv_else/gmapping/openslam_gmapping) by extensions ['colcon_pkg']
[0.377s] Level 1:colcon.colcon_core.package_identification:_identify(src/ugv_else/gmapping/openslam_gmapping) by extension 'colcon_pkg'
[0.377s] Level 1:colcon.colcon_core.package_identification:_identify(src/ugv_else/gmapping/openslam_gmapping) by extensions ['colcon_meta']
[0.377s] Level 1:colcon.colcon_core.package_identification:_identify(src/ugv_else/gmapping/openslam_gmapping) by extension 'colcon_meta'
[0.377s] Level 1:colcon.colcon_core.package_identification:_identify(src/ugv_else/gmapping/openslam_gmapping) by extensions ['ros']
[0.377s] Level 1:colcon.colcon_core.package_identification:_identify(src/ugv_else/gmapping/openslam_gmapping) by extension 'ros'
[0.377s] DEBUG:colcon.colcon_core.package_identification:Package 'src/ugv_else/gmapping/openslam_gmapping' with type 'ros.ament_cmake' and name 'openslam_gmapping'
[0.378s] Level 1:colcon.colcon_core.package_identification:_identify(src/ugv_else/gmapping/slam_gmapping) by extensions ['ignore', 'ignore_ament_install']
[0.378s] Level 1:colcon.colcon_core.package_identification:_identify(src/ugv_else/gmapping/slam_gmapping) by extension 'ignore'
[0.378s] Level 1:colcon.colcon_core.package_identification:_identify(src/ugv_else/gmapping/slam_gmapping) by extension 'ignore_ament_install'
[0.378s] Level 1:colcon.colcon_core.package_identification:_identify(src/ugv_else/gmapping/slam_gmapping) by extensions ['colcon_pkg']
[0.378s] Level 1:colcon.colcon_core.package_identification:_identify(src/ugv_else/gmapping/slam_gmapping) by extension 'colcon_pkg'
[0.378s] Level 1:colcon.colcon_core.package_identification:_identify(src/ugv_else/gmapping/slam_gmapping) by extensions ['colcon_meta']
[0.378s] Level 1:colcon.colcon_core.package_identification:_identify(src/ugv_else/gmapping/slam_gmapping) by extension 'colcon_meta'
[0.378s] Level 1:colcon.colcon_core.package_identification:_identify(src/ugv_else/gmapping/slam_gmapping) by extensions ['ros']
[0.378s] Level 1:colcon.colcon_core.package_identification:_identify(src/ugv_else/gmapping/slam_gmapping) by extension 'ros'
[0.379s] DEBUG:colcon.colcon_core.package_identification:Package 'src/ugv_else/gmapping/slam_gmapping' with type 'ros.ament_cmake' and name 'slam_gmapping'
[0.379s] Level 1:colcon.colcon_core.package_identification:_identify(src/ugv_else/ldlidar) by extensions ['ignore', 'ignore_ament_install']
[0.379s] Level 1:colcon.colcon_core.package_identification:_identify(src/ugv_else/ldlidar) by extension 'ignore'
[0.379s] Level 1:colcon.colcon_core.package_identification:_identify(src/ugv_else/ldlidar) by extension 'ignore_ament_install'
[0.379s] Level 1:colcon.colcon_core.package_identification:_identify(src/ugv_else/ldlidar) by extensions ['colcon_pkg']
[0.380s] Level 1:colcon.colcon_core.package_identification:_identify(src/ugv_else/ldlidar) by extension 'colcon_pkg'
[0.380s] Level 1:colcon.colcon_core.package_identification:_identify(src/ugv_else/ldlidar) by extensions ['colcon_meta']
[0.380s] Level 1:colcon.colcon_core.package_identification:_identify(src/ugv_else/ldlidar) by extension 'colcon_meta'
[0.380s] Level 1:colcon.colcon_core.package_identification:_identify(src/ugv_else/ldlidar) by extensions ['ros']
[0.380s] Level 1:colcon.colcon_core.package_identification:_identify(src/ugv_else/ldlidar) by extension 'ros'
[0.380s] DEBUG:colcon.colcon_core.package_identification:Package 'src/ugv_else/ldlidar' with type 'ros.ament_cmake' and name 'ldlidar'
[0.380s] Level 1:colcon.colcon_core.package_identification:_identify(src/ugv_else/rf2o_laser_odometry) by extensions ['ignore', 'ignore_ament_install']
[0.380s] Level 1:colcon.colcon_core.package_identification:_identify(src/ugv_else/rf2o_laser_odometry) by extension 'ignore'
[0.380s] Level 1:colcon.colcon_core.package_identification:_identify(src/ugv_else/rf2o_laser_odometry) by extension 'ignore_ament_install'
[0.381s] Level 1:colcon.colcon_core.package_identification:_identify(src/ugv_else/rf2o_laser_odometry) by extensions ['colcon_pkg']
[0.381s] Level 1:colcon.colcon_core.package_identification:_identify(src/ugv_else/rf2o_laser_odometry) by extension 'colcon_pkg'
[0.381s] Level 1:colcon.colcon_core.package_identification:_identify(src/ugv_else/rf2o_laser_odometry) by extensions ['colcon_meta']
[0.381s] Level 1:colcon.colcon_core.package_identification:_identify(src/ugv_else/rf2o_laser_odometry) by extension 'colcon_meta'
[0.381s] Level 1:colcon.colcon_core.package_identification:_identify(src/ugv_else/rf2o_laser_odometry) by extensions ['ros']
[0.381s] Level 1:colcon.colcon_core.package_identification:_identify(src/ugv_else/rf2o_laser_odometry) by extension 'ros'
[0.382s] DEBUG:colcon.colcon_core.package_identification:Package 'src/ugv_else/rf2o_laser_odometry' with type 'ros.ament_cmake' and name 'rf2o_laser_odometry'
[0.382s] Level 1:colcon.colcon_core.package_identification:_identify(src/ugv_else/robot_pose_publisher) by extensions ['ignore', 'ignore_ament_install']
[0.382s] Level 1:colcon.colcon_core.package_identification:_identify(src/ugv_else/robot_pose_publisher) by extension 'ignore'
[0.382s] Level 1:colcon.colcon_core.package_identification:_identify(src/ugv_else/robot_pose_publisher) by extension 'ignore_ament_install'
[0.382s] Level 1:colcon.colcon_core.package_identification:_identify(src/ugv_else/robot_pose_publisher) by extensions ['colcon_pkg']
[0.382s] Level 1:colcon.colcon_core.package_identification:_identify(src/ugv_else/robot_pose_publisher) by extension 'colcon_pkg'
[0.382s] Level 1:colcon.colcon_core.package_identification:_identify(src/ugv_else/robot_pose_publisher) by extensions ['colcon_meta']
[0.382s] Level 1:colcon.colcon_core.package_identification:_identify(src/ugv_else/robot_pose_publisher) by extension 'colcon_meta'
[0.382s] Level 1:colcon.colcon_core.package_identification:_identify(src/ugv_else/robot_pose_publisher) by extensions ['ros']
[0.382s] Level 1:colcon.colcon_core.package_identification:_identify(src/ugv_else/robot_pose_publisher) by extension 'ros'
[0.383s] DEBUG:colcon.colcon_core.package_identification:Package 'src/ugv_else/robot_pose_publisher' with type 'ros.ament_cmake' and name 'robot_pose_publisher'
[0.383s] Level 1:colcon.colcon_core.package_identification:_identify(src/ugv_else/teb_local_planner) by extensions ['ignore', 'ignore_ament_install']
[0.383s] Level 1:colcon.colcon_core.package_identification:_identify(src/ugv_else/teb_local_planner) by extension 'ignore'
[0.383s] Level 1:colcon.colcon_core.package_identification:_identify(src/ugv_else/teb_local_planner) by extension 'ignore_ament_install'
[0.383s] Level 1:colcon.colcon_core.package_identification:_identify(src/ugv_else/teb_local_planner) by extensions ['colcon_pkg']
[0.383s] Level 1:colcon.colcon_core.package_identification:_identify(src/ugv_else/teb_local_planner) by extension 'colcon_pkg'
[0.383s] Level 1:colcon.colcon_core.package_identification:_identify(src/ugv_else/teb_local_planner) by extensions ['colcon_meta']
[0.383s] Level 1:colcon.colcon_core.package_identification:_identify(src/ugv_else/teb_local_planner) by extension 'colcon_meta'
[0.383s] Level 1:colcon.colcon_core.package_identification:_identify(src/ugv_else/teb_local_planner) by extensions ['ros']
[0.383s] Level 1:colcon.colcon_core.package_identification:_identify(src/ugv_else/teb_local_planner) by extension 'ros'
[0.383s] Level 1:colcon.colcon_core.package_identification:_identify(src/ugv_else/teb_local_planner) by extensions ['cmake', 'python']
[0.384s] Level 1:colcon.colcon_core.package_identification:_identify(src/ugv_else/teb_local_planner) by extension 'cmake'
[0.384s] Level 1:colcon.colcon_core.package_identification:_identify(src/ugv_else/teb_local_planner) by extension 'python'
[0.384s] Level 1:colcon.colcon_core.package_identification:_identify(src/ugv_else/teb_local_planner) by extensions ['python_setup_py']
[0.384s] Level 1:colcon.colcon_core.package_identification:_identify(src/ugv_else/teb_local_planner) by extension 'python_setup_py'
[0.384s] Level 1:colcon.colcon_core.package_identification:_identify(src/ugv_else/teb_local_planner/teb_local_planner) by extensions ['ignore', 'ignore_ament_install']
[0.384s] Level 1:colcon.colcon_core.package_identification:_identify(src/ugv_else/teb_local_planner/teb_local_planner) by extension 'ignore'
[0.384s] Level 1:colcon.colcon_core.package_identification:_identify(src/ugv_else/teb_local_planner/teb_local_planner) by extension 'ignore_ament_install'
[0.384s] Level 1:colcon.colcon_core.package_identification:_identify(src/ugv_else/teb_local_planner/teb_local_planner) by extensions ['colcon_pkg']
[0.384s] Level 1:colcon.colcon_core.package_identification:_identify(src/ugv_else/teb_local_planner/teb_local_planner) by extension 'colcon_pkg'
[0.384s] Level 1:colcon.colcon_core.package_identification:_identify(src/ugv_else/teb_local_planner/teb_local_planner) by extensions ['colcon_meta']
[0.384s] Level 1:colcon.colcon_core.package_identification:_identify(src/ugv_else/teb_local_planner/teb_local_planner) by extension 'colcon_meta'
[0.384s] Level 1:colcon.colcon_core.package_identification:_identify(src/ugv_else/teb_local_planner/teb_local_planner) by extensions ['ros']
[0.384s] Level 1:colcon.colcon_core.package_identification:_identify(src/ugv_else/teb_local_planner/teb_local_planner) by extension 'ros'
[0.386s] DEBUG:colcon.colcon_core.package_identification:Package 'src/ugv_else/teb_local_planner/teb_local_planner' with type 'ros.ament_cmake' and name 'teb_local_planner'
[0.386s] Level 1:colcon.colcon_core.package_identification:_identify(src/ugv_else/teb_local_planner/teb_msgs) by extensions ['ignore', 'ignore_ament_install']
[0.386s] Level 1:colcon.colcon_core.package_identification:_identify(src/ugv_else/teb_local_planner/teb_msgs) by extension 'ignore'
[0.386s] Level 1:colcon.colcon_core.package_identification:_identify(src/ugv_else/teb_local_planner/teb_msgs) by extension 'ignore_ament_install'
[0.387s] Level 1:colcon.colcon_core.package_identification:_identify(src/ugv_else/teb_local_planner/teb_msgs) by extensions ['colcon_pkg']
[0.387s] Level 1:colcon.colcon_core.package_identification:_identify(src/ugv_else/teb_local_planner/teb_msgs) by extension 'colcon_pkg'
[0.387s] Level 1:colcon.colcon_core.package_identification:_identify(src/ugv_else/teb_local_planner/teb_msgs) by extensions ['colcon_meta']
[0.387s] Level 1:colcon.colcon_core.package_identification:_identify(src/ugv_else/teb_local_planner/teb_msgs) by extension 'colcon_meta'
[0.387s] Level 1:colcon.colcon_core.package_identification:_identify(src/ugv_else/teb_local_planner/teb_msgs) by extensions ['ros']
[0.387s] Level 1:colcon.colcon_core.package_identification:_identify(src/ugv_else/teb_local_planner/teb_msgs) by extension 'ros'
[0.387s] DEBUG:colcon.colcon_core.package_identification:Package 'src/ugv_else/teb_local_planner/teb_msgs' with type 'ros.ament_cmake' and name 'teb_msgs'
[0.387s] Level 1:colcon.colcon_core.package_identification:_identify(src/ugv_else/vizanti) by extensions ['ignore', 'ignore_ament_install']
[0.388s] Level 1:colcon.colcon_core.package_identification:_identify(src/ugv_else/vizanti) by extension 'ignore'
[0.388s] Level 1:colcon.colcon_core.package_identification:_identify(src/ugv_else/vizanti) by extension 'ignore_ament_install'
[0.388s] Level 1:colcon.colcon_core.package_identification:_identify(src/ugv_else/vizanti) by extensions ['colcon_pkg']
[0.388s] Level 1:colcon.colcon_core.package_identification:_identify(src/ugv_else/vizanti) by extension 'colcon_pkg'
[0.388s] Level 1:colcon.colcon_core.package_identification:_identify(src/ugv_else/vizanti) by extensions ['colcon_meta']
[0.388s] Level 1:colcon.colcon_core.package_identification:_identify(src/ugv_else/vizanti) by extension 'colcon_meta'
[0.388s] Level 1:colcon.colcon_core.package_identification:_identify(src/ugv_else/vizanti) by extensions ['ros']
[0.388s] Level 1:colcon.colcon_core.package_identification:_identify(src/ugv_else/vizanti) by extension 'ros'
[0.388s] Level 1:colcon.colcon_core.package_identification:_identify(src/ugv_else/vizanti) by extensions ['cmake', 'python']
[0.388s] Level 1:colcon.colcon_core.package_identification:_identify(src/ugv_else/vizanti) by extension 'cmake'
[0.388s] Level 1:colcon.colcon_core.package_identification:_identify(src/ugv_else/vizanti) by extension 'python'
[0.388s] Level 1:colcon.colcon_core.package_identification:_identify(src/ugv_else/vizanti) by extensions ['python_setup_py']
[0.388s] Level 1:colcon.colcon_core.package_identification:_identify(src/ugv_else/vizanti) by extension 'python_setup_py'
[0.388s] Level 1:colcon.colcon_core.package_identification:_identify(src/ugv_else/vizanti/vizanti) by extensions ['ignore', 'ignore_ament_install']
[0.388s] Level 1:colcon.colcon_core.package_identification:_identify(src/ugv_else/vizanti/vizanti) by extension 'ignore'
[0.388s] Level 1:colcon.colcon_core.package_identification:_identify(src/ugv_else/vizanti/vizanti) by extension 'ignore_ament_install'
[0.388s] Level 1:colcon.colcon_core.package_identification:_identify(src/ugv_else/vizanti/vizanti) by extensions ['colcon_pkg']
[0.388s] Level 1:colcon.colcon_core.package_identification:_identify(src/ugv_else/vizanti/vizanti) by extension 'colcon_pkg'
[0.388s] Level 1:colcon.colcon_core.package_identification:_identify(src/ugv_else/vizanti/vizanti) by extensions ['colcon_meta']
[0.388s] Level 1:colcon.colcon_core.package_identification:_identify(src/ugv_else/vizanti/vizanti) by extension 'colcon_meta'
[0.388s] Level 1:colcon.colcon_core.package_identification:_identify(src/ugv_else/vizanti/vizanti) by extensions ['ros']
[0.388s] Level 1:colcon.colcon_core.package_identification:_identify(src/ugv_else/vizanti/vizanti) by extension 'ros'
[0.389s] DEBUG:colcon.colcon_core.package_identification:Package 'src/ugv_else/vizanti/vizanti' with type 'ros.ament_cmake' and name 'vizanti'
[0.389s] Level 1:colcon.colcon_core.package_identification:_identify(src/ugv_else/vizanti/vizanti_cpp) by extensions ['ignore', 'ignore_ament_install']
[0.389s] Level 1:colcon.colcon_core.package_identification:_identify(src/ugv_else/vizanti/vizanti_cpp) by extension 'ignore'
[0.389s] Level 1:colcon.colcon_core.package_identification:_identify(src/ugv_else/vizanti/vizanti_cpp) by extension 'ignore_ament_install'
[0.389s] Level 1:colcon.colcon_core.package_identification:_identify(src/ugv_else/vizanti/vizanti_cpp) by extensions ['colcon_pkg']
[0.389s] Level 1:colcon.colcon_core.package_identification:_identify(src/ugv_else/vizanti/vizanti_cpp) by extension 'colcon_pkg'
[0.389s] Level 1:colcon.colcon_core.package_identification:_identify(src/ugv_else/vizanti/vizanti_cpp) by extensions ['colcon_meta']
[0.389s] Level 1:colcon.colcon_core.package_identification:_identify(src/ugv_else/vizanti/vizanti_cpp) by extension 'colcon_meta'
[0.389s] Level 1:colcon.colcon_core.package_identification:_identify(src/ugv_else/vizanti/vizanti_cpp) by extensions ['ros']
[0.389s] Level 1:colcon.colcon_core.package_identification:_identify(src/ugv_else/vizanti/vizanti_cpp) by extension 'ros'
[0.390s] DEBUG:colcon.colcon_core.package_identification:Package 'src/ugv_else/vizanti/vizanti_cpp' with type 'ros.ament_cmake' and name 'vizanti_cpp'
[0.390s] Level 1:colcon.colcon_core.package_identification:_identify(src/ugv_else/vizanti/vizanti_demos) by extensions ['ignore', 'ignore_ament_install']
[0.390s] Level 1:colcon.colcon_core.package_identification:_identify(src/ugv_else/vizanti/vizanti_demos) by extension 'ignore'
[0.390s] Level 1:colcon.colcon_core.package_identification:_identify(src/ugv_else/vizanti/vizanti_demos) by extension 'ignore_ament_install'
[0.390s] Level 1:colcon.colcon_core.package_identification:_identify(src/ugv_else/vizanti/vizanti_demos) by extensions ['colcon_pkg']
[0.390s] Level 1:colcon.colcon_core.package_identification:_identify(src/ugv_else/vizanti/vizanti_demos) by extension 'colcon_pkg'
[0.390s] Level 1:colcon.colcon_core.package_identification:_identify(src/ugv_else/vizanti/vizanti_demos) by extensions ['colcon_meta']
[0.391s] Level 1:colcon.colcon_core.package_identification:_identify(src/ugv_else/vizanti/vizanti_demos) by extension 'colcon_meta'
[0.391s] Level 1:colcon.colcon_core.package_identification:_identify(src/ugv_else/vizanti/vizanti_demos) by extensions ['ros']
[0.391s] Level 1:colcon.colcon_core.package_identification:_identify(src/ugv_else/vizanti/vizanti_demos) by extension 'ros'
[0.392s] DEBUG:colcon.colcon_core.package_identification:Package 'src/ugv_else/vizanti/vizanti_demos' with type 'ros.ament_cmake' and name 'vizanti_demos'
[0.392s] Level 1:colcon.colcon_core.package_identification:_identify(src/ugv_else/vizanti/vizanti_msgs) by extensions ['ignore', 'ignore_ament_install']
[0.392s] Level 1:colcon.colcon_core.package_identification:_identify(src/ugv_else/vizanti/vizanti_msgs) by extension 'ignore'
[0.392s] Level 1:colcon.colcon_core.package_identification:_identify(src/ugv_else/vizanti/vizanti_msgs) by extension 'ignore_ament_install'
[0.392s] Level 1:colcon.colcon_core.package_identification:_identify(src/ugv_else/vizanti/vizanti_msgs) by extensions ['colcon_pkg']
[0.392s] Level 1:colcon.colcon_core.package_identification:_identify(src/ugv_else/vizanti/vizanti_msgs) by extension 'colcon_pkg'
[0.392s] Level 1:colcon.colcon_core.package_identification:_identify(src/ugv_else/vizanti/vizanti_msgs) by extensions ['colcon_meta']
[0.392s] Level 1:colcon.colcon_core.package_identification:_identify(src/ugv_else/vizanti/vizanti_msgs) by extension 'colcon_meta'
[0.392s] Level 1:colcon.colcon_core.package_identification:_identify(src/ugv_else/vizanti/vizanti_msgs) by extensions ['ros']
[0.392s] Level 1:colcon.colcon_core.package_identification:_identify(src/ugv_else/vizanti/vizanti_msgs) by extension 'ros'
[0.393s] DEBUG:colcon.colcon_core.package_identification:Package 'src/ugv_else/vizanti/vizanti_msgs' with type 'ros.ament_cmake' and name 'vizanti_msgs'
[0.393s] Level 1:colcon.colcon_core.package_identification:_identify(src/ugv_else/vizanti/vizanti_server) by extensions ['ignore', 'ignore_ament_install']
[0.393s] Level 1:colcon.colcon_core.package_identification:_identify(src/ugv_else/vizanti/vizanti_server) by extension 'ignore'
[0.393s] Level 1:colcon.colcon_core.package_identification:_identify(src/ugv_else/vizanti/vizanti_server) by extension 'ignore_ament_install'
[0.393s] Level 1:colcon.colcon_core.package_identification:_identify(src/ugv_else/vizanti/vizanti_server) by extensions ['colcon_pkg']
[0.393s] Level 1:colcon.colcon_core.package_identification:_identify(src/ugv_else/vizanti/vizanti_server) by extension 'colcon_pkg'
[0.393s] Level 1:colcon.colcon_core.package_identification:_identify(src/ugv_else/vizanti/vizanti_server) by extensions ['colcon_meta']
[0.393s] Level 1:colcon.colcon_core.package_identification:_identify(src/ugv_else/vizanti/vizanti_server) by extension 'colcon_meta'
[0.394s] Level 1:colcon.colcon_core.package_identification:_identify(src/ugv_else/vizanti/vizanti_server) by extensions ['ros']
[0.394s] Level 1:colcon.colcon_core.package_identification:_identify(src/ugv_else/vizanti/vizanti_server) by extension 'ros'
[0.395s] DEBUG:colcon.colcon_core.package_identification:Package 'src/ugv_else/vizanti/vizanti_server' with type 'ros.ament_cmake' and name 'vizanti_server'
[0.395s] Level 1:colcon.colcon_core.package_identification:_identify(src/ugv_main) by extensions ['ignore', 'ignore_ament_install']
[0.395s] Level 1:colcon.colcon_core.package_identification:_identify(src/ugv_main) by extension 'ignore'
[0.395s] Level 1:colcon.colcon_core.package_identification:_identify(src/ugv_main) by extension 'ignore_ament_install'
[0.395s] Level 1:colcon.colcon_core.package_identification:_identify(src/ugv_main) by extensions ['colcon_pkg']
[0.395s] Level 1:colcon.colcon_core.package_identification:_identify(src/ugv_main) by extension 'colcon_pkg'
[0.395s] Level 1:colcon.colcon_core.package_identification:_identify(src/ugv_main) by extensions ['colcon_meta']
[0.395s] Level 1:colcon.colcon_core.package_identification:_identify(src/ugv_main) by extension 'colcon_meta'
[0.395s] Level 1:colcon.colcon_core.package_identification:_identify(src/ugv_main) by extensions ['ros']
[0.395s] Level 1:colcon.colcon_core.package_identification:_identify(src/ugv_main) by extension 'ros'
[0.395s] Level 1:colcon.colcon_core.package_identification:_identify(src/ugv_main) by extensions ['cmake', 'python']
[0.395s] Level 1:colcon.colcon_core.package_identification:_identify(src/ugv_main) by extension 'cmake'
[0.395s] Level 1:colcon.colcon_core.package_identification:_identify(src/ugv_main) by extension 'python'
[0.395s] Level 1:colcon.colcon_core.package_identification:_identify(src/ugv_main) by extensions ['python_setup_py']
[0.395s] Level 1:colcon.colcon_core.package_identification:_identify(src/ugv_main) by extension 'python_setup_py'
[0.396s] Level 1:colcon.colcon_core.package_identification:_identify(src/ugv_main/ugv_base_node) by extensions ['ignore', 'ignore_ament_install']
[0.396s] Level 1:colcon.colcon_core.package_identification:_identify(src/ugv_main/ugv_base_node) by extension 'ignore'
[0.396s] Level 1:colcon.colcon_core.package_identification:_identify(src/ugv_main/ugv_base_node) by extension 'ignore_ament_install'
[0.396s] Level 1:colcon.colcon_core.package_identification:_identify(src/ugv_main/ugv_base_node) by extensions ['colcon_pkg']
[0.396s] Level 1:colcon.colcon_core.package_identification:_identify(src/ugv_main/ugv_base_node) by extension 'colcon_pkg'
[0.396s] Level 1:colcon.colcon_core.package_identification:_identify(src/ugv_main/ugv_base_node) by extensions ['colcon_meta']
[0.396s] Level 1:colcon.colcon_core.package_identification:_identify(src/ugv_main/ugv_base_node) by extension 'colcon_meta'
[0.396s] Level 1:colcon.colcon_core.package_identification:_identify(src/ugv_main/ugv_base_node) by extensions ['ros']
[0.396s] Level 1:colcon.colcon_core.package_identification:_identify(src/ugv_main/ugv_base_node) by extension 'ros'
[0.397s] DEBUG:colcon.colcon_core.package_identification:Package 'src/ugv_main/ugv_base_node' with type 'ros.ament_cmake' and name 'ugv_base_node'
[0.397s] Level 1:colcon.colcon_core.package_identification:_identify(src/ugv_main/ugv_bringup) by extensions ['ignore', 'ignore_ament_install']
[0.397s] Level 1:colcon.colcon_core.package_identification:_identify(src/ugv_main/ugv_bringup) by extension 'ignore'
[0.397s] Level 1:colcon.colcon_core.package_identification:_identify(src/ugv_main/ugv_bringup) by extension 'ignore_ament_install'
[0.397s] Level 1:colcon.colcon_core.package_identification:_identify(src/ugv_main/ugv_bringup) by extensions ['colcon_pkg']
[0.397s] Level 1:colcon.colcon_core.package_identification:_identify(src/ugv_main/ugv_bringup) by extension 'colcon_pkg'
[0.397s] Level 1:colcon.colcon_core.package_identification:_identify(src/ugv_main/ugv_bringup) by extensions ['colcon_meta']
[0.397s] Level 1:colcon.colcon_core.package_identification:_identify(src/ugv_main/ugv_bringup) by extension 'colcon_meta'
[0.397s] Level 1:colcon.colcon_core.package_identification:_identify(src/ugv_main/ugv_bringup) by extensions ['ros']
[0.397s] Level 1:colcon.colcon_core.package_identification:_identify(src/ugv_main/ugv_bringup) by extension 'ros'
[0.398s] DEBUG:colcon.colcon_core.package_identification:Package 'src/ugv_main/ugv_bringup' with type 'ros.ament_python' and name 'ugv_bringup'
[0.398s] Level 1:colcon.colcon_core.package_identification:_identify(src/ugv_main/ugv_chat_ai) by extensions ['ignore', 'ignore_ament_install']
[0.398s] Level 1:colcon.colcon_core.package_identification:_identify(src/ugv_main/ugv_chat_ai) by extension 'ignore'
[0.398s] Level 1:colcon.colcon_core.package_identification:_identify(src/ugv_main/ugv_chat_ai) by extension 'ignore_ament_install'
[0.398s] Level 1:colcon.colcon_core.package_identification:_identify(src/ugv_main/ugv_chat_ai) by extensions ['colcon_pkg']
[0.398s] Level 1:colcon.colcon_core.package_identification:_identify(src/ugv_main/ugv_chat_ai) by extension 'colcon_pkg'
[0.398s] Level 1:colcon.colcon_core.package_identification:_identify(src/ugv_main/ugv_chat_ai) by extensions ['colcon_meta']
[0.398s] Level 1:colcon.colcon_core.package_identification:_identify(src/ugv_main/ugv_chat_ai) by extension 'colcon_meta'
[0.398s] Level 1:colcon.colcon_core.package_identification:_identify(src/ugv_main/ugv_chat_ai) by extensions ['ros']
[0.398s] Level 1:colcon.colcon_core.package_identification:_identify(src/ugv_main/ugv_chat_ai) by extension 'ros'
[0.399s] DEBUG:colcon.colcon_core.package_identification:Package 'src/ugv_main/ugv_chat_ai' with type 'ros.ament_python' and name 'ugv_chat_ai'
[0.399s] Level 1:colcon.colcon_core.package_identification:_identify(src/ugv_main/ugv_description) by extensions ['ignore', 'ignore_ament_install']
[0.399s] Level 1:colcon.colcon_core.package_identification:_identify(src/ugv_main/ugv_description) by extension 'ignore'
[0.399s] Level 1:colcon.colcon_core.package_identification:_identify(src/ugv_main/ugv_description) by extension 'ignore_ament_install'
[0.399s] Level 1:colcon.colcon_core.package_identification:_identify(src/ugv_main/ugv_description) by extensions ['colcon_pkg']
[0.399s] Level 1:colcon.colcon_core.package_identification:_identify(src/ugv_main/ugv_description) by extension 'colcon_pkg'
[0.399s] Level 1:colcon.colcon_core.package_identification:_identify(src/ugv_main/ugv_description) by extensions ['colcon_meta']
[0.399s] Level 1:colcon.colcon_core.package_identification:_identify(src/ugv_main/ugv_description) by extension 'colcon_meta'
[0.399s] Level 1:colcon.colcon_core.package_identification:_identify(src/ugv_main/ugv_description) by extensions ['ros']
[0.399s] Level 1:colcon.colcon_core.package_identification:_identify(src/ugv_main/ugv_description) by extension 'ros'
[0.400s] DEBUG:colcon.colcon_core.package_identification:Package 'src/ugv_main/ugv_description' with type 'ros.ament_cmake' and name 'ugv_description'
[0.400s] Level 1:colcon.colcon_core.package_identification:_identify(src/ugv_main/ugv_gazebo) by extensions ['ignore', 'ignore_ament_install']
[0.400s] Level 1:colcon.colcon_core.package_identification:_identify(src/ugv_main/ugv_gazebo) by extension 'ignore'
[0.400s] Level 1:colcon.colcon_core.package_identification:_identify(src/ugv_main/ugv_gazebo) by extension 'ignore_ament_install'
[0.400s] Level 1:colcon.colcon_core.package_identification:_identify(src/ugv_main/ugv_gazebo) by extensions ['colcon_pkg']
[0.400s] Level 1:colcon.colcon_core.package_identification:_identify(src/ugv_main/ugv_gazebo) by extension 'colcon_pkg'
[0.400s] Level 1:colcon.colcon_core.package_identification:_identify(src/ugv_main/ugv_gazebo) by extensions ['colcon_meta']
[0.400s] Level 1:colcon.colcon_core.package_identification:_identify(src/ugv_main/ugv_gazebo) by extension 'colcon_meta'
[0.400s] Level 1:colcon.colcon_core.package_identification:_identify(src/ugv_main/ugv_gazebo) by extensions ['ros']
[0.401s] Level 1:colcon.colcon_core.package_identification:_identify(src/ugv_main/ugv_gazebo) by extension 'ros'
[0.401s] DEBUG:colcon.colcon_core.package_identification:Package 'src/ugv_main/ugv_gazebo' with type 'ros.ament_cmake' and name 'ugv_gazebo'
[0.402s] Level 1:colcon.colcon_core.package_identification:_identify(src/ugv_main/ugv_interface) by extensions ['ignore', 'ignore_ament_install']
[0.402s] Level 1:colcon.colcon_core.package_identification:_identify(src/ugv_main/ugv_interface) by extension 'ignore'
[0.402s] Level 1:colcon.colcon_core.package_identification:_identify(src/ugv_main/ugv_interface) by extension 'ignore_ament_install'
[0.402s] Level 1:colcon.colcon_core.package_identification:_identify(src/ugv_main/ugv_interface) by extensions ['colcon_pkg']
[0.402s] Level 1:colcon.colcon_core.package_identification:_identify(src/ugv_main/ugv_interface) by extension 'colcon_pkg'
[0.402s] Level 1:colcon.colcon_core.package_identification:_identify(src/ugv_main/ugv_interface) by extensions ['colcon_meta']
[0.402s] Level 1:colcon.colcon_core.package_identification:_identify(src/ugv_main/ugv_interface) by extension 'colcon_meta'
[0.402s] Level 1:colcon.colcon_core.package_identification:_identify(src/ugv_main/ugv_interface) by extensions ['ros']
[0.402s] Level 1:colcon.colcon_core.package_identification:_identify(src/ugv_main/ugv_interface) by extension 'ros'
[0.403s] DEBUG:colcon.colcon_core.package_identification:Package 'src/ugv_main/ugv_interface' with type 'ros.ament_cmake' and name 'ugv_interface'
[0.403s] Level 1:colcon.colcon_core.package_identification:_identify(src/ugv_main/ugv_nav) by extensions ['ignore', 'ignore_ament_install']
[0.403s] Level 1:colcon.colcon_core.package_identification:_identify(src/ugv_main/ugv_nav) by extension 'ignore'
[0.403s] Level 1:colcon.colcon_core.package_identification:_identify(src/ugv_main/ugv_nav) by extension 'ignore_ament_install'
[0.403s] Level 1:colcon.colcon_core.package_identification:_identify(src/ugv_main/ugv_nav) by extensions ['colcon_pkg']
[0.403s] Level 1:colcon.colcon_core.package_identification:_identify(src/ugv_main/ugv_nav) by extension 'colcon_pkg'
[0.403s] Level 1:colcon.colcon_core.package_identification:_identify(src/ugv_main/ugv_nav) by extensions ['colcon_meta']
[0.403s] Level 1:colcon.colcon_core.package_identification:_identify(src/ugv_main/ugv_nav) by extension 'colcon_meta'
[0.403s] Level 1:colcon.colcon_core.package_identification:_identify(src/ugv_main/ugv_nav) by extensions ['ros']
[0.403s] Level 1:colcon.colcon_core.package_identification:_identify(src/ugv_main/ugv_nav) by extension 'ros'
[0.404s] DEBUG:colcon.colcon_core.package_identification:Package 'src/ugv_main/ugv_nav' with type 'ros.ament_cmake' and name 'ugv_nav'
[0.404s] Level 1:colcon.colcon_core.package_identification:_identify(src/ugv_main/ugv_slam) by extensions ['ignore', 'ignore_ament_install']
[0.404s] Level 1:colcon.colcon_core.package_identification:_identify(src/ugv_main/ugv_slam) by extension 'ignore'
[0.404s] Level 1:colcon.colcon_core.package_identification:_identify(src/ugv_main/ugv_slam) by extension 'ignore_ament_install'
[0.404s] Level 1:colcon.colcon_core.package_identification:_identify(src/ugv_main/ugv_slam) by extensions ['colcon_pkg']
[0.404s] Level 1:colcon.colcon_core.package_identification:_identify(src/ugv_main/ugv_slam) by extension 'colcon_pkg'
[0.404s] Level 1:colcon.colcon_core.package_identification:_identify(src/ugv_main/ugv_slam) by extensions ['colcon_meta']
[0.404s] Level 1:colcon.colcon_core.package_identification:_identify(src/ugv_main/ugv_slam) by extension 'colcon_meta'
[0.404s] Level 1:colcon.colcon_core.package_identification:_identify(src/ugv_main/ugv_slam) by extensions ['ros']
[0.404s] Level 1:colcon.colcon_core.package_identification:_identify(src/ugv_main/ugv_slam) by extension 'ros'
[0.405s] DEBUG:colcon.colcon_core.package_identification:Package 'src/ugv_main/ugv_slam' with type 'ros.ament_cmake' and name 'ugv_slam'
[0.405s] Level 1:colcon.colcon_core.package_identification:_identify(src/ugv_main/ugv_tools) by extensions ['ignore', 'ignore_ament_install']
[0.405s] Level 1:colcon.colcon_core.package_identification:_identify(src/ugv_main/ugv_tools) by extension 'ignore'
[0.406s] Level 1:colcon.colcon_core.package_identification:_identify(src/ugv_main/ugv_tools) by extension 'ignore_ament_install'
[0.406s] Level 1:colcon.colcon_core.package_identification:_identify(src/ugv_main/ugv_tools) by extensions ['colcon_pkg']
[0.406s] Level 1:colcon.colcon_core.package_identification:_identify(src/ugv_main/ugv_tools) by extension 'colcon_pkg'
[0.406s] Level 1:colcon.colcon_core.package_identification:_identify(src/ugv_main/ugv_tools) by extensions ['colcon_meta']
[0.406s] Level 1:colcon.colcon_core.package_identification:_identify(src/ugv_main/ugv_tools) by extension 'colcon_meta'
[0.406s] Level 1:colcon.colcon_core.package_identification:_identify(src/ugv_main/ugv_tools) by extensions ['ros']
[0.406s] Level 1:colcon.colcon_core.package_identification:_identify(src/ugv_main/ugv_tools) by extension 'ros'
[0.406s] DEBUG:colcon.colcon_core.package_identification:Package 'src/ugv_main/ugv_tools' with type 'ros.ament_python' and name 'ugv_tools'
[0.406s] Level 1:colcon.colcon_core.package_identification:_identify(src/ugv_main/ugv_vision) by extensions ['ignore', 'ignore_ament_install']
[0.407s] Level 1:colcon.colcon_core.package_identification:_identify(src/ugv_main/ugv_vision) by extension 'ignore'
[0.407s] Level 1:colcon.colcon_core.package_identification:_identify(src/ugv_main/ugv_vision) by extension 'ignore_ament_install'
[0.407s] Level 1:colcon.colcon_core.package_identification:_identify(src/ugv_main/ugv_vision) by extensions ['colcon_pkg']
[0.407s] Level 1:colcon.colcon_core.package_identification:_identify(src/ugv_main/ugv_vision) by extension 'colcon_pkg'
[0.407s] Level 1:colcon.colcon_core.package_identification:_identify(src/ugv_main/ugv_vision) by extensions ['colcon_meta']
[0.407s] Level 1:colcon.colcon_core.package_identification:_identify(src/ugv_main/ugv_vision) by extension 'colcon_meta'
[0.407s] Level 1:colcon.colcon_core.package_identification:_identify(src/ugv_main/ugv_vision) by extensions ['ros']
[0.407s] Level 1:colcon.colcon_core.package_identification:_identify(src/ugv_main/ugv_vision) by extension 'ros'
[0.407s] DEBUG:colcon.colcon_core.package_identification:Package 'src/ugv_main/ugv_vision' with type 'ros.ament_python' and name 'ugv_vision'
[0.408s] Level 1:colcon.colcon_core.package_identification:_identify(src/ugv_main/ugv_web_app) by extensions ['ignore', 'ignore_ament_install']
[0.408s] Level 1:colcon.colcon_core.package_identification:_identify(src/ugv_main/ugv_web_app) by extension 'ignore'
[0.408s] Level 1:colcon.colcon_core.package_identification:_identify(src/ugv_main/ugv_web_app) by extension 'ignore_ament_install'
[0.408s] Level 1:colcon.colcon_core.package_identification:_identify(src/ugv_main/ugv_web_app) by extensions ['colcon_pkg']
[0.408s] Level 1:colcon.colcon_core.package_identification:_identify(src/ugv_main/ugv_web_app) by extension 'colcon_pkg'
[0.408s] Level 1:colcon.colcon_core.package_identification:_identify(src/ugv_main/ugv_web_app) by extensions ['colcon_meta']
[0.408s] Level 1:colcon.colcon_core.package_identification:_identify(src/ugv_main/ugv_web_app) by extension 'colcon_meta'
[0.408s] Level 1:colcon.colcon_core.package_identification:_identify(src/ugv_main/ugv_web_app) by extensions ['ros']
[0.408s] Level 1:colcon.colcon_core.package_identification:_identify(src/ugv_main/ugv_web_app) by extension 'ros'
[0.409s] DEBUG:colcon.colcon_core.package_identification:Package 'src/ugv_main/ugv_web_app' with type 'ros.ament_python' and name 'ugv_web_app'
[0.409s] Level 1:colcon.colcon_core.package_discovery:discover_packages(recursive) using defaults
[0.409s] Level 1:colcon.colcon_core.package_discovery:discover_packages(ignore) discover
[0.409s] Level 1:colcon.colcon_core.package_discovery:discover_packages(ignore) using defaults
[0.409s] Level 1:colcon.colcon_core.package_discovery:discover_packages(path) discover
[0.409s] Level 1:colcon.colcon_core.package_discovery:discover_packages(path) using defaults
[0.463s] INFO:colcon.colcon_core.package_selection:Skipping not selected package 'ugv_bringup' in 'src/ugv_main/ugv_bringup'
[0.463s] INFO:colcon.colcon_core.package_selection:Skipping not selected package 'ugv_chat_ai' in 'src/ugv_main/ugv_chat_ai'
[0.463s] INFO:colcon.colcon_core.package_selection:Skipping not selected package 'ugv_description' in 'src/ugv_main/ugv_description'
[0.463s] INFO:colcon.colcon_core.package_selection:Skipping not selected package 'ugv_gazebo' in 'src/ugv_main/ugv_gazebo'
[0.463s] INFO:colcon.colcon_core.package_selection:Skipping not selected package 'ugv_nav' in 'src/ugv_main/ugv_nav'
[0.463s] INFO:colcon.colcon_core.package_selection:Skipping not selected package 'ugv_slam' in 'src/ugv_main/ugv_slam'
[0.463s] INFO:colcon.colcon_core.package_selection:Skipping not selected package 'ugv_tools' in 'src/ugv_main/ugv_tools'
[0.463s] INFO:colcon.colcon_core.package_selection:Skipping not selected package 'ugv_vision' in 'src/ugv_main/ugv_vision'
[0.463s] INFO:colcon.colcon_core.package_selection:Skipping not selected package 'ugv_web_app' in 'src/ugv_main/ugv_web_app'
[0.463s] Level 5:colcon.colcon_core.verb:set package 'apriltag' build argument 'cmake_args' from command line to 'None'
[0.464s] Level 5:colcon.colcon_core.verb:set package 'apriltag' build argument 'cmake_target' from command line to 'None'
[0.464s] Level 5:colcon.colcon_core.verb:set package 'apriltag' build argument 'cmake_target_skip_unavailable' from command line to 'False'
[0.464s] Level 5:colcon.colcon_core.verb:set package 'apriltag' build argument 'cmake_clean_cache' from command line to 'False'
[0.464s] Level 5:colcon.colcon_core.verb:set package 'apriltag' build argument 'cmake_clean_first' from command line to 'False'
[0.464s] Level 5:colcon.colcon_core.verb:set package 'apriltag' build argument 'cmake_force_configure' from command line to 'False'
[0.464s] Level 5:colcon.colcon_core.verb:set package 'apriltag' build argument 'ament_cmake_args' from command line to 'None'
[0.464s] Level 5:colcon.colcon_core.verb:set package 'apriltag' build argument 'catkin_cmake_args' from command line to 'None'
[0.464s] Level 5:colcon.colcon_core.verb:set package 'apriltag' build argument 'catkin_skip_building_tests' from command line to 'False'
[0.464s] DEBUG:colcon.colcon_core.verb:Building package 'apriltag' with the following arguments: {'ament_cmake_args': None, 'build_base': '/home/ws/ugv_ws/build/apriltag', 'catkin_cmake_args': None, 'catkin_skip_building_tests': False, 'cmake_args': None, 'cmake_clean_cache': False, 'cmake_clean_first': False, 'cmake_force_configure': False, 'cmake_target': None, 'cmake_target_skip_unavailable': False, 'install_base': '/home/ws/ugv_ws/install/apriltag', 'merge_install': False, 'path': '/home/ws/ugv_ws/src/ugv_else/apriltag_ros/apriltag', 'symlink_install': False, 'test_result_base': None}
[0.464s] Level 5:colcon.colcon_core.verb:set package 'apriltag_msgs' build argument 'cmake_args' from command line to 'None'
[0.464s] Level 5:colcon.colcon_core.verb:set package 'apriltag_msgs' build argument 'cmake_target' from command line to 'None'
[0.464s] Level 5:colcon.colcon_core.verb:set package 'apriltag_msgs' build argument 'cmake_target_skip_unavailable' from command line to 'False'
[0.464s] Level 5:colcon.colcon_core.verb:set package 'apriltag_msgs' build argument 'cmake_clean_cache' from command line to 'False'
[0.464s] Level 5:colcon.colcon_core.verb:set package 'apriltag_msgs' build argument 'cmake_clean_first' from command line to 'False'
[0.464s] Level 5:colcon.colcon_core.verb:set package 'apriltag_msgs' build argument 'cmake_force_configure' from command line to 'False'
[0.464s] Level 5:colcon.colcon_core.verb:set package 'apriltag_msgs' build argument 'ament_cmake_args' from command line to 'None'
[0.464s] Level 5:colcon.colcon_core.verb:set package 'apriltag_msgs' build argument 'catkin_cmake_args' from command line to 'None'
[0.464s] Level 5:colcon.colcon_core.verb:set package 'apriltag_msgs' build argument 'catkin_skip_building_tests' from command line to 'False'
[0.464s] DEBUG:colcon.colcon_core.verb:Building package 'apriltag_msgs' with the following arguments: {'ament_cmake_args': None, 'build_base': '/home/ws/ugv_ws/build/apriltag_msgs', 'catkin_cmake_args': None, 'catkin_skip_building_tests': False, 'cmake_args': None, 'cmake_clean_cache': False, 'cmake_clean_first': False, 'cmake_force_configure': False, 'cmake_target': None, 'cmake_target_skip_unavailable': False, 'install_base': '/home/ws/ugv_ws/install/apriltag_msgs', 'merge_install': False, 'path': '/home/ws/ugv_ws/src/ugv_else/apriltag_ros/apriltag_msgs', 'symlink_install': False, 'test_result_base': None}
[0.465s] Level 5:colcon.colcon_core.verb:set package 'cartographer' build argument 'cmake_args' from command line to 'None'
[0.465s] Level 5:colcon.colcon_core.verb:set package 'cartographer' build argument 'cmake_target' from command line to 'None'
[0.465s] Level 5:colcon.colcon_core.verb:set package 'cartographer' build argument 'cmake_target_skip_unavailable' from command line to 'False'
[0.465s] Level 5:colcon.colcon_core.verb:set package 'cartographer' build argument 'cmake_clean_cache' from command line to 'False'
[0.465s] Level 5:colcon.colcon_core.verb:set package 'cartographer' build argument 'cmake_clean_first' from command line to 'False'
[0.465s] Level 5:colcon.colcon_core.verb:set package 'cartographer' build argument 'cmake_force_configure' from command line to 'False'
[0.465s] Level 5:colcon.colcon_core.verb:set package 'cartographer' build argument 'ament_cmake_args' from command line to 'None'
[0.465s] Level 5:colcon.colcon_core.verb:set package 'cartographer' build argument 'catkin_cmake_args' from command line to 'None'
[0.465s] Level 5:colcon.colcon_core.verb:set package 'cartographer' build argument 'catkin_skip_building_tests' from command line to 'False'
[0.465s] DEBUG:colcon.colcon_core.verb:Building package 'cartographer' with the following arguments: {'ament_cmake_args': None, 'build_base': '/home/ws/ugv_ws/build/cartographer', 'catkin_cmake_args': None, 'catkin_skip_building_tests': False, 'cmake_args': None, 'cmake_clean_cache': False, 'cmake_clean_first': False, 'cmake_force_configure': False, 'cmake_target': None, 'cmake_target_skip_unavailable': False, 'install_base': '/home/ws/ugv_ws/install/cartographer', 'merge_install': False, 'path': '/home/ws/ugv_ws/src/ugv_else/cartographer', 'symlink_install': False, 'test_result_base': None}
[0.465s] Level 5:colcon.colcon_core.verb:set package 'costmap_converter_msgs' build argument 'cmake_args' from command line to 'None'
[0.465s] Level 5:colcon.colcon_core.verb:set package 'costmap_converter_msgs' build argument 'cmake_target' from command line to 'None'
[0.465s] Level 5:colcon.colcon_core.verb:set package 'costmap_converter_msgs' build argument 'cmake_target_skip_unavailable' from command line to 'False'
[0.465s] Level 5:colcon.colcon_core.verb:set package 'costmap_converter_msgs' build argument 'cmake_clean_cache' from command line to 'False'
[0.465s] Level 5:colcon.colcon_core.verb:set package 'costmap_converter_msgs' build argument 'cmake_clean_first' from command line to 'False'
[0.465s] Level 5:colcon.colcon_core.verb:set package 'costmap_converter_msgs' build argument 'cmake_force_configure' from command line to 'False'
[0.465s] Level 5:colcon.colcon_core.verb:set package 'costmap_converter_msgs' build argument 'ament_cmake_args' from command line to 'None'
[0.465s] Level 5:colcon.colcon_core.verb:set package 'costmap_converter_msgs' build argument 'catkin_cmake_args' from command line to 'None'
[0.465s] Level 5:colcon.colcon_core.verb:set package 'costmap_converter_msgs' build argument 'catkin_skip_building_tests' from command line to 'False'
[0.465s] DEBUG:colcon.colcon_core.verb:Building package 'costmap_converter_msgs' with the following arguments: {'ament_cmake_args': None, 'build_base': '/home/ws/ugv_ws/build/costmap_converter_msgs', 'catkin_cmake_args': None, 'catkin_skip_building_tests': False, 'cmake_args': None, 'cmake_clean_cache': False, 'cmake_clean_first': False, 'cmake_force_configure': False, 'cmake_target': None, 'cmake_target_skip_unavailable': False, 'install_base': '/home/ws/ugv_ws/install/costmap_converter_msgs', 'merge_install': False, 'path': '/home/ws/ugv_ws/src/ugv_else/costmap_converter/costmap_converter_msgs', 'symlink_install': False, 'test_result_base': None}
[0.466s] Level 5:colcon.colcon_core.verb:set package 'emcl2' build argument 'cmake_args' from command line to 'None'
[0.466s] Level 5:colcon.colcon_core.verb:set package 'emcl2' build argument 'cmake_target' from command line to 'None'
[0.466s] Level 5:colcon.colcon_core.verb:set package 'emcl2' build argument 'cmake_target_skip_unavailable' from command line to 'False'
[0.466s] Level 5:colcon.colcon_core.verb:set package 'emcl2' build argument 'cmake_clean_cache' from command line to 'False'
[0.466s] Level 5:colcon.colcon_core.verb:set package 'emcl2' build argument 'cmake_clean_first' from command line to 'False'
[0.466s] Level 5:colcon.colcon_core.verb:set package 'emcl2' build argument 'cmake_force_configure' from command line to 'False'
[0.466s] Level 5:colcon.colcon_core.verb:set package 'emcl2' build argument 'ament_cmake_args' from command line to 'None'
[0.466s] Level 5:colcon.colcon_core.verb:set package 'emcl2' build argument 'catkin_cmake_args' from command line to 'None'
[0.466s] Level 5:colcon.colcon_core.verb:set package 'emcl2' build argument 'catkin_skip_building_tests' from command line to 'False'
[0.466s] DEBUG:colcon.colcon_core.verb:Building package 'emcl2' with the following arguments: {'ament_cmake_args': None, 'build_base': '/home/ws/ugv_ws/build/emcl2', 'catkin_cmake_args': None, 'catkin_skip_building_tests': False, 'cmake_args': None, 'cmake_clean_cache': False, 'cmake_clean_first': False, 'cmake_force_configure': False, 'cmake_target': None, 'cmake_target_skip_unavailable': False, 'install_base': '/home/ws/ugv_ws/install/emcl2', 'merge_install': False, 'path': '/home/ws/ugv_ws/src/ugv_else/emcl2_ros2', 'symlink_install': False, 'test_result_base': None}
[0.466s] Level 5:colcon.colcon_core.verb:set package 'explore_lite' build argument 'cmake_args' from command line to 'None'
[0.466s] Level 5:colcon.colcon_core.verb:set package 'explore_lite' build argument 'cmake_target' from command line to 'None'
[0.466s] Level 5:colcon.colcon_core.verb:set package 'explore_lite' build argument 'cmake_target_skip_unavailable' from command line to 'False'
[0.466s] Level 5:colcon.colcon_core.verb:set package 'explore_lite' build argument 'cmake_clean_cache' from command line to 'False'
[0.466s] Level 5:colcon.colcon_core.verb:set package 'explore_lite' build argument 'cmake_clean_first' from command line to 'False'
[0.466s] Level 5:colcon.colcon_core.verb:set package 'explore_lite' build argument 'cmake_force_configure' from command line to 'False'
[0.466s] Level 5:colcon.colcon_core.verb:set package 'explore_lite' build argument 'ament_cmake_args' from command line to 'None'
[0.466s] Level 5:colcon.colcon_core.verb:set package 'explore_lite' build argument 'catkin_cmake_args' from command line to 'None'
[0.466s] Level 5:colcon.colcon_core.verb:set package 'explore_lite' build argument 'catkin_skip_building_tests' from command line to 'False'
[0.467s] DEBUG:colcon.colcon_core.verb:Building package 'explore_lite' with the following arguments: {'ament_cmake_args': None, 'build_base': '/home/ws/ugv_ws/build/explore_lite', 'catkin_cmake_args': None, 'catkin_skip_building_tests': False, 'cmake_args': None, 'cmake_clean_cache': False, 'cmake_clean_first': False, 'cmake_force_configure': False, 'cmake_target': None, 'cmake_target_skip_unavailable': False, 'install_base': '/home/ws/ugv_ws/install/explore_lite', 'merge_install': False, 'path': '/home/ws/ugv_ws/src/ugv_else/explore_lite', 'symlink_install': False, 'test_result_base': None}
[0.467s] Level 5:colcon.colcon_core.verb:set package 'ldlidar' build argument 'cmake_args' from command line to 'None'
[0.467s] Level 5:colcon.colcon_core.verb:set package 'ldlidar' build argument 'cmake_target' from command line to 'None'
[0.467s] Level 5:colcon.colcon_core.verb:set package 'ldlidar' build argument 'cmake_target_skip_unavailable' from command line to 'False'
[0.467s] Level 5:colcon.colcon_core.verb:set package 'ldlidar' build argument 'cmake_clean_cache' from command line to 'False'
[0.467s] Level 5:colcon.colcon_core.verb:set package 'ldlidar' build argument 'cmake_clean_first' from command line to 'False'
[0.467s] Level 5:colcon.colcon_core.verb:set package 'ldlidar' build argument 'cmake_force_configure' from command line to 'False'
[0.467s] Level 5:colcon.colcon_core.verb:set package 'ldlidar' build argument 'ament_cmake_args' from command line to 'None'
[0.467s] Level 5:colcon.colcon_core.verb:set package 'ldlidar' build argument 'catkin_cmake_args' from command line to 'None'
[0.467s] Level 5:colcon.colcon_core.verb:set package 'ldlidar' build argument 'catkin_skip_building_tests' from command line to 'False'
[0.467s] DEBUG:colcon.colcon_core.verb:Building package 'ldlidar' with the following arguments: {'ament_cmake_args': None, 'build_base': '/home/ws/ugv_ws/build/ldlidar', 'catkin_cmake_args': None, 'catkin_skip_building_tests': False, 'cmake_args': None, 'cmake_clean_cache': False, 'cmake_clean_first': False, 'cmake_force_configure': False, 'cmake_target': None, 'cmake_target_skip_unavailable': False, 'install_base': '/home/ws/ugv_ws/install/ldlidar', 'merge_install': False, 'path': '/home/ws/ugv_ws/src/ugv_else/ldlidar', 'symlink_install': False, 'test_result_base': None}
[0.467s] Level 5:colcon.colcon_core.verb:set package 'openslam_gmapping' build argument 'cmake_args' from command line to 'None'
[0.467s] Level 5:colcon.colcon_core.verb:set package 'openslam_gmapping' build argument 'cmake_target' from command line to 'None'
[0.467s] Level 5:colcon.colcon_core.verb:set package 'openslam_gmapping' build argument 'cmake_target_skip_unavailable' from command line to 'False'
[0.467s] Level 5:colcon.colcon_core.verb:set package 'openslam_gmapping' build argument 'cmake_clean_cache' from command line to 'False'
[0.467s] Level 5:colcon.colcon_core.verb:set package 'openslam_gmapping' build argument 'cmake_clean_first' from command line to 'False'
[0.467s] Level 5:colcon.colcon_core.verb:set package 'openslam_gmapping' build argument 'cmake_force_configure' from command line to 'False'
[0.468s] Level 5:colcon.colcon_core.verb:set package 'openslam_gmapping' build argument 'ament_cmake_args' from command line to 'None'
[0.468s] Level 5:colcon.colcon_core.verb:set package 'openslam_gmapping' build argument 'catkin_cmake_args' from command line to 'None'
[0.468s] Level 5:colcon.colcon_core.verb:set package 'openslam_gmapping' build argument 'catkin_skip_building_tests' from command line to 'False'
[0.468s] DEBUG:colcon.colcon_core.verb:Building package 'openslam_gmapping' with the following arguments: {'ament_cmake_args': None, 'build_base': '/home/ws/ugv_ws/build/openslam_gmapping', 'catkin_cmake_args': None, 'catkin_skip_building_tests': False, 'cmake_args': None, 'cmake_clean_cache': False, 'cmake_clean_first': False, 'cmake_force_configure': False, 'cmake_target': None, 'cmake_target_skip_unavailable': False, 'install_base': '/home/ws/ugv_ws/install/openslam_gmapping', 'merge_install': False, 'path': '/home/ws/ugv_ws/src/ugv_else/gmapping/openslam_gmapping', 'symlink_install': False, 'test_result_base': None}
[0.468s] Level 5:colcon.colcon_core.verb:set package 'rf2o_laser_odometry' build argument 'cmake_args' from command line to 'None'
[0.468s] Level 5:colcon.colcon_core.verb:set package 'rf2o_laser_odometry' build argument 'cmake_target' from command line to 'None'
[0.468s] Level 5:colcon.colcon_core.verb:set package 'rf2o_laser_odometry' build argument 'cmake_target_skip_unavailable' from command line to 'False'
[0.468s] Level 5:colcon.colcon_core.verb:set package 'rf2o_laser_odometry' build argument 'cmake_clean_cache' from command line to 'False'
[0.468s] Level 5:colcon.colcon_core.verb:set package 'rf2o_laser_odometry' build argument 'cmake_clean_first' from command line to 'False'
[0.468s] Level 5:colcon.colcon_core.verb:set package 'rf2o_laser_odometry' build argument 'cmake_force_configure' from command line to 'False'
[0.468s] Level 5:colcon.colcon_core.verb:set package 'rf2o_laser_odometry' build argument 'ament_cmake_args' from command line to 'None'
[0.468s] Level 5:colcon.colcon_core.verb:set package 'rf2o_laser_odometry' build argument 'catkin_cmake_args' from command line to 'None'
[0.468s] Level 5:colcon.colcon_core.verb:set package 'rf2o_laser_odometry' build argument 'catkin_skip_building_tests' from command line to 'False'
[0.468s] DEBUG:colcon.colcon_core.verb:Building package 'rf2o_laser_odometry' with the following arguments: {'ament_cmake_args': None, 'build_base': '/home/ws/ugv_ws/build/rf2o_laser_odometry', 'catkin_cmake_args': None, 'catkin_skip_building_tests': False, 'cmake_args': None, 'cmake_clean_cache': False, 'cmake_clean_first': False, 'cmake_force_configure': False, 'cmake_target': None, 'cmake_target_skip_unavailable': False, 'install_base': '/home/ws/ugv_ws/install/rf2o_laser_odometry', 'merge_install': False, 'path': '/home/ws/ugv_ws/src/ugv_else/rf2o_laser_odometry', 'symlink_install': False, 'test_result_base': None}
[0.468s] Level 5:colcon.colcon_core.verb:set package 'robot_pose_publisher' build argument 'cmake_args' from command line to 'None'
[0.468s] Level 5:colcon.colcon_core.verb:set package 'robot_pose_publisher' build argument 'cmake_target' from command line to 'None'
[0.468s] Level 5:colcon.colcon_core.verb:set package 'robot_pose_publisher' build argument 'cmake_target_skip_unavailable' from command line to 'False'
[0.469s] Level 5:colcon.colcon_core.verb:set package 'robot_pose_publisher' build argument 'cmake_clean_cache' from command line to 'False'
[0.469s] Level 5:colcon.colcon_core.verb:set package 'robot_pose_publisher' build argument 'cmake_clean_first' from command line to 'False'
[0.469s] Level 5:colcon.colcon_core.verb:set package 'robot_pose_publisher' build argument 'cmake_force_configure' from command line to 'False'
[0.469s] Level 5:colcon.colcon_core.verb:set package 'robot_pose_publisher' build argument 'ament_cmake_args' from command line to 'None'
[0.469s] Level 5:colcon.colcon_core.verb:set package 'robot_pose_publisher' build argument 'catkin_cmake_args' from command line to 'None'
[0.469s] Level 5:colcon.colcon_core.verb:set package 'robot_pose_publisher' build argument 'catkin_skip_building_tests' from command line to 'False'
[0.469s] DEBUG:colcon.colcon_core.verb:Building package 'robot_pose_publisher' with the following arguments: {'ament_cmake_args': None, 'build_base': '/home/ws/ugv_ws/build/robot_pose_publisher', 'catkin_cmake_args': None, 'catkin_skip_building_tests': False, 'cmake_args': None, 'cmake_clean_cache': False, 'cmake_clean_first': False, 'cmake_force_configure': False, 'cmake_target': None, 'cmake_target_skip_unavailable': False, 'install_base': '/home/ws/ugv_ws/install/robot_pose_publisher', 'merge_install': False, 'path': '/home/ws/ugv_ws/src/ugv_else/robot_pose_publisher', 'symlink_install': False, 'test_result_base': None}
[0.469s] Level 5:colcon.colcon_core.verb:set package 'ugv_base_node' build argument 'cmake_args' from command line to 'None'
[0.469s] Level 5:colcon.colcon_core.verb:set package 'ugv_base_node' build argument 'cmake_target' from command line to 'None'
[0.469s] Level 5:colcon.colcon_core.verb:set package 'ugv_base_node' build argument 'cmake_target_skip_unavailable' from command line to 'False'
[0.469s] Level 5:colcon.colcon_core.verb:set package 'ugv_base_node' build argument 'cmake_clean_cache' from command line to 'False'
[0.469s] Level 5:colcon.colcon_core.verb:set package 'ugv_base_node' build argument 'cmake_clean_first' from command line to 'False'
[0.469s] Level 5:colcon.colcon_core.verb:set package 'ugv_base_node' build argument 'cmake_force_configure' from command line to 'False'
[0.469s] Level 5:colcon.colcon_core.verb:set package 'ugv_base_node' build argument 'ament_cmake_args' from command line to 'None'
[0.469s] Level 5:colcon.colcon_core.verb:set package 'ugv_base_node' build argument 'catkin_cmake_args' from command line to 'None'
[0.469s] Level 5:colcon.colcon_core.verb:set package 'ugv_base_node' build argument 'catkin_skip_building_tests' from command line to 'False'
[0.469s] DEBUG:colcon.colcon_core.verb:Building package 'ugv_base_node' with the following arguments: {'ament_cmake_args': None, 'build_base': '/home/ws/ugv_ws/build/ugv_base_node', 'catkin_cmake_args': None, 'catkin_skip_building_tests': False, 'cmake_args': None, 'cmake_clean_cache': False, 'cmake_clean_first': False, 'cmake_force_configure': False, 'cmake_target': None, 'cmake_target_skip_unavailable': False, 'install_base': '/home/ws/ugv_ws/install/ugv_base_node', 'merge_install': False, 'path': '/home/ws/ugv_ws/src/ugv_main/ugv_base_node', 'symlink_install': False, 'test_result_base': None}
[0.469s] Level 5:colcon.colcon_core.verb:set package 'ugv_interface' build argument 'cmake_args' from command line to 'None'
[0.470s] Level 5:colcon.colcon_core.verb:set package 'ugv_interface' build argument 'cmake_target' from command line to 'None'
[0.470s] Level 5:colcon.colcon_core.verb:set package 'ugv_interface' build argument 'cmake_target_skip_unavailable' from command line to 'False'
[0.470s] Level 5:colcon.colcon_core.verb:set package 'ugv_interface' build argument 'cmake_clean_cache' from command line to 'False'
[0.470s] Level 5:colcon.colcon_core.verb:set package 'ugv_interface' build argument 'cmake_clean_first' from command line to 'False'
[0.470s] Level 5:colcon.colcon_core.verb:set package 'ugv_interface' build argument 'cmake_force_configure' from command line to 'False'
[0.470s] Level 5:colcon.colcon_core.verb:set package 'ugv_interface' build argument 'ament_cmake_args' from command line to 'None'
[0.470s] Level 5:colcon.colcon_core.verb:set package 'ugv_interface' build argument 'catkin_cmake_args' from command line to 'None'
[0.470s] Level 5:colcon.colcon_core.verb:set package 'ugv_interface' build argument 'catkin_skip_building_tests' from command line to 'False'
[0.470s] DEBUG:colcon.colcon_core.verb:Building package 'ugv_interface' with the following arguments: {'ament_cmake_args': None, 'build_base': '/home/ws/ugv_ws/build/ugv_interface', 'catkin_cmake_args': None, 'catkin_skip_building_tests': False, 'cmake_args': None, 'cmake_clean_cache': False, 'cmake_clean_first': False, 'cmake_force_configure': False, 'cmake_target': None, 'cmake_target_skip_unavailable': False, 'install_base': '/home/ws/ugv_ws/install/ugv_interface', 'merge_install': False, 'path': '/home/ws/ugv_ws/src/ugv_main/ugv_interface', 'symlink_install': False, 'test_result_base': None}
[0.470s] Level 5:colcon.colcon_core.verb:set package 'vizanti_cpp' build argument 'cmake_args' from command line to 'None'
[0.470s] Level 5:colcon.colcon_core.verb:set package 'vizanti_cpp' build argument 'cmake_target' from command line to 'None'
[0.470s] Level 5:colcon.colcon_core.verb:set package 'vizanti_cpp' build argument 'cmake_target_skip_unavailable' from command line to 'False'
[0.470s] Level 5:colcon.colcon_core.verb:set package 'vizanti_cpp' build argument 'cmake_clean_cache' from command line to 'False'
[0.470s] Level 5:colcon.colcon_core.verb:set package 'vizanti_cpp' build argument 'cmake_clean_first' from command line to 'False'
[0.470s] Level 5:colcon.colcon_core.verb:set package 'vizanti_cpp' build argument 'cmake_force_configure' from command line to 'False'
[0.470s] Level 5:colcon.colcon_core.verb:set package 'vizanti_cpp' build argument 'ament_cmake_args' from command line to 'None'
[0.470s] Level 5:colcon.colcon_core.verb:set package 'vizanti_cpp' build argument 'catkin_cmake_args' from command line to 'None'
[0.470s] Level 5:colcon.colcon_core.verb:set package 'vizanti_cpp' build argument 'catkin_skip_building_tests' from command line to 'False'
[0.470s] DEBUG:colcon.colcon_core.verb:Building package 'vizanti_cpp' with the following arguments: {'ament_cmake_args': None, 'build_base': '/home/ws/ugv_ws/build/vizanti_cpp', 'catkin_cmake_args': None, 'catkin_skip_building_tests': False, 'cmake_args': None, 'cmake_clean_cache': False, 'cmake_clean_first': False, 'cmake_force_configure': False, 'cmake_target': None, 'cmake_target_skip_unavailable': False, 'install_base': '/home/ws/ugv_ws/install/vizanti_cpp', 'merge_install': False, 'path': '/home/ws/ugv_ws/src/ugv_else/vizanti/vizanti_cpp', 'symlink_install': False, 'test_result_base': None}
[0.471s] Level 5:colcon.colcon_core.verb:set package 'vizanti_msgs' build argument 'cmake_args' from command line to 'None'
[0.471s] Level 5:colcon.colcon_core.verb:set package 'vizanti_msgs' build argument 'cmake_target' from command line to 'None'
[0.471s] Level 5:colcon.colcon_core.verb:set package 'vizanti_msgs' build argument 'cmake_target_skip_unavailable' from command line to 'False'
[0.471s] Level 5:colcon.colcon_core.verb:set package 'vizanti_msgs' build argument 'cmake_clean_cache' from command line to 'False'
[0.471s] Level 5:colcon.colcon_core.verb:set package 'vizanti_msgs' build argument 'cmake_clean_first' from command line to 'False'
[0.471s] Level 5:colcon.colcon_core.verb:set package 'vizanti_msgs' build argument 'cmake_force_configure' from command line to 'False'
[0.471s] Level 5:colcon.colcon_core.verb:set package 'vizanti_msgs' build argument 'ament_cmake_args' from command line to 'None'
[0.471s] Level 5:colcon.colcon_core.verb:set package 'vizanti_msgs' build argument 'catkin_cmake_args' from command line to 'None'
[0.471s] Level 5:colcon.colcon_core.verb:set package 'vizanti_msgs' build argument 'catkin_skip_building_tests' from command line to 'False'
[0.471s] DEBUG:colcon.colcon_core.verb:Building package 'vizanti_msgs' with the following arguments: {'ament_cmake_args': None, 'build_base': '/home/ws/ugv_ws/build/vizanti_msgs', 'catkin_cmake_args': None, 'catkin_skip_building_tests': False, 'cmake_args': None, 'cmake_clean_cache': False, 'cmake_clean_first': False, 'cmake_force_configure': False, 'cmake_target': None, 'cmake_target_skip_unavailable': False, 'install_base': '/home/ws/ugv_ws/install/vizanti_msgs', 'merge_install': False, 'path': '/home/ws/ugv_ws/src/ugv_else/vizanti/vizanti_msgs', 'symlink_install': False, 'test_result_base': None}
[0.471s] Level 5:colcon.colcon_core.verb:set package 'apriltag_ros' build argument 'cmake_args' from command line to 'None'
[0.471s] Level 5:colcon.colcon_core.verb:set package 'apriltag_ros' build argument 'cmake_target' from command line to 'None'
[0.471s] Level 5:colcon.colcon_core.verb:set package 'apriltag_ros' build argument 'cmake_target_skip_unavailable' from command line to 'False'
[0.471s] Level 5:colcon.colcon_core.verb:set package 'apriltag_ros' build argument 'cmake_clean_cache' from command line to 'False'
[0.471s] Level 5:colcon.colcon_core.verb:set package 'apriltag_ros' build argument 'cmake_clean_first' from command line to 'False'
[0.471s] Level 5:colcon.colcon_core.verb:set package 'apriltag_ros' build argument 'cmake_force_configure' from command line to 'False'
[0.471s] Level 5:colcon.colcon_core.verb:set package 'apriltag_ros' build argument 'ament_cmake_args' from command line to 'None'
[0.471s] Level 5:colcon.colcon_core.verb:set package 'apriltag_ros' build argument 'catkin_cmake_args' from command line to 'None'
[0.471s] Level 5:colcon.colcon_core.verb:set package 'apriltag_ros' build argument 'catkin_skip_building_tests' from command line to 'False'
[0.471s] DEBUG:colcon.colcon_core.verb:Building package 'apriltag_ros' with the following arguments: {'ament_cmake_args': None, 'build_base': '/home/ws/ugv_ws/build/apriltag_ros', 'catkin_cmake_args': None, 'catkin_skip_building_tests': False, 'cmake_args': None, 'cmake_clean_cache': False, 'cmake_clean_first': False, 'cmake_force_configure': False, 'cmake_target': None, 'cmake_target_skip_unavailable': False, 'install_base': '/home/ws/ugv_ws/install/apriltag_ros', 'merge_install': False, 'path': '/home/ws/ugv_ws/src/ugv_else/apriltag_ros/apriltag_ros', 'symlink_install': False, 'test_result_base': None}
[0.472s] Level 5:colcon.colcon_core.verb:set package 'costmap_converter' build argument 'cmake_args' from command line to 'None'
[0.472s] Level 5:colcon.colcon_core.verb:set package 'costmap_converter' build argument 'cmake_target' from command line to 'None'
[0.472s] Level 5:colcon.colcon_core.verb:set package 'costmap_converter' build argument 'cmake_target_skip_unavailable' from command line to 'False'
[0.472s] Level 5:colcon.colcon_core.verb:set package 'costmap_converter' build argument 'cmake_clean_cache' from command line to 'False'
[0.472s] Level 5:colcon.colcon_core.verb:set package 'costmap_converter' build argument 'cmake_clean_first' from command line to 'False'
[0.472s] Level 5:colcon.colcon_core.verb:set package 'costmap_converter' build argument 'cmake_force_configure' from command line to 'False'
[0.472s] Level 5:colcon.colcon_core.verb:set package 'costmap_converter' build argument 'ament_cmake_args' from command line to 'None'
[0.472s] Level 5:colcon.colcon_core.verb:set package 'costmap_converter' build argument 'catkin_cmake_args' from command line to 'None'
[0.472s] Level 5:colcon.colcon_core.verb:set package 'costmap_converter' build argument 'catkin_skip_building_tests' from command line to 'False'
[0.472s] DEBUG:colcon.colcon_core.verb:Building package 'costmap_converter' with the following arguments: {'ament_cmake_args': None, 'build_base': '/home/ws/ugv_ws/build/costmap_converter', 'catkin_cmake_args': None, 'catkin_skip_building_tests': False, 'cmake_args': None, 'cmake_clean_cache': False, 'cmake_clean_first': False, 'cmake_force_configure': False, 'cmake_target': None, 'cmake_target_skip_unavailable': False, 'install_base': '/home/ws/ugv_ws/install/costmap_converter', 'merge_install': False, 'path': '/home/ws/ugv_ws/src/ugv_else/costmap_converter/costmap_converter', 'symlink_install': False, 'test_result_base': None}
[0.472s] Level 5:colcon.colcon_core.verb:set package 'slam_gmapping' build argument 'cmake_args' from command line to 'None'
[0.472s] Level 5:colcon.colcon_core.verb:set package 'slam_gmapping' build argument 'cmake_target' from command line to 'None'
[0.472s] Level 5:colcon.colcon_core.verb:set package 'slam_gmapping' build argument 'cmake_target_skip_unavailable' from command line to 'False'
[0.472s] Level 5:colcon.colcon_core.verb:set package 'slam_gmapping' build argument 'cmake_clean_cache' from command line to 'False'
[0.472s] Level 5:colcon.colcon_core.verb:set package 'slam_gmapping' build argument 'cmake_clean_first' from command line to 'False'
[0.472s] Level 5:colcon.colcon_core.verb:set package 'slam_gmapping' build argument 'cmake_force_configure' from command line to 'False'
[0.472s] Level 5:colcon.colcon_core.verb:set package 'slam_gmapping' build argument 'ament_cmake_args' from command line to 'None'
[0.472s] Level 5:colcon.colcon_core.verb:set package 'slam_gmapping' build argument 'catkin_cmake_args' from command line to 'None'
[0.472s] Level 5:colcon.colcon_core.verb:set package 'slam_gmapping' build argument 'catkin_skip_building_tests' from command line to 'False'
[0.472s] DEBUG:colcon.colcon_core.verb:Building package 'slam_gmapping' with the following arguments: {'ament_cmake_args': None, 'build_base': '/home/ws/ugv_ws/build/slam_gmapping', 'catkin_cmake_args': None, 'catkin_skip_building_tests': False, 'cmake_args': None, 'cmake_clean_cache': False, 'cmake_clean_first': False, 'cmake_force_configure': False, 'cmake_target': None, 'cmake_target_skip_unavailable': False, 'install_base': '/home/ws/ugv_ws/install/slam_gmapping', 'merge_install': False, 'path': '/home/ws/ugv_ws/src/ugv_else/gmapping/slam_gmapping', 'symlink_install': False, 'test_result_base': None}
[0.473s] Level 5:colcon.colcon_core.verb:set package 'teb_msgs' build argument 'cmake_args' from command line to 'None'
[0.473s] Level 5:colcon.colcon_core.verb:set package 'teb_msgs' build argument 'cmake_target' from command line to 'None'
[0.473s] Level 5:colcon.colcon_core.verb:set package 'teb_msgs' build argument 'cmake_target_skip_unavailable' from command line to 'False'
[0.473s] Level 5:colcon.colcon_core.verb:set package 'teb_msgs' build argument 'cmake_clean_cache' from command line to 'False'
[0.473s] Level 5:colcon.colcon_core.verb:set package 'teb_msgs' build argument 'cmake_clean_first' from command line to 'False'
[0.473s] Level 5:colcon.colcon_core.verb:set package 'teb_msgs' build argument 'cmake_force_configure' from command line to 'False'
[0.473s] Level 5:colcon.colcon_core.verb:set package 'teb_msgs' build argument 'ament_cmake_args' from command line to 'None'
[0.473s] Level 5:colcon.colcon_core.verb:set package 'teb_msgs' build argument 'catkin_cmake_args' from command line to 'None'
[0.473s] Level 5:colcon.colcon_core.verb:set package 'teb_msgs' build argument 'catkin_skip_building_tests' from command line to 'False'
[0.473s] DEBUG:colcon.colcon_core.verb:Building package 'teb_msgs' with the following arguments: {'ament_cmake_args': None, 'build_base': '/home/ws/ugv_ws/build/teb_msgs', 'catkin_cmake_args': None, 'catkin_skip_building_tests': False, 'cmake_args': None, 'cmake_clean_cache': False, 'cmake_clean_first': False, 'cmake_force_configure': False, 'cmake_target': None, 'cmake_target_skip_unavailable': False, 'install_base': '/home/ws/ugv_ws/install/teb_msgs', 'merge_install': False, 'path': '/home/ws/ugv_ws/src/ugv_else/teb_local_planner/teb_msgs', 'symlink_install': False, 'test_result_base': None}
[0.473s] Level 5:colcon.colcon_core.verb:set package 'vizanti_demos' build argument 'cmake_args' from command line to 'None'
[0.473s] Level 5:colcon.colcon_core.verb:set package 'vizanti_demos' build argument 'cmake_target' from command line to 'None'
[0.473s] Level 5:colcon.colcon_core.verb:set package 'vizanti_demos' build argument 'cmake_target_skip_unavailable' from command line to 'False'
[0.473s] Level 5:colcon.colcon_core.verb:set package 'vizanti_demos' build argument 'cmake_clean_cache' from command line to 'False'
[0.473s] Level 5:colcon.colcon_core.verb:set package 'vizanti_demos' build argument 'cmake_clean_first' from command line to 'False'
[0.473s] Level 5:colcon.colcon_core.verb:set package 'vizanti_demos' build argument 'cmake_force_configure' from command line to 'False'
[0.473s] Level 5:colcon.colcon_core.verb:set package 'vizanti_demos' build argument 'ament_cmake_args' from command line to 'None'
[0.473s] Level 5:colcon.colcon_core.verb:set package 'vizanti_demos' build argument 'catkin_cmake_args' from command line to 'None'
[0.473s] Level 5:colcon.colcon_core.verb:set package 'vizanti_demos' build argument 'catkin_skip_building_tests' from command line to 'False'
[0.473s] DEBUG:colcon.colcon_core.verb:Building package 'vizanti_demos' with the following arguments: {'ament_cmake_args': None, 'build_base': '/home/ws/ugv_ws/build/vizanti_demos', 'catkin_cmake_args': None, 'catkin_skip_building_tests': False, 'cmake_args': None, 'cmake_clean_cache': False, 'cmake_clean_first': False, 'cmake_force_configure': False, 'cmake_target': None, 'cmake_target_skip_unavailable': False, 'install_base': '/home/ws/ugv_ws/install/vizanti_demos', 'merge_install': False, 'path': '/home/ws/ugv_ws/src/ugv_else/vizanti/vizanti_demos', 'symlink_install': False, 'test_result_base': None}
[0.474s] Level 5:colcon.colcon_core.verb:set package 'vizanti_server' build argument 'cmake_args' from command line to 'None'
[0.474s] Level 5:colcon.colcon_core.verb:set package 'vizanti_server' build argument 'cmake_target' from command line to 'None'
[0.474s] Level 5:colcon.colcon_core.verb:set package 'vizanti_server' build argument 'cmake_target_skip_unavailable' from command line to 'False'
[0.474s] Level 5:colcon.colcon_core.verb:set package 'vizanti_server' build argument 'cmake_clean_cache' from command line to 'False'
[0.474s] Level 5:colcon.colcon_core.verb:set package 'vizanti_server' build argument 'cmake_clean_first' from command line to 'False'
[0.474s] Level 5:colcon.colcon_core.verb:set package 'vizanti_server' build argument 'cmake_force_configure' from command line to 'False'
[0.474s] Level 5:colcon.colcon_core.verb:set package 'vizanti_server' build argument 'ament_cmake_args' from command line to 'None'
[0.474s] Level 5:colcon.colcon_core.verb:set package 'vizanti_server' build argument 'catkin_cmake_args' from command line to 'None'
[0.474s] Level 5:colcon.colcon_core.verb:set package 'vizanti_server' build argument 'catkin_skip_building_tests' from command line to 'False'
[0.474s] DEBUG:colcon.colcon_core.verb:Building package 'vizanti_server' with the following arguments: {'ament_cmake_args': None, 'build_base': '/home/ws/ugv_ws/build/vizanti_server', 'catkin_cmake_args': None, 'catkin_skip_building_tests': False, 'cmake_args': None, 'cmake_clean_cache': False, 'cmake_clean_first': False, 'cmake_force_configure': False, 'cmake_target': None, 'cmake_target_skip_unavailable': False, 'install_base': '/home/ws/ugv_ws/install/vizanti_server', 'merge_install': False, 'path': '/home/ws/ugv_ws/src/ugv_else/vizanti/vizanti_server', 'symlink_install': False, 'test_result_base': None}
[0.474s] Level 5:colcon.colcon_core.verb:set package 'teb_local_planner' build argument 'cmake_args' from command line to 'None'
[0.474s] Level 5:colcon.colcon_core.verb:set package 'teb_local_planner' build argument 'cmake_target' from command line to 'None'
[0.474s] Level 5:colcon.colcon_core.verb:set package 'teb_local_planner' build argument 'cmake_target_skip_unavailable' from command line to 'False'
[0.474s] Level 5:colcon.colcon_core.verb:set package 'teb_local_planner' build argument 'cmake_clean_cache' from command line to 'False'
[0.474s] Level 5:colcon.colcon_core.verb:set package 'teb_local_planner' build argument 'cmake_clean_first' from command line to 'False'
[0.474s] Level 5:colcon.colcon_core.verb:set package 'teb_local_planner' build argument 'cmake_force_configure' from command line to 'False'
[0.474s] Level 5:colcon.colcon_core.verb:set package 'teb_local_planner' build argument 'ament_cmake_args' from command line to 'None'
[0.474s] Level 5:colcon.colcon_core.verb:set package 'teb_local_planner' build argument 'catkin_cmake_args' from command line to 'None'
[0.474s] Level 5:colcon.colcon_core.verb:set package 'teb_local_planner' build argument 'catkin_skip_building_tests' from command line to 'False'
[0.474s] DEBUG:colcon.colcon_core.verb:Building package 'teb_local_planner' with the following arguments: {'ament_cmake_args': None, 'build_base': '/home/ws/ugv_ws/build/teb_local_planner', 'catkin_cmake_args': None, 'catkin_skip_building_tests': False, 'cmake_args': None, 'cmake_clean_cache': False, 'cmake_clean_first': False, 'cmake_force_configure': False, 'cmake_target': None, 'cmake_target_skip_unavailable': False, 'install_base': '/home/ws/ugv_ws/install/teb_local_planner', 'merge_install': False, 'path': '/home/ws/ugv_ws/src/ugv_else/teb_local_planner/teb_local_planner', 'symlink_install': False, 'test_result_base': None}
[0.475s] Level 5:colcon.colcon_core.verb:set package 'vizanti' build argument 'cmake_args' from command line to 'None'
[0.475s] Level 5:colcon.colcon_core.verb:set package 'vizanti' build argument 'cmake_target' from command line to 'None'
[0.475s] Level 5:colcon.colcon_core.verb:set package 'vizanti' build argument 'cmake_target_skip_unavailable' from command line to 'False'
[0.475s] Level 5:colcon.colcon_core.verb:set package 'vizanti' build argument 'cmake_clean_cache' from command line to 'False'
[0.475s] Level 5:colcon.colcon_core.verb:set package 'vizanti' build argument 'cmake_clean_first' from command line to 'False'
[0.475s] Level 5:colcon.colcon_core.verb:set package 'vizanti' build argument 'cmake_force_configure' from command line to 'False'
[0.475s] Level 5:colcon.colcon_core.verb:set package 'vizanti' build argument 'ament_cmake_args' from command line to 'None'
[0.475s] Level 5:colcon.colcon_core.verb:set package 'vizanti' build argument 'catkin_cmake_args' from command line to 'None'
[0.475s] Level 5:colcon.colcon_core.verb:set package 'vizanti' build argument 'catkin_skip_building_tests' from command line to 'False'
[0.475s] DEBUG:colcon.colcon_core.verb:Building package 'vizanti' with the following arguments: {'ament_cmake_args': None, 'build_base': '/home/ws/ugv_ws/build/vizanti', 'catkin_cmake_args': None, 'catkin_skip_building_tests': False, 'cmake_args': None, 'cmake_clean_cache': False, 'cmake_clean_first': False, 'cmake_force_configure': False, 'cmake_target': None, 'cmake_target_skip_unavailable': False, 'install_base': '/home/ws/ugv_ws/install/vizanti', 'merge_install': False, 'path': '/home/ws/ugv_ws/src/ugv_else/vizanti/vizanti', 'symlink_install': False, 'test_result_base': None}
[0.475s] INFO:colcon.colcon_core.executor:Executing jobs using 'parallel' executor
[0.477s] DEBUG:colcon.colcon_parallel_executor.executor.parallel:run_until_complete
[0.477s] INFO:colcon.colcon_ros.task.ament_cmake.build:Building ROS package in '/home/ws/ugv_ws/src/ugv_else/costmap_converter/costmap_converter_msgs' with build type 'ament_cmake'
[0.477s] INFO:colcon.colcon_cmake.task.cmake.build:Building CMake package in '/home/ws/ugv_ws/src/ugv_else/costmap_converter/costmap_converter_msgs'
[0.480s] INFO:colcon.colcon_core.plugin_system:Skipping extension 'colcon_core.shell.bat': Not used on non-Windows systems
[0.480s] INFO:colcon.colcon_core.shell:Skip shell extension 'powershell' for command environment: Not usable outside of PowerShell
[0.480s] DEBUG:colcon.colcon_core.shell:Skip shell extension 'dsv' for command environment
[0.488s] INFO:colcon.colcon_ros.task.ament_cmake.build:Building ROS package in '/home/ws/ugv_ws/src/ugv_else/vizanti/vizanti_msgs' with build type 'ament_cmake'
[0.488s] INFO:colcon.colcon_cmake.task.cmake.build:Building CMake package in '/home/ws/ugv_ws/src/ugv_else/vizanti/vizanti_msgs'
[0.488s] INFO:colcon.colcon_core.shell:Skip shell extension 'powershell' for command environment: Not usable outside of PowerShell
[0.488s] DEBUG:colcon.colcon_core.shell:Skip shell extension 'dsv' for command environment
[0.494s] INFO:colcon.colcon_ros.task.cmake.build:Building ROS package in '/home/ws/ugv_ws/src/ugv_else/apriltag_ros/apriltag' with build type 'cmake'
[0.495s] INFO:colcon.colcon_cmake.task.cmake.build:Building CMake package in '/home/ws/ugv_ws/src/ugv_else/apriltag_ros/apriltag'
[0.495s] INFO:colcon.colcon_core.shell:Skip shell extension 'powershell' for command environment: Not usable outside of PowerShell
[0.495s] DEBUG:colcon.colcon_core.shell:Skip shell extension 'dsv' for command environment
[0.502s] INFO:colcon.colcon_ros.task.ament_cmake.build:Building ROS package in '/home/ws/ugv_ws/src/ugv_else/apriltag_ros/apriltag_msgs' with build type 'ament_cmake'
[0.502s] INFO:colcon.colcon_cmake.task.cmake.build:Building CMake package in '/home/ws/ugv_ws/src/ugv_else/apriltag_ros/apriltag_msgs'
[0.503s] INFO:colcon.colcon_core.shell:Skip shell extension 'powershell' for command environment: Not usable outside of PowerShell
[0.503s] DEBUG:colcon.colcon_core.shell:Skip shell extension 'dsv' for command environment
[0.519s] DEBUG:colcon.colcon_core.event_handler.log_command:Invoking command in '/home/ws/ugv_ws/build/costmap_converter_msgs': CMAKE_PREFIX_PATH=${CMAKE_PREFIX_PATH}:/home/ws/ugv_ws/install/ugv_web_app:/home/ws/ugv_ws/install/ugv_vision:/home/ws/ugv_ws/install/ugv_tools:/home/ws/ugv_ws/install/ugv_chat_ai:/home/ws/ugv_ws/install/ugv_bringup:/opt/ros/humble /usr/bin/cmake --build /home/ws/ugv_ws/build/costmap_converter_msgs -- -j4 -l4
[0.529s] DEBUG:colcon.colcon_core.event_handler.log_command:Invoking command in '/home/ws/ugv_ws/build/vizanti_msgs': CMAKE_PREFIX_PATH=${CMAKE_PREFIX_PATH}:/home/ws/ugv_ws/install/ugv_web_app:/home/ws/ugv_ws/install/ugv_vision:/home/ws/ugv_ws/install/ugv_tools:/home/ws/ugv_ws/install/ugv_chat_ai:/home/ws/ugv_ws/install/ugv_bringup:/opt/ros/humble /usr/bin/cmake --build /home/ws/ugv_ws/build/vizanti_msgs -- -j4 -l4
[0.545s] DEBUG:colcon.colcon_core.event_handler.log_command:Invoking command in '/home/ws/ugv_ws/build/apriltag': CMAKE_PREFIX_PATH=${CMAKE_PREFIX_PATH}:/home/ws/ugv_ws/install/ugv_web_app:/home/ws/ugv_ws/install/ugv_vision:/home/ws/ugv_ws/install/ugv_tools:/home/ws/ugv_ws/install/ugv_chat_ai:/home/ws/ugv_ws/install/ugv_bringup:/opt/ros/humble /usr/bin/cmake --build /home/ws/ugv_ws/build/apriltag -- -j4 -l4
[0.558s] DEBUG:colcon.colcon_core.event_handler.log_command:Invoking command in '/home/ws/ugv_ws/build/apriltag_msgs': CMAKE_PREFIX_PATH=${CMAKE_PREFIX_PATH}:/home/ws/ugv_ws/install/ugv_web_app:/home/ws/ugv_ws/install/ugv_vision:/home/ws/ugv_ws/install/ugv_tools:/home/ws/ugv_ws/install/ugv_chat_ai:/home/ws/ugv_ws/install/ugv_bringup:/opt/ros/humble /usr/bin/cmake --build /home/ws/ugv_ws/build/apriltag_msgs -- -j4 -l4
[1.709s] DEBUG:colcon.colcon_core.event_handler.log_command:Invoked command in '/home/ws/ugv_ws/build/costmap_converter_msgs' returned '0': CMAKE_PREFIX_PATH=${CMAKE_PREFIX_PATH}:/home/ws/ugv_ws/install/ugv_web_app:/home/ws/ugv_ws/install/ugv_vision:/home/ws/ugv_ws/install/ugv_tools:/home/ws/ugv_ws/install/ugv_chat_ai:/home/ws/ugv_ws/install/ugv_bringup:/opt/ros/humble /usr/bin/cmake --build /home/ws/ugv_ws/build/costmap_converter_msgs -- -j4 -l4
[1.710s] DEBUG:colcon.colcon_core.event_handler.log_command:Invoked command in '/home/ws/ugv_ws/build/apriltag_msgs' returned '0': CMAKE_PREFIX_PATH=${CMAKE_PREFIX_PATH}:/home/ws/ugv_ws/install/ugv_web_app:/home/ws/ugv_ws/install/ugv_vision:/home/ws/ugv_ws/install/ugv_tools:/home/ws/ugv_ws/install/ugv_chat_ai:/home/ws/ugv_ws/install/ugv_bringup:/opt/ros/humble /usr/bin/cmake --build /home/ws/ugv_ws/build/apriltag_msgs -- -j4 -l4
[1.740s] DEBUG:colcon.colcon_core.event_handler.log_command:Invoked command in '/home/ws/ugv_ws/build/vizanti_msgs' returned '0': CMAKE_PREFIX_PATH=${CMAKE_PREFIX_PATH}:/home/ws/ugv_ws/install/ugv_web_app:/home/ws/ugv_ws/install/ugv_vision:/home/ws/ugv_ws/install/ugv_tools:/home/ws/ugv_ws/install/ugv_chat_ai:/home/ws/ugv_ws/install/ugv_bringup:/opt/ros/humble /usr/bin/cmake --build /home/ws/ugv_ws/build/vizanti_msgs -- -j4 -l4
[1.830s] DEBUG:colcon.colcon_core.event_handler.log_command:Invoking command in '/home/ws/ugv_ws/build/costmap_converter_msgs': CMAKE_PREFIX_PATH=${CMAKE_PREFIX_PATH}:/home/ws/ugv_ws/install/ugv_web_app:/home/ws/ugv_ws/install/ugv_vision:/home/ws/ugv_ws/install/ugv_tools:/home/ws/ugv_ws/install/ugv_chat_ai:/home/ws/ugv_ws/install/ugv_bringup:/opt/ros/humble /usr/bin/cmake --install /home/ws/ugv_ws/build/costmap_converter_msgs
[1.842s] DEBUG:colcon.colcon_core.event_handler.log_command:Invoking command in '/home/ws/ugv_ws/build/apriltag_msgs': CMAKE_PREFIX_PATH=${CMAKE_PREFIX_PATH}:/home/ws/ugv_ws/install/ugv_web_app:/home/ws/ugv_ws/install/ugv_vision:/home/ws/ugv_ws/install/ugv_tools:/home/ws/ugv_ws/install/ugv_chat_ai:/home/ws/ugv_ws/install/ugv_bringup:/opt/ros/humble /usr/bin/cmake --install /home/ws/ugv_ws/build/apriltag_msgs
[2.031s] DEBUG:colcon.colcon_core.event_handler.log_command:Invoked command in '/home/ws/ugv_ws/build/apriltag' returned '0': CMAKE_PREFIX_PATH=${CMAKE_PREFIX_PATH}:/home/ws/ugv_ws/install/ugv_web_app:/home/ws/ugv_ws/install/ugv_vision:/home/ws/ugv_ws/install/ugv_tools:/home/ws/ugv_ws/install/ugv_chat_ai:/home/ws/ugv_ws/install/ugv_bringup:/opt/ros/humble /usr/bin/cmake --build /home/ws/ugv_ws/build/apriltag -- -j4 -l4
[2.032s] Level 1:colcon.colcon_core.environment:create_environment_scripts_only(apriltag_msgs)
[2.033s] DEBUG:colcon.colcon_core.event_handler.log_command:Invoked command in '/home/ws/ugv_ws/build/apriltag_msgs' returned '0': CMAKE_PREFIX_PATH=${CMAKE_PREFIX_PATH}:/home/ws/ugv_ws/install/ugv_web_app:/home/ws/ugv_ws/install/ugv_vision:/home/ws/ugv_ws/install/ugv_tools:/home/ws/ugv_ws/install/ugv_chat_ai:/home/ws/ugv_ws/install/ugv_bringup:/opt/ros/humble /usr/bin/cmake --install /home/ws/ugv_ws/build/apriltag_msgs
[2.038s] Level 1:colcon.colcon_core.environment:checking '/home/ws/ugv_ws/install/apriltag_msgs' for CMake module files
[2.039s] Level 1:colcon.colcon_core.environment:checking '/home/ws/ugv_ws/install/apriltag_msgs' for CMake config files
[2.040s] Level 1:colcon.colcon_core.shell:create_environment_hook('apriltag_msgs', 'cmake_prefix_path')
[2.041s] INFO:colcon.colcon_core.shell:Creating environment hook '/home/ws/ugv_ws/install/apriltag_msgs/share/apriltag_msgs/hook/cmake_prefix_path.ps1'
[2.042s] INFO:colcon.colcon_core.shell:Creating environment descriptor '/home/ws/ugv_ws/install/apriltag_msgs/share/apriltag_msgs/hook/cmake_prefix_path.dsv'
[2.046s] INFO:colcon.colcon_core.shell:Creating environment hook '/home/ws/ugv_ws/install/apriltag_msgs/share/apriltag_msgs/hook/cmake_prefix_path.sh'
[2.050s] Level 1:colcon.colcon_core.environment:checking '/home/ws/ugv_ws/install/apriltag_msgs/lib'
[2.050s] Level 1:colcon.colcon_core.shell:create_environment_hook('apriltag_msgs', 'ld_library_path_lib')
[2.051s] INFO:colcon.colcon_core.shell:Creating environment hook '/home/ws/ugv_ws/install/apriltag_msgs/share/apriltag_msgs/hook/ld_library_path_lib.ps1'
[2.053s] INFO:colcon.colcon_core.shell:Creating environment descriptor '/home/ws/ugv_ws/install/apriltag_msgs/share/apriltag_msgs/hook/ld_library_path_lib.dsv'
[2.057s] INFO:colcon.colcon_core.shell:Creating environment hook '/home/ws/ugv_ws/install/apriltag_msgs/share/apriltag_msgs/hook/ld_library_path_lib.sh'
[2.060s] Level 1:colcon.colcon_core.environment:checking '/home/ws/ugv_ws/install/apriltag_msgs/bin'
[2.061s] Level 1:colcon.colcon_core.environment:checking '/home/ws/ugv_ws/install/apriltag_msgs/lib/pkgconfig/apriltag_msgs.pc'
[2.064s] Level 1:colcon.colcon_core.environment:checking '/home/ws/ugv_ws/install/apriltag_msgs/lib/python3.10/site-packages'
[2.064s] Level 1:colcon.colcon_core.environment:checking '/home/ws/ugv_ws/install/apriltag_msgs/bin'
[2.065s] INFO:colcon.colcon_core.shell:Creating package script '/home/ws/ugv_ws/install/apriltag_msgs/share/apriltag_msgs/package.ps1'
[2.066s] INFO:colcon.colcon_core.shell:Creating package descriptor '/home/ws/ugv_ws/install/apriltag_msgs/share/apriltag_msgs/package.dsv'
[2.070s] INFO:colcon.colcon_core.shell:Creating package script '/home/ws/ugv_ws/install/apriltag_msgs/share/apriltag_msgs/package.sh'
[2.074s] INFO:colcon.colcon_core.shell:Creating package script '/home/ws/ugv_ws/install/apriltag_msgs/share/apriltag_msgs/package.bash'
[2.078s] INFO:colcon.colcon_core.shell:Creating package script '/home/ws/ugv_ws/install/apriltag_msgs/share/apriltag_msgs/package.zsh'
[2.081s] Level 1:colcon.colcon_core.environment:create_file_with_runtime_dependencies(/home/ws/ugv_ws/install/apriltag_msgs/share/colcon-core/packages/apriltag_msgs)
[2.083s] Level 1:colcon.colcon_core.environment:create_environment_scripts_only(costmap_converter_msgs)
[2.084s] Level 1:colcon.colcon_core.environment:checking '/home/ws/ugv_ws/install/costmap_converter_msgs' for CMake module files
[2.085s] DEBUG:colcon.colcon_core.event_handler.log_command:Invoked command in '/home/ws/ugv_ws/build/costmap_converter_msgs' returned '0': CMAKE_PREFIX_PATH=${CMAKE_PREFIX_PATH}:/home/ws/ugv_ws/install/ugv_web_app:/home/ws/ugv_ws/install/ugv_vision:/home/ws/ugv_ws/install/ugv_tools:/home/ws/ugv_ws/install/ugv_chat_ai:/home/ws/ugv_ws/install/ugv_bringup:/opt/ros/humble /usr/bin/cmake --install /home/ws/ugv_ws/build/costmap_converter_msgs
[2.085s] Level 1:colcon.colcon_core.environment:checking '/home/ws/ugv_ws/install/costmap_converter_msgs' for CMake config files
[2.087s] Level 1:colcon.colcon_core.shell:create_environment_hook('costmap_converter_msgs', 'cmake_prefix_path')
[2.088s] INFO:colcon.colcon_core.shell:Creating environment hook '/home/ws/ugv_ws/install/costmap_converter_msgs/share/costmap_converter_msgs/hook/cmake_prefix_path.ps1'
[2.089s] INFO:colcon.colcon_core.shell:Creating environment descriptor '/home/ws/ugv_ws/install/costmap_converter_msgs/share/costmap_converter_msgs/hook/cmake_prefix_path.dsv'
[2.090s] INFO:colcon.colcon_core.shell:Creating environment hook '/home/ws/ugv_ws/install/costmap_converter_msgs/share/costmap_converter_msgs/hook/cmake_prefix_path.sh'
[2.091s] Level 1:colcon.colcon_core.environment:checking '/home/ws/ugv_ws/install/costmap_converter_msgs/lib'
[2.091s] Level 1:colcon.colcon_core.shell:create_environment_hook('costmap_converter_msgs', 'ld_library_path_lib')
[2.091s] INFO:colcon.colcon_core.shell:Creating environment hook '/home/ws/ugv_ws/install/costmap_converter_msgs/share/costmap_converter_msgs/hook/ld_library_path_lib.ps1'
[2.092s] INFO:colcon.colcon_core.shell:Creating environment descriptor '/home/ws/ugv_ws/install/costmap_converter_msgs/share/costmap_converter_msgs/hook/ld_library_path_lib.dsv'
[2.093s] INFO:colcon.colcon_core.shell:Creating environment hook '/home/ws/ugv_ws/install/costmap_converter_msgs/share/costmap_converter_msgs/hook/ld_library_path_lib.sh'
[2.094s] Level 1:colcon.colcon_core.environment:checking '/home/ws/ugv_ws/install/costmap_converter_msgs/bin'
[2.094s] Level 1:colcon.colcon_core.environment:checking '/home/ws/ugv_ws/install/costmap_converter_msgs/lib/pkgconfig/costmap_converter_msgs.pc'
[2.094s] Level 1:colcon.colcon_core.environment:checking '/home/ws/ugv_ws/install/costmap_converter_msgs/lib/python3.10/site-packages'
[2.095s] Level 1:colcon.colcon_core.environment:checking '/home/ws/ugv_ws/install/costmap_converter_msgs/bin'
[2.095s] INFO:colcon.colcon_core.shell:Creating package script '/home/ws/ugv_ws/install/costmap_converter_msgs/share/costmap_converter_msgs/package.ps1'
[2.096s] INFO:colcon.colcon_core.shell:Creating package descriptor '/home/ws/ugv_ws/install/costmap_converter_msgs/share/costmap_converter_msgs/package.dsv'
[2.100s] INFO:colcon.colcon_core.shell:Creating package script '/home/ws/ugv_ws/install/costmap_converter_msgs/share/costmap_converter_msgs/package.sh'
[2.101s] INFO:colcon.colcon_core.shell:Creating package script '/home/ws/ugv_ws/install/costmap_converter_msgs/share/costmap_converter_msgs/package.bash'
[2.101s] INFO:colcon.colcon_core.shell:Creating package script '/home/ws/ugv_ws/install/costmap_converter_msgs/share/costmap_converter_msgs/package.zsh'
[2.102s] Level 1:colcon.colcon_core.environment:create_file_with_runtime_dependencies(/home/ws/ugv_ws/install/costmap_converter_msgs/share/colcon-core/packages/costmap_converter_msgs)
[2.109s] DEBUG:colcon.colcon_core.event_handler.log_command:Invoking command in '/home/ws/ugv_ws/build/vizanti_msgs': CMAKE_PREFIX_PATH=${CMAKE_PREFIX_PATH}:/home/ws/ugv_ws/install/ugv_web_app:/home/ws/ugv_ws/install/ugv_vision:/home/ws/ugv_ws/install/ugv_tools:/home/ws/ugv_ws/install/ugv_chat_ai:/home/ws/ugv_ws/install/ugv_bringup:/opt/ros/humble /usr/bin/cmake --install /home/ws/ugv_ws/build/vizanti_msgs
[2.184s] DEBUG:colcon.colcon_core.event_handler.log_command:Invoking command in '/home/ws/ugv_ws/build/apriltag': CMAKE_PREFIX_PATH=${CMAKE_PREFIX_PATH}:/home/ws/ugv_ws/install/ugv_web_app:/home/ws/ugv_ws/install/ugv_vision:/home/ws/ugv_ws/install/ugv_tools:/home/ws/ugv_ws/install/ugv_chat_ai:/home/ws/ugv_ws/install/ugv_bringup:/opt/ros/humble /usr/bin/cmake --install /home/ws/ugv_ws/build/apriltag
[2.193s] Level 1:colcon.colcon_core.environment:create_environment_scripts_only(apriltag_msgs)
[2.194s] Level 1:colcon.colcon_core.environment:checking '/home/ws/ugv_ws/install/apriltag_msgs' for CMake module files
[2.202s] Level 1:colcon.colcon_core.environment:checking '/home/ws/ugv_ws/install/apriltag_msgs' for CMake config files
[2.203s] Level 1:colcon.colcon_core.shell:create_environment_hook('apriltag_msgs', 'cmake_prefix_path')
[2.203s] INFO:colcon.colcon_core.shell:Creating environment hook '/home/ws/ugv_ws/install/apriltag_msgs/share/apriltag_msgs/hook/cmake_prefix_path.ps1'
[2.204s] INFO:colcon.colcon_core.shell:Creating environment descriptor '/home/ws/ugv_ws/install/apriltag_msgs/share/apriltag_msgs/hook/cmake_prefix_path.dsv'
[2.205s] INFO:colcon.colcon_core.shell:Creating environment hook '/home/ws/ugv_ws/install/apriltag_msgs/share/apriltag_msgs/hook/cmake_prefix_path.sh'
[2.206s] Level 1:colcon.colcon_core.environment:checking '/home/ws/ugv_ws/install/apriltag_msgs/lib'
[2.206s] Level 1:colcon.colcon_core.shell:create_environment_hook('apriltag_msgs', 'ld_library_path_lib')
[2.207s] INFO:colcon.colcon_core.shell:Creating environment hook '/home/ws/ugv_ws/install/apriltag_msgs/share/apriltag_msgs/hook/ld_library_path_lib.ps1'
[2.207s] INFO:colcon.colcon_core.shell:Creating environment descriptor '/home/ws/ugv_ws/install/apriltag_msgs/share/apriltag_msgs/hook/ld_library_path_lib.dsv'
[2.208s] INFO:colcon.colcon_core.shell:Creating environment hook '/home/ws/ugv_ws/install/apriltag_msgs/share/apriltag_msgs/hook/ld_library_path_lib.sh'
[2.209s] Level 1:colcon.colcon_core.environment:checking '/home/ws/ugv_ws/install/apriltag_msgs/bin'
[2.209s] Level 1:colcon.colcon_core.environment:checking '/home/ws/ugv_ws/install/apriltag_msgs/lib/pkgconfig/apriltag_msgs.pc'
[2.209s] Level 1:colcon.colcon_core.environment:checking '/home/ws/ugv_ws/install/apriltag_msgs/lib/python3.10/site-packages'
[2.210s] Level 1:colcon.colcon_core.environment:checking '/home/ws/ugv_ws/install/apriltag_msgs/bin'
[2.210s] INFO:colcon.colcon_core.shell:Creating package script '/home/ws/ugv_ws/install/apriltag_msgs/share/apriltag_msgs/package.ps1'
[2.211s] INFO:colcon.colcon_core.shell:Creating package descriptor '/home/ws/ugv_ws/install/apriltag_msgs/share/apriltag_msgs/package.dsv'
[2.215s] INFO:colcon.colcon_core.shell:Creating package script '/home/ws/ugv_ws/install/apriltag_msgs/share/apriltag_msgs/package.sh'
[2.216s] INFO:colcon.colcon_core.shell:Creating package script '/home/ws/ugv_ws/install/apriltag_msgs/share/apriltag_msgs/package.bash'
[2.216s] INFO:colcon.colcon_core.shell:Creating package script '/home/ws/ugv_ws/install/apriltag_msgs/share/apriltag_msgs/package.zsh'
[2.217s] Level 1:colcon.colcon_core.environment:create_file_with_runtime_dependencies(/home/ws/ugv_ws/install/apriltag_msgs/share/colcon-core/packages/apriltag_msgs)
[2.219s] DEBUG:colcon.colcon_core.event_handler.log_command:Invoked command in '/home/ws/ugv_ws/build/apriltag' returned '0': CMAKE_PREFIX_PATH=${CMAKE_PREFIX_PATH}:/home/ws/ugv_ws/install/ugv_web_app:/home/ws/ugv_ws/install/ugv_vision:/home/ws/ugv_ws/install/ugv_tools:/home/ws/ugv_ws/install/ugv_chat_ai:/home/ws/ugv_ws/install/ugv_bringup:/opt/ros/humble /usr/bin/cmake --install /home/ws/ugv_ws/build/apriltag
[2.220s] INFO:colcon.colcon_ros.task.ament_cmake.build:Building ROS package in '/home/ws/ugv_ws/src/ugv_else/gmapping/openslam_gmapping' with build type 'ament_cmake'
[2.220s] INFO:colcon.colcon_cmake.task.cmake.build:Building CMake package in '/home/ws/ugv_ws/src/ugv_else/gmapping/openslam_gmapping'
[2.221s] INFO:colcon.colcon_core.shell:Skip shell extension 'powershell' for command environment: Not usable outside of PowerShell
[2.221s] DEBUG:colcon.colcon_core.shell:Skip shell extension 'dsv' for command environment
[2.230s] Level 1:colcon.colcon_core.environment:create_environment_scripts_only(costmap_converter_msgs)
[2.230s] Level 1:colcon.colcon_core.environment:checking '/home/ws/ugv_ws/install/costmap_converter_msgs' for CMake module files
[2.231s] Level 1:colcon.colcon_core.environment:checking '/home/ws/ugv_ws/install/costmap_converter_msgs' for CMake config files
[2.232s] Level 1:colcon.colcon_core.shell:create_environment_hook('costmap_converter_msgs', 'cmake_prefix_path')
[2.233s] INFO:colcon.colcon_core.shell:Creating environment hook '/home/ws/ugv_ws/install/costmap_converter_msgs/share/costmap_converter_msgs/hook/cmake_prefix_path.ps1'
[2.233s] INFO:colcon.colcon_core.shell:Creating environment descriptor '/home/ws/ugv_ws/install/costmap_converter_msgs/share/costmap_converter_msgs/hook/cmake_prefix_path.dsv'
[2.234s] INFO:colcon.colcon_core.shell:Creating environment hook '/home/ws/ugv_ws/install/costmap_converter_msgs/share/costmap_converter_msgs/hook/cmake_prefix_path.sh'
[2.235s] Level 1:colcon.colcon_core.environment:checking '/home/ws/ugv_ws/install/costmap_converter_msgs/lib'
[2.235s] Level 1:colcon.colcon_core.shell:create_environment_hook('costmap_converter_msgs', 'ld_library_path_lib')
[2.235s] INFO:colcon.colcon_core.shell:Creating environment hook '/home/ws/ugv_ws/install/costmap_converter_msgs/share/costmap_converter_msgs/hook/ld_library_path_lib.ps1'
[2.236s] INFO:colcon.colcon_core.shell:Creating environment descriptor '/home/ws/ugv_ws/install/costmap_converter_msgs/share/costmap_converter_msgs/hook/ld_library_path_lib.dsv'
[2.237s] INFO:colcon.colcon_core.shell:Creating environment hook '/home/ws/ugv_ws/install/costmap_converter_msgs/share/costmap_converter_msgs/hook/ld_library_path_lib.sh'
[2.237s] Level 1:colcon.colcon_core.environment:checking '/home/ws/ugv_ws/install/costmap_converter_msgs/bin'
[2.238s] Level 1:colcon.colcon_core.environment:checking '/home/ws/ugv_ws/install/costmap_converter_msgs/lib/pkgconfig/costmap_converter_msgs.pc'
[2.238s] Level 1:colcon.colcon_core.environment:checking '/home/ws/ugv_ws/install/costmap_converter_msgs/lib/python3.10/site-packages'
[2.238s] Level 1:colcon.colcon_core.environment:checking '/home/ws/ugv_ws/install/costmap_converter_msgs/bin'
[2.239s] INFO:colcon.colcon_core.shell:Creating package script '/home/ws/ugv_ws/install/costmap_converter_msgs/share/costmap_converter_msgs/package.ps1'
[2.240s] INFO:colcon.colcon_core.shell:Creating package descriptor '/home/ws/ugv_ws/install/costmap_converter_msgs/share/costmap_converter_msgs/package.dsv'
[2.240s] INFO:colcon.colcon_core.shell:Creating package script '/home/ws/ugv_ws/install/costmap_converter_msgs/share/costmap_converter_msgs/package.sh'
[2.241s] INFO:colcon.colcon_core.shell:Creating package script '/home/ws/ugv_ws/install/costmap_converter_msgs/share/costmap_converter_msgs/package.bash'
[2.244s] INFO:colcon.colcon_core.shell:Creating package script '/home/ws/ugv_ws/install/costmap_converter_msgs/share/costmap_converter_msgs/package.zsh'
[2.245s] Level 1:colcon.colcon_core.environment:create_file_with_runtime_dependencies(/home/ws/ugv_ws/install/costmap_converter_msgs/share/colcon-core/packages/costmap_converter_msgs)
[2.246s] INFO:colcon.colcon_ros.task.ament_cmake.build:Building ROS package in '/home/ws/ugv_ws/src/ugv_else/costmap_converter/costmap_converter' with build type 'ament_cmake'
[2.246s] INFO:colcon.colcon_cmake.task.cmake.build:Building CMake package in '/home/ws/ugv_ws/src/ugv_else/costmap_converter/costmap_converter'
[2.246s] INFO:colcon.colcon_core.shell:Skip shell extension 'powershell' for command environment: Not usable outside of PowerShell
[2.247s] DEBUG:colcon.colcon_core.shell:Skip shell extension 'dsv' for command environment
[2.265s] DEBUG:colcon.colcon_core.event_handler.log_command:Invoking command in '/home/ws/ugv_ws/build/openslam_gmapping': CMAKE_PREFIX_PATH=${CMAKE_PREFIX_PATH}:/home/ws/ugv_ws/install/ugv_web_app:/home/ws/ugv_ws/install/ugv_vision:/home/ws/ugv_ws/install/ugv_tools:/home/ws/ugv_ws/install/ugv_chat_ai:/home/ws/ugv_ws/install/ugv_bringup:/opt/ros/humble /usr/bin/cmake --build /home/ws/ugv_ws/build/openslam_gmapping -- -j4 -l4
[2.276s] DEBUG:colcon.colcon_core.event_handler.log_command:Invoking command in '/home/ws/ugv_ws/build/costmap_converter': CMAKE_PREFIX_PATH=/home/ws/ugv_ws/install/costmap_converter_msgs:/home/ws/ugv_ws/install/vizanti:/home/ws/ugv_ws/install/vizanti_server:/home/ws/ugv_ws/install/vizanti_demos:/home/ws/ugv_ws/install/vizanti_msgs:/home/ws/ugv_ws/install/vizanti_cpp:/home/ws/ugv_ws/install/ugv_slam:/home/ws/ugv_ws/install/ugv_nav:/home/ws/ugv_ws/install/ugv_interface:/home/ws/ugv_ws/install/ugv_gazebo:/home/ws/ugv_ws/install/ugv_description:/home/ws/ugv_ws/install/ugv_base_node:/home/ws/ugv_ws/install/teb_local_planner:/home/ws/ugv_ws/install/teb_msgs:/home/ws/ugv_ws/install/slam_gmapping:/home/ws/ugv_ws/install/robot_pose_publisher:/home/ws/ugv_ws/install/rf2o_laser_odometry:/home/ws/ugv_ws/install/openslam_gmapping:/home/ws/ugv_ws/install/ldlidar:/home/ws/ugv_ws/install/explore_lite:/home/ws/ugv_ws/install/emcl2:/home/ws/ugv_ws/install/costmap_converter:/home/ws/ugv_ws/install/cartographer:/home/ws/ugv_ws/install/apriltag_ros:/home/ws/ugv_ws/install/apriltag_msgs:/home/ws/ugv_ws/install/apriltag:/home/ws/ugv_ws/install/ugv_web_app:/home/ws/ugv_ws/install/ugv_vision:/home/ws/ugv_ws/install/ugv_tools:/home/ws/ugv_ws/install/ugv_chat_ai:/home/ws/ugv_ws/install/ugv_bringup:/opt/ros/humble LD_LIBRARY_PATH=/home/ws/ugv_ws/install/costmap_converter_msgs/lib:/home/ws/ugv_ws/install/vizanti_msgs/lib:/home/ws/ugv_ws/install/ugv_interface/lib:/home/ws/ugv_ws/install/teb_local_planner/lib:/home/ws/ugv_ws/install/teb_msgs/lib:/home/ws/ugv_ws/install/openslam_gmapping/lib:/home/ws/ugv_ws/install/costmap_converter/lib:/home/ws/ugv_ws/install/apriltag_ros/lib:/home/ws/ugv_ws/install/apriltag_msgs/lib:/home/ws/ugv_ws/install/apriltag/lib:/opt/ros/humble/opt/rviz_ogre_vendor/lib:/opt/ros/humble/lib/aarch64-linux-gnu:/opt/ros/humble/lib /usr/bin/cmake --build /home/ws/ugv_ws/build/costmap_converter -- -j4 -l4
[2.325s] Level 1:colcon.colcon_core.environment:create_environment_scripts_only(vizanti_msgs)
[2.325s] Level 1:colcon.colcon_core.environment:checking '/home/ws/ugv_ws/install/vizanti_msgs' for CMake module files
[2.326s] DEBUG:colcon.colcon_core.event_handler.log_command:Invoked command in '/home/ws/ugv_ws/build/vizanti_msgs' returned '0': CMAKE_PREFIX_PATH=${CMAKE_PREFIX_PATH}:/home/ws/ugv_ws/install/ugv_web_app:/home/ws/ugv_ws/install/ugv_vision:/home/ws/ugv_ws/install/ugv_tools:/home/ws/ugv_ws/install/ugv_chat_ai:/home/ws/ugv_ws/install/ugv_bringup:/opt/ros/humble /usr/bin/cmake --install /home/ws/ugv_ws/build/vizanti_msgs
[2.327s] Level 1:colcon.colcon_core.environment:checking '/home/ws/ugv_ws/install/vizanti_msgs' for CMake config files
[2.329s] Level 1:colcon.colcon_core.shell:create_environment_hook('vizanti_msgs', 'cmake_prefix_path')
[2.329s] INFO:colcon.colcon_core.shell:Creating environment hook '/home/ws/ugv_ws/install/vizanti_msgs/share/vizanti_msgs/hook/cmake_prefix_path.ps1'
[2.330s] INFO:colcon.colcon_core.shell:Creating environment descriptor '/home/ws/ugv_ws/install/vizanti_msgs/share/vizanti_msgs/hook/cmake_prefix_path.dsv'
[2.331s] INFO:colcon.colcon_core.shell:Creating environment hook '/home/ws/ugv_ws/install/vizanti_msgs/share/vizanti_msgs/hook/cmake_prefix_path.sh'
[2.333s] Level 1:colcon.colcon_core.environment:checking '/home/ws/ugv_ws/install/vizanti_msgs/lib'
[2.333s] Level 1:colcon.colcon_core.shell:create_environment_hook('vizanti_msgs', 'ld_library_path_lib')
[2.334s] INFO:colcon.colcon_core.shell:Creating environment hook '/home/ws/ugv_ws/install/vizanti_msgs/share/vizanti_msgs/hook/ld_library_path_lib.ps1'
[2.335s] INFO:colcon.colcon_core.shell:Creating environment descriptor '/home/ws/ugv_ws/install/vizanti_msgs/share/vizanti_msgs/hook/ld_library_path_lib.dsv'
[2.336s] INFO:colcon.colcon_core.shell:Creating environment hook '/home/ws/ugv_ws/install/vizanti_msgs/share/vizanti_msgs/hook/ld_library_path_lib.sh'
[2.337s] Level 1:colcon.colcon_core.environment:checking '/home/ws/ugv_ws/install/vizanti_msgs/bin'
[2.337s] Level 1:colcon.colcon_core.environment:checking '/home/ws/ugv_ws/install/vizanti_msgs/lib/pkgconfig/vizanti_msgs.pc'
[2.338s] Level 1:colcon.colcon_core.environment:checking '/home/ws/ugv_ws/install/vizanti_msgs/lib/python3.10/site-packages'
[2.338s] Level 1:colcon.colcon_core.environment:checking '/home/ws/ugv_ws/install/vizanti_msgs/bin'
[2.339s] INFO:colcon.colcon_core.shell:Creating package script '/home/ws/ugv_ws/install/vizanti_msgs/share/vizanti_msgs/package.ps1'
[2.340s] INFO:colcon.colcon_core.shell:Creating package descriptor '/home/ws/ugv_ws/install/vizanti_msgs/share/vizanti_msgs/package.dsv'
[2.342s] INFO:colcon.colcon_core.shell:Creating package script '/home/ws/ugv_ws/install/vizanti_msgs/share/vizanti_msgs/package.sh'
[2.343s] INFO:colcon.colcon_core.shell:Creating package script '/home/ws/ugv_ws/install/vizanti_msgs/share/vizanti_msgs/package.bash'
[2.344s] INFO:colcon.colcon_core.shell:Creating package script '/home/ws/ugv_ws/install/vizanti_msgs/share/vizanti_msgs/package.zsh'
[2.345s] Level 1:colcon.colcon_core.environment:create_file_with_runtime_dependencies(/home/ws/ugv_ws/install/vizanti_msgs/share/colcon-core/packages/vizanti_msgs)
[2.349s] Level 1:colcon.colcon_core.shell:create_environment_hook('apriltag', 'pkg_config_path')
[2.349s] INFO:colcon.colcon_core.shell:Creating environment hook '/home/ws/ugv_ws/install/apriltag/share/apriltag/hook/pkg_config_path.ps1'
[2.351s] INFO:colcon.colcon_core.shell:Creating environment descriptor '/home/ws/ugv_ws/install/apriltag/share/apriltag/hook/pkg_config_path.dsv'
[2.352s] INFO:colcon.colcon_core.shell:Creating environment hook '/home/ws/ugv_ws/install/apriltag/share/apriltag/hook/pkg_config_path.sh'
[2.355s] Level 1:colcon.colcon_core.shell:create_environment_hook('apriltag', 'pkg_config_path_multiarch')
[2.355s] INFO:colcon.colcon_core.shell:Creating environment hook '/home/ws/ugv_ws/install/apriltag/share/apriltag/hook/pkg_config_path_multiarch.ps1'
[2.356s] INFO:colcon.colcon_core.shell:Creating environment descriptor '/home/ws/ugv_ws/install/apriltag/share/apriltag/hook/pkg_config_path_multiarch.dsv'
[2.356s] INFO:colcon.colcon_core.shell:Creating environment hook '/home/ws/ugv_ws/install/apriltag/share/apriltag/hook/pkg_config_path_multiarch.sh'
[2.357s] Level 1:colcon.colcon_core.environment:create_environment_scripts_only(apriltag)
[2.357s] Level 1:colcon.colcon_core.environment:checking '/home/ws/ugv_ws/install/apriltag' for CMake module files
[2.358s] Level 1:colcon.colcon_core.environment:checking '/home/ws/ugv_ws/install/apriltag' for CMake config files
[2.358s] Level 1:colcon.colcon_core.shell:create_environment_hook('apriltag', 'cmake_prefix_path')
[2.358s] INFO:colcon.colcon_core.shell:Creating environment hook '/home/ws/ugv_ws/install/apriltag/share/apriltag/hook/cmake_prefix_path.ps1'
[2.359s] INFO:colcon.colcon_core.shell:Creating environment descriptor '/home/ws/ugv_ws/install/apriltag/share/apriltag/hook/cmake_prefix_path.dsv'
[2.359s] INFO:colcon.colcon_core.shell:Creating environment hook '/home/ws/ugv_ws/install/apriltag/share/apriltag/hook/cmake_prefix_path.sh'
[2.360s] Level 1:colcon.colcon_core.environment:checking '/home/ws/ugv_ws/install/apriltag/lib'
[2.360s] Level 1:colcon.colcon_core.shell:create_environment_hook('apriltag', 'ld_library_path_lib')
[2.360s] INFO:colcon.colcon_core.shell:Creating environment hook '/home/ws/ugv_ws/install/apriltag/share/apriltag/hook/ld_library_path_lib.ps1'
[2.361s] INFO:colcon.colcon_core.shell:Creating environment descriptor '/home/ws/ugv_ws/install/apriltag/share/apriltag/hook/ld_library_path_lib.dsv'
[2.361s] INFO:colcon.colcon_core.shell:Creating environment hook '/home/ws/ugv_ws/install/apriltag/share/apriltag/hook/ld_library_path_lib.sh'
[2.362s] Level 1:colcon.colcon_core.environment:checking '/home/ws/ugv_ws/install/apriltag/bin'
[2.362s] Level 1:colcon.colcon_core.shell:create_environment_hook('apriltag', 'path')
[2.362s] INFO:colcon.colcon_core.shell:Creating environment hook '/home/ws/ugv_ws/install/apriltag/share/apriltag/hook/path.ps1'
[2.362s] INFO:colcon.colcon_core.shell:Creating environment descriptor '/home/ws/ugv_ws/install/apriltag/share/apriltag/hook/path.dsv'
[2.363s] INFO:colcon.colcon_core.shell:Creating environment hook '/home/ws/ugv_ws/install/apriltag/share/apriltag/hook/path.sh'
[2.363s] Level 1:colcon.colcon_core.environment:checking '/home/ws/ugv_ws/install/apriltag/lib/pkgconfig/apriltag.pc'
[2.363s] Level 1:colcon.colcon_core.shell:create_environment_hook('apriltag', 'pkg_config')
[2.363s] INFO:colcon.colcon_core.shell:Creating environment hook '/home/ws/ugv_ws/install/apriltag/share/apriltag/hook/pkg_config.ps1'
[2.364s] INFO:colcon.colcon_core.shell:Creating environment descriptor '/home/ws/ugv_ws/install/apriltag/share/apriltag/hook/pkg_config.dsv'
[2.364s] INFO:colcon.colcon_core.shell:Creating environment hook '/home/ws/ugv_ws/install/apriltag/share/apriltag/hook/pkg_config.sh'
[2.365s] Level 1:colcon.colcon_core.environment:checking '/home/ws/ugv_ws/install/apriltag/lib/python3.10/site-packages'
[2.366s] Level 1:colcon.colcon_core.shell:create_environment_hook('apriltag', 'pythonpath')
[2.366s] INFO:colcon.colcon_core.shell:Creating environment hook '/home/ws/ugv_ws/install/apriltag/share/apriltag/hook/pythonpath.ps1'
[2.367s] INFO:colcon.colcon_core.shell:Creating environment descriptor '/home/ws/ugv_ws/install/apriltag/share/apriltag/hook/pythonpath.dsv'
[2.368s] INFO:colcon.colcon_core.shell:Creating environment hook '/home/ws/ugv_ws/install/apriltag/share/apriltag/hook/pythonpath.sh'
[2.370s] Level 1:colcon.colcon_core.environment:checking '/home/ws/ugv_ws/install/apriltag/bin'
[2.370s] Level 1:colcon.colcon_core.shell:create_environment_hook('apriltag', 'pythonscriptspath')
[2.371s] INFO:colcon.colcon_core.shell:Creating environment hook '/home/ws/ugv_ws/install/apriltag/share/apriltag/hook/pythonscriptspath.ps1'
[2.372s] INFO:colcon.colcon_core.shell:Creating environment descriptor '/home/ws/ugv_ws/install/apriltag/share/apriltag/hook/pythonscriptspath.dsv'
[2.372s] INFO:colcon.colcon_core.shell:Creating environment hook '/home/ws/ugv_ws/install/apriltag/share/apriltag/hook/pythonscriptspath.sh'
[2.374s] INFO:colcon.colcon_core.shell:Creating package script '/home/ws/ugv_ws/install/apriltag/share/apriltag/package.ps1'
[2.375s] INFO:colcon.colcon_core.shell:Creating package descriptor '/home/ws/ugv_ws/install/apriltag/share/apriltag/package.dsv'
[2.377s] INFO:colcon.colcon_core.shell:Creating package script '/home/ws/ugv_ws/install/apriltag/share/apriltag/package.sh'
[2.377s] INFO:colcon.colcon_core.shell:Creating package script '/home/ws/ugv_ws/install/apriltag/share/apriltag/package.bash'
[2.378s] INFO:colcon.colcon_core.shell:Creating package script '/home/ws/ugv_ws/install/apriltag/share/apriltag/package.zsh'
[2.384s] Level 1:colcon.colcon_core.environment:create_file_with_runtime_dependencies(/home/ws/ugv_ws/install/apriltag/share/colcon-core/packages/apriltag)
[2.385s] INFO:colcon.colcon_ros.task.ament_cmake.build:Building ROS package in '/home/ws/ugv_ws/src/ugv_else/teb_local_planner/teb_msgs' with build type 'ament_cmake'
[2.385s] INFO:colcon.colcon_cmake.task.cmake.build:Building CMake package in '/home/ws/ugv_ws/src/ugv_else/teb_local_planner/teb_msgs'
[2.386s] INFO:colcon.colcon_core.shell:Skip shell extension 'powershell' for command environment: Not usable outside of PowerShell
[2.386s] DEBUG:colcon.colcon_core.shell:Skip shell extension 'dsv' for command environment
[2.435s] DEBUG:colcon.colcon_core.event_handler.log_command:Invoking command in '/home/ws/ugv_ws/build/teb_msgs': CMAKE_PREFIX_PATH=/home/ws/ugv_ws/install/costmap_converter_msgs:/home/ws/ugv_ws/install/vizanti:/home/ws/ugv_ws/install/vizanti_server:/home/ws/ugv_ws/install/vizanti_demos:/home/ws/ugv_ws/install/vizanti_msgs:/home/ws/ugv_ws/install/vizanti_cpp:/home/ws/ugv_ws/install/ugv_slam:/home/ws/ugv_ws/install/ugv_nav:/home/ws/ugv_ws/install/ugv_interface:/home/ws/ugv_ws/install/ugv_gazebo:/home/ws/ugv_ws/install/ugv_description:/home/ws/ugv_ws/install/ugv_base_node:/home/ws/ugv_ws/install/teb_local_planner:/home/ws/ugv_ws/install/teb_msgs:/home/ws/ugv_ws/install/slam_gmapping:/home/ws/ugv_ws/install/robot_pose_publisher:/home/ws/ugv_ws/install/rf2o_laser_odometry:/home/ws/ugv_ws/install/openslam_gmapping:/home/ws/ugv_ws/install/ldlidar:/home/ws/ugv_ws/install/explore_lite:/home/ws/ugv_ws/install/emcl2:/home/ws/ugv_ws/install/costmap_converter:/home/ws/ugv_ws/install/cartographer:/home/ws/ugv_ws/install/apriltag_ros:/home/ws/ugv_ws/install/apriltag_msgs:/home/ws/ugv_ws/install/apriltag:/home/ws/ugv_ws/install/ugv_web_app:/home/ws/ugv_ws/install/ugv_vision:/home/ws/ugv_ws/install/ugv_tools:/home/ws/ugv_ws/install/ugv_chat_ai:/home/ws/ugv_ws/install/ugv_bringup:/opt/ros/humble LD_LIBRARY_PATH=/home/ws/ugv_ws/install/costmap_converter_msgs/lib:/home/ws/ugv_ws/install/vizanti_msgs/lib:/home/ws/ugv_ws/install/ugv_interface/lib:/home/ws/ugv_ws/install/teb_local_planner/lib:/home/ws/ugv_ws/install/teb_msgs/lib:/home/ws/ugv_ws/install/openslam_gmapping/lib:/home/ws/ugv_ws/install/costmap_converter/lib:/home/ws/ugv_ws/install/apriltag_ros/lib:/home/ws/ugv_ws/install/apriltag_msgs/lib:/home/ws/ugv_ws/install/apriltag/lib:/opt/ros/humble/opt/rviz_ogre_vendor/lib:/opt/ros/humble/lib/aarch64-linux-gnu:/opt/ros/humble/lib /usr/bin/cmake --build /home/ws/ugv_ws/build/teb_msgs -- -j4 -l4
[2.627s] DEBUG:colcon.colcon_core.event_handler.log_command:Invoked command in '/home/ws/ugv_ws/build/costmap_converter' returned '0': CMAKE_PREFIX_PATH=/home/ws/ugv_ws/install/costmap_converter_msgs:/home/ws/ugv_ws/install/vizanti:/home/ws/ugv_ws/install/vizanti_server:/home/ws/ugv_ws/install/vizanti_demos:/home/ws/ugv_ws/install/vizanti_msgs:/home/ws/ugv_ws/install/vizanti_cpp:/home/ws/ugv_ws/install/ugv_slam:/home/ws/ugv_ws/install/ugv_nav:/home/ws/ugv_ws/install/ugv_interface:/home/ws/ugv_ws/install/ugv_gazebo:/home/ws/ugv_ws/install/ugv_description:/home/ws/ugv_ws/install/ugv_base_node:/home/ws/ugv_ws/install/teb_local_planner:/home/ws/ugv_ws/install/teb_msgs:/home/ws/ugv_ws/install/slam_gmapping:/home/ws/ugv_ws/install/robot_pose_publisher:/home/ws/ugv_ws/install/rf2o_laser_odometry:/home/ws/ugv_ws/install/openslam_gmapping:/home/ws/ugv_ws/install/ldlidar:/home/ws/ugv_ws/install/explore_lite:/home/ws/ugv_ws/install/emcl2:/home/ws/ugv_ws/install/costmap_converter:/home/ws/ugv_ws/install/cartographer:/home/ws/ugv_ws/install/apriltag_ros:/home/ws/ugv_ws/install/apriltag_msgs:/home/ws/ugv_ws/install/apriltag:/home/ws/ugv_ws/install/ugv_web_app:/home/ws/ugv_ws/install/ugv_vision:/home/ws/ugv_ws/install/ugv_tools:/home/ws/ugv_ws/install/ugv_chat_ai:/home/ws/ugv_ws/install/ugv_bringup:/opt/ros/humble LD_LIBRARY_PATH=/home/ws/ugv_ws/install/costmap_converter_msgs/lib:/home/ws/ugv_ws/install/vizanti_msgs/lib:/home/ws/ugv_ws/install/ugv_interface/lib:/home/ws/ugv_ws/install/teb_local_planner/lib:/home/ws/ugv_ws/install/teb_msgs/lib:/home/ws/ugv_ws/install/openslam_gmapping/lib:/home/ws/ugv_ws/install/costmap_converter/lib:/home/ws/ugv_ws/install/apriltag_ros/lib:/home/ws/ugv_ws/install/apriltag_msgs/lib:/home/ws/ugv_ws/install/apriltag/lib:/opt/ros/humble/opt/rviz_ogre_vendor/lib:/opt/ros/humble/lib/aarch64-linux-gnu:/opt/ros/humble/lib /usr/bin/cmake --build /home/ws/ugv_ws/build/costmap_converter -- -j4 -l4
[2.651s] DEBUG:colcon.colcon_core.event_handler.log_command:Invoked command in '/home/ws/ugv_ws/build/openslam_gmapping' returned '0': CMAKE_PREFIX_PATH=${CMAKE_PREFIX_PATH}:/home/ws/ugv_ws/install/ugv_web_app:/home/ws/ugv_ws/install/ugv_vision:/home/ws/ugv_ws/install/ugv_tools:/home/ws/ugv_ws/install/ugv_chat_ai:/home/ws/ugv_ws/install/ugv_bringup:/opt/ros/humble /usr/bin/cmake --build /home/ws/ugv_ws/build/openslam_gmapping -- -j4 -l4
[2.720s] DEBUG:colcon.colcon_core.event_handler.log_command:Invoking command in '/home/ws/ugv_ws/build/openslam_gmapping': CMAKE_PREFIX_PATH=${CMAKE_PREFIX_PATH}:/home/ws/ugv_ws/install/ugv_web_app:/home/ws/ugv_ws/install/ugv_vision:/home/ws/ugv_ws/install/ugv_tools:/home/ws/ugv_ws/install/ugv_chat_ai:/home/ws/ugv_ws/install/ugv_bringup:/opt/ros/humble /usr/bin/cmake --install /home/ws/ugv_ws/build/openslam_gmapping
[2.763s] DEBUG:colcon.colcon_core.event_handler.log_command:Invoking command in '/home/ws/ugv_ws/build/costmap_converter': CMAKE_PREFIX_PATH=/home/ws/ugv_ws/install/costmap_converter_msgs:/home/ws/ugv_ws/install/vizanti:/home/ws/ugv_ws/install/vizanti_server:/home/ws/ugv_ws/install/vizanti_demos:/home/ws/ugv_ws/install/vizanti_msgs:/home/ws/ugv_ws/install/vizanti_cpp:/home/ws/ugv_ws/install/ugv_slam:/home/ws/ugv_ws/install/ugv_nav:/home/ws/ugv_ws/install/ugv_interface:/home/ws/ugv_ws/install/ugv_gazebo:/home/ws/ugv_ws/install/ugv_description:/home/ws/ugv_ws/install/ugv_base_node:/home/ws/ugv_ws/install/teb_local_planner:/home/ws/ugv_ws/install/teb_msgs:/home/ws/ugv_ws/install/slam_gmapping:/home/ws/ugv_ws/install/robot_pose_publisher:/home/ws/ugv_ws/install/rf2o_laser_odometry:/home/ws/ugv_ws/install/openslam_gmapping:/home/ws/ugv_ws/install/ldlidar:/home/ws/ugv_ws/install/explore_lite:/home/ws/ugv_ws/install/emcl2:/home/ws/ugv_ws/install/costmap_converter:/home/ws/ugv_ws/install/cartographer:/home/ws/ugv_ws/install/apriltag_ros:/home/ws/ugv_ws/install/apriltag_msgs:/home/ws/ugv_ws/install/apriltag:/home/ws/ugv_ws/install/ugv_web_app:/home/ws/ugv_ws/install/ugv_vision:/home/ws/ugv_ws/install/ugv_tools:/home/ws/ugv_ws/install/ugv_chat_ai:/home/ws/ugv_ws/install/ugv_bringup:/opt/ros/humble LD_LIBRARY_PATH=/home/ws/ugv_ws/install/costmap_converter_msgs/lib:/home/ws/ugv_ws/install/vizanti_msgs/lib:/home/ws/ugv_ws/install/ugv_interface/lib:/home/ws/ugv_ws/install/teb_local_planner/lib:/home/ws/ugv_ws/install/teb_msgs/lib:/home/ws/ugv_ws/install/openslam_gmapping/lib:/home/ws/ugv_ws/install/costmap_converter/lib:/home/ws/ugv_ws/install/apriltag_ros/lib:/home/ws/ugv_ws/install/apriltag_msgs/lib:/home/ws/ugv_ws/install/apriltag/lib:/opt/ros/humble/opt/rviz_ogre_vendor/lib:/opt/ros/humble/lib/aarch64-linux-gnu:/opt/ros/humble/lib /usr/bin/cmake --install /home/ws/ugv_ws/build/costmap_converter
[2.767s] Level 1:colcon.colcon_core.environment:create_environment_scripts_only(openslam_gmapping)
[2.768s] Level 1:colcon.colcon_core.environment:checking '/home/ws/ugv_ws/install/openslam_gmapping' for CMake module files
[2.769s] DEBUG:colcon.colcon_core.event_handler.log_command:Invoked command in '/home/ws/ugv_ws/build/openslam_gmapping' returned '0': CMAKE_PREFIX_PATH=${CMAKE_PREFIX_PATH}:/home/ws/ugv_ws/install/ugv_web_app:/home/ws/ugv_ws/install/ugv_vision:/home/ws/ugv_ws/install/ugv_tools:/home/ws/ugv_ws/install/ugv_chat_ai:/home/ws/ugv_ws/install/ugv_bringup:/opt/ros/humble /usr/bin/cmake --install /home/ws/ugv_ws/build/openslam_gmapping
[2.769s] Level 1:colcon.colcon_core.environment:checking '/home/ws/ugv_ws/install/openslam_gmapping' for CMake config files
[2.771s] Level 1:colcon.colcon_core.shell:create_environment_hook('openslam_gmapping', 'cmake_prefix_path')
[2.771s] INFO:colcon.colcon_core.shell:Creating environment hook '/home/ws/ugv_ws/install/openslam_gmapping/share/openslam_gmapping/hook/cmake_prefix_path.ps1'
[2.772s] INFO:colcon.colcon_core.shell:Creating environment descriptor '/home/ws/ugv_ws/install/openslam_gmapping/share/openslam_gmapping/hook/cmake_prefix_path.dsv'
[2.773s] INFO:colcon.colcon_core.shell:Creating environment hook '/home/ws/ugv_ws/install/openslam_gmapping/share/openslam_gmapping/hook/cmake_prefix_path.sh'
[2.774s] Level 1:colcon.colcon_core.environment:checking '/home/ws/ugv_ws/install/openslam_gmapping/lib'
[2.775s] Level 1:colcon.colcon_core.environment:checking '/home/ws/ugv_ws/install/openslam_gmapping/bin'
[2.775s] Level 1:colcon.colcon_core.environment:checking '/home/ws/ugv_ws/install/openslam_gmapping/lib/pkgconfig/openslam_gmapping.pc'
[2.775s] Level 1:colcon.colcon_core.environment:checking '/home/ws/ugv_ws/install/openslam_gmapping/lib/python3.10/site-packages'
[2.776s] Level 1:colcon.colcon_core.environment:checking '/home/ws/ugv_ws/install/openslam_gmapping/bin'
[2.776s] INFO:colcon.colcon_core.shell:Creating package script '/home/ws/ugv_ws/install/openslam_gmapping/share/openslam_gmapping/package.ps1'
[2.777s] INFO:colcon.colcon_core.shell:Creating package descriptor '/home/ws/ugv_ws/install/openslam_gmapping/share/openslam_gmapping/package.dsv'
[2.779s] INFO:colcon.colcon_core.shell:Creating package script '/home/ws/ugv_ws/install/openslam_gmapping/share/openslam_gmapping/package.sh'
[2.781s] INFO:colcon.colcon_core.shell:Creating package script '/home/ws/ugv_ws/install/openslam_gmapping/share/openslam_gmapping/package.bash'
[2.782s] INFO:colcon.colcon_core.shell:Creating package script '/home/ws/ugv_ws/install/openslam_gmapping/share/openslam_gmapping/package.zsh'
[2.783s] Level 1:colcon.colcon_core.environment:create_file_with_runtime_dependencies(/home/ws/ugv_ws/install/openslam_gmapping/share/colcon-core/packages/openslam_gmapping)
[2.803s] Level 1:colcon.colcon_core.environment:create_environment_scripts_only(vizanti_msgs)
[2.804s] Level 1:colcon.colcon_core.environment:checking '/home/ws/ugv_ws/install/vizanti_msgs' for CMake module files
[2.805s] Level 1:colcon.colcon_core.environment:checking '/home/ws/ugv_ws/install/vizanti_msgs' for CMake config files
[2.806s] Level 1:colcon.colcon_core.shell:create_environment_hook('vizanti_msgs', 'cmake_prefix_path')
[2.807s] INFO:colcon.colcon_core.shell:Creating environment hook '/home/ws/ugv_ws/install/vizanti_msgs/share/vizanti_msgs/hook/cmake_prefix_path.ps1'
[2.809s] INFO:colcon.colcon_core.shell:Creating environment descriptor '/home/ws/ugv_ws/install/vizanti_msgs/share/vizanti_msgs/hook/cmake_prefix_path.dsv'
[2.810s] INFO:colcon.colcon_core.shell:Creating environment hook '/home/ws/ugv_ws/install/vizanti_msgs/share/vizanti_msgs/hook/cmake_prefix_path.sh'
[2.811s] Level 1:colcon.colcon_core.environment:checking '/home/ws/ugv_ws/install/vizanti_msgs/lib'
[2.812s] Level 1:colcon.colcon_core.shell:create_environment_hook('vizanti_msgs', 'ld_library_path_lib')
[2.812s] INFO:colcon.colcon_core.shell:Creating environment hook '/home/ws/ugv_ws/install/vizanti_msgs/share/vizanti_msgs/hook/ld_library_path_lib.ps1'
[2.813s] INFO:colcon.colcon_core.shell:Creating environment descriptor '/home/ws/ugv_ws/install/vizanti_msgs/share/vizanti_msgs/hook/ld_library_path_lib.dsv'
[2.814s] INFO:colcon.colcon_core.shell:Creating environment hook '/home/ws/ugv_ws/install/vizanti_msgs/share/vizanti_msgs/hook/ld_library_path_lib.sh'
[2.815s] Level 1:colcon.colcon_core.environment:checking '/home/ws/ugv_ws/install/vizanti_msgs/bin'
[2.815s] Level 1:colcon.colcon_core.environment:checking '/home/ws/ugv_ws/install/vizanti_msgs/lib/pkgconfig/vizanti_msgs.pc'
[2.816s] Level 1:colcon.colcon_core.environment:checking '/home/ws/ugv_ws/install/vizanti_msgs/lib/python3.10/site-packages'
[2.816s] Level 1:colcon.colcon_core.environment:checking '/home/ws/ugv_ws/install/vizanti_msgs/bin'
[2.816s] INFO:colcon.colcon_core.shell:Creating package script '/home/ws/ugv_ws/install/vizanti_msgs/share/vizanti_msgs/package.ps1'
[2.817s] INFO:colcon.colcon_core.shell:Creating package descriptor '/home/ws/ugv_ws/install/vizanti_msgs/share/vizanti_msgs/package.dsv'
[2.818s] INFO:colcon.colcon_core.shell:Creating package script '/home/ws/ugv_ws/install/vizanti_msgs/share/vizanti_msgs/package.sh'
[2.819s] INFO:colcon.colcon_core.shell:Creating package script '/home/ws/ugv_ws/install/vizanti_msgs/share/vizanti_msgs/package.bash'
[2.820s] INFO:colcon.colcon_core.shell:Creating package script '/home/ws/ugv_ws/install/vizanti_msgs/share/vizanti_msgs/package.zsh'
[2.821s] Level 1:colcon.colcon_core.environment:create_file_with_runtime_dependencies(/home/ws/ugv_ws/install/vizanti_msgs/share/colcon-core/packages/vizanti_msgs)
[2.822s] INFO:colcon.colcon_ros.task.ament_cmake.build:Building ROS package in '/home/ws/ugv_ws/src/ugv_else/vizanti/vizanti_server' with build type 'ament_cmake'
[2.822s] INFO:colcon.colcon_cmake.task.cmake.build:Building CMake package in '/home/ws/ugv_ws/src/ugv_else/vizanti/vizanti_server'
[2.822s] INFO:colcon.colcon_core.shell:Skip shell extension 'powershell' for command environment: Not usable outside of PowerShell
[2.823s] DEBUG:colcon.colcon_core.shell:Skip shell extension 'dsv' for command environment
[2.834s] Level 1:colcon.colcon_core.environment:create_environment_scripts_only(openslam_gmapping)
[2.834s] Level 1:colcon.colcon_core.environment:checking '/home/ws/ugv_ws/install/openslam_gmapping' for CMake module files
[2.835s] Level 1:colcon.colcon_core.environment:checking '/home/ws/ugv_ws/install/openslam_gmapping' for CMake config files
[2.836s] Level 1:colcon.colcon_core.shell:create_environment_hook('openslam_gmapping', 'cmake_prefix_path')
[2.836s] INFO:colcon.colcon_core.shell:Creating environment hook '/home/ws/ugv_ws/install/openslam_gmapping/share/openslam_gmapping/hook/cmake_prefix_path.ps1'
[2.837s] INFO:colcon.colcon_core.shell:Creating environment descriptor '/home/ws/ugv_ws/install/openslam_gmapping/share/openslam_gmapping/hook/cmake_prefix_path.dsv'
[2.838s] INFO:colcon.colcon_core.shell:Creating environment hook '/home/ws/ugv_ws/install/openslam_gmapping/share/openslam_gmapping/hook/cmake_prefix_path.sh'
[2.839s] Level 1:colcon.colcon_core.environment:checking '/home/ws/ugv_ws/install/openslam_gmapping/lib'
[2.839s] Level 1:colcon.colcon_core.environment:checking '/home/ws/ugv_ws/install/openslam_gmapping/bin'
[2.839s] Level 1:colcon.colcon_core.environment:checking '/home/ws/ugv_ws/install/openslam_gmapping/lib/pkgconfig/openslam_gmapping.pc'
[2.840s] Level 1:colcon.colcon_core.environment:checking '/home/ws/ugv_ws/install/openslam_gmapping/lib/python3.10/site-packages'
[2.840s] Level 1:colcon.colcon_core.environment:checking '/home/ws/ugv_ws/install/openslam_gmapping/bin'
[2.841s] INFO:colcon.colcon_core.shell:Creating package script '/home/ws/ugv_ws/install/openslam_gmapping/share/openslam_gmapping/package.ps1'
[2.841s] INFO:colcon.colcon_core.shell:Creating package descriptor '/home/ws/ugv_ws/install/openslam_gmapping/share/openslam_gmapping/package.dsv'
[2.842s] INFO:colcon.colcon_core.shell:Creating package script '/home/ws/ugv_ws/install/openslam_gmapping/share/openslam_gmapping/package.sh'
[2.842s] INFO:colcon.colcon_core.shell:Creating package script '/home/ws/ugv_ws/install/openslam_gmapping/share/openslam_gmapping/package.bash'
[2.842s] INFO:colcon.colcon_core.shell:Creating package script '/home/ws/ugv_ws/install/openslam_gmapping/share/openslam_gmapping/package.zsh'
[2.843s] Level 1:colcon.colcon_core.environment:create_file_with_runtime_dependencies(/home/ws/ugv_ws/install/openslam_gmapping/share/colcon-core/packages/openslam_gmapping)
[2.843s] INFO:colcon.colcon_ros.task.ament_cmake.build:Building ROS package in '/home/ws/ugv_ws/src/ugv_else/cartographer' with build type 'ament_cmake'
[2.844s] INFO:colcon.colcon_cmake.task.cmake.build:Building CMake package in '/home/ws/ugv_ws/src/ugv_else/cartographer'
[2.844s] INFO:colcon.colcon_core.shell:Skip shell extension 'powershell' for command environment: Not usable outside of PowerShell
[2.844s] DEBUG:colcon.colcon_core.shell:Skip shell extension 'dsv' for command environment
[2.852s] Level 1:colcon.colcon_core.environment:create_environment_scripts_only(costmap_converter)
[2.853s] Level 1:colcon.colcon_core.environment:checking '/home/ws/ugv_ws/install/costmap_converter' for CMake module files
[2.854s] DEBUG:colcon.colcon_core.event_handler.log_command:Invoked command in '/home/ws/ugv_ws/build/costmap_converter' returned '0': CMAKE_PREFIX_PATH=/home/ws/ugv_ws/install/costmap_converter_msgs:/home/ws/ugv_ws/install/vizanti:/home/ws/ugv_ws/install/vizanti_server:/home/ws/ugv_ws/install/vizanti_demos:/home/ws/ugv_ws/install/vizanti_msgs:/home/ws/ugv_ws/install/vizanti_cpp:/home/ws/ugv_ws/install/ugv_slam:/home/ws/ugv_ws/install/ugv_nav:/home/ws/ugv_ws/install/ugv_interface:/home/ws/ugv_ws/install/ugv_gazebo:/home/ws/ugv_ws/install/ugv_description:/home/ws/ugv_ws/install/ugv_base_node:/home/ws/ugv_ws/install/teb_local_planner:/home/ws/ugv_ws/install/teb_msgs:/home/ws/ugv_ws/install/slam_gmapping:/home/ws/ugv_ws/install/robot_pose_publisher:/home/ws/ugv_ws/install/rf2o_laser_odometry:/home/ws/ugv_ws/install/openslam_gmapping:/home/ws/ugv_ws/install/ldlidar:/home/ws/ugv_ws/install/explore_lite:/home/ws/ugv_ws/install/emcl2:/home/ws/ugv_ws/install/costmap_converter:/home/ws/ugv_ws/install/cartographer:/home/ws/ugv_ws/install/apriltag_ros:/home/ws/ugv_ws/install/apriltag_msgs:/home/ws/ugv_ws/install/apriltag:/home/ws/ugv_ws/install/ugv_web_app:/home/ws/ugv_ws/install/ugv_vision:/home/ws/ugv_ws/install/ugv_tools:/home/ws/ugv_ws/install/ugv_chat_ai:/home/ws/ugv_ws/install/ugv_bringup:/opt/ros/humble LD_LIBRARY_PATH=/home/ws/ugv_ws/install/costmap_converter_msgs/lib:/home/ws/ugv_ws/install/vizanti_msgs/lib:/home/ws/ugv_ws/install/ugv_interface/lib:/home/ws/ugv_ws/install/teb_local_planner/lib:/home/ws/ugv_ws/install/teb_msgs/lib:/home/ws/ugv_ws/install/openslam_gmapping/lib:/home/ws/ugv_ws/install/costmap_converter/lib:/home/ws/ugv_ws/install/apriltag_ros/lib:/home/ws/ugv_ws/install/apriltag_msgs/lib:/home/ws/ugv_ws/install/apriltag/lib:/opt/ros/humble/opt/rviz_ogre_vendor/lib:/opt/ros/humble/lib/aarch64-linux-gnu:/opt/ros/humble/lib /usr/bin/cmake --install /home/ws/ugv_ws/build/costmap_converter
[2.854s] Level 1:colcon.colcon_core.environment:checking '/home/ws/ugv_ws/install/costmap_converter' for CMake config files
[2.855s] Level 1:colcon.colcon_core.shell:create_environment_hook('costmap_converter', 'cmake_prefix_path')
[2.856s] INFO:colcon.colcon_core.shell:Creating environment hook '/home/ws/ugv_ws/install/costmap_converter/share/costmap_converter/hook/cmake_prefix_path.ps1'
[2.856s] INFO:colcon.colcon_core.shell:Creating environment descriptor '/home/ws/ugv_ws/install/costmap_converter/share/costmap_converter/hook/cmake_prefix_path.dsv'
[2.857s] INFO:colcon.colcon_core.shell:Creating environment hook '/home/ws/ugv_ws/install/costmap_converter/share/costmap_converter/hook/cmake_prefix_path.sh'
[2.858s] Level 1:colcon.colcon_core.environment:checking '/home/ws/ugv_ws/install/costmap_converter/lib'
[2.859s] Level 1:colcon.colcon_core.shell:create_environment_hook('costmap_converter', 'ld_library_path_lib')
[2.859s] INFO:colcon.colcon_core.shell:Creating environment hook '/home/ws/ugv_ws/install/costmap_converter/share/costmap_converter/hook/ld_library_path_lib.ps1'
[2.860s] INFO:colcon.colcon_core.shell:Creating environment descriptor '/home/ws/ugv_ws/install/costmap_converter/share/costmap_converter/hook/ld_library_path_lib.dsv'
[2.861s] INFO:colcon.colcon_core.shell:Creating environment hook '/home/ws/ugv_ws/install/costmap_converter/share/costmap_converter/hook/ld_library_path_lib.sh'
[2.861s] Level 1:colcon.colcon_core.environment:checking '/home/ws/ugv_ws/install/costmap_converter/bin'
[2.862s] Level 1:colcon.colcon_core.shell:create_environment_hook('costmap_converter', 'path')
[2.862s] INFO:colcon.colcon_core.shell:Creating environment hook '/home/ws/ugv_ws/install/costmap_converter/share/costmap_converter/hook/path.ps1'
[2.863s] INFO:colcon.colcon_core.shell:Creating environment descriptor '/home/ws/ugv_ws/install/costmap_converter/share/costmap_converter/hook/path.dsv'
[2.865s] INFO:colcon.colcon_core.shell:Creating environment hook '/home/ws/ugv_ws/install/costmap_converter/share/costmap_converter/hook/path.sh'
[2.866s] Level 1:colcon.colcon_core.environment:checking '/home/ws/ugv_ws/install/costmap_converter/lib/pkgconfig/costmap_converter.pc'
[2.866s] Level 1:colcon.colcon_core.environment:checking '/home/ws/ugv_ws/install/costmap_converter/lib/python3.10/site-packages'
[2.867s] Level 1:colcon.colcon_core.environment:checking '/home/ws/ugv_ws/install/costmap_converter/bin'
[2.867s] Level 1:colcon.colcon_core.shell:create_environment_hook('costmap_converter', 'pythonscriptspath')
[2.867s] INFO:colcon.colcon_core.shell:Creating environment hook '/home/ws/ugv_ws/install/costmap_converter/share/costmap_converter/hook/pythonscriptspath.ps1'
[2.868s] INFO:colcon.colcon_core.shell:Creating environment descriptor '/home/ws/ugv_ws/install/costmap_converter/share/costmap_converter/hook/pythonscriptspath.dsv'
[2.868s] INFO:colcon.colcon_core.shell:Creating environment hook '/home/ws/ugv_ws/install/costmap_converter/share/costmap_converter/hook/pythonscriptspath.sh'
[2.869s] INFO:colcon.colcon_core.shell:Creating package script '/home/ws/ugv_ws/install/costmap_converter/share/costmap_converter/package.ps1'
[2.870s] INFO:colcon.colcon_core.shell:Creating package descriptor '/home/ws/ugv_ws/install/costmap_converter/share/costmap_converter/package.dsv'
[2.871s] INFO:colcon.colcon_core.shell:Creating package script '/home/ws/ugv_ws/install/costmap_converter/share/costmap_converter/package.sh'
[2.872s] INFO:colcon.colcon_core.shell:Creating package script '/home/ws/ugv_ws/install/costmap_converter/share/costmap_converter/package.bash'
[2.872s] INFO:colcon.colcon_core.shell:Creating package script '/home/ws/ugv_ws/install/costmap_converter/share/costmap_converter/package.zsh'
[2.872s] Level 1:colcon.colcon_core.environment:create_file_with_runtime_dependencies(/home/ws/ugv_ws/install/costmap_converter/share/colcon-core/packages/costmap_converter)
[2.885s] DEBUG:colcon.colcon_core.event_handler.log_command:Invoking command in '/home/ws/ugv_ws/build/vizanti_server': CMAKE_PREFIX_PATH=/home/ws/ugv_ws/install/vizanti_msgs:/home/ws/ugv_ws/install/vizanti:/home/ws/ugv_ws/install/vizanti_server:/home/ws/ugv_ws/install/vizanti_demos:/home/ws/ugv_ws/install/vizanti_cpp:/home/ws/ugv_ws/install/ugv_slam:/home/ws/ugv_ws/install/ugv_nav:/home/ws/ugv_ws/install/ugv_interface:/home/ws/ugv_ws/install/ugv_gazebo:/home/ws/ugv_ws/install/ugv_description:/home/ws/ugv_ws/install/ugv_base_node:/home/ws/ugv_ws/install/teb_local_planner:/home/ws/ugv_ws/install/teb_msgs:/home/ws/ugv_ws/install/slam_gmapping:/home/ws/ugv_ws/install/robot_pose_publisher:/home/ws/ugv_ws/install/rf2o_laser_odometry:/home/ws/ugv_ws/install/openslam_gmapping:/home/ws/ugv_ws/install/ldlidar:/home/ws/ugv_ws/install/explore_lite:/home/ws/ugv_ws/install/emcl2:/home/ws/ugv_ws/install/costmap_converter:/home/ws/ugv_ws/install/costmap_converter_msgs:/home/ws/ugv_ws/install/cartographer:/home/ws/ugv_ws/install/apriltag_ros:/home/ws/ugv_ws/install/apriltag_msgs:/home/ws/ugv_ws/install/apriltag:/home/ws/ugv_ws/install/ugv_web_app:/home/ws/ugv_ws/install/ugv_vision:/home/ws/ugv_ws/install/ugv_tools:/home/ws/ugv_ws/install/ugv_chat_ai:/home/ws/ugv_ws/install/ugv_bringup:/opt/ros/humble /usr/bin/cmake --build /home/ws/ugv_ws/build/vizanti_server -- -j4 -l4
[2.904s] DEBUG:colcon.colcon_core.event_handler.log_command:Invoking command in '/home/ws/ugv_ws/build/cartographer': CMAKE_PREFIX_PATH=${CMAKE_PREFIX_PATH}:/home/ws/ugv_ws/install/ugv_web_app:/home/ws/ugv_ws/install/ugv_vision:/home/ws/ugv_ws/install/ugv_tools:/home/ws/ugv_ws/install/ugv_chat_ai:/home/ws/ugv_ws/install/ugv_bringup:/opt/ros/humble /usr/bin/cmake --build /home/ws/ugv_ws/build/cartographer -- -j4 -l4
[2.988s] DEBUG:colcon.colcon_core.event_handler.log_command:Invoked command in '/home/ws/ugv_ws/build/vizanti_server' returned '0': CMAKE_PREFIX_PATH=/home/ws/ugv_ws/install/vizanti_msgs:/home/ws/ugv_ws/install/vizanti:/home/ws/ugv_ws/install/vizanti_server:/home/ws/ugv_ws/install/vizanti_demos:/home/ws/ugv_ws/install/vizanti_cpp:/home/ws/ugv_ws/install/ugv_slam:/home/ws/ugv_ws/install/ugv_nav:/home/ws/ugv_ws/install/ugv_interface:/home/ws/ugv_ws/install/ugv_gazebo:/home/ws/ugv_ws/install/ugv_description:/home/ws/ugv_ws/install/ugv_base_node:/home/ws/ugv_ws/install/teb_local_planner:/home/ws/ugv_ws/install/teb_msgs:/home/ws/ugv_ws/install/slam_gmapping:/home/ws/ugv_ws/install/robot_pose_publisher:/home/ws/ugv_ws/install/rf2o_laser_odometry:/home/ws/ugv_ws/install/openslam_gmapping:/home/ws/ugv_ws/install/ldlidar:/home/ws/ugv_ws/install/explore_lite:/home/ws/ugv_ws/install/emcl2:/home/ws/ugv_ws/install/costmap_converter:/home/ws/ugv_ws/install/costmap_converter_msgs:/home/ws/ugv_ws/install/cartographer:/home/ws/ugv_ws/install/apriltag_ros:/home/ws/ugv_ws/install/apriltag_msgs:/home/ws/ugv_ws/install/apriltag:/home/ws/ugv_ws/install/ugv_web_app:/home/ws/ugv_ws/install/ugv_vision:/home/ws/ugv_ws/install/ugv_tools:/home/ws/ugv_ws/install/ugv_chat_ai:/home/ws/ugv_ws/install/ugv_bringup:/opt/ros/humble /usr/bin/cmake --build /home/ws/ugv_ws/build/vizanti_server -- -j4 -l4
[2.991s] DEBUG:colcon.colcon_core.event_handler.log_command:Invoked command in '/home/ws/ugv_ws/build/cartographer' returned '0': CMAKE_PREFIX_PATH=${CMAKE_PREFIX_PATH}:/home/ws/ugv_ws/install/ugv_web_app:/home/ws/ugv_ws/install/ugv_vision:/home/ws/ugv_ws/install/ugv_tools:/home/ws/ugv_ws/install/ugv_chat_ai:/home/ws/ugv_ws/install/ugv_bringup:/opt/ros/humble /usr/bin/cmake --build /home/ws/ugv_ws/build/cartographer -- -j4 -l4
[3.000s] Level 1:colcon.colcon_core.environment:create_environment_scripts_only(costmap_converter)
[3.000s] Level 1:colcon.colcon_core.environment:checking '/home/ws/ugv_ws/install/costmap_converter' for CMake module files
[3.001s] Level 1:colcon.colcon_core.environment:checking '/home/ws/ugv_ws/install/costmap_converter' for CMake config files
[3.001s] Level 1:colcon.colcon_core.shell:create_environment_hook('costmap_converter', 'cmake_prefix_path')
[3.001s] INFO:colcon.colcon_core.shell:Creating environment hook '/home/ws/ugv_ws/install/costmap_converter/share/costmap_converter/hook/cmake_prefix_path.ps1'
[3.002s] INFO:colcon.colcon_core.shell:Creating environment descriptor '/home/ws/ugv_ws/install/costmap_converter/share/costmap_converter/hook/cmake_prefix_path.dsv'
[3.004s] INFO:colcon.colcon_core.shell:Creating environment hook '/home/ws/ugv_ws/install/costmap_converter/share/costmap_converter/hook/cmake_prefix_path.sh'
[3.005s] Level 1:colcon.colcon_core.environment:checking '/home/ws/ugv_ws/install/costmap_converter/lib'
[3.005s] Level 1:colcon.colcon_core.shell:create_environment_hook('costmap_converter', 'ld_library_path_lib')
[3.006s] INFO:colcon.colcon_core.shell:Creating environment hook '/home/ws/ugv_ws/install/costmap_converter/share/costmap_converter/hook/ld_library_path_lib.ps1'
[3.006s] INFO:colcon.colcon_core.shell:Creating environment descriptor '/home/ws/ugv_ws/install/costmap_converter/share/costmap_converter/hook/ld_library_path_lib.dsv'
[3.008s] INFO:colcon.colcon_core.shell:Creating environment hook '/home/ws/ugv_ws/install/costmap_converter/share/costmap_converter/hook/ld_library_path_lib.sh'
[3.009s] Level 1:colcon.colcon_core.environment:checking '/home/ws/ugv_ws/install/costmap_converter/bin'
[3.009s] Level 1:colcon.colcon_core.shell:create_environment_hook('costmap_converter', 'path')
[3.010s] INFO:colcon.colcon_core.shell:Creating environment hook '/home/ws/ugv_ws/install/costmap_converter/share/costmap_converter/hook/path.ps1'
[3.010s] INFO:colcon.colcon_core.shell:Creating environment descriptor '/home/ws/ugv_ws/install/costmap_converter/share/costmap_converter/hook/path.dsv'
[3.011s] INFO:colcon.colcon_core.shell:Creating environment hook '/home/ws/ugv_ws/install/costmap_converter/share/costmap_converter/hook/path.sh'
[3.012s] Level 1:colcon.colcon_core.environment:checking '/home/ws/ugv_ws/install/costmap_converter/lib/pkgconfig/costmap_converter.pc'
[3.013s] Level 1:colcon.colcon_core.environment:checking '/home/ws/ugv_ws/install/costmap_converter/lib/python3.10/site-packages'
[3.013s] Level 1:colcon.colcon_core.environment:checking '/home/ws/ugv_ws/install/costmap_converter/bin'
[3.013s] Level 1:colcon.colcon_core.shell:create_environment_hook('costmap_converter', 'pythonscriptspath')
[3.014s] INFO:colcon.colcon_core.shell:Creating environment hook '/home/ws/ugv_ws/install/costmap_converter/share/costmap_converter/hook/pythonscriptspath.ps1'
[3.014s] INFO:colcon.colcon_core.shell:Creating environment descriptor '/home/ws/ugv_ws/install/costmap_converter/share/costmap_converter/hook/pythonscriptspath.dsv'
[3.015s] INFO:colcon.colcon_core.shell:Creating environment hook '/home/ws/ugv_ws/install/costmap_converter/share/costmap_converter/hook/pythonscriptspath.sh'
[3.017s] INFO:colcon.colcon_core.shell:Creating package script '/home/ws/ugv_ws/install/costmap_converter/share/costmap_converter/package.ps1'
[3.019s] INFO:colcon.colcon_core.shell:Creating package descriptor '/home/ws/ugv_ws/install/costmap_converter/share/costmap_converter/package.dsv'
[3.021s] INFO:colcon.colcon_core.shell:Creating package script '/home/ws/ugv_ws/install/costmap_converter/share/costmap_converter/package.sh'
[3.022s] INFO:colcon.colcon_core.shell:Creating package script '/home/ws/ugv_ws/install/costmap_converter/share/costmap_converter/package.bash'
[3.023s] INFO:colcon.colcon_core.shell:Creating package script '/home/ws/ugv_ws/install/costmap_converter/share/costmap_converter/package.zsh'
[3.023s] Level 1:colcon.colcon_core.environment:create_file_with_runtime_dependencies(/home/ws/ugv_ws/install/costmap_converter/share/colcon-core/packages/costmap_converter)
[3.025s] INFO:colcon.colcon_ros.task.ament_cmake.build:Building ROS package in '/home/ws/ugv_ws/src/ugv_else/emcl2_ros2' with build type 'ament_cmake'
[3.025s] INFO:colcon.colcon_cmake.task.cmake.build:Building CMake package in '/home/ws/ugv_ws/src/ugv_else/emcl2_ros2'
[3.026s] INFO:colcon.colcon_core.shell:Skip shell extension 'powershell' for command environment: Not usable outside of PowerShell
[3.026s] DEBUG:colcon.colcon_core.shell:Skip shell extension 'dsv' for command environment
[3.040s] DEBUG:colcon.colcon_core.event_handler.log_command:Invoking command in '/home/ws/ugv_ws/build/cartographer': CMAKE_PREFIX_PATH=${CMAKE_PREFIX_PATH}:/home/ws/ugv_ws/install/ugv_web_app:/home/ws/ugv_ws/install/ugv_vision:/home/ws/ugv_ws/install/ugv_tools:/home/ws/ugv_ws/install/ugv_chat_ai:/home/ws/ugv_ws/install/ugv_bringup:/opt/ros/humble /usr/bin/cmake --install /home/ws/ugv_ws/build/cartographer
[3.042s] DEBUG:colcon.colcon_core.event_handler.log_command:Invoking command in '/home/ws/ugv_ws/build/vizanti_server': CMAKE_PREFIX_PATH=/home/ws/ugv_ws/install/vizanti_msgs:/home/ws/ugv_ws/install/vizanti:/home/ws/ugv_ws/install/vizanti_server:/home/ws/ugv_ws/install/vizanti_demos:/home/ws/ugv_ws/install/vizanti_cpp:/home/ws/ugv_ws/install/ugv_slam:/home/ws/ugv_ws/install/ugv_nav:/home/ws/ugv_ws/install/ugv_interface:/home/ws/ugv_ws/install/ugv_gazebo:/home/ws/ugv_ws/install/ugv_description:/home/ws/ugv_ws/install/ugv_base_node:/home/ws/ugv_ws/install/teb_local_planner:/home/ws/ugv_ws/install/teb_msgs:/home/ws/ugv_ws/install/slam_gmapping:/home/ws/ugv_ws/install/robot_pose_publisher:/home/ws/ugv_ws/install/rf2o_laser_odometry:/home/ws/ugv_ws/install/openslam_gmapping:/home/ws/ugv_ws/install/ldlidar:/home/ws/ugv_ws/install/explore_lite:/home/ws/ugv_ws/install/emcl2:/home/ws/ugv_ws/install/costmap_converter:/home/ws/ugv_ws/install/costmap_converter_msgs:/home/ws/ugv_ws/install/cartographer:/home/ws/ugv_ws/install/apriltag_ros:/home/ws/ugv_ws/install/apriltag_msgs:/home/ws/ugv_ws/install/apriltag:/home/ws/ugv_ws/install/ugv_web_app:/home/ws/ugv_ws/install/ugv_vision:/home/ws/ugv_ws/install/ugv_tools:/home/ws/ugv_ws/install/ugv_chat_ai:/home/ws/ugv_ws/install/ugv_bringup:/opt/ros/humble /usr/bin/cmake --install /home/ws/ugv_ws/build/vizanti_server
[3.052s] DEBUG:colcon.colcon_core.event_handler.log_command:Invoking command in '/home/ws/ugv_ws/build/emcl2': CMAKE_PREFIX_PATH=${CMAKE_PREFIX_PATH}:/home/ws/ugv_ws/install/ugv_web_app:/home/ws/ugv_ws/install/ugv_vision:/home/ws/ugv_ws/install/ugv_tools:/home/ws/ugv_ws/install/ugv_chat_ai:/home/ws/ugv_ws/install/ugv_bringup:/opt/ros/humble /usr/bin/cmake --build /home/ws/ugv_ws/build/emcl2 -- -j4 -l4
[3.081s] Level 1:colcon.colcon_core.environment:create_environment_scripts_only(cartographer)
[3.082s] Level 1:colcon.colcon_core.environment:checking '/home/ws/ugv_ws/install/cartographer' for CMake module files
[3.082s] DEBUG:colcon.colcon_core.event_handler.log_command:Invoked command in '/home/ws/ugv_ws/build/cartographer' returned '0': CMAKE_PREFIX_PATH=${CMAKE_PREFIX_PATH}:/home/ws/ugv_ws/install/ugv_web_app:/home/ws/ugv_ws/install/ugv_vision:/home/ws/ugv_ws/install/ugv_tools:/home/ws/ugv_ws/install/ugv_chat_ai:/home/ws/ugv_ws/install/ugv_bringup:/opt/ros/humble /usr/bin/cmake --install /home/ws/ugv_ws/build/cartographer
[3.085s] Level 1:colcon.colcon_core.environment:checking '/home/ws/ugv_ws/install/cartographer' for CMake config files
[3.086s] Level 1:colcon.colcon_core.shell:create_environment_hook('cartographer', 'cmake_prefix_path')
[3.086s] INFO:colcon.colcon_core.shell:Creating environment hook '/home/ws/ugv_ws/install/cartographer/share/cartographer/hook/cmake_prefix_path.ps1'
[3.087s] INFO:colcon.colcon_core.shell:Creating environment descriptor '/home/ws/ugv_ws/install/cartographer/share/cartographer/hook/cmake_prefix_path.dsv'
[3.087s] INFO:colcon.colcon_core.shell:Creating environment hook '/home/ws/ugv_ws/install/cartographer/share/cartographer/hook/cmake_prefix_path.sh'
[3.088s] Level 1:colcon.colcon_core.environment:checking '/home/ws/ugv_ws/install/cartographer/bin'
[3.088s] Level 1:colcon.colcon_core.environment:checking '/home/ws/ugv_ws/install/cartographer/lib/pkgconfig/cartographer.pc'
[3.088s] Level 1:colcon.colcon_core.environment:checking '/home/ws/ugv_ws/install/cartographer/lib/python3.10/site-packages'
[3.089s] Level 1:colcon.colcon_core.environment:checking '/home/ws/ugv_ws/install/cartographer/bin'
[3.089s] INFO:colcon.colcon_core.shell:Creating package script '/home/ws/ugv_ws/install/cartographer/share/cartographer/package.ps1'
[3.089s] INFO:colcon.colcon_core.shell:Creating package descriptor '/home/ws/ugv_ws/install/cartographer/share/cartographer/package.dsv'
[3.090s] INFO:colcon.colcon_core.shell:Creating package script '/home/ws/ugv_ws/install/cartographer/share/cartographer/package.sh'
[3.090s] INFO:colcon.colcon_core.shell:Creating package script '/home/ws/ugv_ws/install/cartographer/share/cartographer/package.bash'
[3.090s] INFO:colcon.colcon_core.shell:Creating package script '/home/ws/ugv_ws/install/cartographer/share/cartographer/package.zsh'
[3.091s] Level 1:colcon.colcon_core.environment:create_file_with_runtime_dependencies(/home/ws/ugv_ws/install/cartographer/share/colcon-core/packages/cartographer)
[3.124s] Level 1:colcon.colcon_core.environment:create_environment_scripts_only(vizanti_server)
[3.125s] Level 1:colcon.colcon_core.environment:checking '/home/ws/ugv_ws/install/vizanti_server' for CMake module files
[3.128s] DEBUG:colcon.colcon_core.event_handler.log_command:Invoked command in '/home/ws/ugv_ws/build/vizanti_server' returned '0': CMAKE_PREFIX_PATH=/home/ws/ugv_ws/install/vizanti_msgs:/home/ws/ugv_ws/install/vizanti:/home/ws/ugv_ws/install/vizanti_server:/home/ws/ugv_ws/install/vizanti_demos:/home/ws/ugv_ws/install/vizanti_cpp:/home/ws/ugv_ws/install/ugv_slam:/home/ws/ugv_ws/install/ugv_nav:/home/ws/ugv_ws/install/ugv_interface:/home/ws/ugv_ws/install/ugv_gazebo:/home/ws/ugv_ws/install/ugv_description:/home/ws/ugv_ws/install/ugv_base_node:/home/ws/ugv_ws/install/teb_local_planner:/home/ws/ugv_ws/install/teb_msgs:/home/ws/ugv_ws/install/slam_gmapping:/home/ws/ugv_ws/install/robot_pose_publisher:/home/ws/ugv_ws/install/rf2o_laser_odometry:/home/ws/ugv_ws/install/openslam_gmapping:/home/ws/ugv_ws/install/ldlidar:/home/ws/ugv_ws/install/explore_lite:/home/ws/ugv_ws/install/emcl2:/home/ws/ugv_ws/install/costmap_converter:/home/ws/ugv_ws/install/costmap_converter_msgs:/home/ws/ugv_ws/install/cartographer:/home/ws/ugv_ws/install/apriltag_ros:/home/ws/ugv_ws/install/apriltag_msgs:/home/ws/ugv_ws/install/apriltag:/home/ws/ugv_ws/install/ugv_web_app:/home/ws/ugv_ws/install/ugv_vision:/home/ws/ugv_ws/install/ugv_tools:/home/ws/ugv_ws/install/ugv_chat_ai:/home/ws/ugv_ws/install/ugv_bringup:/opt/ros/humble /usr/bin/cmake --install /home/ws/ugv_ws/build/vizanti_server
[3.129s] Level 1:colcon.colcon_core.environment:checking '/home/ws/ugv_ws/install/vizanti_server' for CMake config files
[3.132s] Level 1:colcon.colcon_core.shell:create_environment_hook('vizanti_server', 'cmake_prefix_path')
[3.132s] INFO:colcon.colcon_core.shell:Creating environment hook '/home/ws/ugv_ws/install/vizanti_server/share/vizanti_server/hook/cmake_prefix_path.ps1'
[3.133s] INFO:colcon.colcon_core.shell:Creating environment descriptor '/home/ws/ugv_ws/install/vizanti_server/share/vizanti_server/hook/cmake_prefix_path.dsv'
[3.134s] INFO:colcon.colcon_core.shell:Creating environment hook '/home/ws/ugv_ws/install/vizanti_server/share/vizanti_server/hook/cmake_prefix_path.sh'
[3.134s] Level 1:colcon.colcon_core.environment:checking '/home/ws/ugv_ws/install/vizanti_server/lib'
[3.134s] Level 1:colcon.colcon_core.environment:checking '/home/ws/ugv_ws/install/vizanti_server/bin'
[3.134s] Level 1:colcon.colcon_core.environment:checking '/home/ws/ugv_ws/install/vizanti_server/lib/pkgconfig/vizanti_server.pc'
[3.135s] Level 1:colcon.colcon_core.environment:checking '/home/ws/ugv_ws/install/vizanti_server/lib/python3.10/site-packages'
[3.135s] Level 1:colcon.colcon_core.environment:checking '/home/ws/ugv_ws/install/vizanti_server/bin'
[3.135s] INFO:colcon.colcon_core.shell:Creating package script '/home/ws/ugv_ws/install/vizanti_server/share/vizanti_server/package.ps1'
[3.136s] INFO:colcon.colcon_core.shell:Creating package descriptor '/home/ws/ugv_ws/install/vizanti_server/share/vizanti_server/package.dsv'
[3.136s] INFO:colcon.colcon_core.shell:Creating package script '/home/ws/ugv_ws/install/vizanti_server/share/vizanti_server/package.sh'
[3.137s] INFO:colcon.colcon_core.shell:Creating package script '/home/ws/ugv_ws/install/vizanti_server/share/vizanti_server/package.bash'
[3.137s] INFO:colcon.colcon_core.shell:Creating package script '/home/ws/ugv_ws/install/vizanti_server/share/vizanti_server/package.zsh'
[3.138s] Level 1:colcon.colcon_core.environment:create_file_with_runtime_dependencies(/home/ws/ugv_ws/install/vizanti_server/share/colcon-core/packages/vizanti_server)
[3.140s] Level 1:colcon.colcon_core.environment:create_environment_scripts_only(cartographer)
[3.141s] Level 1:colcon.colcon_core.environment:checking '/home/ws/ugv_ws/install/cartographer' for CMake module files
[3.142s] Level 1:colcon.colcon_core.environment:checking '/home/ws/ugv_ws/install/cartographer' for CMake config files
[3.142s] Level 1:colcon.colcon_core.shell:create_environment_hook('cartographer', 'cmake_prefix_path')
[3.143s] INFO:colcon.colcon_core.shell:Creating environment hook '/home/ws/ugv_ws/install/cartographer/share/cartographer/hook/cmake_prefix_path.ps1'
[3.144s] INFO:colcon.colcon_core.shell:Creating environment descriptor '/home/ws/ugv_ws/install/cartographer/share/cartographer/hook/cmake_prefix_path.dsv'
[3.144s] INFO:colcon.colcon_core.shell:Creating environment hook '/home/ws/ugv_ws/install/cartographer/share/cartographer/hook/cmake_prefix_path.sh'
[3.145s] Level 1:colcon.colcon_core.environment:checking '/home/ws/ugv_ws/install/cartographer/bin'
[3.145s] Level 1:colcon.colcon_core.environment:checking '/home/ws/ugv_ws/install/cartographer/lib/pkgconfig/cartographer.pc'
[3.146s] Level 1:colcon.colcon_core.environment:checking '/home/ws/ugv_ws/install/cartographer/lib/python3.10/site-packages'
[3.146s] Level 1:colcon.colcon_core.environment:checking '/home/ws/ugv_ws/install/cartographer/bin'
[3.147s] INFO:colcon.colcon_core.shell:Creating package script '/home/ws/ugv_ws/install/cartographer/share/cartographer/package.ps1'
[3.147s] INFO:colcon.colcon_core.shell:Creating package descriptor '/home/ws/ugv_ws/install/cartographer/share/cartographer/package.dsv'
[3.148s] INFO:colcon.colcon_core.shell:Creating package script '/home/ws/ugv_ws/install/cartographer/share/cartographer/package.sh'
[3.149s] INFO:colcon.colcon_core.shell:Creating package script '/home/ws/ugv_ws/install/cartographer/share/cartographer/package.bash'
[3.150s] INFO:colcon.colcon_core.shell:Creating package script '/home/ws/ugv_ws/install/cartographer/share/cartographer/package.zsh'
[3.150s] Level 1:colcon.colcon_core.environment:create_file_with_runtime_dependencies(/home/ws/ugv_ws/install/cartographer/share/colcon-core/packages/cartographer)
[3.151s] INFO:colcon.colcon_ros.task.ament_cmake.build:Building ROS package in '/home/ws/ugv_ws/src/ugv_else/explore_lite' with build type 'ament_cmake'
[3.151s] INFO:colcon.colcon_cmake.task.cmake.build:Building CMake package in '/home/ws/ugv_ws/src/ugv_else/explore_lite'
[3.152s] INFO:colcon.colcon_core.shell:Skip shell extension 'powershell' for command environment: Not usable outside of PowerShell
[3.152s] DEBUG:colcon.colcon_core.shell:Skip shell extension 'dsv' for command environment
[3.172s] Level 1:colcon.colcon_core.environment:create_environment_scripts_only(vizanti_server)
[3.173s] Level 1:colcon.colcon_core.environment:checking '/home/ws/ugv_ws/install/vizanti_server' for CMake module files
[3.173s] DEBUG:colcon.colcon_core.event_handler.log_command:Invoking command in '/home/ws/ugv_ws/build/explore_lite': CMAKE_PREFIX_PATH=${CMAKE_PREFIX_PATH}:/home/ws/ugv_ws/install/ugv_web_app:/home/ws/ugv_ws/install/ugv_vision:/home/ws/ugv_ws/install/ugv_tools:/home/ws/ugv_ws/install/ugv_chat_ai:/home/ws/ugv_ws/install/ugv_bringup:/opt/ros/humble /usr/bin/cmake --build /home/ws/ugv_ws/build/explore_lite -- -j4 -l4
[3.175s] Level 1:colcon.colcon_core.environment:checking '/home/ws/ugv_ws/install/vizanti_server' for CMake config files
[3.176s] Level 1:colcon.colcon_core.shell:create_environment_hook('vizanti_server', 'cmake_prefix_path')
[3.177s] INFO:colcon.colcon_core.shell:Creating environment hook '/home/ws/ugv_ws/install/vizanti_server/share/vizanti_server/hook/cmake_prefix_path.ps1'
[3.177s] INFO:colcon.colcon_core.shell:Creating environment descriptor '/home/ws/ugv_ws/install/vizanti_server/share/vizanti_server/hook/cmake_prefix_path.dsv'
[3.187s] INFO:colcon.colcon_core.shell:Creating environment hook '/home/ws/ugv_ws/install/vizanti_server/share/vizanti_server/hook/cmake_prefix_path.sh'
[3.189s] Level 1:colcon.colcon_core.environment:checking '/home/ws/ugv_ws/install/vizanti_server/lib'
[3.189s] Level 1:colcon.colcon_core.environment:checking '/home/ws/ugv_ws/install/vizanti_server/bin'
[3.189s] Level 1:colcon.colcon_core.environment:checking '/home/ws/ugv_ws/install/vizanti_server/lib/pkgconfig/vizanti_server.pc'
[3.190s] Level 1:colcon.colcon_core.environment:checking '/home/ws/ugv_ws/install/vizanti_server/lib/python3.10/site-packages'
[3.190s] Level 1:colcon.colcon_core.environment:checking '/home/ws/ugv_ws/install/vizanti_server/bin'
[3.192s] INFO:colcon.colcon_core.shell:Creating package script '/home/ws/ugv_ws/install/vizanti_server/share/vizanti_server/package.ps1'
[3.194s] INFO:colcon.colcon_core.shell:Creating package descriptor '/home/ws/ugv_ws/install/vizanti_server/share/vizanti_server/package.dsv'
[3.195s] INFO:colcon.colcon_core.shell:Creating package script '/home/ws/ugv_ws/install/vizanti_server/share/vizanti_server/package.sh'
[3.197s] INFO:colcon.colcon_core.shell:Creating package script '/home/ws/ugv_ws/install/vizanti_server/share/vizanti_server/package.bash'
[3.198s] INFO:colcon.colcon_core.shell:Creating package script '/home/ws/ugv_ws/install/vizanti_server/share/vizanti_server/package.zsh'
[3.199s] Level 1:colcon.colcon_core.environment:create_file_with_runtime_dependencies(/home/ws/ugv_ws/install/vizanti_server/share/colcon-core/packages/vizanti_server)
[3.200s] INFO:colcon.colcon_ros.task.ament_cmake.build:Building ROS package in '/home/ws/ugv_ws/src/ugv_else/ldlidar' with build type 'ament_cmake'
[3.200s] INFO:colcon.colcon_cmake.task.cmake.build:Building CMake package in '/home/ws/ugv_ws/src/ugv_else/ldlidar'
[3.201s] INFO:colcon.colcon_core.shell:Skip shell extension 'powershell' for command environment: Not usable outside of PowerShell
[3.201s] DEBUG:colcon.colcon_core.shell:Skip shell extension 'dsv' for command environment
[3.235s] DEBUG:colcon.colcon_core.event_handler.log_command:Invoking command in '/home/ws/ugv_ws/build/ldlidar': CMAKE_PREFIX_PATH=${CMAKE_PREFIX_PATH}:/home/ws/ugv_ws/install/ugv_web_app:/home/ws/ugv_ws/install/ugv_vision:/home/ws/ugv_ws/install/ugv_tools:/home/ws/ugv_ws/install/ugv_chat_ai:/home/ws/ugv_ws/install/ugv_bringup:/opt/ros/humble /usr/bin/cmake --build /home/ws/ugv_ws/build/ldlidar -- -j4 -l4
[3.243s] DEBUG:colcon.colcon_core.event_handler.log_command:Invoked command in '/home/ws/ugv_ws/build/emcl2' returned '0': CMAKE_PREFIX_PATH=${CMAKE_PREFIX_PATH}:/home/ws/ugv_ws/install/ugv_web_app:/home/ws/ugv_ws/install/ugv_vision:/home/ws/ugv_ws/install/ugv_tools:/home/ws/ugv_ws/install/ugv_chat_ai:/home/ws/ugv_ws/install/ugv_bringup:/opt/ros/humble /usr/bin/cmake --build /home/ws/ugv_ws/build/emcl2 -- -j4 -l4
[3.324s] DEBUG:colcon.colcon_core.event_handler.log_command:Invoked command in '/home/ws/ugv_ws/build/teb_msgs' returned '0': CMAKE_PREFIX_PATH=/home/ws/ugv_ws/install/costmap_converter_msgs:/home/ws/ugv_ws/install/vizanti:/home/ws/ugv_ws/install/vizanti_server:/home/ws/ugv_ws/install/vizanti_demos:/home/ws/ugv_ws/install/vizanti_msgs:/home/ws/ugv_ws/install/vizanti_cpp:/home/ws/ugv_ws/install/ugv_slam:/home/ws/ugv_ws/install/ugv_nav:/home/ws/ugv_ws/install/ugv_interface:/home/ws/ugv_ws/install/ugv_gazebo:/home/ws/ugv_ws/install/ugv_description:/home/ws/ugv_ws/install/ugv_base_node:/home/ws/ugv_ws/install/teb_local_planner:/home/ws/ugv_ws/install/teb_msgs:/home/ws/ugv_ws/install/slam_gmapping:/home/ws/ugv_ws/install/robot_pose_publisher:/home/ws/ugv_ws/install/rf2o_laser_odometry:/home/ws/ugv_ws/install/openslam_gmapping:/home/ws/ugv_ws/install/ldlidar:/home/ws/ugv_ws/install/explore_lite:/home/ws/ugv_ws/install/emcl2:/home/ws/ugv_ws/install/costmap_converter:/home/ws/ugv_ws/install/cartographer:/home/ws/ugv_ws/install/apriltag_ros:/home/ws/ugv_ws/install/apriltag_msgs:/home/ws/ugv_ws/install/apriltag:/home/ws/ugv_ws/install/ugv_web_app:/home/ws/ugv_ws/install/ugv_vision:/home/ws/ugv_ws/install/ugv_tools:/home/ws/ugv_ws/install/ugv_chat_ai:/home/ws/ugv_ws/install/ugv_bringup:/opt/ros/humble LD_LIBRARY_PATH=/home/ws/ugv_ws/install/costmap_converter_msgs/lib:/home/ws/ugv_ws/install/vizanti_msgs/lib:/home/ws/ugv_ws/install/ugv_interface/lib:/home/ws/ugv_ws/install/teb_local_planner/lib:/home/ws/ugv_ws/install/teb_msgs/lib:/home/ws/ugv_ws/install/openslam_gmapping/lib:/home/ws/ugv_ws/install/costmap_converter/lib:/home/ws/ugv_ws/install/apriltag_ros/lib:/home/ws/ugv_ws/install/apriltag_msgs/lib:/home/ws/ugv_ws/install/apriltag/lib:/opt/ros/humble/opt/rviz_ogre_vendor/lib:/opt/ros/humble/lib/aarch64-linux-gnu:/opt/ros/humble/lib /usr/bin/cmake --build /home/ws/ugv_ws/build/teb_msgs -- -j4 -l4
[3.349s] DEBUG:colcon.colcon_core.event_handler.log_command:Invoking command in '/home/ws/ugv_ws/build/emcl2': CMAKE_PREFIX_PATH=${CMAKE_PREFIX_PATH}:/home/ws/ugv_ws/install/ugv_web_app:/home/ws/ugv_ws/install/ugv_vision:/home/ws/ugv_ws/install/ugv_tools:/home/ws/ugv_ws/install/ugv_chat_ai:/home/ws/ugv_ws/install/ugv_bringup:/opt/ros/humble /usr/bin/cmake --install /home/ws/ugv_ws/build/emcl2
[3.356s] DEBUG:colcon.colcon_core.event_handler.log_command:Invoked command in '/home/ws/ugv_ws/build/explore_lite' returned '0': CMAKE_PREFIX_PATH=${CMAKE_PREFIX_PATH}:/home/ws/ugv_ws/install/ugv_web_app:/home/ws/ugv_ws/install/ugv_vision:/home/ws/ugv_ws/install/ugv_tools:/home/ws/ugv_ws/install/ugv_chat_ai:/home/ws/ugv_ws/install/ugv_bringup:/opt/ros/humble /usr/bin/cmake --build /home/ws/ugv_ws/build/explore_lite -- -j4 -l4
[3.379s] Level 1:colcon.colcon_core.environment:create_environment_scripts_only(emcl2)
[3.380s] DEBUG:colcon.colcon_core.event_handler.log_command:Invoked command in '/home/ws/ugv_ws/build/emcl2' returned '0': CMAKE_PREFIX_PATH=${CMAKE_PREFIX_PATH}:/home/ws/ugv_ws/install/ugv_web_app:/home/ws/ugv_ws/install/ugv_vision:/home/ws/ugv_ws/install/ugv_tools:/home/ws/ugv_ws/install/ugv_chat_ai:/home/ws/ugv_ws/install/ugv_bringup:/opt/ros/humble /usr/bin/cmake --install /home/ws/ugv_ws/build/emcl2
[3.381s] Level 1:colcon.colcon_core.environment:checking '/home/ws/ugv_ws/install/emcl2' for CMake module files
[3.382s] Level 1:colcon.colcon_core.environment:checking '/home/ws/ugv_ws/install/emcl2' for CMake config files
[3.384s] Level 1:colcon.colcon_core.shell:create_environment_hook('emcl2', 'cmake_prefix_path')
[3.384s] INFO:colcon.colcon_core.shell:Creating environment hook '/home/ws/ugv_ws/install/emcl2/share/emcl2/hook/cmake_prefix_path.ps1'
[3.386s] INFO:colcon.colcon_core.shell:Creating environment descriptor '/home/ws/ugv_ws/install/emcl2/share/emcl2/hook/cmake_prefix_path.dsv'
[3.390s] INFO:colcon.colcon_core.shell:Creating environment hook '/home/ws/ugv_ws/install/emcl2/share/emcl2/hook/cmake_prefix_path.sh'
[3.391s] Level 1:colcon.colcon_core.environment:checking '/home/ws/ugv_ws/install/emcl2/lib'
[3.392s] Level 1:colcon.colcon_core.environment:checking '/home/ws/ugv_ws/install/emcl2/bin'
[3.392s] Level 1:colcon.colcon_core.environment:checking '/home/ws/ugv_ws/install/emcl2/lib/pkgconfig/emcl2.pc'
[3.392s] Level 1:colcon.colcon_core.environment:checking '/home/ws/ugv_ws/install/emcl2/lib/python3.10/site-packages'
[3.392s] Level 1:colcon.colcon_core.environment:checking '/home/ws/ugv_ws/install/emcl2/bin'
[3.393s] INFO:colcon.colcon_core.shell:Creating package script '/home/ws/ugv_ws/install/emcl2/share/emcl2/package.ps1'
[3.394s] INFO:colcon.colcon_core.shell:Creating package descriptor '/home/ws/ugv_ws/install/emcl2/share/emcl2/package.dsv'
[3.394s] INFO:colcon.colcon_core.shell:Creating package script '/home/ws/ugv_ws/install/emcl2/share/emcl2/package.sh'
[3.395s] INFO:colcon.colcon_core.shell:Creating package script '/home/ws/ugv_ws/install/emcl2/share/emcl2/package.bash'
[3.396s] INFO:colcon.colcon_core.shell:Creating package script '/home/ws/ugv_ws/install/emcl2/share/emcl2/package.zsh'
[3.397s] Level 1:colcon.colcon_core.environment:create_file_with_runtime_dependencies(/home/ws/ugv_ws/install/emcl2/share/colcon-core/packages/emcl2)
[3.401s] DEBUG:colcon.colcon_core.event_handler.log_command:Invoked command in '/home/ws/ugv_ws/build/ldlidar' returned '0': CMAKE_PREFIX_PATH=${CMAKE_PREFIX_PATH}:/home/ws/ugv_ws/install/ugv_web_app:/home/ws/ugv_ws/install/ugv_vision:/home/ws/ugv_ws/install/ugv_tools:/home/ws/ugv_ws/install/ugv_chat_ai:/home/ws/ugv_ws/install/ugv_bringup:/opt/ros/humble /usr/bin/cmake --build /home/ws/ugv_ws/build/ldlidar -- -j4 -l4
[3.406s] DEBUG:colcon.colcon_core.event_handler.log_command:Invoking command in '/home/ws/ugv_ws/build/explore_lite': CMAKE_PREFIX_PATH=${CMAKE_PREFIX_PATH}:/home/ws/ugv_ws/install/ugv_web_app:/home/ws/ugv_ws/install/ugv_vision:/home/ws/ugv_ws/install/ugv_tools:/home/ws/ugv_ws/install/ugv_chat_ai:/home/ws/ugv_ws/install/ugv_bringup:/opt/ros/humble /usr/bin/cmake --install /home/ws/ugv_ws/build/explore_lite
[3.429s] Level 1:colcon.colcon_core.environment:create_environment_scripts_only(explore_lite)
[3.430s] Level 1:colcon.colcon_core.environment:checking '/home/ws/ugv_ws/install/explore_lite' for CMake module files
[3.431s] DEBUG:colcon.colcon_core.event_handler.log_command:Invoked command in '/home/ws/ugv_ws/build/explore_lite' returned '0': CMAKE_PREFIX_PATH=${CMAKE_PREFIX_PATH}:/home/ws/ugv_ws/install/ugv_web_app:/home/ws/ugv_ws/install/ugv_vision:/home/ws/ugv_ws/install/ugv_tools:/home/ws/ugv_ws/install/ugv_chat_ai:/home/ws/ugv_ws/install/ugv_bringup:/opt/ros/humble /usr/bin/cmake --install /home/ws/ugv_ws/build/explore_lite
[3.432s] Level 1:colcon.colcon_core.environment:checking '/home/ws/ugv_ws/install/explore_lite' for CMake config files
[3.432s] Level 1:colcon.colcon_core.shell:create_environment_hook('explore_lite', 'cmake_prefix_path')
[3.433s] INFO:colcon.colcon_core.shell:Creating environment hook '/home/ws/ugv_ws/install/explore_lite/share/explore_lite/hook/cmake_prefix_path.ps1'
[3.434s] INFO:colcon.colcon_core.shell:Creating environment descriptor '/home/ws/ugv_ws/install/explore_lite/share/explore_lite/hook/cmake_prefix_path.dsv'
[3.435s] INFO:colcon.colcon_core.shell:Creating environment hook '/home/ws/ugv_ws/install/explore_lite/share/explore_lite/hook/cmake_prefix_path.sh'
[3.439s] Level 1:colcon.colcon_core.environment:checking '/home/ws/ugv_ws/install/explore_lite/lib'
[3.439s] Level 1:colcon.colcon_core.environment:checking '/home/ws/ugv_ws/install/explore_lite/bin'
[3.439s] Level 1:colcon.colcon_core.environment:checking '/home/ws/ugv_ws/install/explore_lite/lib/pkgconfig/explore_lite.pc'
[3.440s] Level 1:colcon.colcon_core.environment:checking '/home/ws/ugv_ws/install/explore_lite/lib/python3.10/site-packages'
[3.440s] Level 1:colcon.colcon_core.environment:checking '/home/ws/ugv_ws/install/explore_lite/bin'
[3.441s] INFO:colcon.colcon_core.shell:Creating package script '/home/ws/ugv_ws/install/explore_lite/share/explore_lite/package.ps1'
[3.442s] INFO:colcon.colcon_core.shell:Creating package descriptor '/home/ws/ugv_ws/install/explore_lite/share/explore_lite/package.dsv'
[3.443s] INFO:colcon.colcon_core.shell:Creating package script '/home/ws/ugv_ws/install/explore_lite/share/explore_lite/package.sh'
[3.444s] INFO:colcon.colcon_core.shell:Creating package script '/home/ws/ugv_ws/install/explore_lite/share/explore_lite/package.bash'
[3.445s] INFO:colcon.colcon_core.shell:Creating package script '/home/ws/ugv_ws/install/explore_lite/share/explore_lite/package.zsh'
[3.446s] Level 1:colcon.colcon_core.environment:create_file_with_runtime_dependencies(/home/ws/ugv_ws/install/explore_lite/share/colcon-core/packages/explore_lite)
[3.461s] Level 1:colcon.colcon_core.environment:create_environment_scripts_only(emcl2)
[3.462s] Level 1:colcon.colcon_core.environment:checking '/home/ws/ugv_ws/install/emcl2' for CMake module files
[3.462s] DEBUG:colcon.colcon_core.event_handler.log_command:Invoking command in '/home/ws/ugv_ws/build/ldlidar': CMAKE_PREFIX_PATH=${CMAKE_PREFIX_PATH}:/home/ws/ugv_ws/install/ugv_web_app:/home/ws/ugv_ws/install/ugv_vision:/home/ws/ugv_ws/install/ugv_tools:/home/ws/ugv_ws/install/ugv_chat_ai:/home/ws/ugv_ws/install/ugv_bringup:/opt/ros/humble /usr/bin/cmake --install /home/ws/ugv_ws/build/ldlidar
[3.464s] Level 1:colcon.colcon_core.environment:checking '/home/ws/ugv_ws/install/emcl2' for CMake config files
[3.465s] Level 1:colcon.colcon_core.shell:create_environment_hook('emcl2', 'cmake_prefix_path')
[3.465s] INFO:colcon.colcon_core.shell:Creating environment hook '/home/ws/ugv_ws/install/emcl2/share/emcl2/hook/cmake_prefix_path.ps1'
[3.466s] INFO:colcon.colcon_core.shell:Creating environment descriptor '/home/ws/ugv_ws/install/emcl2/share/emcl2/hook/cmake_prefix_path.dsv'
[3.467s] INFO:colcon.colcon_core.shell:Creating environment hook '/home/ws/ugv_ws/install/emcl2/share/emcl2/hook/cmake_prefix_path.sh'
[3.468s] Level 1:colcon.colcon_core.environment:checking '/home/ws/ugv_ws/install/emcl2/lib'
[3.468s] Level 1:colcon.colcon_core.environment:checking '/home/ws/ugv_ws/install/emcl2/bin'
[3.469s] Level 1:colcon.colcon_core.environment:checking '/home/ws/ugv_ws/install/emcl2/lib/pkgconfig/emcl2.pc'
[3.469s] Level 1:colcon.colcon_core.environment:checking '/home/ws/ugv_ws/install/emcl2/lib/python3.10/site-packages'
[3.469s] Level 1:colcon.colcon_core.environment:checking '/home/ws/ugv_ws/install/emcl2/bin'
[3.470s] INFO:colcon.colcon_core.shell:Creating package script '/home/ws/ugv_ws/install/emcl2/share/emcl2/package.ps1'
[3.471s] INFO:colcon.colcon_core.shell:Creating package descriptor '/home/ws/ugv_ws/install/emcl2/share/emcl2/package.dsv'
[3.471s] INFO:colcon.colcon_core.shell:Creating package script '/home/ws/ugv_ws/install/emcl2/share/emcl2/package.sh'
[3.472s] INFO:colcon.colcon_core.shell:Creating package script '/home/ws/ugv_ws/install/emcl2/share/emcl2/package.bash'
[3.474s] INFO:colcon.colcon_core.shell:Creating package script '/home/ws/ugv_ws/install/emcl2/share/emcl2/package.zsh'
[3.474s] Level 1:colcon.colcon_core.environment:create_file_with_runtime_dependencies(/home/ws/ugv_ws/install/emcl2/share/colcon-core/packages/emcl2)
[3.475s] INFO:colcon.colcon_ros.task.ament_cmake.build:Building ROS package in '/home/ws/ugv_ws/src/ugv_else/rf2o_laser_odometry' with build type 'ament_cmake'
[3.476s] INFO:colcon.colcon_cmake.task.cmake.build:Building CMake package in '/home/ws/ugv_ws/src/ugv_else/rf2o_laser_odometry'
[3.476s] INFO:colcon.colcon_core.shell:Skip shell extension 'powershell' for command environment: Not usable outside of PowerShell
[3.476s] DEBUG:colcon.colcon_core.shell:Skip shell extension 'dsv' for command environment
[3.489s] DEBUG:colcon.colcon_core.event_handler.log_command:Invoking command in '/home/ws/ugv_ws/build/teb_msgs': CMAKE_PREFIX_PATH=/home/ws/ugv_ws/install/costmap_converter_msgs:/home/ws/ugv_ws/install/vizanti:/home/ws/ugv_ws/install/vizanti_server:/home/ws/ugv_ws/install/vizanti_demos:/home/ws/ugv_ws/install/vizanti_msgs:/home/ws/ugv_ws/install/vizanti_cpp:/home/ws/ugv_ws/install/ugv_slam:/home/ws/ugv_ws/install/ugv_nav:/home/ws/ugv_ws/install/ugv_interface:/home/ws/ugv_ws/install/ugv_gazebo:/home/ws/ugv_ws/install/ugv_description:/home/ws/ugv_ws/install/ugv_base_node:/home/ws/ugv_ws/install/teb_local_planner:/home/ws/ugv_ws/install/teb_msgs:/home/ws/ugv_ws/install/slam_gmapping:/home/ws/ugv_ws/install/robot_pose_publisher:/home/ws/ugv_ws/install/rf2o_laser_odometry:/home/ws/ugv_ws/install/openslam_gmapping:/home/ws/ugv_ws/install/ldlidar:/home/ws/ugv_ws/install/explore_lite:/home/ws/ugv_ws/install/emcl2:/home/ws/ugv_ws/install/costmap_converter:/home/ws/ugv_ws/install/cartographer:/home/ws/ugv_ws/install/apriltag_ros:/home/ws/ugv_ws/install/apriltag_msgs:/home/ws/ugv_ws/install/apriltag:/home/ws/ugv_ws/install/ugv_web_app:/home/ws/ugv_ws/install/ugv_vision:/home/ws/ugv_ws/install/ugv_tools:/home/ws/ugv_ws/install/ugv_chat_ai:/home/ws/ugv_ws/install/ugv_bringup:/opt/ros/humble LD_LIBRARY_PATH=/home/ws/ugv_ws/install/costmap_converter_msgs/lib:/home/ws/ugv_ws/install/vizanti_msgs/lib:/home/ws/ugv_ws/install/ugv_interface/lib:/home/ws/ugv_ws/install/teb_local_planner/lib:/home/ws/ugv_ws/install/teb_msgs/lib:/home/ws/ugv_ws/install/openslam_gmapping/lib:/home/ws/ugv_ws/install/costmap_converter/lib:/home/ws/ugv_ws/install/apriltag_ros/lib:/home/ws/ugv_ws/install/apriltag_msgs/lib:/home/ws/ugv_ws/install/apriltag/lib:/opt/ros/humble/opt/rviz_ogre_vendor/lib:/opt/ros/humble/lib/aarch64-linux-gnu:/opt/ros/humble/lib /usr/bin/cmake --install /home/ws/ugv_ws/build/teb_msgs
[3.499s] Level 1:colcon.colcon_core.environment:create_environment_scripts_only(explore_lite)
[3.500s] Level 1:colcon.colcon_core.environment:checking '/home/ws/ugv_ws/install/explore_lite' for CMake module files
[3.501s] DEBUG:colcon.colcon_core.event_handler.log_command:Invoking command in '/home/ws/ugv_ws/build/rf2o_laser_odometry': CMAKE_PREFIX_PATH=${CMAKE_PREFIX_PATH}:/home/ws/ugv_ws/install/ugv_web_app:/home/ws/ugv_ws/install/ugv_vision:/home/ws/ugv_ws/install/ugv_tools:/home/ws/ugv_ws/install/ugv_chat_ai:/home/ws/ugv_ws/install/ugv_bringup:/opt/ros/humble /usr/bin/cmake --build /home/ws/ugv_ws/build/rf2o_laser_odometry -- -j4 -l4
[3.504s] Level 1:colcon.colcon_core.environment:checking '/home/ws/ugv_ws/install/explore_lite' for CMake config files
[3.504s] Level 1:colcon.colcon_core.shell:create_environment_hook('explore_lite', 'cmake_prefix_path')
[3.505s] INFO:colcon.colcon_core.shell:Creating environment hook '/home/ws/ugv_ws/install/explore_lite/share/explore_lite/hook/cmake_prefix_path.ps1'
[3.506s] INFO:colcon.colcon_core.shell:Creating environment descriptor '/home/ws/ugv_ws/install/explore_lite/share/explore_lite/hook/cmake_prefix_path.dsv'
[3.508s] INFO:colcon.colcon_core.shell:Creating environment hook '/home/ws/ugv_ws/install/explore_lite/share/explore_lite/hook/cmake_prefix_path.sh'
[3.509s] Level 1:colcon.colcon_core.environment:checking '/home/ws/ugv_ws/install/explore_lite/lib'
[3.509s] Level 1:colcon.colcon_core.environment:checking '/home/ws/ugv_ws/install/explore_lite/bin'
[3.509s] Level 1:colcon.colcon_core.environment:checking '/home/ws/ugv_ws/install/explore_lite/lib/pkgconfig/explore_lite.pc'
[3.510s] Level 1:colcon.colcon_core.environment:checking '/home/ws/ugv_ws/install/explore_lite/lib/python3.10/site-packages'
[3.510s] Level 1:colcon.colcon_core.environment:checking '/home/ws/ugv_ws/install/explore_lite/bin'
[3.512s] INFO:colcon.colcon_core.shell:Creating package script '/home/ws/ugv_ws/install/explore_lite/share/explore_lite/package.ps1'
[3.515s] INFO:colcon.colcon_core.shell:Creating package descriptor '/home/ws/ugv_ws/install/explore_lite/share/explore_lite/package.dsv'
[3.516s] INFO:colcon.colcon_core.shell:Creating package script '/home/ws/ugv_ws/install/explore_lite/share/explore_lite/package.sh'
[3.517s] INFO:colcon.colcon_core.shell:Creating package script '/home/ws/ugv_ws/install/explore_lite/share/explore_lite/package.bash'
[3.518s] INFO:colcon.colcon_core.shell:Creating package script '/home/ws/ugv_ws/install/explore_lite/share/explore_lite/package.zsh'
[3.520s] Level 1:colcon.colcon_core.environment:create_file_with_runtime_dependencies(/home/ws/ugv_ws/install/explore_lite/share/colcon-core/packages/explore_lite)
[3.521s] INFO:colcon.colcon_ros.task.ament_cmake.build:Building ROS package in '/home/ws/ugv_ws/src/ugv_else/robot_pose_publisher' with build type 'ament_cmake'
[3.522s] INFO:colcon.colcon_cmake.task.cmake.build:Building CMake package in '/home/ws/ugv_ws/src/ugv_else/robot_pose_publisher'
[3.522s] INFO:colcon.colcon_core.shell:Skip shell extension 'powershell' for command environment: Not usable outside of PowerShell
[3.522s] DEBUG:colcon.colcon_core.shell:Skip shell extension 'dsv' for command environment
[3.534s] Level 1:colcon.colcon_core.environment:create_environment_scripts_only(ldlidar)
[3.535s] DEBUG:colcon.colcon_core.event_handler.log_command:Invoked command in '/home/ws/ugv_ws/build/ldlidar' returned '0': CMAKE_PREFIX_PATH=${CMAKE_PREFIX_PATH}:/home/ws/ugv_ws/install/ugv_web_app:/home/ws/ugv_ws/install/ugv_vision:/home/ws/ugv_ws/install/ugv_tools:/home/ws/ugv_ws/install/ugv_chat_ai:/home/ws/ugv_ws/install/ugv_bringup:/opt/ros/humble /usr/bin/cmake --install /home/ws/ugv_ws/build/ldlidar
[3.536s] Level 1:colcon.colcon_core.environment:checking '/home/ws/ugv_ws/install/ldlidar' for CMake module files
[3.537s] Level 1:colcon.colcon_core.environment:checking '/home/ws/ugv_ws/install/ldlidar' for CMake config files
[3.543s] Level 1:colcon.colcon_core.shell:create_environment_hook('ldlidar', 'cmake_prefix_path')
[3.544s] INFO:colcon.colcon_core.shell:Creating environment hook '/home/ws/ugv_ws/install/ldlidar/share/ldlidar/hook/cmake_prefix_path.ps1'
[3.545s] INFO:colcon.colcon_core.shell:Creating environment descriptor '/home/ws/ugv_ws/install/ldlidar/share/ldlidar/hook/cmake_prefix_path.dsv'
[3.545s] INFO:colcon.colcon_core.shell:Creating environment hook '/home/ws/ugv_ws/install/ldlidar/share/ldlidar/hook/cmake_prefix_path.sh'
[3.546s] Level 1:colcon.colcon_core.environment:checking '/home/ws/ugv_ws/install/ldlidar/lib'
[3.546s] Level 1:colcon.colcon_core.environment:checking '/home/ws/ugv_ws/install/ldlidar/bin'
[3.546s] Level 1:colcon.colcon_core.environment:checking '/home/ws/ugv_ws/install/ldlidar/lib/pkgconfig/ldlidar.pc'
[3.547s] Level 1:colcon.colcon_core.environment:checking '/home/ws/ugv_ws/install/ldlidar/lib/python3.10/site-packages'
[3.547s] Level 1:colcon.colcon_core.environment:checking '/home/ws/ugv_ws/install/ldlidar/bin'
[3.548s] INFO:colcon.colcon_core.shell:Creating package script '/home/ws/ugv_ws/install/ldlidar/share/ldlidar/package.ps1'
[3.549s] INFO:colcon.colcon_core.shell:Creating package descriptor '/home/ws/ugv_ws/install/ldlidar/share/ldlidar/package.dsv'
[3.550s] INFO:colcon.colcon_core.shell:Creating package script '/home/ws/ugv_ws/install/ldlidar/share/ldlidar/package.sh'
[3.552s] INFO:colcon.colcon_core.shell:Creating package script '/home/ws/ugv_ws/install/ldlidar/share/ldlidar/package.bash'
[3.552s] INFO:colcon.colcon_core.shell:Creating package script '/home/ws/ugv_ws/install/ldlidar/share/ldlidar/package.zsh'
[3.553s] Level 1:colcon.colcon_core.environment:create_file_with_runtime_dependencies(/home/ws/ugv_ws/install/ldlidar/share/colcon-core/packages/ldlidar)
[3.570s] DEBUG:colcon.colcon_core.event_handler.log_command:Invoking command in '/home/ws/ugv_ws/build/robot_pose_publisher': CMAKE_PREFIX_PATH=${CMAKE_PREFIX_PATH}:/home/ws/ugv_ws/install/ugv_web_app:/home/ws/ugv_ws/install/ugv_vision:/home/ws/ugv_ws/install/ugv_tools:/home/ws/ugv_ws/install/ugv_chat_ai:/home/ws/ugv_ws/install/ugv_bringup:/opt/ros/humble /usr/bin/cmake --build /home/ws/ugv_ws/build/robot_pose_publisher -- -j4 -l4
[3.628s] Level 1:colcon.colcon_core.environment:create_environment_scripts_only(ldlidar)
[3.629s] Level 1:colcon.colcon_core.environment:checking '/home/ws/ugv_ws/install/ldlidar' for CMake module files
[3.631s] Level 1:colcon.colcon_core.environment:checking '/home/ws/ugv_ws/install/ldlidar' for CMake config files
[3.631s] Level 1:colcon.colcon_core.shell:create_environment_hook('ldlidar', 'cmake_prefix_path')
[3.632s] INFO:colcon.colcon_core.shell:Creating environment hook '/home/ws/ugv_ws/install/ldlidar/share/ldlidar/hook/cmake_prefix_path.ps1'
[3.634s] INFO:colcon.colcon_core.shell:Creating environment descriptor '/home/ws/ugv_ws/install/ldlidar/share/ldlidar/hook/cmake_prefix_path.dsv'
[3.635s] INFO:colcon.colcon_core.shell:Creating environment hook '/home/ws/ugv_ws/install/ldlidar/share/ldlidar/hook/cmake_prefix_path.sh'
[3.637s] Level 1:colcon.colcon_core.environment:checking '/home/ws/ugv_ws/install/ldlidar/lib'
[3.637s] Level 1:colcon.colcon_core.environment:checking '/home/ws/ugv_ws/install/ldlidar/bin'
[3.637s] Level 1:colcon.colcon_core.environment:checking '/home/ws/ugv_ws/install/ldlidar/lib/pkgconfig/ldlidar.pc'
[3.637s] Level 1:colcon.colcon_core.environment:checking '/home/ws/ugv_ws/install/ldlidar/lib/python3.10/site-packages'
[3.638s] Level 1:colcon.colcon_core.environment:checking '/home/ws/ugv_ws/install/ldlidar/bin'
[3.638s] INFO:colcon.colcon_core.shell:Creating package script '/home/ws/ugv_ws/install/ldlidar/share/ldlidar/package.ps1'
[3.640s] INFO:colcon.colcon_core.shell:Creating package descriptor '/home/ws/ugv_ws/install/ldlidar/share/ldlidar/package.dsv'
[3.640s] INFO:colcon.colcon_core.shell:Creating package script '/home/ws/ugv_ws/install/ldlidar/share/ldlidar/package.sh'
[3.641s] INFO:colcon.colcon_core.shell:Creating package script '/home/ws/ugv_ws/install/ldlidar/share/ldlidar/package.bash'
[3.641s] INFO:colcon.colcon_core.shell:Creating package script '/home/ws/ugv_ws/install/ldlidar/share/ldlidar/package.zsh'
[3.642s] Level 1:colcon.colcon_core.environment:create_file_with_runtime_dependencies(/home/ws/ugv_ws/install/ldlidar/share/colcon-core/packages/ldlidar)
[3.642s] INFO:colcon.colcon_ros.task.ament_cmake.build:Building ROS package in '/home/ws/ugv_ws/src/ugv_main/ugv_base_node' with build type 'ament_cmake'
[3.642s] INFO:colcon.colcon_cmake.task.cmake.build:Building CMake package in '/home/ws/ugv_ws/src/ugv_main/ugv_base_node'
[3.643s] INFO:colcon.colcon_core.shell:Skip shell extension 'powershell' for command environment: Not usable outside of PowerShell
[3.643s] DEBUG:colcon.colcon_core.shell:Skip shell extension 'dsv' for command environment
[3.652s] DEBUG:colcon.colcon_core.event_handler.log_command:Invoked command in '/home/ws/ugv_ws/build/rf2o_laser_odometry' returned '0': CMAKE_PREFIX_PATH=${CMAKE_PREFIX_PATH}:/home/ws/ugv_ws/install/ugv_web_app:/home/ws/ugv_ws/install/ugv_vision:/home/ws/ugv_ws/install/ugv_tools:/home/ws/ugv_ws/install/ugv_chat_ai:/home/ws/ugv_ws/install/ugv_bringup:/opt/ros/humble /usr/bin/cmake --build /home/ws/ugv_ws/build/rf2o_laser_odometry -- -j4 -l4
[3.664s] DEBUG:colcon.colcon_core.event_handler.log_command:Invoking command in '/home/ws/ugv_ws/build/ugv_base_node': CMAKE_PREFIX_PATH=${CMAKE_PREFIX_PATH}:/home/ws/ugv_ws/install/ugv_web_app:/home/ws/ugv_ws/install/ugv_vision:/home/ws/ugv_ws/install/ugv_tools:/home/ws/ugv_ws/install/ugv_chat_ai:/home/ws/ugv_ws/install/ugv_bringup:/opt/ros/humble /usr/bin/cmake --build /home/ws/ugv_ws/build/ugv_base_node -- -j4 -l4
[3.673s] Level 1:colcon.colcon_core.environment:create_environment_scripts_only(teb_msgs)
[3.674s] Level 1:colcon.colcon_core.environment:checking '/home/ws/ugv_ws/install/teb_msgs' for CMake module files
[3.676s] DEBUG:colcon.colcon_core.event_handler.log_command:Invoked command in '/home/ws/ugv_ws/build/teb_msgs' returned '0': CMAKE_PREFIX_PATH=/home/ws/ugv_ws/install/costmap_converter_msgs:/home/ws/ugv_ws/install/vizanti:/home/ws/ugv_ws/install/vizanti_server:/home/ws/ugv_ws/install/vizanti_demos:/home/ws/ugv_ws/install/vizanti_msgs:/home/ws/ugv_ws/install/vizanti_cpp:/home/ws/ugv_ws/install/ugv_slam:/home/ws/ugv_ws/install/ugv_nav:/home/ws/ugv_ws/install/ugv_interface:/home/ws/ugv_ws/install/ugv_gazebo:/home/ws/ugv_ws/install/ugv_description:/home/ws/ugv_ws/install/ugv_base_node:/home/ws/ugv_ws/install/teb_local_planner:/home/ws/ugv_ws/install/teb_msgs:/home/ws/ugv_ws/install/slam_gmapping:/home/ws/ugv_ws/install/robot_pose_publisher:/home/ws/ugv_ws/install/rf2o_laser_odometry:/home/ws/ugv_ws/install/openslam_gmapping:/home/ws/ugv_ws/install/ldlidar:/home/ws/ugv_ws/install/explore_lite:/home/ws/ugv_ws/install/emcl2:/home/ws/ugv_ws/install/costmap_converter:/home/ws/ugv_ws/install/cartographer:/home/ws/ugv_ws/install/apriltag_ros:/home/ws/ugv_ws/install/apriltag_msgs:/home/ws/ugv_ws/install/apriltag:/home/ws/ugv_ws/install/ugv_web_app:/home/ws/ugv_ws/install/ugv_vision:/home/ws/ugv_ws/install/ugv_tools:/home/ws/ugv_ws/install/ugv_chat_ai:/home/ws/ugv_ws/install/ugv_bringup:/opt/ros/humble LD_LIBRARY_PATH=/home/ws/ugv_ws/install/costmap_converter_msgs/lib:/home/ws/ugv_ws/install/vizanti_msgs/lib:/home/ws/ugv_ws/install/ugv_interface/lib:/home/ws/ugv_ws/install/teb_local_planner/lib:/home/ws/ugv_ws/install/teb_msgs/lib:/home/ws/ugv_ws/install/openslam_gmapping/lib:/home/ws/ugv_ws/install/costmap_converter/lib:/home/ws/ugv_ws/install/apriltag_ros/lib:/home/ws/ugv_ws/install/apriltag_msgs/lib:/home/ws/ugv_ws/install/apriltag/lib:/opt/ros/humble/opt/rviz_ogre_vendor/lib:/opt/ros/humble/lib/aarch64-linux-gnu:/opt/ros/humble/lib /usr/bin/cmake --install /home/ws/ugv_ws/build/teb_msgs
[3.676s] Level 1:colcon.colcon_core.environment:checking '/home/ws/ugv_ws/install/teb_msgs' for CMake config files
[3.678s] Level 1:colcon.colcon_core.shell:create_environment_hook('teb_msgs', 'cmake_prefix_path')
[3.678s] INFO:colcon.colcon_core.shell:Creating environment hook '/home/ws/ugv_ws/install/teb_msgs/share/teb_msgs/hook/cmake_prefix_path.ps1'
[3.679s] INFO:colcon.colcon_core.shell:Creating environment descriptor '/home/ws/ugv_ws/install/teb_msgs/share/teb_msgs/hook/cmake_prefix_path.dsv'
[3.683s] INFO:colcon.colcon_core.shell:Creating environment hook '/home/ws/ugv_ws/install/teb_msgs/share/teb_msgs/hook/cmake_prefix_path.sh'
[3.685s] Level 1:colcon.colcon_core.environment:checking '/home/ws/ugv_ws/install/teb_msgs/lib'
[3.685s] Level 1:colcon.colcon_core.shell:create_environment_hook('teb_msgs', 'ld_library_path_lib')
[3.685s] INFO:colcon.colcon_core.shell:Creating environment hook '/home/ws/ugv_ws/install/teb_msgs/share/teb_msgs/hook/ld_library_path_lib.ps1'
[3.686s] INFO:colcon.colcon_core.shell:Creating environment descriptor '/home/ws/ugv_ws/install/teb_msgs/share/teb_msgs/hook/ld_library_path_lib.dsv'
[3.686s] INFO:colcon.colcon_core.shell:Creating environment hook '/home/ws/ugv_ws/install/teb_msgs/share/teb_msgs/hook/ld_library_path_lib.sh'
[3.687s] Level 1:colcon.colcon_core.environment:checking '/home/ws/ugv_ws/install/teb_msgs/bin'
[3.688s] Level 1:colcon.colcon_core.environment:checking '/home/ws/ugv_ws/install/teb_msgs/lib/pkgconfig/teb_msgs.pc'
[3.688s] Level 1:colcon.colcon_core.environment:checking '/home/ws/ugv_ws/install/teb_msgs/lib/python3.10/site-packages'
[3.689s] Level 1:colcon.colcon_core.environment:checking '/home/ws/ugv_ws/install/teb_msgs/bin'
[3.690s] INFO:colcon.colcon_core.shell:Creating package script '/home/ws/ugv_ws/install/teb_msgs/share/teb_msgs/package.ps1'
[3.691s] INFO:colcon.colcon_core.shell:Creating package descriptor '/home/ws/ugv_ws/install/teb_msgs/share/teb_msgs/package.dsv'
[3.692s] INFO:colcon.colcon_core.shell:Creating package script '/home/ws/ugv_ws/install/teb_msgs/share/teb_msgs/package.sh'
[3.693s] INFO:colcon.colcon_core.shell:Creating package script '/home/ws/ugv_ws/install/teb_msgs/share/teb_msgs/package.bash'
[3.694s] INFO:colcon.colcon_core.shell:Creating package script '/home/ws/ugv_ws/install/teb_msgs/share/teb_msgs/package.zsh'
[3.695s] Level 1:colcon.colcon_core.environment:create_file_with_runtime_dependencies(/home/ws/ugv_ws/install/teb_msgs/share/colcon-core/packages/teb_msgs)
[3.701s] DEBUG:colcon.colcon_core.event_handler.log_command:Invoking command in '/home/ws/ugv_ws/build/rf2o_laser_odometry': CMAKE_PREFIX_PATH=${CMAKE_PREFIX_PATH}:/home/ws/ugv_ws/install/ugv_web_app:/home/ws/ugv_ws/install/ugv_vision:/home/ws/ugv_ws/install/ugv_tools:/home/ws/ugv_ws/install/ugv_chat_ai:/home/ws/ugv_ws/install/ugv_bringup:/opt/ros/humble /usr/bin/cmake --install /home/ws/ugv_ws/build/rf2o_laser_odometry
[3.718s] Level 1:colcon.colcon_core.environment:create_environment_scripts_only(rf2o_laser_odometry)
[3.719s] Level 1:colcon.colcon_core.environment:checking '/home/ws/ugv_ws/install/rf2o_laser_odometry' for CMake module files
[3.720s] Level 1:colcon.colcon_core.environment:checking '/home/ws/ugv_ws/install/rf2o_laser_odometry' for CMake config files
[3.721s] DEBUG:colcon.colcon_core.event_handler.log_command:Invoked command in '/home/ws/ugv_ws/build/rf2o_laser_odometry' returned '0': CMAKE_PREFIX_PATH=${CMAKE_PREFIX_PATH}:/home/ws/ugv_ws/install/ugv_web_app:/home/ws/ugv_ws/install/ugv_vision:/home/ws/ugv_ws/install/ugv_tools:/home/ws/ugv_ws/install/ugv_chat_ai:/home/ws/ugv_ws/install/ugv_bringup:/opt/ros/humble /usr/bin/cmake --install /home/ws/ugv_ws/build/rf2o_laser_odometry
[3.721s] Level 1:colcon.colcon_core.shell:create_environment_hook('rf2o_laser_odometry', 'cmake_prefix_path')
[3.721s] INFO:colcon.colcon_core.shell:Creating environment hook '/home/ws/ugv_ws/install/rf2o_laser_odometry/share/rf2o_laser_odometry/hook/cmake_prefix_path.ps1'
[3.722s] INFO:colcon.colcon_core.shell:Creating environment descriptor '/home/ws/ugv_ws/install/rf2o_laser_odometry/share/rf2o_laser_odometry/hook/cmake_prefix_path.dsv'
[3.723s] INFO:colcon.colcon_core.shell:Creating environment hook '/home/ws/ugv_ws/install/rf2o_laser_odometry/share/rf2o_laser_odometry/hook/cmake_prefix_path.sh'
[3.724s] Level 1:colcon.colcon_core.environment:checking '/home/ws/ugv_ws/install/rf2o_laser_odometry/lib'
[3.724s] Level 1:colcon.colcon_core.environment:checking '/home/ws/ugv_ws/install/rf2o_laser_odometry/bin'
[3.724s] Level 1:colcon.colcon_core.environment:checking '/home/ws/ugv_ws/install/rf2o_laser_odometry/lib/pkgconfig/rf2o_laser_odometry.pc'
[3.725s] Level 1:colcon.colcon_core.environment:checking '/home/ws/ugv_ws/install/rf2o_laser_odometry/lib/python3.10/site-packages'
[3.725s] Level 1:colcon.colcon_core.environment:checking '/home/ws/ugv_ws/install/rf2o_laser_odometry/bin'
[3.726s] INFO:colcon.colcon_core.shell:Creating package script '/home/ws/ugv_ws/install/rf2o_laser_odometry/share/rf2o_laser_odometry/package.ps1'
[3.727s] INFO:colcon.colcon_core.shell:Creating package descriptor '/home/ws/ugv_ws/install/rf2o_laser_odometry/share/rf2o_laser_odometry/package.dsv'
[3.728s] INFO:colcon.colcon_core.shell:Creating package script '/home/ws/ugv_ws/install/rf2o_laser_odometry/share/rf2o_laser_odometry/package.sh'
[3.729s] INFO:colcon.colcon_core.shell:Creating package script '/home/ws/ugv_ws/install/rf2o_laser_odometry/share/rf2o_laser_odometry/package.bash'
[3.730s] INFO:colcon.colcon_core.shell:Creating package script '/home/ws/ugv_ws/install/rf2o_laser_odometry/share/rf2o_laser_odometry/package.zsh'
[3.731s] Level 1:colcon.colcon_core.environment:create_file_with_runtime_dependencies(/home/ws/ugv_ws/install/rf2o_laser_odometry/share/colcon-core/packages/rf2o_laser_odometry)
[3.775s] Level 1:colcon.colcon_core.environment:create_environment_scripts_only(rf2o_laser_odometry)
[3.776s] Level 1:colcon.colcon_core.environment:checking '/home/ws/ugv_ws/install/rf2o_laser_odometry' for CMake module files
[3.776s] Level 1:colcon.colcon_core.environment:checking '/home/ws/ugv_ws/install/rf2o_laser_odometry' for CMake config files
[3.776s] Level 1:colcon.colcon_core.shell:create_environment_hook('rf2o_laser_odometry', 'cmake_prefix_path')
[3.777s] INFO:colcon.colcon_core.shell:Creating environment hook '/home/ws/ugv_ws/install/rf2o_laser_odometry/share/rf2o_laser_odometry/hook/cmake_prefix_path.ps1'
[3.782s] INFO:colcon.colcon_core.shell:Creating environment descriptor '/home/ws/ugv_ws/install/rf2o_laser_odometry/share/rf2o_laser_odometry/hook/cmake_prefix_path.dsv'
[3.782s] INFO:colcon.colcon_core.shell:Creating environment hook '/home/ws/ugv_ws/install/rf2o_laser_odometry/share/rf2o_laser_odometry/hook/cmake_prefix_path.sh'
[3.784s] Level 1:colcon.colcon_core.environment:checking '/home/ws/ugv_ws/install/rf2o_laser_odometry/lib'
[3.784s] Level 1:colcon.colcon_core.environment:checking '/home/ws/ugv_ws/install/rf2o_laser_odometry/bin'
[3.784s] Level 1:colcon.colcon_core.environment:checking '/home/ws/ugv_ws/install/rf2o_laser_odometry/lib/pkgconfig/rf2o_laser_odometry.pc'
[3.784s] Level 1:colcon.colcon_core.environment:checking '/home/ws/ugv_ws/install/rf2o_laser_odometry/lib/python3.10/site-packages'
[3.785s] Level 1:colcon.colcon_core.environment:checking '/home/ws/ugv_ws/install/rf2o_laser_odometry/bin'
[3.785s] INFO:colcon.colcon_core.shell:Creating package script '/home/ws/ugv_ws/install/rf2o_laser_odometry/share/rf2o_laser_odometry/package.ps1'
[3.787s] INFO:colcon.colcon_core.shell:Creating package descriptor '/home/ws/ugv_ws/install/rf2o_laser_odometry/share/rf2o_laser_odometry/package.dsv'
[3.788s] INFO:colcon.colcon_core.shell:Creating package script '/home/ws/ugv_ws/install/rf2o_laser_odometry/share/rf2o_laser_odometry/package.sh'
[3.790s] INFO:colcon.colcon_core.shell:Creating package script '/home/ws/ugv_ws/install/rf2o_laser_odometry/share/rf2o_laser_odometry/package.bash'
[3.791s] INFO:colcon.colcon_core.shell:Creating package script '/home/ws/ugv_ws/install/rf2o_laser_odometry/share/rf2o_laser_odometry/package.zsh'
[3.795s] Level 1:colcon.colcon_core.environment:create_file_with_runtime_dependencies(/home/ws/ugv_ws/install/rf2o_laser_odometry/share/colcon-core/packages/rf2o_laser_odometry)
[3.796s] INFO:colcon.colcon_ros.task.ament_cmake.build:Building ROS package in '/home/ws/ugv_ws/src/ugv_main/ugv_interface' with build type 'ament_cmake'
[3.797s] INFO:colcon.colcon_cmake.task.cmake.build:Building CMake package in '/home/ws/ugv_ws/src/ugv_main/ugv_interface'
[3.797s] INFO:colcon.colcon_core.shell:Skip shell extension 'powershell' for command environment: Not usable outside of PowerShell
[3.797s] DEBUG:colcon.colcon_core.shell:Skip shell extension 'dsv' for command environment
[3.820s] DEBUG:colcon.colcon_core.event_handler.log_command:Invoking command in '/home/ws/ugv_ws/build/ugv_interface': CMAKE_PREFIX_PATH=${CMAKE_PREFIX_PATH}:/home/ws/ugv_ws/install/ugv_web_app:/home/ws/ugv_ws/install/ugv_vision:/home/ws/ugv_ws/install/ugv_tools:/home/ws/ugv_ws/install/ugv_chat_ai:/home/ws/ugv_ws/install/ugv_bringup:/opt/ros/humble /usr/bin/cmake --build /home/ws/ugv_ws/build/ugv_interface -- -j4 -l4
[3.826s] DEBUG:colcon.colcon_core.event_handler.log_command:Invoked command in '/home/ws/ugv_ws/build/ugv_base_node' returned '0': CMAKE_PREFIX_PATH=${CMAKE_PREFIX_PATH}:/home/ws/ugv_ws/install/ugv_web_app:/home/ws/ugv_ws/install/ugv_vision:/home/ws/ugv_ws/install/ugv_tools:/home/ws/ugv_ws/install/ugv_chat_ai:/home/ws/ugv_ws/install/ugv_bringup:/opt/ros/humble /usr/bin/cmake --build /home/ws/ugv_ws/build/ugv_base_node -- -j4 -l4
[3.858s] Level 1:colcon.colcon_core.environment:create_environment_scripts_only(teb_msgs)
[3.858s] Level 1:colcon.colcon_core.environment:checking '/home/ws/ugv_ws/install/teb_msgs' for CMake module files
[3.859s] Level 1:colcon.colcon_core.environment:checking '/home/ws/ugv_ws/install/teb_msgs' for CMake config files
[3.860s] Level 1:colcon.colcon_core.shell:create_environment_hook('teb_msgs', 'cmake_prefix_path')
[3.860s] INFO:colcon.colcon_core.shell:Creating environment hook '/home/ws/ugv_ws/install/teb_msgs/share/teb_msgs/hook/cmake_prefix_path.ps1'
[3.861s] INFO:colcon.colcon_core.shell:Creating environment descriptor '/home/ws/ugv_ws/install/teb_msgs/share/teb_msgs/hook/cmake_prefix_path.dsv'
[3.862s] INFO:colcon.colcon_core.shell:Creating environment hook '/home/ws/ugv_ws/install/teb_msgs/share/teb_msgs/hook/cmake_prefix_path.sh'
[3.862s] Level 1:colcon.colcon_core.environment:checking '/home/ws/ugv_ws/install/teb_msgs/lib'
[3.862s] Level 1:colcon.colcon_core.shell:create_environment_hook('teb_msgs', 'ld_library_path_lib')
[3.863s] INFO:colcon.colcon_core.shell:Creating environment hook '/home/ws/ugv_ws/install/teb_msgs/share/teb_msgs/hook/ld_library_path_lib.ps1'
[3.863s] INFO:colcon.colcon_core.shell:Creating environment descriptor '/home/ws/ugv_ws/install/teb_msgs/share/teb_msgs/hook/ld_library_path_lib.dsv'
[3.864s] INFO:colcon.colcon_core.shell:Creating environment hook '/home/ws/ugv_ws/install/teb_msgs/share/teb_msgs/hook/ld_library_path_lib.sh'
[3.864s] Level 1:colcon.colcon_core.environment:checking '/home/ws/ugv_ws/install/teb_msgs/bin'
[3.864s] Level 1:colcon.colcon_core.environment:checking '/home/ws/ugv_ws/install/teb_msgs/lib/pkgconfig/teb_msgs.pc'
[3.865s] Level 1:colcon.colcon_core.environment:checking '/home/ws/ugv_ws/install/teb_msgs/lib/python3.10/site-packages'
[3.865s] Level 1:colcon.colcon_core.environment:checking '/home/ws/ugv_ws/install/teb_msgs/bin'
[3.865s] INFO:colcon.colcon_core.shell:Creating package script '/home/ws/ugv_ws/install/teb_msgs/share/teb_msgs/package.ps1'
[3.866s] INFO:colcon.colcon_core.shell:Creating package descriptor '/home/ws/ugv_ws/install/teb_msgs/share/teb_msgs/package.dsv'
[3.866s] INFO:colcon.colcon_core.shell:Creating package script '/home/ws/ugv_ws/install/teb_msgs/share/teb_msgs/package.sh'
[3.867s] INFO:colcon.colcon_core.shell:Creating package script '/home/ws/ugv_ws/install/teb_msgs/share/teb_msgs/package.bash'
[3.867s] INFO:colcon.colcon_core.shell:Creating package script '/home/ws/ugv_ws/install/teb_msgs/share/teb_msgs/package.zsh'
[3.868s] Level 1:colcon.colcon_core.environment:create_file_with_runtime_dependencies(/home/ws/ugv_ws/install/teb_msgs/share/colcon-core/packages/teb_msgs)
[3.869s] INFO:colcon.colcon_ros.task.ament_cmake.build:Building ROS package in '/home/ws/ugv_ws/src/ugv_else/vizanti/vizanti_cpp' with build type 'ament_cmake'
[3.869s] INFO:colcon.colcon_cmake.task.cmake.build:Building CMake package in '/home/ws/ugv_ws/src/ugv_else/vizanti/vizanti_cpp'
[3.869s] INFO:colcon.colcon_core.shell:Skip shell extension 'powershell' for command environment: Not usable outside of PowerShell
[3.869s] DEBUG:colcon.colcon_core.shell:Skip shell extension 'dsv' for command environment
[3.883s] DEBUG:colcon.colcon_core.event_handler.log_command:Invoking command in '/home/ws/ugv_ws/build/ugv_base_node': CMAKE_PREFIX_PATH=${CMAKE_PREFIX_PATH}:/home/ws/ugv_ws/install/ugv_web_app:/home/ws/ugv_ws/install/ugv_vision:/home/ws/ugv_ws/install/ugv_tools:/home/ws/ugv_ws/install/ugv_chat_ai:/home/ws/ugv_ws/install/ugv_bringup:/opt/ros/humble /usr/bin/cmake --install /home/ws/ugv_ws/build/ugv_base_node
[3.892s] DEBUG:colcon.colcon_core.event_handler.log_command:Invoking command in '/home/ws/ugv_ws/build/vizanti_cpp': CMAKE_PREFIX_PATH=${CMAKE_PREFIX_PATH}:/home/ws/ugv_ws/install/ugv_web_app:/home/ws/ugv_ws/install/ugv_vision:/home/ws/ugv_ws/install/ugv_tools:/home/ws/ugv_ws/install/ugv_chat_ai:/home/ws/ugv_ws/install/ugv_bringup:/opt/ros/humble /usr/bin/cmake --build /home/ws/ugv_ws/build/vizanti_cpp -- -j4 -l4
[3.930s] Level 1:colcon.colcon_core.environment:create_environment_scripts_only(ugv_base_node)
[3.932s] Level 1:colcon.colcon_core.environment:checking '/home/ws/ugv_ws/install/ugv_base_node' for CMake module files
[3.934s] Level 1:colcon.colcon_core.environment:checking '/home/ws/ugv_ws/install/ugv_base_node' for CMake config files
[3.935s] DEBUG:colcon.colcon_core.event_handler.log_command:Invoked command in '/home/ws/ugv_ws/build/ugv_base_node' returned '0': CMAKE_PREFIX_PATH=${CMAKE_PREFIX_PATH}:/home/ws/ugv_ws/install/ugv_web_app:/home/ws/ugv_ws/install/ugv_vision:/home/ws/ugv_ws/install/ugv_tools:/home/ws/ugv_ws/install/ugv_chat_ai:/home/ws/ugv_ws/install/ugv_bringup:/opt/ros/humble /usr/bin/cmake --install /home/ws/ugv_ws/build/ugv_base_node
[3.936s] Level 1:colcon.colcon_core.shell:create_environment_hook('ugv_base_node', 'cmake_prefix_path')
[3.936s] INFO:colcon.colcon_core.shell:Creating environment hook '/home/ws/ugv_ws/install/ugv_base_node/share/ugv_base_node/hook/cmake_prefix_path.ps1'
[3.939s] INFO:colcon.colcon_core.shell:Creating environment descriptor '/home/ws/ugv_ws/install/ugv_base_node/share/ugv_base_node/hook/cmake_prefix_path.dsv'
[3.941s] INFO:colcon.colcon_core.shell:Creating environment hook '/home/ws/ugv_ws/install/ugv_base_node/share/ugv_base_node/hook/cmake_prefix_path.sh'
[3.943s] Level 1:colcon.colcon_core.environment:checking '/home/ws/ugv_ws/install/ugv_base_node/lib'
[3.943s] Level 1:colcon.colcon_core.environment:checking '/home/ws/ugv_ws/install/ugv_base_node/bin'
[3.943s] Level 1:colcon.colcon_core.environment:checking '/home/ws/ugv_ws/install/ugv_base_node/lib/pkgconfig/ugv_base_node.pc'
[3.944s] Level 1:colcon.colcon_core.environment:checking '/home/ws/ugv_ws/install/ugv_base_node/lib/python3.10/site-packages'
[3.944s] Level 1:colcon.colcon_core.environment:checking '/home/ws/ugv_ws/install/ugv_base_node/bin'
[3.945s] INFO:colcon.colcon_core.shell:Creating package script '/home/ws/ugv_ws/install/ugv_base_node/share/ugv_base_node/package.ps1'
[3.946s] INFO:colcon.colcon_core.shell:Creating package descriptor '/home/ws/ugv_ws/install/ugv_base_node/share/ugv_base_node/package.dsv'
[3.946s] INFO:colcon.colcon_core.shell:Creating package script '/home/ws/ugv_ws/install/ugv_base_node/share/ugv_base_node/package.sh'
[3.947s] INFO:colcon.colcon_core.shell:Creating package script '/home/ws/ugv_ws/install/ugv_base_node/share/ugv_base_node/package.bash'
[3.947s] INFO:colcon.colcon_core.shell:Creating package script '/home/ws/ugv_ws/install/ugv_base_node/share/ugv_base_node/package.zsh'
[3.948s] Level 1:colcon.colcon_core.environment:create_file_with_runtime_dependencies(/home/ws/ugv_ws/install/ugv_base_node/share/colcon-core/packages/ugv_base_node)
[4.008s] Level 1:colcon.colcon_core.environment:create_environment_scripts_only(ugv_base_node)
[4.008s] Level 1:colcon.colcon_core.environment:checking '/home/ws/ugv_ws/install/ugv_base_node' for CMake module files
[4.009s] Level 1:colcon.colcon_core.environment:checking '/home/ws/ugv_ws/install/ugv_base_node' for CMake config files
[4.009s] Level 1:colcon.colcon_core.shell:create_environment_hook('ugv_base_node', 'cmake_prefix_path')
[4.009s] INFO:colcon.colcon_core.shell:Creating environment hook '/home/ws/ugv_ws/install/ugv_base_node/share/ugv_base_node/hook/cmake_prefix_path.ps1'
[4.013s] INFO:colcon.colcon_core.shell:Creating environment descriptor '/home/ws/ugv_ws/install/ugv_base_node/share/ugv_base_node/hook/cmake_prefix_path.dsv'
[4.014s] INFO:colcon.colcon_core.shell:Creating environment hook '/home/ws/ugv_ws/install/ugv_base_node/share/ugv_base_node/hook/cmake_prefix_path.sh'
[4.022s] Level 1:colcon.colcon_core.environment:checking '/home/ws/ugv_ws/install/ugv_base_node/lib'
[4.022s] Level 1:colcon.colcon_core.environment:checking '/home/ws/ugv_ws/install/ugv_base_node/bin'
[4.022s] Level 1:colcon.colcon_core.environment:checking '/home/ws/ugv_ws/install/ugv_base_node/lib/pkgconfig/ugv_base_node.pc'
[4.023s] Level 1:colcon.colcon_core.environment:checking '/home/ws/ugv_ws/install/ugv_base_node/lib/python3.10/site-packages'
[4.023s] Level 1:colcon.colcon_core.environment:checking '/home/ws/ugv_ws/install/ugv_base_node/bin'
[4.024s] INFO:colcon.colcon_core.shell:Creating package script '/home/ws/ugv_ws/install/ugv_base_node/share/ugv_base_node/package.ps1'
[4.025s] INFO:colcon.colcon_core.shell:Creating package descriptor '/home/ws/ugv_ws/install/ugv_base_node/share/ugv_base_node/package.dsv'
[4.029s] INFO:colcon.colcon_core.shell:Creating package script '/home/ws/ugv_ws/install/ugv_base_node/share/ugv_base_node/package.sh'
[4.030s] INFO:colcon.colcon_core.shell:Creating package script '/home/ws/ugv_ws/install/ugv_base_node/share/ugv_base_node/package.bash'
[4.031s] INFO:colcon.colcon_core.shell:Creating package script '/home/ws/ugv_ws/install/ugv_base_node/share/ugv_base_node/package.zsh'
[4.032s] Level 1:colcon.colcon_core.environment:create_file_with_runtime_dependencies(/home/ws/ugv_ws/install/ugv_base_node/share/colcon-core/packages/ugv_base_node)
[4.033s] INFO:colcon.colcon_ros.task.ament_cmake.build:Building ROS package in '/home/ws/ugv_ws/src/ugv_else/apriltag_ros/apriltag_ros' with build type 'ament_cmake'
[4.033s] INFO:colcon.colcon_cmake.task.cmake.build:Building CMake package in '/home/ws/ugv_ws/src/ugv_else/apriltag_ros/apriltag_ros'
[4.034s] INFO:colcon.colcon_core.shell:Skip shell extension 'powershell' for command environment: Not usable outside of PowerShell
[4.034s] DEBUG:colcon.colcon_core.shell:Skip shell extension 'dsv' for command environment
[4.086s] DEBUG:colcon.colcon_core.event_handler.log_command:Invoking command in '/home/ws/ugv_ws/build/apriltag_ros': CMAKE_PREFIX_PATH=/home/ws/ugv_ws/install/apriltag_msgs:/home/ws/ugv_ws/install/apriltag:/home/ws/ugv_ws/install/vizanti:/home/ws/ugv_ws/install/vizanti_server:/home/ws/ugv_ws/install/vizanti_demos:/home/ws/ugv_ws/install/vizanti_msgs:/home/ws/ugv_ws/install/vizanti_cpp:/home/ws/ugv_ws/install/ugv_slam:/home/ws/ugv_ws/install/ugv_nav:/home/ws/ugv_ws/install/ugv_interface:/home/ws/ugv_ws/install/ugv_gazebo:/home/ws/ugv_ws/install/ugv_description:/home/ws/ugv_ws/install/ugv_base_node:/home/ws/ugv_ws/install/teb_local_planner:/home/ws/ugv_ws/install/teb_msgs:/home/ws/ugv_ws/install/slam_gmapping:/home/ws/ugv_ws/install/robot_pose_publisher:/home/ws/ugv_ws/install/rf2o_laser_odometry:/home/ws/ugv_ws/install/openslam_gmapping:/home/ws/ugv_ws/install/ldlidar:/home/ws/ugv_ws/install/explore_lite:/home/ws/ugv_ws/install/emcl2:/home/ws/ugv_ws/install/costmap_converter:/home/ws/ugv_ws/install/costmap_converter_msgs:/home/ws/ugv_ws/install/cartographer:/home/ws/ugv_ws/install/apriltag_ros:/home/ws/ugv_ws/install/ugv_web_app:/home/ws/ugv_ws/install/ugv_vision:/home/ws/ugv_ws/install/ugv_tools:/home/ws/ugv_ws/install/ugv_chat_ai:/home/ws/ugv_ws/install/ugv_bringup:/opt/ros/humble LD_LIBRARY_PATH=/home/ws/ugv_ws/install/apriltag_msgs/lib:/home/ws/ugv_ws/install/apriltag/lib:/home/ws/ugv_ws/install/vizanti_msgs/lib:/home/ws/ugv_ws/install/ugv_interface/lib:/home/ws/ugv_ws/install/teb_local_planner/lib:/home/ws/ugv_ws/install/teb_msgs/lib:/home/ws/ugv_ws/install/openslam_gmapping/lib:/home/ws/ugv_ws/install/costmap_converter/lib:/home/ws/ugv_ws/install/costmap_converter_msgs/lib:/home/ws/ugv_ws/install/apriltag_ros/lib:/opt/ros/humble/opt/rviz_ogre_vendor/lib:/opt/ros/humble/lib/aarch64-linux-gnu:/opt/ros/humble/lib PATH=/home/ws/ugv_ws/install/apriltag/bin:/home/ws/ugv_ws/install/costmap_converter/bin:/home/ws/ugv_ws/install/apriltag_ros/bin:/opt/ros/humble/bin:/usr/local/sbin:/usr/local/bin:/usr/sbin:/usr/bin:/sbin:/bin:/usr/games:/usr/local/games:/snap/bin PYTHONPATH=/home/ws/ugv_ws/install/apriltag/lib/python3.10/site-packages:/home/ws/ugv_ws/install/vizanti_msgs/local/lib/python3.10/dist-packages:/home/ws/ugv_ws/build/ugv_web_app:/home/ws/ugv_ws/install/ugv_web_app/lib/python3.10/site-packages:/home/ws/ugv_ws/build/ugv_vision:/home/ws/ugv_ws/install/ugv_vision/lib/python3.10/site-packages:/home/ws/ugv_ws/build/ugv_tools:/home/ws/ugv_ws/install/ugv_tools/lib/python3.10/site-packages:/home/ws/ugv_ws/install/ugv_interface/local/lib/python3.10/dist-packages:/home/ws/ugv_ws/build/ugv_chat_ai:/home/ws/ugv_ws/install/ugv_chat_ai/lib/python3.10/site-packages:/home/ws/ugv_ws/build/ugv_bringup:/home/ws/ugv_ws/install/ugv_bringup/lib/python3.10/site-packages:/home/ws/ugv_ws/install/teb_msgs/local/lib/python3.10/dist-packages:/home/ws/ugv_ws/install/costmap_converter_msgs/local/lib/python3.10/dist-packages:/home/ws/ugv_ws/install/apriltag_msgs/local/lib/python3.10/dist-packages:/opt/ros/humble/lib/python3.10/site-packages:/opt/ros/humble/local/lib/python3.10/dist-packages /usr/bin/cmake --build /home/ws/ugv_ws/build/apriltag_ros -- -j4 -l4
[4.330s] DEBUG:colcon.colcon_core.event_handler.log_command:Invoked command in '/home/ws/ugv_ws/build/apriltag_ros' returned '0': CMAKE_PREFIX_PATH=/home/ws/ugv_ws/install/apriltag_msgs:/home/ws/ugv_ws/install/apriltag:/home/ws/ugv_ws/install/vizanti:/home/ws/ugv_ws/install/vizanti_server:/home/ws/ugv_ws/install/vizanti_demos:/home/ws/ugv_ws/install/vizanti_msgs:/home/ws/ugv_ws/install/vizanti_cpp:/home/ws/ugv_ws/install/ugv_slam:/home/ws/ugv_ws/install/ugv_nav:/home/ws/ugv_ws/install/ugv_interface:/home/ws/ugv_ws/install/ugv_gazebo:/home/ws/ugv_ws/install/ugv_description:/home/ws/ugv_ws/install/ugv_base_node:/home/ws/ugv_ws/install/teb_local_planner:/home/ws/ugv_ws/install/teb_msgs:/home/ws/ugv_ws/install/slam_gmapping:/home/ws/ugv_ws/install/robot_pose_publisher:/home/ws/ugv_ws/install/rf2o_laser_odometry:/home/ws/ugv_ws/install/openslam_gmapping:/home/ws/ugv_ws/install/ldlidar:/home/ws/ugv_ws/install/explore_lite:/home/ws/ugv_ws/install/emcl2:/home/ws/ugv_ws/install/costmap_converter:/home/ws/ugv_ws/install/costmap_converter_msgs:/home/ws/ugv_ws/install/cartographer:/home/ws/ugv_ws/install/apriltag_ros:/home/ws/ugv_ws/install/ugv_web_app:/home/ws/ugv_ws/install/ugv_vision:/home/ws/ugv_ws/install/ugv_tools:/home/ws/ugv_ws/install/ugv_chat_ai:/home/ws/ugv_ws/install/ugv_bringup:/opt/ros/humble LD_LIBRARY_PATH=/home/ws/ugv_ws/install/apriltag_msgs/lib:/home/ws/ugv_ws/install/apriltag/lib:/home/ws/ugv_ws/install/vizanti_msgs/lib:/home/ws/ugv_ws/install/ugv_interface/lib:/home/ws/ugv_ws/install/teb_local_planner/lib:/home/ws/ugv_ws/install/teb_msgs/lib:/home/ws/ugv_ws/install/openslam_gmapping/lib:/home/ws/ugv_ws/install/costmap_converter/lib:/home/ws/ugv_ws/install/costmap_converter_msgs/lib:/home/ws/ugv_ws/install/apriltag_ros/lib:/opt/ros/humble/opt/rviz_ogre_vendor/lib:/opt/ros/humble/lib/aarch64-linux-gnu:/opt/ros/humble/lib PATH=/home/ws/ugv_ws/install/apriltag/bin:/home/ws/ugv_ws/install/costmap_converter/bin:/home/ws/ugv_ws/install/apriltag_ros/bin:/opt/ros/humble/bin:/usr/local/sbin:/usr/local/bin:/usr/sbin:/usr/bin:/sbin:/bin:/usr/games:/usr/local/games:/snap/bin PYTHONPATH=/home/ws/ugv_ws/install/apriltag/lib/python3.10/site-packages:/home/ws/ugv_ws/install/vizanti_msgs/local/lib/python3.10/dist-packages:/home/ws/ugv_ws/build/ugv_web_app:/home/ws/ugv_ws/install/ugv_web_app/lib/python3.10/site-packages:/home/ws/ugv_ws/build/ugv_vision:/home/ws/ugv_ws/install/ugv_vision/lib/python3.10/site-packages:/home/ws/ugv_ws/build/ugv_tools:/home/ws/ugv_ws/install/ugv_tools/lib/python3.10/site-packages:/home/ws/ugv_ws/install/ugv_interface/local/lib/python3.10/dist-packages:/home/ws/ugv_ws/build/ugv_chat_ai:/home/ws/ugv_ws/install/ugv_chat_ai/lib/python3.10/site-packages:/home/ws/ugv_ws/build/ugv_bringup:/home/ws/ugv_ws/install/ugv_bringup/lib/python3.10/site-packages:/home/ws/ugv_ws/install/teb_msgs/local/lib/python3.10/dist-packages:/home/ws/ugv_ws/install/costmap_converter_msgs/local/lib/python3.10/dist-packages:/home/ws/ugv_ws/install/apriltag_msgs/local/lib/python3.10/dist-packages:/opt/ros/humble/lib/python3.10/site-packages:/opt/ros/humble/local/lib/python3.10/dist-packages /usr/bin/cmake --build /home/ws/ugv_ws/build/apriltag_ros -- -j4 -l4
[4.392s] DEBUG:colcon.colcon_core.event_handler.log_command:Invoking command in '/home/ws/ugv_ws/build/apriltag_ros': CMAKE_PREFIX_PATH=/home/ws/ugv_ws/install/apriltag_msgs:/home/ws/ugv_ws/install/apriltag:/home/ws/ugv_ws/install/vizanti:/home/ws/ugv_ws/install/vizanti_server:/home/ws/ugv_ws/install/vizanti_demos:/home/ws/ugv_ws/install/vizanti_msgs:/home/ws/ugv_ws/install/vizanti_cpp:/home/ws/ugv_ws/install/ugv_slam:/home/ws/ugv_ws/install/ugv_nav:/home/ws/ugv_ws/install/ugv_interface:/home/ws/ugv_ws/install/ugv_gazebo:/home/ws/ugv_ws/install/ugv_description:/home/ws/ugv_ws/install/ugv_base_node:/home/ws/ugv_ws/install/teb_local_planner:/home/ws/ugv_ws/install/teb_msgs:/home/ws/ugv_ws/install/slam_gmapping:/home/ws/ugv_ws/install/robot_pose_publisher:/home/ws/ugv_ws/install/rf2o_laser_odometry:/home/ws/ugv_ws/install/openslam_gmapping:/home/ws/ugv_ws/install/ldlidar:/home/ws/ugv_ws/install/explore_lite:/home/ws/ugv_ws/install/emcl2:/home/ws/ugv_ws/install/costmap_converter:/home/ws/ugv_ws/install/costmap_converter_msgs:/home/ws/ugv_ws/install/cartographer:/home/ws/ugv_ws/install/apriltag_ros:/home/ws/ugv_ws/install/ugv_web_app:/home/ws/ugv_ws/install/ugv_vision:/home/ws/ugv_ws/install/ugv_tools:/home/ws/ugv_ws/install/ugv_chat_ai:/home/ws/ugv_ws/install/ugv_bringup:/opt/ros/humble LD_LIBRARY_PATH=/home/ws/ugv_ws/install/apriltag_msgs/lib:/home/ws/ugv_ws/install/apriltag/lib:/home/ws/ugv_ws/install/vizanti_msgs/lib:/home/ws/ugv_ws/install/ugv_interface/lib:/home/ws/ugv_ws/install/teb_local_planner/lib:/home/ws/ugv_ws/install/teb_msgs/lib:/home/ws/ugv_ws/install/openslam_gmapping/lib:/home/ws/ugv_ws/install/costmap_converter/lib:/home/ws/ugv_ws/install/costmap_converter_msgs/lib:/home/ws/ugv_ws/install/apriltag_ros/lib:/opt/ros/humble/opt/rviz_ogre_vendor/lib:/opt/ros/humble/lib/aarch64-linux-gnu:/opt/ros/humble/lib PATH=/home/ws/ugv_ws/install/apriltag/bin:/home/ws/ugv_ws/install/costmap_converter/bin:/home/ws/ugv_ws/install/apriltag_ros/bin:/opt/ros/humble/bin:/usr/local/sbin:/usr/local/bin:/usr/sbin:/usr/bin:/sbin:/bin:/usr/games:/usr/local/games:/snap/bin PYTHONPATH=/home/ws/ugv_ws/install/apriltag/lib/python3.10/site-packages:/home/ws/ugv_ws/install/vizanti_msgs/local/lib/python3.10/dist-packages:/home/ws/ugv_ws/build/ugv_web_app:/home/ws/ugv_ws/install/ugv_web_app/lib/python3.10/site-packages:/home/ws/ugv_ws/build/ugv_vision:/home/ws/ugv_ws/install/ugv_vision/lib/python3.10/site-packages:/home/ws/ugv_ws/build/ugv_tools:/home/ws/ugv_ws/install/ugv_tools/lib/python3.10/site-packages:/home/ws/ugv_ws/install/ugv_interface/local/lib/python3.10/dist-packages:/home/ws/ugv_ws/build/ugv_chat_ai:/home/ws/ugv_ws/install/ugv_chat_ai/lib/python3.10/site-packages:/home/ws/ugv_ws/build/ugv_bringup:/home/ws/ugv_ws/install/ugv_bringup/lib/python3.10/site-packages:/home/ws/ugv_ws/install/teb_msgs/local/lib/python3.10/dist-packages:/home/ws/ugv_ws/install/costmap_converter_msgs/local/lib/python3.10/dist-packages:/home/ws/ugv_ws/install/apriltag_msgs/local/lib/python3.10/dist-packages:/opt/ros/humble/lib/python3.10/site-packages:/opt/ros/humble/local/lib/python3.10/dist-packages /usr/bin/cmake --install /home/ws/ugv_ws/build/apriltag_ros
[4.421s] Level 1:colcon.colcon_core.environment:create_environment_scripts_only(apriltag_ros)
[4.422s] Level 1:colcon.colcon_core.environment:checking '/home/ws/ugv_ws/install/apriltag_ros' for CMake module files
[4.422s] DEBUG:colcon.colcon_core.event_handler.log_command:Invoked command in '/home/ws/ugv_ws/build/apriltag_ros' returned '0': CMAKE_PREFIX_PATH=/home/ws/ugv_ws/install/apriltag_msgs:/home/ws/ugv_ws/install/apriltag:/home/ws/ugv_ws/install/vizanti:/home/ws/ugv_ws/install/vizanti_server:/home/ws/ugv_ws/install/vizanti_demos:/home/ws/ugv_ws/install/vizanti_msgs:/home/ws/ugv_ws/install/vizanti_cpp:/home/ws/ugv_ws/install/ugv_slam:/home/ws/ugv_ws/install/ugv_nav:/home/ws/ugv_ws/install/ugv_interface:/home/ws/ugv_ws/install/ugv_gazebo:/home/ws/ugv_ws/install/ugv_description:/home/ws/ugv_ws/install/ugv_base_node:/home/ws/ugv_ws/install/teb_local_planner:/home/ws/ugv_ws/install/teb_msgs:/home/ws/ugv_ws/install/slam_gmapping:/home/ws/ugv_ws/install/robot_pose_publisher:/home/ws/ugv_ws/install/rf2o_laser_odometry:/home/ws/ugv_ws/install/openslam_gmapping:/home/ws/ugv_ws/install/ldlidar:/home/ws/ugv_ws/install/explore_lite:/home/ws/ugv_ws/install/emcl2:/home/ws/ugv_ws/install/costmap_converter:/home/ws/ugv_ws/install/costmap_converter_msgs:/home/ws/ugv_ws/install/cartographer:/home/ws/ugv_ws/install/apriltag_ros:/home/ws/ugv_ws/install/ugv_web_app:/home/ws/ugv_ws/install/ugv_vision:/home/ws/ugv_ws/install/ugv_tools:/home/ws/ugv_ws/install/ugv_chat_ai:/home/ws/ugv_ws/install/ugv_bringup:/opt/ros/humble LD_LIBRARY_PATH=/home/ws/ugv_ws/install/apriltag_msgs/lib:/home/ws/ugv_ws/install/apriltag/lib:/home/ws/ugv_ws/install/vizanti_msgs/lib:/home/ws/ugv_ws/install/ugv_interface/lib:/home/ws/ugv_ws/install/teb_local_planner/lib:/home/ws/ugv_ws/install/teb_msgs/lib:/home/ws/ugv_ws/install/openslam_gmapping/lib:/home/ws/ugv_ws/install/costmap_converter/lib:/home/ws/ugv_ws/install/costmap_converter_msgs/lib:/home/ws/ugv_ws/install/apriltag_ros/lib:/opt/ros/humble/opt/rviz_ogre_vendor/lib:/opt/ros/humble/lib/aarch64-linux-gnu:/opt/ros/humble/lib PATH=/home/ws/ugv_ws/install/apriltag/bin:/home/ws/ugv_ws/install/costmap_converter/bin:/home/ws/ugv_ws/install/apriltag_ros/bin:/opt/ros/humble/bin:/usr/local/sbin:/usr/local/bin:/usr/sbin:/usr/bin:/sbin:/bin:/usr/games:/usr/local/games:/snap/bin PYTHONPATH=/home/ws/ugv_ws/install/apriltag/lib/python3.10/site-packages:/home/ws/ugv_ws/install/vizanti_msgs/local/lib/python3.10/dist-packages:/home/ws/ugv_ws/build/ugv_web_app:/home/ws/ugv_ws/install/ugv_web_app/lib/python3.10/site-packages:/home/ws/ugv_ws/build/ugv_vision:/home/ws/ugv_ws/install/ugv_vision/lib/python3.10/site-packages:/home/ws/ugv_ws/build/ugv_tools:/home/ws/ugv_ws/install/ugv_tools/lib/python3.10/site-packages:/home/ws/ugv_ws/install/ugv_interface/local/lib/python3.10/dist-packages:/home/ws/ugv_ws/build/ugv_chat_ai:/home/ws/ugv_ws/install/ugv_chat_ai/lib/python3.10/site-packages:/home/ws/ugv_ws/build/ugv_bringup:/home/ws/ugv_ws/install/ugv_bringup/lib/python3.10/site-packages:/home/ws/ugv_ws/install/teb_msgs/local/lib/python3.10/dist-packages:/home/ws/ugv_ws/install/costmap_converter_msgs/local/lib/python3.10/dist-packages:/home/ws/ugv_ws/install/apriltag_msgs/local/lib/python3.10/dist-packages:/opt/ros/humble/lib/python3.10/site-packages:/opt/ros/humble/local/lib/python3.10/dist-packages /usr/bin/cmake --install /home/ws/ugv_ws/build/apriltag_ros
[4.423s] Level 1:colcon.colcon_core.environment:checking '/home/ws/ugv_ws/install/apriltag_ros' for CMake config files
[4.425s] Level 1:colcon.colcon_core.shell:create_environment_hook('apriltag_ros', 'cmake_prefix_path')
[4.425s] INFO:colcon.colcon_core.shell:Creating environment hook '/home/ws/ugv_ws/install/apriltag_ros/share/apriltag_ros/hook/cmake_prefix_path.ps1'
[4.426s] INFO:colcon.colcon_core.shell:Creating environment descriptor '/home/ws/ugv_ws/install/apriltag_ros/share/apriltag_ros/hook/cmake_prefix_path.dsv'
[4.427s] INFO:colcon.colcon_core.shell:Creating environment hook '/home/ws/ugv_ws/install/apriltag_ros/share/apriltag_ros/hook/cmake_prefix_path.sh'
[4.429s] Level 1:colcon.colcon_core.environment:checking '/home/ws/ugv_ws/install/apriltag_ros/lib'
[4.430s] Level 1:colcon.colcon_core.shell:create_environment_hook('apriltag_ros', 'ld_library_path_lib')
[4.430s] INFO:colcon.colcon_core.shell:Creating environment hook '/home/ws/ugv_ws/install/apriltag_ros/share/apriltag_ros/hook/ld_library_path_lib.ps1'
[4.431s] INFO:colcon.colcon_core.shell:Creating environment descriptor '/home/ws/ugv_ws/install/apriltag_ros/share/apriltag_ros/hook/ld_library_path_lib.dsv'
[4.432s] INFO:colcon.colcon_core.shell:Creating environment hook '/home/ws/ugv_ws/install/apriltag_ros/share/apriltag_ros/hook/ld_library_path_lib.sh'
[4.435s] Level 1:colcon.colcon_core.environment:checking '/home/ws/ugv_ws/install/apriltag_ros/bin'
[4.435s] Level 1:colcon.colcon_core.shell:create_environment_hook('apriltag_ros', 'path')
[4.436s] INFO:colcon.colcon_core.shell:Creating environment hook '/home/ws/ugv_ws/install/apriltag_ros/share/apriltag_ros/hook/path.ps1'
[4.437s] INFO:colcon.colcon_core.shell:Creating environment descriptor '/home/ws/ugv_ws/install/apriltag_ros/share/apriltag_ros/hook/path.dsv'
[4.438s] INFO:colcon.colcon_core.shell:Creating environment hook '/home/ws/ugv_ws/install/apriltag_ros/share/apriltag_ros/hook/path.sh'
[4.438s] Level 1:colcon.colcon_core.environment:checking '/home/ws/ugv_ws/install/apriltag_ros/lib/pkgconfig/apriltag_ros.pc'
[4.439s] Level 1:colcon.colcon_core.environment:checking '/home/ws/ugv_ws/install/apriltag_ros/lib/python3.10/site-packages'
[4.440s] Level 1:colcon.colcon_core.environment:checking '/home/ws/ugv_ws/install/apriltag_ros/bin'
[4.440s] Level 1:colcon.colcon_core.shell:create_environment_hook('apriltag_ros', 'pythonscriptspath')
[4.441s] INFO:colcon.colcon_core.shell:Creating environment hook '/home/ws/ugv_ws/install/apriltag_ros/share/apriltag_ros/hook/pythonscriptspath.ps1'
[4.442s] INFO:colcon.colcon_core.shell:Creating environment descriptor '/home/ws/ugv_ws/install/apriltag_ros/share/apriltag_ros/hook/pythonscriptspath.dsv'
[4.442s] INFO:colcon.colcon_core.shell:Creating environment hook '/home/ws/ugv_ws/install/apriltag_ros/share/apriltag_ros/hook/pythonscriptspath.sh'
[4.444s] INFO:colcon.colcon_core.shell:Creating package script '/home/ws/ugv_ws/install/apriltag_ros/share/apriltag_ros/package.ps1'
[4.445s] INFO:colcon.colcon_core.shell:Creating package descriptor '/home/ws/ugv_ws/install/apriltag_ros/share/apriltag_ros/package.dsv'
[4.446s] INFO:colcon.colcon_core.shell:Creating package script '/home/ws/ugv_ws/install/apriltag_ros/share/apriltag_ros/package.sh'
[4.448s] INFO:colcon.colcon_core.shell:Creating package script '/home/ws/ugv_ws/install/apriltag_ros/share/apriltag_ros/package.bash'
[4.448s] INFO:colcon.colcon_core.shell:Creating package script '/home/ws/ugv_ws/install/apriltag_ros/share/apriltag_ros/package.zsh'
[4.450s] Level 1:colcon.colcon_core.environment:create_file_with_runtime_dependencies(/home/ws/ugv_ws/install/apriltag_ros/share/colcon-core/packages/apriltag_ros)
[4.489s] Level 1:colcon.colcon_core.environment:create_environment_scripts_only(apriltag_ros)
[4.489s] Level 1:colcon.colcon_core.environment:checking '/home/ws/ugv_ws/install/apriltag_ros' for CMake module files
[4.490s] Level 1:colcon.colcon_core.environment:checking '/home/ws/ugv_ws/install/apriltag_ros' for CMake config files
[4.490s] Level 1:colcon.colcon_core.shell:create_environment_hook('apriltag_ros', 'cmake_prefix_path')
[4.490s] INFO:colcon.colcon_core.shell:Creating environment hook '/home/ws/ugv_ws/install/apriltag_ros/share/apriltag_ros/hook/cmake_prefix_path.ps1'
[4.491s] INFO:colcon.colcon_core.shell:Creating environment descriptor '/home/ws/ugv_ws/install/apriltag_ros/share/apriltag_ros/hook/cmake_prefix_path.dsv'
[4.492s] INFO:colcon.colcon_core.shell:Creating environment hook '/home/ws/ugv_ws/install/apriltag_ros/share/apriltag_ros/hook/cmake_prefix_path.sh'
[4.493s] Level 1:colcon.colcon_core.environment:checking '/home/ws/ugv_ws/install/apriltag_ros/lib'
[4.493s] Level 1:colcon.colcon_core.shell:create_environment_hook('apriltag_ros', 'ld_library_path_lib')
[4.493s] INFO:colcon.colcon_core.shell:Creating environment hook '/home/ws/ugv_ws/install/apriltag_ros/share/apriltag_ros/hook/ld_library_path_lib.ps1'
[4.493s] INFO:colcon.colcon_core.shell:Creating environment descriptor '/home/ws/ugv_ws/install/apriltag_ros/share/apriltag_ros/hook/ld_library_path_lib.dsv'
[4.494s] INFO:colcon.colcon_core.shell:Creating environment hook '/home/ws/ugv_ws/install/apriltag_ros/share/apriltag_ros/hook/ld_library_path_lib.sh'
[4.494s] Level 1:colcon.colcon_core.environment:checking '/home/ws/ugv_ws/install/apriltag_ros/bin'
[4.494s] Level 1:colcon.colcon_core.shell:create_environment_hook('apriltag_ros', 'path')
[4.495s] INFO:colcon.colcon_core.shell:Creating environment hook '/home/ws/ugv_ws/install/apriltag_ros/share/apriltag_ros/hook/path.ps1'
[4.496s] INFO:colcon.colcon_core.shell:Creating environment descriptor '/home/ws/ugv_ws/install/apriltag_ros/share/apriltag_ros/hook/path.dsv'
[4.496s] INFO:colcon.colcon_core.shell:Creating environment hook '/home/ws/ugv_ws/install/apriltag_ros/share/apriltag_ros/hook/path.sh'
[4.497s] Level 1:colcon.colcon_core.environment:checking '/home/ws/ugv_ws/install/apriltag_ros/lib/pkgconfig/apriltag_ros.pc'
[4.497s] Level 1:colcon.colcon_core.environment:checking '/home/ws/ugv_ws/install/apriltag_ros/lib/python3.10/site-packages'
[4.498s] Level 1:colcon.colcon_core.environment:checking '/home/ws/ugv_ws/install/apriltag_ros/bin'
[4.498s] Level 1:colcon.colcon_core.shell:create_environment_hook('apriltag_ros', 'pythonscriptspath')
[4.498s] INFO:colcon.colcon_core.shell:Creating environment hook '/home/ws/ugv_ws/install/apriltag_ros/share/apriltag_ros/hook/pythonscriptspath.ps1'
[4.499s] INFO:colcon.colcon_core.shell:Creating environment descriptor '/home/ws/ugv_ws/install/apriltag_ros/share/apriltag_ros/hook/pythonscriptspath.dsv'
[4.499s] INFO:colcon.colcon_core.shell:Creating environment hook '/home/ws/ugv_ws/install/apriltag_ros/share/apriltag_ros/hook/pythonscriptspath.sh'
[4.500s] INFO:colcon.colcon_core.shell:Creating package script '/home/ws/ugv_ws/install/apriltag_ros/share/apriltag_ros/package.ps1'
[4.501s] INFO:colcon.colcon_core.shell:Creating package descriptor '/home/ws/ugv_ws/install/apriltag_ros/share/apriltag_ros/package.dsv'
[4.502s] INFO:colcon.colcon_core.shell:Creating package script '/home/ws/ugv_ws/install/apriltag_ros/share/apriltag_ros/package.sh'
[4.502s] INFO:colcon.colcon_core.shell:Creating package script '/home/ws/ugv_ws/install/apriltag_ros/share/apriltag_ros/package.bash'
[4.503s] INFO:colcon.colcon_core.shell:Creating package script '/home/ws/ugv_ws/install/apriltag_ros/share/apriltag_ros/package.zsh'
[4.504s] Level 1:colcon.colcon_core.environment:create_file_with_runtime_dependencies(/home/ws/ugv_ws/install/apriltag_ros/share/colcon-core/packages/apriltag_ros)
[4.504s] INFO:colcon.colcon_ros.task.ament_cmake.build:Building ROS package in '/home/ws/ugv_ws/src/ugv_else/gmapping/slam_gmapping' with build type 'ament_cmake'
[4.505s] INFO:colcon.colcon_cmake.task.cmake.build:Building CMake package in '/home/ws/ugv_ws/src/ugv_else/gmapping/slam_gmapping'
[4.505s] INFO:colcon.colcon_core.shell:Skip shell extension 'powershell' for command environment: Not usable outside of PowerShell
[4.505s] DEBUG:colcon.colcon_core.shell:Skip shell extension 'dsv' for command environment
[4.578s] DEBUG:colcon.colcon_core.event_handler.log_command:Invoking command in '/home/ws/ugv_ws/build/slam_gmapping': CMAKE_PREFIX_PATH=/home/ws/ugv_ws/install/openslam_gmapping:/home/ws/ugv_ws/install/vizanti:/home/ws/ugv_ws/install/vizanti_server:/home/ws/ugv_ws/install/vizanti_demos:/home/ws/ugv_ws/install/vizanti_msgs:/home/ws/ugv_ws/install/vizanti_cpp:/home/ws/ugv_ws/install/ugv_slam:/home/ws/ugv_ws/install/ugv_nav:/home/ws/ugv_ws/install/ugv_interface:/home/ws/ugv_ws/install/ugv_gazebo:/home/ws/ugv_ws/install/ugv_description:/home/ws/ugv_ws/install/ugv_base_node:/home/ws/ugv_ws/install/teb_local_planner:/home/ws/ugv_ws/install/teb_msgs:/home/ws/ugv_ws/install/slam_gmapping:/home/ws/ugv_ws/install/robot_pose_publisher:/home/ws/ugv_ws/install/rf2o_laser_odometry:/home/ws/ugv_ws/install/ldlidar:/home/ws/ugv_ws/install/explore_lite:/home/ws/ugv_ws/install/emcl2:/home/ws/ugv_ws/install/costmap_converter:/home/ws/ugv_ws/install/costmap_converter_msgs:/home/ws/ugv_ws/install/cartographer:/home/ws/ugv_ws/install/apriltag_ros:/home/ws/ugv_ws/install/apriltag_msgs:/home/ws/ugv_ws/install/apriltag:/home/ws/ugv_ws/install/ugv_web_app:/home/ws/ugv_ws/install/ugv_vision:/home/ws/ugv_ws/install/ugv_tools:/home/ws/ugv_ws/install/ugv_chat_ai:/home/ws/ugv_ws/install/ugv_bringup:/opt/ros/humble /usr/bin/cmake --build /home/ws/ugv_ws/build/slam_gmapping -- -j4 -l4
[4.723s] DEBUG:colcon.colcon_core.event_handler.log_command:Invoked command in '/home/ws/ugv_ws/build/ugv_interface' returned '0': CMAKE_PREFIX_PATH=${CMAKE_PREFIX_PATH}:/home/ws/ugv_ws/install/ugv_web_app:/home/ws/ugv_ws/install/ugv_vision:/home/ws/ugv_ws/install/ugv_tools:/home/ws/ugv_ws/install/ugv_chat_ai:/home/ws/ugv_ws/install/ugv_bringup:/opt/ros/humble /usr/bin/cmake --build /home/ws/ugv_ws/build/ugv_interface -- -j4 -l4
[4.753s] DEBUG:colcon.colcon_core.event_handler.log_command:Invoked command in '/home/ws/ugv_ws/build/slam_gmapping' returned '0': CMAKE_PREFIX_PATH=/home/ws/ugv_ws/install/openslam_gmapping:/home/ws/ugv_ws/install/vizanti:/home/ws/ugv_ws/install/vizanti_server:/home/ws/ugv_ws/install/vizanti_demos:/home/ws/ugv_ws/install/vizanti_msgs:/home/ws/ugv_ws/install/vizanti_cpp:/home/ws/ugv_ws/install/ugv_slam:/home/ws/ugv_ws/install/ugv_nav:/home/ws/ugv_ws/install/ugv_interface:/home/ws/ugv_ws/install/ugv_gazebo:/home/ws/ugv_ws/install/ugv_description:/home/ws/ugv_ws/install/ugv_base_node:/home/ws/ugv_ws/install/teb_local_planner:/home/ws/ugv_ws/install/teb_msgs:/home/ws/ugv_ws/install/slam_gmapping:/home/ws/ugv_ws/install/robot_pose_publisher:/home/ws/ugv_ws/install/rf2o_laser_odometry:/home/ws/ugv_ws/install/ldlidar:/home/ws/ugv_ws/install/explore_lite:/home/ws/ugv_ws/install/emcl2:/home/ws/ugv_ws/install/costmap_converter:/home/ws/ugv_ws/install/costmap_converter_msgs:/home/ws/ugv_ws/install/cartographer:/home/ws/ugv_ws/install/apriltag_ros:/home/ws/ugv_ws/install/apriltag_msgs:/home/ws/ugv_ws/install/apriltag:/home/ws/ugv_ws/install/ugv_web_app:/home/ws/ugv_ws/install/ugv_vision:/home/ws/ugv_ws/install/ugv_tools:/home/ws/ugv_ws/install/ugv_chat_ai:/home/ws/ugv_ws/install/ugv_bringup:/opt/ros/humble /usr/bin/cmake --build /home/ws/ugv_ws/build/slam_gmapping -- -j4 -l4
[4.796s] DEBUG:colcon.colcon_core.event_handler.log_command:Invoking command in '/home/ws/ugv_ws/build/slam_gmapping': CMAKE_PREFIX_PATH=/home/ws/ugv_ws/install/openslam_gmapping:/home/ws/ugv_ws/install/vizanti:/home/ws/ugv_ws/install/vizanti_server:/home/ws/ugv_ws/install/vizanti_demos:/home/ws/ugv_ws/install/vizanti_msgs:/home/ws/ugv_ws/install/vizanti_cpp:/home/ws/ugv_ws/install/ugv_slam:/home/ws/ugv_ws/install/ugv_nav:/home/ws/ugv_ws/install/ugv_interface:/home/ws/ugv_ws/install/ugv_gazebo:/home/ws/ugv_ws/install/ugv_description:/home/ws/ugv_ws/install/ugv_base_node:/home/ws/ugv_ws/install/teb_local_planner:/home/ws/ugv_ws/install/teb_msgs:/home/ws/ugv_ws/install/slam_gmapping:/home/ws/ugv_ws/install/robot_pose_publisher:/home/ws/ugv_ws/install/rf2o_laser_odometry:/home/ws/ugv_ws/install/ldlidar:/home/ws/ugv_ws/install/explore_lite:/home/ws/ugv_ws/install/emcl2:/home/ws/ugv_ws/install/costmap_converter:/home/ws/ugv_ws/install/costmap_converter_msgs:/home/ws/ugv_ws/install/cartographer:/home/ws/ugv_ws/install/apriltag_ros:/home/ws/ugv_ws/install/apriltag_msgs:/home/ws/ugv_ws/install/apriltag:/home/ws/ugv_ws/install/ugv_web_app:/home/ws/ugv_ws/install/ugv_vision:/home/ws/ugv_ws/install/ugv_tools:/home/ws/ugv_ws/install/ugv_chat_ai:/home/ws/ugv_ws/install/ugv_bringup:/opt/ros/humble /usr/bin/cmake --install /home/ws/ugv_ws/build/slam_gmapping
[4.819s] Level 1:colcon.colcon_core.environment:create_environment_scripts_only(slam_gmapping)
[4.820s] Level 1:colcon.colcon_core.environment:checking '/home/ws/ugv_ws/install/slam_gmapping' for CMake module files
[4.820s] DEBUG:colcon.colcon_core.event_handler.log_command:Invoked command in '/home/ws/ugv_ws/build/slam_gmapping' returned '0': CMAKE_PREFIX_PATH=/home/ws/ugv_ws/install/openslam_gmapping:/home/ws/ugv_ws/install/vizanti:/home/ws/ugv_ws/install/vizanti_server:/home/ws/ugv_ws/install/vizanti_demos:/home/ws/ugv_ws/install/vizanti_msgs:/home/ws/ugv_ws/install/vizanti_cpp:/home/ws/ugv_ws/install/ugv_slam:/home/ws/ugv_ws/install/ugv_nav:/home/ws/ugv_ws/install/ugv_interface:/home/ws/ugv_ws/install/ugv_gazebo:/home/ws/ugv_ws/install/ugv_description:/home/ws/ugv_ws/install/ugv_base_node:/home/ws/ugv_ws/install/teb_local_planner:/home/ws/ugv_ws/install/teb_msgs:/home/ws/ugv_ws/install/slam_gmapping:/home/ws/ugv_ws/install/robot_pose_publisher:/home/ws/ugv_ws/install/rf2o_laser_odometry:/home/ws/ugv_ws/install/ldlidar:/home/ws/ugv_ws/install/explore_lite:/home/ws/ugv_ws/install/emcl2:/home/ws/ugv_ws/install/costmap_converter:/home/ws/ugv_ws/install/costmap_converter_msgs:/home/ws/ugv_ws/install/cartographer:/home/ws/ugv_ws/install/apriltag_ros:/home/ws/ugv_ws/install/apriltag_msgs:/home/ws/ugv_ws/install/apriltag:/home/ws/ugv_ws/install/ugv_web_app:/home/ws/ugv_ws/install/ugv_vision:/home/ws/ugv_ws/install/ugv_tools:/home/ws/ugv_ws/install/ugv_chat_ai:/home/ws/ugv_ws/install/ugv_bringup:/opt/ros/humble /usr/bin/cmake --install /home/ws/ugv_ws/build/slam_gmapping
[4.821s] Level 1:colcon.colcon_core.environment:checking '/home/ws/ugv_ws/install/slam_gmapping' for CMake config files
[4.832s] Level 1:colcon.colcon_core.shell:create_environment_hook('slam_gmapping', 'cmake_prefix_path')
[4.833s] INFO:colcon.colcon_core.shell:Creating environment hook '/home/ws/ugv_ws/install/slam_gmapping/share/slam_gmapping/hook/cmake_prefix_path.ps1'
[4.834s] INFO:colcon.colcon_core.shell:Creating environment descriptor '/home/ws/ugv_ws/install/slam_gmapping/share/slam_gmapping/hook/cmake_prefix_path.dsv'
[4.845s] INFO:colcon.colcon_core.shell:Creating environment hook '/home/ws/ugv_ws/install/slam_gmapping/share/slam_gmapping/hook/cmake_prefix_path.sh'
[4.856s] Level 1:colcon.colcon_core.environment:checking '/home/ws/ugv_ws/install/slam_gmapping/lib'
[4.856s] Level 1:colcon.colcon_core.environment:checking '/home/ws/ugv_ws/install/slam_gmapping/bin'
[4.856s] Level 1:colcon.colcon_core.environment:checking '/home/ws/ugv_ws/install/slam_gmapping/lib/pkgconfig/slam_gmapping.pc'
[4.856s] Level 1:colcon.colcon_core.environment:checking '/home/ws/ugv_ws/install/slam_gmapping/lib/python3.10/site-packages'
[4.857s] Level 1:colcon.colcon_core.environment:checking '/home/ws/ugv_ws/install/slam_gmapping/bin'
[4.857s] INFO:colcon.colcon_core.shell:Creating package script '/home/ws/ugv_ws/install/slam_gmapping/share/slam_gmapping/package.ps1'
[4.858s] INFO:colcon.colcon_core.shell:Creating package descriptor '/home/ws/ugv_ws/install/slam_gmapping/share/slam_gmapping/package.dsv'
[4.858s] INFO:colcon.colcon_core.shell:Creating package script '/home/ws/ugv_ws/install/slam_gmapping/share/slam_gmapping/package.sh'
[4.859s] INFO:colcon.colcon_core.shell:Creating package script '/home/ws/ugv_ws/install/slam_gmapping/share/slam_gmapping/package.bash'
[4.859s] INFO:colcon.colcon_core.shell:Creating package script '/home/ws/ugv_ws/install/slam_gmapping/share/slam_gmapping/package.zsh'
[4.859s] Level 1:colcon.colcon_core.environment:create_file_with_runtime_dependencies(/home/ws/ugv_ws/install/slam_gmapping/share/colcon-core/packages/slam_gmapping)
[4.864s] DEBUG:colcon.colcon_core.event_handler.log_command:Invoking command in '/home/ws/ugv_ws/build/ugv_interface': CMAKE_PREFIX_PATH=${CMAKE_PREFIX_PATH}:/home/ws/ugv_ws/install/ugv_web_app:/home/ws/ugv_ws/install/ugv_vision:/home/ws/ugv_ws/install/ugv_tools:/home/ws/ugv_ws/install/ugv_chat_ai:/home/ws/ugv_ws/install/ugv_bringup:/opt/ros/humble /usr/bin/cmake --install /home/ws/ugv_ws/build/ugv_interface
[4.887s] Level 1:colcon.colcon_core.environment:create_environment_scripts_only(slam_gmapping)
[4.888s] Level 1:colcon.colcon_core.environment:checking '/home/ws/ugv_ws/install/slam_gmapping' for CMake module files
[4.888s] Level 1:colcon.colcon_core.environment:checking '/home/ws/ugv_ws/install/slam_gmapping' for CMake config files
[4.888s] Level 1:colcon.colcon_core.shell:create_environment_hook('slam_gmapping', 'cmake_prefix_path')
[4.889s] INFO:colcon.colcon_core.shell:Creating environment hook '/home/ws/ugv_ws/install/slam_gmapping/share/slam_gmapping/hook/cmake_prefix_path.ps1'
[4.889s] INFO:colcon.colcon_core.shell:Creating environment descriptor '/home/ws/ugv_ws/install/slam_gmapping/share/slam_gmapping/hook/cmake_prefix_path.dsv'
[4.890s] INFO:colcon.colcon_core.shell:Creating environment hook '/home/ws/ugv_ws/install/slam_gmapping/share/slam_gmapping/hook/cmake_prefix_path.sh'
[4.890s] Level 1:colcon.colcon_core.environment:checking '/home/ws/ugv_ws/install/slam_gmapping/lib'
[4.890s] Level 1:colcon.colcon_core.environment:checking '/home/ws/ugv_ws/install/slam_gmapping/bin'
[4.890s] Level 1:colcon.colcon_core.environment:checking '/home/ws/ugv_ws/install/slam_gmapping/lib/pkgconfig/slam_gmapping.pc'
[4.891s] Level 1:colcon.colcon_core.environment:checking '/home/ws/ugv_ws/install/slam_gmapping/lib/python3.10/site-packages'
[4.891s] Level 1:colcon.colcon_core.environment:checking '/home/ws/ugv_ws/install/slam_gmapping/bin'
[4.891s] INFO:colcon.colcon_core.shell:Creating package script '/home/ws/ugv_ws/install/slam_gmapping/share/slam_gmapping/package.ps1'
[4.892s] INFO:colcon.colcon_core.shell:Creating package descriptor '/home/ws/ugv_ws/install/slam_gmapping/share/slam_gmapping/package.dsv'
[4.893s] INFO:colcon.colcon_core.shell:Creating package script '/home/ws/ugv_ws/install/slam_gmapping/share/slam_gmapping/package.sh'
[4.894s] INFO:colcon.colcon_core.shell:Creating package script '/home/ws/ugv_ws/install/slam_gmapping/share/slam_gmapping/package.bash'
[4.894s] INFO:colcon.colcon_core.shell:Creating package script '/home/ws/ugv_ws/install/slam_gmapping/share/slam_gmapping/package.zsh'
[4.895s] Level 1:colcon.colcon_core.environment:create_file_with_runtime_dependencies(/home/ws/ugv_ws/install/slam_gmapping/share/colcon-core/packages/slam_gmapping)
[4.895s] INFO:colcon.colcon_ros.task.ament_cmake.build:Building ROS package in '/home/ws/ugv_ws/src/ugv_else/vizanti/vizanti_demos' with build type 'ament_cmake'
[4.895s] INFO:colcon.colcon_cmake.task.cmake.build:Building CMake package in '/home/ws/ugv_ws/src/ugv_else/vizanti/vizanti_demos'
[4.896s] INFO:colcon.colcon_core.shell:Skip shell extension 'powershell' for command environment: Not usable outside of PowerShell
[4.896s] DEBUG:colcon.colcon_core.shell:Skip shell extension 'dsv' for command environment
[4.952s] DEBUG:colcon.colcon_core.event_handler.log_command:Invoking command in '/home/ws/ugv_ws/build/vizanti_demos': CMAKE_PREFIX_PATH=/home/ws/ugv_ws/install/vizanti_msgs:/home/ws/ugv_ws/install/vizanti:/home/ws/ugv_ws/install/vizanti_server:/home/ws/ugv_ws/install/vizanti_demos:/home/ws/ugv_ws/install/vizanti_cpp:/home/ws/ugv_ws/install/ugv_slam:/home/ws/ugv_ws/install/ugv_nav:/home/ws/ugv_ws/install/ugv_interface:/home/ws/ugv_ws/install/ugv_gazebo:/home/ws/ugv_ws/install/ugv_description:/home/ws/ugv_ws/install/ugv_base_node:/home/ws/ugv_ws/install/teb_local_planner:/home/ws/ugv_ws/install/teb_msgs:/home/ws/ugv_ws/install/slam_gmapping:/home/ws/ugv_ws/install/robot_pose_publisher:/home/ws/ugv_ws/install/rf2o_laser_odometry:/home/ws/ugv_ws/install/openslam_gmapping:/home/ws/ugv_ws/install/ldlidar:/home/ws/ugv_ws/install/explore_lite:/home/ws/ugv_ws/install/emcl2:/home/ws/ugv_ws/install/costmap_converter:/home/ws/ugv_ws/install/costmap_converter_msgs:/home/ws/ugv_ws/install/cartographer:/home/ws/ugv_ws/install/apriltag_ros:/home/ws/ugv_ws/install/apriltag_msgs:/home/ws/ugv_ws/install/apriltag:/home/ws/ugv_ws/install/ugv_web_app:/home/ws/ugv_ws/install/ugv_vision:/home/ws/ugv_ws/install/ugv_tools:/home/ws/ugv_ws/install/ugv_chat_ai:/home/ws/ugv_ws/install/ugv_bringup:/opt/ros/humble /usr/bin/cmake --build /home/ws/ugv_ws/build/vizanti_demos -- -j4 -l4
[5.110s] Level 1:colcon.colcon_core.environment:create_environment_scripts_only(ugv_interface)
[5.110s] Level 1:colcon.colcon_core.environment:checking '/home/ws/ugv_ws/install/ugv_interface' for CMake module files
[5.112s] Level 1:colcon.colcon_core.environment:checking '/home/ws/ugv_ws/install/ugv_interface' for CMake config files
[5.115s] DEBUG:colcon.colcon_core.event_handler.log_command:Invoked command in '/home/ws/ugv_ws/build/ugv_interface' returned '0': CMAKE_PREFIX_PATH=${CMAKE_PREFIX_PATH}:/home/ws/ugv_ws/install/ugv_web_app:/home/ws/ugv_ws/install/ugv_vision:/home/ws/ugv_ws/install/ugv_tools:/home/ws/ugv_ws/install/ugv_chat_ai:/home/ws/ugv_ws/install/ugv_bringup:/opt/ros/humble /usr/bin/cmake --install /home/ws/ugv_ws/build/ugv_interface
[5.122s] Level 1:colcon.colcon_core.shell:create_environment_hook('ugv_interface', 'cmake_prefix_path')
[5.123s] INFO:colcon.colcon_core.shell:Creating environment hook '/home/ws/ugv_ws/install/ugv_interface/share/ugv_interface/hook/cmake_prefix_path.ps1'
[5.124s] INFO:colcon.colcon_core.shell:Creating environment descriptor '/home/ws/ugv_ws/install/ugv_interface/share/ugv_interface/hook/cmake_prefix_path.dsv'
[5.125s] INFO:colcon.colcon_core.shell:Creating environment hook '/home/ws/ugv_ws/install/ugv_interface/share/ugv_interface/hook/cmake_prefix_path.sh'
[5.127s] Level 1:colcon.colcon_core.environment:checking '/home/ws/ugv_ws/install/ugv_interface/lib'
[5.127s] Level 1:colcon.colcon_core.shell:create_environment_hook('ugv_interface', 'ld_library_path_lib')
[5.128s] INFO:colcon.colcon_core.shell:Creating environment hook '/home/ws/ugv_ws/install/ugv_interface/share/ugv_interface/hook/ld_library_path_lib.ps1'
[5.129s] INFO:colcon.colcon_core.shell:Creating environment descriptor '/home/ws/ugv_ws/install/ugv_interface/share/ugv_interface/hook/ld_library_path_lib.dsv'
[5.131s] INFO:colcon.colcon_core.shell:Creating environment hook '/home/ws/ugv_ws/install/ugv_interface/share/ugv_interface/hook/ld_library_path_lib.sh'
[5.133s] Level 1:colcon.colcon_core.environment:checking '/home/ws/ugv_ws/install/ugv_interface/bin'
[5.133s] Level 1:colcon.colcon_core.environment:checking '/home/ws/ugv_ws/install/ugv_interface/lib/pkgconfig/ugv_interface.pc'
[5.134s] Level 1:colcon.colcon_core.environment:checking '/home/ws/ugv_ws/install/ugv_interface/lib/python3.10/site-packages'
[5.135s] Level 1:colcon.colcon_core.environment:checking '/home/ws/ugv_ws/install/ugv_interface/bin'
[5.136s] INFO:colcon.colcon_core.shell:Creating package script '/home/ws/ugv_ws/install/ugv_interface/share/ugv_interface/package.ps1'
[5.137s] INFO:colcon.colcon_core.shell:Creating package descriptor '/home/ws/ugv_ws/install/ugv_interface/share/ugv_interface/package.dsv'
[5.141s] INFO:colcon.colcon_core.shell:Creating package script '/home/ws/ugv_ws/install/ugv_interface/share/ugv_interface/package.sh'
[5.142s] INFO:colcon.colcon_core.shell:Creating package script '/home/ws/ugv_ws/install/ugv_interface/share/ugv_interface/package.bash'
[5.142s] INFO:colcon.colcon_core.shell:Creating package script '/home/ws/ugv_ws/install/ugv_interface/share/ugv_interface/package.zsh'
[5.144s] Level 1:colcon.colcon_core.environment:create_file_with_runtime_dependencies(/home/ws/ugv_ws/install/ugv_interface/share/colcon-core/packages/ugv_interface)
[5.255s] Level 1:colcon.colcon_core.environment:create_environment_scripts_only(ugv_interface)
[5.255s] Level 1:colcon.colcon_core.environment:checking '/home/ws/ugv_ws/install/ugv_interface' for CMake module files
[5.256s] Level 1:colcon.colcon_core.environment:checking '/home/ws/ugv_ws/install/ugv_interface' for CMake config files
[5.256s] Level 1:colcon.colcon_core.shell:create_environment_hook('ugv_interface', 'cmake_prefix_path')
[5.257s] INFO:colcon.colcon_core.shell:Creating environment hook '/home/ws/ugv_ws/install/ugv_interface/share/ugv_interface/hook/cmake_prefix_path.ps1'
[5.282s] INFO:colcon.colcon_core.shell:Creating environment descriptor '/home/ws/ugv_ws/install/ugv_interface/share/ugv_interface/hook/cmake_prefix_path.dsv'
[5.283s] INFO:colcon.colcon_core.shell:Creating environment hook '/home/ws/ugv_ws/install/ugv_interface/share/ugv_interface/hook/cmake_prefix_path.sh'
[5.284s] Level 1:colcon.colcon_core.environment:checking '/home/ws/ugv_ws/install/ugv_interface/lib'
[5.284s] Level 1:colcon.colcon_core.shell:create_environment_hook('ugv_interface', 'ld_library_path_lib')
[5.285s] INFO:colcon.colcon_core.shell:Creating environment hook '/home/ws/ugv_ws/install/ugv_interface/share/ugv_interface/hook/ld_library_path_lib.ps1'
[5.286s] INFO:colcon.colcon_core.shell:Creating environment descriptor '/home/ws/ugv_ws/install/ugv_interface/share/ugv_interface/hook/ld_library_path_lib.dsv'
[5.287s] INFO:colcon.colcon_core.shell:Creating environment hook '/home/ws/ugv_ws/install/ugv_interface/share/ugv_interface/hook/ld_library_path_lib.sh'
[5.287s] Level 1:colcon.colcon_core.environment:checking '/home/ws/ugv_ws/install/ugv_interface/bin'
[5.288s] Level 1:colcon.colcon_core.environment:checking '/home/ws/ugv_ws/install/ugv_interface/lib/pkgconfig/ugv_interface.pc'
[5.288s] Level 1:colcon.colcon_core.environment:checking '/home/ws/ugv_ws/install/ugv_interface/lib/python3.10/site-packages'
[5.288s] Level 1:colcon.colcon_core.environment:checking '/home/ws/ugv_ws/install/ugv_interface/bin'
[5.289s] INFO:colcon.colcon_core.shell:Creating package script '/home/ws/ugv_ws/install/ugv_interface/share/ugv_interface/package.ps1'
[5.290s] INFO:colcon.colcon_core.shell:Creating package descriptor '/home/ws/ugv_ws/install/ugv_interface/share/ugv_interface/package.dsv'
[5.291s] INFO:colcon.colcon_core.shell:Creating package script '/home/ws/ugv_ws/install/ugv_interface/share/ugv_interface/package.sh'
[5.294s] INFO:colcon.colcon_core.shell:Creating package script '/home/ws/ugv_ws/install/ugv_interface/share/ugv_interface/package.bash'
[5.295s] INFO:colcon.colcon_core.shell:Creating package script '/home/ws/ugv_ws/install/ugv_interface/share/ugv_interface/package.zsh'
[5.295s] Level 1:colcon.colcon_core.environment:create_file_with_runtime_dependencies(/home/ws/ugv_ws/install/ugv_interface/share/colcon-core/packages/ugv_interface)
[5.296s] INFO:colcon.colcon_ros.task.ament_cmake.build:Building ROS package in '/home/ws/ugv_ws/src/ugv_else/teb_local_planner/teb_local_planner' with build type 'ament_cmake'
[5.296s] INFO:colcon.colcon_cmake.task.cmake.build:Building CMake package in '/home/ws/ugv_ws/src/ugv_else/teb_local_planner/teb_local_planner'
[5.296s] INFO:colcon.colcon_core.shell:Skip shell extension 'powershell' for command environment: Not usable outside of PowerShell
[5.296s] DEBUG:colcon.colcon_core.shell:Skip shell extension 'dsv' for command environment
[5.335s] DEBUG:colcon.colcon_core.event_handler.log_command:Invoking command in '/home/ws/ugv_ws/build/teb_local_planner': CMAKE_PREFIX_PATH=/home/ws/ugv_ws/install/teb_msgs:/home/ws/ugv_ws/install/costmap_converter:/home/ws/ugv_ws/install/costmap_converter_msgs:/home/ws/ugv_ws/install/vizanti:/home/ws/ugv_ws/install/vizanti_server:/home/ws/ugv_ws/install/vizanti_demos:/home/ws/ugv_ws/install/vizanti_msgs:/home/ws/ugv_ws/install/vizanti_cpp:/home/ws/ugv_ws/install/ugv_slam:/home/ws/ugv_ws/install/ugv_nav:/home/ws/ugv_ws/install/ugv_interface:/home/ws/ugv_ws/install/ugv_gazebo:/home/ws/ugv_ws/install/ugv_description:/home/ws/ugv_ws/install/ugv_base_node:/home/ws/ugv_ws/install/teb_local_planner:/home/ws/ugv_ws/install/slam_gmapping:/home/ws/ugv_ws/install/robot_pose_publisher:/home/ws/ugv_ws/install/rf2o_laser_odometry:/home/ws/ugv_ws/install/openslam_gmapping:/home/ws/ugv_ws/install/ldlidar:/home/ws/ugv_ws/install/explore_lite:/home/ws/ugv_ws/install/emcl2:/home/ws/ugv_ws/install/cartographer:/home/ws/ugv_ws/install/apriltag_ros:/home/ws/ugv_ws/install/apriltag_msgs:/home/ws/ugv_ws/install/apriltag:/home/ws/ugv_ws/install/ugv_web_app:/home/ws/ugv_ws/install/ugv_vision:/home/ws/ugv_ws/install/ugv_tools:/home/ws/ugv_ws/install/ugv_chat_ai:/home/ws/ugv_ws/install/ugv_bringup:/opt/ros/humble LD_LIBRARY_PATH=/home/ws/ugv_ws/install/teb_msgs/lib:/home/ws/ugv_ws/install/costmap_converter/lib:/home/ws/ugv_ws/install/costmap_converter_msgs/lib:/home/ws/ugv_ws/install/vizanti_msgs/lib:/home/ws/ugv_ws/install/ugv_interface/lib:/home/ws/ugv_ws/install/teb_local_planner/lib:/home/ws/ugv_ws/install/openslam_gmapping/lib:/home/ws/ugv_ws/install/apriltag_ros/lib:/home/ws/ugv_ws/install/apriltag_msgs/lib:/home/ws/ugv_ws/install/apriltag/lib:/opt/ros/humble/opt/rviz_ogre_vendor/lib:/opt/ros/humble/lib/aarch64-linux-gnu:/opt/ros/humble/lib /usr/bin/cmake --build /home/ws/ugv_ws/build/teb_local_planner -- -j4 -l4
[5.768s] DEBUG:colcon.colcon_core.event_handler.log_command:Invoked command in '/home/ws/ugv_ws/build/teb_local_planner' returned '0': CMAKE_PREFIX_PATH=/home/ws/ugv_ws/install/teb_msgs:/home/ws/ugv_ws/install/costmap_converter:/home/ws/ugv_ws/install/costmap_converter_msgs:/home/ws/ugv_ws/install/vizanti:/home/ws/ugv_ws/install/vizanti_server:/home/ws/ugv_ws/install/vizanti_demos:/home/ws/ugv_ws/install/vizanti_msgs:/home/ws/ugv_ws/install/vizanti_cpp:/home/ws/ugv_ws/install/ugv_slam:/home/ws/ugv_ws/install/ugv_nav:/home/ws/ugv_ws/install/ugv_interface:/home/ws/ugv_ws/install/ugv_gazebo:/home/ws/ugv_ws/install/ugv_description:/home/ws/ugv_ws/install/ugv_base_node:/home/ws/ugv_ws/install/teb_local_planner:/home/ws/ugv_ws/install/slam_gmapping:/home/ws/ugv_ws/install/robot_pose_publisher:/home/ws/ugv_ws/install/rf2o_laser_odometry:/home/ws/ugv_ws/install/openslam_gmapping:/home/ws/ugv_ws/install/ldlidar:/home/ws/ugv_ws/install/explore_lite:/home/ws/ugv_ws/install/emcl2:/home/ws/ugv_ws/install/cartographer:/home/ws/ugv_ws/install/apriltag_ros:/home/ws/ugv_ws/install/apriltag_msgs:/home/ws/ugv_ws/install/apriltag:/home/ws/ugv_ws/install/ugv_web_app:/home/ws/ugv_ws/install/ugv_vision:/home/ws/ugv_ws/install/ugv_tools:/home/ws/ugv_ws/install/ugv_chat_ai:/home/ws/ugv_ws/install/ugv_bringup:/opt/ros/humble LD_LIBRARY_PATH=/home/ws/ugv_ws/install/teb_msgs/lib:/home/ws/ugv_ws/install/costmap_converter/lib:/home/ws/ugv_ws/install/costmap_converter_msgs/lib:/home/ws/ugv_ws/install/vizanti_msgs/lib:/home/ws/ugv_ws/install/ugv_interface/lib:/home/ws/ugv_ws/install/teb_local_planner/lib:/home/ws/ugv_ws/install/openslam_gmapping/lib:/home/ws/ugv_ws/install/apriltag_ros/lib:/home/ws/ugv_ws/install/apriltag_msgs/lib:/home/ws/ugv_ws/install/apriltag/lib:/opt/ros/humble/opt/rviz_ogre_vendor/lib:/opt/ros/humble/lib/aarch64-linux-gnu:/opt/ros/humble/lib /usr/bin/cmake --build /home/ws/ugv_ws/build/teb_local_planner -- -j4 -l4
[5.840s] DEBUG:colcon.colcon_core.event_handler.log_command:Invoking command in '/home/ws/ugv_ws/build/teb_local_planner': CMAKE_PREFIX_PATH=/home/ws/ugv_ws/install/teb_msgs:/home/ws/ugv_ws/install/costmap_converter:/home/ws/ugv_ws/install/costmap_converter_msgs:/home/ws/ugv_ws/install/vizanti:/home/ws/ugv_ws/install/vizanti_server:/home/ws/ugv_ws/install/vizanti_demos:/home/ws/ugv_ws/install/vizanti_msgs:/home/ws/ugv_ws/install/vizanti_cpp:/home/ws/ugv_ws/install/ugv_slam:/home/ws/ugv_ws/install/ugv_nav:/home/ws/ugv_ws/install/ugv_interface:/home/ws/ugv_ws/install/ugv_gazebo:/home/ws/ugv_ws/install/ugv_description:/home/ws/ugv_ws/install/ugv_base_node:/home/ws/ugv_ws/install/teb_local_planner:/home/ws/ugv_ws/install/slam_gmapping:/home/ws/ugv_ws/install/robot_pose_publisher:/home/ws/ugv_ws/install/rf2o_laser_odometry:/home/ws/ugv_ws/install/openslam_gmapping:/home/ws/ugv_ws/install/ldlidar:/home/ws/ugv_ws/install/explore_lite:/home/ws/ugv_ws/install/emcl2:/home/ws/ugv_ws/install/cartographer:/home/ws/ugv_ws/install/apriltag_ros:/home/ws/ugv_ws/install/apriltag_msgs:/home/ws/ugv_ws/install/apriltag:/home/ws/ugv_ws/install/ugv_web_app:/home/ws/ugv_ws/install/ugv_vision:/home/ws/ugv_ws/install/ugv_tools:/home/ws/ugv_ws/install/ugv_chat_ai:/home/ws/ugv_ws/install/ugv_bringup:/opt/ros/humble LD_LIBRARY_PATH=/home/ws/ugv_ws/install/teb_msgs/lib:/home/ws/ugv_ws/install/costmap_converter/lib:/home/ws/ugv_ws/install/costmap_converter_msgs/lib:/home/ws/ugv_ws/install/vizanti_msgs/lib:/home/ws/ugv_ws/install/ugv_interface/lib:/home/ws/ugv_ws/install/teb_local_planner/lib:/home/ws/ugv_ws/install/openslam_gmapping/lib:/home/ws/ugv_ws/install/apriltag_ros/lib:/home/ws/ugv_ws/install/apriltag_msgs/lib:/home/ws/ugv_ws/install/apriltag/lib:/opt/ros/humble/opt/rviz_ogre_vendor/lib:/opt/ros/humble/lib/aarch64-linux-gnu:/opt/ros/humble/lib /usr/bin/cmake --install /home/ws/ugv_ws/build/teb_local_planner
[5.870s] Level 1:colcon.colcon_core.environment:create_environment_scripts_only(teb_local_planner)
[5.870s] Level 1:colcon.colcon_core.environment:checking '/home/ws/ugv_ws/install/teb_local_planner' for CMake module files
[5.871s] Level 1:colcon.colcon_core.environment:checking '/home/ws/ugv_ws/install/teb_local_planner' for CMake config files
[5.872s] DEBUG:colcon.colcon_core.event_handler.log_command:Invoked command in '/home/ws/ugv_ws/build/teb_local_planner' returned '0': CMAKE_PREFIX_PATH=/home/ws/ugv_ws/install/teb_msgs:/home/ws/ugv_ws/install/costmap_converter:/home/ws/ugv_ws/install/costmap_converter_msgs:/home/ws/ugv_ws/install/vizanti:/home/ws/ugv_ws/install/vizanti_server:/home/ws/ugv_ws/install/vizanti_demos:/home/ws/ugv_ws/install/vizanti_msgs:/home/ws/ugv_ws/install/vizanti_cpp:/home/ws/ugv_ws/install/ugv_slam:/home/ws/ugv_ws/install/ugv_nav:/home/ws/ugv_ws/install/ugv_interface:/home/ws/ugv_ws/install/ugv_gazebo:/home/ws/ugv_ws/install/ugv_description:/home/ws/ugv_ws/install/ugv_base_node:/home/ws/ugv_ws/install/teb_local_planner:/home/ws/ugv_ws/install/slam_gmapping:/home/ws/ugv_ws/install/robot_pose_publisher:/home/ws/ugv_ws/install/rf2o_laser_odometry:/home/ws/ugv_ws/install/openslam_gmapping:/home/ws/ugv_ws/install/ldlidar:/home/ws/ugv_ws/install/explore_lite:/home/ws/ugv_ws/install/emcl2:/home/ws/ugv_ws/install/cartographer:/home/ws/ugv_ws/install/apriltag_ros:/home/ws/ugv_ws/install/apriltag_msgs:/home/ws/ugv_ws/install/apriltag:/home/ws/ugv_ws/install/ugv_web_app:/home/ws/ugv_ws/install/ugv_vision:/home/ws/ugv_ws/install/ugv_tools:/home/ws/ugv_ws/install/ugv_chat_ai:/home/ws/ugv_ws/install/ugv_bringup:/opt/ros/humble LD_LIBRARY_PATH=/home/ws/ugv_ws/install/teb_msgs/lib:/home/ws/ugv_ws/install/costmap_converter/lib:/home/ws/ugv_ws/install/costmap_converter_msgs/lib:/home/ws/ugv_ws/install/vizanti_msgs/lib:/home/ws/ugv_ws/install/ugv_interface/lib:/home/ws/ugv_ws/install/teb_local_planner/lib:/home/ws/ugv_ws/install/openslam_gmapping/lib:/home/ws/ugv_ws/install/apriltag_ros/lib:/home/ws/ugv_ws/install/apriltag_msgs/lib:/home/ws/ugv_ws/install/apriltag/lib:/opt/ros/humble/opt/rviz_ogre_vendor/lib:/opt/ros/humble/lib/aarch64-linux-gnu:/opt/ros/humble/lib /usr/bin/cmake --install /home/ws/ugv_ws/build/teb_local_planner
[5.872s] Level 1:colcon.colcon_core.shell:create_environment_hook('teb_local_planner', 'cmake_prefix_path')
[5.872s] INFO:colcon.colcon_core.shell:Creating environment hook '/home/ws/ugv_ws/install/teb_local_planner/share/teb_local_planner/hook/cmake_prefix_path.ps1'
[5.873s] INFO:colcon.colcon_core.shell:Creating environment descriptor '/home/ws/ugv_ws/install/teb_local_planner/share/teb_local_planner/hook/cmake_prefix_path.dsv'
[5.877s] INFO:colcon.colcon_core.shell:Creating environment hook '/home/ws/ugv_ws/install/teb_local_planner/share/teb_local_planner/hook/cmake_prefix_path.sh'
[5.881s] Level 1:colcon.colcon_core.environment:checking '/home/ws/ugv_ws/install/teb_local_planner/lib'
[5.881s] Level 1:colcon.colcon_core.shell:create_environment_hook('teb_local_planner', 'ld_library_path_lib')
[5.882s] INFO:colcon.colcon_core.shell:Creating environment hook '/home/ws/ugv_ws/install/teb_local_planner/share/teb_local_planner/hook/ld_library_path_lib.ps1'
[5.882s] INFO:colcon.colcon_core.shell:Creating environment descriptor '/home/ws/ugv_ws/install/teb_local_planner/share/teb_local_planner/hook/ld_library_path_lib.dsv'
[5.883s] INFO:colcon.colcon_core.shell:Creating environment hook '/home/ws/ugv_ws/install/teb_local_planner/share/teb_local_planner/hook/ld_library_path_lib.sh'
[5.883s] Level 1:colcon.colcon_core.environment:checking '/home/ws/ugv_ws/install/teb_local_planner/bin'
[5.884s] Level 1:colcon.colcon_core.environment:checking '/home/ws/ugv_ws/install/teb_local_planner/lib/pkgconfig/teb_local_planner.pc'
[5.884s] Level 1:colcon.colcon_core.environment:checking '/home/ws/ugv_ws/install/teb_local_planner/lib/python3.10/site-packages'
[5.884s] Level 1:colcon.colcon_core.environment:checking '/home/ws/ugv_ws/install/teb_local_planner/bin'
[5.885s] INFO:colcon.colcon_core.shell:Creating package script '/home/ws/ugv_ws/install/teb_local_planner/share/teb_local_planner/package.ps1'
[5.886s] INFO:colcon.colcon_core.shell:Creating package descriptor '/home/ws/ugv_ws/install/teb_local_planner/share/teb_local_planner/package.dsv'
[5.886s] INFO:colcon.colcon_core.shell:Creating package script '/home/ws/ugv_ws/install/teb_local_planner/share/teb_local_planner/package.sh'
[5.887s] INFO:colcon.colcon_core.shell:Creating package script '/home/ws/ugv_ws/install/teb_local_planner/share/teb_local_planner/package.bash'
[5.887s] INFO:colcon.colcon_core.shell:Creating package script '/home/ws/ugv_ws/install/teb_local_planner/share/teb_local_planner/package.zsh'
[5.888s] Level 1:colcon.colcon_core.environment:create_file_with_runtime_dependencies(/home/ws/ugv_ws/install/teb_local_planner/share/colcon-core/packages/teb_local_planner)
[5.959s] Level 1:colcon.colcon_core.environment:create_environment_scripts_only(teb_local_planner)
[5.959s] Level 1:colcon.colcon_core.environment:checking '/home/ws/ugv_ws/install/teb_local_planner' for CMake module files
[5.960s] Level 1:colcon.colcon_core.environment:checking '/home/ws/ugv_ws/install/teb_local_planner' for CMake config files
[5.960s] Level 1:colcon.colcon_core.shell:create_environment_hook('teb_local_planner', 'cmake_prefix_path')
[5.961s] INFO:colcon.colcon_core.shell:Creating environment hook '/home/ws/ugv_ws/install/teb_local_planner/share/teb_local_planner/hook/cmake_prefix_path.ps1'
[5.961s] INFO:colcon.colcon_core.shell:Creating environment descriptor '/home/ws/ugv_ws/install/teb_local_planner/share/teb_local_planner/hook/cmake_prefix_path.dsv'
[5.962s] INFO:colcon.colcon_core.shell:Creating environment hook '/home/ws/ugv_ws/install/teb_local_planner/share/teb_local_planner/hook/cmake_prefix_path.sh'
[5.962s] Level 1:colcon.colcon_core.environment:checking '/home/ws/ugv_ws/install/teb_local_planner/lib'
[5.962s] Level 1:colcon.colcon_core.shell:create_environment_hook('teb_local_planner', 'ld_library_path_lib')
[5.963s] INFO:colcon.colcon_core.shell:Creating environment hook '/home/ws/ugv_ws/install/teb_local_planner/share/teb_local_planner/hook/ld_library_path_lib.ps1'
[5.963s] INFO:colcon.colcon_core.shell:Creating environment descriptor '/home/ws/ugv_ws/install/teb_local_planner/share/teb_local_planner/hook/ld_library_path_lib.dsv'
[5.963s] INFO:colcon.colcon_core.shell:Creating environment hook '/home/ws/ugv_ws/install/teb_local_planner/share/teb_local_planner/hook/ld_library_path_lib.sh'
[5.966s] Level 1:colcon.colcon_core.environment:checking '/home/ws/ugv_ws/install/teb_local_planner/bin'
[5.966s] Level 1:colcon.colcon_core.environment:checking '/home/ws/ugv_ws/install/teb_local_planner/lib/pkgconfig/teb_local_planner.pc'
[5.967s] Level 1:colcon.colcon_core.environment:checking '/home/ws/ugv_ws/install/teb_local_planner/lib/python3.10/site-packages'
[5.967s] Level 1:colcon.colcon_core.environment:checking '/home/ws/ugv_ws/install/teb_local_planner/bin'
[5.970s] INFO:colcon.colcon_core.shell:Creating package script '/home/ws/ugv_ws/install/teb_local_planner/share/teb_local_planner/package.ps1'
[5.971s] INFO:colcon.colcon_core.shell:Creating package descriptor '/home/ws/ugv_ws/install/teb_local_planner/share/teb_local_planner/package.dsv'
[5.974s] INFO:colcon.colcon_core.shell:Creating package script '/home/ws/ugv_ws/install/teb_local_planner/share/teb_local_planner/package.sh'
[5.975s] INFO:colcon.colcon_core.shell:Creating package script '/home/ws/ugv_ws/install/teb_local_planner/share/teb_local_planner/package.bash'
[5.975s] INFO:colcon.colcon_core.shell:Creating package script '/home/ws/ugv_ws/install/teb_local_planner/share/teb_local_planner/package.zsh'
[5.976s] Level 1:colcon.colcon_core.environment:create_file_with_runtime_dependencies(/home/ws/ugv_ws/install/teb_local_planner/share/colcon-core/packages/teb_local_planner)
[5.978s] INFO:colcon.colcon_ros.task.ament_cmake.build:Building ROS package in '/home/ws/ugv_ws/src/ugv_else/vizanti/vizanti' with build type 'ament_cmake'
[5.978s] INFO:colcon.colcon_cmake.task.cmake.build:Building CMake package in '/home/ws/ugv_ws/src/ugv_else/vizanti/vizanti'
[5.979s] INFO:colcon.colcon_core.shell:Skip shell extension 'powershell' for command environment: Not usable outside of PowerShell
[5.979s] DEBUG:colcon.colcon_core.shell:Skip shell extension 'dsv' for command environment
[6.013s] DEBUG:colcon.colcon_core.event_handler.log_command:Invoking command in '/home/ws/ugv_ws/build/vizanti': CMAKE_PREFIX_PATH=/home/ws/ugv_ws/install/vizanti_server:/home/ws/ugv_ws/install/vizanti_msgs:/home/ws/ugv_ws/install/vizanti:/home/ws/ugv_ws/install/vizanti_demos:/home/ws/ugv_ws/install/vizanti_cpp:/home/ws/ugv_ws/install/ugv_slam:/home/ws/ugv_ws/install/ugv_nav:/home/ws/ugv_ws/install/ugv_interface:/home/ws/ugv_ws/install/ugv_gazebo:/home/ws/ugv_ws/install/ugv_description:/home/ws/ugv_ws/install/ugv_base_node:/home/ws/ugv_ws/install/teb_local_planner:/home/ws/ugv_ws/install/teb_msgs:/home/ws/ugv_ws/install/slam_gmapping:/home/ws/ugv_ws/install/robot_pose_publisher:/home/ws/ugv_ws/install/rf2o_laser_odometry:/home/ws/ugv_ws/install/openslam_gmapping:/home/ws/ugv_ws/install/ldlidar:/home/ws/ugv_ws/install/explore_lite:/home/ws/ugv_ws/install/emcl2:/home/ws/ugv_ws/install/costmap_converter:/home/ws/ugv_ws/install/costmap_converter_msgs:/home/ws/ugv_ws/install/cartographer:/home/ws/ugv_ws/install/apriltag_ros:/home/ws/ugv_ws/install/apriltag_msgs:/home/ws/ugv_ws/install/apriltag:/home/ws/ugv_ws/install/ugv_web_app:/home/ws/ugv_ws/install/ugv_vision:/home/ws/ugv_ws/install/ugv_tools:/home/ws/ugv_ws/install/ugv_chat_ai:/home/ws/ugv_ws/install/ugv_bringup:/opt/ros/humble /usr/bin/cmake --build /home/ws/ugv_ws/build/vizanti -- -j4 -l4
[6.336s] DEBUG:colcon.colcon_core.event_handler.log_command:Invoked command in '/home/ws/ugv_ws/build/vizanti_demos' returned '0': CMAKE_PREFIX_PATH=/home/ws/ugv_ws/install/vizanti_msgs:/home/ws/ugv_ws/install/vizanti:/home/ws/ugv_ws/install/vizanti_server:/home/ws/ugv_ws/install/vizanti_demos:/home/ws/ugv_ws/install/vizanti_cpp:/home/ws/ugv_ws/install/ugv_slam:/home/ws/ugv_ws/install/ugv_nav:/home/ws/ugv_ws/install/ugv_interface:/home/ws/ugv_ws/install/ugv_gazebo:/home/ws/ugv_ws/install/ugv_description:/home/ws/ugv_ws/install/ugv_base_node:/home/ws/ugv_ws/install/teb_local_planner:/home/ws/ugv_ws/install/teb_msgs:/home/ws/ugv_ws/install/slam_gmapping:/home/ws/ugv_ws/install/robot_pose_publisher:/home/ws/ugv_ws/install/rf2o_laser_odometry:/home/ws/ugv_ws/install/openslam_gmapping:/home/ws/ugv_ws/install/ldlidar:/home/ws/ugv_ws/install/explore_lite:/home/ws/ugv_ws/install/emcl2:/home/ws/ugv_ws/install/costmap_converter:/home/ws/ugv_ws/install/costmap_converter_msgs:/home/ws/ugv_ws/install/cartographer:/home/ws/ugv_ws/install/apriltag_ros:/home/ws/ugv_ws/install/apriltag_msgs:/home/ws/ugv_ws/install/apriltag:/home/ws/ugv_ws/install/ugv_web_app:/home/ws/ugv_ws/install/ugv_vision:/home/ws/ugv_ws/install/ugv_tools:/home/ws/ugv_ws/install/ugv_chat_ai:/home/ws/ugv_ws/install/ugv_bringup:/opt/ros/humble /usr/bin/cmake --build /home/ws/ugv_ws/build/vizanti_demos -- -j4 -l4
[6.376s] DEBUG:colcon.colcon_core.event_handler.log_command:Invoking command in '/home/ws/ugv_ws/build/vizanti_demos': CMAKE_PREFIX_PATH=/home/ws/ugv_ws/install/vizanti_msgs:/home/ws/ugv_ws/install/vizanti:/home/ws/ugv_ws/install/vizanti_server:/home/ws/ugv_ws/install/vizanti_demos:/home/ws/ugv_ws/install/vizanti_cpp:/home/ws/ugv_ws/install/ugv_slam:/home/ws/ugv_ws/install/ugv_nav:/home/ws/ugv_ws/install/ugv_interface:/home/ws/ugv_ws/install/ugv_gazebo:/home/ws/ugv_ws/install/ugv_description:/home/ws/ugv_ws/install/ugv_base_node:/home/ws/ugv_ws/install/teb_local_planner:/home/ws/ugv_ws/install/teb_msgs:/home/ws/ugv_ws/install/slam_gmapping:/home/ws/ugv_ws/install/robot_pose_publisher:/home/ws/ugv_ws/install/rf2o_laser_odometry:/home/ws/ugv_ws/install/openslam_gmapping:/home/ws/ugv_ws/install/ldlidar:/home/ws/ugv_ws/install/explore_lite:/home/ws/ugv_ws/install/emcl2:/home/ws/ugv_ws/install/costmap_converter:/home/ws/ugv_ws/install/costmap_converter_msgs:/home/ws/ugv_ws/install/cartographer:/home/ws/ugv_ws/install/apriltag_ros:/home/ws/ugv_ws/install/apriltag_msgs:/home/ws/ugv_ws/install/apriltag:/home/ws/ugv_ws/install/ugv_web_app:/home/ws/ugv_ws/install/ugv_vision:/home/ws/ugv_ws/install/ugv_tools:/home/ws/ugv_ws/install/ugv_chat_ai:/home/ws/ugv_ws/install/ugv_bringup:/opt/ros/humble /usr/bin/cmake --install /home/ws/ugv_ws/build/vizanti_demos
[6.406s] Level 1:colcon.colcon_core.environment:create_environment_scripts_only(vizanti_demos)
[6.407s] Level 1:colcon.colcon_core.environment:checking '/home/ws/ugv_ws/install/vizanti_demos' for CMake module files
[6.408s] Level 1:colcon.colcon_core.environment:checking '/home/ws/ugv_ws/install/vizanti_demos' for CMake config files
[6.409s] DEBUG:colcon.colcon_core.event_handler.log_command:Invoked command in '/home/ws/ugv_ws/build/vizanti_demos' returned '0': CMAKE_PREFIX_PATH=/home/ws/ugv_ws/install/vizanti_msgs:/home/ws/ugv_ws/install/vizanti:/home/ws/ugv_ws/install/vizanti_server:/home/ws/ugv_ws/install/vizanti_demos:/home/ws/ugv_ws/install/vizanti_cpp:/home/ws/ugv_ws/install/ugv_slam:/home/ws/ugv_ws/install/ugv_nav:/home/ws/ugv_ws/install/ugv_interface:/home/ws/ugv_ws/install/ugv_gazebo:/home/ws/ugv_ws/install/ugv_description:/home/ws/ugv_ws/install/ugv_base_node:/home/ws/ugv_ws/install/teb_local_planner:/home/ws/ugv_ws/install/teb_msgs:/home/ws/ugv_ws/install/slam_gmapping:/home/ws/ugv_ws/install/robot_pose_publisher:/home/ws/ugv_ws/install/rf2o_laser_odometry:/home/ws/ugv_ws/install/openslam_gmapping:/home/ws/ugv_ws/install/ldlidar:/home/ws/ugv_ws/install/explore_lite:/home/ws/ugv_ws/install/emcl2:/home/ws/ugv_ws/install/costmap_converter:/home/ws/ugv_ws/install/costmap_converter_msgs:/home/ws/ugv_ws/install/cartographer:/home/ws/ugv_ws/install/apriltag_ros:/home/ws/ugv_ws/install/apriltag_msgs:/home/ws/ugv_ws/install/apriltag:/home/ws/ugv_ws/install/ugv_web_app:/home/ws/ugv_ws/install/ugv_vision:/home/ws/ugv_ws/install/ugv_tools:/home/ws/ugv_ws/install/ugv_chat_ai:/home/ws/ugv_ws/install/ugv_bringup:/opt/ros/humble /usr/bin/cmake --install /home/ws/ugv_ws/build/vizanti_demos
[6.409s] Level 1:colcon.colcon_core.shell:create_environment_hook('vizanti_demos', 'cmake_prefix_path')
[6.409s] INFO:colcon.colcon_core.shell:Creating environment hook '/home/ws/ugv_ws/install/vizanti_demos/share/vizanti_demos/hook/cmake_prefix_path.ps1'
[6.410s] INFO:colcon.colcon_core.shell:Creating environment descriptor '/home/ws/ugv_ws/install/vizanti_demos/share/vizanti_demos/hook/cmake_prefix_path.dsv'
[6.410s] INFO:colcon.colcon_core.shell:Creating environment hook '/home/ws/ugv_ws/install/vizanti_demos/share/vizanti_demos/hook/cmake_prefix_path.sh'
[6.411s] Level 1:colcon.colcon_core.environment:checking '/home/ws/ugv_ws/install/vizanti_demos/lib'
[6.412s] Level 1:colcon.colcon_core.environment:checking '/home/ws/ugv_ws/install/vizanti_demos/bin'
[6.412s] Level 1:colcon.colcon_core.environment:checking '/home/ws/ugv_ws/install/vizanti_demos/lib/pkgconfig/vizanti_demos.pc'
[6.412s] Level 1:colcon.colcon_core.environment:checking '/home/ws/ugv_ws/install/vizanti_demos/lib/python3.10/site-packages'
[6.413s] Level 1:colcon.colcon_core.environment:checking '/home/ws/ugv_ws/install/vizanti_demos/bin'
[6.413s] INFO:colcon.colcon_core.shell:Creating package script '/home/ws/ugv_ws/install/vizanti_demos/share/vizanti_demos/package.ps1'
[6.414s] INFO:colcon.colcon_core.shell:Creating package descriptor '/home/ws/ugv_ws/install/vizanti_demos/share/vizanti_demos/package.dsv'
[6.415s] INFO:colcon.colcon_core.shell:Creating package script '/home/ws/ugv_ws/install/vizanti_demos/share/vizanti_demos/package.sh'
[6.415s] INFO:colcon.colcon_core.shell:Creating package script '/home/ws/ugv_ws/install/vizanti_demos/share/vizanti_demos/package.bash'
[6.416s] INFO:colcon.colcon_core.shell:Creating package script '/home/ws/ugv_ws/install/vizanti_demos/share/vizanti_demos/package.zsh'
[6.417s] Level 1:colcon.colcon_core.environment:create_file_with_runtime_dependencies(/home/ws/ugv_ws/install/vizanti_demos/share/colcon-core/packages/vizanti_demos)
[6.457s] Level 1:colcon.colcon_core.environment:create_environment_scripts_only(vizanti_demos)
[6.457s] Level 1:colcon.colcon_core.environment:checking '/home/ws/ugv_ws/install/vizanti_demos' for CMake module files
[6.458s] Level 1:colcon.colcon_core.environment:checking '/home/ws/ugv_ws/install/vizanti_demos' for CMake config files
[6.459s] Level 1:colcon.colcon_core.shell:create_environment_hook('vizanti_demos', 'cmake_prefix_path')
[6.459s] INFO:colcon.colcon_core.shell:Creating environment hook '/home/ws/ugv_ws/install/vizanti_demos/share/vizanti_demos/hook/cmake_prefix_path.ps1'
[6.460s] INFO:colcon.colcon_core.shell:Creating environment descriptor '/home/ws/ugv_ws/install/vizanti_demos/share/vizanti_demos/hook/cmake_prefix_path.dsv'
[6.463s] INFO:colcon.colcon_core.shell:Creating environment hook '/home/ws/ugv_ws/install/vizanti_demos/share/vizanti_demos/hook/cmake_prefix_path.sh'
[6.468s] Level 1:colcon.colcon_core.environment:checking '/home/ws/ugv_ws/install/vizanti_demos/lib'
[6.468s] Level 1:colcon.colcon_core.environment:checking '/home/ws/ugv_ws/install/vizanti_demos/bin'
[6.469s] Level 1:colcon.colcon_core.environment:checking '/home/ws/ugv_ws/install/vizanti_demos/lib/pkgconfig/vizanti_demos.pc'
[6.470s] Level 1:colcon.colcon_core.environment:checking '/home/ws/ugv_ws/install/vizanti_demos/lib/python3.10/site-packages'
[6.470s] Level 1:colcon.colcon_core.environment:checking '/home/ws/ugv_ws/install/vizanti_demos/bin'
[6.471s] INFO:colcon.colcon_core.shell:Creating package script '/home/ws/ugv_ws/install/vizanti_demos/share/vizanti_demos/package.ps1'
[6.473s] INFO:colcon.colcon_core.shell:Creating package descriptor '/home/ws/ugv_ws/install/vizanti_demos/share/vizanti_demos/package.dsv'
[6.474s] INFO:colcon.colcon_core.shell:Creating package script '/home/ws/ugv_ws/install/vizanti_demos/share/vizanti_demos/package.sh'
[6.476s] INFO:colcon.colcon_core.shell:Creating package script '/home/ws/ugv_ws/install/vizanti_demos/share/vizanti_demos/package.bash'
[6.477s] INFO:colcon.colcon_core.shell:Creating package script '/home/ws/ugv_ws/install/vizanti_demos/share/vizanti_demos/package.zsh'
[6.480s] Level 1:colcon.colcon_core.environment:create_file_with_runtime_dependencies(/home/ws/ugv_ws/install/vizanti_demos/share/colcon-core/packages/vizanti_demos)
[6.523s] DEBUG:colcon.colcon_core.event_handler.log_command:Invoked command in '/home/ws/ugv_ws/build/vizanti' returned '0': CMAKE_PREFIX_PATH=/home/ws/ugv_ws/install/vizanti_server:/home/ws/ugv_ws/install/vizanti_msgs:/home/ws/ugv_ws/install/vizanti:/home/ws/ugv_ws/install/vizanti_demos:/home/ws/ugv_ws/install/vizanti_cpp:/home/ws/ugv_ws/install/ugv_slam:/home/ws/ugv_ws/install/ugv_nav:/home/ws/ugv_ws/install/ugv_interface:/home/ws/ugv_ws/install/ugv_gazebo:/home/ws/ugv_ws/install/ugv_description:/home/ws/ugv_ws/install/ugv_base_node:/home/ws/ugv_ws/install/teb_local_planner:/home/ws/ugv_ws/install/teb_msgs:/home/ws/ugv_ws/install/slam_gmapping:/home/ws/ugv_ws/install/robot_pose_publisher:/home/ws/ugv_ws/install/rf2o_laser_odometry:/home/ws/ugv_ws/install/openslam_gmapping:/home/ws/ugv_ws/install/ldlidar:/home/ws/ugv_ws/install/explore_lite:/home/ws/ugv_ws/install/emcl2:/home/ws/ugv_ws/install/costmap_converter:/home/ws/ugv_ws/install/costmap_converter_msgs:/home/ws/ugv_ws/install/cartographer:/home/ws/ugv_ws/install/apriltag_ros:/home/ws/ugv_ws/install/apriltag_msgs:/home/ws/ugv_ws/install/apriltag:/home/ws/ugv_ws/install/ugv_web_app:/home/ws/ugv_ws/install/ugv_vision:/home/ws/ugv_ws/install/ugv_tools:/home/ws/ugv_ws/install/ugv_chat_ai:/home/ws/ugv_ws/install/ugv_bringup:/opt/ros/humble /usr/bin/cmake --build /home/ws/ugv_ws/build/vizanti -- -j4 -l4
[6.552s] DEBUG:colcon.colcon_core.event_handler.log_command:Invoking command in '/home/ws/ugv_ws/build/vizanti': CMAKE_PREFIX_PATH=/home/ws/ugv_ws/install/vizanti_server:/home/ws/ugv_ws/install/vizanti_msgs:/home/ws/ugv_ws/install/vizanti:/home/ws/ugv_ws/install/vizanti_demos:/home/ws/ugv_ws/install/vizanti_cpp:/home/ws/ugv_ws/install/ugv_slam:/home/ws/ugv_ws/install/ugv_nav:/home/ws/ugv_ws/install/ugv_interface:/home/ws/ugv_ws/install/ugv_gazebo:/home/ws/ugv_ws/install/ugv_description:/home/ws/ugv_ws/install/ugv_base_node:/home/ws/ugv_ws/install/teb_local_planner:/home/ws/ugv_ws/install/teb_msgs:/home/ws/ugv_ws/install/slam_gmapping:/home/ws/ugv_ws/install/robot_pose_publisher:/home/ws/ugv_ws/install/rf2o_laser_odometry:/home/ws/ugv_ws/install/openslam_gmapping:/home/ws/ugv_ws/install/ldlidar:/home/ws/ugv_ws/install/explore_lite:/home/ws/ugv_ws/install/emcl2:/home/ws/ugv_ws/install/costmap_converter:/home/ws/ugv_ws/install/costmap_converter_msgs:/home/ws/ugv_ws/install/cartographer:/home/ws/ugv_ws/install/apriltag_ros:/home/ws/ugv_ws/install/apriltag_msgs:/home/ws/ugv_ws/install/apriltag:/home/ws/ugv_ws/install/ugv_web_app:/home/ws/ugv_ws/install/ugv_vision:/home/ws/ugv_ws/install/ugv_tools:/home/ws/ugv_ws/install/ugv_chat_ai:/home/ws/ugv_ws/install/ugv_bringup:/opt/ros/humble /usr/bin/cmake --install /home/ws/ugv_ws/build/vizanti
[6.570s] Level 1:colcon.colcon_core.environment:create_environment_scripts_only(vizanti)
[6.571s] Level 1:colcon.colcon_core.environment:checking '/home/ws/ugv_ws/install/vizanti' for CMake module files
[6.572s] Level 1:colcon.colcon_core.environment:checking '/home/ws/ugv_ws/install/vizanti' for CMake config files
[6.572s] DEBUG:colcon.colcon_core.event_handler.log_command:Invoked command in '/home/ws/ugv_ws/build/vizanti' returned '0': CMAKE_PREFIX_PATH=/home/ws/ugv_ws/install/vizanti_server:/home/ws/ugv_ws/install/vizanti_msgs:/home/ws/ugv_ws/install/vizanti:/home/ws/ugv_ws/install/vizanti_demos:/home/ws/ugv_ws/install/vizanti_cpp:/home/ws/ugv_ws/install/ugv_slam:/home/ws/ugv_ws/install/ugv_nav:/home/ws/ugv_ws/install/ugv_interface:/home/ws/ugv_ws/install/ugv_gazebo:/home/ws/ugv_ws/install/ugv_description:/home/ws/ugv_ws/install/ugv_base_node:/home/ws/ugv_ws/install/teb_local_planner:/home/ws/ugv_ws/install/teb_msgs:/home/ws/ugv_ws/install/slam_gmapping:/home/ws/ugv_ws/install/robot_pose_publisher:/home/ws/ugv_ws/install/rf2o_laser_odometry:/home/ws/ugv_ws/install/openslam_gmapping:/home/ws/ugv_ws/install/ldlidar:/home/ws/ugv_ws/install/explore_lite:/home/ws/ugv_ws/install/emcl2:/home/ws/ugv_ws/install/costmap_converter:/home/ws/ugv_ws/install/costmap_converter_msgs:/home/ws/ugv_ws/install/cartographer:/home/ws/ugv_ws/install/apriltag_ros:/home/ws/ugv_ws/install/apriltag_msgs:/home/ws/ugv_ws/install/apriltag:/home/ws/ugv_ws/install/ugv_web_app:/home/ws/ugv_ws/install/ugv_vision:/home/ws/ugv_ws/install/ugv_tools:/home/ws/ugv_ws/install/ugv_chat_ai:/home/ws/ugv_ws/install/ugv_bringup:/opt/ros/humble /usr/bin/cmake --install /home/ws/ugv_ws/build/vizanti
[6.573s] Level 1:colcon.colcon_core.shell:create_environment_hook('vizanti', 'cmake_prefix_path')
[6.574s] INFO:colcon.colcon_core.shell:Creating environment hook '/home/ws/ugv_ws/install/vizanti/share/vizanti/hook/cmake_prefix_path.ps1'
[6.574s] INFO:colcon.colcon_core.shell:Creating environment descriptor '/home/ws/ugv_ws/install/vizanti/share/vizanti/hook/cmake_prefix_path.dsv'
[6.575s] INFO:colcon.colcon_core.shell:Creating environment hook '/home/ws/ugv_ws/install/vizanti/share/vizanti/hook/cmake_prefix_path.sh'
[6.576s] Level 1:colcon.colcon_core.environment:checking '/home/ws/ugv_ws/install/vizanti/bin'
[6.576s] Level 1:colcon.colcon_core.environment:checking '/home/ws/ugv_ws/install/vizanti/lib/pkgconfig/vizanti.pc'
[6.576s] Level 1:colcon.colcon_core.environment:checking '/home/ws/ugv_ws/install/vizanti/lib/python3.10/site-packages'
[6.577s] Level 1:colcon.colcon_core.environment:checking '/home/ws/ugv_ws/install/vizanti/bin'
[6.577s] INFO:colcon.colcon_core.shell:Creating package script '/home/ws/ugv_ws/install/vizanti/share/vizanti/package.ps1'
[6.578s] INFO:colcon.colcon_core.shell:Creating package descriptor '/home/ws/ugv_ws/install/vizanti/share/vizanti/package.dsv'
[6.579s] INFO:colcon.colcon_core.shell:Creating package script '/home/ws/ugv_ws/install/vizanti/share/vizanti/package.sh'
[6.580s] INFO:colcon.colcon_core.shell:Creating package script '/home/ws/ugv_ws/install/vizanti/share/vizanti/package.bash'
[6.581s] INFO:colcon.colcon_core.shell:Creating package script '/home/ws/ugv_ws/install/vizanti/share/vizanti/package.zsh'
[6.581s] Level 1:colcon.colcon_core.environment:create_file_with_runtime_dependencies(/home/ws/ugv_ws/install/vizanti/share/colcon-core/packages/vizanti)
[6.607s] Level 1:colcon.colcon_core.environment:create_environment_scripts_only(vizanti)
[6.608s] Level 1:colcon.colcon_core.environment:checking '/home/ws/ugv_ws/install/vizanti' for CMake module files
[6.608s] Level 1:colcon.colcon_core.environment:checking '/home/ws/ugv_ws/install/vizanti' for CMake config files
[6.609s] Level 1:colcon.colcon_core.shell:create_environment_hook('vizanti', 'cmake_prefix_path')
[6.609s] INFO:colcon.colcon_core.shell:Creating environment hook '/home/ws/ugv_ws/install/vizanti/share/vizanti/hook/cmake_prefix_path.ps1'
[6.610s] INFO:colcon.colcon_core.shell:Creating environment descriptor '/home/ws/ugv_ws/install/vizanti/share/vizanti/hook/cmake_prefix_path.dsv'
[6.611s] INFO:colcon.colcon_core.shell:Creating environment hook '/home/ws/ugv_ws/install/vizanti/share/vizanti/hook/cmake_prefix_path.sh'
[6.612s] Level 1:colcon.colcon_core.environment:checking '/home/ws/ugv_ws/install/vizanti/bin'
[6.612s] Level 1:colcon.colcon_core.environment:checking '/home/ws/ugv_ws/install/vizanti/lib/pkgconfig/vizanti.pc'
[6.613s] Level 1:colcon.colcon_core.environment:checking '/home/ws/ugv_ws/install/vizanti/lib/python3.10/site-packages'
[6.613s] Level 1:colcon.colcon_core.environment:checking '/home/ws/ugv_ws/install/vizanti/bin'
[6.613s] INFO:colcon.colcon_core.shell:Creating package script '/home/ws/ugv_ws/install/vizanti/share/vizanti/package.ps1'
[6.614s] INFO:colcon.colcon_core.shell:Creating package descriptor '/home/ws/ugv_ws/install/vizanti/share/vizanti/package.dsv'
[6.618s] INFO:colcon.colcon_core.shell:Creating package script '/home/ws/ugv_ws/install/vizanti/share/vizanti/package.sh'
[6.619s] INFO:colcon.colcon_core.shell:Creating package script '/home/ws/ugv_ws/install/vizanti/share/vizanti/package.bash'
[6.619s] INFO:colcon.colcon_core.shell:Creating package script '/home/ws/ugv_ws/install/vizanti/share/vizanti/package.zsh'
[6.620s] Level 1:colcon.colcon_core.environment:create_file_with_runtime_dependencies(/home/ws/ugv_ws/install/vizanti/share/colcon-core/packages/vizanti)
[12.071s] DEBUG:colcon.colcon_core.event_handler.log_command:Invoked command in '/home/ws/ugv_ws/build/robot_pose_publisher' returned '0': CMAKE_PREFIX_PATH=${CMAKE_PREFIX_PATH}:/home/ws/ugv_ws/install/ugv_web_app:/home/ws/ugv_ws/install/ugv_vision:/home/ws/ugv_ws/install/ugv_tools:/home/ws/ugv_ws/install/ugv_chat_ai:/home/ws/ugv_ws/install/ugv_bringup:/opt/ros/humble /usr/bin/cmake --build /home/ws/ugv_ws/build/robot_pose_publisher -- -j4 -l4
[12.098s] DEBUG:colcon.colcon_core.event_handler.log_command:Invoking command in '/home/ws/ugv_ws/build/robot_pose_publisher': CMAKE_PREFIX_PATH=${CMAKE_PREFIX_PATH}:/home/ws/ugv_ws/install/ugv_web_app:/home/ws/ugv_ws/install/ugv_vision:/home/ws/ugv_ws/install/ugv_tools:/home/ws/ugv_ws/install/ugv_chat_ai:/home/ws/ugv_ws/install/ugv_bringup:/opt/ros/humble /usr/bin/cmake --install /home/ws/ugv_ws/build/robot_pose_publisher
[12.118s] Level 1:colcon.colcon_core.environment:create_environment_scripts_only(robot_pose_publisher)
[12.119s] Level 1:colcon.colcon_core.environment:checking '/home/ws/ugv_ws/install/robot_pose_publisher' for CMake module files
[12.119s] DEBUG:colcon.colcon_core.event_handler.log_command:Invoked command in '/home/ws/ugv_ws/build/robot_pose_publisher' returned '0': CMAKE_PREFIX_PATH=${CMAKE_PREFIX_PATH}:/home/ws/ugv_ws/install/ugv_web_app:/home/ws/ugv_ws/install/ugv_vision:/home/ws/ugv_ws/install/ugv_tools:/home/ws/ugv_ws/install/ugv_chat_ai:/home/ws/ugv_ws/install/ugv_bringup:/opt/ros/humble /usr/bin/cmake --install /home/ws/ugv_ws/build/robot_pose_publisher
[12.120s] Level 1:colcon.colcon_core.environment:checking '/home/ws/ugv_ws/install/robot_pose_publisher' for CMake config files
[12.121s] Level 1:colcon.colcon_core.shell:create_environment_hook('robot_pose_publisher', 'cmake_prefix_path')
[12.122s] INFO:colcon.colcon_core.shell:Creating environment hook '/home/ws/ugv_ws/install/robot_pose_publisher/share/robot_pose_publisher/hook/cmake_prefix_path.ps1'
[12.122s] INFO:colcon.colcon_core.shell:Creating environment descriptor '/home/ws/ugv_ws/install/robot_pose_publisher/share/robot_pose_publisher/hook/cmake_prefix_path.dsv'
[12.126s] INFO:colcon.colcon_core.shell:Creating environment hook '/home/ws/ugv_ws/install/robot_pose_publisher/share/robot_pose_publisher/hook/cmake_prefix_path.sh'
[12.130s] Level 1:colcon.colcon_core.environment:checking '/home/ws/ugv_ws/install/robot_pose_publisher/lib'
[12.130s] Level 1:colcon.colcon_core.environment:checking '/home/ws/ugv_ws/install/robot_pose_publisher/bin'
[12.130s] Level 1:colcon.colcon_core.environment:checking '/home/ws/ugv_ws/install/robot_pose_publisher/lib/pkgconfig/robot_pose_publisher.pc'
[12.131s] Level 1:colcon.colcon_core.environment:checking '/home/ws/ugv_ws/install/robot_pose_publisher/lib/python3.10/site-packages'
[12.131s] Level 1:colcon.colcon_core.environment:checking '/home/ws/ugv_ws/install/robot_pose_publisher/bin'
[12.131s] INFO:colcon.colcon_core.shell:Creating package script '/home/ws/ugv_ws/install/robot_pose_publisher/share/robot_pose_publisher/package.ps1'
[12.134s] INFO:colcon.colcon_core.shell:Creating package descriptor '/home/ws/ugv_ws/install/robot_pose_publisher/share/robot_pose_publisher/package.dsv'
[12.137s] INFO:colcon.colcon_core.shell:Creating package script '/home/ws/ugv_ws/install/robot_pose_publisher/share/robot_pose_publisher/package.sh'
[12.141s] INFO:colcon.colcon_core.shell:Creating package script '/home/ws/ugv_ws/install/robot_pose_publisher/share/robot_pose_publisher/package.bash'
[12.145s] INFO:colcon.colcon_core.shell:Creating package script '/home/ws/ugv_ws/install/robot_pose_publisher/share/robot_pose_publisher/package.zsh'
[12.149s] Level 1:colcon.colcon_core.environment:create_file_with_runtime_dependencies(/home/ws/ugv_ws/install/robot_pose_publisher/share/colcon-core/packages/robot_pose_publisher)
[12.178s] Level 1:colcon.colcon_core.environment:create_environment_scripts_only(robot_pose_publisher)
[12.179s] Level 1:colcon.colcon_core.environment:checking '/home/ws/ugv_ws/install/robot_pose_publisher' for CMake module files
[12.179s] Level 1:colcon.colcon_core.environment:checking '/home/ws/ugv_ws/install/robot_pose_publisher' for CMake config files
[12.180s] Level 1:colcon.colcon_core.shell:create_environment_hook('robot_pose_publisher', 'cmake_prefix_path')
[12.180s] INFO:colcon.colcon_core.shell:Creating environment hook '/home/ws/ugv_ws/install/robot_pose_publisher/share/robot_pose_publisher/hook/cmake_prefix_path.ps1'
[12.180s] INFO:colcon.colcon_core.shell:Creating environment descriptor '/home/ws/ugv_ws/install/robot_pose_publisher/share/robot_pose_publisher/hook/cmake_prefix_path.dsv'
[12.185s] INFO:colcon.colcon_core.shell:Creating environment hook '/home/ws/ugv_ws/install/robot_pose_publisher/share/robot_pose_publisher/hook/cmake_prefix_path.sh'
[12.189s] Level 1:colcon.colcon_core.environment:checking '/home/ws/ugv_ws/install/robot_pose_publisher/lib'
[12.189s] Level 1:colcon.colcon_core.environment:checking '/home/ws/ugv_ws/install/robot_pose_publisher/bin'
[12.189s] Level 1:colcon.colcon_core.environment:checking '/home/ws/ugv_ws/install/robot_pose_publisher/lib/pkgconfig/robot_pose_publisher.pc'
[12.189s] Level 1:colcon.colcon_core.environment:checking '/home/ws/ugv_ws/install/robot_pose_publisher/lib/python3.10/site-packages'
[12.190s] Level 1:colcon.colcon_core.environment:checking '/home/ws/ugv_ws/install/robot_pose_publisher/bin'
[12.190s] INFO:colcon.colcon_core.shell:Creating package script '/home/ws/ugv_ws/install/robot_pose_publisher/share/robot_pose_publisher/package.ps1'
[12.192s] INFO:colcon.colcon_core.shell:Creating package descriptor '/home/ws/ugv_ws/install/robot_pose_publisher/share/robot_pose_publisher/package.dsv'
[12.196s] INFO:colcon.colcon_core.shell:Creating package script '/home/ws/ugv_ws/install/robot_pose_publisher/share/robot_pose_publisher/package.sh'
[12.197s] INFO:colcon.colcon_core.shell:Creating package script '/home/ws/ugv_ws/install/robot_pose_publisher/share/robot_pose_publisher/package.bash'
[12.198s] INFO:colcon.colcon_core.shell:Creating package script '/home/ws/ugv_ws/install/robot_pose_publisher/share/robot_pose_publisher/package.zsh'
[12.198s] Level 1:colcon.colcon_core.environment:create_file_with_runtime_dependencies(/home/ws/ugv_ws/install/robot_pose_publisher/share/colcon-core/packages/robot_pose_publisher)
[18.743s] DEBUG:colcon.colcon_core.event_handler.log_command:Invoked command in '/home/ws/ugv_ws/build/vizanti_cpp' returned '0': CMAKE_PREFIX_PATH=${CMAKE_PREFIX_PATH}:/home/ws/ugv_ws/install/ugv_web_app:/home/ws/ugv_ws/install/ugv_vision:/home/ws/ugv_ws/install/ugv_tools:/home/ws/ugv_ws/install/ugv_chat_ai:/home/ws/ugv_ws/install/ugv_bringup:/opt/ros/humble /usr/bin/cmake --build /home/ws/ugv_ws/build/vizanti_cpp -- -j4 -l4
[18.767s] DEBUG:colcon.colcon_core.event_handler.log_command:Invoking command in '/home/ws/ugv_ws/build/vizanti_cpp': CMAKE_PREFIX_PATH=${CMAKE_PREFIX_PATH}:/home/ws/ugv_ws/install/ugv_web_app:/home/ws/ugv_ws/install/ugv_vision:/home/ws/ugv_ws/install/ugv_tools:/home/ws/ugv_ws/install/ugv_chat_ai:/home/ws/ugv_ws/install/ugv_bringup:/opt/ros/humble /usr/bin/cmake --install /home/ws/ugv_ws/build/vizanti_cpp
[18.786s] Level 1:colcon.colcon_core.environment:create_environment_scripts_only(vizanti_cpp)
[18.786s] Level 1:colcon.colcon_core.environment:checking '/home/ws/ugv_ws/install/vizanti_cpp' for CMake module files
[18.787s] Level 1:colcon.colcon_core.environment:checking '/home/ws/ugv_ws/install/vizanti_cpp' for CMake config files
[18.787s] DEBUG:colcon.colcon_core.event_handler.log_command:Invoked command in '/home/ws/ugv_ws/build/vizanti_cpp' returned '0': CMAKE_PREFIX_PATH=${CMAKE_PREFIX_PATH}:/home/ws/ugv_ws/install/ugv_web_app:/home/ws/ugv_ws/install/ugv_vision:/home/ws/ugv_ws/install/ugv_tools:/home/ws/ugv_ws/install/ugv_chat_ai:/home/ws/ugv_ws/install/ugv_bringup:/opt/ros/humble /usr/bin/cmake --install /home/ws/ugv_ws/build/vizanti_cpp
[18.789s] Level 1:colcon.colcon_core.shell:create_environment_hook('vizanti_cpp', 'cmake_prefix_path')
[18.789s] INFO:colcon.colcon_core.shell:Creating environment hook '/home/ws/ugv_ws/install/vizanti_cpp/share/vizanti_cpp/hook/cmake_prefix_path.ps1'
[18.789s] INFO:colcon.colcon_core.shell:Creating environment descriptor '/home/ws/ugv_ws/install/vizanti_cpp/share/vizanti_cpp/hook/cmake_prefix_path.dsv'
[18.793s] INFO:colcon.colcon_core.shell:Creating environment hook '/home/ws/ugv_ws/install/vizanti_cpp/share/vizanti_cpp/hook/cmake_prefix_path.sh'
[18.797s] Level 1:colcon.colcon_core.environment:checking '/home/ws/ugv_ws/install/vizanti_cpp/lib'
[18.797s] Level 1:colcon.colcon_core.environment:checking '/home/ws/ugv_ws/install/vizanti_cpp/bin'
[18.797s] Level 1:colcon.colcon_core.environment:checking '/home/ws/ugv_ws/install/vizanti_cpp/lib/pkgconfig/vizanti_cpp.pc'
[18.798s] Level 1:colcon.colcon_core.environment:checking '/home/ws/ugv_ws/install/vizanti_cpp/lib/python3.10/site-packages'
[18.798s] Level 1:colcon.colcon_core.environment:checking '/home/ws/ugv_ws/install/vizanti_cpp/bin'
[18.798s] INFO:colcon.colcon_core.shell:Creating package script '/home/ws/ugv_ws/install/vizanti_cpp/share/vizanti_cpp/package.ps1'
[18.801s] INFO:colcon.colcon_core.shell:Creating package descriptor '/home/ws/ugv_ws/install/vizanti_cpp/share/vizanti_cpp/package.dsv'
[18.805s] INFO:colcon.colcon_core.shell:Creating package script '/home/ws/ugv_ws/install/vizanti_cpp/share/vizanti_cpp/package.sh'
[18.808s] INFO:colcon.colcon_core.shell:Creating package script '/home/ws/ugv_ws/install/vizanti_cpp/share/vizanti_cpp/package.bash'
[18.812s] INFO:colcon.colcon_core.shell:Creating package script '/home/ws/ugv_ws/install/vizanti_cpp/share/vizanti_cpp/package.zsh'
[18.816s] Level 1:colcon.colcon_core.environment:create_file_with_runtime_dependencies(/home/ws/ugv_ws/install/vizanti_cpp/share/colcon-core/packages/vizanti_cpp)
[18.843s] Level 1:colcon.colcon_core.environment:create_environment_scripts_only(vizanti_cpp)
[18.843s] Level 1:colcon.colcon_core.environment:checking '/home/ws/ugv_ws/install/vizanti_cpp' for CMake module files
[18.844s] Level 1:colcon.colcon_core.environment:checking '/home/ws/ugv_ws/install/vizanti_cpp' for CMake config files
[18.844s] Level 1:colcon.colcon_core.shell:create_environment_hook('vizanti_cpp', 'cmake_prefix_path')
[18.844s] INFO:colcon.colcon_core.shell:Creating environment hook '/home/ws/ugv_ws/install/vizanti_cpp/share/vizanti_cpp/hook/cmake_prefix_path.ps1'
[18.845s] INFO:colcon.colcon_core.shell:Creating environment descriptor '/home/ws/ugv_ws/install/vizanti_cpp/share/vizanti_cpp/hook/cmake_prefix_path.dsv'
[18.849s] INFO:colcon.colcon_core.shell:Creating environment hook '/home/ws/ugv_ws/install/vizanti_cpp/share/vizanti_cpp/hook/cmake_prefix_path.sh'
[18.853s] Level 1:colcon.colcon_core.environment:checking '/home/ws/ugv_ws/install/vizanti_cpp/lib'
[18.853s] Level 1:colcon.colcon_core.environment:checking '/home/ws/ugv_ws/install/vizanti_cpp/bin'
[18.853s] Level 1:colcon.colcon_core.environment:checking '/home/ws/ugv_ws/install/vizanti_cpp/lib/pkgconfig/vizanti_cpp.pc'
[18.853s] Level 1:colcon.colcon_core.environment:checking '/home/ws/ugv_ws/install/vizanti_cpp/lib/python3.10/site-packages'
[18.853s] Level 1:colcon.colcon_core.environment:checking '/home/ws/ugv_ws/install/vizanti_cpp/bin'
[18.854s] INFO:colcon.colcon_core.shell:Creating package script '/home/ws/ugv_ws/install/vizanti_cpp/share/vizanti_cpp/package.ps1'
[18.856s] INFO:colcon.colcon_core.shell:Creating package descriptor '/home/ws/ugv_ws/install/vizanti_cpp/share/vizanti_cpp/package.dsv'
[18.860s] INFO:colcon.colcon_core.shell:Creating package script '/home/ws/ugv_ws/install/vizanti_cpp/share/vizanti_cpp/package.sh'
[18.864s] INFO:colcon.colcon_core.shell:Creating package script '/home/ws/ugv_ws/install/vizanti_cpp/share/vizanti_cpp/package.bash'
[18.868s] INFO:colcon.colcon_core.shell:Creating package script '/home/ws/ugv_ws/install/vizanti_cpp/share/vizanti_cpp/package.zsh'
[18.871s] Level 1:colcon.colcon_core.environment:create_file_with_runtime_dependencies(/home/ws/ugv_ws/install/vizanti_cpp/share/colcon-core/packages/vizanti_cpp)
[18.875s] DEBUG:colcon.colcon_parallel_executor.executor.parallel:closing loop
[18.875s] DEBUG:colcon.colcon_parallel_executor.executor.parallel:loop closed
[18.875s] DEBUG:colcon.colcon_parallel_executor.executor.parallel:run_until_complete finished with '0'
[18.876s] DEBUG:colcon.colcon_core.event_reactor:joining thread
[18.886s] INFO:colcon.colcon_core.plugin_system:Skipping extension 'colcon_notification.desktop_notification.notify_send': Could not find 'notify-send'
[18.886s] INFO:colcon.colcon_core.plugin_system:Skipping extension 'colcon_notification.desktop_notification.terminal_notifier': Not used on non-Darwin systems
[18.886s] INFO:colcon.colcon_core.plugin_system:Skipping extension 'colcon_notification.desktop_notification.win32': Not used on non-Windows systems
[18.886s] INFO:colcon.colcon_notification.desktop_notification:Sending desktop notification using 'notify2'
[18.888s] DEBUG:colcon.colcon_notification.desktop_notification.notify2:Failed to initialize notify2: org.freedesktop.DBus.Error.Spawn.ExecFailed: /usr/bin/dbus-launch terminated abnormally without any error message
[18.889s] DEBUG:colcon.colcon_core.event_reactor:joined thread
[18.889s] INFO:colcon.colcon_core.shell:Creating prefix script '/home/ws/ugv_ws/install/local_setup.ps1'
[18.890s] INFO:colcon.colcon_core.shell:Creating prefix util module '/home/ws/ugv_ws/install/_local_setup_util_ps1.py'
[18.895s] INFO:colcon.colcon_core.shell:Creating prefix chain script '/home/ws/ugv_ws/install/setup.ps1'
[18.898s] INFO:colcon.colcon_core.shell:Creating prefix script '/home/ws/ugv_ws/install/local_setup.sh'
[18.901s] INFO:colcon.colcon_core.shell:Creating prefix util module '/home/ws/ugv_ws/install/_local_setup_util_sh.py'
[18.906s] INFO:colcon.colcon_core.shell:Creating prefix chain script '/home/ws/ugv_ws/install/setup.sh'
[18.910s] INFO:colcon.colcon_core.shell:Creating prefix script '/home/ws/ugv_ws/install/local_setup.bash'
[18.913s] INFO:colcon.colcon_core.shell:Creating prefix chain script '/home/ws/ugv_ws/install/setup.bash'
[18.917s] INFO:colcon.colcon_core.shell:Creating prefix script '/home/ws/ugv_ws/install/local_setup.zsh'
[18.921s] INFO:colcon.colcon_core.shell:Creating prefix chain script '/home/ws/ugv_ws/install/setup.zsh'
