[0.146s] DEBUG:colcon:Command line arguments: ['/usr/bin/colcon', 'build', '--packages-select', 'apriltag', 'apriltag_msgs', 'apriltag_ros', 'cartographer', 'costmap_converter_msgs', 'costmap_converter', 'emcl2', 'explore_lite', 'openslam_gmapping', 'slam_gmapping', 'ldlidar', 'rf2o_laser_odometry', 'robot_pose_publisher', 'teb_msgs', 'teb_local_planner', 'vizanti', 'vizanti_cpp', 'vizanti_demos', 'vizanti_msgs', 'vizanti_server', 'ugv_base_node', 'ugv_interface']
[0.147s] DEBUG:colcon:Parsed command line arguments: Namespace(log_base=None, log_level=None, verb_name='build', build_base='build', install_base='install', merge_install=False, symlink_install=False, test_result_base=None, continue_on_error=False, executor='parallel', parallel_workers=4, event_handlers=None, ignore_user_meta=False, metas=['./colcon.meta'], base_paths=['.'], packages_ignore=None, packages_ignore_regex=None, paths=None, packages_up_to=None, packages_up_to_regex=None, packages_above=None, packages_above_and_dependencies=None, packages_above_depth=None, packages_select_by_dep=None, packages_skip_by_dep=None, packages_skip_up_to=None, packages_select_build_failed=False, packages_skip_build_finished=False, packages_select_test_failures=False, packages_skip_test_passed=False, packages_select=['apriltag', 'apriltag_msgs', 'apriltag_ros', 'cartographer', 'costmap_converter_msgs', 'costmap_converter', 'emcl2', 'explore_lite', 'openslam_gmapping', 'slam_gmapping', 'ldlidar', 'rf2o_laser_odometry', 'robot_pose_publisher', 'teb_msgs', 'teb_local_planner', 'vizanti', 'vizanti_cpp', 'vizanti_demos', 'vizanti_msgs', 'vizanti_server', 'ugv_base_node', 'ugv_interface'], packages_skip=None, packages_select_regex=None, packages_skip_regex=None, packages_start=None, packages_end=None, cmake_args=None, cmake_target=None, cmake_target_skip_unavailable=False, cmake_clean_cache=False, cmake_clean_first=False, cmake_force_configure=False, ament_cmake_args=None, catkin_cmake_args=None, catkin_skip_building_tests=False, mixin_files=None, mixin=None, verb_parser=<colcon_mixin.mixin.mixin_argument.MixinArgumentDecorator object at 0x7fff3e1075e0>, verb_extension=<colcon_core.verb.build.BuildVerb object at 0x7fff3e107130>, main=<bound method BuildVerb.main of <colcon_core.verb.build.BuildVerb object at 0x7fff3e107130>>, mixin_verb=('build',))
[0.329s] Level 1:colcon.colcon_core.package_discovery:discover_packages(colcon_meta) check parameters
[0.330s] INFO:colcon.colcon_metadata.package_discovery.colcon_meta:Using configuration from '/root/.colcon/metadata/default/Gazebo.meta'
[0.331s] INFO:colcon.colcon_metadata.package_discovery.colcon_meta:Using configuration from '/root/.colcon/metadata/default/fastrtps.meta'
[0.331s] Level 1:colcon.colcon_core.package_discovery:discover_packages(recursive) check parameters
[0.331s] Level 1:colcon.colcon_core.package_discovery:discover_packages(ignore) check parameters
[0.331s] Level 1:colcon.colcon_core.package_discovery:discover_packages(path) check parameters
[0.331s] Level 1:colcon.colcon_core.package_discovery:discover_packages(colcon_meta) discover
[0.331s] Level 1:colcon.colcon_core.package_discovery:discover_packages(recursive) discover
[0.331s] INFO:colcon.colcon_core.package_discovery:Crawling recursively for packages in '/home/ws/ugv_ws'
[0.331s] Level 1:colcon.colcon_core.package_identification:_identify(.) by extensions ['ignore', 'ignore_ament_install']
[0.331s] Level 1:colcon.colcon_core.package_identification:_identify(.) by extension 'ignore'
[0.331s] Level 1:colcon.colcon_core.package_identification:_identify(.) by extension 'ignore_ament_install'
[0.331s] Level 1:colcon.colcon_core.package_identification:_identify(.) by extensions ['colcon_pkg']
[0.331s] Level 1:colcon.colcon_core.package_identification:_identify(.) by extension 'colcon_pkg'
[0.331s] Level 1:colcon.colcon_core.package_identification:_identify(.) by extensions ['colcon_meta']
[0.332s] Level 1:colcon.colcon_core.package_identification:_identify(.) by extension 'colcon_meta'
[0.332s] Level 1:colcon.colcon_core.package_identification:_identify(.) by extensions ['ros']
[0.332s] Level 1:colcon.colcon_core.package_identification:_identify(.) by extension 'ros'
[0.347s] Level 1:colcon.colcon_core.package_identification:_identify(.) by extensions ['cmake', 'python']
[0.347s] Level 1:colcon.colcon_core.package_identification:_identify(.) by extension 'cmake'
[0.347s] Level 1:colcon.colcon_core.package_identification:_identify(.) by extension 'python'
[0.347s] Level 1:colcon.colcon_core.package_identification:_identify(.) by extensions ['python_setup_py']
[0.347s] Level 1:colcon.colcon_core.package_identification:_identify(.) by extension 'python_setup_py'
[0.347s] Level 1:colcon.colcon_core.package_identification:_identify(build) by extensions ['ignore', 'ignore_ament_install']
[0.347s] Level 1:colcon.colcon_core.package_identification:_identify(build) by extension 'ignore'
[0.347s] Level 1:colcon.colcon_core.package_identification:_identify(build) ignored
[0.348s] Level 1:colcon.colcon_core.package_identification:_identify(install) by extensions ['ignore', 'ignore_ament_install']
[0.348s] Level 1:colcon.colcon_core.package_identification:_identify(install) by extension 'ignore'
[0.348s] Level 1:colcon.colcon_core.package_identification:_identify(install) ignored
[0.348s] Level 1:colcon.colcon_core.package_identification:_identify(log) by extensions ['ignore', 'ignore_ament_install']
[0.348s] Level 1:colcon.colcon_core.package_identification:_identify(log) by extension 'ignore'
[0.348s] Level 1:colcon.colcon_core.package_identification:_identify(log) ignored
[0.348s] Level 1:colcon.colcon_core.package_identification:_identify(src) by extensions ['ignore', 'ignore_ament_install']
[0.348s] Level 1:colcon.colcon_core.package_identification:_identify(src) by extension 'ignore'
[0.348s] Level 1:colcon.colcon_core.package_identification:_identify(src) by extension 'ignore_ament_install'
[0.348s] Level 1:colcon.colcon_core.package_identification:_identify(src) by extensions ['colcon_pkg']
[0.348s] Level 1:colcon.colcon_core.package_identification:_identify(src) by extension 'colcon_pkg'
[0.348s] Level 1:colcon.colcon_core.package_identification:_identify(src) by extensions ['colcon_meta']
[0.348s] Level 1:colcon.colcon_core.package_identification:_identify(src) by extension 'colcon_meta'
[0.348s] Level 1:colcon.colcon_core.package_identification:_identify(src) by extensions ['ros']
[0.348s] Level 1:colcon.colcon_core.package_identification:_identify(src) by extension 'ros'
[0.348s] Level 1:colcon.colcon_core.package_identification:_identify(src) by extensions ['cmake', 'python']
[0.348s] Level 1:colcon.colcon_core.package_identification:_identify(src) by extension 'cmake'
[0.348s] Level 1:colcon.colcon_core.package_identification:_identify(src) by extension 'python'
[0.348s] Level 1:colcon.colcon_core.package_identification:_identify(src) by extensions ['python_setup_py']
[0.348s] Level 1:colcon.colcon_core.package_identification:_identify(src) by extension 'python_setup_py'
[0.349s] Level 1:colcon.colcon_core.package_identification:_identify(src/ugv_else) by extensions ['ignore', 'ignore_ament_install']
[0.349s] Level 1:colcon.colcon_core.package_identification:_identify(src/ugv_else) by extension 'ignore'
[0.349s] Level 1:colcon.colcon_core.package_identification:_identify(src/ugv_else) by extension 'ignore_ament_install'
[0.349s] Level 1:colcon.colcon_core.package_identification:_identify(src/ugv_else) by extensions ['colcon_pkg']
[0.349s] Level 1:colcon.colcon_core.package_identification:_identify(src/ugv_else) by extension 'colcon_pkg'
[0.349s] Level 1:colcon.colcon_core.package_identification:_identify(src/ugv_else) by extensions ['colcon_meta']
[0.349s] Level 1:colcon.colcon_core.package_identification:_identify(src/ugv_else) by extension 'colcon_meta'
[0.349s] Level 1:colcon.colcon_core.package_identification:_identify(src/ugv_else) by extensions ['ros']
[0.349s] Level 1:colcon.colcon_core.package_identification:_identify(src/ugv_else) by extension 'ros'
[0.349s] Level 1:colcon.colcon_core.package_identification:_identify(src/ugv_else) by extensions ['cmake', 'python']
[0.349s] Level 1:colcon.colcon_core.package_identification:_identify(src/ugv_else) by extension 'cmake'
[0.349s] Level 1:colcon.colcon_core.package_identification:_identify(src/ugv_else) by extension 'python'
[0.349s] Level 1:colcon.colcon_core.package_identification:_identify(src/ugv_else) by extensions ['python_setup_py']
[0.349s] Level 1:colcon.colcon_core.package_identification:_identify(src/ugv_else) by extension 'python_setup_py'
[0.349s] Level 1:colcon.colcon_core.package_identification:_identify(src/ugv_else/apriltag_ros) by extensions ['ignore', 'ignore_ament_install']
[0.349s] Level 1:colcon.colcon_core.package_identification:_identify(src/ugv_else/apriltag_ros) by extension 'ignore'
[0.349s] Level 1:colcon.colcon_core.package_identification:_identify(src/ugv_else/apriltag_ros) by extension 'ignore_ament_install'
[0.349s] Level 1:colcon.colcon_core.package_identification:_identify(src/ugv_else/apriltag_ros) by extensions ['colcon_pkg']
[0.349s] Level 1:colcon.colcon_core.package_identification:_identify(src/ugv_else/apriltag_ros) by extension 'colcon_pkg'
[0.349s] Level 1:colcon.colcon_core.package_identification:_identify(src/ugv_else/apriltag_ros) by extensions ['colcon_meta']
[0.350s] Level 1:colcon.colcon_core.package_identification:_identify(src/ugv_else/apriltag_ros) by extension 'colcon_meta'
[0.350s] Level 1:colcon.colcon_core.package_identification:_identify(src/ugv_else/apriltag_ros) by extensions ['ros']
[0.350s] Level 1:colcon.colcon_core.package_identification:_identify(src/ugv_else/apriltag_ros) by extension 'ros'
[0.350s] Level 1:colcon.colcon_core.package_identification:_identify(src/ugv_else/apriltag_ros) by extensions ['cmake', 'python']
[0.350s] Level 1:colcon.colcon_core.package_identification:_identify(src/ugv_else/apriltag_ros) by extension 'cmake'
[0.350s] Level 1:colcon.colcon_core.package_identification:_identify(src/ugv_else/apriltag_ros) by extension 'python'
[0.350s] Level 1:colcon.colcon_core.package_identification:_identify(src/ugv_else/apriltag_ros) by extensions ['python_setup_py']
[0.350s] Level 1:colcon.colcon_core.package_identification:_identify(src/ugv_else/apriltag_ros) by extension 'python_setup_py'
[0.350s] Level 1:colcon.colcon_core.package_identification:_identify(src/ugv_else/apriltag_ros/apriltag) by extensions ['ignore', 'ignore_ament_install']
[0.350s] Level 1:colcon.colcon_core.package_identification:_identify(src/ugv_else/apriltag_ros/apriltag) by extension 'ignore'
[0.350s] Level 1:colcon.colcon_core.package_identification:_identify(src/ugv_else/apriltag_ros/apriltag) by extension 'ignore_ament_install'
[0.350s] Level 1:colcon.colcon_core.package_identification:_identify(src/ugv_else/apriltag_ros/apriltag) by extensions ['colcon_pkg']
[0.350s] Level 1:colcon.colcon_core.package_identification:_identify(src/ugv_else/apriltag_ros/apriltag) by extension 'colcon_pkg'
[0.350s] Level 1:colcon.colcon_core.package_identification:_identify(src/ugv_else/apriltag_ros/apriltag) by extensions ['colcon_meta']
[0.350s] Level 1:colcon.colcon_core.package_identification:_identify(src/ugv_else/apriltag_ros/apriltag) by extension 'colcon_meta'
[0.350s] Level 1:colcon.colcon_core.package_identification:_identify(src/ugv_else/apriltag_ros/apriltag) by extensions ['ros']
[0.350s] Level 1:colcon.colcon_core.package_identification:_identify(src/ugv_else/apriltag_ros/apriltag) by extension 'ros'
[0.355s] DEBUG:colcon.colcon_core.package_identification:Package 'src/ugv_else/apriltag_ros/apriltag' with type 'ros.cmake' and name 'apriltag'
[0.355s] Level 1:colcon.colcon_core.package_identification:_identify(src/ugv_else/apriltag_ros/apriltag_msgs) by extensions ['ignore', 'ignore_ament_install']
[0.355s] Level 1:colcon.colcon_core.package_identification:_identify(src/ugv_else/apriltag_ros/apriltag_msgs) by extension 'ignore'
[0.356s] Level 1:colcon.colcon_core.package_identification:_identify(src/ugv_else/apriltag_ros/apriltag_msgs) by extension 'ignore_ament_install'
[0.356s] Level 1:colcon.colcon_core.package_identification:_identify(src/ugv_else/apriltag_ros/apriltag_msgs) by extensions ['colcon_pkg']
[0.356s] Level 1:colcon.colcon_core.package_identification:_identify(src/ugv_else/apriltag_ros/apriltag_msgs) by extension 'colcon_pkg'
[0.356s] Level 1:colcon.colcon_core.package_identification:_identify(src/ugv_else/apriltag_ros/apriltag_msgs) by extensions ['colcon_meta']
[0.356s] Level 1:colcon.colcon_core.package_identification:_identify(src/ugv_else/apriltag_ros/apriltag_msgs) by extension 'colcon_meta'
[0.356s] Level 1:colcon.colcon_core.package_identification:_identify(src/ugv_else/apriltag_ros/apriltag_msgs) by extensions ['ros']
[0.356s] Level 1:colcon.colcon_core.package_identification:_identify(src/ugv_else/apriltag_ros/apriltag_msgs) by extension 'ros'
[0.357s] DEBUG:colcon.colcon_core.package_identification:Package 'src/ugv_else/apriltag_ros/apriltag_msgs' with type 'ros.ament_cmake' and name 'apriltag_msgs'
[0.357s] Level 1:colcon.colcon_core.package_identification:_identify(src/ugv_else/apriltag_ros/apriltag_ros) by extensions ['ignore', 'ignore_ament_install']
[0.357s] Level 1:colcon.colcon_core.package_identification:_identify(src/ugv_else/apriltag_ros/apriltag_ros) by extension 'ignore'
[0.357s] Level 1:colcon.colcon_core.package_identification:_identify(src/ugv_else/apriltag_ros/apriltag_ros) by extension 'ignore_ament_install'
[0.357s] Level 1:colcon.colcon_core.package_identification:_identify(src/ugv_else/apriltag_ros/apriltag_ros) by extensions ['colcon_pkg']
[0.357s] Level 1:colcon.colcon_core.package_identification:_identify(src/ugv_else/apriltag_ros/apriltag_ros) by extension 'colcon_pkg'
[0.357s] Level 1:colcon.colcon_core.package_identification:_identify(src/ugv_else/apriltag_ros/apriltag_ros) by extensions ['colcon_meta']
[0.357s] Level 1:colcon.colcon_core.package_identification:_identify(src/ugv_else/apriltag_ros/apriltag_ros) by extension 'colcon_meta'
[0.357s] Level 1:colcon.colcon_core.package_identification:_identify(src/ugv_else/apriltag_ros/apriltag_ros) by extensions ['ros']
[0.357s] Level 1:colcon.colcon_core.package_identification:_identify(src/ugv_else/apriltag_ros/apriltag_ros) by extension 'ros'
[0.359s] DEBUG:colcon.colcon_core.package_identification:Package 'src/ugv_else/apriltag_ros/apriltag_ros' with type 'ros.ament_cmake' and name 'apriltag_ros'
[0.359s] Level 1:colcon.colcon_core.package_identification:_identify(src/ugv_else/cartographer) by extensions ['ignore', 'ignore_ament_install']
[0.359s] Level 1:colcon.colcon_core.package_identification:_identify(src/ugv_else/cartographer) by extension 'ignore'
[0.359s] Level 1:colcon.colcon_core.package_identification:_identify(src/ugv_else/cartographer) by extension 'ignore_ament_install'
[0.359s] Level 1:colcon.colcon_core.package_identification:_identify(src/ugv_else/cartographer) by extensions ['colcon_pkg']
[0.359s] Level 1:colcon.colcon_core.package_identification:_identify(src/ugv_else/cartographer) by extension 'colcon_pkg'
[0.359s] Level 1:colcon.colcon_core.package_identification:_identify(src/ugv_else/cartographer) by extensions ['colcon_meta']
[0.359s] Level 1:colcon.colcon_core.package_identification:_identify(src/ugv_else/cartographer) by extension 'colcon_meta'
[0.359s] Level 1:colcon.colcon_core.package_identification:_identify(src/ugv_else/cartographer) by extensions ['ros']
[0.359s] Level 1:colcon.colcon_core.package_identification:_identify(src/ugv_else/cartographer) by extension 'ros'
[0.360s] DEBUG:colcon.colcon_core.package_identification:Package 'src/ugv_else/cartographer' with type 'ros.ament_cmake' and name 'cartographer'
[0.360s] Level 1:colcon.colcon_core.package_identification:_identify(src/ugv_else/costmap_converter) by extensions ['ignore', 'ignore_ament_install']
[0.360s] Level 1:colcon.colcon_core.package_identification:_identify(src/ugv_else/costmap_converter) by extension 'ignore'
[0.360s] Level 1:colcon.colcon_core.package_identification:_identify(src/ugv_else/costmap_converter) by extension 'ignore_ament_install'
[0.360s] Level 1:colcon.colcon_core.package_identification:_identify(src/ugv_else/costmap_converter) by extensions ['colcon_pkg']
[0.360s] Level 1:colcon.colcon_core.package_identification:_identify(src/ugv_else/costmap_converter) by extension 'colcon_pkg'
[0.360s] Level 1:colcon.colcon_core.package_identification:_identify(src/ugv_else/costmap_converter) by extensions ['colcon_meta']
[0.360s] Level 1:colcon.colcon_core.package_identification:_identify(src/ugv_else/costmap_converter) by extension 'colcon_meta'
[0.360s] Level 1:colcon.colcon_core.package_identification:_identify(src/ugv_else/costmap_converter) by extensions ['ros']
[0.360s] Level 1:colcon.colcon_core.package_identification:_identify(src/ugv_else/costmap_converter) by extension 'ros'
[0.360s] Level 1:colcon.colcon_core.package_identification:_identify(src/ugv_else/costmap_converter) by extensions ['cmake', 'python']
[0.360s] Level 1:colcon.colcon_core.package_identification:_identify(src/ugv_else/costmap_converter) by extension 'cmake'
[0.360s] Level 1:colcon.colcon_core.package_identification:_identify(src/ugv_else/costmap_converter) by extension 'python'
[0.360s] Level 1:colcon.colcon_core.package_identification:_identify(src/ugv_else/costmap_converter) by extensions ['python_setup_py']
[0.360s] Level 1:colcon.colcon_core.package_identification:_identify(src/ugv_else/costmap_converter) by extension 'python_setup_py'
[0.361s] Level 1:colcon.colcon_core.package_identification:_identify(src/ugv_else/costmap_converter/costmap_converter) by extensions ['ignore', 'ignore_ament_install']
[0.361s] Level 1:colcon.colcon_core.package_identification:_identify(src/ugv_else/costmap_converter/costmap_converter) by extension 'ignore'
[0.361s] Level 1:colcon.colcon_core.package_identification:_identify(src/ugv_else/costmap_converter/costmap_converter) by extension 'ignore_ament_install'
[0.361s] Level 1:colcon.colcon_core.package_identification:_identify(src/ugv_else/costmap_converter/costmap_converter) by extensions ['colcon_pkg']
[0.361s] Level 1:colcon.colcon_core.package_identification:_identify(src/ugv_else/costmap_converter/costmap_converter) by extension 'colcon_pkg'
[0.361s] Level 1:colcon.colcon_core.package_identification:_identify(src/ugv_else/costmap_converter/costmap_converter) by extensions ['colcon_meta']
[0.361s] Level 1:colcon.colcon_core.package_identification:_identify(src/ugv_else/costmap_converter/costmap_converter) by extension 'colcon_meta'
[0.361s] Level 1:colcon.colcon_core.package_identification:_identify(src/ugv_else/costmap_converter/costmap_converter) by extensions ['ros']
[0.361s] Level 1:colcon.colcon_core.package_identification:_identify(src/ugv_else/costmap_converter/costmap_converter) by extension 'ros'
[0.362s] DEBUG:colcon.colcon_core.package_identification:Package 'src/ugv_else/costmap_converter/costmap_converter' with type 'ros.ament_cmake' and name 'costmap_converter'
[0.362s] Level 1:colcon.colcon_core.package_identification:_identify(src/ugv_else/costmap_converter/costmap_converter_msgs) by extensions ['ignore', 'ignore_ament_install']
[0.362s] Level 1:colcon.colcon_core.package_identification:_identify(src/ugv_else/costmap_converter/costmap_converter_msgs) by extension 'ignore'
[0.362s] Level 1:colcon.colcon_core.package_identification:_identify(src/ugv_else/costmap_converter/costmap_converter_msgs) by extension 'ignore_ament_install'
[0.362s] Level 1:colcon.colcon_core.package_identification:_identify(src/ugv_else/costmap_converter/costmap_converter_msgs) by extensions ['colcon_pkg']
[0.362s] Level 1:colcon.colcon_core.package_identification:_identify(src/ugv_else/costmap_converter/costmap_converter_msgs) by extension 'colcon_pkg'
[0.362s] Level 1:colcon.colcon_core.package_identification:_identify(src/ugv_else/costmap_converter/costmap_converter_msgs) by extensions ['colcon_meta']
[0.362s] Level 1:colcon.colcon_core.package_identification:_identify(src/ugv_else/costmap_converter/costmap_converter_msgs) by extension 'colcon_meta'
[0.363s] Level 1:colcon.colcon_core.package_identification:_identify(src/ugv_else/costmap_converter/costmap_converter_msgs) by extensions ['ros']
[0.363s] Level 1:colcon.colcon_core.package_identification:_identify(src/ugv_else/costmap_converter/costmap_converter_msgs) by extension 'ros'
[0.363s] DEBUG:colcon.colcon_core.package_identification:Package 'src/ugv_else/costmap_converter/costmap_converter_msgs' with type 'ros.ament_cmake' and name 'costmap_converter_msgs'
[0.363s] Level 1:colcon.colcon_core.package_identification:_identify(src/ugv_else/emcl2_ros2) by extensions ['ignore', 'ignore_ament_install']
[0.363s] Level 1:colcon.colcon_core.package_identification:_identify(src/ugv_else/emcl2_ros2) by extension 'ignore'
[0.363s] Level 1:colcon.colcon_core.package_identification:_identify(src/ugv_else/emcl2_ros2) by extension 'ignore_ament_install'
[0.363s] Level 1:colcon.colcon_core.package_identification:_identify(src/ugv_else/emcl2_ros2) by extensions ['colcon_pkg']
[0.363s] Level 1:colcon.colcon_core.package_identification:_identify(src/ugv_else/emcl2_ros2) by extension 'colcon_pkg'
[0.363s] Level 1:colcon.colcon_core.package_identification:_identify(src/ugv_else/emcl2_ros2) by extensions ['colcon_meta']
[0.364s] Level 1:colcon.colcon_core.package_identification:_identify(src/ugv_else/emcl2_ros2) by extension 'colcon_meta'
[0.364s] Level 1:colcon.colcon_core.package_identification:_identify(src/ugv_else/emcl2_ros2) by extensions ['ros']
[0.364s] Level 1:colcon.colcon_core.package_identification:_identify(src/ugv_else/emcl2_ros2) by extension 'ros'
[0.365s] DEBUG:colcon.colcon_core.package_identification:Package 'src/ugv_else/emcl2_ros2' with type 'ros.ament_cmake' and name 'emcl2'
[0.365s] Level 1:colcon.colcon_core.package_identification:_identify(src/ugv_else/explore_lite) by extensions ['ignore', 'ignore_ament_install']
[0.365s] Level 1:colcon.colcon_core.package_identification:_identify(src/ugv_else/explore_lite) by extension 'ignore'
[0.365s] Level 1:colcon.colcon_core.package_identification:_identify(src/ugv_else/explore_lite) by extension 'ignore_ament_install'
[0.365s] Level 1:colcon.colcon_core.package_identification:_identify(src/ugv_else/explore_lite) by extensions ['colcon_pkg']
[0.365s] Level 1:colcon.colcon_core.package_identification:_identify(src/ugv_else/explore_lite) by extension 'colcon_pkg'
[0.365s] Level 1:colcon.colcon_core.package_identification:_identify(src/ugv_else/explore_lite) by extensions ['colcon_meta']
[0.365s] Level 1:colcon.colcon_core.package_identification:_identify(src/ugv_else/explore_lite) by extension 'colcon_meta'
[0.365s] Level 1:colcon.colcon_core.package_identification:_identify(src/ugv_else/explore_lite) by extensions ['ros']
[0.365s] Level 1:colcon.colcon_core.package_identification:_identify(src/ugv_else/explore_lite) by extension 'ros'
[0.367s] DEBUG:colcon.colcon_core.package_identification:Package 'src/ugv_else/explore_lite' with type 'ros.ament_cmake' and name 'explore_lite'
[0.367s] Level 1:colcon.colcon_core.package_identification:_identify(src/ugv_else/gmapping) by extensions ['ignore', 'ignore_ament_install']
[0.367s] Level 1:colcon.colcon_core.package_identification:_identify(src/ugv_else/gmapping) by extension 'ignore'
[0.367s] Level 1:colcon.colcon_core.package_identification:_identify(src/ugv_else/gmapping) by extension 'ignore_ament_install'
[0.367s] Level 1:colcon.colcon_core.package_identification:_identify(src/ugv_else/gmapping) by extensions ['colcon_pkg']
[0.367s] Level 1:colcon.colcon_core.package_identification:_identify(src/ugv_else/gmapping) by extension 'colcon_pkg'
[0.367s] Level 1:colcon.colcon_core.package_identification:_identify(src/ugv_else/gmapping) by extensions ['colcon_meta']
[0.367s] Level 1:colcon.colcon_core.package_identification:_identify(src/ugv_else/gmapping) by extension 'colcon_meta'
[0.367s] Level 1:colcon.colcon_core.package_identification:_identify(src/ugv_else/gmapping) by extensions ['ros']
[0.367s] Level 1:colcon.colcon_core.package_identification:_identify(src/ugv_else/gmapping) by extension 'ros'
[0.367s] Level 1:colcon.colcon_core.package_identification:_identify(src/ugv_else/gmapping) by extensions ['cmake', 'python']
[0.367s] Level 1:colcon.colcon_core.package_identification:_identify(src/ugv_else/gmapping) by extension 'cmake'
[0.367s] Level 1:colcon.colcon_core.package_identification:_identify(src/ugv_else/gmapping) by extension 'python'
[0.368s] Level 1:colcon.colcon_core.package_identification:_identify(src/ugv_else/gmapping) by extensions ['python_setup_py']
[0.368s] Level 1:colcon.colcon_core.package_identification:_identify(src/ugv_else/gmapping) by extension 'python_setup_py'
[0.368s] Level 1:colcon.colcon_core.package_identification:_identify(src/ugv_else/gmapping/openslam_gmapping) by extensions ['ignore', 'ignore_ament_install']
[0.368s] Level 1:colcon.colcon_core.package_identification:_identify(src/ugv_else/gmapping/openslam_gmapping) by extension 'ignore'
[0.368s] Level 1:colcon.colcon_core.package_identification:_identify(src/ugv_else/gmapping/openslam_gmapping) by extension 'ignore_ament_install'
[0.368s] Level 1:colcon.colcon_core.package_identification:_identify(src/ugv_else/gmapping/openslam_gmapping) by extensions ['colcon_pkg']
[0.368s] Level 1:colcon.colcon_core.package_identification:_identify(src/ugv_else/gmapping/openslam_gmapping) by extension 'colcon_pkg'
[0.368s] Level 1:colcon.colcon_core.package_identification:_identify(src/ugv_else/gmapping/openslam_gmapping) by extensions ['colcon_meta']
[0.368s] Level 1:colcon.colcon_core.package_identification:_identify(src/ugv_else/gmapping/openslam_gmapping) by extension 'colcon_meta'
[0.368s] Level 1:colcon.colcon_core.package_identification:_identify(src/ugv_else/gmapping/openslam_gmapping) by extensions ['ros']
[0.368s] Level 1:colcon.colcon_core.package_identification:_identify(src/ugv_else/gmapping/openslam_gmapping) by extension 'ros'
[0.368s] DEBUG:colcon.colcon_core.package_identification:Package 'src/ugv_else/gmapping/openslam_gmapping' with type 'ros.ament_cmake' and name 'openslam_gmapping'
[0.369s] Level 1:colcon.colcon_core.package_identification:_identify(src/ugv_else/gmapping/slam_gmapping) by extensions ['ignore', 'ignore_ament_install']
[0.369s] Level 1:colcon.colcon_core.package_identification:_identify(src/ugv_else/gmapping/slam_gmapping) by extension 'ignore'
[0.369s] Level 1:colcon.colcon_core.package_identification:_identify(src/ugv_else/gmapping/slam_gmapping) by extension 'ignore_ament_install'
[0.369s] Level 1:colcon.colcon_core.package_identification:_identify(src/ugv_else/gmapping/slam_gmapping) by extensions ['colcon_pkg']
[0.369s] Level 1:colcon.colcon_core.package_identification:_identify(src/ugv_else/gmapping/slam_gmapping) by extension 'colcon_pkg'
[0.369s] Level 1:colcon.colcon_core.package_identification:_identify(src/ugv_else/gmapping/slam_gmapping) by extensions ['colcon_meta']
[0.369s] Level 1:colcon.colcon_core.package_identification:_identify(src/ugv_else/gmapping/slam_gmapping) by extension 'colcon_meta'
[0.369s] Level 1:colcon.colcon_core.package_identification:_identify(src/ugv_else/gmapping/slam_gmapping) by extensions ['ros']
[0.369s] Level 1:colcon.colcon_core.package_identification:_identify(src/ugv_else/gmapping/slam_gmapping) by extension 'ros'
[0.370s] DEBUG:colcon.colcon_core.package_identification:Package 'src/ugv_else/gmapping/slam_gmapping' with type 'ros.ament_cmake' and name 'slam_gmapping'
[0.370s] Level 1:colcon.colcon_core.package_identification:_identify(src/ugv_else/ldlidar) by extensions ['ignore', 'ignore_ament_install']
[0.370s] Level 1:colcon.colcon_core.package_identification:_identify(src/ugv_else/ldlidar) by extension 'ignore'
[0.370s] Level 1:colcon.colcon_core.package_identification:_identify(src/ugv_else/ldlidar) by extension 'ignore_ament_install'
[0.371s] Level 1:colcon.colcon_core.package_identification:_identify(src/ugv_else/ldlidar) by extensions ['colcon_pkg']
[0.371s] Level 1:colcon.colcon_core.package_identification:_identify(src/ugv_else/ldlidar) by extension 'colcon_pkg'
[0.371s] Level 1:colcon.colcon_core.package_identification:_identify(src/ugv_else/ldlidar) by extensions ['colcon_meta']
[0.371s] Level 1:colcon.colcon_core.package_identification:_identify(src/ugv_else/ldlidar) by extension 'colcon_meta'
[0.371s] Level 1:colcon.colcon_core.package_identification:_identify(src/ugv_else/ldlidar) by extensions ['ros']
[0.371s] Level 1:colcon.colcon_core.package_identification:_identify(src/ugv_else/ldlidar) by extension 'ros'
[0.371s] DEBUG:colcon.colcon_core.package_identification:Package 'src/ugv_else/ldlidar' with type 'ros.ament_cmake' and name 'ldlidar'
[0.371s] Level 1:colcon.colcon_core.package_identification:_identify(src/ugv_else/rf2o_laser_odometry) by extensions ['ignore', 'ignore_ament_install']
[0.371s] Level 1:colcon.colcon_core.package_identification:_identify(src/ugv_else/rf2o_laser_odometry) by extension 'ignore'
[0.371s] Level 1:colcon.colcon_core.package_identification:_identify(src/ugv_else/rf2o_laser_odometry) by extension 'ignore_ament_install'
[0.372s] Level 1:colcon.colcon_core.package_identification:_identify(src/ugv_else/rf2o_laser_odometry) by extensions ['colcon_pkg']
[0.372s] Level 1:colcon.colcon_core.package_identification:_identify(src/ugv_else/rf2o_laser_odometry) by extension 'colcon_pkg'
[0.372s] Level 1:colcon.colcon_core.package_identification:_identify(src/ugv_else/rf2o_laser_odometry) by extensions ['colcon_meta']
[0.372s] Level 1:colcon.colcon_core.package_identification:_identify(src/ugv_else/rf2o_laser_odometry) by extension 'colcon_meta'
[0.372s] Level 1:colcon.colcon_core.package_identification:_identify(src/ugv_else/rf2o_laser_odometry) by extensions ['ros']
[0.372s] Level 1:colcon.colcon_core.package_identification:_identify(src/ugv_else/rf2o_laser_odometry) by extension 'ros'
[0.373s] DEBUG:colcon.colcon_core.package_identification:Package 'src/ugv_else/rf2o_laser_odometry' with type 'ros.ament_cmake' and name 'rf2o_laser_odometry'
[0.373s] Level 1:colcon.colcon_core.package_identification:_identify(src/ugv_else/robot_pose_publisher) by extensions ['ignore', 'ignore_ament_install']
[0.373s] Level 1:colcon.colcon_core.package_identification:_identify(src/ugv_else/robot_pose_publisher) by extension 'ignore'
[0.373s] Level 1:colcon.colcon_core.package_identification:_identify(src/ugv_else/robot_pose_publisher) by extension 'ignore_ament_install'
[0.373s] Level 1:colcon.colcon_core.package_identification:_identify(src/ugv_else/robot_pose_publisher) by extensions ['colcon_pkg']
[0.373s] Level 1:colcon.colcon_core.package_identification:_identify(src/ugv_else/robot_pose_publisher) by extension 'colcon_pkg'
[0.373s] Level 1:colcon.colcon_core.package_identification:_identify(src/ugv_else/robot_pose_publisher) by extensions ['colcon_meta']
[0.373s] Level 1:colcon.colcon_core.package_identification:_identify(src/ugv_else/robot_pose_publisher) by extension 'colcon_meta'
[0.373s] Level 1:colcon.colcon_core.package_identification:_identify(src/ugv_else/robot_pose_publisher) by extensions ['ros']
[0.373s] Level 1:colcon.colcon_core.package_identification:_identify(src/ugv_else/robot_pose_publisher) by extension 'ros'
[0.374s] DEBUG:colcon.colcon_core.package_identification:Package 'src/ugv_else/robot_pose_publisher' with type 'ros.ament_cmake' and name 'robot_pose_publisher'
[0.374s] Level 1:colcon.colcon_core.package_identification:_identify(src/ugv_else/teb_local_planner) by extensions ['ignore', 'ignore_ament_install']
[0.374s] Level 1:colcon.colcon_core.package_identification:_identify(src/ugv_else/teb_local_planner) by extension 'ignore'
[0.374s] Level 1:colcon.colcon_core.package_identification:_identify(src/ugv_else/teb_local_planner) by extension 'ignore_ament_install'
[0.374s] Level 1:colcon.colcon_core.package_identification:_identify(src/ugv_else/teb_local_planner) by extensions ['colcon_pkg']
[0.374s] Level 1:colcon.colcon_core.package_identification:_identify(src/ugv_else/teb_local_planner) by extension 'colcon_pkg'
[0.374s] Level 1:colcon.colcon_core.package_identification:_identify(src/ugv_else/teb_local_planner) by extensions ['colcon_meta']
[0.374s] Level 1:colcon.colcon_core.package_identification:_identify(src/ugv_else/teb_local_planner) by extension 'colcon_meta'
[0.374s] Level 1:colcon.colcon_core.package_identification:_identify(src/ugv_else/teb_local_planner) by extensions ['ros']
[0.374s] Level 1:colcon.colcon_core.package_identification:_identify(src/ugv_else/teb_local_planner) by extension 'ros'
[0.374s] Level 1:colcon.colcon_core.package_identification:_identify(src/ugv_else/teb_local_planner) by extensions ['cmake', 'python']
[0.374s] Level 1:colcon.colcon_core.package_identification:_identify(src/ugv_else/teb_local_planner) by extension 'cmake'
[0.375s] Level 1:colcon.colcon_core.package_identification:_identify(src/ugv_else/teb_local_planner) by extension 'python'
[0.375s] Level 1:colcon.colcon_core.package_identification:_identify(src/ugv_else/teb_local_planner) by extensions ['python_setup_py']
[0.375s] Level 1:colcon.colcon_core.package_identification:_identify(src/ugv_else/teb_local_planner) by extension 'python_setup_py'
[0.375s] Level 1:colcon.colcon_core.package_identification:_identify(src/ugv_else/teb_local_planner/teb_local_planner) by extensions ['ignore', 'ignore_ament_install']
[0.375s] Level 1:colcon.colcon_core.package_identification:_identify(src/ugv_else/teb_local_planner/teb_local_planner) by extension 'ignore'
[0.375s] Level 1:colcon.colcon_core.package_identification:_identify(src/ugv_else/teb_local_planner/teb_local_planner) by extension 'ignore_ament_install'
[0.375s] Level 1:colcon.colcon_core.package_identification:_identify(src/ugv_else/teb_local_planner/teb_local_planner) by extensions ['colcon_pkg']
[0.375s] Level 1:colcon.colcon_core.package_identification:_identify(src/ugv_else/teb_local_planner/teb_local_planner) by extension 'colcon_pkg'
[0.375s] Level 1:colcon.colcon_core.package_identification:_identify(src/ugv_else/teb_local_planner/teb_local_planner) by extensions ['colcon_meta']
[0.375s] Level 1:colcon.colcon_core.package_identification:_identify(src/ugv_else/teb_local_planner/teb_local_planner) by extension 'colcon_meta'
[0.375s] Level 1:colcon.colcon_core.package_identification:_identify(src/ugv_else/teb_local_planner/teb_local_planner) by extensions ['ros']
[0.375s] Level 1:colcon.colcon_core.package_identification:_identify(src/ugv_else/teb_local_planner/teb_local_planner) by extension 'ros'
[0.377s] DEBUG:colcon.colcon_core.package_identification:Package 'src/ugv_else/teb_local_planner/teb_local_planner' with type 'ros.ament_cmake' and name 'teb_local_planner'
[0.377s] Level 1:colcon.colcon_core.package_identification:_identify(src/ugv_else/teb_local_planner/teb_msgs) by extensions ['ignore', 'ignore_ament_install']
[0.377s] Level 1:colcon.colcon_core.package_identification:_identify(src/ugv_else/teb_local_planner/teb_msgs) by extension 'ignore'
[0.377s] Level 1:colcon.colcon_core.package_identification:_identify(src/ugv_else/teb_local_planner/teb_msgs) by extension 'ignore_ament_install'
[0.378s] Level 1:colcon.colcon_core.package_identification:_identify(src/ugv_else/teb_local_planner/teb_msgs) by extensions ['colcon_pkg']
[0.378s] Level 1:colcon.colcon_core.package_identification:_identify(src/ugv_else/teb_local_planner/teb_msgs) by extension 'colcon_pkg'
[0.378s] Level 1:colcon.colcon_core.package_identification:_identify(src/ugv_else/teb_local_planner/teb_msgs) by extensions ['colcon_meta']
[0.378s] Level 1:colcon.colcon_core.package_identification:_identify(src/ugv_else/teb_local_planner/teb_msgs) by extension 'colcon_meta'
[0.378s] Level 1:colcon.colcon_core.package_identification:_identify(src/ugv_else/teb_local_planner/teb_msgs) by extensions ['ros']
[0.378s] Level 1:colcon.colcon_core.package_identification:_identify(src/ugv_else/teb_local_planner/teb_msgs) by extension 'ros'
[0.378s] DEBUG:colcon.colcon_core.package_identification:Package 'src/ugv_else/teb_local_planner/teb_msgs' with type 'ros.ament_cmake' and name 'teb_msgs'
[0.378s] Level 1:colcon.colcon_core.package_identification:_identify(src/ugv_else/vizanti) by extensions ['ignore', 'ignore_ament_install']
[0.378s] Level 1:colcon.colcon_core.package_identification:_identify(src/ugv_else/vizanti) by extension 'ignore'
[0.379s] Level 1:colcon.colcon_core.package_identification:_identify(src/ugv_else/vizanti) by extension 'ignore_ament_install'
[0.379s] Level 1:colcon.colcon_core.package_identification:_identify(src/ugv_else/vizanti) by extensions ['colcon_pkg']
[0.379s] Level 1:colcon.colcon_core.package_identification:_identify(src/ugv_else/vizanti) by extension 'colcon_pkg'
[0.379s] Level 1:colcon.colcon_core.package_identification:_identify(src/ugv_else/vizanti) by extensions ['colcon_meta']
[0.379s] Level 1:colcon.colcon_core.package_identification:_identify(src/ugv_else/vizanti) by extension 'colcon_meta'
[0.379s] Level 1:colcon.colcon_core.package_identification:_identify(src/ugv_else/vizanti) by extensions ['ros']
[0.379s] Level 1:colcon.colcon_core.package_identification:_identify(src/ugv_else/vizanti) by extension 'ros'
[0.379s] Level 1:colcon.colcon_core.package_identification:_identify(src/ugv_else/vizanti) by extensions ['cmake', 'python']
[0.379s] Level 1:colcon.colcon_core.package_identification:_identify(src/ugv_else/vizanti) by extension 'cmake'
[0.379s] Level 1:colcon.colcon_core.package_identification:_identify(src/ugv_else/vizanti) by extension 'python'
[0.379s] Level 1:colcon.colcon_core.package_identification:_identify(src/ugv_else/vizanti) by extensions ['python_setup_py']
[0.379s] Level 1:colcon.colcon_core.package_identification:_identify(src/ugv_else/vizanti) by extension 'python_setup_py'
[0.379s] Level 1:colcon.colcon_core.package_identification:_identify(src/ugv_else/vizanti/vizanti) by extensions ['ignore', 'ignore_ament_install']
[0.379s] Level 1:colcon.colcon_core.package_identification:_identify(src/ugv_else/vizanti/vizanti) by extension 'ignore'
[0.379s] Level 1:colcon.colcon_core.package_identification:_identify(src/ugv_else/vizanti/vizanti) by extension 'ignore_ament_install'
[0.379s] Level 1:colcon.colcon_core.package_identification:_identify(src/ugv_else/vizanti/vizanti) by extensions ['colcon_pkg']
[0.379s] Level 1:colcon.colcon_core.package_identification:_identify(src/ugv_else/vizanti/vizanti) by extension 'colcon_pkg'
[0.379s] Level 1:colcon.colcon_core.package_identification:_identify(src/ugv_else/vizanti/vizanti) by extensions ['colcon_meta']
[0.379s] Level 1:colcon.colcon_core.package_identification:_identify(src/ugv_else/vizanti/vizanti) by extension 'colcon_meta'
[0.379s] Level 1:colcon.colcon_core.package_identification:_identify(src/ugv_else/vizanti/vizanti) by extensions ['ros']
[0.379s] Level 1:colcon.colcon_core.package_identification:_identify(src/ugv_else/vizanti/vizanti) by extension 'ros'
[0.380s] DEBUG:colcon.colcon_core.package_identification:Package 'src/ugv_else/vizanti/vizanti' with type 'ros.ament_cmake' and name 'vizanti'
[0.380s] Level 1:colcon.colcon_core.package_identification:_identify(src/ugv_else/vizanti/vizanti_cpp) by extensions ['ignore', 'ignore_ament_install']
[0.380s] Level 1:colcon.colcon_core.package_identification:_identify(src/ugv_else/vizanti/vizanti_cpp) by extension 'ignore'
[0.380s] Level 1:colcon.colcon_core.package_identification:_identify(src/ugv_else/vizanti/vizanti_cpp) by extension 'ignore_ament_install'
[0.380s] Level 1:colcon.colcon_core.package_identification:_identify(src/ugv_else/vizanti/vizanti_cpp) by extensions ['colcon_pkg']
[0.380s] Level 1:colcon.colcon_core.package_identification:_identify(src/ugv_else/vizanti/vizanti_cpp) by extension 'colcon_pkg'
[0.380s] Level 1:colcon.colcon_core.package_identification:_identify(src/ugv_else/vizanti/vizanti_cpp) by extensions ['colcon_meta']
[0.380s] Level 1:colcon.colcon_core.package_identification:_identify(src/ugv_else/vizanti/vizanti_cpp) by extension 'colcon_meta'
[0.380s] Level 1:colcon.colcon_core.package_identification:_identify(src/ugv_else/vizanti/vizanti_cpp) by extensions ['ros']
[0.380s] Level 1:colcon.colcon_core.package_identification:_identify(src/ugv_else/vizanti/vizanti_cpp) by extension 'ros'
[0.381s] DEBUG:colcon.colcon_core.package_identification:Package 'src/ugv_else/vizanti/vizanti_cpp' with type 'ros.ament_cmake' and name 'vizanti_cpp'
[0.381s] Level 1:colcon.colcon_core.package_identification:_identify(src/ugv_else/vizanti/vizanti_demos) by extensions ['ignore', 'ignore_ament_install']
[0.381s] Level 1:colcon.colcon_core.package_identification:_identify(src/ugv_else/vizanti/vizanti_demos) by extension 'ignore'
[0.381s] Level 1:colcon.colcon_core.package_identification:_identify(src/ugv_else/vizanti/vizanti_demos) by extension 'ignore_ament_install'
[0.381s] Level 1:colcon.colcon_core.package_identification:_identify(src/ugv_else/vizanti/vizanti_demos) by extensions ['colcon_pkg']
[0.381s] Level 1:colcon.colcon_core.package_identification:_identify(src/ugv_else/vizanti/vizanti_demos) by extension 'colcon_pkg'
[0.381s] Level 1:colcon.colcon_core.package_identification:_identify(src/ugv_else/vizanti/vizanti_demos) by extensions ['colcon_meta']
[0.382s] Level 1:colcon.colcon_core.package_identification:_identify(src/ugv_else/vizanti/vizanti_demos) by extension 'colcon_meta'
[0.382s] Level 1:colcon.colcon_core.package_identification:_identify(src/ugv_else/vizanti/vizanti_demos) by extensions ['ros']
[0.382s] Level 1:colcon.colcon_core.package_identification:_identify(src/ugv_else/vizanti/vizanti_demos) by extension 'ros'
[0.383s] DEBUG:colcon.colcon_core.package_identification:Package 'src/ugv_else/vizanti/vizanti_demos' with type 'ros.ament_cmake' and name 'vizanti_demos'
[0.383s] Level 1:colcon.colcon_core.package_identification:_identify(src/ugv_else/vizanti/vizanti_msgs) by extensions ['ignore', 'ignore_ament_install']
[0.383s] Level 1:colcon.colcon_core.package_identification:_identify(src/ugv_else/vizanti/vizanti_msgs) by extension 'ignore'
[0.383s] Level 1:colcon.colcon_core.package_identification:_identify(src/ugv_else/vizanti/vizanti_msgs) by extension 'ignore_ament_install'
[0.383s] Level 1:colcon.colcon_core.package_identification:_identify(src/ugv_else/vizanti/vizanti_msgs) by extensions ['colcon_pkg']
[0.383s] Level 1:colcon.colcon_core.package_identification:_identify(src/ugv_else/vizanti/vizanti_msgs) by extension 'colcon_pkg'
[0.383s] Level 1:colcon.colcon_core.package_identification:_identify(src/ugv_else/vizanti/vizanti_msgs) by extensions ['colcon_meta']
[0.383s] Level 1:colcon.colcon_core.package_identification:_identify(src/ugv_else/vizanti/vizanti_msgs) by extension 'colcon_meta'
[0.383s] Level 1:colcon.colcon_core.package_identification:_identify(src/ugv_else/vizanti/vizanti_msgs) by extensions ['ros']
[0.383s] Level 1:colcon.colcon_core.package_identification:_identify(src/ugv_else/vizanti/vizanti_msgs) by extension 'ros'
[0.384s] DEBUG:colcon.colcon_core.package_identification:Package 'src/ugv_else/vizanti/vizanti_msgs' with type 'ros.ament_cmake' and name 'vizanti_msgs'
[0.384s] Level 1:colcon.colcon_core.package_identification:_identify(src/ugv_else/vizanti/vizanti_server) by extensions ['ignore', 'ignore_ament_install']
[0.384s] Level 1:colcon.colcon_core.package_identification:_identify(src/ugv_else/vizanti/vizanti_server) by extension 'ignore'
[0.384s] Level 1:colcon.colcon_core.package_identification:_identify(src/ugv_else/vizanti/vizanti_server) by extension 'ignore_ament_install'
[0.384s] Level 1:colcon.colcon_core.package_identification:_identify(src/ugv_else/vizanti/vizanti_server) by extensions ['colcon_pkg']
[0.384s] Level 1:colcon.colcon_core.package_identification:_identify(src/ugv_else/vizanti/vizanti_server) by extension 'colcon_pkg'
[0.384s] Level 1:colcon.colcon_core.package_identification:_identify(src/ugv_else/vizanti/vizanti_server) by extensions ['colcon_meta']
[0.384s] Level 1:colcon.colcon_core.package_identification:_identify(src/ugv_else/vizanti/vizanti_server) by extension 'colcon_meta'
[0.385s] Level 1:colcon.colcon_core.package_identification:_identify(src/ugv_else/vizanti/vizanti_server) by extensions ['ros']
[0.385s] Level 1:colcon.colcon_core.package_identification:_identify(src/ugv_else/vizanti/vizanti_server) by extension 'ros'
[0.386s] DEBUG:colcon.colcon_core.package_identification:Package 'src/ugv_else/vizanti/vizanti_server' with type 'ros.ament_cmake' and name 'vizanti_server'
[0.386s] Level 1:colcon.colcon_core.package_identification:_identify(src/ugv_main) by extensions ['ignore', 'ignore_ament_install']
[0.386s] Level 1:colcon.colcon_core.package_identification:_identify(src/ugv_main) by extension 'ignore'
[0.386s] Level 1:colcon.colcon_core.package_identification:_identify(src/ugv_main) by extension 'ignore_ament_install'
[0.386s] Level 1:colcon.colcon_core.package_identification:_identify(src/ugv_main) by extensions ['colcon_pkg']
[0.386s] Level 1:colcon.colcon_core.package_identification:_identify(src/ugv_main) by extension 'colcon_pkg'
[0.386s] Level 1:colcon.colcon_core.package_identification:_identify(src/ugv_main) by extensions ['colcon_meta']
[0.386s] Level 1:colcon.colcon_core.package_identification:_identify(src/ugv_main) by extension 'colcon_meta'
[0.386s] Level 1:colcon.colcon_core.package_identification:_identify(src/ugv_main) by extensions ['ros']
[0.386s] Level 1:colcon.colcon_core.package_identification:_identify(src/ugv_main) by extension 'ros'
[0.386s] Level 1:colcon.colcon_core.package_identification:_identify(src/ugv_main) by extensions ['cmake', 'python']
[0.386s] Level 1:colcon.colcon_core.package_identification:_identify(src/ugv_main) by extension 'cmake'
[0.386s] Level 1:colcon.colcon_core.package_identification:_identify(src/ugv_main) by extension 'python'
[0.387s] Level 1:colcon.colcon_core.package_identification:_identify(src/ugv_main) by extensions ['python_setup_py']
[0.387s] Level 1:colcon.colcon_core.package_identification:_identify(src/ugv_main) by extension 'python_setup_py'
[0.387s] Level 1:colcon.colcon_core.package_identification:_identify(src/ugv_main/ugv_base_node) by extensions ['ignore', 'ignore_ament_install']
[0.387s] Level 1:colcon.colcon_core.package_identification:_identify(src/ugv_main/ugv_base_node) by extension 'ignore'
[0.387s] Level 1:colcon.colcon_core.package_identification:_identify(src/ugv_main/ugv_base_node) by extension 'ignore_ament_install'
[0.387s] Level 1:colcon.colcon_core.package_identification:_identify(src/ugv_main/ugv_base_node) by extensions ['colcon_pkg']
[0.387s] Level 1:colcon.colcon_core.package_identification:_identify(src/ugv_main/ugv_base_node) by extension 'colcon_pkg'
[0.387s] Level 1:colcon.colcon_core.package_identification:_identify(src/ugv_main/ugv_base_node) by extensions ['colcon_meta']
[0.387s] Level 1:colcon.colcon_core.package_identification:_identify(src/ugv_main/ugv_base_node) by extension 'colcon_meta'
[0.387s] Level 1:colcon.colcon_core.package_identification:_identify(src/ugv_main/ugv_base_node) by extensions ['ros']
[0.387s] Level 1:colcon.colcon_core.package_identification:_identify(src/ugv_main/ugv_base_node) by extension 'ros'
[0.388s] DEBUG:colcon.colcon_core.package_identification:Package 'src/ugv_main/ugv_base_node' with type 'ros.ament_cmake' and name 'ugv_base_node'
[0.388s] Level 1:colcon.colcon_core.package_identification:_identify(src/ugv_main/ugv_bringup) by extensions ['ignore', 'ignore_ament_install']
[0.388s] Level 1:colcon.colcon_core.package_identification:_identify(src/ugv_main/ugv_bringup) by extension 'ignore'
[0.388s] Level 1:colcon.colcon_core.package_identification:_identify(src/ugv_main/ugv_bringup) by extension 'ignore_ament_install'
[0.388s] Level 1:colcon.colcon_core.package_identification:_identify(src/ugv_main/ugv_bringup) by extensions ['colcon_pkg']
[0.388s] Level 1:colcon.colcon_core.package_identification:_identify(src/ugv_main/ugv_bringup) by extension 'colcon_pkg'
[0.388s] Level 1:colcon.colcon_core.package_identification:_identify(src/ugv_main/ugv_bringup) by extensions ['colcon_meta']
[0.388s] Level 1:colcon.colcon_core.package_identification:_identify(src/ugv_main/ugv_bringup) by extension 'colcon_meta'
[0.388s] Level 1:colcon.colcon_core.package_identification:_identify(src/ugv_main/ugv_bringup) by extensions ['ros']
[0.388s] Level 1:colcon.colcon_core.package_identification:_identify(src/ugv_main/ugv_bringup) by extension 'ros'
[0.389s] DEBUG:colcon.colcon_core.package_identification:Package 'src/ugv_main/ugv_bringup' with type 'ros.ament_python' and name 'ugv_bringup'
[0.389s] Level 1:colcon.colcon_core.package_identification:_identify(src/ugv_main/ugv_chat_ai) by extensions ['ignore', 'ignore_ament_install']
[0.389s] Level 1:colcon.colcon_core.package_identification:_identify(src/ugv_main/ugv_chat_ai) by extension 'ignore'
[0.389s] Level 1:colcon.colcon_core.package_identification:_identify(src/ugv_main/ugv_chat_ai) by extension 'ignore_ament_install'
[0.389s] Level 1:colcon.colcon_core.package_identification:_identify(src/ugv_main/ugv_chat_ai) by extensions ['colcon_pkg']
[0.389s] Level 1:colcon.colcon_core.package_identification:_identify(src/ugv_main/ugv_chat_ai) by extension 'colcon_pkg'
[0.389s] Level 1:colcon.colcon_core.package_identification:_identify(src/ugv_main/ugv_chat_ai) by extensions ['colcon_meta']
[0.389s] Level 1:colcon.colcon_core.package_identification:_identify(src/ugv_main/ugv_chat_ai) by extension 'colcon_meta'
[0.389s] Level 1:colcon.colcon_core.package_identification:_identify(src/ugv_main/ugv_chat_ai) by extensions ['ros']
[0.389s] Level 1:colcon.colcon_core.package_identification:_identify(src/ugv_main/ugv_chat_ai) by extension 'ros'
[0.390s] DEBUG:colcon.colcon_core.package_identification:Package 'src/ugv_main/ugv_chat_ai' with type 'ros.ament_python' and name 'ugv_chat_ai'
[0.390s] Level 1:colcon.colcon_core.package_identification:_identify(src/ugv_main/ugv_description) by extensions ['ignore', 'ignore_ament_install']
[0.390s] Level 1:colcon.colcon_core.package_identification:_identify(src/ugv_main/ugv_description) by extension 'ignore'
[0.390s] Level 1:colcon.colcon_core.package_identification:_identify(src/ugv_main/ugv_description) by extension 'ignore_ament_install'
[0.390s] Level 1:colcon.colcon_core.package_identification:_identify(src/ugv_main/ugv_description) by extensions ['colcon_pkg']
[0.390s] Level 1:colcon.colcon_core.package_identification:_identify(src/ugv_main/ugv_description) by extension 'colcon_pkg'
[0.390s] Level 1:colcon.colcon_core.package_identification:_identify(src/ugv_main/ugv_description) by extensions ['colcon_meta']
[0.390s] Level 1:colcon.colcon_core.package_identification:_identify(src/ugv_main/ugv_description) by extension 'colcon_meta'
[0.390s] Level 1:colcon.colcon_core.package_identification:_identify(src/ugv_main/ugv_description) by extensions ['ros']
[0.390s] Level 1:colcon.colcon_core.package_identification:_identify(src/ugv_main/ugv_description) by extension 'ros'
[0.391s] DEBUG:colcon.colcon_core.package_identification:Package 'src/ugv_main/ugv_description' with type 'ros.ament_cmake' and name 'ugv_description'
[0.391s] Level 1:colcon.colcon_core.package_identification:_identify(src/ugv_main/ugv_gazebo) by extensions ['ignore', 'ignore_ament_install']
[0.391s] Level 1:colcon.colcon_core.package_identification:_identify(src/ugv_main/ugv_gazebo) by extension 'ignore'
[0.391s] Level 1:colcon.colcon_core.package_identification:_identify(src/ugv_main/ugv_gazebo) by extension 'ignore_ament_install'
[0.391s] Level 1:colcon.colcon_core.package_identification:_identify(src/ugv_main/ugv_gazebo) by extensions ['colcon_pkg']
[0.391s] Level 1:colcon.colcon_core.package_identification:_identify(src/ugv_main/ugv_gazebo) by extension 'colcon_pkg'
[0.391s] Level 1:colcon.colcon_core.package_identification:_identify(src/ugv_main/ugv_gazebo) by extensions ['colcon_meta']
[0.392s] Level 1:colcon.colcon_core.package_identification:_identify(src/ugv_main/ugv_gazebo) by extension 'colcon_meta'
[0.392s] Level 1:colcon.colcon_core.package_identification:_identify(src/ugv_main/ugv_gazebo) by extensions ['ros']
[0.392s] Level 1:colcon.colcon_core.package_identification:_identify(src/ugv_main/ugv_gazebo) by extension 'ros'
[0.392s] DEBUG:colcon.colcon_core.package_identification:Package 'src/ugv_main/ugv_gazebo' with type 'ros.ament_cmake' and name 'ugv_gazebo'
[0.393s] Level 1:colcon.colcon_core.package_identification:_identify(src/ugv_main/ugv_interface) by extensions ['ignore', 'ignore_ament_install']
[0.393s] Level 1:colcon.colcon_core.package_identification:_identify(src/ugv_main/ugv_interface) by extension 'ignore'
[0.393s] Level 1:colcon.colcon_core.package_identification:_identify(src/ugv_main/ugv_interface) by extension 'ignore_ament_install'
[0.393s] Level 1:colcon.colcon_core.package_identification:_identify(src/ugv_main/ugv_interface) by extensions ['colcon_pkg']
[0.393s] Level 1:colcon.colcon_core.package_identification:_identify(src/ugv_main/ugv_interface) by extension 'colcon_pkg'
[0.393s] Level 1:colcon.colcon_core.package_identification:_identify(src/ugv_main/ugv_interface) by extensions ['colcon_meta']
[0.393s] Level 1:colcon.colcon_core.package_identification:_identify(src/ugv_main/ugv_interface) by extension 'colcon_meta'
[0.393s] Level 1:colcon.colcon_core.package_identification:_identify(src/ugv_main/ugv_interface) by extensions ['ros']
[0.393s] Level 1:colcon.colcon_core.package_identification:_identify(src/ugv_main/ugv_interface) by extension 'ros'
[0.394s] DEBUG:colcon.colcon_core.package_identification:Package 'src/ugv_main/ugv_interface' with type 'ros.ament_cmake' and name 'ugv_interface'
[0.394s] Level 1:colcon.colcon_core.package_identification:_identify(src/ugv_main/ugv_nav) by extensions ['ignore', 'ignore_ament_install']
[0.394s] Level 1:colcon.colcon_core.package_identification:_identify(src/ugv_main/ugv_nav) by extension 'ignore'
[0.394s] Level 1:colcon.colcon_core.package_identification:_identify(src/ugv_main/ugv_nav) by extension 'ignore_ament_install'
[0.394s] Level 1:colcon.colcon_core.package_identification:_identify(src/ugv_main/ugv_nav) by extensions ['colcon_pkg']
[0.394s] Level 1:colcon.colcon_core.package_identification:_identify(src/ugv_main/ugv_nav) by extension 'colcon_pkg'
[0.394s] Level 1:colcon.colcon_core.package_identification:_identify(src/ugv_main/ugv_nav) by extensions ['colcon_meta']
[0.394s] Level 1:colcon.colcon_core.package_identification:_identify(src/ugv_main/ugv_nav) by extension 'colcon_meta'
[0.394s] Level 1:colcon.colcon_core.package_identification:_identify(src/ugv_main/ugv_nav) by extensions ['ros']
[0.394s] Level 1:colcon.colcon_core.package_identification:_identify(src/ugv_main/ugv_nav) by extension 'ros'
[0.395s] DEBUG:colcon.colcon_core.package_identification:Package 'src/ugv_main/ugv_nav' with type 'ros.ament_cmake' and name 'ugv_nav'
[0.395s] Level 1:colcon.colcon_core.package_identification:_identify(src/ugv_main/ugv_slam) by extensions ['ignore', 'ignore_ament_install']
[0.395s] Level 1:colcon.colcon_core.package_identification:_identify(src/ugv_main/ugv_slam) by extension 'ignore'
[0.395s] Level 1:colcon.colcon_core.package_identification:_identify(src/ugv_main/ugv_slam) by extension 'ignore_ament_install'
[0.395s] Level 1:colcon.colcon_core.package_identification:_identify(src/ugv_main/ugv_slam) by extensions ['colcon_pkg']
[0.395s] Level 1:colcon.colcon_core.package_identification:_identify(src/ugv_main/ugv_slam) by extension 'colcon_pkg'
[0.395s] Level 1:colcon.colcon_core.package_identification:_identify(src/ugv_main/ugv_slam) by extensions ['colcon_meta']
[0.395s] Level 1:colcon.colcon_core.package_identification:_identify(src/ugv_main/ugv_slam) by extension 'colcon_meta'
[0.395s] Level 1:colcon.colcon_core.package_identification:_identify(src/ugv_main/ugv_slam) by extensions ['ros']
[0.395s] Level 1:colcon.colcon_core.package_identification:_identify(src/ugv_main/ugv_slam) by extension 'ros'
[0.396s] DEBUG:colcon.colcon_core.package_identification:Package 'src/ugv_main/ugv_slam' with type 'ros.ament_cmake' and name 'ugv_slam'
[0.396s] Level 1:colcon.colcon_core.package_identification:_identify(src/ugv_main/ugv_tools) by extensions ['ignore', 'ignore_ament_install']
[0.397s] Level 1:colcon.colcon_core.package_identification:_identify(src/ugv_main/ugv_tools) by extension 'ignore'
[0.397s] Level 1:colcon.colcon_core.package_identification:_identify(src/ugv_main/ugv_tools) by extension 'ignore_ament_install'
[0.397s] Level 1:colcon.colcon_core.package_identification:_identify(src/ugv_main/ugv_tools) by extensions ['colcon_pkg']
[0.397s] Level 1:colcon.colcon_core.package_identification:_identify(src/ugv_main/ugv_tools) by extension 'colcon_pkg'
[0.397s] Level 1:colcon.colcon_core.package_identification:_identify(src/ugv_main/ugv_tools) by extensions ['colcon_meta']
[0.397s] Level 1:colcon.colcon_core.package_identification:_identify(src/ugv_main/ugv_tools) by extension 'colcon_meta'
[0.397s] Level 1:colcon.colcon_core.package_identification:_identify(src/ugv_main/ugv_tools) by extensions ['ros']
[0.397s] Level 1:colcon.colcon_core.package_identification:_identify(src/ugv_main/ugv_tools) by extension 'ros'
[0.397s] DEBUG:colcon.colcon_core.package_identification:Package 'src/ugv_main/ugv_tools' with type 'ros.ament_python' and name 'ugv_tools'
[0.398s] Level 1:colcon.colcon_core.package_identification:_identify(src/ugv_main/ugv_vision) by extensions ['ignore', 'ignore_ament_install']
[0.398s] Level 1:colcon.colcon_core.package_identification:_identify(src/ugv_main/ugv_vision) by extension 'ignore'
[0.398s] Level 1:colcon.colcon_core.package_identification:_identify(src/ugv_main/ugv_vision) by extension 'ignore_ament_install'
[0.398s] Level 1:colcon.colcon_core.package_identification:_identify(src/ugv_main/ugv_vision) by extensions ['colcon_pkg']
[0.398s] Level 1:colcon.colcon_core.package_identification:_identify(src/ugv_main/ugv_vision) by extension 'colcon_pkg'
[0.398s] Level 1:colcon.colcon_core.package_identification:_identify(src/ugv_main/ugv_vision) by extensions ['colcon_meta']
[0.398s] Level 1:colcon.colcon_core.package_identification:_identify(src/ugv_main/ugv_vision) by extension 'colcon_meta'
[0.398s] Level 1:colcon.colcon_core.package_identification:_identify(src/ugv_main/ugv_vision) by extensions ['ros']
[0.398s] Level 1:colcon.colcon_core.package_identification:_identify(src/ugv_main/ugv_vision) by extension 'ros'
[0.399s] DEBUG:colcon.colcon_core.package_identification:Package 'src/ugv_main/ugv_vision' with type 'ros.ament_python' and name 'ugv_vision'
[0.399s] Level 1:colcon.colcon_core.package_identification:_identify(src/ugv_main/ugv_web_app) by extensions ['ignore', 'ignore_ament_install']
[0.399s] Level 1:colcon.colcon_core.package_identification:_identify(src/ugv_main/ugv_web_app) by extension 'ignore'
[0.399s] Level 1:colcon.colcon_core.package_identification:_identify(src/ugv_main/ugv_web_app) by extension 'ignore_ament_install'
[0.399s] Level 1:colcon.colcon_core.package_identification:_identify(src/ugv_main/ugv_web_app) by extensions ['colcon_pkg']
[0.399s] Level 1:colcon.colcon_core.package_identification:_identify(src/ugv_main/ugv_web_app) by extension 'colcon_pkg'
[0.399s] Level 1:colcon.colcon_core.package_identification:_identify(src/ugv_main/ugv_web_app) by extensions ['colcon_meta']
[0.399s] Level 1:colcon.colcon_core.package_identification:_identify(src/ugv_main/ugv_web_app) by extension 'colcon_meta'
[0.399s] Level 1:colcon.colcon_core.package_identification:_identify(src/ugv_main/ugv_web_app) by extensions ['ros']
[0.399s] Level 1:colcon.colcon_core.package_identification:_identify(src/ugv_main/ugv_web_app) by extension 'ros'
[0.400s] DEBUG:colcon.colcon_core.package_identification:Package 'src/ugv_main/ugv_web_app' with type 'ros.ament_python' and name 'ugv_web_app'
[0.400s] Level 1:colcon.colcon_core.package_discovery:discover_packages(recursive) using defaults
[0.400s] Level 1:colcon.colcon_core.package_discovery:discover_packages(ignore) discover
[0.400s] Level 1:colcon.colcon_core.package_discovery:discover_packages(ignore) using defaults
[0.400s] Level 1:colcon.colcon_core.package_discovery:discover_packages(path) discover
[0.400s] Level 1:colcon.colcon_core.package_discovery:discover_packages(path) using defaults
[0.453s] INFO:colcon.colcon_core.package_selection:Skipping not selected package 'ugv_bringup' in 'src/ugv_main/ugv_bringup'
[0.453s] INFO:colcon.colcon_core.package_selection:Skipping not selected package 'ugv_chat_ai' in 'src/ugv_main/ugv_chat_ai'
[0.453s] INFO:colcon.colcon_core.package_selection:Skipping not selected package 'ugv_description' in 'src/ugv_main/ugv_description'
[0.453s] INFO:colcon.colcon_core.package_selection:Skipping not selected package 'ugv_gazebo' in 'src/ugv_main/ugv_gazebo'
[0.453s] INFO:colcon.colcon_core.package_selection:Skipping not selected package 'ugv_nav' in 'src/ugv_main/ugv_nav'
[0.453s] INFO:colcon.colcon_core.package_selection:Skipping not selected package 'ugv_slam' in 'src/ugv_main/ugv_slam'
[0.453s] INFO:colcon.colcon_core.package_selection:Skipping not selected package 'ugv_tools' in 'src/ugv_main/ugv_tools'
[0.453s] INFO:colcon.colcon_core.package_selection:Skipping not selected package 'ugv_vision' in 'src/ugv_main/ugv_vision'
[0.453s] INFO:colcon.colcon_core.package_selection:Skipping not selected package 'ugv_web_app' in 'src/ugv_main/ugv_web_app'
[0.453s] Level 5:colcon.colcon_core.verb:set package 'apriltag' build argument 'cmake_args' from command line to 'None'
[0.453s] Level 5:colcon.colcon_core.verb:set package 'apriltag' build argument 'cmake_target' from command line to 'None'
[0.454s] Level 5:colcon.colcon_core.verb:set package 'apriltag' build argument 'cmake_target_skip_unavailable' from command line to 'False'
[0.454s] Level 5:colcon.colcon_core.verb:set package 'apriltag' build argument 'cmake_clean_cache' from command line to 'False'
[0.454s] Level 5:colcon.colcon_core.verb:set package 'apriltag' build argument 'cmake_clean_first' from command line to 'False'
[0.454s] Level 5:colcon.colcon_core.verb:set package 'apriltag' build argument 'cmake_force_configure' from command line to 'False'
[0.454s] Level 5:colcon.colcon_core.verb:set package 'apriltag' build argument 'ament_cmake_args' from command line to 'None'
[0.454s] Level 5:colcon.colcon_core.verb:set package 'apriltag' build argument 'catkin_cmake_args' from command line to 'None'
[0.454s] Level 5:colcon.colcon_core.verb:set package 'apriltag' build argument 'catkin_skip_building_tests' from command line to 'False'
[0.454s] DEBUG:colcon.colcon_core.verb:Building package 'apriltag' with the following arguments: {'ament_cmake_args': None, 'build_base': '/home/ws/ugv_ws/build/apriltag', 'catkin_cmake_args': None, 'catkin_skip_building_tests': False, 'cmake_args': None, 'cmake_clean_cache': False, 'cmake_clean_first': False, 'cmake_force_configure': False, 'cmake_target': None, 'cmake_target_skip_unavailable': False, 'install_base': '/home/ws/ugv_ws/install/apriltag', 'merge_install': False, 'path': '/home/ws/ugv_ws/src/ugv_else/apriltag_ros/apriltag', 'symlink_install': False, 'test_result_base': None}
[0.454s] Level 5:colcon.colcon_core.verb:set package 'apriltag_msgs' build argument 'cmake_args' from command line to 'None'
[0.454s] Level 5:colcon.colcon_core.verb:set package 'apriltag_msgs' build argument 'cmake_target' from command line to 'None'
[0.454s] Level 5:colcon.colcon_core.verb:set package 'apriltag_msgs' build argument 'cmake_target_skip_unavailable' from command line to 'False'
[0.454s] Level 5:colcon.colcon_core.verb:set package 'apriltag_msgs' build argument 'cmake_clean_cache' from command line to 'False'
[0.454s] Level 5:colcon.colcon_core.verb:set package 'apriltag_msgs' build argument 'cmake_clean_first' from command line to 'False'
[0.454s] Level 5:colcon.colcon_core.verb:set package 'apriltag_msgs' build argument 'cmake_force_configure' from command line to 'False'
[0.454s] Level 5:colcon.colcon_core.verb:set package 'apriltag_msgs' build argument 'ament_cmake_args' from command line to 'None'
[0.454s] Level 5:colcon.colcon_core.verb:set package 'apriltag_msgs' build argument 'catkin_cmake_args' from command line to 'None'
[0.454s] Level 5:colcon.colcon_core.verb:set package 'apriltag_msgs' build argument 'catkin_skip_building_tests' from command line to 'False'
[0.454s] DEBUG:colcon.colcon_core.verb:Building package 'apriltag_msgs' with the following arguments: {'ament_cmake_args': None, 'build_base': '/home/ws/ugv_ws/build/apriltag_msgs', 'catkin_cmake_args': None, 'catkin_skip_building_tests': False, 'cmake_args': None, 'cmake_clean_cache': False, 'cmake_clean_first': False, 'cmake_force_configure': False, 'cmake_target': None, 'cmake_target_skip_unavailable': False, 'install_base': '/home/ws/ugv_ws/install/apriltag_msgs', 'merge_install': False, 'path': '/home/ws/ugv_ws/src/ugv_else/apriltag_ros/apriltag_msgs', 'symlink_install': False, 'test_result_base': None}
[0.455s] Level 5:colcon.colcon_core.verb:set package 'cartographer' build argument 'cmake_args' from command line to 'None'
[0.455s] Level 5:colcon.colcon_core.verb:set package 'cartographer' build argument 'cmake_target' from command line to 'None'
[0.455s] Level 5:colcon.colcon_core.verb:set package 'cartographer' build argument 'cmake_target_skip_unavailable' from command line to 'False'
[0.455s] Level 5:colcon.colcon_core.verb:set package 'cartographer' build argument 'cmake_clean_cache' from command line to 'False'
[0.455s] Level 5:colcon.colcon_core.verb:set package 'cartographer' build argument 'cmake_clean_first' from command line to 'False'
[0.455s] Level 5:colcon.colcon_core.verb:set package 'cartographer' build argument 'cmake_force_configure' from command line to 'False'
[0.455s] Level 5:colcon.colcon_core.verb:set package 'cartographer' build argument 'ament_cmake_args' from command line to 'None'
[0.455s] Level 5:colcon.colcon_core.verb:set package 'cartographer' build argument 'catkin_cmake_args' from command line to 'None'
[0.455s] Level 5:colcon.colcon_core.verb:set package 'cartographer' build argument 'catkin_skip_building_tests' from command line to 'False'
[0.455s] DEBUG:colcon.colcon_core.verb:Building package 'cartographer' with the following arguments: {'ament_cmake_args': None, 'build_base': '/home/ws/ugv_ws/build/cartographer', 'catkin_cmake_args': None, 'catkin_skip_building_tests': False, 'cmake_args': None, 'cmake_clean_cache': False, 'cmake_clean_first': False, 'cmake_force_configure': False, 'cmake_target': None, 'cmake_target_skip_unavailable': False, 'install_base': '/home/ws/ugv_ws/install/cartographer', 'merge_install': False, 'path': '/home/ws/ugv_ws/src/ugv_else/cartographer', 'symlink_install': False, 'test_result_base': None}
[0.455s] Level 5:colcon.colcon_core.verb:set package 'costmap_converter_msgs' build argument 'cmake_args' from command line to 'None'
[0.455s] Level 5:colcon.colcon_core.verb:set package 'costmap_converter_msgs' build argument 'cmake_target' from command line to 'None'
[0.455s] Level 5:colcon.colcon_core.verb:set package 'costmap_converter_msgs' build argument 'cmake_target_skip_unavailable' from command line to 'False'
[0.455s] Level 5:colcon.colcon_core.verb:set package 'costmap_converter_msgs' build argument 'cmake_clean_cache' from command line to 'False'
[0.455s] Level 5:colcon.colcon_core.verb:set package 'costmap_converter_msgs' build argument 'cmake_clean_first' from command line to 'False'
[0.455s] Level 5:colcon.colcon_core.verb:set package 'costmap_converter_msgs' build argument 'cmake_force_configure' from command line to 'False'
[0.455s] Level 5:colcon.colcon_core.verb:set package 'costmap_converter_msgs' build argument 'ament_cmake_args' from command line to 'None'
[0.455s] Level 5:colcon.colcon_core.verb:set package 'costmap_converter_msgs' build argument 'catkin_cmake_args' from command line to 'None'
[0.455s] Level 5:colcon.colcon_core.verb:set package 'costmap_converter_msgs' build argument 'catkin_skip_building_tests' from command line to 'False'
[0.455s] DEBUG:colcon.colcon_core.verb:Building package 'costmap_converter_msgs' with the following arguments: {'ament_cmake_args': None, 'build_base': '/home/ws/ugv_ws/build/costmap_converter_msgs', 'catkin_cmake_args': None, 'catkin_skip_building_tests': False, 'cmake_args': None, 'cmake_clean_cache': False, 'cmake_clean_first': False, 'cmake_force_configure': False, 'cmake_target': None, 'cmake_target_skip_unavailable': False, 'install_base': '/home/ws/ugv_ws/install/costmap_converter_msgs', 'merge_install': False, 'path': '/home/ws/ugv_ws/src/ugv_else/costmap_converter/costmap_converter_msgs', 'symlink_install': False, 'test_result_base': None}
[0.456s] Level 5:colcon.colcon_core.verb:set package 'emcl2' build argument 'cmake_args' from command line to 'None'
[0.456s] Level 5:colcon.colcon_core.verb:set package 'emcl2' build argument 'cmake_target' from command line to 'None'
[0.456s] Level 5:colcon.colcon_core.verb:set package 'emcl2' build argument 'cmake_target_skip_unavailable' from command line to 'False'
[0.456s] Level 5:colcon.colcon_core.verb:set package 'emcl2' build argument 'cmake_clean_cache' from command line to 'False'
[0.456s] Level 5:colcon.colcon_core.verb:set package 'emcl2' build argument 'cmake_clean_first' from command line to 'False'
[0.456s] Level 5:colcon.colcon_core.verb:set package 'emcl2' build argument 'cmake_force_configure' from command line to 'False'
[0.456s] Level 5:colcon.colcon_core.verb:set package 'emcl2' build argument 'ament_cmake_args' from command line to 'None'
[0.456s] Level 5:colcon.colcon_core.verb:set package 'emcl2' build argument 'catkin_cmake_args' from command line to 'None'
[0.456s] Level 5:colcon.colcon_core.verb:set package 'emcl2' build argument 'catkin_skip_building_tests' from command line to 'False'
[0.456s] DEBUG:colcon.colcon_core.verb:Building package 'emcl2' with the following arguments: {'ament_cmake_args': None, 'build_base': '/home/ws/ugv_ws/build/emcl2', 'catkin_cmake_args': None, 'catkin_skip_building_tests': False, 'cmake_args': None, 'cmake_clean_cache': False, 'cmake_clean_first': False, 'cmake_force_configure': False, 'cmake_target': None, 'cmake_target_skip_unavailable': False, 'install_base': '/home/ws/ugv_ws/install/emcl2', 'merge_install': False, 'path': '/home/ws/ugv_ws/src/ugv_else/emcl2_ros2', 'symlink_install': False, 'test_result_base': None}
[0.456s] Level 5:colcon.colcon_core.verb:set package 'explore_lite' build argument 'cmake_args' from command line to 'None'
[0.456s] Level 5:colcon.colcon_core.verb:set package 'explore_lite' build argument 'cmake_target' from command line to 'None'
[0.456s] Level 5:colcon.colcon_core.verb:set package 'explore_lite' build argument 'cmake_target_skip_unavailable' from command line to 'False'
[0.456s] Level 5:colcon.colcon_core.verb:set package 'explore_lite' build argument 'cmake_clean_cache' from command line to 'False'
[0.456s] Level 5:colcon.colcon_core.verb:set package 'explore_lite' build argument 'cmake_clean_first' from command line to 'False'
[0.456s] Level 5:colcon.colcon_core.verb:set package 'explore_lite' build argument 'cmake_force_configure' from command line to 'False'
[0.456s] Level 5:colcon.colcon_core.verb:set package 'explore_lite' build argument 'ament_cmake_args' from command line to 'None'
[0.456s] Level 5:colcon.colcon_core.verb:set package 'explore_lite' build argument 'catkin_cmake_args' from command line to 'None'
[0.456s] Level 5:colcon.colcon_core.verb:set package 'explore_lite' build argument 'catkin_skip_building_tests' from command line to 'False'
[0.456s] DEBUG:colcon.colcon_core.verb:Building package 'explore_lite' with the following arguments: {'ament_cmake_args': None, 'build_base': '/home/ws/ugv_ws/build/explore_lite', 'catkin_cmake_args': None, 'catkin_skip_building_tests': False, 'cmake_args': None, 'cmake_clean_cache': False, 'cmake_clean_first': False, 'cmake_force_configure': False, 'cmake_target': None, 'cmake_target_skip_unavailable': False, 'install_base': '/home/ws/ugv_ws/install/explore_lite', 'merge_install': False, 'path': '/home/ws/ugv_ws/src/ugv_else/explore_lite', 'symlink_install': False, 'test_result_base': None}
[0.457s] Level 5:colcon.colcon_core.verb:set package 'ldlidar' build argument 'cmake_args' from command line to 'None'
[0.457s] Level 5:colcon.colcon_core.verb:set package 'ldlidar' build argument 'cmake_target' from command line to 'None'
[0.457s] Level 5:colcon.colcon_core.verb:set package 'ldlidar' build argument 'cmake_target_skip_unavailable' from command line to 'False'
[0.457s] Level 5:colcon.colcon_core.verb:set package 'ldlidar' build argument 'cmake_clean_cache' from command line to 'False'
[0.457s] Level 5:colcon.colcon_core.verb:set package 'ldlidar' build argument 'cmake_clean_first' from command line to 'False'
[0.457s] Level 5:colcon.colcon_core.verb:set package 'ldlidar' build argument 'cmake_force_configure' from command line to 'False'
[0.457s] Level 5:colcon.colcon_core.verb:set package 'ldlidar' build argument 'ament_cmake_args' from command line to 'None'
[0.457s] Level 5:colcon.colcon_core.verb:set package 'ldlidar' build argument 'catkin_cmake_args' from command line to 'None'
[0.457s] Level 5:colcon.colcon_core.verb:set package 'ldlidar' build argument 'catkin_skip_building_tests' from command line to 'False'
[0.457s] DEBUG:colcon.colcon_core.verb:Building package 'ldlidar' with the following arguments: {'ament_cmake_args': None, 'build_base': '/home/ws/ugv_ws/build/ldlidar', 'catkin_cmake_args': None, 'catkin_skip_building_tests': False, 'cmake_args': None, 'cmake_clean_cache': False, 'cmake_clean_first': False, 'cmake_force_configure': False, 'cmake_target': None, 'cmake_target_skip_unavailable': False, 'install_base': '/home/ws/ugv_ws/install/ldlidar', 'merge_install': False, 'path': '/home/ws/ugv_ws/src/ugv_else/ldlidar', 'symlink_install': False, 'test_result_base': None}
[0.457s] Level 5:colcon.colcon_core.verb:set package 'openslam_gmapping' build argument 'cmake_args' from command line to 'None'
[0.457s] Level 5:colcon.colcon_core.verb:set package 'openslam_gmapping' build argument 'cmake_target' from command line to 'None'
[0.457s] Level 5:colcon.colcon_core.verb:set package 'openslam_gmapping' build argument 'cmake_target_skip_unavailable' from command line to 'False'
[0.457s] Level 5:colcon.colcon_core.verb:set package 'openslam_gmapping' build argument 'cmake_clean_cache' from command line to 'False'
[0.457s] Level 5:colcon.colcon_core.verb:set package 'openslam_gmapping' build argument 'cmake_clean_first' from command line to 'False'
[0.457s] Level 5:colcon.colcon_core.verb:set package 'openslam_gmapping' build argument 'cmake_force_configure' from command line to 'False'
[0.458s] Level 5:colcon.colcon_core.verb:set package 'openslam_gmapping' build argument 'ament_cmake_args' from command line to 'None'
[0.458s] Level 5:colcon.colcon_core.verb:set package 'openslam_gmapping' build argument 'catkin_cmake_args' from command line to 'None'
[0.458s] Level 5:colcon.colcon_core.verb:set package 'openslam_gmapping' build argument 'catkin_skip_building_tests' from command line to 'False'
[0.458s] DEBUG:colcon.colcon_core.verb:Building package 'openslam_gmapping' with the following arguments: {'ament_cmake_args': None, 'build_base': '/home/ws/ugv_ws/build/openslam_gmapping', 'catkin_cmake_args': None, 'catkin_skip_building_tests': False, 'cmake_args': None, 'cmake_clean_cache': False, 'cmake_clean_first': False, 'cmake_force_configure': False, 'cmake_target': None, 'cmake_target_skip_unavailable': False, 'install_base': '/home/ws/ugv_ws/install/openslam_gmapping', 'merge_install': False, 'path': '/home/ws/ugv_ws/src/ugv_else/gmapping/openslam_gmapping', 'symlink_install': False, 'test_result_base': None}
[0.458s] Level 5:colcon.colcon_core.verb:set package 'rf2o_laser_odometry' build argument 'cmake_args' from command line to 'None'
[0.458s] Level 5:colcon.colcon_core.verb:set package 'rf2o_laser_odometry' build argument 'cmake_target' from command line to 'None'
[0.458s] Level 5:colcon.colcon_core.verb:set package 'rf2o_laser_odometry' build argument 'cmake_target_skip_unavailable' from command line to 'False'
[0.458s] Level 5:colcon.colcon_core.verb:set package 'rf2o_laser_odometry' build argument 'cmake_clean_cache' from command line to 'False'
[0.458s] Level 5:colcon.colcon_core.verb:set package 'rf2o_laser_odometry' build argument 'cmake_clean_first' from command line to 'False'
[0.458s] Level 5:colcon.colcon_core.verb:set package 'rf2o_laser_odometry' build argument 'cmake_force_configure' from command line to 'False'
[0.458s] Level 5:colcon.colcon_core.verb:set package 'rf2o_laser_odometry' build argument 'ament_cmake_args' from command line to 'None'
[0.458s] Level 5:colcon.colcon_core.verb:set package 'rf2o_laser_odometry' build argument 'catkin_cmake_args' from command line to 'None'
[0.458s] Level 5:colcon.colcon_core.verb:set package 'rf2o_laser_odometry' build argument 'catkin_skip_building_tests' from command line to 'False'
[0.458s] DEBUG:colcon.colcon_core.verb:Building package 'rf2o_laser_odometry' with the following arguments: {'ament_cmake_args': None, 'build_base': '/home/ws/ugv_ws/build/rf2o_laser_odometry', 'catkin_cmake_args': None, 'catkin_skip_building_tests': False, 'cmake_args': None, 'cmake_clean_cache': False, 'cmake_clean_first': False, 'cmake_force_configure': False, 'cmake_target': None, 'cmake_target_skip_unavailable': False, 'install_base': '/home/ws/ugv_ws/install/rf2o_laser_odometry', 'merge_install': False, 'path': '/home/ws/ugv_ws/src/ugv_else/rf2o_laser_odometry', 'symlink_install': False, 'test_result_base': None}
[0.458s] Level 5:colcon.colcon_core.verb:set package 'robot_pose_publisher' build argument 'cmake_args' from command line to 'None'
[0.458s] Level 5:colcon.colcon_core.verb:set package 'robot_pose_publisher' build argument 'cmake_target' from command line to 'None'
[0.458s] Level 5:colcon.colcon_core.verb:set package 'robot_pose_publisher' build argument 'cmake_target_skip_unavailable' from command line to 'False'
[0.459s] Level 5:colcon.colcon_core.verb:set package 'robot_pose_publisher' build argument 'cmake_clean_cache' from command line to 'False'
[0.459s] Level 5:colcon.colcon_core.verb:set package 'robot_pose_publisher' build argument 'cmake_clean_first' from command line to 'False'
[0.459s] Level 5:colcon.colcon_core.verb:set package 'robot_pose_publisher' build argument 'cmake_force_configure' from command line to 'False'
[0.459s] Level 5:colcon.colcon_core.verb:set package 'robot_pose_publisher' build argument 'ament_cmake_args' from command line to 'None'
[0.459s] Level 5:colcon.colcon_core.verb:set package 'robot_pose_publisher' build argument 'catkin_cmake_args' from command line to 'None'
[0.459s] Level 5:colcon.colcon_core.verb:set package 'robot_pose_publisher' build argument 'catkin_skip_building_tests' from command line to 'False'
[0.459s] DEBUG:colcon.colcon_core.verb:Building package 'robot_pose_publisher' with the following arguments: {'ament_cmake_args': None, 'build_base': '/home/ws/ugv_ws/build/robot_pose_publisher', 'catkin_cmake_args': None, 'catkin_skip_building_tests': False, 'cmake_args': None, 'cmake_clean_cache': False, 'cmake_clean_first': False, 'cmake_force_configure': False, 'cmake_target': None, 'cmake_target_skip_unavailable': False, 'install_base': '/home/ws/ugv_ws/install/robot_pose_publisher', 'merge_install': False, 'path': '/home/ws/ugv_ws/src/ugv_else/robot_pose_publisher', 'symlink_install': False, 'test_result_base': None}
[0.459s] Level 5:colcon.colcon_core.verb:set package 'ugv_base_node' build argument 'cmake_args' from command line to 'None'
[0.459s] Level 5:colcon.colcon_core.verb:set package 'ugv_base_node' build argument 'cmake_target' from command line to 'None'
[0.459s] Level 5:colcon.colcon_core.verb:set package 'ugv_base_node' build argument 'cmake_target_skip_unavailable' from command line to 'False'
[0.459s] Level 5:colcon.colcon_core.verb:set package 'ugv_base_node' build argument 'cmake_clean_cache' from command line to 'False'
[0.459s] Level 5:colcon.colcon_core.verb:set package 'ugv_base_node' build argument 'cmake_clean_first' from command line to 'False'
[0.459s] Level 5:colcon.colcon_core.verb:set package 'ugv_base_node' build argument 'cmake_force_configure' from command line to 'False'
[0.459s] Level 5:colcon.colcon_core.verb:set package 'ugv_base_node' build argument 'ament_cmake_args' from command line to 'None'
[0.459s] Level 5:colcon.colcon_core.verb:set package 'ugv_base_node' build argument 'catkin_cmake_args' from command line to 'None'
[0.459s] Level 5:colcon.colcon_core.verb:set package 'ugv_base_node' build argument 'catkin_skip_building_tests' from command line to 'False'
[0.459s] DEBUG:colcon.colcon_core.verb:Building package 'ugv_base_node' with the following arguments: {'ament_cmake_args': None, 'build_base': '/home/ws/ugv_ws/build/ugv_base_node', 'catkin_cmake_args': None, 'catkin_skip_building_tests': False, 'cmake_args': None, 'cmake_clean_cache': False, 'cmake_clean_first': False, 'cmake_force_configure': False, 'cmake_target': None, 'cmake_target_skip_unavailable': False, 'install_base': '/home/ws/ugv_ws/install/ugv_base_node', 'merge_install': False, 'path': '/home/ws/ugv_ws/src/ugv_main/ugv_base_node', 'symlink_install': False, 'test_result_base': None}
[0.459s] Level 5:colcon.colcon_core.verb:set package 'ugv_interface' build argument 'cmake_args' from command line to 'None'
[0.460s] Level 5:colcon.colcon_core.verb:set package 'ugv_interface' build argument 'cmake_target' from command line to 'None'
[0.460s] Level 5:colcon.colcon_core.verb:set package 'ugv_interface' build argument 'cmake_target_skip_unavailable' from command line to 'False'
[0.460s] Level 5:colcon.colcon_core.verb:set package 'ugv_interface' build argument 'cmake_clean_cache' from command line to 'False'
[0.460s] Level 5:colcon.colcon_core.verb:set package 'ugv_interface' build argument 'cmake_clean_first' from command line to 'False'
[0.460s] Level 5:colcon.colcon_core.verb:set package 'ugv_interface' build argument 'cmake_force_configure' from command line to 'False'
[0.460s] Level 5:colcon.colcon_core.verb:set package 'ugv_interface' build argument 'ament_cmake_args' from command line to 'None'
[0.460s] Level 5:colcon.colcon_core.verb:set package 'ugv_interface' build argument 'catkin_cmake_args' from command line to 'None'
[0.460s] Level 5:colcon.colcon_core.verb:set package 'ugv_interface' build argument 'catkin_skip_building_tests' from command line to 'False'
[0.460s] DEBUG:colcon.colcon_core.verb:Building package 'ugv_interface' with the following arguments: {'ament_cmake_args': None, 'build_base': '/home/ws/ugv_ws/build/ugv_interface', 'catkin_cmake_args': None, 'catkin_skip_building_tests': False, 'cmake_args': None, 'cmake_clean_cache': False, 'cmake_clean_first': False, 'cmake_force_configure': False, 'cmake_target': None, 'cmake_target_skip_unavailable': False, 'install_base': '/home/ws/ugv_ws/install/ugv_interface', 'merge_install': False, 'path': '/home/ws/ugv_ws/src/ugv_main/ugv_interface', 'symlink_install': False, 'test_result_base': None}
[0.460s] Level 5:colcon.colcon_core.verb:set package 'vizanti_cpp' build argument 'cmake_args' from command line to 'None'
[0.460s] Level 5:colcon.colcon_core.verb:set package 'vizanti_cpp' build argument 'cmake_target' from command line to 'None'
[0.460s] Level 5:colcon.colcon_core.verb:set package 'vizanti_cpp' build argument 'cmake_target_skip_unavailable' from command line to 'False'
[0.460s] Level 5:colcon.colcon_core.verb:set package 'vizanti_cpp' build argument 'cmake_clean_cache' from command line to 'False'
[0.460s] Level 5:colcon.colcon_core.verb:set package 'vizanti_cpp' build argument 'cmake_clean_first' from command line to 'False'
[0.460s] Level 5:colcon.colcon_core.verb:set package 'vizanti_cpp' build argument 'cmake_force_configure' from command line to 'False'
[0.460s] Level 5:colcon.colcon_core.verb:set package 'vizanti_cpp' build argument 'ament_cmake_args' from command line to 'None'
[0.460s] Level 5:colcon.colcon_core.verb:set package 'vizanti_cpp' build argument 'catkin_cmake_args' from command line to 'None'
[0.460s] Level 5:colcon.colcon_core.verb:set package 'vizanti_cpp' build argument 'catkin_skip_building_tests' from command line to 'False'
[0.460s] DEBUG:colcon.colcon_core.verb:Building package 'vizanti_cpp' with the following arguments: {'ament_cmake_args': None, 'build_base': '/home/ws/ugv_ws/build/vizanti_cpp', 'catkin_cmake_args': None, 'catkin_skip_building_tests': False, 'cmake_args': None, 'cmake_clean_cache': False, 'cmake_clean_first': False, 'cmake_force_configure': False, 'cmake_target': None, 'cmake_target_skip_unavailable': False, 'install_base': '/home/ws/ugv_ws/install/vizanti_cpp', 'merge_install': False, 'path': '/home/ws/ugv_ws/src/ugv_else/vizanti/vizanti_cpp', 'symlink_install': False, 'test_result_base': None}
[0.461s] Level 5:colcon.colcon_core.verb:set package 'vizanti_msgs' build argument 'cmake_args' from command line to 'None'
[0.461s] Level 5:colcon.colcon_core.verb:set package 'vizanti_msgs' build argument 'cmake_target' from command line to 'None'
[0.461s] Level 5:colcon.colcon_core.verb:set package 'vizanti_msgs' build argument 'cmake_target_skip_unavailable' from command line to 'False'
[0.461s] Level 5:colcon.colcon_core.verb:set package 'vizanti_msgs' build argument 'cmake_clean_cache' from command line to 'False'
[0.461s] Level 5:colcon.colcon_core.verb:set package 'vizanti_msgs' build argument 'cmake_clean_first' from command line to 'False'
[0.461s] Level 5:colcon.colcon_core.verb:set package 'vizanti_msgs' build argument 'cmake_force_configure' from command line to 'False'
[0.461s] Level 5:colcon.colcon_core.verb:set package 'vizanti_msgs' build argument 'ament_cmake_args' from command line to 'None'
[0.461s] Level 5:colcon.colcon_core.verb:set package 'vizanti_msgs' build argument 'catkin_cmake_args' from command line to 'None'
[0.461s] Level 5:colcon.colcon_core.verb:set package 'vizanti_msgs' build argument 'catkin_skip_building_tests' from command line to 'False'
[0.461s] DEBUG:colcon.colcon_core.verb:Building package 'vizanti_msgs' with the following arguments: {'ament_cmake_args': None, 'build_base': '/home/ws/ugv_ws/build/vizanti_msgs', 'catkin_cmake_args': None, 'catkin_skip_building_tests': False, 'cmake_args': None, 'cmake_clean_cache': False, 'cmake_clean_first': False, 'cmake_force_configure': False, 'cmake_target': None, 'cmake_target_skip_unavailable': False, 'install_base': '/home/ws/ugv_ws/install/vizanti_msgs', 'merge_install': False, 'path': '/home/ws/ugv_ws/src/ugv_else/vizanti/vizanti_msgs', 'symlink_install': False, 'test_result_base': None}
[0.461s] Level 5:colcon.colcon_core.verb:set package 'apriltag_ros' build argument 'cmake_args' from command line to 'None'
[0.461s] Level 5:colcon.colcon_core.verb:set package 'apriltag_ros' build argument 'cmake_target' from command line to 'None'
[0.461s] Level 5:colcon.colcon_core.verb:set package 'apriltag_ros' build argument 'cmake_target_skip_unavailable' from command line to 'False'
[0.461s] Level 5:colcon.colcon_core.verb:set package 'apriltag_ros' build argument 'cmake_clean_cache' from command line to 'False'
[0.461s] Level 5:colcon.colcon_core.verb:set package 'apriltag_ros' build argument 'cmake_clean_first' from command line to 'False'
[0.461s] Level 5:colcon.colcon_core.verb:set package 'apriltag_ros' build argument 'cmake_force_configure' from command line to 'False'
[0.461s] Level 5:colcon.colcon_core.verb:set package 'apriltag_ros' build argument 'ament_cmake_args' from command line to 'None'
[0.461s] Level 5:colcon.colcon_core.verb:set package 'apriltag_ros' build argument 'catkin_cmake_args' from command line to 'None'
[0.461s] Level 5:colcon.colcon_core.verb:set package 'apriltag_ros' build argument 'catkin_skip_building_tests' from command line to 'False'
[0.461s] DEBUG:colcon.colcon_core.verb:Building package 'apriltag_ros' with the following arguments: {'ament_cmake_args': None, 'build_base': '/home/ws/ugv_ws/build/apriltag_ros', 'catkin_cmake_args': None, 'catkin_skip_building_tests': False, 'cmake_args': None, 'cmake_clean_cache': False, 'cmake_clean_first': False, 'cmake_force_configure': False, 'cmake_target': None, 'cmake_target_skip_unavailable': False, 'install_base': '/home/ws/ugv_ws/install/apriltag_ros', 'merge_install': False, 'path': '/home/ws/ugv_ws/src/ugv_else/apriltag_ros/apriltag_ros', 'symlink_install': False, 'test_result_base': None}
[0.462s] Level 5:colcon.colcon_core.verb:set package 'costmap_converter' build argument 'cmake_args' from command line to 'None'
[0.462s] Level 5:colcon.colcon_core.verb:set package 'costmap_converter' build argument 'cmake_target' from command line to 'None'
[0.462s] Level 5:colcon.colcon_core.verb:set package 'costmap_converter' build argument 'cmake_target_skip_unavailable' from command line to 'False'
[0.462s] Level 5:colcon.colcon_core.verb:set package 'costmap_converter' build argument 'cmake_clean_cache' from command line to 'False'
[0.462s] Level 5:colcon.colcon_core.verb:set package 'costmap_converter' build argument 'cmake_clean_first' from command line to 'False'
[0.462s] Level 5:colcon.colcon_core.verb:set package 'costmap_converter' build argument 'cmake_force_configure' from command line to 'False'
[0.462s] Level 5:colcon.colcon_core.verb:set package 'costmap_converter' build argument 'ament_cmake_args' from command line to 'None'
[0.462s] Level 5:colcon.colcon_core.verb:set package 'costmap_converter' build argument 'catkin_cmake_args' from command line to 'None'
[0.462s] Level 5:colcon.colcon_core.verb:set package 'costmap_converter' build argument 'catkin_skip_building_tests' from command line to 'False'
[0.462s] DEBUG:colcon.colcon_core.verb:Building package 'costmap_converter' with the following arguments: {'ament_cmake_args': None, 'build_base': '/home/ws/ugv_ws/build/costmap_converter', 'catkin_cmake_args': None, 'catkin_skip_building_tests': False, 'cmake_args': None, 'cmake_clean_cache': False, 'cmake_clean_first': False, 'cmake_force_configure': False, 'cmake_target': None, 'cmake_target_skip_unavailable': False, 'install_base': '/home/ws/ugv_ws/install/costmap_converter', 'merge_install': False, 'path': '/home/ws/ugv_ws/src/ugv_else/costmap_converter/costmap_converter', 'symlink_install': False, 'test_result_base': None}
[0.462s] Level 5:colcon.colcon_core.verb:set package 'slam_gmapping' build argument 'cmake_args' from command line to 'None'
[0.462s] Level 5:colcon.colcon_core.verb:set package 'slam_gmapping' build argument 'cmake_target' from command line to 'None'
[0.462s] Level 5:colcon.colcon_core.verb:set package 'slam_gmapping' build argument 'cmake_target_skip_unavailable' from command line to 'False'
[0.462s] Level 5:colcon.colcon_core.verb:set package 'slam_gmapping' build argument 'cmake_clean_cache' from command line to 'False'
[0.462s] Level 5:colcon.colcon_core.verb:set package 'slam_gmapping' build argument 'cmake_clean_first' from command line to 'False'
[0.462s] Level 5:colcon.colcon_core.verb:set package 'slam_gmapping' build argument 'cmake_force_configure' from command line to 'False'
[0.462s] Level 5:colcon.colcon_core.verb:set package 'slam_gmapping' build argument 'ament_cmake_args' from command line to 'None'
[0.462s] Level 5:colcon.colcon_core.verb:set package 'slam_gmapping' build argument 'catkin_cmake_args' from command line to 'None'
[0.462s] Level 5:colcon.colcon_core.verb:set package 'slam_gmapping' build argument 'catkin_skip_building_tests' from command line to 'False'
[0.462s] DEBUG:colcon.colcon_core.verb:Building package 'slam_gmapping' with the following arguments: {'ament_cmake_args': None, 'build_base': '/home/ws/ugv_ws/build/slam_gmapping', 'catkin_cmake_args': None, 'catkin_skip_building_tests': False, 'cmake_args': None, 'cmake_clean_cache': False, 'cmake_clean_first': False, 'cmake_force_configure': False, 'cmake_target': None, 'cmake_target_skip_unavailable': False, 'install_base': '/home/ws/ugv_ws/install/slam_gmapping', 'merge_install': False, 'path': '/home/ws/ugv_ws/src/ugv_else/gmapping/slam_gmapping', 'symlink_install': False, 'test_result_base': None}
[0.463s] Level 5:colcon.colcon_core.verb:set package 'teb_msgs' build argument 'cmake_args' from command line to 'None'
[0.463s] Level 5:colcon.colcon_core.verb:set package 'teb_msgs' build argument 'cmake_target' from command line to 'None'
[0.463s] Level 5:colcon.colcon_core.verb:set package 'teb_msgs' build argument 'cmake_target_skip_unavailable' from command line to 'False'
[0.463s] Level 5:colcon.colcon_core.verb:set package 'teb_msgs' build argument 'cmake_clean_cache' from command line to 'False'
[0.463s] Level 5:colcon.colcon_core.verb:set package 'teb_msgs' build argument 'cmake_clean_first' from command line to 'False'
[0.463s] Level 5:colcon.colcon_core.verb:set package 'teb_msgs' build argument 'cmake_force_configure' from command line to 'False'
[0.463s] Level 5:colcon.colcon_core.verb:set package 'teb_msgs' build argument 'ament_cmake_args' from command line to 'None'
[0.463s] Level 5:colcon.colcon_core.verb:set package 'teb_msgs' build argument 'catkin_cmake_args' from command line to 'None'
[0.463s] Level 5:colcon.colcon_core.verb:set package 'teb_msgs' build argument 'catkin_skip_building_tests' from command line to 'False'
[0.463s] DEBUG:colcon.colcon_core.verb:Building package 'teb_msgs' with the following arguments: {'ament_cmake_args': None, 'build_base': '/home/ws/ugv_ws/build/teb_msgs', 'catkin_cmake_args': None, 'catkin_skip_building_tests': False, 'cmake_args': None, 'cmake_clean_cache': False, 'cmake_clean_first': False, 'cmake_force_configure': False, 'cmake_target': None, 'cmake_target_skip_unavailable': False, 'install_base': '/home/ws/ugv_ws/install/teb_msgs', 'merge_install': False, 'path': '/home/ws/ugv_ws/src/ugv_else/teb_local_planner/teb_msgs', 'symlink_install': False, 'test_result_base': None}
[0.463s] Level 5:colcon.colcon_core.verb:set package 'vizanti_demos' build argument 'cmake_args' from command line to 'None'
[0.463s] Level 5:colcon.colcon_core.verb:set package 'vizanti_demos' build argument 'cmake_target' from command line to 'None'
[0.463s] Level 5:colcon.colcon_core.verb:set package 'vizanti_demos' build argument 'cmake_target_skip_unavailable' from command line to 'False'
[0.463s] Level 5:colcon.colcon_core.verb:set package 'vizanti_demos' build argument 'cmake_clean_cache' from command line to 'False'
[0.463s] Level 5:colcon.colcon_core.verb:set package 'vizanti_demos' build argument 'cmake_clean_first' from command line to 'False'
[0.463s] Level 5:colcon.colcon_core.verb:set package 'vizanti_demos' build argument 'cmake_force_configure' from command line to 'False'
[0.463s] Level 5:colcon.colcon_core.verb:set package 'vizanti_demos' build argument 'ament_cmake_args' from command line to 'None'
[0.463s] Level 5:colcon.colcon_core.verb:set package 'vizanti_demos' build argument 'catkin_cmake_args' from command line to 'None'
[0.463s] Level 5:colcon.colcon_core.verb:set package 'vizanti_demos' build argument 'catkin_skip_building_tests' from command line to 'False'
[0.463s] DEBUG:colcon.colcon_core.verb:Building package 'vizanti_demos' with the following arguments: {'ament_cmake_args': None, 'build_base': '/home/ws/ugv_ws/build/vizanti_demos', 'catkin_cmake_args': None, 'catkin_skip_building_tests': False, 'cmake_args': None, 'cmake_clean_cache': False, 'cmake_clean_first': False, 'cmake_force_configure': False, 'cmake_target': None, 'cmake_target_skip_unavailable': False, 'install_base': '/home/ws/ugv_ws/install/vizanti_demos', 'merge_install': False, 'path': '/home/ws/ugv_ws/src/ugv_else/vizanti/vizanti_demos', 'symlink_install': False, 'test_result_base': None}
[0.464s] Level 5:colcon.colcon_core.verb:set package 'vizanti_server' build argument 'cmake_args' from command line to 'None'
[0.464s] Level 5:colcon.colcon_core.verb:set package 'vizanti_server' build argument 'cmake_target' from command line to 'None'
[0.464s] Level 5:colcon.colcon_core.verb:set package 'vizanti_server' build argument 'cmake_target_skip_unavailable' from command line to 'False'
[0.464s] Level 5:colcon.colcon_core.verb:set package 'vizanti_server' build argument 'cmake_clean_cache' from command line to 'False'
[0.464s] Level 5:colcon.colcon_core.verb:set package 'vizanti_server' build argument 'cmake_clean_first' from command line to 'False'
[0.464s] Level 5:colcon.colcon_core.verb:set package 'vizanti_server' build argument 'cmake_force_configure' from command line to 'False'
[0.464s] Level 5:colcon.colcon_core.verb:set package 'vizanti_server' build argument 'ament_cmake_args' from command line to 'None'
[0.464s] Level 5:colcon.colcon_core.verb:set package 'vizanti_server' build argument 'catkin_cmake_args' from command line to 'None'
[0.464s] Level 5:colcon.colcon_core.verb:set package 'vizanti_server' build argument 'catkin_skip_building_tests' from command line to 'False'
[0.464s] DEBUG:colcon.colcon_core.verb:Building package 'vizanti_server' with the following arguments: {'ament_cmake_args': None, 'build_base': '/home/ws/ugv_ws/build/vizanti_server', 'catkin_cmake_args': None, 'catkin_skip_building_tests': False, 'cmake_args': None, 'cmake_clean_cache': False, 'cmake_clean_first': False, 'cmake_force_configure': False, 'cmake_target': None, 'cmake_target_skip_unavailable': False, 'install_base': '/home/ws/ugv_ws/install/vizanti_server', 'merge_install': False, 'path': '/home/ws/ugv_ws/src/ugv_else/vizanti/vizanti_server', 'symlink_install': False, 'test_result_base': None}
[0.464s] Level 5:colcon.colcon_core.verb:set package 'teb_local_planner' build argument 'cmake_args' from command line to 'None'
[0.464s] Level 5:colcon.colcon_core.verb:set package 'teb_local_planner' build argument 'cmake_target' from command line to 'None'
[0.464s] Level 5:colcon.colcon_core.verb:set package 'teb_local_planner' build argument 'cmake_target_skip_unavailable' from command line to 'False'
[0.464s] Level 5:colcon.colcon_core.verb:set package 'teb_local_planner' build argument 'cmake_clean_cache' from command line to 'False'
[0.464s] Level 5:colcon.colcon_core.verb:set package 'teb_local_planner' build argument 'cmake_clean_first' from command line to 'False'
[0.464s] Level 5:colcon.colcon_core.verb:set package 'teb_local_planner' build argument 'cmake_force_configure' from command line to 'False'
[0.464s] Level 5:colcon.colcon_core.verb:set package 'teb_local_planner' build argument 'ament_cmake_args' from command line to 'None'
[0.464s] Level 5:colcon.colcon_core.verb:set package 'teb_local_planner' build argument 'catkin_cmake_args' from command line to 'None'
[0.464s] Level 5:colcon.colcon_core.verb:set package 'teb_local_planner' build argument 'catkin_skip_building_tests' from command line to 'False'
[0.464s] DEBUG:colcon.colcon_core.verb:Building package 'teb_local_planner' with the following arguments: {'ament_cmake_args': None, 'build_base': '/home/ws/ugv_ws/build/teb_local_planner', 'catkin_cmake_args': None, 'catkin_skip_building_tests': False, 'cmake_args': None, 'cmake_clean_cache': False, 'cmake_clean_first': False, 'cmake_force_configure': False, 'cmake_target': None, 'cmake_target_skip_unavailable': False, 'install_base': '/home/ws/ugv_ws/install/teb_local_planner', 'merge_install': False, 'path': '/home/ws/ugv_ws/src/ugv_else/teb_local_planner/teb_local_planner', 'symlink_install': False, 'test_result_base': None}
[0.465s] Level 5:colcon.colcon_core.verb:set package 'vizanti' build argument 'cmake_args' from command line to 'None'
[0.465s] Level 5:colcon.colcon_core.verb:set package 'vizanti' build argument 'cmake_target' from command line to 'None'
[0.465s] Level 5:colcon.colcon_core.verb:set package 'vizanti' build argument 'cmake_target_skip_unavailable' from command line to 'False'
[0.465s] Level 5:colcon.colcon_core.verb:set package 'vizanti' build argument 'cmake_clean_cache' from command line to 'False'
[0.465s] Level 5:colcon.colcon_core.verb:set package 'vizanti' build argument 'cmake_clean_first' from command line to 'False'
[0.465s] Level 5:colcon.colcon_core.verb:set package 'vizanti' build argument 'cmake_force_configure' from command line to 'False'
[0.465s] Level 5:colcon.colcon_core.verb:set package 'vizanti' build argument 'ament_cmake_args' from command line to 'None'
[0.465s] Level 5:colcon.colcon_core.verb:set package 'vizanti' build argument 'catkin_cmake_args' from command line to 'None'
[0.465s] Level 5:colcon.colcon_core.verb:set package 'vizanti' build argument 'catkin_skip_building_tests' from command line to 'False'
[0.465s] DEBUG:colcon.colcon_core.verb:Building package 'vizanti' with the following arguments: {'ament_cmake_args': None, 'build_base': '/home/ws/ugv_ws/build/vizanti', 'catkin_cmake_args': None, 'catkin_skip_building_tests': False, 'cmake_args': None, 'cmake_clean_cache': False, 'cmake_clean_first': False, 'cmake_force_configure': False, 'cmake_target': None, 'cmake_target_skip_unavailable': False, 'install_base': '/home/ws/ugv_ws/install/vizanti', 'merge_install': False, 'path': '/home/ws/ugv_ws/src/ugv_else/vizanti/vizanti', 'symlink_install': False, 'test_result_base': None}
[0.465s] INFO:colcon.colcon_core.executor:Executing jobs using 'parallel' executor
[0.466s] DEBUG:colcon.colcon_parallel_executor.executor.parallel:run_until_complete
[0.467s] INFO:colcon.colcon_ros.task.ament_cmake.build:Building ROS package in '/home/ws/ugv_ws/src/ugv_else/costmap_converter/costmap_converter_msgs' with build type 'ament_cmake'
[0.468s] INFO:colcon.colcon_cmake.task.cmake.build:Building CMake package in '/home/ws/ugv_ws/src/ugv_else/costmap_converter/costmap_converter_msgs'
[0.470s] INFO:colcon.colcon_core.plugin_system:Skipping extension 'colcon_core.shell.bat': Not used on non-Windows systems
[0.470s] INFO:colcon.colcon_core.shell:Skip shell extension 'powershell' for command environment: Not usable outside of PowerShell
[0.470s] DEBUG:colcon.colcon_core.shell:Skip shell extension 'dsv' for command environment
[0.471s] WARNING:colcon.colcon_ros.prefix_path.ament:The path '/home/ws/ugv_ws/install/ugv_web_app' in the environment variable AMENT_PREFIX_PATH doesn't exist
[0.478s] INFO:colcon.colcon_ros.task.ament_cmake.build:Building ROS package in '/home/ws/ugv_ws/src/ugv_else/vizanti/vizanti_msgs' with build type 'ament_cmake'
[0.478s] INFO:colcon.colcon_cmake.task.cmake.build:Building CMake package in '/home/ws/ugv_ws/src/ugv_else/vizanti/vizanti_msgs'
[0.478s] INFO:colcon.colcon_core.shell:Skip shell extension 'powershell' for command environment: Not usable outside of PowerShell
[0.478s] DEBUG:colcon.colcon_core.shell:Skip shell extension 'dsv' for command environment
[0.484s] INFO:colcon.colcon_ros.task.cmake.build:Building ROS package in '/home/ws/ugv_ws/src/ugv_else/apriltag_ros/apriltag' with build type 'cmake'
[0.484s] INFO:colcon.colcon_cmake.task.cmake.build:Building CMake package in '/home/ws/ugv_ws/src/ugv_else/apriltag_ros/apriltag'
[0.485s] INFO:colcon.colcon_core.shell:Skip shell extension 'powershell' for command environment: Not usable outside of PowerShell
[0.485s] DEBUG:colcon.colcon_core.shell:Skip shell extension 'dsv' for command environment
[0.491s] INFO:colcon.colcon_ros.task.ament_cmake.build:Building ROS package in '/home/ws/ugv_ws/src/ugv_else/apriltag_ros/apriltag_msgs' with build type 'ament_cmake'
[0.491s] INFO:colcon.colcon_cmake.task.cmake.build:Building CMake package in '/home/ws/ugv_ws/src/ugv_else/apriltag_ros/apriltag_msgs'
[0.491s] INFO:colcon.colcon_core.shell:Skip shell extension 'powershell' for command environment: Not usable outside of PowerShell
[0.491s] DEBUG:colcon.colcon_core.shell:Skip shell extension 'dsv' for command environment
[0.502s] DEBUG:colcon.colcon_core.event_handler.log_command:Invoking command in '/home/ws/ugv_ws/build/costmap_converter_msgs': CMAKE_PREFIX_PATH=${CMAKE_PREFIX_PATH}:/home/ws/ugv_ws/install/ugv_web_app:/home/ws/ugv_ws/install/ugv_vision:/home/ws/ugv_ws/install/ugv_tools:/home/ws/ugv_ws/install/ugv_chat_ai:/home/ws/ugv_ws/install/ugv_bringup:/opt/ros/humble /usr/bin/cmake --build /home/ws/ugv_ws/build/costmap_converter_msgs -- -j4 -l4
[0.510s] DEBUG:colcon.colcon_core.event_handler.log_command:Invoking command in '/home/ws/ugv_ws/build/vizanti_msgs': CMAKE_PREFIX_PATH=${CMAKE_PREFIX_PATH}:/home/ws/ugv_ws/install/ugv_web_app:/home/ws/ugv_ws/install/ugv_vision:/home/ws/ugv_ws/install/ugv_tools:/home/ws/ugv_ws/install/ugv_chat_ai:/home/ws/ugv_ws/install/ugv_bringup:/opt/ros/humble /usr/bin/cmake --build /home/ws/ugv_ws/build/vizanti_msgs -- -j4 -l4
[0.517s] DEBUG:colcon.colcon_core.event_handler.log_command:Invoking command in '/home/ws/ugv_ws/build/apriltag': CMAKE_PREFIX_PATH=${CMAKE_PREFIX_PATH}:/home/ws/ugv_ws/install/ugv_web_app:/home/ws/ugv_ws/install/ugv_vision:/home/ws/ugv_ws/install/ugv_tools:/home/ws/ugv_ws/install/ugv_chat_ai:/home/ws/ugv_ws/install/ugv_bringup:/opt/ros/humble /usr/bin/cmake --build /home/ws/ugv_ws/build/apriltag -- -j4 -l4
[0.526s] DEBUG:colcon.colcon_core.event_handler.log_command:Invoking command in '/home/ws/ugv_ws/build/apriltag_msgs': CMAKE_PREFIX_PATH=${CMAKE_PREFIX_PATH}:/home/ws/ugv_ws/install/ugv_web_app:/home/ws/ugv_ws/install/ugv_vision:/home/ws/ugv_ws/install/ugv_tools:/home/ws/ugv_ws/install/ugv_chat_ai:/home/ws/ugv_ws/install/ugv_bringup:/opt/ros/humble /usr/bin/cmake --build /home/ws/ugv_ws/build/apriltag_msgs -- -j4 -l4
[1.533s] DEBUG:colcon.colcon_core.event_handler.log_command:Invoked command in '/home/ws/ugv_ws/build/apriltag' returned '0': CMAKE_PREFIX_PATH=${CMAKE_PREFIX_PATH}:/home/ws/ugv_ws/install/ugv_web_app:/home/ws/ugv_ws/install/ugv_vision:/home/ws/ugv_ws/install/ugv_tools:/home/ws/ugv_ws/install/ugv_chat_ai:/home/ws/ugv_ws/install/ugv_bringup:/opt/ros/humble /usr/bin/cmake --build /home/ws/ugv_ws/build/apriltag -- -j4 -l4
[1.569s] DEBUG:colcon.colcon_core.event_handler.log_command:Invoked command in '/home/ws/ugv_ws/build/costmap_converter_msgs' returned '0': CMAKE_PREFIX_PATH=${CMAKE_PREFIX_PATH}:/home/ws/ugv_ws/install/ugv_web_app:/home/ws/ugv_ws/install/ugv_vision:/home/ws/ugv_ws/install/ugv_tools:/home/ws/ugv_ws/install/ugv_chat_ai:/home/ws/ugv_ws/install/ugv_bringup:/opt/ros/humble /usr/bin/cmake --build /home/ws/ugv_ws/build/costmap_converter_msgs -- -j4 -l4
[1.626s] DEBUG:colcon.colcon_core.event_handler.log_command:Invoked command in '/home/ws/ugv_ws/build/apriltag_msgs' returned '0': CMAKE_PREFIX_PATH=${CMAKE_PREFIX_PATH}:/home/ws/ugv_ws/install/ugv_web_app:/home/ws/ugv_ws/install/ugv_vision:/home/ws/ugv_ws/install/ugv_tools:/home/ws/ugv_ws/install/ugv_chat_ai:/home/ws/ugv_ws/install/ugv_bringup:/opt/ros/humble /usr/bin/cmake --build /home/ws/ugv_ws/build/apriltag_msgs -- -j4 -l4
[1.634s] DEBUG:colcon.colcon_core.event_handler.log_command:Invoked command in '/home/ws/ugv_ws/build/vizanti_msgs' returned '0': CMAKE_PREFIX_PATH=${CMAKE_PREFIX_PATH}:/home/ws/ugv_ws/install/ugv_web_app:/home/ws/ugv_ws/install/ugv_vision:/home/ws/ugv_ws/install/ugv_tools:/home/ws/ugv_ws/install/ugv_chat_ai:/home/ws/ugv_ws/install/ugv_bringup:/opt/ros/humble /usr/bin/cmake --build /home/ws/ugv_ws/build/vizanti_msgs -- -j4 -l4
[1.714s] DEBUG:colcon.colcon_core.event_handler.log_command:Invoking command in '/home/ws/ugv_ws/build/costmap_converter_msgs': CMAKE_PREFIX_PATH=${CMAKE_PREFIX_PATH}:/home/ws/ugv_ws/install/ugv_web_app:/home/ws/ugv_ws/install/ugv_vision:/home/ws/ugv_ws/install/ugv_tools:/home/ws/ugv_ws/install/ugv_chat_ai:/home/ws/ugv_ws/install/ugv_bringup:/opt/ros/humble /usr/bin/cmake --install /home/ws/ugv_ws/build/costmap_converter_msgs
[1.718s] DEBUG:colcon.colcon_core.event_handler.log_command:Invoking command in '/home/ws/ugv_ws/build/apriltag': CMAKE_PREFIX_PATH=${CMAKE_PREFIX_PATH}:/home/ws/ugv_ws/install/ugv_web_app:/home/ws/ugv_ws/install/ugv_vision:/home/ws/ugv_ws/install/ugv_tools:/home/ws/ugv_ws/install/ugv_chat_ai:/home/ws/ugv_ws/install/ugv_bringup:/opt/ros/humble /usr/bin/cmake --install /home/ws/ugv_ws/build/apriltag
[1.768s] DEBUG:colcon.colcon_core.event_handler.log_command:Invoked command in '/home/ws/ugv_ws/build/apriltag' returned '0': CMAKE_PREFIX_PATH=${CMAKE_PREFIX_PATH}:/home/ws/ugv_ws/install/ugv_web_app:/home/ws/ugv_ws/install/ugv_vision:/home/ws/ugv_ws/install/ugv_tools:/home/ws/ugv_ws/install/ugv_chat_ai:/home/ws/ugv_ws/install/ugv_bringup:/opt/ros/humble /usr/bin/cmake --install /home/ws/ugv_ws/build/apriltag
[1.769s] DEBUG:colcon.colcon_core.event_handler.log_command:Invoking command in '/home/ws/ugv_ws/build/apriltag_msgs': CMAKE_PREFIX_PATH=${CMAKE_PREFIX_PATH}:/home/ws/ugv_ws/install/ugv_web_app:/home/ws/ugv_ws/install/ugv_vision:/home/ws/ugv_ws/install/ugv_tools:/home/ws/ugv_ws/install/ugv_chat_ai:/home/ws/ugv_ws/install/ugv_bringup:/opt/ros/humble /usr/bin/cmake --install /home/ws/ugv_ws/build/apriltag_msgs
[1.839s] Level 1:colcon.colcon_core.environment:create_environment_scripts_only(costmap_converter_msgs)
[1.842s] DEBUG:colcon.colcon_core.event_handler.log_command:Invoked command in '/home/ws/ugv_ws/build/costmap_converter_msgs' returned '0': CMAKE_PREFIX_PATH=${CMAKE_PREFIX_PATH}:/home/ws/ugv_ws/install/ugv_web_app:/home/ws/ugv_ws/install/ugv_vision:/home/ws/ugv_ws/install/ugv_tools:/home/ws/ugv_ws/install/ugv_chat_ai:/home/ws/ugv_ws/install/ugv_bringup:/opt/ros/humble /usr/bin/cmake --install /home/ws/ugv_ws/build/costmap_converter_msgs
[1.847s] Level 1:colcon.colcon_core.environment:checking '/home/ws/ugv_ws/install/costmap_converter_msgs' for CMake module files
[1.849s] Level 1:colcon.colcon_core.environment:checking '/home/ws/ugv_ws/install/costmap_converter_msgs' for CMake config files
[1.849s] Level 1:colcon.colcon_core.shell:create_environment_hook('costmap_converter_msgs', 'cmake_prefix_path')
[1.850s] INFO:colcon.colcon_core.shell:Creating environment hook '/home/ws/ugv_ws/install/costmap_converter_msgs/share/costmap_converter_msgs/hook/cmake_prefix_path.ps1'
[1.851s] INFO:colcon.colcon_core.shell:Creating environment descriptor '/home/ws/ugv_ws/install/costmap_converter_msgs/share/costmap_converter_msgs/hook/cmake_prefix_path.dsv'
[1.866s] INFO:colcon.colcon_core.shell:Creating environment hook '/home/ws/ugv_ws/install/costmap_converter_msgs/share/costmap_converter_msgs/hook/cmake_prefix_path.sh'
[1.879s] Level 1:colcon.colcon_core.environment:checking '/home/ws/ugv_ws/install/costmap_converter_msgs/lib'
[1.880s] Level 1:colcon.colcon_core.shell:create_environment_hook('costmap_converter_msgs', 'ld_library_path_lib')
[1.880s] INFO:colcon.colcon_core.shell:Creating environment hook '/home/ws/ugv_ws/install/costmap_converter_msgs/share/costmap_converter_msgs/hook/ld_library_path_lib.ps1'
[1.883s] INFO:colcon.colcon_core.shell:Creating environment descriptor '/home/ws/ugv_ws/install/costmap_converter_msgs/share/costmap_converter_msgs/hook/ld_library_path_lib.dsv'
[1.885s] INFO:colcon.colcon_core.shell:Creating environment hook '/home/ws/ugv_ws/install/costmap_converter_msgs/share/costmap_converter_msgs/hook/ld_library_path_lib.sh'
[1.887s] Level 1:colcon.colcon_core.environment:checking '/home/ws/ugv_ws/install/costmap_converter_msgs/bin'
[1.887s] Level 1:colcon.colcon_core.environment:checking '/home/ws/ugv_ws/install/costmap_converter_msgs/lib/pkgconfig/costmap_converter_msgs.pc'
[1.890s] Level 1:colcon.colcon_core.environment:checking '/home/ws/ugv_ws/install/costmap_converter_msgs/lib/python3.10/site-packages'
[1.891s] Level 1:colcon.colcon_core.environment:checking '/home/ws/ugv_ws/install/costmap_converter_msgs/bin'
[1.892s] INFO:colcon.colcon_core.shell:Creating package script '/home/ws/ugv_ws/install/costmap_converter_msgs/share/costmap_converter_msgs/package.ps1'
[1.893s] INFO:colcon.colcon_core.shell:Creating package descriptor '/home/ws/ugv_ws/install/costmap_converter_msgs/share/costmap_converter_msgs/package.dsv'
[1.894s] INFO:colcon.colcon_core.shell:Creating package script '/home/ws/ugv_ws/install/costmap_converter_msgs/share/costmap_converter_msgs/package.sh'
[1.895s] INFO:colcon.colcon_core.shell:Creating package script '/home/ws/ugv_ws/install/costmap_converter_msgs/share/costmap_converter_msgs/package.bash'
[1.897s] INFO:colcon.colcon_core.shell:Creating package script '/home/ws/ugv_ws/install/costmap_converter_msgs/share/costmap_converter_msgs/package.zsh'
[1.898s] Level 1:colcon.colcon_core.environment:create_file_with_runtime_dependencies(/home/ws/ugv_ws/install/costmap_converter_msgs/share/colcon-core/packages/costmap_converter_msgs)
[1.900s] Level 1:colcon.colcon_core.shell:create_environment_hook('apriltag', 'pkg_config_path')
[1.901s] INFO:colcon.colcon_core.shell:Creating environment hook '/home/ws/ugv_ws/install/apriltag/share/apriltag/hook/pkg_config_path.ps1'
[1.902s] INFO:colcon.colcon_core.shell:Creating environment descriptor '/home/ws/ugv_ws/install/apriltag/share/apriltag/hook/pkg_config_path.dsv'
[1.903s] INFO:colcon.colcon_core.shell:Creating environment hook '/home/ws/ugv_ws/install/apriltag/share/apriltag/hook/pkg_config_path.sh'
[1.906s] Level 1:colcon.colcon_core.shell:create_environment_hook('apriltag', 'pkg_config_path_multiarch')
[1.906s] INFO:colcon.colcon_core.shell:Creating environment hook '/home/ws/ugv_ws/install/apriltag/share/apriltag/hook/pkg_config_path_multiarch.ps1'
[1.907s] INFO:colcon.colcon_core.shell:Creating environment descriptor '/home/ws/ugv_ws/install/apriltag/share/apriltag/hook/pkg_config_path_multiarch.dsv'
[1.908s] INFO:colcon.colcon_core.shell:Creating environment hook '/home/ws/ugv_ws/install/apriltag/share/apriltag/hook/pkg_config_path_multiarch.sh'
[1.908s] Level 1:colcon.colcon_core.environment:create_environment_scripts_only(apriltag)
[1.909s] Level 1:colcon.colcon_core.environment:checking '/home/ws/ugv_ws/install/apriltag' for CMake module files
[1.910s] Level 1:colcon.colcon_core.environment:checking '/home/ws/ugv_ws/install/apriltag' for CMake config files
[1.910s] Level 1:colcon.colcon_core.shell:create_environment_hook('apriltag', 'cmake_prefix_path')
[1.911s] INFO:colcon.colcon_core.shell:Creating environment hook '/home/ws/ugv_ws/install/apriltag/share/apriltag/hook/cmake_prefix_path.ps1'
[1.911s] INFO:colcon.colcon_core.shell:Creating environment descriptor '/home/ws/ugv_ws/install/apriltag/share/apriltag/hook/cmake_prefix_path.dsv'
[1.915s] INFO:colcon.colcon_core.shell:Creating environment hook '/home/ws/ugv_ws/install/apriltag/share/apriltag/hook/cmake_prefix_path.sh'
[1.916s] Level 1:colcon.colcon_core.environment:checking '/home/ws/ugv_ws/install/apriltag/lib'
[1.916s] Level 1:colcon.colcon_core.shell:create_environment_hook('apriltag', 'ld_library_path_lib')
[1.917s] INFO:colcon.colcon_core.shell:Creating environment hook '/home/ws/ugv_ws/install/apriltag/share/apriltag/hook/ld_library_path_lib.ps1'
[1.918s] INFO:colcon.colcon_core.shell:Creating environment descriptor '/home/ws/ugv_ws/install/apriltag/share/apriltag/hook/ld_library_path_lib.dsv'
[1.919s] INFO:colcon.colcon_core.shell:Creating environment hook '/home/ws/ugv_ws/install/apriltag/share/apriltag/hook/ld_library_path_lib.sh'
[1.919s] Level 1:colcon.colcon_core.environment:checking '/home/ws/ugv_ws/install/apriltag/bin'
[1.919s] Level 1:colcon.colcon_core.shell:create_environment_hook('apriltag', 'path')
[1.920s] INFO:colcon.colcon_core.shell:Creating environment hook '/home/ws/ugv_ws/install/apriltag/share/apriltag/hook/path.ps1'
[1.920s] INFO:colcon.colcon_core.shell:Creating environment descriptor '/home/ws/ugv_ws/install/apriltag/share/apriltag/hook/path.dsv'
[1.921s] INFO:colcon.colcon_core.shell:Creating environment hook '/home/ws/ugv_ws/install/apriltag/share/apriltag/hook/path.sh'
[1.922s] Level 1:colcon.colcon_core.environment:checking '/home/ws/ugv_ws/install/apriltag/lib/pkgconfig/apriltag.pc'
[1.922s] Level 1:colcon.colcon_core.shell:create_environment_hook('apriltag', 'pkg_config')
[1.922s] INFO:colcon.colcon_core.shell:Creating environment hook '/home/ws/ugv_ws/install/apriltag/share/apriltag/hook/pkg_config.ps1'
[1.923s] INFO:colcon.colcon_core.shell:Creating environment descriptor '/home/ws/ugv_ws/install/apriltag/share/apriltag/hook/pkg_config.dsv'
[1.924s] INFO:colcon.colcon_core.shell:Creating environment hook '/home/ws/ugv_ws/install/apriltag/share/apriltag/hook/pkg_config.sh'
[1.928s] Level 1:colcon.colcon_core.environment:checking '/home/ws/ugv_ws/install/apriltag/lib/python3.10/site-packages'
[1.929s] Level 1:colcon.colcon_core.shell:create_environment_hook('apriltag', 'pythonpath')
[1.930s] INFO:colcon.colcon_core.shell:Creating environment hook '/home/ws/ugv_ws/install/apriltag/share/apriltag/hook/pythonpath.ps1'
[1.931s] INFO:colcon.colcon_core.shell:Creating environment descriptor '/home/ws/ugv_ws/install/apriltag/share/apriltag/hook/pythonpath.dsv'
[1.931s] INFO:colcon.colcon_core.shell:Creating environment hook '/home/ws/ugv_ws/install/apriltag/share/apriltag/hook/pythonpath.sh'
[1.933s] Level 1:colcon.colcon_core.environment:checking '/home/ws/ugv_ws/install/apriltag/bin'
[1.933s] Level 1:colcon.colcon_core.shell:create_environment_hook('apriltag', 'pythonscriptspath')
[1.934s] INFO:colcon.colcon_core.shell:Creating environment hook '/home/ws/ugv_ws/install/apriltag/share/apriltag/hook/pythonscriptspath.ps1'
[1.935s] INFO:colcon.colcon_core.shell:Creating environment descriptor '/home/ws/ugv_ws/install/apriltag/share/apriltag/hook/pythonscriptspath.dsv'
[1.935s] INFO:colcon.colcon_core.shell:Creating environment hook '/home/ws/ugv_ws/install/apriltag/share/apriltag/hook/pythonscriptspath.sh'
[1.937s] INFO:colcon.colcon_core.shell:Creating package script '/home/ws/ugv_ws/install/apriltag/share/apriltag/package.ps1'
[1.938s] INFO:colcon.colcon_core.shell:Creating package descriptor '/home/ws/ugv_ws/install/apriltag/share/apriltag/package.dsv'
[1.940s] INFO:colcon.colcon_core.shell:Creating package script '/home/ws/ugv_ws/install/apriltag/share/apriltag/package.sh'
[1.941s] INFO:colcon.colcon_core.shell:Creating package script '/home/ws/ugv_ws/install/apriltag/share/apriltag/package.bash'
[1.942s] INFO:colcon.colcon_core.shell:Creating package script '/home/ws/ugv_ws/install/apriltag/share/apriltag/package.zsh'
[1.942s] Level 1:colcon.colcon_core.environment:create_file_with_runtime_dependencies(/home/ws/ugv_ws/install/apriltag/share/colcon-core/packages/apriltag)
[1.943s] INFO:colcon.colcon_ros.task.ament_cmake.build:Building ROS package in '/home/ws/ugv_ws/src/ugv_else/gmapping/openslam_gmapping' with build type 'ament_cmake'
[1.944s] INFO:colcon.colcon_cmake.task.cmake.build:Building CMake package in '/home/ws/ugv_ws/src/ugv_else/gmapping/openslam_gmapping'
[1.944s] INFO:colcon.colcon_core.shell:Skip shell extension 'powershell' for command environment: Not usable outside of PowerShell
[1.944s] DEBUG:colcon.colcon_core.shell:Skip shell extension 'dsv' for command environment
[1.954s] Level 1:colcon.colcon_core.environment:create_environment_scripts_only(apriltag_msgs)
[1.954s] Level 1:colcon.colcon_core.environment:checking '/home/ws/ugv_ws/install/apriltag_msgs' for CMake module files
[1.955s] DEBUG:colcon.colcon_core.event_handler.log_command:Invoked command in '/home/ws/ugv_ws/build/apriltag_msgs' returned '0': CMAKE_PREFIX_PATH=${CMAKE_PREFIX_PATH}:/home/ws/ugv_ws/install/ugv_web_app:/home/ws/ugv_ws/install/ugv_vision:/home/ws/ugv_ws/install/ugv_tools:/home/ws/ugv_ws/install/ugv_chat_ai:/home/ws/ugv_ws/install/ugv_bringup:/opt/ros/humble /usr/bin/cmake --install /home/ws/ugv_ws/build/apriltag_msgs
[1.956s] Level 1:colcon.colcon_core.environment:checking '/home/ws/ugv_ws/install/apriltag_msgs' for CMake config files
[1.957s] Level 1:colcon.colcon_core.shell:create_environment_hook('apriltag_msgs', 'cmake_prefix_path')
[1.957s] INFO:colcon.colcon_core.shell:Creating environment hook '/home/ws/ugv_ws/install/apriltag_msgs/share/apriltag_msgs/hook/cmake_prefix_path.ps1'
[1.958s] INFO:colcon.colcon_core.shell:Creating environment descriptor '/home/ws/ugv_ws/install/apriltag_msgs/share/apriltag_msgs/hook/cmake_prefix_path.dsv'
[1.959s] INFO:colcon.colcon_core.shell:Creating environment hook '/home/ws/ugv_ws/install/apriltag_msgs/share/apriltag_msgs/hook/cmake_prefix_path.sh'
[1.960s] Level 1:colcon.colcon_core.environment:checking '/home/ws/ugv_ws/install/apriltag_msgs/lib'
[1.960s] Level 1:colcon.colcon_core.shell:create_environment_hook('apriltag_msgs', 'ld_library_path_lib')
[1.960s] INFO:colcon.colcon_core.shell:Creating environment hook '/home/ws/ugv_ws/install/apriltag_msgs/share/apriltag_msgs/hook/ld_library_path_lib.ps1'
[1.961s] INFO:colcon.colcon_core.shell:Creating environment descriptor '/home/ws/ugv_ws/install/apriltag_msgs/share/apriltag_msgs/hook/ld_library_path_lib.dsv'
[1.962s] INFO:colcon.colcon_core.shell:Creating environment hook '/home/ws/ugv_ws/install/apriltag_msgs/share/apriltag_msgs/hook/ld_library_path_lib.sh'
[1.962s] Level 1:colcon.colcon_core.environment:checking '/home/ws/ugv_ws/install/apriltag_msgs/bin'
[1.962s] Level 1:colcon.colcon_core.environment:checking '/home/ws/ugv_ws/install/apriltag_msgs/lib/pkgconfig/apriltag_msgs.pc'
[1.963s] Level 1:colcon.colcon_core.environment:checking '/home/ws/ugv_ws/install/apriltag_msgs/lib/python3.10/site-packages'
[1.963s] Level 1:colcon.colcon_core.environment:checking '/home/ws/ugv_ws/install/apriltag_msgs/bin'
[1.963s] INFO:colcon.colcon_core.shell:Creating package script '/home/ws/ugv_ws/install/apriltag_msgs/share/apriltag_msgs/package.ps1'
[1.964s] INFO:colcon.colcon_core.shell:Creating package descriptor '/home/ws/ugv_ws/install/apriltag_msgs/share/apriltag_msgs/package.dsv'
[1.965s] INFO:colcon.colcon_core.shell:Creating package script '/home/ws/ugv_ws/install/apriltag_msgs/share/apriltag_msgs/package.sh'
[1.965s] INFO:colcon.colcon_core.shell:Creating package script '/home/ws/ugv_ws/install/apriltag_msgs/share/apriltag_msgs/package.bash'
[1.966s] INFO:colcon.colcon_core.shell:Creating package script '/home/ws/ugv_ws/install/apriltag_msgs/share/apriltag_msgs/package.zsh'
[1.967s] Level 1:colcon.colcon_core.environment:create_file_with_runtime_dependencies(/home/ws/ugv_ws/install/apriltag_msgs/share/colcon-core/packages/apriltag_msgs)
[1.979s] DEBUG:colcon.colcon_core.event_handler.log_command:Invoking command in '/home/ws/ugv_ws/build/vizanti_msgs': CMAKE_PREFIX_PATH=${CMAKE_PREFIX_PATH}:/home/ws/ugv_ws/install/ugv_web_app:/home/ws/ugv_ws/install/ugv_vision:/home/ws/ugv_ws/install/ugv_tools:/home/ws/ugv_ws/install/ugv_chat_ai:/home/ws/ugv_ws/install/ugv_bringup:/opt/ros/humble /usr/bin/cmake --install /home/ws/ugv_ws/build/vizanti_msgs
[1.983s] DEBUG:colcon.colcon_core.event_handler.log_command:Invoking command in '/home/ws/ugv_ws/build/openslam_gmapping': CMAKE_PREFIX_PATH=${CMAKE_PREFIX_PATH}:/home/ws/ugv_ws/install/ugv_web_app:/home/ws/ugv_ws/install/ugv_vision:/home/ws/ugv_ws/install/ugv_tools:/home/ws/ugv_ws/install/ugv_chat_ai:/home/ws/ugv_ws/install/ugv_bringup:/opt/ros/humble /usr/bin/cmake --build /home/ws/ugv_ws/build/openslam_gmapping -- -j4 -l4
[1.989s] Level 1:colcon.colcon_core.environment:create_environment_scripts_only(costmap_converter_msgs)
[1.990s] Level 1:colcon.colcon_core.environment:checking '/home/ws/ugv_ws/install/costmap_converter_msgs' for CMake module files
[1.991s] Level 1:colcon.colcon_core.environment:checking '/home/ws/ugv_ws/install/costmap_converter_msgs' for CMake config files
[1.991s] Level 1:colcon.colcon_core.shell:create_environment_hook('costmap_converter_msgs', 'cmake_prefix_path')
[1.992s] INFO:colcon.colcon_core.shell:Creating environment hook '/home/ws/ugv_ws/install/costmap_converter_msgs/share/costmap_converter_msgs/hook/cmake_prefix_path.ps1'
[1.993s] INFO:colcon.colcon_core.shell:Creating environment descriptor '/home/ws/ugv_ws/install/costmap_converter_msgs/share/costmap_converter_msgs/hook/cmake_prefix_path.dsv'
[1.994s] INFO:colcon.colcon_core.shell:Creating environment hook '/home/ws/ugv_ws/install/costmap_converter_msgs/share/costmap_converter_msgs/hook/cmake_prefix_path.sh'
[1.997s] Level 1:colcon.colcon_core.environment:checking '/home/ws/ugv_ws/install/costmap_converter_msgs/lib'
[1.999s] Level 1:colcon.colcon_core.shell:create_environment_hook('costmap_converter_msgs', 'ld_library_path_lib')
[2.002s] INFO:colcon.colcon_core.shell:Creating environment hook '/home/ws/ugv_ws/install/costmap_converter_msgs/share/costmap_converter_msgs/hook/ld_library_path_lib.ps1'
[2.005s] INFO:colcon.colcon_core.shell:Creating environment descriptor '/home/ws/ugv_ws/install/costmap_converter_msgs/share/costmap_converter_msgs/hook/ld_library_path_lib.dsv'
[2.006s] INFO:colcon.colcon_core.shell:Creating environment hook '/home/ws/ugv_ws/install/costmap_converter_msgs/share/costmap_converter_msgs/hook/ld_library_path_lib.sh'
[2.008s] Level 1:colcon.colcon_core.environment:checking '/home/ws/ugv_ws/install/costmap_converter_msgs/bin'
[2.008s] Level 1:colcon.colcon_core.environment:checking '/home/ws/ugv_ws/install/costmap_converter_msgs/lib/pkgconfig/costmap_converter_msgs.pc'
[2.009s] Level 1:colcon.colcon_core.environment:checking '/home/ws/ugv_ws/install/costmap_converter_msgs/lib/python3.10/site-packages'
[2.011s] Level 1:colcon.colcon_core.environment:checking '/home/ws/ugv_ws/install/costmap_converter_msgs/bin'
[2.011s] INFO:colcon.colcon_core.shell:Creating package script '/home/ws/ugv_ws/install/costmap_converter_msgs/share/costmap_converter_msgs/package.ps1'
[2.017s] INFO:colcon.colcon_core.shell:Creating package descriptor '/home/ws/ugv_ws/install/costmap_converter_msgs/share/costmap_converter_msgs/package.dsv'
[2.018s] INFO:colcon.colcon_core.shell:Creating package script '/home/ws/ugv_ws/install/costmap_converter_msgs/share/costmap_converter_msgs/package.sh'
[2.021s] INFO:colcon.colcon_core.shell:Creating package script '/home/ws/ugv_ws/install/costmap_converter_msgs/share/costmap_converter_msgs/package.bash'
[2.029s] INFO:colcon.colcon_core.shell:Creating package script '/home/ws/ugv_ws/install/costmap_converter_msgs/share/costmap_converter_msgs/package.zsh'
[2.030s] Level 1:colcon.colcon_core.environment:create_file_with_runtime_dependencies(/home/ws/ugv_ws/install/costmap_converter_msgs/share/colcon-core/packages/costmap_converter_msgs)
[2.034s] INFO:colcon.colcon_ros.task.ament_cmake.build:Building ROS package in '/home/ws/ugv_ws/src/ugv_else/costmap_converter/costmap_converter' with build type 'ament_cmake'
[2.034s] INFO:colcon.colcon_cmake.task.cmake.build:Building CMake package in '/home/ws/ugv_ws/src/ugv_else/costmap_converter/costmap_converter'
[2.035s] INFO:colcon.colcon_core.shell:Skip shell extension 'powershell' for command environment: Not usable outside of PowerShell
[2.035s] DEBUG:colcon.colcon_core.shell:Skip shell extension 'dsv' for command environment
[2.079s] DEBUG:colcon.colcon_core.event_handler.log_command:Invoking command in '/home/ws/ugv_ws/build/costmap_converter': CMAKE_PREFIX_PATH=/home/ws/ugv_ws/install/costmap_converter_msgs:/home/ws/ugv_ws/install/vizanti:/home/ws/ugv_ws/install/vizanti_server:/home/ws/ugv_ws/install/vizanti_demos:/home/ws/ugv_ws/install/vizanti_msgs:/home/ws/ugv_ws/install/vizanti_cpp:/home/ws/ugv_ws/install/ugv_slam:/home/ws/ugv_ws/install/ugv_nav:/home/ws/ugv_ws/install/ugv_interface:/home/ws/ugv_ws/install/ugv_gazebo:/home/ws/ugv_ws/install/ugv_description:/home/ws/ugv_ws/install/ugv_base_node:/home/ws/ugv_ws/install/teb_local_planner:/home/ws/ugv_ws/install/teb_msgs:/home/ws/ugv_ws/install/slam_gmapping:/home/ws/ugv_ws/install/robot_pose_publisher:/home/ws/ugv_ws/install/rf2o_laser_odometry:/home/ws/ugv_ws/install/openslam_gmapping:/home/ws/ugv_ws/install/ldlidar:/home/ws/ugv_ws/install/explore_lite:/home/ws/ugv_ws/install/emcl2:/home/ws/ugv_ws/install/costmap_converter:/home/ws/ugv_ws/install/cartographer:/home/ws/ugv_ws/install/apriltag_ros:/home/ws/ugv_ws/install/apriltag_msgs:/home/ws/ugv_ws/install/apriltag:/home/ws/ugv_ws/install/ugv_web_app:/home/ws/ugv_ws/install/ugv_vision:/home/ws/ugv_ws/install/ugv_tools:/home/ws/ugv_ws/install/ugv_chat_ai:/home/ws/ugv_ws/install/ugv_bringup:/opt/ros/humble LD_LIBRARY_PATH=/home/ws/ugv_ws/install/costmap_converter_msgs/lib:/home/ws/ugv_ws/install/vizanti_msgs/lib:/home/ws/ugv_ws/install/ugv_interface/lib:/home/ws/ugv_ws/install/teb_local_planner/lib:/home/ws/ugv_ws/install/teb_msgs/lib:/home/ws/ugv_ws/install/openslam_gmapping/lib:/home/ws/ugv_ws/install/costmap_converter/lib:/home/ws/ugv_ws/install/apriltag_ros/lib:/home/ws/ugv_ws/install/apriltag_msgs/lib:/home/ws/ugv_ws/install/apriltag/lib:/opt/ros/humble/opt/rviz_ogre_vendor/lib:/opt/ros/humble/lib/aarch64-linux-gnu:/opt/ros/humble/lib /usr/bin/cmake --build /home/ws/ugv_ws/build/costmap_converter -- -j4 -l4
[2.128s] Level 1:colcon.colcon_core.environment:create_environment_scripts_only(vizanti_msgs)
[2.129s] Level 1:colcon.colcon_core.environment:checking '/home/ws/ugv_ws/install/vizanti_msgs' for CMake module files
[2.131s] Level 1:colcon.colcon_core.environment:checking '/home/ws/ugv_ws/install/vizanti_msgs' for CMake config files
[2.132s] Level 1:colcon.colcon_core.shell:create_environment_hook('vizanti_msgs', 'cmake_prefix_path')
[2.133s] INFO:colcon.colcon_core.shell:Creating environment hook '/home/ws/ugv_ws/install/vizanti_msgs/share/vizanti_msgs/hook/cmake_prefix_path.ps1'
[2.134s] INFO:colcon.colcon_core.shell:Creating environment descriptor '/home/ws/ugv_ws/install/vizanti_msgs/share/vizanti_msgs/hook/cmake_prefix_path.dsv'
[2.136s] DEBUG:colcon.colcon_core.event_handler.log_command:Invoked command in '/home/ws/ugv_ws/build/vizanti_msgs' returned '0': CMAKE_PREFIX_PATH=${CMAKE_PREFIX_PATH}:/home/ws/ugv_ws/install/ugv_web_app:/home/ws/ugv_ws/install/ugv_vision:/home/ws/ugv_ws/install/ugv_tools:/home/ws/ugv_ws/install/ugv_chat_ai:/home/ws/ugv_ws/install/ugv_bringup:/opt/ros/humble /usr/bin/cmake --install /home/ws/ugv_ws/build/vizanti_msgs
[2.141s] INFO:colcon.colcon_core.shell:Creating environment hook '/home/ws/ugv_ws/install/vizanti_msgs/share/vizanti_msgs/hook/cmake_prefix_path.sh'
[2.143s] Level 1:colcon.colcon_core.environment:checking '/home/ws/ugv_ws/install/vizanti_msgs/lib'
[2.143s] Level 1:colcon.colcon_core.shell:create_environment_hook('vizanti_msgs', 'ld_library_path_lib')
[2.143s] INFO:colcon.colcon_core.shell:Creating environment hook '/home/ws/ugv_ws/install/vizanti_msgs/share/vizanti_msgs/hook/ld_library_path_lib.ps1'
[2.144s] INFO:colcon.colcon_core.shell:Creating environment descriptor '/home/ws/ugv_ws/install/vizanti_msgs/share/vizanti_msgs/hook/ld_library_path_lib.dsv'
[2.145s] INFO:colcon.colcon_core.shell:Creating environment hook '/home/ws/ugv_ws/install/vizanti_msgs/share/vizanti_msgs/hook/ld_library_path_lib.sh'
[2.146s] Level 1:colcon.colcon_core.environment:checking '/home/ws/ugv_ws/install/vizanti_msgs/bin'
[2.147s] Level 1:colcon.colcon_core.environment:checking '/home/ws/ugv_ws/install/vizanti_msgs/lib/pkgconfig/vizanti_msgs.pc'
[2.147s] Level 1:colcon.colcon_core.environment:checking '/home/ws/ugv_ws/install/vizanti_msgs/lib/python3.10/site-packages'
[2.147s] Level 1:colcon.colcon_core.environment:checking '/home/ws/ugv_ws/install/vizanti_msgs/bin'
[2.148s] INFO:colcon.colcon_core.shell:Creating package script '/home/ws/ugv_ws/install/vizanti_msgs/share/vizanti_msgs/package.ps1'
[2.150s] INFO:colcon.colcon_core.shell:Creating package descriptor '/home/ws/ugv_ws/install/vizanti_msgs/share/vizanti_msgs/package.dsv'
[2.151s] INFO:colcon.colcon_core.shell:Creating package script '/home/ws/ugv_ws/install/vizanti_msgs/share/vizanti_msgs/package.sh'
[2.152s] INFO:colcon.colcon_core.shell:Creating package script '/home/ws/ugv_ws/install/vizanti_msgs/share/vizanti_msgs/package.bash'
[2.153s] INFO:colcon.colcon_core.shell:Creating package script '/home/ws/ugv_ws/install/vizanti_msgs/share/vizanti_msgs/package.zsh'
[2.157s] Level 1:colcon.colcon_core.environment:create_file_with_runtime_dependencies(/home/ws/ugv_ws/install/vizanti_msgs/share/colcon-core/packages/vizanti_msgs)
[2.167s] Level 1:colcon.colcon_core.environment:create_environment_scripts_only(apriltag_msgs)
[2.167s] Level 1:colcon.colcon_core.environment:checking '/home/ws/ugv_ws/install/apriltag_msgs' for CMake module files
[2.170s] Level 1:colcon.colcon_core.environment:checking '/home/ws/ugv_ws/install/apriltag_msgs' for CMake config files
[2.170s] Level 1:colcon.colcon_core.shell:create_environment_hook('apriltag_msgs', 'cmake_prefix_path')
[2.171s] INFO:colcon.colcon_core.shell:Creating environment hook '/home/ws/ugv_ws/install/apriltag_msgs/share/apriltag_msgs/hook/cmake_prefix_path.ps1'
[2.172s] INFO:colcon.colcon_core.shell:Creating environment descriptor '/home/ws/ugv_ws/install/apriltag_msgs/share/apriltag_msgs/hook/cmake_prefix_path.dsv'
[2.177s] INFO:colcon.colcon_core.shell:Creating environment hook '/home/ws/ugv_ws/install/apriltag_msgs/share/apriltag_msgs/hook/cmake_prefix_path.sh'
[2.179s] Level 1:colcon.colcon_core.environment:checking '/home/ws/ugv_ws/install/apriltag_msgs/lib'
[2.179s] Level 1:colcon.colcon_core.shell:create_environment_hook('apriltag_msgs', 'ld_library_path_lib')
[2.180s] INFO:colcon.colcon_core.shell:Creating environment hook '/home/ws/ugv_ws/install/apriltag_msgs/share/apriltag_msgs/hook/ld_library_path_lib.ps1'
[2.181s] INFO:colcon.colcon_core.shell:Creating environment descriptor '/home/ws/ugv_ws/install/apriltag_msgs/share/apriltag_msgs/hook/ld_library_path_lib.dsv'
[2.182s] INFO:colcon.colcon_core.shell:Creating environment hook '/home/ws/ugv_ws/install/apriltag_msgs/share/apriltag_msgs/hook/ld_library_path_lib.sh'
[2.182s] Level 1:colcon.colcon_core.environment:checking '/home/ws/ugv_ws/install/apriltag_msgs/bin'
[2.183s] Level 1:colcon.colcon_core.environment:checking '/home/ws/ugv_ws/install/apriltag_msgs/lib/pkgconfig/apriltag_msgs.pc'
[2.183s] Level 1:colcon.colcon_core.environment:checking '/home/ws/ugv_ws/install/apriltag_msgs/lib/python3.10/site-packages'
[2.183s] Level 1:colcon.colcon_core.environment:checking '/home/ws/ugv_ws/install/apriltag_msgs/bin'
[2.184s] INFO:colcon.colcon_core.shell:Creating package script '/home/ws/ugv_ws/install/apriltag_msgs/share/apriltag_msgs/package.ps1'
[2.187s] INFO:colcon.colcon_core.shell:Creating package descriptor '/home/ws/ugv_ws/install/apriltag_msgs/share/apriltag_msgs/package.dsv'
[2.191s] INFO:colcon.colcon_core.shell:Creating package script '/home/ws/ugv_ws/install/apriltag_msgs/share/apriltag_msgs/package.sh'
[2.193s] INFO:colcon.colcon_core.shell:Creating package script '/home/ws/ugv_ws/install/apriltag_msgs/share/apriltag_msgs/package.bash'
[2.194s] INFO:colcon.colcon_core.shell:Creating package script '/home/ws/ugv_ws/install/apriltag_msgs/share/apriltag_msgs/package.zsh'
[2.195s] Level 1:colcon.colcon_core.environment:create_file_with_runtime_dependencies(/home/ws/ugv_ws/install/apriltag_msgs/share/colcon-core/packages/apriltag_msgs)
[2.197s] INFO:colcon.colcon_ros.task.ament_cmake.build:Building ROS package in '/home/ws/ugv_ws/src/ugv_else/teb_local_planner/teb_msgs' with build type 'ament_cmake'
[2.197s] INFO:colcon.colcon_cmake.task.cmake.build:Building CMake package in '/home/ws/ugv_ws/src/ugv_else/teb_local_planner/teb_msgs'
[2.198s] INFO:colcon.colcon_core.shell:Skip shell extension 'powershell' for command environment: Not usable outside of PowerShell
[2.198s] DEBUG:colcon.colcon_core.shell:Skip shell extension 'dsv' for command environment
[2.215s] DEBUG:colcon.colcon_core.event_handler.log_command:Invoked command in '/home/ws/ugv_ws/build/openslam_gmapping' returned '0': CMAKE_PREFIX_PATH=${CMAKE_PREFIX_PATH}:/home/ws/ugv_ws/install/ugv_web_app:/home/ws/ugv_ws/install/ugv_vision:/home/ws/ugv_ws/install/ugv_tools:/home/ws/ugv_ws/install/ugv_chat_ai:/home/ws/ugv_ws/install/ugv_bringup:/opt/ros/humble /usr/bin/cmake --build /home/ws/ugv_ws/build/openslam_gmapping -- -j4 -l4
[2.231s] DEBUG:colcon.colcon_core.event_handler.log_command:Invoking command in '/home/ws/ugv_ws/build/teb_msgs': CMAKE_PREFIX_PATH=/home/ws/ugv_ws/install/costmap_converter_msgs:/home/ws/ugv_ws/install/vizanti:/home/ws/ugv_ws/install/vizanti_server:/home/ws/ugv_ws/install/vizanti_demos:/home/ws/ugv_ws/install/vizanti_msgs:/home/ws/ugv_ws/install/vizanti_cpp:/home/ws/ugv_ws/install/ugv_slam:/home/ws/ugv_ws/install/ugv_nav:/home/ws/ugv_ws/install/ugv_interface:/home/ws/ugv_ws/install/ugv_gazebo:/home/ws/ugv_ws/install/ugv_description:/home/ws/ugv_ws/install/ugv_base_node:/home/ws/ugv_ws/install/teb_local_planner:/home/ws/ugv_ws/install/teb_msgs:/home/ws/ugv_ws/install/slam_gmapping:/home/ws/ugv_ws/install/robot_pose_publisher:/home/ws/ugv_ws/install/rf2o_laser_odometry:/home/ws/ugv_ws/install/openslam_gmapping:/home/ws/ugv_ws/install/ldlidar:/home/ws/ugv_ws/install/explore_lite:/home/ws/ugv_ws/install/emcl2:/home/ws/ugv_ws/install/costmap_converter:/home/ws/ugv_ws/install/cartographer:/home/ws/ugv_ws/install/apriltag_ros:/home/ws/ugv_ws/install/apriltag_msgs:/home/ws/ugv_ws/install/apriltag:/home/ws/ugv_ws/install/ugv_web_app:/home/ws/ugv_ws/install/ugv_vision:/home/ws/ugv_ws/install/ugv_tools:/home/ws/ugv_ws/install/ugv_chat_ai:/home/ws/ugv_ws/install/ugv_bringup:/opt/ros/humble LD_LIBRARY_PATH=/home/ws/ugv_ws/install/costmap_converter_msgs/lib:/home/ws/ugv_ws/install/vizanti_msgs/lib:/home/ws/ugv_ws/install/ugv_interface/lib:/home/ws/ugv_ws/install/teb_local_planner/lib:/home/ws/ugv_ws/install/teb_msgs/lib:/home/ws/ugv_ws/install/openslam_gmapping/lib:/home/ws/ugv_ws/install/costmap_converter/lib:/home/ws/ugv_ws/install/apriltag_ros/lib:/home/ws/ugv_ws/install/apriltag_msgs/lib:/home/ws/ugv_ws/install/apriltag/lib:/opt/ros/humble/opt/rviz_ogre_vendor/lib:/opt/ros/humble/lib/aarch64-linux-gnu:/opt/ros/humble/lib /usr/bin/cmake --build /home/ws/ugv_ws/build/teb_msgs -- -j4 -l4
[2.267s] DEBUG:colcon.colcon_core.event_handler.log_command:Invoking command in '/home/ws/ugv_ws/build/openslam_gmapping': CMAKE_PREFIX_PATH=${CMAKE_PREFIX_PATH}:/home/ws/ugv_ws/install/ugv_web_app:/home/ws/ugv_ws/install/ugv_vision:/home/ws/ugv_ws/install/ugv_tools:/home/ws/ugv_ws/install/ugv_chat_ai:/home/ws/ugv_ws/install/ugv_bringup:/opt/ros/humble /usr/bin/cmake --install /home/ws/ugv_ws/build/openslam_gmapping
[2.292s] Level 1:colcon.colcon_core.environment:create_environment_scripts_only(openslam_gmapping)
[2.293s] Level 1:colcon.colcon_core.environment:checking '/home/ws/ugv_ws/install/openslam_gmapping' for CMake module files
[2.302s] Level 1:colcon.colcon_core.environment:checking '/home/ws/ugv_ws/install/openslam_gmapping' for CMake config files
[2.303s] DEBUG:colcon.colcon_core.event_handler.log_command:Invoked command in '/home/ws/ugv_ws/build/openslam_gmapping' returned '0': CMAKE_PREFIX_PATH=${CMAKE_PREFIX_PATH}:/home/ws/ugv_ws/install/ugv_web_app:/home/ws/ugv_ws/install/ugv_vision:/home/ws/ugv_ws/install/ugv_tools:/home/ws/ugv_ws/install/ugv_chat_ai:/home/ws/ugv_ws/install/ugv_bringup:/opt/ros/humble /usr/bin/cmake --install /home/ws/ugv_ws/build/openslam_gmapping
[2.303s] Level 1:colcon.colcon_core.shell:create_environment_hook('openslam_gmapping', 'cmake_prefix_path')
[2.304s] INFO:colcon.colcon_core.shell:Creating environment hook '/home/ws/ugv_ws/install/openslam_gmapping/share/openslam_gmapping/hook/cmake_prefix_path.ps1'
[2.305s] INFO:colcon.colcon_core.shell:Creating environment descriptor '/home/ws/ugv_ws/install/openslam_gmapping/share/openslam_gmapping/hook/cmake_prefix_path.dsv'
[2.306s] INFO:colcon.colcon_core.shell:Creating environment hook '/home/ws/ugv_ws/install/openslam_gmapping/share/openslam_gmapping/hook/cmake_prefix_path.sh'
[2.307s] Level 1:colcon.colcon_core.environment:checking '/home/ws/ugv_ws/install/openslam_gmapping/lib'
[2.307s] Level 1:colcon.colcon_core.environment:checking '/home/ws/ugv_ws/install/openslam_gmapping/bin'
[2.308s] Level 1:colcon.colcon_core.environment:checking '/home/ws/ugv_ws/install/openslam_gmapping/lib/pkgconfig/openslam_gmapping.pc'
[2.308s] Level 1:colcon.colcon_core.environment:checking '/home/ws/ugv_ws/install/openslam_gmapping/lib/python3.10/site-packages'
[2.308s] Level 1:colcon.colcon_core.environment:checking '/home/ws/ugv_ws/install/openslam_gmapping/bin'
[2.309s] INFO:colcon.colcon_core.shell:Creating package script '/home/ws/ugv_ws/install/openslam_gmapping/share/openslam_gmapping/package.ps1'
[2.310s] INFO:colcon.colcon_core.shell:Creating package descriptor '/home/ws/ugv_ws/install/openslam_gmapping/share/openslam_gmapping/package.dsv'
[2.311s] INFO:colcon.colcon_core.shell:Creating package script '/home/ws/ugv_ws/install/openslam_gmapping/share/openslam_gmapping/package.sh'
[2.312s] INFO:colcon.colcon_core.shell:Creating package script '/home/ws/ugv_ws/install/openslam_gmapping/share/openslam_gmapping/package.bash'
[2.313s] INFO:colcon.colcon_core.shell:Creating package script '/home/ws/ugv_ws/install/openslam_gmapping/share/openslam_gmapping/package.zsh'
[2.314s] Level 1:colcon.colcon_core.environment:create_file_with_runtime_dependencies(/home/ws/ugv_ws/install/openslam_gmapping/share/colcon-core/packages/openslam_gmapping)
[2.320s] DEBUG:colcon.colcon_core.event_handler.log_command:Invoked command in '/home/ws/ugv_ws/build/costmap_converter' returned '0': CMAKE_PREFIX_PATH=/home/ws/ugv_ws/install/costmap_converter_msgs:/home/ws/ugv_ws/install/vizanti:/home/ws/ugv_ws/install/vizanti_server:/home/ws/ugv_ws/install/vizanti_demos:/home/ws/ugv_ws/install/vizanti_msgs:/home/ws/ugv_ws/install/vizanti_cpp:/home/ws/ugv_ws/install/ugv_slam:/home/ws/ugv_ws/install/ugv_nav:/home/ws/ugv_ws/install/ugv_interface:/home/ws/ugv_ws/install/ugv_gazebo:/home/ws/ugv_ws/install/ugv_description:/home/ws/ugv_ws/install/ugv_base_node:/home/ws/ugv_ws/install/teb_local_planner:/home/ws/ugv_ws/install/teb_msgs:/home/ws/ugv_ws/install/slam_gmapping:/home/ws/ugv_ws/install/robot_pose_publisher:/home/ws/ugv_ws/install/rf2o_laser_odometry:/home/ws/ugv_ws/install/openslam_gmapping:/home/ws/ugv_ws/install/ldlidar:/home/ws/ugv_ws/install/explore_lite:/home/ws/ugv_ws/install/emcl2:/home/ws/ugv_ws/install/costmap_converter:/home/ws/ugv_ws/install/cartographer:/home/ws/ugv_ws/install/apriltag_ros:/home/ws/ugv_ws/install/apriltag_msgs:/home/ws/ugv_ws/install/apriltag:/home/ws/ugv_ws/install/ugv_web_app:/home/ws/ugv_ws/install/ugv_vision:/home/ws/ugv_ws/install/ugv_tools:/home/ws/ugv_ws/install/ugv_chat_ai:/home/ws/ugv_ws/install/ugv_bringup:/opt/ros/humble LD_LIBRARY_PATH=/home/ws/ugv_ws/install/costmap_converter_msgs/lib:/home/ws/ugv_ws/install/vizanti_msgs/lib:/home/ws/ugv_ws/install/ugv_interface/lib:/home/ws/ugv_ws/install/teb_local_planner/lib:/home/ws/ugv_ws/install/teb_msgs/lib:/home/ws/ugv_ws/install/openslam_gmapping/lib:/home/ws/ugv_ws/install/costmap_converter/lib:/home/ws/ugv_ws/install/apriltag_ros/lib:/home/ws/ugv_ws/install/apriltag_msgs/lib:/home/ws/ugv_ws/install/apriltag/lib:/opt/ros/humble/opt/rviz_ogre_vendor/lib:/opt/ros/humble/lib/aarch64-linux-gnu:/opt/ros/humble/lib /usr/bin/cmake --build /home/ws/ugv_ws/build/costmap_converter -- -j4 -l4
[2.391s] Level 1:colcon.colcon_core.environment:create_environment_scripts_only(openslam_gmapping)
[2.392s] Level 1:colcon.colcon_core.environment:checking '/home/ws/ugv_ws/install/openslam_gmapping' for CMake module files
[2.397s] Level 1:colcon.colcon_core.environment:checking '/home/ws/ugv_ws/install/openslam_gmapping' for CMake config files
[2.398s] Level 1:colcon.colcon_core.shell:create_environment_hook('openslam_gmapping', 'cmake_prefix_path')
[2.399s] INFO:colcon.colcon_core.shell:Creating environment hook '/home/ws/ugv_ws/install/openslam_gmapping/share/openslam_gmapping/hook/cmake_prefix_path.ps1'
[2.400s] INFO:colcon.colcon_core.shell:Creating environment descriptor '/home/ws/ugv_ws/install/openslam_gmapping/share/openslam_gmapping/hook/cmake_prefix_path.dsv'
[2.401s] INFO:colcon.colcon_core.shell:Creating environment hook '/home/ws/ugv_ws/install/openslam_gmapping/share/openslam_gmapping/hook/cmake_prefix_path.sh'
[2.402s] Level 1:colcon.colcon_core.environment:checking '/home/ws/ugv_ws/install/openslam_gmapping/lib'
[2.403s] Level 1:colcon.colcon_core.environment:checking '/home/ws/ugv_ws/install/openslam_gmapping/bin'
[2.403s] Level 1:colcon.colcon_core.environment:checking '/home/ws/ugv_ws/install/openslam_gmapping/lib/pkgconfig/openslam_gmapping.pc'
[2.403s] Level 1:colcon.colcon_core.environment:checking '/home/ws/ugv_ws/install/openslam_gmapping/lib/python3.10/site-packages'
[2.404s] Level 1:colcon.colcon_core.environment:checking '/home/ws/ugv_ws/install/openslam_gmapping/bin'
[2.409s] INFO:colcon.colcon_core.shell:Creating package script '/home/ws/ugv_ws/install/openslam_gmapping/share/openslam_gmapping/package.ps1'
[2.411s] INFO:colcon.colcon_core.shell:Creating package descriptor '/home/ws/ugv_ws/install/openslam_gmapping/share/openslam_gmapping/package.dsv'
[2.412s] INFO:colcon.colcon_core.shell:Creating package script '/home/ws/ugv_ws/install/openslam_gmapping/share/openslam_gmapping/package.sh'
[2.413s] INFO:colcon.colcon_core.shell:Creating package script '/home/ws/ugv_ws/install/openslam_gmapping/share/openslam_gmapping/package.bash'
[2.414s] INFO:colcon.colcon_core.shell:Creating package script '/home/ws/ugv_ws/install/openslam_gmapping/share/openslam_gmapping/package.zsh'
[2.415s] Level 1:colcon.colcon_core.environment:create_file_with_runtime_dependencies(/home/ws/ugv_ws/install/openslam_gmapping/share/colcon-core/packages/openslam_gmapping)
[2.418s] INFO:colcon.colcon_ros.task.ament_cmake.build:Building ROS package in '/home/ws/ugv_ws/src/ugv_else/cartographer' with build type 'ament_cmake'
[2.419s] INFO:colcon.colcon_cmake.task.cmake.build:Building CMake package in '/home/ws/ugv_ws/src/ugv_else/cartographer'
[2.420s] INFO:colcon.colcon_core.shell:Skip shell extension 'powershell' for command environment: Not usable outside of PowerShell
[2.420s] DEBUG:colcon.colcon_core.shell:Skip shell extension 'dsv' for command environment
[2.448s] DEBUG:colcon.colcon_core.event_handler.log_command:Invoking command in '/home/ws/ugv_ws/build/cartographer': CMAKE_PREFIX_PATH=${CMAKE_PREFIX_PATH}:/home/ws/ugv_ws/install/ugv_web_app:/home/ws/ugv_ws/install/ugv_vision:/home/ws/ugv_ws/install/ugv_tools:/home/ws/ugv_ws/install/ugv_chat_ai:/home/ws/ugv_ws/install/ugv_bringup:/opt/ros/humble /usr/bin/cmake --build /home/ws/ugv_ws/build/cartographer -- -j4 -l4
[2.479s] DEBUG:colcon.colcon_core.event_handler.log_command:Invoking command in '/home/ws/ugv_ws/build/costmap_converter': CMAKE_PREFIX_PATH=/home/ws/ugv_ws/install/costmap_converter_msgs:/home/ws/ugv_ws/install/vizanti:/home/ws/ugv_ws/install/vizanti_server:/home/ws/ugv_ws/install/vizanti_demos:/home/ws/ugv_ws/install/vizanti_msgs:/home/ws/ugv_ws/install/vizanti_cpp:/home/ws/ugv_ws/install/ugv_slam:/home/ws/ugv_ws/install/ugv_nav:/home/ws/ugv_ws/install/ugv_interface:/home/ws/ugv_ws/install/ugv_gazebo:/home/ws/ugv_ws/install/ugv_description:/home/ws/ugv_ws/install/ugv_base_node:/home/ws/ugv_ws/install/teb_local_planner:/home/ws/ugv_ws/install/teb_msgs:/home/ws/ugv_ws/install/slam_gmapping:/home/ws/ugv_ws/install/robot_pose_publisher:/home/ws/ugv_ws/install/rf2o_laser_odometry:/home/ws/ugv_ws/install/openslam_gmapping:/home/ws/ugv_ws/install/ldlidar:/home/ws/ugv_ws/install/explore_lite:/home/ws/ugv_ws/install/emcl2:/home/ws/ugv_ws/install/costmap_converter:/home/ws/ugv_ws/install/cartographer:/home/ws/ugv_ws/install/apriltag_ros:/home/ws/ugv_ws/install/apriltag_msgs:/home/ws/ugv_ws/install/apriltag:/home/ws/ugv_ws/install/ugv_web_app:/home/ws/ugv_ws/install/ugv_vision:/home/ws/ugv_ws/install/ugv_tools:/home/ws/ugv_ws/install/ugv_chat_ai:/home/ws/ugv_ws/install/ugv_bringup:/opt/ros/humble LD_LIBRARY_PATH=/home/ws/ugv_ws/install/costmap_converter_msgs/lib:/home/ws/ugv_ws/install/vizanti_msgs/lib:/home/ws/ugv_ws/install/ugv_interface/lib:/home/ws/ugv_ws/install/teb_local_planner/lib:/home/ws/ugv_ws/install/teb_msgs/lib:/home/ws/ugv_ws/install/openslam_gmapping/lib:/home/ws/ugv_ws/install/costmap_converter/lib:/home/ws/ugv_ws/install/apriltag_ros/lib:/home/ws/ugv_ws/install/apriltag_msgs/lib:/home/ws/ugv_ws/install/apriltag/lib:/opt/ros/humble/opt/rviz_ogre_vendor/lib:/opt/ros/humble/lib/aarch64-linux-gnu:/opt/ros/humble/lib /usr/bin/cmake --install /home/ws/ugv_ws/build/costmap_converter
[2.511s] Level 1:colcon.colcon_core.environment:create_environment_scripts_only(costmap_converter)
[2.513s] Level 1:colcon.colcon_core.environment:checking '/home/ws/ugv_ws/install/costmap_converter' for CMake module files
[2.513s] Level 1:colcon.colcon_core.environment:checking '/home/ws/ugv_ws/install/costmap_converter' for CMake config files
[2.514s] Level 1:colcon.colcon_core.shell:create_environment_hook('costmap_converter', 'cmake_prefix_path')
[2.514s] INFO:colcon.colcon_core.shell:Creating environment hook '/home/ws/ugv_ws/install/costmap_converter/share/costmap_converter/hook/cmake_prefix_path.ps1'
[2.515s] INFO:colcon.colcon_core.shell:Creating environment descriptor '/home/ws/ugv_ws/install/costmap_converter/share/costmap_converter/hook/cmake_prefix_path.dsv'
[2.512s] DEBUG:colcon.colcon_core.event_handler.log_command:Invoked command in '/home/ws/ugv_ws/build/costmap_converter' returned '0': CMAKE_PREFIX_PATH=/home/ws/ugv_ws/install/costmap_converter_msgs:/home/ws/ugv_ws/install/vizanti:/home/ws/ugv_ws/install/vizanti_server:/home/ws/ugv_ws/install/vizanti_demos:/home/ws/ugv_ws/install/vizanti_msgs:/home/ws/ugv_ws/install/vizanti_cpp:/home/ws/ugv_ws/install/ugv_slam:/home/ws/ugv_ws/install/ugv_nav:/home/ws/ugv_ws/install/ugv_interface:/home/ws/ugv_ws/install/ugv_gazebo:/home/ws/ugv_ws/install/ugv_description:/home/ws/ugv_ws/install/ugv_base_node:/home/ws/ugv_ws/install/teb_local_planner:/home/ws/ugv_ws/install/teb_msgs:/home/ws/ugv_ws/install/slam_gmapping:/home/ws/ugv_ws/install/robot_pose_publisher:/home/ws/ugv_ws/install/rf2o_laser_odometry:/home/ws/ugv_ws/install/openslam_gmapping:/home/ws/ugv_ws/install/ldlidar:/home/ws/ugv_ws/install/explore_lite:/home/ws/ugv_ws/install/emcl2:/home/ws/ugv_ws/install/costmap_converter:/home/ws/ugv_ws/install/cartographer:/home/ws/ugv_ws/install/apriltag_ros:/home/ws/ugv_ws/install/apriltag_msgs:/home/ws/ugv_ws/install/apriltag:/home/ws/ugv_ws/install/ugv_web_app:/home/ws/ugv_ws/install/ugv_vision:/home/ws/ugv_ws/install/ugv_tools:/home/ws/ugv_ws/install/ugv_chat_ai:/home/ws/ugv_ws/install/ugv_bringup:/opt/ros/humble LD_LIBRARY_PATH=/home/ws/ugv_ws/install/costmap_converter_msgs/lib:/home/ws/ugv_ws/install/vizanti_msgs/lib:/home/ws/ugv_ws/install/ugv_interface/lib:/home/ws/ugv_ws/install/teb_local_planner/lib:/home/ws/ugv_ws/install/teb_msgs/lib:/home/ws/ugv_ws/install/openslam_gmapping/lib:/home/ws/ugv_ws/install/costmap_converter/lib:/home/ws/ugv_ws/install/apriltag_ros/lib:/home/ws/ugv_ws/install/apriltag_msgs/lib:/home/ws/ugv_ws/install/apriltag/lib:/opt/ros/humble/opt/rviz_ogre_vendor/lib:/opt/ros/humble/lib/aarch64-linux-gnu:/opt/ros/humble/lib /usr/bin/cmake --install /home/ws/ugv_ws/build/costmap_converter
[2.516s] INFO:colcon.colcon_core.shell:Creating environment hook '/home/ws/ugv_ws/install/costmap_converter/share/costmap_converter/hook/cmake_prefix_path.sh'
[2.518s] Level 1:colcon.colcon_core.environment:checking '/home/ws/ugv_ws/install/costmap_converter/lib'
[2.518s] Level 1:colcon.colcon_core.shell:create_environment_hook('costmap_converter', 'ld_library_path_lib')
[2.518s] INFO:colcon.colcon_core.shell:Creating environment hook '/home/ws/ugv_ws/install/costmap_converter/share/costmap_converter/hook/ld_library_path_lib.ps1'
[2.519s] INFO:colcon.colcon_core.shell:Creating environment descriptor '/home/ws/ugv_ws/install/costmap_converter/share/costmap_converter/hook/ld_library_path_lib.dsv'
[2.519s] INFO:colcon.colcon_core.shell:Creating environment hook '/home/ws/ugv_ws/install/costmap_converter/share/costmap_converter/hook/ld_library_path_lib.sh'
[2.520s] Level 1:colcon.colcon_core.environment:checking '/home/ws/ugv_ws/install/costmap_converter/bin'
[2.520s] Level 1:colcon.colcon_core.shell:create_environment_hook('costmap_converter', 'path')
[2.522s] INFO:colcon.colcon_core.shell:Creating environment hook '/home/ws/ugv_ws/install/costmap_converter/share/costmap_converter/hook/path.ps1'
[2.523s] INFO:colcon.colcon_core.shell:Creating environment descriptor '/home/ws/ugv_ws/install/costmap_converter/share/costmap_converter/hook/path.dsv'
[2.524s] INFO:colcon.colcon_core.shell:Creating environment hook '/home/ws/ugv_ws/install/costmap_converter/share/costmap_converter/hook/path.sh'
[2.525s] Level 1:colcon.colcon_core.environment:checking '/home/ws/ugv_ws/install/costmap_converter/lib/pkgconfig/costmap_converter.pc'
[2.525s] Level 1:colcon.colcon_core.environment:checking '/home/ws/ugv_ws/install/costmap_converter/lib/python3.10/site-packages'
[2.526s] Level 1:colcon.colcon_core.environment:checking '/home/ws/ugv_ws/install/costmap_converter/bin'
[2.526s] Level 1:colcon.colcon_core.shell:create_environment_hook('costmap_converter', 'pythonscriptspath')
[2.527s] INFO:colcon.colcon_core.shell:Creating environment hook '/home/ws/ugv_ws/install/costmap_converter/share/costmap_converter/hook/pythonscriptspath.ps1'
[2.527s] INFO:colcon.colcon_core.shell:Creating environment descriptor '/home/ws/ugv_ws/install/costmap_converter/share/costmap_converter/hook/pythonscriptspath.dsv'
[2.528s] INFO:colcon.colcon_core.shell:Creating environment hook '/home/ws/ugv_ws/install/costmap_converter/share/costmap_converter/hook/pythonscriptspath.sh'
[2.530s] INFO:colcon.colcon_core.shell:Creating package script '/home/ws/ugv_ws/install/costmap_converter/share/costmap_converter/package.ps1'
[2.532s] INFO:colcon.colcon_core.shell:Creating package descriptor '/home/ws/ugv_ws/install/costmap_converter/share/costmap_converter/package.dsv'
[2.535s] INFO:colcon.colcon_core.shell:Creating package script '/home/ws/ugv_ws/install/costmap_converter/share/costmap_converter/package.sh'
[2.537s] INFO:colcon.colcon_core.shell:Creating package script '/home/ws/ugv_ws/install/costmap_converter/share/costmap_converter/package.bash'
[2.537s] INFO:colcon.colcon_core.shell:Creating package script '/home/ws/ugv_ws/install/costmap_converter/share/costmap_converter/package.zsh'
[2.538s] Level 1:colcon.colcon_core.environment:create_file_with_runtime_dependencies(/home/ws/ugv_ws/install/costmap_converter/share/colcon-core/packages/costmap_converter)
[2.547s] DEBUG:colcon.colcon_core.event_handler.log_command:Invoked command in '/home/ws/ugv_ws/build/cartographer' returned '0': CMAKE_PREFIX_PATH=${CMAKE_PREFIX_PATH}:/home/ws/ugv_ws/install/ugv_web_app:/home/ws/ugv_ws/install/ugv_vision:/home/ws/ugv_ws/install/ugv_tools:/home/ws/ugv_ws/install/ugv_chat_ai:/home/ws/ugv_ws/install/ugv_bringup:/opt/ros/humble /usr/bin/cmake --build /home/ws/ugv_ws/build/cartographer -- -j4 -l4
[2.605s] DEBUG:colcon.colcon_core.event_handler.log_command:Invoking command in '/home/ws/ugv_ws/build/cartographer': CMAKE_PREFIX_PATH=${CMAKE_PREFIX_PATH}:/home/ws/ugv_ws/install/ugv_web_app:/home/ws/ugv_ws/install/ugv_vision:/home/ws/ugv_ws/install/ugv_tools:/home/ws/ugv_ws/install/ugv_chat_ai:/home/ws/ugv_ws/install/ugv_bringup:/opt/ros/humble /usr/bin/cmake --install /home/ws/ugv_ws/build/cartographer
[2.649s] Level 1:colcon.colcon_core.environment:create_environment_scripts_only(costmap_converter)
[2.650s] Level 1:colcon.colcon_core.environment:checking '/home/ws/ugv_ws/install/costmap_converter' for CMake module files
[2.651s] Level 1:colcon.colcon_core.environment:checking '/home/ws/ugv_ws/install/costmap_converter' for CMake config files
[2.651s] Level 1:colcon.colcon_core.shell:create_environment_hook('costmap_converter', 'cmake_prefix_path')
[2.651s] INFO:colcon.colcon_core.shell:Creating environment hook '/home/ws/ugv_ws/install/costmap_converter/share/costmap_converter/hook/cmake_prefix_path.ps1'
[2.652s] INFO:colcon.colcon_core.shell:Creating environment descriptor '/home/ws/ugv_ws/install/costmap_converter/share/costmap_converter/hook/cmake_prefix_path.dsv'
[2.658s] INFO:colcon.colcon_core.shell:Creating environment hook '/home/ws/ugv_ws/install/costmap_converter/share/costmap_converter/hook/cmake_prefix_path.sh'
[2.660s] Level 1:colcon.colcon_core.environment:checking '/home/ws/ugv_ws/install/costmap_converter/lib'
[2.660s] Level 1:colcon.colcon_core.shell:create_environment_hook('costmap_converter', 'ld_library_path_lib')
[2.660s] INFO:colcon.colcon_core.shell:Creating environment hook '/home/ws/ugv_ws/install/costmap_converter/share/costmap_converter/hook/ld_library_path_lib.ps1'
[2.661s] INFO:colcon.colcon_core.shell:Creating environment descriptor '/home/ws/ugv_ws/install/costmap_converter/share/costmap_converter/hook/ld_library_path_lib.dsv'
[2.662s] INFO:colcon.colcon_core.shell:Creating environment hook '/home/ws/ugv_ws/install/costmap_converter/share/costmap_converter/hook/ld_library_path_lib.sh'
[2.663s] Level 1:colcon.colcon_core.environment:checking '/home/ws/ugv_ws/install/costmap_converter/bin'
[2.663s] Level 1:colcon.colcon_core.shell:create_environment_hook('costmap_converter', 'path')
[2.664s] INFO:colcon.colcon_core.shell:Creating environment hook '/home/ws/ugv_ws/install/costmap_converter/share/costmap_converter/hook/path.ps1'
[2.665s] INFO:colcon.colcon_core.shell:Creating environment descriptor '/home/ws/ugv_ws/install/costmap_converter/share/costmap_converter/hook/path.dsv'
[2.666s] INFO:colcon.colcon_core.shell:Creating environment hook '/home/ws/ugv_ws/install/costmap_converter/share/costmap_converter/hook/path.sh'
[2.670s] Level 1:colcon.colcon_core.environment:checking '/home/ws/ugv_ws/install/costmap_converter/lib/pkgconfig/costmap_converter.pc'
[2.670s] Level 1:colcon.colcon_core.environment:checking '/home/ws/ugv_ws/install/costmap_converter/lib/python3.10/site-packages'
[2.670s] Level 1:colcon.colcon_core.environment:checking '/home/ws/ugv_ws/install/costmap_converter/bin'
[2.671s] Level 1:colcon.colcon_core.shell:create_environment_hook('costmap_converter', 'pythonscriptspath')
[2.671s] INFO:colcon.colcon_core.shell:Creating environment hook '/home/ws/ugv_ws/install/costmap_converter/share/costmap_converter/hook/pythonscriptspath.ps1'
[2.672s] INFO:colcon.colcon_core.shell:Creating environment descriptor '/home/ws/ugv_ws/install/costmap_converter/share/costmap_converter/hook/pythonscriptspath.dsv'
[2.672s] INFO:colcon.colcon_core.shell:Creating environment hook '/home/ws/ugv_ws/install/costmap_converter/share/costmap_converter/hook/pythonscriptspath.sh'
[2.675s] INFO:colcon.colcon_core.shell:Creating package script '/home/ws/ugv_ws/install/costmap_converter/share/costmap_converter/package.ps1'
[2.677s] INFO:colcon.colcon_core.shell:Creating package descriptor '/home/ws/ugv_ws/install/costmap_converter/share/costmap_converter/package.dsv'
[2.679s] INFO:colcon.colcon_core.shell:Creating package script '/home/ws/ugv_ws/install/costmap_converter/share/costmap_converter/package.sh'
[2.680s] INFO:colcon.colcon_core.shell:Creating package script '/home/ws/ugv_ws/install/costmap_converter/share/costmap_converter/package.bash'
[2.681s] INFO:colcon.colcon_core.shell:Creating package script '/home/ws/ugv_ws/install/costmap_converter/share/costmap_converter/package.zsh'
[2.683s] Level 1:colcon.colcon_core.environment:create_file_with_runtime_dependencies(/home/ws/ugv_ws/install/costmap_converter/share/colcon-core/packages/costmap_converter)
[2.684s] INFO:colcon.colcon_ros.task.ament_cmake.build:Building ROS package in '/home/ws/ugv_ws/src/ugv_else/emcl2_ros2' with build type 'ament_cmake'
[2.685s] INFO:colcon.colcon_cmake.task.cmake.build:Building CMake package in '/home/ws/ugv_ws/src/ugv_else/emcl2_ros2'
[2.685s] INFO:colcon.colcon_core.shell:Skip shell extension 'powershell' for command environment: Not usable outside of PowerShell
[2.686s] DEBUG:colcon.colcon_core.shell:Skip shell extension 'dsv' for command environment
[2.694s] Level 1:colcon.colcon_core.environment:create_environment_scripts_only(cartographer)
[2.695s] Level 1:colcon.colcon_core.environment:checking '/home/ws/ugv_ws/install/cartographer' for CMake module files
[2.695s] DEBUG:colcon.colcon_core.event_handler.log_command:Invoked command in '/home/ws/ugv_ws/build/cartographer' returned '0': CMAKE_PREFIX_PATH=${CMAKE_PREFIX_PATH}:/home/ws/ugv_ws/install/ugv_web_app:/home/ws/ugv_ws/install/ugv_vision:/home/ws/ugv_ws/install/ugv_tools:/home/ws/ugv_ws/install/ugv_chat_ai:/home/ws/ugv_ws/install/ugv_bringup:/opt/ros/humble /usr/bin/cmake --install /home/ws/ugv_ws/build/cartographer
[2.696s] Level 1:colcon.colcon_core.environment:checking '/home/ws/ugv_ws/install/cartographer' for CMake config files
[2.696s] Level 1:colcon.colcon_core.shell:create_environment_hook('cartographer', 'cmake_prefix_path')
[2.696s] INFO:colcon.colcon_core.shell:Creating environment hook '/home/ws/ugv_ws/install/cartographer/share/cartographer/hook/cmake_prefix_path.ps1'
[2.697s] INFO:colcon.colcon_core.shell:Creating environment descriptor '/home/ws/ugv_ws/install/cartographer/share/cartographer/hook/cmake_prefix_path.dsv'
[2.698s] INFO:colcon.colcon_core.shell:Creating environment hook '/home/ws/ugv_ws/install/cartographer/share/cartographer/hook/cmake_prefix_path.sh'
[2.698s] Level 1:colcon.colcon_core.environment:checking '/home/ws/ugv_ws/install/cartographer/bin'
[2.698s] Level 1:colcon.colcon_core.environment:checking '/home/ws/ugv_ws/install/cartographer/lib/pkgconfig/cartographer.pc'
[2.699s] Level 1:colcon.colcon_core.environment:checking '/home/ws/ugv_ws/install/cartographer/lib/python3.10/site-packages'
[2.699s] Level 1:colcon.colcon_core.environment:checking '/home/ws/ugv_ws/install/cartographer/bin'
[2.699s] INFO:colcon.colcon_core.shell:Creating package script '/home/ws/ugv_ws/install/cartographer/share/cartographer/package.ps1'
[2.700s] INFO:colcon.colcon_core.shell:Creating package descriptor '/home/ws/ugv_ws/install/cartographer/share/cartographer/package.dsv'
[2.700s] INFO:colcon.colcon_core.shell:Creating package script '/home/ws/ugv_ws/install/cartographer/share/cartographer/package.sh'
[2.700s] INFO:colcon.colcon_core.shell:Creating package script '/home/ws/ugv_ws/install/cartographer/share/cartographer/package.bash'
[2.701s] INFO:colcon.colcon_core.shell:Creating package script '/home/ws/ugv_ws/install/cartographer/share/cartographer/package.zsh'
[2.702s] Level 1:colcon.colcon_core.environment:create_file_with_runtime_dependencies(/home/ws/ugv_ws/install/cartographer/share/colcon-core/packages/cartographer)
[2.704s] Level 1:colcon.colcon_core.environment:create_environment_scripts_only(vizanti_msgs)
[2.704s] Level 1:colcon.colcon_core.environment:checking '/home/ws/ugv_ws/install/vizanti_msgs' for CMake module files
[2.705s] Level 1:colcon.colcon_core.environment:checking '/home/ws/ugv_ws/install/vizanti_msgs' for CMake config files
[2.705s] Level 1:colcon.colcon_core.shell:create_environment_hook('vizanti_msgs', 'cmake_prefix_path')
[2.706s] INFO:colcon.colcon_core.shell:Creating environment hook '/home/ws/ugv_ws/install/vizanti_msgs/share/vizanti_msgs/hook/cmake_prefix_path.ps1'
[2.707s] INFO:colcon.colcon_core.shell:Creating environment descriptor '/home/ws/ugv_ws/install/vizanti_msgs/share/vizanti_msgs/hook/cmake_prefix_path.dsv'
[2.707s] INFO:colcon.colcon_core.shell:Creating environment hook '/home/ws/ugv_ws/install/vizanti_msgs/share/vizanti_msgs/hook/cmake_prefix_path.sh'
[2.708s] Level 1:colcon.colcon_core.environment:checking '/home/ws/ugv_ws/install/vizanti_msgs/lib'
[2.709s] Level 1:colcon.colcon_core.shell:create_environment_hook('vizanti_msgs', 'ld_library_path_lib')
[2.709s] INFO:colcon.colcon_core.shell:Creating environment hook '/home/ws/ugv_ws/install/vizanti_msgs/share/vizanti_msgs/hook/ld_library_path_lib.ps1'
[2.710s] INFO:colcon.colcon_core.shell:Creating environment descriptor '/home/ws/ugv_ws/install/vizanti_msgs/share/vizanti_msgs/hook/ld_library_path_lib.dsv'
[2.711s] INFO:colcon.colcon_core.shell:Creating environment hook '/home/ws/ugv_ws/install/vizanti_msgs/share/vizanti_msgs/hook/ld_library_path_lib.sh'
[2.715s] Level 1:colcon.colcon_core.environment:checking '/home/ws/ugv_ws/install/vizanti_msgs/bin'
[2.715s] Level 1:colcon.colcon_core.environment:checking '/home/ws/ugv_ws/install/vizanti_msgs/lib/pkgconfig/vizanti_msgs.pc'
[2.715s] Level 1:colcon.colcon_core.environment:checking '/home/ws/ugv_ws/install/vizanti_msgs/lib/python3.10/site-packages'
[2.716s] Level 1:colcon.colcon_core.environment:checking '/home/ws/ugv_ws/install/vizanti_msgs/bin'
[2.716s] INFO:colcon.colcon_core.shell:Creating package script '/home/ws/ugv_ws/install/vizanti_msgs/share/vizanti_msgs/package.ps1'
[2.717s] INFO:colcon.colcon_core.shell:Creating package descriptor '/home/ws/ugv_ws/install/vizanti_msgs/share/vizanti_msgs/package.dsv'
[2.718s] INFO:colcon.colcon_core.shell:Creating package script '/home/ws/ugv_ws/install/vizanti_msgs/share/vizanti_msgs/package.sh'
[2.719s] INFO:colcon.colcon_core.shell:Creating package script '/home/ws/ugv_ws/install/vizanti_msgs/share/vizanti_msgs/package.bash'
[2.720s] INFO:colcon.colcon_core.shell:Creating package script '/home/ws/ugv_ws/install/vizanti_msgs/share/vizanti_msgs/package.zsh'
[2.721s] Level 1:colcon.colcon_core.environment:create_file_with_runtime_dependencies(/home/ws/ugv_ws/install/vizanti_msgs/share/colcon-core/packages/vizanti_msgs)
[2.722s] INFO:colcon.colcon_ros.task.ament_cmake.build:Building ROS package in '/home/ws/ugv_ws/src/ugv_else/vizanti/vizanti_server' with build type 'ament_cmake'
[2.723s] INFO:colcon.colcon_cmake.task.cmake.build:Building CMake package in '/home/ws/ugv_ws/src/ugv_else/vizanti/vizanti_server'
[2.723s] INFO:colcon.colcon_core.shell:Skip shell extension 'powershell' for command environment: Not usable outside of PowerShell
[2.723s] DEBUG:colcon.colcon_core.shell:Skip shell extension 'dsv' for command environment
[2.733s] DEBUG:colcon.colcon_core.event_handler.log_command:Invoking command in '/home/ws/ugv_ws/build/emcl2': CMAKE_PREFIX_PATH=${CMAKE_PREFIX_PATH}:/home/ws/ugv_ws/install/ugv_web_app:/home/ws/ugv_ws/install/ugv_vision:/home/ws/ugv_ws/install/ugv_tools:/home/ws/ugv_ws/install/ugv_chat_ai:/home/ws/ugv_ws/install/ugv_bringup:/opt/ros/humble /usr/bin/cmake --build /home/ws/ugv_ws/build/emcl2 -- -j4 -l4
[2.735s] Level 1:colcon.colcon_core.environment:create_environment_scripts_only(cartographer)
[2.735s] Level 1:colcon.colcon_core.environment:checking '/home/ws/ugv_ws/install/cartographer' for CMake module files
[2.736s] Level 1:colcon.colcon_core.environment:checking '/home/ws/ugv_ws/install/cartographer' for CMake config files
[2.737s] Level 1:colcon.colcon_core.shell:create_environment_hook('cartographer', 'cmake_prefix_path')
[2.737s] INFO:colcon.colcon_core.shell:Creating environment hook '/home/ws/ugv_ws/install/cartographer/share/cartographer/hook/cmake_prefix_path.ps1'
[2.738s] INFO:colcon.colcon_core.shell:Creating environment descriptor '/home/ws/ugv_ws/install/cartographer/share/cartographer/hook/cmake_prefix_path.dsv'
[2.739s] INFO:colcon.colcon_core.shell:Creating environment hook '/home/ws/ugv_ws/install/cartographer/share/cartographer/hook/cmake_prefix_path.sh'
[2.740s] Level 1:colcon.colcon_core.environment:checking '/home/ws/ugv_ws/install/cartographer/bin'
[2.740s] Level 1:colcon.colcon_core.environment:checking '/home/ws/ugv_ws/install/cartographer/lib/pkgconfig/cartographer.pc'
[2.740s] Level 1:colcon.colcon_core.environment:checking '/home/ws/ugv_ws/install/cartographer/lib/python3.10/site-packages'
[2.741s] Level 1:colcon.colcon_core.environment:checking '/home/ws/ugv_ws/install/cartographer/bin'
[2.741s] INFO:colcon.colcon_core.shell:Creating package script '/home/ws/ugv_ws/install/cartographer/share/cartographer/package.ps1'
[2.742s] INFO:colcon.colcon_core.shell:Creating package descriptor '/home/ws/ugv_ws/install/cartographer/share/cartographer/package.dsv'
[2.743s] INFO:colcon.colcon_core.shell:Creating package script '/home/ws/ugv_ws/install/cartographer/share/cartographer/package.sh'
[2.743s] INFO:colcon.colcon_core.shell:Creating package script '/home/ws/ugv_ws/install/cartographer/share/cartographer/package.bash'
[2.744s] INFO:colcon.colcon_core.shell:Creating package script '/home/ws/ugv_ws/install/cartographer/share/cartographer/package.zsh'
[2.745s] Level 1:colcon.colcon_core.environment:create_file_with_runtime_dependencies(/home/ws/ugv_ws/install/cartographer/share/colcon-core/packages/cartographer)
[2.746s] INFO:colcon.colcon_ros.task.ament_cmake.build:Building ROS package in '/home/ws/ugv_ws/src/ugv_else/explore_lite' with build type 'ament_cmake'
[2.746s] INFO:colcon.colcon_cmake.task.cmake.build:Building CMake package in '/home/ws/ugv_ws/src/ugv_else/explore_lite'
[2.746s] INFO:colcon.colcon_core.shell:Skip shell extension 'powershell' for command environment: Not usable outside of PowerShell
[2.746s] DEBUG:colcon.colcon_core.shell:Skip shell extension 'dsv' for command environment
[2.758s] DEBUG:colcon.colcon_core.event_handler.log_command:Invoking command in '/home/ws/ugv_ws/build/vizanti_server': CMAKE_PREFIX_PATH=/home/ws/ugv_ws/install/vizanti_msgs:/home/ws/ugv_ws/install/vizanti:/home/ws/ugv_ws/install/vizanti_server:/home/ws/ugv_ws/install/vizanti_demos:/home/ws/ugv_ws/install/vizanti_cpp:/home/ws/ugv_ws/install/ugv_slam:/home/ws/ugv_ws/install/ugv_nav:/home/ws/ugv_ws/install/ugv_interface:/home/ws/ugv_ws/install/ugv_gazebo:/home/ws/ugv_ws/install/ugv_description:/home/ws/ugv_ws/install/ugv_base_node:/home/ws/ugv_ws/install/teb_local_planner:/home/ws/ugv_ws/install/teb_msgs:/home/ws/ugv_ws/install/slam_gmapping:/home/ws/ugv_ws/install/robot_pose_publisher:/home/ws/ugv_ws/install/rf2o_laser_odometry:/home/ws/ugv_ws/install/openslam_gmapping:/home/ws/ugv_ws/install/ldlidar:/home/ws/ugv_ws/install/explore_lite:/home/ws/ugv_ws/install/emcl2:/home/ws/ugv_ws/install/costmap_converter:/home/ws/ugv_ws/install/costmap_converter_msgs:/home/ws/ugv_ws/install/cartographer:/home/ws/ugv_ws/install/apriltag_ros:/home/ws/ugv_ws/install/apriltag_msgs:/home/ws/ugv_ws/install/apriltag:/home/ws/ugv_ws/install/ugv_web_app:/home/ws/ugv_ws/install/ugv_vision:/home/ws/ugv_ws/install/ugv_tools:/home/ws/ugv_ws/install/ugv_chat_ai:/home/ws/ugv_ws/install/ugv_bringup:/opt/ros/humble /usr/bin/cmake --build /home/ws/ugv_ws/build/vizanti_server -- -j4 -l4
[2.764s] DEBUG:colcon.colcon_core.event_handler.log_command:Invoking command in '/home/ws/ugv_ws/build/explore_lite': CMAKE_PREFIX_PATH=${CMAKE_PREFIX_PATH}:/home/ws/ugv_ws/install/ugv_web_app:/home/ws/ugv_ws/install/ugv_vision:/home/ws/ugv_ws/install/ugv_tools:/home/ws/ugv_ws/install/ugv_chat_ai:/home/ws/ugv_ws/install/ugv_bringup:/opt/ros/humble /usr/bin/cmake --build /home/ws/ugv_ws/build/explore_lite -- -j4 -l4
[2.826s] DEBUG:colcon.colcon_core.event_handler.log_command:Invoked command in '/home/ws/ugv_ws/build/vizanti_server' returned '0': CMAKE_PREFIX_PATH=/home/ws/ugv_ws/install/vizanti_msgs:/home/ws/ugv_ws/install/vizanti:/home/ws/ugv_ws/install/vizanti_server:/home/ws/ugv_ws/install/vizanti_demos:/home/ws/ugv_ws/install/vizanti_cpp:/home/ws/ugv_ws/install/ugv_slam:/home/ws/ugv_ws/install/ugv_nav:/home/ws/ugv_ws/install/ugv_interface:/home/ws/ugv_ws/install/ugv_gazebo:/home/ws/ugv_ws/install/ugv_description:/home/ws/ugv_ws/install/ugv_base_node:/home/ws/ugv_ws/install/teb_local_planner:/home/ws/ugv_ws/install/teb_msgs:/home/ws/ugv_ws/install/slam_gmapping:/home/ws/ugv_ws/install/robot_pose_publisher:/home/ws/ugv_ws/install/rf2o_laser_odometry:/home/ws/ugv_ws/install/openslam_gmapping:/home/ws/ugv_ws/install/ldlidar:/home/ws/ugv_ws/install/explore_lite:/home/ws/ugv_ws/install/emcl2:/home/ws/ugv_ws/install/costmap_converter:/home/ws/ugv_ws/install/costmap_converter_msgs:/home/ws/ugv_ws/install/cartographer:/home/ws/ugv_ws/install/apriltag_ros:/home/ws/ugv_ws/install/apriltag_msgs:/home/ws/ugv_ws/install/apriltag:/home/ws/ugv_ws/install/ugv_web_app:/home/ws/ugv_ws/install/ugv_vision:/home/ws/ugv_ws/install/ugv_tools:/home/ws/ugv_ws/install/ugv_chat_ai:/home/ws/ugv_ws/install/ugv_bringup:/opt/ros/humble /usr/bin/cmake --build /home/ws/ugv_ws/build/vizanti_server -- -j4 -l4
[2.852s] DEBUG:colcon.colcon_core.event_handler.log_command:Invoked command in '/home/ws/ugv_ws/build/emcl2' returned '0': CMAKE_PREFIX_PATH=${CMAKE_PREFIX_PATH}:/home/ws/ugv_ws/install/ugv_web_app:/home/ws/ugv_ws/install/ugv_vision:/home/ws/ugv_ws/install/ugv_tools:/home/ws/ugv_ws/install/ugv_chat_ai:/home/ws/ugv_ws/install/ugv_bringup:/opt/ros/humble /usr/bin/cmake --build /home/ws/ugv_ws/build/emcl2 -- -j4 -l4
[2.881s] DEBUG:colcon.colcon_core.event_handler.log_command:Invoking command in '/home/ws/ugv_ws/build/vizanti_server': CMAKE_PREFIX_PATH=/home/ws/ugv_ws/install/vizanti_msgs:/home/ws/ugv_ws/install/vizanti:/home/ws/ugv_ws/install/vizanti_server:/home/ws/ugv_ws/install/vizanti_demos:/home/ws/ugv_ws/install/vizanti_cpp:/home/ws/ugv_ws/install/ugv_slam:/home/ws/ugv_ws/install/ugv_nav:/home/ws/ugv_ws/install/ugv_interface:/home/ws/ugv_ws/install/ugv_gazebo:/home/ws/ugv_ws/install/ugv_description:/home/ws/ugv_ws/install/ugv_base_node:/home/ws/ugv_ws/install/teb_local_planner:/home/ws/ugv_ws/install/teb_msgs:/home/ws/ugv_ws/install/slam_gmapping:/home/ws/ugv_ws/install/robot_pose_publisher:/home/ws/ugv_ws/install/rf2o_laser_odometry:/home/ws/ugv_ws/install/openslam_gmapping:/home/ws/ugv_ws/install/ldlidar:/home/ws/ugv_ws/install/explore_lite:/home/ws/ugv_ws/install/emcl2:/home/ws/ugv_ws/install/costmap_converter:/home/ws/ugv_ws/install/costmap_converter_msgs:/home/ws/ugv_ws/install/cartographer:/home/ws/ugv_ws/install/apriltag_ros:/home/ws/ugv_ws/install/apriltag_msgs:/home/ws/ugv_ws/install/apriltag:/home/ws/ugv_ws/install/ugv_web_app:/home/ws/ugv_ws/install/ugv_vision:/home/ws/ugv_ws/install/ugv_tools:/home/ws/ugv_ws/install/ugv_chat_ai:/home/ws/ugv_ws/install/ugv_bringup:/opt/ros/humble /usr/bin/cmake --install /home/ws/ugv_ws/build/vizanti_server
[2.924s] DEBUG:colcon.colcon_core.event_handler.log_command:Invoking command in '/home/ws/ugv_ws/build/emcl2': CMAKE_PREFIX_PATH=${CMAKE_PREFIX_PATH}:/home/ws/ugv_ws/install/ugv_web_app:/home/ws/ugv_ws/install/ugv_vision:/home/ws/ugv_ws/install/ugv_tools:/home/ws/ugv_ws/install/ugv_chat_ai:/home/ws/ugv_ws/install/ugv_bringup:/opt/ros/humble /usr/bin/cmake --install /home/ws/ugv_ws/build/emcl2
[2.932s] Level 1:colcon.colcon_core.environment:create_environment_scripts_only(vizanti_server)
[2.932s] Level 1:colcon.colcon_core.environment:checking '/home/ws/ugv_ws/install/vizanti_server' for CMake module files
[2.943s] Level 1:colcon.colcon_core.environment:checking '/home/ws/ugv_ws/install/vizanti_server' for CMake config files
[2.944s] Level 1:colcon.colcon_core.shell:create_environment_hook('vizanti_server', 'cmake_prefix_path')
[2.945s] INFO:colcon.colcon_core.shell:Creating environment hook '/home/ws/ugv_ws/install/vizanti_server/share/vizanti_server/hook/cmake_prefix_path.ps1'
[2.948s] INFO:colcon.colcon_core.shell:Creating environment descriptor '/home/ws/ugv_ws/install/vizanti_server/share/vizanti_server/hook/cmake_prefix_path.dsv'
[2.950s] INFO:colcon.colcon_core.shell:Creating environment hook '/home/ws/ugv_ws/install/vizanti_server/share/vizanti_server/hook/cmake_prefix_path.sh'
[2.955s] Level 1:colcon.colcon_core.environment:checking '/home/ws/ugv_ws/install/vizanti_server/lib'
[2.956s] Level 1:colcon.colcon_core.environment:checking '/home/ws/ugv_ws/install/vizanti_server/bin'
[2.956s] DEBUG:colcon.colcon_core.event_handler.log_command:Invoked command in '/home/ws/ugv_ws/build/vizanti_server' returned '0': CMAKE_PREFIX_PATH=/home/ws/ugv_ws/install/vizanti_msgs:/home/ws/ugv_ws/install/vizanti:/home/ws/ugv_ws/install/vizanti_server:/home/ws/ugv_ws/install/vizanti_demos:/home/ws/ugv_ws/install/vizanti_cpp:/home/ws/ugv_ws/install/ugv_slam:/home/ws/ugv_ws/install/ugv_nav:/home/ws/ugv_ws/install/ugv_interface:/home/ws/ugv_ws/install/ugv_gazebo:/home/ws/ugv_ws/install/ugv_description:/home/ws/ugv_ws/install/ugv_base_node:/home/ws/ugv_ws/install/teb_local_planner:/home/ws/ugv_ws/install/teb_msgs:/home/ws/ugv_ws/install/slam_gmapping:/home/ws/ugv_ws/install/robot_pose_publisher:/home/ws/ugv_ws/install/rf2o_laser_odometry:/home/ws/ugv_ws/install/openslam_gmapping:/home/ws/ugv_ws/install/ldlidar:/home/ws/ugv_ws/install/explore_lite:/home/ws/ugv_ws/install/emcl2:/home/ws/ugv_ws/install/costmap_converter:/home/ws/ugv_ws/install/costmap_converter_msgs:/home/ws/ugv_ws/install/cartographer:/home/ws/ugv_ws/install/apriltag_ros:/home/ws/ugv_ws/install/apriltag_msgs:/home/ws/ugv_ws/install/apriltag:/home/ws/ugv_ws/install/ugv_web_app:/home/ws/ugv_ws/install/ugv_vision:/home/ws/ugv_ws/install/ugv_tools:/home/ws/ugv_ws/install/ugv_chat_ai:/home/ws/ugv_ws/install/ugv_bringup:/opt/ros/humble /usr/bin/cmake --install /home/ws/ugv_ws/build/vizanti_server
[2.956s] Level 1:colcon.colcon_core.environment:checking '/home/ws/ugv_ws/install/vizanti_server/lib/pkgconfig/vizanti_server.pc'
[2.956s] Level 1:colcon.colcon_core.environment:checking '/home/ws/ugv_ws/install/vizanti_server/lib/python3.10/site-packages'
[2.957s] Level 1:colcon.colcon_core.environment:checking '/home/ws/ugv_ws/install/vizanti_server/bin'
[2.958s] INFO:colcon.colcon_core.shell:Creating package script '/home/ws/ugv_ws/install/vizanti_server/share/vizanti_server/package.ps1'
[2.961s] INFO:colcon.colcon_core.shell:Creating package descriptor '/home/ws/ugv_ws/install/vizanti_server/share/vizanti_server/package.dsv'
[2.962s] INFO:colcon.colcon_core.shell:Creating package script '/home/ws/ugv_ws/install/vizanti_server/share/vizanti_server/package.sh'
[2.962s] INFO:colcon.colcon_core.shell:Creating package script '/home/ws/ugv_ws/install/vizanti_server/share/vizanti_server/package.bash'
[2.963s] INFO:colcon.colcon_core.shell:Creating package script '/home/ws/ugv_ws/install/vizanti_server/share/vizanti_server/package.zsh'
[2.964s] Level 1:colcon.colcon_core.environment:create_file_with_runtime_dependencies(/home/ws/ugv_ws/install/vizanti_server/share/colcon-core/packages/vizanti_server)
[2.967s] Level 1:colcon.colcon_core.environment:create_environment_scripts_only(emcl2)
[2.967s] Level 1:colcon.colcon_core.environment:checking '/home/ws/ugv_ws/install/emcl2' for CMake module files
[2.968s] DEBUG:colcon.colcon_core.event_handler.log_command:Invoked command in '/home/ws/ugv_ws/build/emcl2' returned '0': CMAKE_PREFIX_PATH=${CMAKE_PREFIX_PATH}:/home/ws/ugv_ws/install/ugv_web_app:/home/ws/ugv_ws/install/ugv_vision:/home/ws/ugv_ws/install/ugv_tools:/home/ws/ugv_ws/install/ugv_chat_ai:/home/ws/ugv_ws/install/ugv_bringup:/opt/ros/humble /usr/bin/cmake --install /home/ws/ugv_ws/build/emcl2
[2.968s] Level 1:colcon.colcon_core.environment:checking '/home/ws/ugv_ws/install/emcl2' for CMake config files
[2.969s] Level 1:colcon.colcon_core.shell:create_environment_hook('emcl2', 'cmake_prefix_path')
[2.969s] INFO:colcon.colcon_core.shell:Creating environment hook '/home/ws/ugv_ws/install/emcl2/share/emcl2/hook/cmake_prefix_path.ps1'
[2.970s] INFO:colcon.colcon_core.shell:Creating environment descriptor '/home/ws/ugv_ws/install/emcl2/share/emcl2/hook/cmake_prefix_path.dsv'
[2.971s] INFO:colcon.colcon_core.shell:Creating environment hook '/home/ws/ugv_ws/install/emcl2/share/emcl2/hook/cmake_prefix_path.sh'
[2.973s] Level 1:colcon.colcon_core.environment:checking '/home/ws/ugv_ws/install/emcl2/lib'
[2.973s] Level 1:colcon.colcon_core.environment:checking '/home/ws/ugv_ws/install/emcl2/bin'
[2.973s] Level 1:colcon.colcon_core.environment:checking '/home/ws/ugv_ws/install/emcl2/lib/pkgconfig/emcl2.pc'
[2.974s] Level 1:colcon.colcon_core.environment:checking '/home/ws/ugv_ws/install/emcl2/lib/python3.10/site-packages'
[2.974s] Level 1:colcon.colcon_core.environment:checking '/home/ws/ugv_ws/install/emcl2/bin'
[2.975s] INFO:colcon.colcon_core.shell:Creating package script '/home/ws/ugv_ws/install/emcl2/share/emcl2/package.ps1'
[2.976s] INFO:colcon.colcon_core.shell:Creating package descriptor '/home/ws/ugv_ws/install/emcl2/share/emcl2/package.dsv'
[2.977s] INFO:colcon.colcon_core.shell:Creating package script '/home/ws/ugv_ws/install/emcl2/share/emcl2/package.sh'
[2.978s] INFO:colcon.colcon_core.shell:Creating package script '/home/ws/ugv_ws/install/emcl2/share/emcl2/package.bash'
[2.982s] INFO:colcon.colcon_core.shell:Creating package script '/home/ws/ugv_ws/install/emcl2/share/emcl2/package.zsh'
[2.983s] Level 1:colcon.colcon_core.environment:create_file_with_runtime_dependencies(/home/ws/ugv_ws/install/emcl2/share/colcon-core/packages/emcl2)
[2.990s] DEBUG:colcon.colcon_core.event_handler.log_command:Invoked command in '/home/ws/ugv_ws/build/explore_lite' returned '0': CMAKE_PREFIX_PATH=${CMAKE_PREFIX_PATH}:/home/ws/ugv_ws/install/ugv_web_app:/home/ws/ugv_ws/install/ugv_vision:/home/ws/ugv_ws/install/ugv_tools:/home/ws/ugv_ws/install/ugv_chat_ai:/home/ws/ugv_ws/install/ugv_bringup:/opt/ros/humble /usr/bin/cmake --build /home/ws/ugv_ws/build/explore_lite -- -j4 -l4
[2.995s] Level 1:colcon.colcon_core.environment:create_environment_scripts_only(vizanti_server)
[2.996s] Level 1:colcon.colcon_core.environment:checking '/home/ws/ugv_ws/install/vizanti_server' for CMake module files
[2.997s] Level 1:colcon.colcon_core.environment:checking '/home/ws/ugv_ws/install/vizanti_server' for CMake config files
[2.998s] Level 1:colcon.colcon_core.shell:create_environment_hook('vizanti_server', 'cmake_prefix_path')
[2.999s] INFO:colcon.colcon_core.shell:Creating environment hook '/home/ws/ugv_ws/install/vizanti_server/share/vizanti_server/hook/cmake_prefix_path.ps1'
[3.000s] INFO:colcon.colcon_core.shell:Creating environment descriptor '/home/ws/ugv_ws/install/vizanti_server/share/vizanti_server/hook/cmake_prefix_path.dsv'
[3.002s] INFO:colcon.colcon_core.shell:Creating environment hook '/home/ws/ugv_ws/install/vizanti_server/share/vizanti_server/hook/cmake_prefix_path.sh'
[3.003s] Level 1:colcon.colcon_core.environment:checking '/home/ws/ugv_ws/install/vizanti_server/lib'
[3.003s] Level 1:colcon.colcon_core.environment:checking '/home/ws/ugv_ws/install/vizanti_server/bin'
[3.004s] Level 1:colcon.colcon_core.environment:checking '/home/ws/ugv_ws/install/vizanti_server/lib/pkgconfig/vizanti_server.pc'
[3.004s] Level 1:colcon.colcon_core.environment:checking '/home/ws/ugv_ws/install/vizanti_server/lib/python3.10/site-packages'
[3.005s] Level 1:colcon.colcon_core.environment:checking '/home/ws/ugv_ws/install/vizanti_server/bin'
[3.006s] INFO:colcon.colcon_core.shell:Creating package script '/home/ws/ugv_ws/install/vizanti_server/share/vizanti_server/package.ps1'
[3.007s] INFO:colcon.colcon_core.shell:Creating package descriptor '/home/ws/ugv_ws/install/vizanti_server/share/vizanti_server/package.dsv'
[3.008s] INFO:colcon.colcon_core.shell:Creating package script '/home/ws/ugv_ws/install/vizanti_server/share/vizanti_server/package.sh'
[3.011s] INFO:colcon.colcon_core.shell:Creating package script '/home/ws/ugv_ws/install/vizanti_server/share/vizanti_server/package.bash'
[3.012s] INFO:colcon.colcon_core.shell:Creating package script '/home/ws/ugv_ws/install/vizanti_server/share/vizanti_server/package.zsh'
[3.014s] Level 1:colcon.colcon_core.environment:create_file_with_runtime_dependencies(/home/ws/ugv_ws/install/vizanti_server/share/colcon-core/packages/vizanti_server)
[3.015s] INFO:colcon.colcon_ros.task.ament_cmake.build:Building ROS package in '/home/ws/ugv_ws/src/ugv_else/ldlidar' with build type 'ament_cmake'
[3.016s] INFO:colcon.colcon_cmake.task.cmake.build:Building CMake package in '/home/ws/ugv_ws/src/ugv_else/ldlidar'
[3.016s] INFO:colcon.colcon_core.shell:Skip shell extension 'powershell' for command environment: Not usable outside of PowerShell
[3.016s] DEBUG:colcon.colcon_core.shell:Skip shell extension 'dsv' for command environment
[3.031s] DEBUG:colcon.colcon_core.event_handler.log_command:Invoked command in '/home/ws/ugv_ws/build/teb_msgs' returned '0': CMAKE_PREFIX_PATH=/home/ws/ugv_ws/install/costmap_converter_msgs:/home/ws/ugv_ws/install/vizanti:/home/ws/ugv_ws/install/vizanti_server:/home/ws/ugv_ws/install/vizanti_demos:/home/ws/ugv_ws/install/vizanti_msgs:/home/ws/ugv_ws/install/vizanti_cpp:/home/ws/ugv_ws/install/ugv_slam:/home/ws/ugv_ws/install/ugv_nav:/home/ws/ugv_ws/install/ugv_interface:/home/ws/ugv_ws/install/ugv_gazebo:/home/ws/ugv_ws/install/ugv_description:/home/ws/ugv_ws/install/ugv_base_node:/home/ws/ugv_ws/install/teb_local_planner:/home/ws/ugv_ws/install/teb_msgs:/home/ws/ugv_ws/install/slam_gmapping:/home/ws/ugv_ws/install/robot_pose_publisher:/home/ws/ugv_ws/install/rf2o_laser_odometry:/home/ws/ugv_ws/install/openslam_gmapping:/home/ws/ugv_ws/install/ldlidar:/home/ws/ugv_ws/install/explore_lite:/home/ws/ugv_ws/install/emcl2:/home/ws/ugv_ws/install/costmap_converter:/home/ws/ugv_ws/install/cartographer:/home/ws/ugv_ws/install/apriltag_ros:/home/ws/ugv_ws/install/apriltag_msgs:/home/ws/ugv_ws/install/apriltag:/home/ws/ugv_ws/install/ugv_web_app:/home/ws/ugv_ws/install/ugv_vision:/home/ws/ugv_ws/install/ugv_tools:/home/ws/ugv_ws/install/ugv_chat_ai:/home/ws/ugv_ws/install/ugv_bringup:/opt/ros/humble LD_LIBRARY_PATH=/home/ws/ugv_ws/install/costmap_converter_msgs/lib:/home/ws/ugv_ws/install/vizanti_msgs/lib:/home/ws/ugv_ws/install/ugv_interface/lib:/home/ws/ugv_ws/install/teb_local_planner/lib:/home/ws/ugv_ws/install/teb_msgs/lib:/home/ws/ugv_ws/install/openslam_gmapping/lib:/home/ws/ugv_ws/install/costmap_converter/lib:/home/ws/ugv_ws/install/apriltag_ros/lib:/home/ws/ugv_ws/install/apriltag_msgs/lib:/home/ws/ugv_ws/install/apriltag/lib:/opt/ros/humble/opt/rviz_ogre_vendor/lib:/opt/ros/humble/lib/aarch64-linux-gnu:/opt/ros/humble/lib /usr/bin/cmake --build /home/ws/ugv_ws/build/teb_msgs -- -j4 -l4
[3.047s] DEBUG:colcon.colcon_core.event_handler.log_command:Invoking command in '/home/ws/ugv_ws/build/ldlidar': CMAKE_PREFIX_PATH=${CMAKE_PREFIX_PATH}:/home/ws/ugv_ws/install/ugv_web_app:/home/ws/ugv_ws/install/ugv_vision:/home/ws/ugv_ws/install/ugv_tools:/home/ws/ugv_ws/install/ugv_chat_ai:/home/ws/ugv_ws/install/ugv_bringup:/opt/ros/humble /usr/bin/cmake --build /home/ws/ugv_ws/build/ldlidar -- -j4 -l4
[3.047s] DEBUG:colcon.colcon_core.event_handler.log_command:Invoking command in '/home/ws/ugv_ws/build/explore_lite': CMAKE_PREFIX_PATH=${CMAKE_PREFIX_PATH}:/home/ws/ugv_ws/install/ugv_web_app:/home/ws/ugv_ws/install/ugv_vision:/home/ws/ugv_ws/install/ugv_tools:/home/ws/ugv_ws/install/ugv_chat_ai:/home/ws/ugv_ws/install/ugv_bringup:/opt/ros/humble /usr/bin/cmake --install /home/ws/ugv_ws/build/explore_lite
[3.050s] Level 1:colcon.colcon_core.environment:create_environment_scripts_only(emcl2)
[3.051s] Level 1:colcon.colcon_core.environment:checking '/home/ws/ugv_ws/install/emcl2' for CMake module files
[3.051s] Level 1:colcon.colcon_core.environment:checking '/home/ws/ugv_ws/install/emcl2' for CMake config files
[3.052s] Level 1:colcon.colcon_core.shell:create_environment_hook('emcl2', 'cmake_prefix_path')
[3.053s] INFO:colcon.colcon_core.shell:Creating environment hook '/home/ws/ugv_ws/install/emcl2/share/emcl2/hook/cmake_prefix_path.ps1'
[3.054s] INFO:colcon.colcon_core.shell:Creating environment descriptor '/home/ws/ugv_ws/install/emcl2/share/emcl2/hook/cmake_prefix_path.dsv'
[3.059s] INFO:colcon.colcon_core.shell:Creating environment hook '/home/ws/ugv_ws/install/emcl2/share/emcl2/hook/cmake_prefix_path.sh'
[3.061s] Level 1:colcon.colcon_core.environment:checking '/home/ws/ugv_ws/install/emcl2/lib'
[3.061s] Level 1:colcon.colcon_core.environment:checking '/home/ws/ugv_ws/install/emcl2/bin'
[3.061s] Level 1:colcon.colcon_core.environment:checking '/home/ws/ugv_ws/install/emcl2/lib/pkgconfig/emcl2.pc'
[3.062s] Level 1:colcon.colcon_core.environment:checking '/home/ws/ugv_ws/install/emcl2/lib/python3.10/site-packages'
[3.062s] Level 1:colcon.colcon_core.environment:checking '/home/ws/ugv_ws/install/emcl2/bin'
[3.063s] INFO:colcon.colcon_core.shell:Creating package script '/home/ws/ugv_ws/install/emcl2/share/emcl2/package.ps1'
[3.064s] INFO:colcon.colcon_core.shell:Creating package descriptor '/home/ws/ugv_ws/install/emcl2/share/emcl2/package.dsv'
[3.065s] INFO:colcon.colcon_core.shell:Creating package script '/home/ws/ugv_ws/install/emcl2/share/emcl2/package.sh'
[3.066s] INFO:colcon.colcon_core.shell:Creating package script '/home/ws/ugv_ws/install/emcl2/share/emcl2/package.bash'
[3.067s] INFO:colcon.colcon_core.shell:Creating package script '/home/ws/ugv_ws/install/emcl2/share/emcl2/package.zsh'
[3.070s] Level 1:colcon.colcon_core.environment:create_file_with_runtime_dependencies(/home/ws/ugv_ws/install/emcl2/share/colcon-core/packages/emcl2)
[3.072s] INFO:colcon.colcon_ros.task.ament_cmake.build:Building ROS package in '/home/ws/ugv_ws/src/ugv_else/rf2o_laser_odometry' with build type 'ament_cmake'
[3.072s] INFO:colcon.colcon_cmake.task.cmake.build:Building CMake package in '/home/ws/ugv_ws/src/ugv_else/rf2o_laser_odometry'
[3.073s] INFO:colcon.colcon_core.shell:Skip shell extension 'powershell' for command environment: Not usable outside of PowerShell
[3.073s] DEBUG:colcon.colcon_core.shell:Skip shell extension 'dsv' for command environment
[3.083s] Level 1:colcon.colcon_core.environment:create_environment_scripts_only(explore_lite)
[3.084s] Level 1:colcon.colcon_core.environment:checking '/home/ws/ugv_ws/install/explore_lite' for CMake module files
[3.085s] DEBUG:colcon.colcon_core.event_handler.log_command:Invoked command in '/home/ws/ugv_ws/build/explore_lite' returned '0': CMAKE_PREFIX_PATH=${CMAKE_PREFIX_PATH}:/home/ws/ugv_ws/install/ugv_web_app:/home/ws/ugv_ws/install/ugv_vision:/home/ws/ugv_ws/install/ugv_tools:/home/ws/ugv_ws/install/ugv_chat_ai:/home/ws/ugv_ws/install/ugv_bringup:/opt/ros/humble /usr/bin/cmake --install /home/ws/ugv_ws/build/explore_lite
[3.086s] Level 1:colcon.colcon_core.environment:checking '/home/ws/ugv_ws/install/explore_lite' for CMake config files
[3.087s] Level 1:colcon.colcon_core.shell:create_environment_hook('explore_lite', 'cmake_prefix_path')
[3.087s] INFO:colcon.colcon_core.shell:Creating environment hook '/home/ws/ugv_ws/install/explore_lite/share/explore_lite/hook/cmake_prefix_path.ps1'
[3.088s] INFO:colcon.colcon_core.shell:Creating environment descriptor '/home/ws/ugv_ws/install/explore_lite/share/explore_lite/hook/cmake_prefix_path.dsv'
[3.089s] INFO:colcon.colcon_core.shell:Creating environment hook '/home/ws/ugv_ws/install/explore_lite/share/explore_lite/hook/cmake_prefix_path.sh'
[3.090s] Level 1:colcon.colcon_core.environment:checking '/home/ws/ugv_ws/install/explore_lite/lib'
[3.090s] Level 1:colcon.colcon_core.environment:checking '/home/ws/ugv_ws/install/explore_lite/bin'
[3.090s] Level 1:colcon.colcon_core.environment:checking '/home/ws/ugv_ws/install/explore_lite/lib/pkgconfig/explore_lite.pc'
[3.090s] Level 1:colcon.colcon_core.environment:checking '/home/ws/ugv_ws/install/explore_lite/lib/python3.10/site-packages'
[3.091s] Level 1:colcon.colcon_core.environment:checking '/home/ws/ugv_ws/install/explore_lite/bin'
[3.091s] INFO:colcon.colcon_core.shell:Creating package script '/home/ws/ugv_ws/install/explore_lite/share/explore_lite/package.ps1'
[3.092s] INFO:colcon.colcon_core.shell:Creating package descriptor '/home/ws/ugv_ws/install/explore_lite/share/explore_lite/package.dsv'
[3.093s] INFO:colcon.colcon_core.shell:Creating package script '/home/ws/ugv_ws/install/explore_lite/share/explore_lite/package.sh'
[3.094s] INFO:colcon.colcon_core.shell:Creating package script '/home/ws/ugv_ws/install/explore_lite/share/explore_lite/package.bash'
[3.095s] INFO:colcon.colcon_core.shell:Creating package script '/home/ws/ugv_ws/install/explore_lite/share/explore_lite/package.zsh'
[3.096s] Level 1:colcon.colcon_core.environment:create_file_with_runtime_dependencies(/home/ws/ugv_ws/install/explore_lite/share/colcon-core/packages/explore_lite)
[3.110s] DEBUG:colcon.colcon_core.event_handler.log_command:Invoking command in '/home/ws/ugv_ws/build/rf2o_laser_odometry': CMAKE_PREFIX_PATH=${CMAKE_PREFIX_PATH}:/home/ws/ugv_ws/install/ugv_web_app:/home/ws/ugv_ws/install/ugv_vision:/home/ws/ugv_ws/install/ugv_tools:/home/ws/ugv_ws/install/ugv_chat_ai:/home/ws/ugv_ws/install/ugv_bringup:/opt/ros/humble /usr/bin/cmake --build /home/ws/ugv_ws/build/rf2o_laser_odometry -- -j4 -l4
[3.148s] DEBUG:colcon.colcon_core.event_handler.log_command:Invoked command in '/home/ws/ugv_ws/build/ldlidar' returned '0': CMAKE_PREFIX_PATH=${CMAKE_PREFIX_PATH}:/home/ws/ugv_ws/install/ugv_web_app:/home/ws/ugv_ws/install/ugv_vision:/home/ws/ugv_ws/install/ugv_tools:/home/ws/ugv_ws/install/ugv_chat_ai:/home/ws/ugv_ws/install/ugv_bringup:/opt/ros/humble /usr/bin/cmake --build /home/ws/ugv_ws/build/ldlidar -- -j4 -l4
[3.164s] DEBUG:colcon.colcon_core.event_handler.log_command:Invoking command in '/home/ws/ugv_ws/build/teb_msgs': CMAKE_PREFIX_PATH=/home/ws/ugv_ws/install/costmap_converter_msgs:/home/ws/ugv_ws/install/vizanti:/home/ws/ugv_ws/install/vizanti_server:/home/ws/ugv_ws/install/vizanti_demos:/home/ws/ugv_ws/install/vizanti_msgs:/home/ws/ugv_ws/install/vizanti_cpp:/home/ws/ugv_ws/install/ugv_slam:/home/ws/ugv_ws/install/ugv_nav:/home/ws/ugv_ws/install/ugv_interface:/home/ws/ugv_ws/install/ugv_gazebo:/home/ws/ugv_ws/install/ugv_description:/home/ws/ugv_ws/install/ugv_base_node:/home/ws/ugv_ws/install/teb_local_planner:/home/ws/ugv_ws/install/teb_msgs:/home/ws/ugv_ws/install/slam_gmapping:/home/ws/ugv_ws/install/robot_pose_publisher:/home/ws/ugv_ws/install/rf2o_laser_odometry:/home/ws/ugv_ws/install/openslam_gmapping:/home/ws/ugv_ws/install/ldlidar:/home/ws/ugv_ws/install/explore_lite:/home/ws/ugv_ws/install/emcl2:/home/ws/ugv_ws/install/costmap_converter:/home/ws/ugv_ws/install/cartographer:/home/ws/ugv_ws/install/apriltag_ros:/home/ws/ugv_ws/install/apriltag_msgs:/home/ws/ugv_ws/install/apriltag:/home/ws/ugv_ws/install/ugv_web_app:/home/ws/ugv_ws/install/ugv_vision:/home/ws/ugv_ws/install/ugv_tools:/home/ws/ugv_ws/install/ugv_chat_ai:/home/ws/ugv_ws/install/ugv_bringup:/opt/ros/humble LD_LIBRARY_PATH=/home/ws/ugv_ws/install/costmap_converter_msgs/lib:/home/ws/ugv_ws/install/vizanti_msgs/lib:/home/ws/ugv_ws/install/ugv_interface/lib:/home/ws/ugv_ws/install/teb_local_planner/lib:/home/ws/ugv_ws/install/teb_msgs/lib:/home/ws/ugv_ws/install/openslam_gmapping/lib:/home/ws/ugv_ws/install/costmap_converter/lib:/home/ws/ugv_ws/install/apriltag_ros/lib:/home/ws/ugv_ws/install/apriltag_msgs/lib:/home/ws/ugv_ws/install/apriltag/lib:/opt/ros/humble/opt/rviz_ogre_vendor/lib:/opt/ros/humble/lib/aarch64-linux-gnu:/opt/ros/humble/lib /usr/bin/cmake --install /home/ws/ugv_ws/build/teb_msgs
[3.166s] Level 1:colcon.colcon_core.environment:create_environment_scripts_only(explore_lite)
[3.167s] Level 1:colcon.colcon_core.environment:checking '/home/ws/ugv_ws/install/explore_lite' for CMake module files
[3.168s] Level 1:colcon.colcon_core.environment:checking '/home/ws/ugv_ws/install/explore_lite' for CMake config files
[3.168s] Level 1:colcon.colcon_core.shell:create_environment_hook('explore_lite', 'cmake_prefix_path')
[3.169s] INFO:colcon.colcon_core.shell:Creating environment hook '/home/ws/ugv_ws/install/explore_lite/share/explore_lite/hook/cmake_prefix_path.ps1'
[3.170s] INFO:colcon.colcon_core.shell:Creating environment descriptor '/home/ws/ugv_ws/install/explore_lite/share/explore_lite/hook/cmake_prefix_path.dsv'
[3.171s] INFO:colcon.colcon_core.shell:Creating environment hook '/home/ws/ugv_ws/install/explore_lite/share/explore_lite/hook/cmake_prefix_path.sh'
[3.173s] Level 1:colcon.colcon_core.environment:checking '/home/ws/ugv_ws/install/explore_lite/lib'
[3.173s] Level 1:colcon.colcon_core.environment:checking '/home/ws/ugv_ws/install/explore_lite/bin'
[3.173s] Level 1:colcon.colcon_core.environment:checking '/home/ws/ugv_ws/install/explore_lite/lib/pkgconfig/explore_lite.pc'
[3.174s] Level 1:colcon.colcon_core.environment:checking '/home/ws/ugv_ws/install/explore_lite/lib/python3.10/site-packages'
[3.175s] Level 1:colcon.colcon_core.environment:checking '/home/ws/ugv_ws/install/explore_lite/bin'
[3.175s] INFO:colcon.colcon_core.shell:Creating package script '/home/ws/ugv_ws/install/explore_lite/share/explore_lite/package.ps1'
[3.177s] INFO:colcon.colcon_core.shell:Creating package descriptor '/home/ws/ugv_ws/install/explore_lite/share/explore_lite/package.dsv'
[3.178s] INFO:colcon.colcon_core.shell:Creating package script '/home/ws/ugv_ws/install/explore_lite/share/explore_lite/package.sh'
[3.179s] INFO:colcon.colcon_core.shell:Creating package script '/home/ws/ugv_ws/install/explore_lite/share/explore_lite/package.bash'
[3.180s] INFO:colcon.colcon_core.shell:Creating package script '/home/ws/ugv_ws/install/explore_lite/share/explore_lite/package.zsh'
[3.181s] Level 1:colcon.colcon_core.environment:create_file_with_runtime_dependencies(/home/ws/ugv_ws/install/explore_lite/share/colcon-core/packages/explore_lite)
[3.188s] INFO:colcon.colcon_ros.task.ament_cmake.build:Building ROS package in '/home/ws/ugv_ws/src/ugv_else/robot_pose_publisher' with build type 'ament_cmake'
[3.188s] INFO:colcon.colcon_cmake.task.cmake.build:Building CMake package in '/home/ws/ugv_ws/src/ugv_else/robot_pose_publisher'
[3.189s] INFO:colcon.colcon_core.shell:Skip shell extension 'powershell' for command environment: Not usable outside of PowerShell
[3.189s] DEBUG:colcon.colcon_core.shell:Skip shell extension 'dsv' for command environment
[3.220s] DEBUG:colcon.colcon_core.event_handler.log_command:Invoking command in '/home/ws/ugv_ws/build/robot_pose_publisher': CMAKE_PREFIX_PATH=${CMAKE_PREFIX_PATH}:/home/ws/ugv_ws/install/ugv_web_app:/home/ws/ugv_ws/install/ugv_vision:/home/ws/ugv_ws/install/ugv_tools:/home/ws/ugv_ws/install/ugv_chat_ai:/home/ws/ugv_ws/install/ugv_bringup:/opt/ros/humble /usr/bin/cmake --build /home/ws/ugv_ws/build/robot_pose_publisher -- -j4 -l4
[3.225s] DEBUG:colcon.colcon_core.event_handler.log_command:Invoking command in '/home/ws/ugv_ws/build/ldlidar': CMAKE_PREFIX_PATH=${CMAKE_PREFIX_PATH}:/home/ws/ugv_ws/install/ugv_web_app:/home/ws/ugv_ws/install/ugv_vision:/home/ws/ugv_ws/install/ugv_tools:/home/ws/ugv_ws/install/ugv_chat_ai:/home/ws/ugv_ws/install/ugv_bringup:/opt/ros/humble /usr/bin/cmake --install /home/ws/ugv_ws/build/ldlidar
[3.234s] DEBUG:colcon.colcon_core.event_handler.log_command:Invoked command in '/home/ws/ugv_ws/build/rf2o_laser_odometry' returned '0': CMAKE_PREFIX_PATH=${CMAKE_PREFIX_PATH}:/home/ws/ugv_ws/install/ugv_web_app:/home/ws/ugv_ws/install/ugv_vision:/home/ws/ugv_ws/install/ugv_tools:/home/ws/ugv_ws/install/ugv_chat_ai:/home/ws/ugv_ws/install/ugv_bringup:/opt/ros/humble /usr/bin/cmake --build /home/ws/ugv_ws/build/rf2o_laser_odometry -- -j4 -l4
[3.244s] Level 1:colcon.colcon_core.environment:create_environment_scripts_only(ldlidar)
[3.245s] Level 1:colcon.colcon_core.environment:checking '/home/ws/ugv_ws/install/ldlidar' for CMake module files
[3.246s] Level 1:colcon.colcon_core.environment:checking '/home/ws/ugv_ws/install/ldlidar' for CMake config files
[3.246s] Level 1:colcon.colcon_core.shell:create_environment_hook('ldlidar', 'cmake_prefix_path')
[3.247s] INFO:colcon.colcon_core.shell:Creating environment hook '/home/ws/ugv_ws/install/ldlidar/share/ldlidar/hook/cmake_prefix_path.ps1'
[3.248s] INFO:colcon.colcon_core.shell:Creating environment descriptor '/home/ws/ugv_ws/install/ldlidar/share/ldlidar/hook/cmake_prefix_path.dsv'
[3.249s] DEBUG:colcon.colcon_core.event_handler.log_command:Invoked command in '/home/ws/ugv_ws/build/ldlidar' returned '0': CMAKE_PREFIX_PATH=${CMAKE_PREFIX_PATH}:/home/ws/ugv_ws/install/ugv_web_app:/home/ws/ugv_ws/install/ugv_vision:/home/ws/ugv_ws/install/ugv_tools:/home/ws/ugv_ws/install/ugv_chat_ai:/home/ws/ugv_ws/install/ugv_bringup:/opt/ros/humble /usr/bin/cmake --install /home/ws/ugv_ws/build/ldlidar
[3.249s] INFO:colcon.colcon_core.shell:Creating environment hook '/home/ws/ugv_ws/install/ldlidar/share/ldlidar/hook/cmake_prefix_path.sh'
[3.250s] Level 1:colcon.colcon_core.environment:checking '/home/ws/ugv_ws/install/ldlidar/lib'
[3.251s] Level 1:colcon.colcon_core.environment:checking '/home/ws/ugv_ws/install/ldlidar/bin'
[3.251s] Level 1:colcon.colcon_core.environment:checking '/home/ws/ugv_ws/install/ldlidar/lib/pkgconfig/ldlidar.pc'
[3.251s] Level 1:colcon.colcon_core.environment:checking '/home/ws/ugv_ws/install/ldlidar/lib/python3.10/site-packages'
[3.251s] Level 1:colcon.colcon_core.environment:checking '/home/ws/ugv_ws/install/ldlidar/bin'
[3.252s] INFO:colcon.colcon_core.shell:Creating package script '/home/ws/ugv_ws/install/ldlidar/share/ldlidar/package.ps1'
[3.253s] INFO:colcon.colcon_core.shell:Creating package descriptor '/home/ws/ugv_ws/install/ldlidar/share/ldlidar/package.dsv'
[3.254s] INFO:colcon.colcon_core.shell:Creating package script '/home/ws/ugv_ws/install/ldlidar/share/ldlidar/package.sh'
[3.254s] INFO:colcon.colcon_core.shell:Creating package script '/home/ws/ugv_ws/install/ldlidar/share/ldlidar/package.bash'
[3.255s] INFO:colcon.colcon_core.shell:Creating package script '/home/ws/ugv_ws/install/ldlidar/share/ldlidar/package.zsh'
[3.256s] Level 1:colcon.colcon_core.environment:create_file_with_runtime_dependencies(/home/ws/ugv_ws/install/ldlidar/share/colcon-core/packages/ldlidar)
[3.293s] DEBUG:colcon.colcon_core.event_handler.log_command:Invoking command in '/home/ws/ugv_ws/build/rf2o_laser_odometry': CMAKE_PREFIX_PATH=${CMAKE_PREFIX_PATH}:/home/ws/ugv_ws/install/ugv_web_app:/home/ws/ugv_ws/install/ugv_vision:/home/ws/ugv_ws/install/ugv_tools:/home/ws/ugv_ws/install/ugv_chat_ai:/home/ws/ugv_ws/install/ugv_bringup:/opt/ros/humble /usr/bin/cmake --install /home/ws/ugv_ws/build/rf2o_laser_odometry
[3.302s] Level 1:colcon.colcon_core.environment:create_environment_scripts_only(teb_msgs)
[3.303s] Level 1:colcon.colcon_core.environment:checking '/home/ws/ugv_ws/install/teb_msgs' for CMake module files
[3.308s] DEBUG:colcon.colcon_core.event_handler.log_command:Invoked command in '/home/ws/ugv_ws/build/teb_msgs' returned '0': CMAKE_PREFIX_PATH=/home/ws/ugv_ws/install/costmap_converter_msgs:/home/ws/ugv_ws/install/vizanti:/home/ws/ugv_ws/install/vizanti_server:/home/ws/ugv_ws/install/vizanti_demos:/home/ws/ugv_ws/install/vizanti_msgs:/home/ws/ugv_ws/install/vizanti_cpp:/home/ws/ugv_ws/install/ugv_slam:/home/ws/ugv_ws/install/ugv_nav:/home/ws/ugv_ws/install/ugv_interface:/home/ws/ugv_ws/install/ugv_gazebo:/home/ws/ugv_ws/install/ugv_description:/home/ws/ugv_ws/install/ugv_base_node:/home/ws/ugv_ws/install/teb_local_planner:/home/ws/ugv_ws/install/teb_msgs:/home/ws/ugv_ws/install/slam_gmapping:/home/ws/ugv_ws/install/robot_pose_publisher:/home/ws/ugv_ws/install/rf2o_laser_odometry:/home/ws/ugv_ws/install/openslam_gmapping:/home/ws/ugv_ws/install/ldlidar:/home/ws/ugv_ws/install/explore_lite:/home/ws/ugv_ws/install/emcl2:/home/ws/ugv_ws/install/costmap_converter:/home/ws/ugv_ws/install/cartographer:/home/ws/ugv_ws/install/apriltag_ros:/home/ws/ugv_ws/install/apriltag_msgs:/home/ws/ugv_ws/install/apriltag:/home/ws/ugv_ws/install/ugv_web_app:/home/ws/ugv_ws/install/ugv_vision:/home/ws/ugv_ws/install/ugv_tools:/home/ws/ugv_ws/install/ugv_chat_ai:/home/ws/ugv_ws/install/ugv_bringup:/opt/ros/humble LD_LIBRARY_PATH=/home/ws/ugv_ws/install/costmap_converter_msgs/lib:/home/ws/ugv_ws/install/vizanti_msgs/lib:/home/ws/ugv_ws/install/ugv_interface/lib:/home/ws/ugv_ws/install/teb_local_planner/lib:/home/ws/ugv_ws/install/teb_msgs/lib:/home/ws/ugv_ws/install/openslam_gmapping/lib:/home/ws/ugv_ws/install/costmap_converter/lib:/home/ws/ugv_ws/install/apriltag_ros/lib:/home/ws/ugv_ws/install/apriltag_msgs/lib:/home/ws/ugv_ws/install/apriltag/lib:/opt/ros/humble/opt/rviz_ogre_vendor/lib:/opt/ros/humble/lib/aarch64-linux-gnu:/opt/ros/humble/lib /usr/bin/cmake --install /home/ws/ugv_ws/build/teb_msgs
[3.311s] Level 1:colcon.colcon_core.environment:checking '/home/ws/ugv_ws/install/teb_msgs' for CMake config files
[3.311s] Level 1:colcon.colcon_core.shell:create_environment_hook('teb_msgs', 'cmake_prefix_path')
[3.312s] INFO:colcon.colcon_core.shell:Creating environment hook '/home/ws/ugv_ws/install/teb_msgs/share/teb_msgs/hook/cmake_prefix_path.ps1'
[3.313s] INFO:colcon.colcon_core.shell:Creating environment descriptor '/home/ws/ugv_ws/install/teb_msgs/share/teb_msgs/hook/cmake_prefix_path.dsv'
[3.314s] INFO:colcon.colcon_core.shell:Creating environment hook '/home/ws/ugv_ws/install/teb_msgs/share/teb_msgs/hook/cmake_prefix_path.sh'
[3.315s] Level 1:colcon.colcon_core.environment:checking '/home/ws/ugv_ws/install/teb_msgs/lib'
[3.315s] Level 1:colcon.colcon_core.shell:create_environment_hook('teb_msgs', 'ld_library_path_lib')
[3.315s] INFO:colcon.colcon_core.shell:Creating environment hook '/home/ws/ugv_ws/install/teb_msgs/share/teb_msgs/hook/ld_library_path_lib.ps1'
[3.316s] INFO:colcon.colcon_core.shell:Creating environment descriptor '/home/ws/ugv_ws/install/teb_msgs/share/teb_msgs/hook/ld_library_path_lib.dsv'
[3.317s] INFO:colcon.colcon_core.shell:Creating environment hook '/home/ws/ugv_ws/install/teb_msgs/share/teb_msgs/hook/ld_library_path_lib.sh'
[3.317s] Level 1:colcon.colcon_core.environment:checking '/home/ws/ugv_ws/install/teb_msgs/bin'
[3.318s] Level 1:colcon.colcon_core.environment:checking '/home/ws/ugv_ws/install/teb_msgs/lib/pkgconfig/teb_msgs.pc'
[3.318s] Level 1:colcon.colcon_core.environment:checking '/home/ws/ugv_ws/install/teb_msgs/lib/python3.10/site-packages'
[3.318s] Level 1:colcon.colcon_core.environment:checking '/home/ws/ugv_ws/install/teb_msgs/bin'
[3.319s] INFO:colcon.colcon_core.shell:Creating package script '/home/ws/ugv_ws/install/teb_msgs/share/teb_msgs/package.ps1'
[3.319s] INFO:colcon.colcon_core.shell:Creating package descriptor '/home/ws/ugv_ws/install/teb_msgs/share/teb_msgs/package.dsv'
[3.320s] INFO:colcon.colcon_core.shell:Creating package script '/home/ws/ugv_ws/install/teb_msgs/share/teb_msgs/package.sh'
[3.321s] INFO:colcon.colcon_core.shell:Creating package script '/home/ws/ugv_ws/install/teb_msgs/share/teb_msgs/package.bash'
[3.325s] INFO:colcon.colcon_core.shell:Creating package script '/home/ws/ugv_ws/install/teb_msgs/share/teb_msgs/package.zsh'
[3.325s] Level 1:colcon.colcon_core.environment:create_file_with_runtime_dependencies(/home/ws/ugv_ws/install/teb_msgs/share/colcon-core/packages/teb_msgs)
[3.328s] Level 1:colcon.colcon_core.environment:create_environment_scripts_only(ldlidar)
[3.328s] Level 1:colcon.colcon_core.environment:checking '/home/ws/ugv_ws/install/ldlidar' for CMake module files
[3.329s] Level 1:colcon.colcon_core.environment:checking '/home/ws/ugv_ws/install/ldlidar' for CMake config files
[3.330s] Level 1:colcon.colcon_core.shell:create_environment_hook('ldlidar', 'cmake_prefix_path')
[3.330s] INFO:colcon.colcon_core.shell:Creating environment hook '/home/ws/ugv_ws/install/ldlidar/share/ldlidar/hook/cmake_prefix_path.ps1'
[3.330s] INFO:colcon.colcon_core.shell:Creating environment descriptor '/home/ws/ugv_ws/install/ldlidar/share/ldlidar/hook/cmake_prefix_path.dsv'
[3.331s] INFO:colcon.colcon_core.shell:Creating environment hook '/home/ws/ugv_ws/install/ldlidar/share/ldlidar/hook/cmake_prefix_path.sh'
[3.332s] Level 1:colcon.colcon_core.environment:checking '/home/ws/ugv_ws/install/ldlidar/lib'
[3.332s] Level 1:colcon.colcon_core.environment:checking '/home/ws/ugv_ws/install/ldlidar/bin'
[3.332s] Level 1:colcon.colcon_core.environment:checking '/home/ws/ugv_ws/install/ldlidar/lib/pkgconfig/ldlidar.pc'
[3.333s] Level 1:colcon.colcon_core.environment:checking '/home/ws/ugv_ws/install/ldlidar/lib/python3.10/site-packages'
[3.333s] Level 1:colcon.colcon_core.environment:checking '/home/ws/ugv_ws/install/ldlidar/bin'
[3.333s] INFO:colcon.colcon_core.shell:Creating package script '/home/ws/ugv_ws/install/ldlidar/share/ldlidar/package.ps1'
[3.334s] INFO:colcon.colcon_core.shell:Creating package descriptor '/home/ws/ugv_ws/install/ldlidar/share/ldlidar/package.dsv'
[3.335s] INFO:colcon.colcon_core.shell:Creating package script '/home/ws/ugv_ws/install/ldlidar/share/ldlidar/package.sh'
[3.335s] INFO:colcon.colcon_core.shell:Creating package script '/home/ws/ugv_ws/install/ldlidar/share/ldlidar/package.bash'
[3.336s] INFO:colcon.colcon_core.shell:Creating package script '/home/ws/ugv_ws/install/ldlidar/share/ldlidar/package.zsh'
[3.337s] Level 1:colcon.colcon_core.environment:create_file_with_runtime_dependencies(/home/ws/ugv_ws/install/ldlidar/share/colcon-core/packages/ldlidar)
[3.338s] INFO:colcon.colcon_ros.task.ament_cmake.build:Building ROS package in '/home/ws/ugv_ws/src/ugv_main/ugv_base_node' with build type 'ament_cmake'
[3.338s] INFO:colcon.colcon_cmake.task.cmake.build:Building CMake package in '/home/ws/ugv_ws/src/ugv_main/ugv_base_node'
[3.338s] INFO:colcon.colcon_core.shell:Skip shell extension 'powershell' for command environment: Not usable outside of PowerShell
[3.338s] DEBUG:colcon.colcon_core.shell:Skip shell extension 'dsv' for command environment
[3.346s] Level 1:colcon.colcon_core.environment:create_environment_scripts_only(rf2o_laser_odometry)
[3.347s] Level 1:colcon.colcon_core.environment:checking '/home/ws/ugv_ws/install/rf2o_laser_odometry' for CMake module files
[3.348s] Level 1:colcon.colcon_core.environment:checking '/home/ws/ugv_ws/install/rf2o_laser_odometry' for CMake config files
[3.349s] DEBUG:colcon.colcon_core.event_handler.log_command:Invoked command in '/home/ws/ugv_ws/build/rf2o_laser_odometry' returned '0': CMAKE_PREFIX_PATH=${CMAKE_PREFIX_PATH}:/home/ws/ugv_ws/install/ugv_web_app:/home/ws/ugv_ws/install/ugv_vision:/home/ws/ugv_ws/install/ugv_tools:/home/ws/ugv_ws/install/ugv_chat_ai:/home/ws/ugv_ws/install/ugv_bringup:/opt/ros/humble /usr/bin/cmake --install /home/ws/ugv_ws/build/rf2o_laser_odometry
[3.349s] Level 1:colcon.colcon_core.shell:create_environment_hook('rf2o_laser_odometry', 'cmake_prefix_path')
[3.349s] INFO:colcon.colcon_core.shell:Creating environment hook '/home/ws/ugv_ws/install/rf2o_laser_odometry/share/rf2o_laser_odometry/hook/cmake_prefix_path.ps1'
[3.350s] INFO:colcon.colcon_core.shell:Creating environment descriptor '/home/ws/ugv_ws/install/rf2o_laser_odometry/share/rf2o_laser_odometry/hook/cmake_prefix_path.dsv'
[3.350s] INFO:colcon.colcon_core.shell:Creating environment hook '/home/ws/ugv_ws/install/rf2o_laser_odometry/share/rf2o_laser_odometry/hook/cmake_prefix_path.sh'
[3.351s] Level 1:colcon.colcon_core.environment:checking '/home/ws/ugv_ws/install/rf2o_laser_odometry/lib'
[3.352s] Level 1:colcon.colcon_core.environment:checking '/home/ws/ugv_ws/install/rf2o_laser_odometry/bin'
[3.352s] Level 1:colcon.colcon_core.environment:checking '/home/ws/ugv_ws/install/rf2o_laser_odometry/lib/pkgconfig/rf2o_laser_odometry.pc'
[3.352s] Level 1:colcon.colcon_core.environment:checking '/home/ws/ugv_ws/install/rf2o_laser_odometry/lib/python3.10/site-packages'
[3.352s] Level 1:colcon.colcon_core.environment:checking '/home/ws/ugv_ws/install/rf2o_laser_odometry/bin'
[3.353s] INFO:colcon.colcon_core.shell:Creating package script '/home/ws/ugv_ws/install/rf2o_laser_odometry/share/rf2o_laser_odometry/package.ps1'
[3.354s] INFO:colcon.colcon_core.shell:Creating package descriptor '/home/ws/ugv_ws/install/rf2o_laser_odometry/share/rf2o_laser_odometry/package.dsv'
[3.354s] INFO:colcon.colcon_core.shell:Creating package script '/home/ws/ugv_ws/install/rf2o_laser_odometry/share/rf2o_laser_odometry/package.sh'
[3.355s] INFO:colcon.colcon_core.shell:Creating package script '/home/ws/ugv_ws/install/rf2o_laser_odometry/share/rf2o_laser_odometry/package.bash'
[3.356s] INFO:colcon.colcon_core.shell:Creating package script '/home/ws/ugv_ws/install/rf2o_laser_odometry/share/rf2o_laser_odometry/package.zsh'
[3.356s] Level 1:colcon.colcon_core.environment:create_file_with_runtime_dependencies(/home/ws/ugv_ws/install/rf2o_laser_odometry/share/colcon-core/packages/rf2o_laser_odometry)
[3.362s] DEBUG:colcon.colcon_core.event_handler.log_command:Invoked command in '/home/ws/ugv_ws/build/robot_pose_publisher' returned '0': CMAKE_PREFIX_PATH=${CMAKE_PREFIX_PATH}:/home/ws/ugv_ws/install/ugv_web_app:/home/ws/ugv_ws/install/ugv_vision:/home/ws/ugv_ws/install/ugv_tools:/home/ws/ugv_ws/install/ugv_chat_ai:/home/ws/ugv_ws/install/ugv_bringup:/opt/ros/humble /usr/bin/cmake --build /home/ws/ugv_ws/build/robot_pose_publisher -- -j4 -l4
[3.371s] DEBUG:colcon.colcon_core.event_handler.log_command:Invoking command in '/home/ws/ugv_ws/build/ugv_base_node': CMAKE_PREFIX_PATH=${CMAKE_PREFIX_PATH}:/home/ws/ugv_ws/install/ugv_web_app:/home/ws/ugv_ws/install/ugv_vision:/home/ws/ugv_ws/install/ugv_tools:/home/ws/ugv_ws/install/ugv_chat_ai:/home/ws/ugv_ws/install/ugv_bringup:/opt/ros/humble /usr/bin/cmake --build /home/ws/ugv_ws/build/ugv_base_node -- -j4 -l4
[3.398s] DEBUG:colcon.colcon_core.event_handler.log_command:Invoking command in '/home/ws/ugv_ws/build/robot_pose_publisher': CMAKE_PREFIX_PATH=${CMAKE_PREFIX_PATH}:/home/ws/ugv_ws/install/ugv_web_app:/home/ws/ugv_ws/install/ugv_vision:/home/ws/ugv_ws/install/ugv_tools:/home/ws/ugv_ws/install/ugv_chat_ai:/home/ws/ugv_ws/install/ugv_bringup:/opt/ros/humble /usr/bin/cmake --install /home/ws/ugv_ws/build/robot_pose_publisher
[3.402s] Level 1:colcon.colcon_core.environment:create_environment_scripts_only(rf2o_laser_odometry)
[3.402s] Level 1:colcon.colcon_core.environment:checking '/home/ws/ugv_ws/install/rf2o_laser_odometry' for CMake module files
[3.403s] Level 1:colcon.colcon_core.environment:checking '/home/ws/ugv_ws/install/rf2o_laser_odometry' for CMake config files
[3.404s] Level 1:colcon.colcon_core.shell:create_environment_hook('rf2o_laser_odometry', 'cmake_prefix_path')
[3.405s] INFO:colcon.colcon_core.shell:Creating environment hook '/home/ws/ugv_ws/install/rf2o_laser_odometry/share/rf2o_laser_odometry/hook/cmake_prefix_path.ps1'
[3.409s] INFO:colcon.colcon_core.shell:Creating environment descriptor '/home/ws/ugv_ws/install/rf2o_laser_odometry/share/rf2o_laser_odometry/hook/cmake_prefix_path.dsv'
[3.410s] INFO:colcon.colcon_core.shell:Creating environment hook '/home/ws/ugv_ws/install/rf2o_laser_odometry/share/rf2o_laser_odometry/hook/cmake_prefix_path.sh'
[3.412s] Level 1:colcon.colcon_core.environment:checking '/home/ws/ugv_ws/install/rf2o_laser_odometry/lib'
[3.412s] Level 1:colcon.colcon_core.environment:checking '/home/ws/ugv_ws/install/rf2o_laser_odometry/bin'
[3.412s] Level 1:colcon.colcon_core.environment:checking '/home/ws/ugv_ws/install/rf2o_laser_odometry/lib/pkgconfig/rf2o_laser_odometry.pc'
[3.413s] Level 1:colcon.colcon_core.environment:checking '/home/ws/ugv_ws/install/rf2o_laser_odometry/lib/python3.10/site-packages'
[3.414s] Level 1:colcon.colcon_core.environment:checking '/home/ws/ugv_ws/install/rf2o_laser_odometry/bin'
[3.414s] INFO:colcon.colcon_core.shell:Creating package script '/home/ws/ugv_ws/install/rf2o_laser_odometry/share/rf2o_laser_odometry/package.ps1'
[3.415s] INFO:colcon.colcon_core.shell:Creating package descriptor '/home/ws/ugv_ws/install/rf2o_laser_odometry/share/rf2o_laser_odometry/package.dsv'
[3.417s] INFO:colcon.colcon_core.shell:Creating package script '/home/ws/ugv_ws/install/rf2o_laser_odometry/share/rf2o_laser_odometry/package.sh'
[3.418s] INFO:colcon.colcon_core.shell:Creating package script '/home/ws/ugv_ws/install/rf2o_laser_odometry/share/rf2o_laser_odometry/package.bash'
[3.418s] INFO:colcon.colcon_core.shell:Creating package script '/home/ws/ugv_ws/install/rf2o_laser_odometry/share/rf2o_laser_odometry/package.zsh'
[3.419s] Level 1:colcon.colcon_core.environment:create_file_with_runtime_dependencies(/home/ws/ugv_ws/install/rf2o_laser_odometry/share/colcon-core/packages/rf2o_laser_odometry)
[3.421s] INFO:colcon.colcon_ros.task.ament_cmake.build:Building ROS package in '/home/ws/ugv_ws/src/ugv_main/ugv_interface' with build type 'ament_cmake'
[3.422s] INFO:colcon.colcon_cmake.task.cmake.build:Building CMake package in '/home/ws/ugv_ws/src/ugv_main/ugv_interface'
[3.422s] INFO:colcon.colcon_core.shell:Skip shell extension 'powershell' for command environment: Not usable outside of PowerShell
[3.422s] DEBUG:colcon.colcon_core.shell:Skip shell extension 'dsv' for command environment
[3.434s] Level 1:colcon.colcon_core.environment:create_environment_scripts_only(robot_pose_publisher)
[3.435s] Level 1:colcon.colcon_core.environment:checking '/home/ws/ugv_ws/install/robot_pose_publisher' for CMake module files
[3.435s] Level 1:colcon.colcon_core.environment:checking '/home/ws/ugv_ws/install/robot_pose_publisher' for CMake config files
[3.436s] Level 1:colcon.colcon_core.shell:create_environment_hook('robot_pose_publisher', 'cmake_prefix_path')
[3.436s] INFO:colcon.colcon_core.shell:Creating environment hook '/home/ws/ugv_ws/install/robot_pose_publisher/share/robot_pose_publisher/hook/cmake_prefix_path.ps1'
[3.437s] DEBUG:colcon.colcon_core.event_handler.log_command:Invoked command in '/home/ws/ugv_ws/build/robot_pose_publisher' returned '0': CMAKE_PREFIX_PATH=${CMAKE_PREFIX_PATH}:/home/ws/ugv_ws/install/ugv_web_app:/home/ws/ugv_ws/install/ugv_vision:/home/ws/ugv_ws/install/ugv_tools:/home/ws/ugv_ws/install/ugv_chat_ai:/home/ws/ugv_ws/install/ugv_bringup:/opt/ros/humble /usr/bin/cmake --install /home/ws/ugv_ws/build/robot_pose_publisher
[3.438s] INFO:colcon.colcon_core.shell:Creating environment descriptor '/home/ws/ugv_ws/install/robot_pose_publisher/share/robot_pose_publisher/hook/cmake_prefix_path.dsv'
[3.439s] INFO:colcon.colcon_core.shell:Creating environment hook '/home/ws/ugv_ws/install/robot_pose_publisher/share/robot_pose_publisher/hook/cmake_prefix_path.sh'
[3.440s] Level 1:colcon.colcon_core.environment:checking '/home/ws/ugv_ws/install/robot_pose_publisher/lib'
[3.441s] Level 1:colcon.colcon_core.environment:checking '/home/ws/ugv_ws/install/robot_pose_publisher/bin'
[3.441s] Level 1:colcon.colcon_core.environment:checking '/home/ws/ugv_ws/install/robot_pose_publisher/lib/pkgconfig/robot_pose_publisher.pc'
[3.442s] Level 1:colcon.colcon_core.environment:checking '/home/ws/ugv_ws/install/robot_pose_publisher/lib/python3.10/site-packages'
[3.442s] Level 1:colcon.colcon_core.environment:checking '/home/ws/ugv_ws/install/robot_pose_publisher/bin'
[3.443s] INFO:colcon.colcon_core.shell:Creating package script '/home/ws/ugv_ws/install/robot_pose_publisher/share/robot_pose_publisher/package.ps1'
[3.444s] INFO:colcon.colcon_core.shell:Creating package descriptor '/home/ws/ugv_ws/install/robot_pose_publisher/share/robot_pose_publisher/package.dsv'
[3.445s] INFO:colcon.colcon_core.shell:Creating package script '/home/ws/ugv_ws/install/robot_pose_publisher/share/robot_pose_publisher/package.sh'
[3.446s] INFO:colcon.colcon_core.shell:Creating package script '/home/ws/ugv_ws/install/robot_pose_publisher/share/robot_pose_publisher/package.bash'
[3.447s] INFO:colcon.colcon_core.shell:Creating package script '/home/ws/ugv_ws/install/robot_pose_publisher/share/robot_pose_publisher/package.zsh'
[3.449s] Level 1:colcon.colcon_core.environment:create_file_with_runtime_dependencies(/home/ws/ugv_ws/install/robot_pose_publisher/share/colcon-core/packages/robot_pose_publisher)
[3.460s] Level 1:colcon.colcon_core.environment:create_environment_scripts_only(teb_msgs)
[3.460s] Level 1:colcon.colcon_core.environment:checking '/home/ws/ugv_ws/install/teb_msgs' for CMake module files
[3.465s] DEBUG:colcon.colcon_core.event_handler.log_command:Invoking command in '/home/ws/ugv_ws/build/ugv_interface': CMAKE_PREFIX_PATH=${CMAKE_PREFIX_PATH}:/home/ws/ugv_ws/install/ugv_web_app:/home/ws/ugv_ws/install/ugv_vision:/home/ws/ugv_ws/install/ugv_tools:/home/ws/ugv_ws/install/ugv_chat_ai:/home/ws/ugv_ws/install/ugv_bringup:/opt/ros/humble /usr/bin/cmake --build /home/ws/ugv_ws/build/ugv_interface -- -j4 -l4
[3.467s] Level 1:colcon.colcon_core.environment:checking '/home/ws/ugv_ws/install/teb_msgs' for CMake config files
[3.467s] Level 1:colcon.colcon_core.shell:create_environment_hook('teb_msgs', 'cmake_prefix_path')
[3.468s] INFO:colcon.colcon_core.shell:Creating environment hook '/home/ws/ugv_ws/install/teb_msgs/share/teb_msgs/hook/cmake_prefix_path.ps1'
[3.470s] INFO:colcon.colcon_core.shell:Creating environment descriptor '/home/ws/ugv_ws/install/teb_msgs/share/teb_msgs/hook/cmake_prefix_path.dsv'
[3.474s] INFO:colcon.colcon_core.shell:Creating environment hook '/home/ws/ugv_ws/install/teb_msgs/share/teb_msgs/hook/cmake_prefix_path.sh'
[3.481s] Level 1:colcon.colcon_core.environment:checking '/home/ws/ugv_ws/install/teb_msgs/lib'
[3.481s] Level 1:colcon.colcon_core.shell:create_environment_hook('teb_msgs', 'ld_library_path_lib')
[3.482s] INFO:colcon.colcon_core.shell:Creating environment hook '/home/ws/ugv_ws/install/teb_msgs/share/teb_msgs/hook/ld_library_path_lib.ps1'
[3.483s] INFO:colcon.colcon_core.shell:Creating environment descriptor '/home/ws/ugv_ws/install/teb_msgs/share/teb_msgs/hook/ld_library_path_lib.dsv'
[3.483s] INFO:colcon.colcon_core.shell:Creating environment hook '/home/ws/ugv_ws/install/teb_msgs/share/teb_msgs/hook/ld_library_path_lib.sh'
[3.484s] Level 1:colcon.colcon_core.environment:checking '/home/ws/ugv_ws/install/teb_msgs/bin'
[3.485s] Level 1:colcon.colcon_core.environment:checking '/home/ws/ugv_ws/install/teb_msgs/lib/pkgconfig/teb_msgs.pc'
[3.485s] Level 1:colcon.colcon_core.environment:checking '/home/ws/ugv_ws/install/teb_msgs/lib/python3.10/site-packages'
[3.486s] Level 1:colcon.colcon_core.environment:checking '/home/ws/ugv_ws/install/teb_msgs/bin'
[3.486s] INFO:colcon.colcon_core.shell:Creating package script '/home/ws/ugv_ws/install/teb_msgs/share/teb_msgs/package.ps1'
[3.487s] INFO:colcon.colcon_core.shell:Creating package descriptor '/home/ws/ugv_ws/install/teb_msgs/share/teb_msgs/package.dsv'
[3.488s] INFO:colcon.colcon_core.shell:Creating package script '/home/ws/ugv_ws/install/teb_msgs/share/teb_msgs/package.sh'
[3.488s] INFO:colcon.colcon_core.shell:Creating package script '/home/ws/ugv_ws/install/teb_msgs/share/teb_msgs/package.bash'
[3.489s] INFO:colcon.colcon_core.shell:Creating package script '/home/ws/ugv_ws/install/teb_msgs/share/teb_msgs/package.zsh'
[3.490s] Level 1:colcon.colcon_core.environment:create_file_with_runtime_dependencies(/home/ws/ugv_ws/install/teb_msgs/share/colcon-core/packages/teb_msgs)
[3.491s] INFO:colcon.colcon_ros.task.ament_cmake.build:Building ROS package in '/home/ws/ugv_ws/src/ugv_else/vizanti/vizanti_cpp' with build type 'ament_cmake'
[3.491s] INFO:colcon.colcon_cmake.task.cmake.build:Building CMake package in '/home/ws/ugv_ws/src/ugv_else/vizanti/vizanti_cpp'
[3.492s] INFO:colcon.colcon_core.shell:Skip shell extension 'powershell' for command environment: Not usable outside of PowerShell
[3.492s] DEBUG:colcon.colcon_core.shell:Skip shell extension 'dsv' for command environment
[3.500s] Level 1:colcon.colcon_core.environment:create_environment_scripts_only(robot_pose_publisher)
[3.500s] Level 1:colcon.colcon_core.environment:checking '/home/ws/ugv_ws/install/robot_pose_publisher' for CMake module files
[3.501s] Level 1:colcon.colcon_core.environment:checking '/home/ws/ugv_ws/install/robot_pose_publisher' for CMake config files
[3.502s] Level 1:colcon.colcon_core.shell:create_environment_hook('robot_pose_publisher', 'cmake_prefix_path')
[3.502s] INFO:colcon.colcon_core.shell:Creating environment hook '/home/ws/ugv_ws/install/robot_pose_publisher/share/robot_pose_publisher/hook/cmake_prefix_path.ps1'
[3.503s] INFO:colcon.colcon_core.shell:Creating environment descriptor '/home/ws/ugv_ws/install/robot_pose_publisher/share/robot_pose_publisher/hook/cmake_prefix_path.dsv'
[3.503s] INFO:colcon.colcon_core.shell:Creating environment hook '/home/ws/ugv_ws/install/robot_pose_publisher/share/robot_pose_publisher/hook/cmake_prefix_path.sh'
[3.504s] Level 1:colcon.colcon_core.environment:checking '/home/ws/ugv_ws/install/robot_pose_publisher/lib'
[3.504s] Level 1:colcon.colcon_core.environment:checking '/home/ws/ugv_ws/install/robot_pose_publisher/bin'
[3.504s] Level 1:colcon.colcon_core.environment:checking '/home/ws/ugv_ws/install/robot_pose_publisher/lib/pkgconfig/robot_pose_publisher.pc'
[3.505s] Level 1:colcon.colcon_core.environment:checking '/home/ws/ugv_ws/install/robot_pose_publisher/lib/python3.10/site-packages'
[3.505s] Level 1:colcon.colcon_core.environment:checking '/home/ws/ugv_ws/install/robot_pose_publisher/bin'
[3.506s] INFO:colcon.colcon_core.shell:Creating package script '/home/ws/ugv_ws/install/robot_pose_publisher/share/robot_pose_publisher/package.ps1'
[3.507s] INFO:colcon.colcon_core.shell:Creating package descriptor '/home/ws/ugv_ws/install/robot_pose_publisher/share/robot_pose_publisher/package.dsv'
[3.508s] INFO:colcon.colcon_core.shell:Creating package script '/home/ws/ugv_ws/install/robot_pose_publisher/share/robot_pose_publisher/package.sh'
[3.558s] INFO:colcon.colcon_core.shell:Creating package script '/home/ws/ugv_ws/install/robot_pose_publisher/share/robot_pose_publisher/package.bash'
[3.565s] INFO:colcon.colcon_core.shell:Creating package script '/home/ws/ugv_ws/install/robot_pose_publisher/share/robot_pose_publisher/package.zsh'
[3.569s] Level 1:colcon.colcon_core.environment:create_file_with_runtime_dependencies(/home/ws/ugv_ws/install/robot_pose_publisher/share/colcon-core/packages/robot_pose_publisher)
[3.570s] INFO:colcon.colcon_ros.task.ament_cmake.build:Building ROS package in '/home/ws/ugv_ws/src/ugv_else/apriltag_ros/apriltag_ros' with build type 'ament_cmake'
[3.570s] INFO:colcon.colcon_cmake.task.cmake.build:Building CMake package in '/home/ws/ugv_ws/src/ugv_else/apriltag_ros/apriltag_ros'
[3.571s] INFO:colcon.colcon_core.shell:Skip shell extension 'powershell' for command environment: Not usable outside of PowerShell
[3.571s] DEBUG:colcon.colcon_core.shell:Skip shell extension 'dsv' for command environment
[3.590s] DEBUG:colcon.colcon_core.event_handler.log_command:Invoked command in '/home/ws/ugv_ws/build/ugv_base_node' returned '0': CMAKE_PREFIX_PATH=${CMAKE_PREFIX_PATH}:/home/ws/ugv_ws/install/ugv_web_app:/home/ws/ugv_ws/install/ugv_vision:/home/ws/ugv_ws/install/ugv_tools:/home/ws/ugv_ws/install/ugv_chat_ai:/home/ws/ugv_ws/install/ugv_bringup:/opt/ros/humble /usr/bin/cmake --build /home/ws/ugv_ws/build/ugv_base_node -- -j4 -l4
[3.604s] DEBUG:colcon.colcon_core.event_handler.log_command:Invoking command in '/home/ws/ugv_ws/build/vizanti_cpp': CMAKE_PREFIX_PATH=${CMAKE_PREFIX_PATH}:/home/ws/ugv_ws/install/ugv_web_app:/home/ws/ugv_ws/install/ugv_vision:/home/ws/ugv_ws/install/ugv_tools:/home/ws/ugv_ws/install/ugv_chat_ai:/home/ws/ugv_ws/install/ugv_bringup:/opt/ros/humble /usr/bin/cmake --build /home/ws/ugv_ws/build/vizanti_cpp -- -j4 -l4
[3.637s] DEBUG:colcon.colcon_core.event_handler.log_command:Invoking command in '/home/ws/ugv_ws/build/apriltag_ros': CMAKE_PREFIX_PATH=/home/ws/ugv_ws/install/apriltag_msgs:/home/ws/ugv_ws/install/apriltag:/home/ws/ugv_ws/install/vizanti:/home/ws/ugv_ws/install/vizanti_server:/home/ws/ugv_ws/install/vizanti_demos:/home/ws/ugv_ws/install/vizanti_msgs:/home/ws/ugv_ws/install/vizanti_cpp:/home/ws/ugv_ws/install/ugv_slam:/home/ws/ugv_ws/install/ugv_nav:/home/ws/ugv_ws/install/ugv_interface:/home/ws/ugv_ws/install/ugv_gazebo:/home/ws/ugv_ws/install/ugv_description:/home/ws/ugv_ws/install/ugv_base_node:/home/ws/ugv_ws/install/teb_local_planner:/home/ws/ugv_ws/install/teb_msgs:/home/ws/ugv_ws/install/slam_gmapping:/home/ws/ugv_ws/install/robot_pose_publisher:/home/ws/ugv_ws/install/rf2o_laser_odometry:/home/ws/ugv_ws/install/openslam_gmapping:/home/ws/ugv_ws/install/ldlidar:/home/ws/ugv_ws/install/explore_lite:/home/ws/ugv_ws/install/emcl2:/home/ws/ugv_ws/install/costmap_converter:/home/ws/ugv_ws/install/costmap_converter_msgs:/home/ws/ugv_ws/install/cartographer:/home/ws/ugv_ws/install/apriltag_ros:/home/ws/ugv_ws/install/ugv_web_app:/home/ws/ugv_ws/install/ugv_vision:/home/ws/ugv_ws/install/ugv_tools:/home/ws/ugv_ws/install/ugv_chat_ai:/home/ws/ugv_ws/install/ugv_bringup:/opt/ros/humble LD_LIBRARY_PATH=/home/ws/ugv_ws/install/apriltag_msgs/lib:/home/ws/ugv_ws/install/apriltag/lib:/home/ws/ugv_ws/install/vizanti_msgs/lib:/home/ws/ugv_ws/install/ugv_interface/lib:/home/ws/ugv_ws/install/teb_local_planner/lib:/home/ws/ugv_ws/install/teb_msgs/lib:/home/ws/ugv_ws/install/openslam_gmapping/lib:/home/ws/ugv_ws/install/costmap_converter/lib:/home/ws/ugv_ws/install/costmap_converter_msgs/lib:/home/ws/ugv_ws/install/apriltag_ros/lib:/opt/ros/humble/opt/rviz_ogre_vendor/lib:/opt/ros/humble/lib/aarch64-linux-gnu:/opt/ros/humble/lib PATH=/home/ws/ugv_ws/install/apriltag/bin:/home/ws/ugv_ws/install/costmap_converter/bin:/home/ws/ugv_ws/install/apriltag_ros/bin:/opt/ros/humble/bin:/usr/local/sbin:/usr/local/bin:/usr/sbin:/usr/bin:/sbin:/bin:/usr/games:/usr/local/games:/snap/bin PYTHONPATH=/home/ws/ugv_ws/install/apriltag/lib/python3.10/site-packages:/home/ws/ugv_ws/install/vizanti_msgs/local/lib/python3.10/dist-packages:/home/ws/ugv_ws/build/ugv_web_app:/home/ws/ugv_ws/install/ugv_web_app/lib/python3.10/site-packages:/home/ws/ugv_ws/build/ugv_vision:/home/ws/ugv_ws/install/ugv_vision/lib/python3.10/site-packages:/home/ws/ugv_ws/build/ugv_tools:/home/ws/ugv_ws/install/ugv_tools/lib/python3.10/site-packages:/home/ws/ugv_ws/install/ugv_interface/local/lib/python3.10/dist-packages:/home/ws/ugv_ws/build/ugv_chat_ai:/home/ws/ugv_ws/install/ugv_chat_ai/lib/python3.10/site-packages:/home/ws/ugv_ws/build/ugv_bringup:/home/ws/ugv_ws/install/ugv_bringup/lib/python3.10/site-packages:/home/ws/ugv_ws/install/teb_msgs/local/lib/python3.10/dist-packages:/home/ws/ugv_ws/install/costmap_converter_msgs/local/lib/python3.10/dist-packages:/home/ws/ugv_ws/install/apriltag_msgs/local/lib/python3.10/dist-packages:/opt/ros/humble/lib/python3.10/site-packages:/opt/ros/humble/local/lib/python3.10/dist-packages /usr/bin/cmake --build /home/ws/ugv_ws/build/apriltag_ros -- -j4 -l4
[3.669s] DEBUG:colcon.colcon_core.event_handler.log_command:Invoking command in '/home/ws/ugv_ws/build/ugv_base_node': CMAKE_PREFIX_PATH=${CMAKE_PREFIX_PATH}:/home/ws/ugv_ws/install/ugv_web_app:/home/ws/ugv_ws/install/ugv_vision:/home/ws/ugv_ws/install/ugv_tools:/home/ws/ugv_ws/install/ugv_chat_ai:/home/ws/ugv_ws/install/ugv_bringup:/opt/ros/humble /usr/bin/cmake --install /home/ws/ugv_ws/build/ugv_base_node
[3.686s] Level 1:colcon.colcon_core.environment:create_environment_scripts_only(ugv_base_node)
[3.687s] Level 1:colcon.colcon_core.environment:checking '/home/ws/ugv_ws/install/ugv_base_node' for CMake module files
[3.688s] Level 1:colcon.colcon_core.environment:checking '/home/ws/ugv_ws/install/ugv_base_node' for CMake config files
[3.691s] DEBUG:colcon.colcon_core.event_handler.log_command:Invoked command in '/home/ws/ugv_ws/build/ugv_base_node' returned '0': CMAKE_PREFIX_PATH=${CMAKE_PREFIX_PATH}:/home/ws/ugv_ws/install/ugv_web_app:/home/ws/ugv_ws/install/ugv_vision:/home/ws/ugv_ws/install/ugv_tools:/home/ws/ugv_ws/install/ugv_chat_ai:/home/ws/ugv_ws/install/ugv_bringup:/opt/ros/humble /usr/bin/cmake --install /home/ws/ugv_ws/build/ugv_base_node
[3.691s] Level 1:colcon.colcon_core.shell:create_environment_hook('ugv_base_node', 'cmake_prefix_path')
[3.692s] INFO:colcon.colcon_core.shell:Creating environment hook '/home/ws/ugv_ws/install/ugv_base_node/share/ugv_base_node/hook/cmake_prefix_path.ps1'
[3.693s] INFO:colcon.colcon_core.shell:Creating environment descriptor '/home/ws/ugv_ws/install/ugv_base_node/share/ugv_base_node/hook/cmake_prefix_path.dsv'
[3.693s] INFO:colcon.colcon_core.shell:Creating environment hook '/home/ws/ugv_ws/install/ugv_base_node/share/ugv_base_node/hook/cmake_prefix_path.sh'
[3.695s] Level 1:colcon.colcon_core.environment:checking '/home/ws/ugv_ws/install/ugv_base_node/lib'
[3.695s] Level 1:colcon.colcon_core.environment:checking '/home/ws/ugv_ws/install/ugv_base_node/bin'
[3.695s] Level 1:colcon.colcon_core.environment:checking '/home/ws/ugv_ws/install/ugv_base_node/lib/pkgconfig/ugv_base_node.pc'
[3.695s] Level 1:colcon.colcon_core.environment:checking '/home/ws/ugv_ws/install/ugv_base_node/lib/python3.10/site-packages'
[3.696s] Level 1:colcon.colcon_core.environment:checking '/home/ws/ugv_ws/install/ugv_base_node/bin'
[3.696s] INFO:colcon.colcon_core.shell:Creating package script '/home/ws/ugv_ws/install/ugv_base_node/share/ugv_base_node/package.ps1'
[3.697s] INFO:colcon.colcon_core.shell:Creating package descriptor '/home/ws/ugv_ws/install/ugv_base_node/share/ugv_base_node/package.dsv'
[3.698s] INFO:colcon.colcon_core.shell:Creating package script '/home/ws/ugv_ws/install/ugv_base_node/share/ugv_base_node/package.sh'
[3.704s] INFO:colcon.colcon_core.shell:Creating package script '/home/ws/ugv_ws/install/ugv_base_node/share/ugv_base_node/package.bash'
[3.706s] INFO:colcon.colcon_core.shell:Creating package script '/home/ws/ugv_ws/install/ugv_base_node/share/ugv_base_node/package.zsh'
[3.707s] Level 1:colcon.colcon_core.environment:create_file_with_runtime_dependencies(/home/ws/ugv_ws/install/ugv_base_node/share/colcon-core/packages/ugv_base_node)
[3.775s] DEBUG:colcon.colcon_core.event_handler.log_command:Invoked command in '/home/ws/ugv_ws/build/vizanti_cpp' returned '0': CMAKE_PREFIX_PATH=${CMAKE_PREFIX_PATH}:/home/ws/ugv_ws/install/ugv_web_app:/home/ws/ugv_ws/install/ugv_vision:/home/ws/ugv_ws/install/ugv_tools:/home/ws/ugv_ws/install/ugv_chat_ai:/home/ws/ugv_ws/install/ugv_bringup:/opt/ros/humble /usr/bin/cmake --build /home/ws/ugv_ws/build/vizanti_cpp -- -j4 -l4
[3.788s] Level 1:colcon.colcon_core.environment:create_environment_scripts_only(ugv_base_node)
[3.788s] Level 1:colcon.colcon_core.environment:checking '/home/ws/ugv_ws/install/ugv_base_node' for CMake module files
[3.789s] Level 1:colcon.colcon_core.environment:checking '/home/ws/ugv_ws/install/ugv_base_node' for CMake config files
[3.790s] Level 1:colcon.colcon_core.shell:create_environment_hook('ugv_base_node', 'cmake_prefix_path')
[3.790s] INFO:colcon.colcon_core.shell:Creating environment hook '/home/ws/ugv_ws/install/ugv_base_node/share/ugv_base_node/hook/cmake_prefix_path.ps1'
[3.791s] INFO:colcon.colcon_core.shell:Creating environment descriptor '/home/ws/ugv_ws/install/ugv_base_node/share/ugv_base_node/hook/cmake_prefix_path.dsv'
[3.792s] INFO:colcon.colcon_core.shell:Creating environment hook '/home/ws/ugv_ws/install/ugv_base_node/share/ugv_base_node/hook/cmake_prefix_path.sh'
[3.794s] Level 1:colcon.colcon_core.environment:checking '/home/ws/ugv_ws/install/ugv_base_node/lib'
[3.794s] Level 1:colcon.colcon_core.environment:checking '/home/ws/ugv_ws/install/ugv_base_node/bin'
[3.794s] Level 1:colcon.colcon_core.environment:checking '/home/ws/ugv_ws/install/ugv_base_node/lib/pkgconfig/ugv_base_node.pc'
[3.794s] Level 1:colcon.colcon_core.environment:checking '/home/ws/ugv_ws/install/ugv_base_node/lib/python3.10/site-packages'
[3.795s] Level 1:colcon.colcon_core.environment:checking '/home/ws/ugv_ws/install/ugv_base_node/bin'
[3.796s] INFO:colcon.colcon_core.shell:Creating package script '/home/ws/ugv_ws/install/ugv_base_node/share/ugv_base_node/package.ps1'
[3.797s] INFO:colcon.colcon_core.shell:Creating package descriptor '/home/ws/ugv_ws/install/ugv_base_node/share/ugv_base_node/package.dsv'
[3.798s] INFO:colcon.colcon_core.shell:Creating package script '/home/ws/ugv_ws/install/ugv_base_node/share/ugv_base_node/package.sh'
[3.799s] INFO:colcon.colcon_core.shell:Creating package script '/home/ws/ugv_ws/install/ugv_base_node/share/ugv_base_node/package.bash'
[3.800s] INFO:colcon.colcon_core.shell:Creating package script '/home/ws/ugv_ws/install/ugv_base_node/share/ugv_base_node/package.zsh'
[3.802s] Level 1:colcon.colcon_core.environment:create_file_with_runtime_dependencies(/home/ws/ugv_ws/install/ugv_base_node/share/colcon-core/packages/ugv_base_node)
[3.803s] INFO:colcon.colcon_ros.task.ament_cmake.build:Building ROS package in '/home/ws/ugv_ws/src/ugv_else/gmapping/slam_gmapping' with build type 'ament_cmake'
[3.803s] INFO:colcon.colcon_cmake.task.cmake.build:Building CMake package in '/home/ws/ugv_ws/src/ugv_else/gmapping/slam_gmapping'
[3.804s] INFO:colcon.colcon_core.shell:Skip shell extension 'powershell' for command environment: Not usable outside of PowerShell
[3.804s] DEBUG:colcon.colcon_core.shell:Skip shell extension 'dsv' for command environment
[3.824s] DEBUG:colcon.colcon_core.event_handler.log_command:Invoked command in '/home/ws/ugv_ws/build/apriltag_ros' returned '0': CMAKE_PREFIX_PATH=/home/ws/ugv_ws/install/apriltag_msgs:/home/ws/ugv_ws/install/apriltag:/home/ws/ugv_ws/install/vizanti:/home/ws/ugv_ws/install/vizanti_server:/home/ws/ugv_ws/install/vizanti_demos:/home/ws/ugv_ws/install/vizanti_msgs:/home/ws/ugv_ws/install/vizanti_cpp:/home/ws/ugv_ws/install/ugv_slam:/home/ws/ugv_ws/install/ugv_nav:/home/ws/ugv_ws/install/ugv_interface:/home/ws/ugv_ws/install/ugv_gazebo:/home/ws/ugv_ws/install/ugv_description:/home/ws/ugv_ws/install/ugv_base_node:/home/ws/ugv_ws/install/teb_local_planner:/home/ws/ugv_ws/install/teb_msgs:/home/ws/ugv_ws/install/slam_gmapping:/home/ws/ugv_ws/install/robot_pose_publisher:/home/ws/ugv_ws/install/rf2o_laser_odometry:/home/ws/ugv_ws/install/openslam_gmapping:/home/ws/ugv_ws/install/ldlidar:/home/ws/ugv_ws/install/explore_lite:/home/ws/ugv_ws/install/emcl2:/home/ws/ugv_ws/install/costmap_converter:/home/ws/ugv_ws/install/costmap_converter_msgs:/home/ws/ugv_ws/install/cartographer:/home/ws/ugv_ws/install/apriltag_ros:/home/ws/ugv_ws/install/ugv_web_app:/home/ws/ugv_ws/install/ugv_vision:/home/ws/ugv_ws/install/ugv_tools:/home/ws/ugv_ws/install/ugv_chat_ai:/home/ws/ugv_ws/install/ugv_bringup:/opt/ros/humble LD_LIBRARY_PATH=/home/ws/ugv_ws/install/apriltag_msgs/lib:/home/ws/ugv_ws/install/apriltag/lib:/home/ws/ugv_ws/install/vizanti_msgs/lib:/home/ws/ugv_ws/install/ugv_interface/lib:/home/ws/ugv_ws/install/teb_local_planner/lib:/home/ws/ugv_ws/install/teb_msgs/lib:/home/ws/ugv_ws/install/openslam_gmapping/lib:/home/ws/ugv_ws/install/costmap_converter/lib:/home/ws/ugv_ws/install/costmap_converter_msgs/lib:/home/ws/ugv_ws/install/apriltag_ros/lib:/opt/ros/humble/opt/rviz_ogre_vendor/lib:/opt/ros/humble/lib/aarch64-linux-gnu:/opt/ros/humble/lib PATH=/home/ws/ugv_ws/install/apriltag/bin:/home/ws/ugv_ws/install/costmap_converter/bin:/home/ws/ugv_ws/install/apriltag_ros/bin:/opt/ros/humble/bin:/usr/local/sbin:/usr/local/bin:/usr/sbin:/usr/bin:/sbin:/bin:/usr/games:/usr/local/games:/snap/bin PYTHONPATH=/home/ws/ugv_ws/install/apriltag/lib/python3.10/site-packages:/home/ws/ugv_ws/install/vizanti_msgs/local/lib/python3.10/dist-packages:/home/ws/ugv_ws/build/ugv_web_app:/home/ws/ugv_ws/install/ugv_web_app/lib/python3.10/site-packages:/home/ws/ugv_ws/build/ugv_vision:/home/ws/ugv_ws/install/ugv_vision/lib/python3.10/site-packages:/home/ws/ugv_ws/build/ugv_tools:/home/ws/ugv_ws/install/ugv_tools/lib/python3.10/site-packages:/home/ws/ugv_ws/install/ugv_interface/local/lib/python3.10/dist-packages:/home/ws/ugv_ws/build/ugv_chat_ai:/home/ws/ugv_ws/install/ugv_chat_ai/lib/python3.10/site-packages:/home/ws/ugv_ws/build/ugv_bringup:/home/ws/ugv_ws/install/ugv_bringup/lib/python3.10/site-packages:/home/ws/ugv_ws/install/teb_msgs/local/lib/python3.10/dist-packages:/home/ws/ugv_ws/install/costmap_converter_msgs/local/lib/python3.10/dist-packages:/home/ws/ugv_ws/install/apriltag_msgs/local/lib/python3.10/dist-packages:/opt/ros/humble/lib/python3.10/site-packages:/opt/ros/humble/local/lib/python3.10/dist-packages /usr/bin/cmake --build /home/ws/ugv_ws/build/apriltag_ros -- -j4 -l4
[3.841s] DEBUG:colcon.colcon_core.event_handler.log_command:Invoking command in '/home/ws/ugv_ws/build/slam_gmapping': CMAKE_PREFIX_PATH=/home/ws/ugv_ws/install/openslam_gmapping:/home/ws/ugv_ws/install/vizanti:/home/ws/ugv_ws/install/vizanti_server:/home/ws/ugv_ws/install/vizanti_demos:/home/ws/ugv_ws/install/vizanti_msgs:/home/ws/ugv_ws/install/vizanti_cpp:/home/ws/ugv_ws/install/ugv_slam:/home/ws/ugv_ws/install/ugv_nav:/home/ws/ugv_ws/install/ugv_interface:/home/ws/ugv_ws/install/ugv_gazebo:/home/ws/ugv_ws/install/ugv_description:/home/ws/ugv_ws/install/ugv_base_node:/home/ws/ugv_ws/install/teb_local_planner:/home/ws/ugv_ws/install/teb_msgs:/home/ws/ugv_ws/install/slam_gmapping:/home/ws/ugv_ws/install/robot_pose_publisher:/home/ws/ugv_ws/install/rf2o_laser_odometry:/home/ws/ugv_ws/install/ldlidar:/home/ws/ugv_ws/install/explore_lite:/home/ws/ugv_ws/install/emcl2:/home/ws/ugv_ws/install/costmap_converter:/home/ws/ugv_ws/install/costmap_converter_msgs:/home/ws/ugv_ws/install/cartographer:/home/ws/ugv_ws/install/apriltag_ros:/home/ws/ugv_ws/install/apriltag_msgs:/home/ws/ugv_ws/install/apriltag:/home/ws/ugv_ws/install/ugv_web_app:/home/ws/ugv_ws/install/ugv_vision:/home/ws/ugv_ws/install/ugv_tools:/home/ws/ugv_ws/install/ugv_chat_ai:/home/ws/ugv_ws/install/ugv_bringup:/opt/ros/humble /usr/bin/cmake --build /home/ws/ugv_ws/build/slam_gmapping -- -j4 -l4
[3.863s] DEBUG:colcon.colcon_core.event_handler.log_command:Invoking command in '/home/ws/ugv_ws/build/vizanti_cpp': CMAKE_PREFIX_PATH=${CMAKE_PREFIX_PATH}:/home/ws/ugv_ws/install/ugv_web_app:/home/ws/ugv_ws/install/ugv_vision:/home/ws/ugv_ws/install/ugv_tools:/home/ws/ugv_ws/install/ugv_chat_ai:/home/ws/ugv_ws/install/ugv_bringup:/opt/ros/humble /usr/bin/cmake --install /home/ws/ugv_ws/build/vizanti_cpp
[3.886s] DEBUG:colcon.colcon_core.event_handler.log_command:Invoking command in '/home/ws/ugv_ws/build/apriltag_ros': CMAKE_PREFIX_PATH=/home/ws/ugv_ws/install/apriltag_msgs:/home/ws/ugv_ws/install/apriltag:/home/ws/ugv_ws/install/vizanti:/home/ws/ugv_ws/install/vizanti_server:/home/ws/ugv_ws/install/vizanti_demos:/home/ws/ugv_ws/install/vizanti_msgs:/home/ws/ugv_ws/install/vizanti_cpp:/home/ws/ugv_ws/install/ugv_slam:/home/ws/ugv_ws/install/ugv_nav:/home/ws/ugv_ws/install/ugv_interface:/home/ws/ugv_ws/install/ugv_gazebo:/home/ws/ugv_ws/install/ugv_description:/home/ws/ugv_ws/install/ugv_base_node:/home/ws/ugv_ws/install/teb_local_planner:/home/ws/ugv_ws/install/teb_msgs:/home/ws/ugv_ws/install/slam_gmapping:/home/ws/ugv_ws/install/robot_pose_publisher:/home/ws/ugv_ws/install/rf2o_laser_odometry:/home/ws/ugv_ws/install/openslam_gmapping:/home/ws/ugv_ws/install/ldlidar:/home/ws/ugv_ws/install/explore_lite:/home/ws/ugv_ws/install/emcl2:/home/ws/ugv_ws/install/costmap_converter:/home/ws/ugv_ws/install/costmap_converter_msgs:/home/ws/ugv_ws/install/cartographer:/home/ws/ugv_ws/install/apriltag_ros:/home/ws/ugv_ws/install/ugv_web_app:/home/ws/ugv_ws/install/ugv_vision:/home/ws/ugv_ws/install/ugv_tools:/home/ws/ugv_ws/install/ugv_chat_ai:/home/ws/ugv_ws/install/ugv_bringup:/opt/ros/humble LD_LIBRARY_PATH=/home/ws/ugv_ws/install/apriltag_msgs/lib:/home/ws/ugv_ws/install/apriltag/lib:/home/ws/ugv_ws/install/vizanti_msgs/lib:/home/ws/ugv_ws/install/ugv_interface/lib:/home/ws/ugv_ws/install/teb_local_planner/lib:/home/ws/ugv_ws/install/teb_msgs/lib:/home/ws/ugv_ws/install/openslam_gmapping/lib:/home/ws/ugv_ws/install/costmap_converter/lib:/home/ws/ugv_ws/install/costmap_converter_msgs/lib:/home/ws/ugv_ws/install/apriltag_ros/lib:/opt/ros/humble/opt/rviz_ogre_vendor/lib:/opt/ros/humble/lib/aarch64-linux-gnu:/opt/ros/humble/lib PATH=/home/ws/ugv_ws/install/apriltag/bin:/home/ws/ugv_ws/install/costmap_converter/bin:/home/ws/ugv_ws/install/apriltag_ros/bin:/opt/ros/humble/bin:/usr/local/sbin:/usr/local/bin:/usr/sbin:/usr/bin:/sbin:/bin:/usr/games:/usr/local/games:/snap/bin PYTHONPATH=/home/ws/ugv_ws/install/apriltag/lib/python3.10/site-packages:/home/ws/ugv_ws/install/vizanti_msgs/local/lib/python3.10/dist-packages:/home/ws/ugv_ws/build/ugv_web_app:/home/ws/ugv_ws/install/ugv_web_app/lib/python3.10/site-packages:/home/ws/ugv_ws/build/ugv_vision:/home/ws/ugv_ws/install/ugv_vision/lib/python3.10/site-packages:/home/ws/ugv_ws/build/ugv_tools:/home/ws/ugv_ws/install/ugv_tools/lib/python3.10/site-packages:/home/ws/ugv_ws/install/ugv_interface/local/lib/python3.10/dist-packages:/home/ws/ugv_ws/build/ugv_chat_ai:/home/ws/ugv_ws/install/ugv_chat_ai/lib/python3.10/site-packages:/home/ws/ugv_ws/build/ugv_bringup:/home/ws/ugv_ws/install/ugv_bringup/lib/python3.10/site-packages:/home/ws/ugv_ws/install/teb_msgs/local/lib/python3.10/dist-packages:/home/ws/ugv_ws/install/costmap_converter_msgs/local/lib/python3.10/dist-packages:/home/ws/ugv_ws/install/apriltag_msgs/local/lib/python3.10/dist-packages:/opt/ros/humble/lib/python3.10/site-packages:/opt/ros/humble/local/lib/python3.10/dist-packages /usr/bin/cmake --install /home/ws/ugv_ws/build/apriltag_ros
[3.892s] Level 1:colcon.colcon_core.environment:create_environment_scripts_only(vizanti_cpp)
[3.893s] Level 1:colcon.colcon_core.environment:checking '/home/ws/ugv_ws/install/vizanti_cpp' for CMake module files
[3.894s] Level 1:colcon.colcon_core.environment:checking '/home/ws/ugv_ws/install/vizanti_cpp' for CMake config files
[3.894s] Level 1:colcon.colcon_core.shell:create_environment_hook('vizanti_cpp', 'cmake_prefix_path')
[3.895s] INFO:colcon.colcon_core.shell:Creating environment hook '/home/ws/ugv_ws/install/vizanti_cpp/share/vizanti_cpp/hook/cmake_prefix_path.ps1'
[3.895s] DEBUG:colcon.colcon_core.event_handler.log_command:Invoked command in '/home/ws/ugv_ws/build/vizanti_cpp' returned '0': CMAKE_PREFIX_PATH=${CMAKE_PREFIX_PATH}:/home/ws/ugv_ws/install/ugv_web_app:/home/ws/ugv_ws/install/ugv_vision:/home/ws/ugv_ws/install/ugv_tools:/home/ws/ugv_ws/install/ugv_chat_ai:/home/ws/ugv_ws/install/ugv_bringup:/opt/ros/humble /usr/bin/cmake --install /home/ws/ugv_ws/build/vizanti_cpp
[3.896s] INFO:colcon.colcon_core.shell:Creating environment descriptor '/home/ws/ugv_ws/install/vizanti_cpp/share/vizanti_cpp/hook/cmake_prefix_path.dsv'
[3.897s] INFO:colcon.colcon_core.shell:Creating environment hook '/home/ws/ugv_ws/install/vizanti_cpp/share/vizanti_cpp/hook/cmake_prefix_path.sh'
[3.898s] Level 1:colcon.colcon_core.environment:checking '/home/ws/ugv_ws/install/vizanti_cpp/lib'
[3.899s] Level 1:colcon.colcon_core.environment:checking '/home/ws/ugv_ws/install/vizanti_cpp/bin'
[3.899s] Level 1:colcon.colcon_core.environment:checking '/home/ws/ugv_ws/install/vizanti_cpp/lib/pkgconfig/vizanti_cpp.pc'
[3.899s] Level 1:colcon.colcon_core.environment:checking '/home/ws/ugv_ws/install/vizanti_cpp/lib/python3.10/site-packages'
[3.899s] Level 1:colcon.colcon_core.environment:checking '/home/ws/ugv_ws/install/vizanti_cpp/bin'
[3.900s] INFO:colcon.colcon_core.shell:Creating package script '/home/ws/ugv_ws/install/vizanti_cpp/share/vizanti_cpp/package.ps1'
[3.901s] INFO:colcon.colcon_core.shell:Creating package descriptor '/home/ws/ugv_ws/install/vizanti_cpp/share/vizanti_cpp/package.dsv'
[3.904s] INFO:colcon.colcon_core.shell:Creating package script '/home/ws/ugv_ws/install/vizanti_cpp/share/vizanti_cpp/package.sh'
[3.905s] INFO:colcon.colcon_core.shell:Creating package script '/home/ws/ugv_ws/install/vizanti_cpp/share/vizanti_cpp/package.bash'
[3.906s] INFO:colcon.colcon_core.shell:Creating package script '/home/ws/ugv_ws/install/vizanti_cpp/share/vizanti_cpp/package.zsh'
[3.909s] Level 1:colcon.colcon_core.environment:create_file_with_runtime_dependencies(/home/ws/ugv_ws/install/vizanti_cpp/share/colcon-core/packages/vizanti_cpp)
[3.916s] Level 1:colcon.colcon_core.environment:create_environment_scripts_only(apriltag_ros)
[3.917s] Level 1:colcon.colcon_core.environment:checking '/home/ws/ugv_ws/install/apriltag_ros' for CMake module files
[3.917s] DEBUG:colcon.colcon_core.event_handler.log_command:Invoked command in '/home/ws/ugv_ws/build/apriltag_ros' returned '0': CMAKE_PREFIX_PATH=/home/ws/ugv_ws/install/apriltag_msgs:/home/ws/ugv_ws/install/apriltag:/home/ws/ugv_ws/install/vizanti:/home/ws/ugv_ws/install/vizanti_server:/home/ws/ugv_ws/install/vizanti_demos:/home/ws/ugv_ws/install/vizanti_msgs:/home/ws/ugv_ws/install/vizanti_cpp:/home/ws/ugv_ws/install/ugv_slam:/home/ws/ugv_ws/install/ugv_nav:/home/ws/ugv_ws/install/ugv_interface:/home/ws/ugv_ws/install/ugv_gazebo:/home/ws/ugv_ws/install/ugv_description:/home/ws/ugv_ws/install/ugv_base_node:/home/ws/ugv_ws/install/teb_local_planner:/home/ws/ugv_ws/install/teb_msgs:/home/ws/ugv_ws/install/slam_gmapping:/home/ws/ugv_ws/install/robot_pose_publisher:/home/ws/ugv_ws/install/rf2o_laser_odometry:/home/ws/ugv_ws/install/openslam_gmapping:/home/ws/ugv_ws/install/ldlidar:/home/ws/ugv_ws/install/explore_lite:/home/ws/ugv_ws/install/emcl2:/home/ws/ugv_ws/install/costmap_converter:/home/ws/ugv_ws/install/costmap_converter_msgs:/home/ws/ugv_ws/install/cartographer:/home/ws/ugv_ws/install/apriltag_ros:/home/ws/ugv_ws/install/ugv_web_app:/home/ws/ugv_ws/install/ugv_vision:/home/ws/ugv_ws/install/ugv_tools:/home/ws/ugv_ws/install/ugv_chat_ai:/home/ws/ugv_ws/install/ugv_bringup:/opt/ros/humble LD_LIBRARY_PATH=/home/ws/ugv_ws/install/apriltag_msgs/lib:/home/ws/ugv_ws/install/apriltag/lib:/home/ws/ugv_ws/install/vizanti_msgs/lib:/home/ws/ugv_ws/install/ugv_interface/lib:/home/ws/ugv_ws/install/teb_local_planner/lib:/home/ws/ugv_ws/install/teb_msgs/lib:/home/ws/ugv_ws/install/openslam_gmapping/lib:/home/ws/ugv_ws/install/costmap_converter/lib:/home/ws/ugv_ws/install/costmap_converter_msgs/lib:/home/ws/ugv_ws/install/apriltag_ros/lib:/opt/ros/humble/opt/rviz_ogre_vendor/lib:/opt/ros/humble/lib/aarch64-linux-gnu:/opt/ros/humble/lib PATH=/home/ws/ugv_ws/install/apriltag/bin:/home/ws/ugv_ws/install/costmap_converter/bin:/home/ws/ugv_ws/install/apriltag_ros/bin:/opt/ros/humble/bin:/usr/local/sbin:/usr/local/bin:/usr/sbin:/usr/bin:/sbin:/bin:/usr/games:/usr/local/games:/snap/bin PYTHONPATH=/home/ws/ugv_ws/install/apriltag/lib/python3.10/site-packages:/home/ws/ugv_ws/install/vizanti_msgs/local/lib/python3.10/dist-packages:/home/ws/ugv_ws/build/ugv_web_app:/home/ws/ugv_ws/install/ugv_web_app/lib/python3.10/site-packages:/home/ws/ugv_ws/build/ugv_vision:/home/ws/ugv_ws/install/ugv_vision/lib/python3.10/site-packages:/home/ws/ugv_ws/build/ugv_tools:/home/ws/ugv_ws/install/ugv_tools/lib/python3.10/site-packages:/home/ws/ugv_ws/install/ugv_interface/local/lib/python3.10/dist-packages:/home/ws/ugv_ws/build/ugv_chat_ai:/home/ws/ugv_ws/install/ugv_chat_ai/lib/python3.10/site-packages:/home/ws/ugv_ws/build/ugv_bringup:/home/ws/ugv_ws/install/ugv_bringup/lib/python3.10/site-packages:/home/ws/ugv_ws/install/teb_msgs/local/lib/python3.10/dist-packages:/home/ws/ugv_ws/install/costmap_converter_msgs/local/lib/python3.10/dist-packages:/home/ws/ugv_ws/install/apriltag_msgs/local/lib/python3.10/dist-packages:/opt/ros/humble/lib/python3.10/site-packages:/opt/ros/humble/local/lib/python3.10/dist-packages /usr/bin/cmake --install /home/ws/ugv_ws/build/apriltag_ros
[3.918s] Level 1:colcon.colcon_core.environment:checking '/home/ws/ugv_ws/install/apriltag_ros' for CMake config files
[3.918s] Level 1:colcon.colcon_core.shell:create_environment_hook('apriltag_ros', 'cmake_prefix_path')
[3.919s] INFO:colcon.colcon_core.shell:Creating environment hook '/home/ws/ugv_ws/install/apriltag_ros/share/apriltag_ros/hook/cmake_prefix_path.ps1'
[3.919s] INFO:colcon.colcon_core.shell:Creating environment descriptor '/home/ws/ugv_ws/install/apriltag_ros/share/apriltag_ros/hook/cmake_prefix_path.dsv'
[3.923s] INFO:colcon.colcon_core.shell:Creating environment hook '/home/ws/ugv_ws/install/apriltag_ros/share/apriltag_ros/hook/cmake_prefix_path.sh'
[3.924s] Level 1:colcon.colcon_core.environment:checking '/home/ws/ugv_ws/install/apriltag_ros/lib'
[3.924s] Level 1:colcon.colcon_core.shell:create_environment_hook('apriltag_ros', 'ld_library_path_lib')
[3.924s] INFO:colcon.colcon_core.shell:Creating environment hook '/home/ws/ugv_ws/install/apriltag_ros/share/apriltag_ros/hook/ld_library_path_lib.ps1'
[3.925s] INFO:colcon.colcon_core.shell:Creating environment descriptor '/home/ws/ugv_ws/install/apriltag_ros/share/apriltag_ros/hook/ld_library_path_lib.dsv'
[3.926s] INFO:colcon.colcon_core.shell:Creating environment hook '/home/ws/ugv_ws/install/apriltag_ros/share/apriltag_ros/hook/ld_library_path_lib.sh'
[3.929s] Level 1:colcon.colcon_core.environment:checking '/home/ws/ugv_ws/install/apriltag_ros/bin'
[3.929s] Level 1:colcon.colcon_core.shell:create_environment_hook('apriltag_ros', 'path')
[3.930s] INFO:colcon.colcon_core.shell:Creating environment hook '/home/ws/ugv_ws/install/apriltag_ros/share/apriltag_ros/hook/path.ps1'
[3.930s] INFO:colcon.colcon_core.shell:Creating environment descriptor '/home/ws/ugv_ws/install/apriltag_ros/share/apriltag_ros/hook/path.dsv'
[3.931s] INFO:colcon.colcon_core.shell:Creating environment hook '/home/ws/ugv_ws/install/apriltag_ros/share/apriltag_ros/hook/path.sh'
[3.932s] Level 1:colcon.colcon_core.environment:checking '/home/ws/ugv_ws/install/apriltag_ros/lib/pkgconfig/apriltag_ros.pc'
[3.932s] Level 1:colcon.colcon_core.environment:checking '/home/ws/ugv_ws/install/apriltag_ros/lib/python3.10/site-packages'
[3.933s] Level 1:colcon.colcon_core.environment:checking '/home/ws/ugv_ws/install/apriltag_ros/bin'
[3.933s] Level 1:colcon.colcon_core.shell:create_environment_hook('apriltag_ros', 'pythonscriptspath')
[3.934s] INFO:colcon.colcon_core.shell:Creating environment hook '/home/ws/ugv_ws/install/apriltag_ros/share/apriltag_ros/hook/pythonscriptspath.ps1'
[3.934s] INFO:colcon.colcon_core.shell:Creating environment descriptor '/home/ws/ugv_ws/install/apriltag_ros/share/apriltag_ros/hook/pythonscriptspath.dsv'
[3.939s] INFO:colcon.colcon_core.shell:Creating environment hook '/home/ws/ugv_ws/install/apriltag_ros/share/apriltag_ros/hook/pythonscriptspath.sh'
[3.940s] INFO:colcon.colcon_core.shell:Creating package script '/home/ws/ugv_ws/install/apriltag_ros/share/apriltag_ros/package.ps1'
[3.942s] INFO:colcon.colcon_core.shell:Creating package descriptor '/home/ws/ugv_ws/install/apriltag_ros/share/apriltag_ros/package.dsv'
[3.943s] INFO:colcon.colcon_core.shell:Creating package script '/home/ws/ugv_ws/install/apriltag_ros/share/apriltag_ros/package.sh'
[3.944s] INFO:colcon.colcon_core.shell:Creating package script '/home/ws/ugv_ws/install/apriltag_ros/share/apriltag_ros/package.bash'
[3.944s] INFO:colcon.colcon_core.shell:Creating package script '/home/ws/ugv_ws/install/apriltag_ros/share/apriltag_ros/package.zsh'
[3.945s] Level 1:colcon.colcon_core.environment:create_file_with_runtime_dependencies(/home/ws/ugv_ws/install/apriltag_ros/share/colcon-core/packages/apriltag_ros)
[3.948s] Level 1:colcon.colcon_core.environment:create_environment_scripts_only(vizanti_cpp)
[3.949s] Level 1:colcon.colcon_core.environment:checking '/home/ws/ugv_ws/install/vizanti_cpp' for CMake module files
[3.950s] Level 1:colcon.colcon_core.environment:checking '/home/ws/ugv_ws/install/vizanti_cpp' for CMake config files
[3.950s] Level 1:colcon.colcon_core.shell:create_environment_hook('vizanti_cpp', 'cmake_prefix_path')
[3.950s] INFO:colcon.colcon_core.shell:Creating environment hook '/home/ws/ugv_ws/install/vizanti_cpp/share/vizanti_cpp/hook/cmake_prefix_path.ps1'
[3.951s] INFO:colcon.colcon_core.shell:Creating environment descriptor '/home/ws/ugv_ws/install/vizanti_cpp/share/vizanti_cpp/hook/cmake_prefix_path.dsv'
[3.953s] INFO:colcon.colcon_core.shell:Creating environment hook '/home/ws/ugv_ws/install/vizanti_cpp/share/vizanti_cpp/hook/cmake_prefix_path.sh'
[3.954s] Level 1:colcon.colcon_core.environment:checking '/home/ws/ugv_ws/install/vizanti_cpp/lib'
[3.954s] Level 1:colcon.colcon_core.environment:checking '/home/ws/ugv_ws/install/vizanti_cpp/bin'
[3.954s] Level 1:colcon.colcon_core.environment:checking '/home/ws/ugv_ws/install/vizanti_cpp/lib/pkgconfig/vizanti_cpp.pc'
[3.955s] Level 1:colcon.colcon_core.environment:checking '/home/ws/ugv_ws/install/vizanti_cpp/lib/python3.10/site-packages'
[3.955s] Level 1:colcon.colcon_core.environment:checking '/home/ws/ugv_ws/install/vizanti_cpp/bin'
[3.956s] INFO:colcon.colcon_core.shell:Creating package script '/home/ws/ugv_ws/install/vizanti_cpp/share/vizanti_cpp/package.ps1'
[3.957s] INFO:colcon.colcon_core.shell:Creating package descriptor '/home/ws/ugv_ws/install/vizanti_cpp/share/vizanti_cpp/package.dsv'
[3.960s] INFO:colcon.colcon_core.shell:Creating package script '/home/ws/ugv_ws/install/vizanti_cpp/share/vizanti_cpp/package.sh'
[3.962s] INFO:colcon.colcon_core.shell:Creating package script '/home/ws/ugv_ws/install/vizanti_cpp/share/vizanti_cpp/package.bash'
[3.962s] INFO:colcon.colcon_core.shell:Creating package script '/home/ws/ugv_ws/install/vizanti_cpp/share/vizanti_cpp/package.zsh'
[3.963s] Level 1:colcon.colcon_core.environment:create_file_with_runtime_dependencies(/home/ws/ugv_ws/install/vizanti_cpp/share/colcon-core/packages/vizanti_cpp)
[3.964s] INFO:colcon.colcon_ros.task.ament_cmake.build:Building ROS package in '/home/ws/ugv_ws/src/ugv_else/vizanti/vizanti_demos' with build type 'ament_cmake'
[3.965s] INFO:colcon.colcon_cmake.task.cmake.build:Building CMake package in '/home/ws/ugv_ws/src/ugv_else/vizanti/vizanti_demos'
[3.966s] INFO:colcon.colcon_core.shell:Skip shell extension 'powershell' for command environment: Not usable outside of PowerShell
[3.966s] DEBUG:colcon.colcon_core.shell:Skip shell extension 'dsv' for command environment
[3.982s] DEBUG:colcon.colcon_core.event_handler.log_command:Invoked command in '/home/ws/ugv_ws/build/slam_gmapping' returned '0': CMAKE_PREFIX_PATH=/home/ws/ugv_ws/install/openslam_gmapping:/home/ws/ugv_ws/install/vizanti:/home/ws/ugv_ws/install/vizanti_server:/home/ws/ugv_ws/install/vizanti_demos:/home/ws/ugv_ws/install/vizanti_msgs:/home/ws/ugv_ws/install/vizanti_cpp:/home/ws/ugv_ws/install/ugv_slam:/home/ws/ugv_ws/install/ugv_nav:/home/ws/ugv_ws/install/ugv_interface:/home/ws/ugv_ws/install/ugv_gazebo:/home/ws/ugv_ws/install/ugv_description:/home/ws/ugv_ws/install/ugv_base_node:/home/ws/ugv_ws/install/teb_local_planner:/home/ws/ugv_ws/install/teb_msgs:/home/ws/ugv_ws/install/slam_gmapping:/home/ws/ugv_ws/install/robot_pose_publisher:/home/ws/ugv_ws/install/rf2o_laser_odometry:/home/ws/ugv_ws/install/ldlidar:/home/ws/ugv_ws/install/explore_lite:/home/ws/ugv_ws/install/emcl2:/home/ws/ugv_ws/install/costmap_converter:/home/ws/ugv_ws/install/costmap_converter_msgs:/home/ws/ugv_ws/install/cartographer:/home/ws/ugv_ws/install/apriltag_ros:/home/ws/ugv_ws/install/apriltag_msgs:/home/ws/ugv_ws/install/apriltag:/home/ws/ugv_ws/install/ugv_web_app:/home/ws/ugv_ws/install/ugv_vision:/home/ws/ugv_ws/install/ugv_tools:/home/ws/ugv_ws/install/ugv_chat_ai:/home/ws/ugv_ws/install/ugv_bringup:/opt/ros/humble /usr/bin/cmake --build /home/ws/ugv_ws/build/slam_gmapping -- -j4 -l4
[3.986s] Level 1:colcon.colcon_core.environment:create_environment_scripts_only(apriltag_ros)
[3.987s] Level 1:colcon.colcon_core.environment:checking '/home/ws/ugv_ws/install/apriltag_ros' for CMake module files
[3.988s] DEBUG:colcon.colcon_core.event_handler.log_command:Invoking command in '/home/ws/ugv_ws/build/vizanti_demos': CMAKE_PREFIX_PATH=/home/ws/ugv_ws/install/vizanti_msgs:/home/ws/ugv_ws/install/vizanti:/home/ws/ugv_ws/install/vizanti_server:/home/ws/ugv_ws/install/vizanti_demos:/home/ws/ugv_ws/install/vizanti_cpp:/home/ws/ugv_ws/install/ugv_slam:/home/ws/ugv_ws/install/ugv_nav:/home/ws/ugv_ws/install/ugv_interface:/home/ws/ugv_ws/install/ugv_gazebo:/home/ws/ugv_ws/install/ugv_description:/home/ws/ugv_ws/install/ugv_base_node:/home/ws/ugv_ws/install/teb_local_planner:/home/ws/ugv_ws/install/teb_msgs:/home/ws/ugv_ws/install/slam_gmapping:/home/ws/ugv_ws/install/robot_pose_publisher:/home/ws/ugv_ws/install/rf2o_laser_odometry:/home/ws/ugv_ws/install/openslam_gmapping:/home/ws/ugv_ws/install/ldlidar:/home/ws/ugv_ws/install/explore_lite:/home/ws/ugv_ws/install/emcl2:/home/ws/ugv_ws/install/costmap_converter:/home/ws/ugv_ws/install/costmap_converter_msgs:/home/ws/ugv_ws/install/cartographer:/home/ws/ugv_ws/install/apriltag_ros:/home/ws/ugv_ws/install/apriltag_msgs:/home/ws/ugv_ws/install/apriltag:/home/ws/ugv_ws/install/ugv_web_app:/home/ws/ugv_ws/install/ugv_vision:/home/ws/ugv_ws/install/ugv_tools:/home/ws/ugv_ws/install/ugv_chat_ai:/home/ws/ugv_ws/install/ugv_bringup:/opt/ros/humble /usr/bin/cmake --build /home/ws/ugv_ws/build/vizanti_demos -- -j4 -l4
[3.989s] Level 1:colcon.colcon_core.environment:checking '/home/ws/ugv_ws/install/apriltag_ros' for CMake config files
[3.989s] Level 1:colcon.colcon_core.shell:create_environment_hook('apriltag_ros', 'cmake_prefix_path')
[3.989s] INFO:colcon.colcon_core.shell:Creating environment hook '/home/ws/ugv_ws/install/apriltag_ros/share/apriltag_ros/hook/cmake_prefix_path.ps1'
[3.990s] INFO:colcon.colcon_core.shell:Creating environment descriptor '/home/ws/ugv_ws/install/apriltag_ros/share/apriltag_ros/hook/cmake_prefix_path.dsv'
[3.991s] INFO:colcon.colcon_core.shell:Creating environment hook '/home/ws/ugv_ws/install/apriltag_ros/share/apriltag_ros/hook/cmake_prefix_path.sh'
[3.997s] Level 1:colcon.colcon_core.environment:checking '/home/ws/ugv_ws/install/apriltag_ros/lib'
[3.997s] Level 1:colcon.colcon_core.shell:create_environment_hook('apriltag_ros', 'ld_library_path_lib')
[3.998s] INFO:colcon.colcon_core.shell:Creating environment hook '/home/ws/ugv_ws/install/apriltag_ros/share/apriltag_ros/hook/ld_library_path_lib.ps1'
[4.000s] INFO:colcon.colcon_core.shell:Creating environment descriptor '/home/ws/ugv_ws/install/apriltag_ros/share/apriltag_ros/hook/ld_library_path_lib.dsv'
[4.001s] INFO:colcon.colcon_core.shell:Creating environment hook '/home/ws/ugv_ws/install/apriltag_ros/share/apriltag_ros/hook/ld_library_path_lib.sh'
[4.002s] Level 1:colcon.colcon_core.environment:checking '/home/ws/ugv_ws/install/apriltag_ros/bin'
[4.002s] Level 1:colcon.colcon_core.shell:create_environment_hook('apriltag_ros', 'path')
[4.002s] INFO:colcon.colcon_core.shell:Creating environment hook '/home/ws/ugv_ws/install/apriltag_ros/share/apriltag_ros/hook/path.ps1'
[4.003s] INFO:colcon.colcon_core.shell:Creating environment descriptor '/home/ws/ugv_ws/install/apriltag_ros/share/apriltag_ros/hook/path.dsv'
[4.004s] INFO:colcon.colcon_core.shell:Creating environment hook '/home/ws/ugv_ws/install/apriltag_ros/share/apriltag_ros/hook/path.sh'
[4.005s] Level 1:colcon.colcon_core.environment:checking '/home/ws/ugv_ws/install/apriltag_ros/lib/pkgconfig/apriltag_ros.pc'
[4.005s] Level 1:colcon.colcon_core.environment:checking '/home/ws/ugv_ws/install/apriltag_ros/lib/python3.10/site-packages'
[4.006s] Level 1:colcon.colcon_core.environment:checking '/home/ws/ugv_ws/install/apriltag_ros/bin'
[4.006s] Level 1:colcon.colcon_core.shell:create_environment_hook('apriltag_ros', 'pythonscriptspath')
[4.006s] INFO:colcon.colcon_core.shell:Creating environment hook '/home/ws/ugv_ws/install/apriltag_ros/share/apriltag_ros/hook/pythonscriptspath.ps1'
[4.007s] INFO:colcon.colcon_core.shell:Creating environment descriptor '/home/ws/ugv_ws/install/apriltag_ros/share/apriltag_ros/hook/pythonscriptspath.dsv'
[4.008s] INFO:colcon.colcon_core.shell:Creating environment hook '/home/ws/ugv_ws/install/apriltag_ros/share/apriltag_ros/hook/pythonscriptspath.sh'
[4.010s] INFO:colcon.colcon_core.shell:Creating package script '/home/ws/ugv_ws/install/apriltag_ros/share/apriltag_ros/package.ps1'
[4.011s] INFO:colcon.colcon_core.shell:Creating package descriptor '/home/ws/ugv_ws/install/apriltag_ros/share/apriltag_ros/package.dsv'
[4.012s] INFO:colcon.colcon_core.shell:Creating package script '/home/ws/ugv_ws/install/apriltag_ros/share/apriltag_ros/package.sh'
[4.013s] INFO:colcon.colcon_core.shell:Creating package script '/home/ws/ugv_ws/install/apriltag_ros/share/apriltag_ros/package.bash'
[4.016s] INFO:colcon.colcon_core.shell:Creating package script '/home/ws/ugv_ws/install/apriltag_ros/share/apriltag_ros/package.zsh'
[4.017s] Level 1:colcon.colcon_core.environment:create_file_with_runtime_dependencies(/home/ws/ugv_ws/install/apriltag_ros/share/colcon-core/packages/apriltag_ros)
[4.019s] INFO:colcon.colcon_ros.task.ament_cmake.build:Building ROS package in '/home/ws/ugv_ws/src/ugv_else/teb_local_planner/teb_local_planner' with build type 'ament_cmake'
[4.019s] INFO:colcon.colcon_cmake.task.cmake.build:Building CMake package in '/home/ws/ugv_ws/src/ugv_else/teb_local_planner/teb_local_planner'
[4.019s] INFO:colcon.colcon_core.shell:Skip shell extension 'powershell' for command environment: Not usable outside of PowerShell
[4.019s] DEBUG:colcon.colcon_core.shell:Skip shell extension 'dsv' for command environment
[4.034s] DEBUG:colcon.colcon_core.event_handler.log_command:Invoking command in '/home/ws/ugv_ws/build/slam_gmapping': CMAKE_PREFIX_PATH=/home/ws/ugv_ws/install/openslam_gmapping:/home/ws/ugv_ws/install/vizanti:/home/ws/ugv_ws/install/vizanti_server:/home/ws/ugv_ws/install/vizanti_demos:/home/ws/ugv_ws/install/vizanti_msgs:/home/ws/ugv_ws/install/vizanti_cpp:/home/ws/ugv_ws/install/ugv_slam:/home/ws/ugv_ws/install/ugv_nav:/home/ws/ugv_ws/install/ugv_interface:/home/ws/ugv_ws/install/ugv_gazebo:/home/ws/ugv_ws/install/ugv_description:/home/ws/ugv_ws/install/ugv_base_node:/home/ws/ugv_ws/install/teb_local_planner:/home/ws/ugv_ws/install/teb_msgs:/home/ws/ugv_ws/install/slam_gmapping:/home/ws/ugv_ws/install/robot_pose_publisher:/home/ws/ugv_ws/install/rf2o_laser_odometry:/home/ws/ugv_ws/install/ldlidar:/home/ws/ugv_ws/install/explore_lite:/home/ws/ugv_ws/install/emcl2:/home/ws/ugv_ws/install/costmap_converter:/home/ws/ugv_ws/install/costmap_converter_msgs:/home/ws/ugv_ws/install/cartographer:/home/ws/ugv_ws/install/apriltag_ros:/home/ws/ugv_ws/install/apriltag_msgs:/home/ws/ugv_ws/install/apriltag:/home/ws/ugv_ws/install/ugv_web_app:/home/ws/ugv_ws/install/ugv_vision:/home/ws/ugv_ws/install/ugv_tools:/home/ws/ugv_ws/install/ugv_chat_ai:/home/ws/ugv_ws/install/ugv_bringup:/opt/ros/humble /usr/bin/cmake --install /home/ws/ugv_ws/build/slam_gmapping
[4.050s] DEBUG:colcon.colcon_core.event_handler.log_command:Invoking command in '/home/ws/ugv_ws/build/teb_local_planner': CMAKE_PREFIX_PATH=/home/ws/ugv_ws/install/teb_msgs:/home/ws/ugv_ws/install/costmap_converter:/home/ws/ugv_ws/install/costmap_converter_msgs:/home/ws/ugv_ws/install/vizanti:/home/ws/ugv_ws/install/vizanti_server:/home/ws/ugv_ws/install/vizanti_demos:/home/ws/ugv_ws/install/vizanti_msgs:/home/ws/ugv_ws/install/vizanti_cpp:/home/ws/ugv_ws/install/ugv_slam:/home/ws/ugv_ws/install/ugv_nav:/home/ws/ugv_ws/install/ugv_interface:/home/ws/ugv_ws/install/ugv_gazebo:/home/ws/ugv_ws/install/ugv_description:/home/ws/ugv_ws/install/ugv_base_node:/home/ws/ugv_ws/install/teb_local_planner:/home/ws/ugv_ws/install/slam_gmapping:/home/ws/ugv_ws/install/robot_pose_publisher:/home/ws/ugv_ws/install/rf2o_laser_odometry:/home/ws/ugv_ws/install/openslam_gmapping:/home/ws/ugv_ws/install/ldlidar:/home/ws/ugv_ws/install/explore_lite:/home/ws/ugv_ws/install/emcl2:/home/ws/ugv_ws/install/cartographer:/home/ws/ugv_ws/install/apriltag_ros:/home/ws/ugv_ws/install/apriltag_msgs:/home/ws/ugv_ws/install/apriltag:/home/ws/ugv_ws/install/ugv_web_app:/home/ws/ugv_ws/install/ugv_vision:/home/ws/ugv_ws/install/ugv_tools:/home/ws/ugv_ws/install/ugv_chat_ai:/home/ws/ugv_ws/install/ugv_bringup:/opt/ros/humble LD_LIBRARY_PATH=/home/ws/ugv_ws/install/teb_msgs/lib:/home/ws/ugv_ws/install/costmap_converter/lib:/home/ws/ugv_ws/install/costmap_converter_msgs/lib:/home/ws/ugv_ws/install/vizanti_msgs/lib:/home/ws/ugv_ws/install/ugv_interface/lib:/home/ws/ugv_ws/install/teb_local_planner/lib:/home/ws/ugv_ws/install/openslam_gmapping/lib:/home/ws/ugv_ws/install/apriltag_ros/lib:/home/ws/ugv_ws/install/apriltag_msgs/lib:/home/ws/ugv_ws/install/apriltag/lib:/opt/ros/humble/opt/rviz_ogre_vendor/lib:/opt/ros/humble/lib/aarch64-linux-gnu:/opt/ros/humble/lib /usr/bin/cmake --build /home/ws/ugv_ws/build/teb_local_planner -- -j4 -l4
[4.050s] DEBUG:colcon.colcon_core.event_handler.log_command:Invoked command in '/home/ws/ugv_ws/build/vizanti_demos' returned '0': CMAKE_PREFIX_PATH=/home/ws/ugv_ws/install/vizanti_msgs:/home/ws/ugv_ws/install/vizanti:/home/ws/ugv_ws/install/vizanti_server:/home/ws/ugv_ws/install/vizanti_demos:/home/ws/ugv_ws/install/vizanti_cpp:/home/ws/ugv_ws/install/ugv_slam:/home/ws/ugv_ws/install/ugv_nav:/home/ws/ugv_ws/install/ugv_interface:/home/ws/ugv_ws/install/ugv_gazebo:/home/ws/ugv_ws/install/ugv_description:/home/ws/ugv_ws/install/ugv_base_node:/home/ws/ugv_ws/install/teb_local_planner:/home/ws/ugv_ws/install/teb_msgs:/home/ws/ugv_ws/install/slam_gmapping:/home/ws/ugv_ws/install/robot_pose_publisher:/home/ws/ugv_ws/install/rf2o_laser_odometry:/home/ws/ugv_ws/install/openslam_gmapping:/home/ws/ugv_ws/install/ldlidar:/home/ws/ugv_ws/install/explore_lite:/home/ws/ugv_ws/install/emcl2:/home/ws/ugv_ws/install/costmap_converter:/home/ws/ugv_ws/install/costmap_converter_msgs:/home/ws/ugv_ws/install/cartographer:/home/ws/ugv_ws/install/apriltag_ros:/home/ws/ugv_ws/install/apriltag_msgs:/home/ws/ugv_ws/install/apriltag:/home/ws/ugv_ws/install/ugv_web_app:/home/ws/ugv_ws/install/ugv_vision:/home/ws/ugv_ws/install/ugv_tools:/home/ws/ugv_ws/install/ugv_chat_ai:/home/ws/ugv_ws/install/ugv_bringup:/opt/ros/humble /usr/bin/cmake --build /home/ws/ugv_ws/build/vizanti_demos -- -j4 -l4
[4.054s] Level 1:colcon.colcon_core.environment:create_environment_scripts_only(slam_gmapping)
[4.054s] Level 1:colcon.colcon_core.environment:checking '/home/ws/ugv_ws/install/slam_gmapping' for CMake module files
[4.055s] DEBUG:colcon.colcon_core.event_handler.log_command:Invoked command in '/home/ws/ugv_ws/build/slam_gmapping' returned '0': CMAKE_PREFIX_PATH=/home/ws/ugv_ws/install/openslam_gmapping:/home/ws/ugv_ws/install/vizanti:/home/ws/ugv_ws/install/vizanti_server:/home/ws/ugv_ws/install/vizanti_demos:/home/ws/ugv_ws/install/vizanti_msgs:/home/ws/ugv_ws/install/vizanti_cpp:/home/ws/ugv_ws/install/ugv_slam:/home/ws/ugv_ws/install/ugv_nav:/home/ws/ugv_ws/install/ugv_interface:/home/ws/ugv_ws/install/ugv_gazebo:/home/ws/ugv_ws/install/ugv_description:/home/ws/ugv_ws/install/ugv_base_node:/home/ws/ugv_ws/install/teb_local_planner:/home/ws/ugv_ws/install/teb_msgs:/home/ws/ugv_ws/install/slam_gmapping:/home/ws/ugv_ws/install/robot_pose_publisher:/home/ws/ugv_ws/install/rf2o_laser_odometry:/home/ws/ugv_ws/install/ldlidar:/home/ws/ugv_ws/install/explore_lite:/home/ws/ugv_ws/install/emcl2:/home/ws/ugv_ws/install/costmap_converter:/home/ws/ugv_ws/install/costmap_converter_msgs:/home/ws/ugv_ws/install/cartographer:/home/ws/ugv_ws/install/apriltag_ros:/home/ws/ugv_ws/install/apriltag_msgs:/home/ws/ugv_ws/install/apriltag:/home/ws/ugv_ws/install/ugv_web_app:/home/ws/ugv_ws/install/ugv_vision:/home/ws/ugv_ws/install/ugv_tools:/home/ws/ugv_ws/install/ugv_chat_ai:/home/ws/ugv_ws/install/ugv_bringup:/opt/ros/humble /usr/bin/cmake --install /home/ws/ugv_ws/build/slam_gmapping
[4.055s] Level 1:colcon.colcon_core.environment:checking '/home/ws/ugv_ws/install/slam_gmapping' for CMake config files
[4.056s] Level 1:colcon.colcon_core.shell:create_environment_hook('slam_gmapping', 'cmake_prefix_path')
[4.056s] INFO:colcon.colcon_core.shell:Creating environment hook '/home/ws/ugv_ws/install/slam_gmapping/share/slam_gmapping/hook/cmake_prefix_path.ps1'
[4.058s] INFO:colcon.colcon_core.shell:Creating environment descriptor '/home/ws/ugv_ws/install/slam_gmapping/share/slam_gmapping/hook/cmake_prefix_path.dsv'
[4.059s] INFO:colcon.colcon_core.shell:Creating environment hook '/home/ws/ugv_ws/install/slam_gmapping/share/slam_gmapping/hook/cmake_prefix_path.sh'
[4.060s] Level 1:colcon.colcon_core.environment:checking '/home/ws/ugv_ws/install/slam_gmapping/lib'
[4.060s] Level 1:colcon.colcon_core.environment:checking '/home/ws/ugv_ws/install/slam_gmapping/bin'
[4.060s] Level 1:colcon.colcon_core.environment:checking '/home/ws/ugv_ws/install/slam_gmapping/lib/pkgconfig/slam_gmapping.pc'
[4.061s] Level 1:colcon.colcon_core.environment:checking '/home/ws/ugv_ws/install/slam_gmapping/lib/python3.10/site-packages'
[4.061s] Level 1:colcon.colcon_core.environment:checking '/home/ws/ugv_ws/install/slam_gmapping/bin'
[4.062s] INFO:colcon.colcon_core.shell:Creating package script '/home/ws/ugv_ws/install/slam_gmapping/share/slam_gmapping/package.ps1'
[4.063s] INFO:colcon.colcon_core.shell:Creating package descriptor '/home/ws/ugv_ws/install/slam_gmapping/share/slam_gmapping/package.dsv'
[4.064s] INFO:colcon.colcon_core.shell:Creating package script '/home/ws/ugv_ws/install/slam_gmapping/share/slam_gmapping/package.sh'
[4.068s] INFO:colcon.colcon_core.shell:Creating package script '/home/ws/ugv_ws/install/slam_gmapping/share/slam_gmapping/package.bash'
[4.070s] INFO:colcon.colcon_core.shell:Creating package script '/home/ws/ugv_ws/install/slam_gmapping/share/slam_gmapping/package.zsh'
[4.070s] Level 1:colcon.colcon_core.environment:create_file_with_runtime_dependencies(/home/ws/ugv_ws/install/slam_gmapping/share/colcon-core/packages/slam_gmapping)
[4.092s] DEBUG:colcon.colcon_core.event_handler.log_command:Invoking command in '/home/ws/ugv_ws/build/vizanti_demos': CMAKE_PREFIX_PATH=/home/ws/ugv_ws/install/vizanti_msgs:/home/ws/ugv_ws/install/vizanti:/home/ws/ugv_ws/install/vizanti_server:/home/ws/ugv_ws/install/vizanti_demos:/home/ws/ugv_ws/install/vizanti_cpp:/home/ws/ugv_ws/install/ugv_slam:/home/ws/ugv_ws/install/ugv_nav:/home/ws/ugv_ws/install/ugv_interface:/home/ws/ugv_ws/install/ugv_gazebo:/home/ws/ugv_ws/install/ugv_description:/home/ws/ugv_ws/install/ugv_base_node:/home/ws/ugv_ws/install/teb_local_planner:/home/ws/ugv_ws/install/teb_msgs:/home/ws/ugv_ws/install/slam_gmapping:/home/ws/ugv_ws/install/robot_pose_publisher:/home/ws/ugv_ws/install/rf2o_laser_odometry:/home/ws/ugv_ws/install/openslam_gmapping:/home/ws/ugv_ws/install/ldlidar:/home/ws/ugv_ws/install/explore_lite:/home/ws/ugv_ws/install/emcl2:/home/ws/ugv_ws/install/costmap_converter:/home/ws/ugv_ws/install/costmap_converter_msgs:/home/ws/ugv_ws/install/cartographer:/home/ws/ugv_ws/install/apriltag_ros:/home/ws/ugv_ws/install/apriltag_msgs:/home/ws/ugv_ws/install/apriltag:/home/ws/ugv_ws/install/ugv_web_app:/home/ws/ugv_ws/install/ugv_vision:/home/ws/ugv_ws/install/ugv_tools:/home/ws/ugv_ws/install/ugv_chat_ai:/home/ws/ugv_ws/install/ugv_bringup:/opt/ros/humble /usr/bin/cmake --install /home/ws/ugv_ws/build/vizanti_demos
[4.110s] Level 1:colcon.colcon_core.environment:create_environment_scripts_only(vizanti_demos)
[4.111s] Level 1:colcon.colcon_core.environment:checking '/home/ws/ugv_ws/install/vizanti_demos' for CMake module files
[4.111s] DEBUG:colcon.colcon_core.event_handler.log_command:Invoked command in '/home/ws/ugv_ws/build/vizanti_demos' returned '0': CMAKE_PREFIX_PATH=/home/ws/ugv_ws/install/vizanti_msgs:/home/ws/ugv_ws/install/vizanti:/home/ws/ugv_ws/install/vizanti_server:/home/ws/ugv_ws/install/vizanti_demos:/home/ws/ugv_ws/install/vizanti_cpp:/home/ws/ugv_ws/install/ugv_slam:/home/ws/ugv_ws/install/ugv_nav:/home/ws/ugv_ws/install/ugv_interface:/home/ws/ugv_ws/install/ugv_gazebo:/home/ws/ugv_ws/install/ugv_description:/home/ws/ugv_ws/install/ugv_base_node:/home/ws/ugv_ws/install/teb_local_planner:/home/ws/ugv_ws/install/teb_msgs:/home/ws/ugv_ws/install/slam_gmapping:/home/ws/ugv_ws/install/robot_pose_publisher:/home/ws/ugv_ws/install/rf2o_laser_odometry:/home/ws/ugv_ws/install/openslam_gmapping:/home/ws/ugv_ws/install/ldlidar:/home/ws/ugv_ws/install/explore_lite:/home/ws/ugv_ws/install/emcl2:/home/ws/ugv_ws/install/costmap_converter:/home/ws/ugv_ws/install/costmap_converter_msgs:/home/ws/ugv_ws/install/cartographer:/home/ws/ugv_ws/install/apriltag_ros:/home/ws/ugv_ws/install/apriltag_msgs:/home/ws/ugv_ws/install/apriltag:/home/ws/ugv_ws/install/ugv_web_app:/home/ws/ugv_ws/install/ugv_vision:/home/ws/ugv_ws/install/ugv_tools:/home/ws/ugv_ws/install/ugv_chat_ai:/home/ws/ugv_ws/install/ugv_bringup:/opt/ros/humble /usr/bin/cmake --install /home/ws/ugv_ws/build/vizanti_demos
[4.113s] Level 1:colcon.colcon_core.environment:checking '/home/ws/ugv_ws/install/vizanti_demos' for CMake config files
[4.114s] Level 1:colcon.colcon_core.shell:create_environment_hook('vizanti_demos', 'cmake_prefix_path')
[4.114s] INFO:colcon.colcon_core.shell:Creating environment hook '/home/ws/ugv_ws/install/vizanti_demos/share/vizanti_demos/hook/cmake_prefix_path.ps1'
[4.117s] INFO:colcon.colcon_core.shell:Creating environment descriptor '/home/ws/ugv_ws/install/vizanti_demos/share/vizanti_demos/hook/cmake_prefix_path.dsv'
[4.118s] INFO:colcon.colcon_core.shell:Creating environment hook '/home/ws/ugv_ws/install/vizanti_demos/share/vizanti_demos/hook/cmake_prefix_path.sh'
[4.118s] Level 1:colcon.colcon_core.environment:checking '/home/ws/ugv_ws/install/vizanti_demos/lib'
[4.118s] Level 1:colcon.colcon_core.environment:checking '/home/ws/ugv_ws/install/vizanti_demos/bin'
[4.118s] Level 1:colcon.colcon_core.environment:checking '/home/ws/ugv_ws/install/vizanti_demos/lib/pkgconfig/vizanti_demos.pc'
[4.119s] Level 1:colcon.colcon_core.environment:checking '/home/ws/ugv_ws/install/vizanti_demos/lib/python3.10/site-packages'
[4.119s] Level 1:colcon.colcon_core.environment:checking '/home/ws/ugv_ws/install/vizanti_demos/bin'
[4.120s] INFO:colcon.colcon_core.shell:Creating package script '/home/ws/ugv_ws/install/vizanti_demos/share/vizanti_demos/package.ps1'
[4.122s] INFO:colcon.colcon_core.shell:Creating package descriptor '/home/ws/ugv_ws/install/vizanti_demos/share/vizanti_demos/package.dsv'
[4.123s] INFO:colcon.colcon_core.shell:Creating package script '/home/ws/ugv_ws/install/vizanti_demos/share/vizanti_demos/package.sh'
[4.123s] INFO:colcon.colcon_core.shell:Creating package script '/home/ws/ugv_ws/install/vizanti_demos/share/vizanti_demos/package.bash'
[4.124s] INFO:colcon.colcon_core.shell:Creating package script '/home/ws/ugv_ws/install/vizanti_demos/share/vizanti_demos/package.zsh'
[4.124s] Level 1:colcon.colcon_core.environment:create_file_with_runtime_dependencies(/home/ws/ugv_ws/install/vizanti_demos/share/colcon-core/packages/vizanti_demos)
[4.127s] Level 1:colcon.colcon_core.environment:create_environment_scripts_only(slam_gmapping)
[4.127s] Level 1:colcon.colcon_core.environment:checking '/home/ws/ugv_ws/install/slam_gmapping' for CMake module files
[4.128s] Level 1:colcon.colcon_core.environment:checking '/home/ws/ugv_ws/install/slam_gmapping' for CMake config files
[4.128s] Level 1:colcon.colcon_core.shell:create_environment_hook('slam_gmapping', 'cmake_prefix_path')
[4.128s] INFO:colcon.colcon_core.shell:Creating environment hook '/home/ws/ugv_ws/install/slam_gmapping/share/slam_gmapping/hook/cmake_prefix_path.ps1'
[4.130s] INFO:colcon.colcon_core.shell:Creating environment descriptor '/home/ws/ugv_ws/install/slam_gmapping/share/slam_gmapping/hook/cmake_prefix_path.dsv'
[4.131s] INFO:colcon.colcon_core.shell:Creating environment hook '/home/ws/ugv_ws/install/slam_gmapping/share/slam_gmapping/hook/cmake_prefix_path.sh'
[4.132s] Level 1:colcon.colcon_core.environment:checking '/home/ws/ugv_ws/install/slam_gmapping/lib'
[4.132s] Level 1:colcon.colcon_core.environment:checking '/home/ws/ugv_ws/install/slam_gmapping/bin'
[4.132s] Level 1:colcon.colcon_core.environment:checking '/home/ws/ugv_ws/install/slam_gmapping/lib/pkgconfig/slam_gmapping.pc'
[4.132s] Level 1:colcon.colcon_core.environment:checking '/home/ws/ugv_ws/install/slam_gmapping/lib/python3.10/site-packages'
[4.133s] Level 1:colcon.colcon_core.environment:checking '/home/ws/ugv_ws/install/slam_gmapping/bin'
[4.133s] INFO:colcon.colcon_core.shell:Creating package script '/home/ws/ugv_ws/install/slam_gmapping/share/slam_gmapping/package.ps1'
[4.134s] INFO:colcon.colcon_core.shell:Creating package descriptor '/home/ws/ugv_ws/install/slam_gmapping/share/slam_gmapping/package.dsv'
[4.136s] INFO:colcon.colcon_core.shell:Creating package script '/home/ws/ugv_ws/install/slam_gmapping/share/slam_gmapping/package.sh'
[4.137s] INFO:colcon.colcon_core.shell:Creating package script '/home/ws/ugv_ws/install/slam_gmapping/share/slam_gmapping/package.bash'
[4.139s] INFO:colcon.colcon_core.shell:Creating package script '/home/ws/ugv_ws/install/slam_gmapping/share/slam_gmapping/package.zsh'
[4.140s] Level 1:colcon.colcon_core.environment:create_file_with_runtime_dependencies(/home/ws/ugv_ws/install/slam_gmapping/share/colcon-core/packages/slam_gmapping)
[4.142s] INFO:colcon.colcon_ros.task.ament_cmake.build:Building ROS package in '/home/ws/ugv_ws/src/ugv_else/vizanti/vizanti' with build type 'ament_cmake'
[4.142s] INFO:colcon.colcon_cmake.task.cmake.build:Building CMake package in '/home/ws/ugv_ws/src/ugv_else/vizanti/vizanti'
[4.143s] INFO:colcon.colcon_core.shell:Skip shell extension 'powershell' for command environment: Not usable outside of PowerShell
[4.143s] DEBUG:colcon.colcon_core.shell:Skip shell extension 'dsv' for command environment
[4.164s] Level 1:colcon.colcon_core.environment:create_environment_scripts_only(vizanti_demos)
[4.164s] Level 1:colcon.colcon_core.environment:checking '/home/ws/ugv_ws/install/vizanti_demos' for CMake module files
[4.165s] Level 1:colcon.colcon_core.environment:checking '/home/ws/ugv_ws/install/vizanti_demos' for CMake config files
[4.165s] Level 1:colcon.colcon_core.shell:create_environment_hook('vizanti_demos', 'cmake_prefix_path')
[4.166s] INFO:colcon.colcon_core.shell:Creating environment hook '/home/ws/ugv_ws/install/vizanti_demos/share/vizanti_demos/hook/cmake_prefix_path.ps1'
[4.167s] INFO:colcon.colcon_core.shell:Creating environment descriptor '/home/ws/ugv_ws/install/vizanti_demos/share/vizanti_demos/hook/cmake_prefix_path.dsv'
[4.171s] INFO:colcon.colcon_core.shell:Creating environment hook '/home/ws/ugv_ws/install/vizanti_demos/share/vizanti_demos/hook/cmake_prefix_path.sh'
[4.172s] Level 1:colcon.colcon_core.environment:checking '/home/ws/ugv_ws/install/vizanti_demos/lib'
[4.172s] Level 1:colcon.colcon_core.environment:checking '/home/ws/ugv_ws/install/vizanti_demos/bin'
[4.172s] Level 1:colcon.colcon_core.environment:checking '/home/ws/ugv_ws/install/vizanti_demos/lib/pkgconfig/vizanti_demos.pc'
[4.173s] Level 1:colcon.colcon_core.environment:checking '/home/ws/ugv_ws/install/vizanti_demos/lib/python3.10/site-packages'
[4.173s] Level 1:colcon.colcon_core.environment:checking '/home/ws/ugv_ws/install/vizanti_demos/bin'
[4.174s] INFO:colcon.colcon_core.shell:Creating package script '/home/ws/ugv_ws/install/vizanti_demos/share/vizanti_demos/package.ps1'
[4.175s] INFO:colcon.colcon_core.shell:Creating package descriptor '/home/ws/ugv_ws/install/vizanti_demos/share/vizanti_demos/package.dsv'
[4.176s] INFO:colcon.colcon_core.shell:Creating package script '/home/ws/ugv_ws/install/vizanti_demos/share/vizanti_demos/package.sh'
[4.177s] INFO:colcon.colcon_core.shell:Creating package script '/home/ws/ugv_ws/install/vizanti_demos/share/vizanti_demos/package.bash'
[4.178s] INFO:colcon.colcon_core.shell:Creating package script '/home/ws/ugv_ws/install/vizanti_demos/share/vizanti_demos/package.zsh'
[4.179s] Level 1:colcon.colcon_core.environment:create_file_with_runtime_dependencies(/home/ws/ugv_ws/install/vizanti_demos/share/colcon-core/packages/vizanti_demos)
[4.189s] DEBUG:colcon.colcon_core.event_handler.log_command:Invoking command in '/home/ws/ugv_ws/build/vizanti': CMAKE_PREFIX_PATH=/home/ws/ugv_ws/install/vizanti_server:/home/ws/ugv_ws/install/vizanti_msgs:/home/ws/ugv_ws/install/vizanti:/home/ws/ugv_ws/install/vizanti_demos:/home/ws/ugv_ws/install/vizanti_cpp:/home/ws/ugv_ws/install/ugv_slam:/home/ws/ugv_ws/install/ugv_nav:/home/ws/ugv_ws/install/ugv_interface:/home/ws/ugv_ws/install/ugv_gazebo:/home/ws/ugv_ws/install/ugv_description:/home/ws/ugv_ws/install/ugv_base_node:/home/ws/ugv_ws/install/teb_local_planner:/home/ws/ugv_ws/install/teb_msgs:/home/ws/ugv_ws/install/slam_gmapping:/home/ws/ugv_ws/install/robot_pose_publisher:/home/ws/ugv_ws/install/rf2o_laser_odometry:/home/ws/ugv_ws/install/openslam_gmapping:/home/ws/ugv_ws/install/ldlidar:/home/ws/ugv_ws/install/explore_lite:/home/ws/ugv_ws/install/emcl2:/home/ws/ugv_ws/install/costmap_converter:/home/ws/ugv_ws/install/costmap_converter_msgs:/home/ws/ugv_ws/install/cartographer:/home/ws/ugv_ws/install/apriltag_ros:/home/ws/ugv_ws/install/apriltag_msgs:/home/ws/ugv_ws/install/apriltag:/home/ws/ugv_ws/install/ugv_web_app:/home/ws/ugv_ws/install/ugv_vision:/home/ws/ugv_ws/install/ugv_tools:/home/ws/ugv_ws/install/ugv_chat_ai:/home/ws/ugv_ws/install/ugv_bringup:/opt/ros/humble /usr/bin/cmake --build /home/ws/ugv_ws/build/vizanti -- -j4 -l4
[4.225s] DEBUG:colcon.colcon_core.event_handler.log_command:Invoked command in '/home/ws/ugv_ws/build/ugv_interface' returned '0': CMAKE_PREFIX_PATH=${CMAKE_PREFIX_PATH}:/home/ws/ugv_ws/install/ugv_web_app:/home/ws/ugv_ws/install/ugv_vision:/home/ws/ugv_ws/install/ugv_tools:/home/ws/ugv_ws/install/ugv_chat_ai:/home/ws/ugv_ws/install/ugv_bringup:/opt/ros/humble /usr/bin/cmake --build /home/ws/ugv_ws/build/ugv_interface -- -j4 -l4
[4.231s] DEBUG:colcon.colcon_core.event_handler.log_command:Invoked command in '/home/ws/ugv_ws/build/teb_local_planner' returned '0': CMAKE_PREFIX_PATH=/home/ws/ugv_ws/install/teb_msgs:/home/ws/ugv_ws/install/costmap_converter:/home/ws/ugv_ws/install/costmap_converter_msgs:/home/ws/ugv_ws/install/vizanti:/home/ws/ugv_ws/install/vizanti_server:/home/ws/ugv_ws/install/vizanti_demos:/home/ws/ugv_ws/install/vizanti_msgs:/home/ws/ugv_ws/install/vizanti_cpp:/home/ws/ugv_ws/install/ugv_slam:/home/ws/ugv_ws/install/ugv_nav:/home/ws/ugv_ws/install/ugv_interface:/home/ws/ugv_ws/install/ugv_gazebo:/home/ws/ugv_ws/install/ugv_description:/home/ws/ugv_ws/install/ugv_base_node:/home/ws/ugv_ws/install/teb_local_planner:/home/ws/ugv_ws/install/slam_gmapping:/home/ws/ugv_ws/install/robot_pose_publisher:/home/ws/ugv_ws/install/rf2o_laser_odometry:/home/ws/ugv_ws/install/openslam_gmapping:/home/ws/ugv_ws/install/ldlidar:/home/ws/ugv_ws/install/explore_lite:/home/ws/ugv_ws/install/emcl2:/home/ws/ugv_ws/install/cartographer:/home/ws/ugv_ws/install/apriltag_ros:/home/ws/ugv_ws/install/apriltag_msgs:/home/ws/ugv_ws/install/apriltag:/home/ws/ugv_ws/install/ugv_web_app:/home/ws/ugv_ws/install/ugv_vision:/home/ws/ugv_ws/install/ugv_tools:/home/ws/ugv_ws/install/ugv_chat_ai:/home/ws/ugv_ws/install/ugv_bringup:/opt/ros/humble LD_LIBRARY_PATH=/home/ws/ugv_ws/install/teb_msgs/lib:/home/ws/ugv_ws/install/costmap_converter/lib:/home/ws/ugv_ws/install/costmap_converter_msgs/lib:/home/ws/ugv_ws/install/vizanti_msgs/lib:/home/ws/ugv_ws/install/ugv_interface/lib:/home/ws/ugv_ws/install/teb_local_planner/lib:/home/ws/ugv_ws/install/openslam_gmapping/lib:/home/ws/ugv_ws/install/apriltag_ros/lib:/home/ws/ugv_ws/install/apriltag_msgs/lib:/home/ws/ugv_ws/install/apriltag/lib:/opt/ros/humble/opt/rviz_ogre_vendor/lib:/opt/ros/humble/lib/aarch64-linux-gnu:/opt/ros/humble/lib /usr/bin/cmake --build /home/ws/ugv_ws/build/teb_local_planner -- -j4 -l4
[4.240s] DEBUG:colcon.colcon_core.event_handler.log_command:Invoked command in '/home/ws/ugv_ws/build/vizanti' returned '0': CMAKE_PREFIX_PATH=/home/ws/ugv_ws/install/vizanti_server:/home/ws/ugv_ws/install/vizanti_msgs:/home/ws/ugv_ws/install/vizanti:/home/ws/ugv_ws/install/vizanti_demos:/home/ws/ugv_ws/install/vizanti_cpp:/home/ws/ugv_ws/install/ugv_slam:/home/ws/ugv_ws/install/ugv_nav:/home/ws/ugv_ws/install/ugv_interface:/home/ws/ugv_ws/install/ugv_gazebo:/home/ws/ugv_ws/install/ugv_description:/home/ws/ugv_ws/install/ugv_base_node:/home/ws/ugv_ws/install/teb_local_planner:/home/ws/ugv_ws/install/teb_msgs:/home/ws/ugv_ws/install/slam_gmapping:/home/ws/ugv_ws/install/robot_pose_publisher:/home/ws/ugv_ws/install/rf2o_laser_odometry:/home/ws/ugv_ws/install/openslam_gmapping:/home/ws/ugv_ws/install/ldlidar:/home/ws/ugv_ws/install/explore_lite:/home/ws/ugv_ws/install/emcl2:/home/ws/ugv_ws/install/costmap_converter:/home/ws/ugv_ws/install/costmap_converter_msgs:/home/ws/ugv_ws/install/cartographer:/home/ws/ugv_ws/install/apriltag_ros:/home/ws/ugv_ws/install/apriltag_msgs:/home/ws/ugv_ws/install/apriltag:/home/ws/ugv_ws/install/ugv_web_app:/home/ws/ugv_ws/install/ugv_vision:/home/ws/ugv_ws/install/ugv_tools:/home/ws/ugv_ws/install/ugv_chat_ai:/home/ws/ugv_ws/install/ugv_bringup:/opt/ros/humble /usr/bin/cmake --build /home/ws/ugv_ws/build/vizanti -- -j4 -l4
[4.265s] DEBUG:colcon.colcon_core.event_handler.log_command:Invoking command in '/home/ws/ugv_ws/build/vizanti': CMAKE_PREFIX_PATH=/home/ws/ugv_ws/install/vizanti_server:/home/ws/ugv_ws/install/vizanti_msgs:/home/ws/ugv_ws/install/vizanti:/home/ws/ugv_ws/install/vizanti_demos:/home/ws/ugv_ws/install/vizanti_cpp:/home/ws/ugv_ws/install/ugv_slam:/home/ws/ugv_ws/install/ugv_nav:/home/ws/ugv_ws/install/ugv_interface:/home/ws/ugv_ws/install/ugv_gazebo:/home/ws/ugv_ws/install/ugv_description:/home/ws/ugv_ws/install/ugv_base_node:/home/ws/ugv_ws/install/teb_local_planner:/home/ws/ugv_ws/install/teb_msgs:/home/ws/ugv_ws/install/slam_gmapping:/home/ws/ugv_ws/install/robot_pose_publisher:/home/ws/ugv_ws/install/rf2o_laser_odometry:/home/ws/ugv_ws/install/openslam_gmapping:/home/ws/ugv_ws/install/ldlidar:/home/ws/ugv_ws/install/explore_lite:/home/ws/ugv_ws/install/emcl2:/home/ws/ugv_ws/install/costmap_converter:/home/ws/ugv_ws/install/costmap_converter_msgs:/home/ws/ugv_ws/install/cartographer:/home/ws/ugv_ws/install/apriltag_ros:/home/ws/ugv_ws/install/apriltag_msgs:/home/ws/ugv_ws/install/apriltag:/home/ws/ugv_ws/install/ugv_web_app:/home/ws/ugv_ws/install/ugv_vision:/home/ws/ugv_ws/install/ugv_tools:/home/ws/ugv_ws/install/ugv_chat_ai:/home/ws/ugv_ws/install/ugv_bringup:/opt/ros/humble /usr/bin/cmake --install /home/ws/ugv_ws/build/vizanti
[4.282s] Level 1:colcon.colcon_core.environment:create_environment_scripts_only(vizanti)
[4.283s] Level 1:colcon.colcon_core.environment:checking '/home/ws/ugv_ws/install/vizanti' for CMake module files
[4.285s] DEBUG:colcon.colcon_core.event_handler.log_command:Invoked command in '/home/ws/ugv_ws/build/vizanti' returned '0': CMAKE_PREFIX_PATH=/home/ws/ugv_ws/install/vizanti_server:/home/ws/ugv_ws/install/vizanti_msgs:/home/ws/ugv_ws/install/vizanti:/home/ws/ugv_ws/install/vizanti_demos:/home/ws/ugv_ws/install/vizanti_cpp:/home/ws/ugv_ws/install/ugv_slam:/home/ws/ugv_ws/install/ugv_nav:/home/ws/ugv_ws/install/ugv_interface:/home/ws/ugv_ws/install/ugv_gazebo:/home/ws/ugv_ws/install/ugv_description:/home/ws/ugv_ws/install/ugv_base_node:/home/ws/ugv_ws/install/teb_local_planner:/home/ws/ugv_ws/install/teb_msgs:/home/ws/ugv_ws/install/slam_gmapping:/home/ws/ugv_ws/install/robot_pose_publisher:/home/ws/ugv_ws/install/rf2o_laser_odometry:/home/ws/ugv_ws/install/openslam_gmapping:/home/ws/ugv_ws/install/ldlidar:/home/ws/ugv_ws/install/explore_lite:/home/ws/ugv_ws/install/emcl2:/home/ws/ugv_ws/install/costmap_converter:/home/ws/ugv_ws/install/costmap_converter_msgs:/home/ws/ugv_ws/install/cartographer:/home/ws/ugv_ws/install/apriltag_ros:/home/ws/ugv_ws/install/apriltag_msgs:/home/ws/ugv_ws/install/apriltag:/home/ws/ugv_ws/install/ugv_web_app:/home/ws/ugv_ws/install/ugv_vision:/home/ws/ugv_ws/install/ugv_tools:/home/ws/ugv_ws/install/ugv_chat_ai:/home/ws/ugv_ws/install/ugv_bringup:/opt/ros/humble /usr/bin/cmake --install /home/ws/ugv_ws/build/vizanti
[4.285s] Level 1:colcon.colcon_core.environment:checking '/home/ws/ugv_ws/install/vizanti' for CMake config files
[4.286s] Level 1:colcon.colcon_core.shell:create_environment_hook('vizanti', 'cmake_prefix_path')
[4.286s] INFO:colcon.colcon_core.shell:Creating environment hook '/home/ws/ugv_ws/install/vizanti/share/vizanti/hook/cmake_prefix_path.ps1'
[4.287s] INFO:colcon.colcon_core.shell:Creating environment descriptor '/home/ws/ugv_ws/install/vizanti/share/vizanti/hook/cmake_prefix_path.dsv'
[4.288s] INFO:colcon.colcon_core.shell:Creating environment hook '/home/ws/ugv_ws/install/vizanti/share/vizanti/hook/cmake_prefix_path.sh'
[4.289s] Level 1:colcon.colcon_core.environment:checking '/home/ws/ugv_ws/install/vizanti/bin'
[4.289s] Level 1:colcon.colcon_core.environment:checking '/home/ws/ugv_ws/install/vizanti/lib/pkgconfig/vizanti.pc'
[4.290s] Level 1:colcon.colcon_core.environment:checking '/home/ws/ugv_ws/install/vizanti/lib/python3.10/site-packages'
[4.290s] Level 1:colcon.colcon_core.environment:checking '/home/ws/ugv_ws/install/vizanti/bin'
[4.290s] INFO:colcon.colcon_core.shell:Creating package script '/home/ws/ugv_ws/install/vizanti/share/vizanti/package.ps1'
[4.291s] INFO:colcon.colcon_core.shell:Creating package descriptor '/home/ws/ugv_ws/install/vizanti/share/vizanti/package.dsv'
[4.292s] INFO:colcon.colcon_core.shell:Creating package script '/home/ws/ugv_ws/install/vizanti/share/vizanti/package.sh'
[4.292s] INFO:colcon.colcon_core.shell:Creating package script '/home/ws/ugv_ws/install/vizanti/share/vizanti/package.bash'
[4.293s] INFO:colcon.colcon_core.shell:Creating package script '/home/ws/ugv_ws/install/vizanti/share/vizanti/package.zsh'
[4.294s] Level 1:colcon.colcon_core.environment:create_file_with_runtime_dependencies(/home/ws/ugv_ws/install/vizanti/share/colcon-core/packages/vizanti)
[4.301s] DEBUG:colcon.colcon_core.event_handler.log_command:Invoking command in '/home/ws/ugv_ws/build/teb_local_planner': CMAKE_PREFIX_PATH=/home/ws/ugv_ws/install/teb_msgs:/home/ws/ugv_ws/install/costmap_converter:/home/ws/ugv_ws/install/costmap_converter_msgs:/home/ws/ugv_ws/install/vizanti:/home/ws/ugv_ws/install/vizanti_server:/home/ws/ugv_ws/install/vizanti_demos:/home/ws/ugv_ws/install/vizanti_msgs:/home/ws/ugv_ws/install/vizanti_cpp:/home/ws/ugv_ws/install/ugv_slam:/home/ws/ugv_ws/install/ugv_nav:/home/ws/ugv_ws/install/ugv_interface:/home/ws/ugv_ws/install/ugv_gazebo:/home/ws/ugv_ws/install/ugv_description:/home/ws/ugv_ws/install/ugv_base_node:/home/ws/ugv_ws/install/teb_local_planner:/home/ws/ugv_ws/install/slam_gmapping:/home/ws/ugv_ws/install/robot_pose_publisher:/home/ws/ugv_ws/install/rf2o_laser_odometry:/home/ws/ugv_ws/install/openslam_gmapping:/home/ws/ugv_ws/install/ldlidar:/home/ws/ugv_ws/install/explore_lite:/home/ws/ugv_ws/install/emcl2:/home/ws/ugv_ws/install/cartographer:/home/ws/ugv_ws/install/apriltag_ros:/home/ws/ugv_ws/install/apriltag_msgs:/home/ws/ugv_ws/install/apriltag:/home/ws/ugv_ws/install/ugv_web_app:/home/ws/ugv_ws/install/ugv_vision:/home/ws/ugv_ws/install/ugv_tools:/home/ws/ugv_ws/install/ugv_chat_ai:/home/ws/ugv_ws/install/ugv_bringup:/opt/ros/humble LD_LIBRARY_PATH=/home/ws/ugv_ws/install/teb_msgs/lib:/home/ws/ugv_ws/install/costmap_converter/lib:/home/ws/ugv_ws/install/costmap_converter_msgs/lib:/home/ws/ugv_ws/install/vizanti_msgs/lib:/home/ws/ugv_ws/install/ugv_interface/lib:/home/ws/ugv_ws/install/teb_local_planner/lib:/home/ws/ugv_ws/install/openslam_gmapping/lib:/home/ws/ugv_ws/install/apriltag_ros/lib:/home/ws/ugv_ws/install/apriltag_msgs/lib:/home/ws/ugv_ws/install/apriltag/lib:/opt/ros/humble/opt/rviz_ogre_vendor/lib:/opt/ros/humble/lib/aarch64-linux-gnu:/opt/ros/humble/lib /usr/bin/cmake --install /home/ws/ugv_ws/build/teb_local_planner
[4.321s] Level 1:colcon.colcon_core.environment:create_environment_scripts_only(teb_local_planner)
[4.322s] Level 1:colcon.colcon_core.environment:checking '/home/ws/ugv_ws/install/teb_local_planner' for CMake module files
[4.322s] DEBUG:colcon.colcon_core.event_handler.log_command:Invoked command in '/home/ws/ugv_ws/build/teb_local_planner' returned '0': CMAKE_PREFIX_PATH=/home/ws/ugv_ws/install/teb_msgs:/home/ws/ugv_ws/install/costmap_converter:/home/ws/ugv_ws/install/costmap_converter_msgs:/home/ws/ugv_ws/install/vizanti:/home/ws/ugv_ws/install/vizanti_server:/home/ws/ugv_ws/install/vizanti_demos:/home/ws/ugv_ws/install/vizanti_msgs:/home/ws/ugv_ws/install/vizanti_cpp:/home/ws/ugv_ws/install/ugv_slam:/home/ws/ugv_ws/install/ugv_nav:/home/ws/ugv_ws/install/ugv_interface:/home/ws/ugv_ws/install/ugv_gazebo:/home/ws/ugv_ws/install/ugv_description:/home/ws/ugv_ws/install/ugv_base_node:/home/ws/ugv_ws/install/teb_local_planner:/home/ws/ugv_ws/install/slam_gmapping:/home/ws/ugv_ws/install/robot_pose_publisher:/home/ws/ugv_ws/install/rf2o_laser_odometry:/home/ws/ugv_ws/install/openslam_gmapping:/home/ws/ugv_ws/install/ldlidar:/home/ws/ugv_ws/install/explore_lite:/home/ws/ugv_ws/install/emcl2:/home/ws/ugv_ws/install/cartographer:/home/ws/ugv_ws/install/apriltag_ros:/home/ws/ugv_ws/install/apriltag_msgs:/home/ws/ugv_ws/install/apriltag:/home/ws/ugv_ws/install/ugv_web_app:/home/ws/ugv_ws/install/ugv_vision:/home/ws/ugv_ws/install/ugv_tools:/home/ws/ugv_ws/install/ugv_chat_ai:/home/ws/ugv_ws/install/ugv_bringup:/opt/ros/humble LD_LIBRARY_PATH=/home/ws/ugv_ws/install/teb_msgs/lib:/home/ws/ugv_ws/install/costmap_converter/lib:/home/ws/ugv_ws/install/costmap_converter_msgs/lib:/home/ws/ugv_ws/install/vizanti_msgs/lib:/home/ws/ugv_ws/install/ugv_interface/lib:/home/ws/ugv_ws/install/teb_local_planner/lib:/home/ws/ugv_ws/install/openslam_gmapping/lib:/home/ws/ugv_ws/install/apriltag_ros/lib:/home/ws/ugv_ws/install/apriltag_msgs/lib:/home/ws/ugv_ws/install/apriltag/lib:/opt/ros/humble/opt/rviz_ogre_vendor/lib:/opt/ros/humble/lib/aarch64-linux-gnu:/opt/ros/humble/lib /usr/bin/cmake --install /home/ws/ugv_ws/build/teb_local_planner
[4.323s] Level 1:colcon.colcon_core.environment:checking '/home/ws/ugv_ws/install/teb_local_planner' for CMake config files
[4.323s] Level 1:colcon.colcon_core.shell:create_environment_hook('teb_local_planner', 'cmake_prefix_path')
[4.323s] INFO:colcon.colcon_core.shell:Creating environment hook '/home/ws/ugv_ws/install/teb_local_planner/share/teb_local_planner/hook/cmake_prefix_path.ps1'
[4.324s] INFO:colcon.colcon_core.shell:Creating environment descriptor '/home/ws/ugv_ws/install/teb_local_planner/share/teb_local_planner/hook/cmake_prefix_path.dsv'
[4.325s] INFO:colcon.colcon_core.shell:Creating environment hook '/home/ws/ugv_ws/install/teb_local_planner/share/teb_local_planner/hook/cmake_prefix_path.sh'
[4.329s] Level 1:colcon.colcon_core.environment:checking '/home/ws/ugv_ws/install/teb_local_planner/lib'
[4.329s] Level 1:colcon.colcon_core.shell:create_environment_hook('teb_local_planner', 'ld_library_path_lib')
[4.329s] INFO:colcon.colcon_core.shell:Creating environment hook '/home/ws/ugv_ws/install/teb_local_planner/share/teb_local_planner/hook/ld_library_path_lib.ps1'
[4.330s] INFO:colcon.colcon_core.shell:Creating environment descriptor '/home/ws/ugv_ws/install/teb_local_planner/share/teb_local_planner/hook/ld_library_path_lib.dsv'
[4.330s] INFO:colcon.colcon_core.shell:Creating environment hook '/home/ws/ugv_ws/install/teb_local_planner/share/teb_local_planner/hook/ld_library_path_lib.sh'
[4.331s] Level 1:colcon.colcon_core.environment:checking '/home/ws/ugv_ws/install/teb_local_planner/bin'
[4.331s] Level 1:colcon.colcon_core.environment:checking '/home/ws/ugv_ws/install/teb_local_planner/lib/pkgconfig/teb_local_planner.pc'
[4.331s] Level 1:colcon.colcon_core.environment:checking '/home/ws/ugv_ws/install/teb_local_planner/lib/python3.10/site-packages'
[4.331s] Level 1:colcon.colcon_core.environment:checking '/home/ws/ugv_ws/install/teb_local_planner/bin'
[4.332s] INFO:colcon.colcon_core.shell:Creating package script '/home/ws/ugv_ws/install/teb_local_planner/share/teb_local_planner/package.ps1'
[4.332s] INFO:colcon.colcon_core.shell:Creating package descriptor '/home/ws/ugv_ws/install/teb_local_planner/share/teb_local_planner/package.dsv'
[4.333s] INFO:colcon.colcon_core.shell:Creating package script '/home/ws/ugv_ws/install/teb_local_planner/share/teb_local_planner/package.sh'
[4.334s] INFO:colcon.colcon_core.shell:Creating package script '/home/ws/ugv_ws/install/teb_local_planner/share/teb_local_planner/package.bash'
[4.334s] INFO:colcon.colcon_core.shell:Creating package script '/home/ws/ugv_ws/install/teb_local_planner/share/teb_local_planner/package.zsh'
[4.335s] Level 1:colcon.colcon_core.environment:create_file_with_runtime_dependencies(/home/ws/ugv_ws/install/teb_local_planner/share/colcon-core/packages/teb_local_planner)
[4.339s] Level 1:colcon.colcon_core.environment:create_environment_scripts_only(vizanti)
[4.340s] DEBUG:colcon.colcon_core.event_handler.log_command:Invoking command in '/home/ws/ugv_ws/build/ugv_interface': CMAKE_PREFIX_PATH=${CMAKE_PREFIX_PATH}:/home/ws/ugv_ws/install/ugv_web_app:/home/ws/ugv_ws/install/ugv_vision:/home/ws/ugv_ws/install/ugv_tools:/home/ws/ugv_ws/install/ugv_chat_ai:/home/ws/ugv_ws/install/ugv_bringup:/opt/ros/humble /usr/bin/cmake --install /home/ws/ugv_ws/build/ugv_interface
[4.340s] Level 1:colcon.colcon_core.environment:checking '/home/ws/ugv_ws/install/vizanti' for CMake module files
[4.341s] Level 1:colcon.colcon_core.environment:checking '/home/ws/ugv_ws/install/vizanti' for CMake config files
[4.341s] Level 1:colcon.colcon_core.shell:create_environment_hook('vizanti', 'cmake_prefix_path')
[4.342s] INFO:colcon.colcon_core.shell:Creating environment hook '/home/ws/ugv_ws/install/vizanti/share/vizanti/hook/cmake_prefix_path.ps1'
[4.343s] INFO:colcon.colcon_core.shell:Creating environment descriptor '/home/ws/ugv_ws/install/vizanti/share/vizanti/hook/cmake_prefix_path.dsv'
[4.344s] INFO:colcon.colcon_core.shell:Creating environment hook '/home/ws/ugv_ws/install/vizanti/share/vizanti/hook/cmake_prefix_path.sh'
[4.347s] Level 1:colcon.colcon_core.environment:checking '/home/ws/ugv_ws/install/vizanti/bin'
[4.347s] Level 1:colcon.colcon_core.environment:checking '/home/ws/ugv_ws/install/vizanti/lib/pkgconfig/vizanti.pc'
[4.348s] Level 1:colcon.colcon_core.environment:checking '/home/ws/ugv_ws/install/vizanti/lib/python3.10/site-packages'
[4.348s] Level 1:colcon.colcon_core.environment:checking '/home/ws/ugv_ws/install/vizanti/bin'
[4.349s] INFO:colcon.colcon_core.shell:Creating package script '/home/ws/ugv_ws/install/vizanti/share/vizanti/package.ps1'
[4.350s] INFO:colcon.colcon_core.shell:Creating package descriptor '/home/ws/ugv_ws/install/vizanti/share/vizanti/package.dsv'
[4.354s] INFO:colcon.colcon_core.shell:Creating package script '/home/ws/ugv_ws/install/vizanti/share/vizanti/package.sh'
[4.354s] INFO:colcon.colcon_core.shell:Creating package script '/home/ws/ugv_ws/install/vizanti/share/vizanti/package.bash'
[4.355s] INFO:colcon.colcon_core.shell:Creating package script '/home/ws/ugv_ws/install/vizanti/share/vizanti/package.zsh'
[4.356s] Level 1:colcon.colcon_core.environment:create_file_with_runtime_dependencies(/home/ws/ugv_ws/install/vizanti/share/colcon-core/packages/vizanti)
[4.386s] Level 1:colcon.colcon_core.environment:create_environment_scripts_only(teb_local_planner)
[4.386s] Level 1:colcon.colcon_core.environment:checking '/home/ws/ugv_ws/install/teb_local_planner' for CMake module files
[4.386s] Level 1:colcon.colcon_core.environment:checking '/home/ws/ugv_ws/install/teb_local_planner' for CMake config files
[4.387s] Level 1:colcon.colcon_core.shell:create_environment_hook('teb_local_planner', 'cmake_prefix_path')
[4.387s] INFO:colcon.colcon_core.shell:Creating environment hook '/home/ws/ugv_ws/install/teb_local_planner/share/teb_local_planner/hook/cmake_prefix_path.ps1'
[4.388s] INFO:colcon.colcon_core.shell:Creating environment descriptor '/home/ws/ugv_ws/install/teb_local_planner/share/teb_local_planner/hook/cmake_prefix_path.dsv'
[4.389s] INFO:colcon.colcon_core.shell:Creating environment hook '/home/ws/ugv_ws/install/teb_local_planner/share/teb_local_planner/hook/cmake_prefix_path.sh'
[4.389s] Level 1:colcon.colcon_core.environment:checking '/home/ws/ugv_ws/install/teb_local_planner/lib'
[4.390s] Level 1:colcon.colcon_core.shell:create_environment_hook('teb_local_planner', 'ld_library_path_lib')
[4.390s] INFO:colcon.colcon_core.shell:Creating environment hook '/home/ws/ugv_ws/install/teb_local_planner/share/teb_local_planner/hook/ld_library_path_lib.ps1'
[4.390s] INFO:colcon.colcon_core.shell:Creating environment descriptor '/home/ws/ugv_ws/install/teb_local_planner/share/teb_local_planner/hook/ld_library_path_lib.dsv'
[4.391s] INFO:colcon.colcon_core.shell:Creating environment hook '/home/ws/ugv_ws/install/teb_local_planner/share/teb_local_planner/hook/ld_library_path_lib.sh'
[4.392s] Level 1:colcon.colcon_core.environment:checking '/home/ws/ugv_ws/install/teb_local_planner/bin'
[4.392s] Level 1:colcon.colcon_core.environment:checking '/home/ws/ugv_ws/install/teb_local_planner/lib/pkgconfig/teb_local_planner.pc'
[4.392s] Level 1:colcon.colcon_core.environment:checking '/home/ws/ugv_ws/install/teb_local_planner/lib/python3.10/site-packages'
[4.392s] Level 1:colcon.colcon_core.environment:checking '/home/ws/ugv_ws/install/teb_local_planner/bin'
[4.393s] INFO:colcon.colcon_core.shell:Creating package script '/home/ws/ugv_ws/install/teb_local_planner/share/teb_local_planner/package.ps1'
[4.393s] INFO:colcon.colcon_core.shell:Creating package descriptor '/home/ws/ugv_ws/install/teb_local_planner/share/teb_local_planner/package.dsv'
[4.397s] INFO:colcon.colcon_core.shell:Creating package script '/home/ws/ugv_ws/install/teb_local_planner/share/teb_local_planner/package.sh'
[4.398s] INFO:colcon.colcon_core.shell:Creating package script '/home/ws/ugv_ws/install/teb_local_planner/share/teb_local_planner/package.bash'
[4.398s] INFO:colcon.colcon_core.shell:Creating package script '/home/ws/ugv_ws/install/teb_local_planner/share/teb_local_planner/package.zsh'
[4.399s] Level 1:colcon.colcon_core.environment:create_file_with_runtime_dependencies(/home/ws/ugv_ws/install/teb_local_planner/share/colcon-core/packages/teb_local_planner)
[4.418s] Level 1:colcon.colcon_core.environment:create_environment_scripts_only(ugv_interface)
[4.418s] Level 1:colcon.colcon_core.environment:checking '/home/ws/ugv_ws/install/ugv_interface' for CMake module files
[4.418s] DEBUG:colcon.colcon_core.event_handler.log_command:Invoked command in '/home/ws/ugv_ws/build/ugv_interface' returned '0': CMAKE_PREFIX_PATH=${CMAKE_PREFIX_PATH}:/home/ws/ugv_ws/install/ugv_web_app:/home/ws/ugv_ws/install/ugv_vision:/home/ws/ugv_ws/install/ugv_tools:/home/ws/ugv_ws/install/ugv_chat_ai:/home/ws/ugv_ws/install/ugv_bringup:/opt/ros/humble /usr/bin/cmake --install /home/ws/ugv_ws/build/ugv_interface
[4.419s] Level 1:colcon.colcon_core.environment:checking '/home/ws/ugv_ws/install/ugv_interface' for CMake config files
[4.419s] Level 1:colcon.colcon_core.shell:create_environment_hook('ugv_interface', 'cmake_prefix_path')
[4.420s] INFO:colcon.colcon_core.shell:Creating environment hook '/home/ws/ugv_ws/install/ugv_interface/share/ugv_interface/hook/cmake_prefix_path.ps1'
[4.420s] INFO:colcon.colcon_core.shell:Creating environment descriptor '/home/ws/ugv_ws/install/ugv_interface/share/ugv_interface/hook/cmake_prefix_path.dsv'
[4.421s] INFO:colcon.colcon_core.shell:Creating environment hook '/home/ws/ugv_ws/install/ugv_interface/share/ugv_interface/hook/cmake_prefix_path.sh'
[4.422s] Level 1:colcon.colcon_core.environment:checking '/home/ws/ugv_ws/install/ugv_interface/lib'
[4.422s] Level 1:colcon.colcon_core.shell:create_environment_hook('ugv_interface', 'ld_library_path_lib')
[4.422s] INFO:colcon.colcon_core.shell:Creating environment hook '/home/ws/ugv_ws/install/ugv_interface/share/ugv_interface/hook/ld_library_path_lib.ps1'
[4.422s] INFO:colcon.colcon_core.shell:Creating environment descriptor '/home/ws/ugv_ws/install/ugv_interface/share/ugv_interface/hook/ld_library_path_lib.dsv'
[4.423s] INFO:colcon.colcon_core.shell:Creating environment hook '/home/ws/ugv_ws/install/ugv_interface/share/ugv_interface/hook/ld_library_path_lib.sh'
[4.427s] Level 1:colcon.colcon_core.environment:checking '/home/ws/ugv_ws/install/ugv_interface/bin'
[4.427s] Level 1:colcon.colcon_core.environment:checking '/home/ws/ugv_ws/install/ugv_interface/lib/pkgconfig/ugv_interface.pc'
[4.427s] Level 1:colcon.colcon_core.environment:checking '/home/ws/ugv_ws/install/ugv_interface/lib/python3.10/site-packages'
[4.427s] Level 1:colcon.colcon_core.environment:checking '/home/ws/ugv_ws/install/ugv_interface/bin'
[4.428s] INFO:colcon.colcon_core.shell:Creating package script '/home/ws/ugv_ws/install/ugv_interface/share/ugv_interface/package.ps1'
[4.428s] INFO:colcon.colcon_core.shell:Creating package descriptor '/home/ws/ugv_ws/install/ugv_interface/share/ugv_interface/package.dsv'
[4.429s] INFO:colcon.colcon_core.shell:Creating package script '/home/ws/ugv_ws/install/ugv_interface/share/ugv_interface/package.sh'
[4.429s] INFO:colcon.colcon_core.shell:Creating package script '/home/ws/ugv_ws/install/ugv_interface/share/ugv_interface/package.bash'
[4.430s] INFO:colcon.colcon_core.shell:Creating package script '/home/ws/ugv_ws/install/ugv_interface/share/ugv_interface/package.zsh'
[4.431s] Level 1:colcon.colcon_core.environment:create_file_with_runtime_dependencies(/home/ws/ugv_ws/install/ugv_interface/share/colcon-core/packages/ugv_interface)
[4.498s] Level 1:colcon.colcon_core.environment:create_environment_scripts_only(ugv_interface)
[4.498s] Level 1:colcon.colcon_core.environment:checking '/home/ws/ugv_ws/install/ugv_interface' for CMake module files
[4.499s] Level 1:colcon.colcon_core.environment:checking '/home/ws/ugv_ws/install/ugv_interface' for CMake config files
[4.499s] Level 1:colcon.colcon_core.shell:create_environment_hook('ugv_interface', 'cmake_prefix_path')
[4.499s] INFO:colcon.colcon_core.shell:Creating environment hook '/home/ws/ugv_ws/install/ugv_interface/share/ugv_interface/hook/cmake_prefix_path.ps1'
[4.500s] INFO:colcon.colcon_core.shell:Creating environment descriptor '/home/ws/ugv_ws/install/ugv_interface/share/ugv_interface/hook/cmake_prefix_path.dsv'
[4.500s] INFO:colcon.colcon_core.shell:Creating environment hook '/home/ws/ugv_ws/install/ugv_interface/share/ugv_interface/hook/cmake_prefix_path.sh'
[4.501s] Level 1:colcon.colcon_core.environment:checking '/home/ws/ugv_ws/install/ugv_interface/lib'
[4.502s] Level 1:colcon.colcon_core.shell:create_environment_hook('ugv_interface', 'ld_library_path_lib')
[4.502s] INFO:colcon.colcon_core.shell:Creating environment hook '/home/ws/ugv_ws/install/ugv_interface/share/ugv_interface/hook/ld_library_path_lib.ps1'
[4.502s] INFO:colcon.colcon_core.shell:Creating environment descriptor '/home/ws/ugv_ws/install/ugv_interface/share/ugv_interface/hook/ld_library_path_lib.dsv'
[4.503s] INFO:colcon.colcon_core.shell:Creating environment hook '/home/ws/ugv_ws/install/ugv_interface/share/ugv_interface/hook/ld_library_path_lib.sh'
[4.507s] Level 1:colcon.colcon_core.environment:checking '/home/ws/ugv_ws/install/ugv_interface/bin'
[4.507s] Level 1:colcon.colcon_core.environment:checking '/home/ws/ugv_ws/install/ugv_interface/lib/pkgconfig/ugv_interface.pc'
[4.507s] Level 1:colcon.colcon_core.environment:checking '/home/ws/ugv_ws/install/ugv_interface/lib/python3.10/site-packages'
[4.507s] Level 1:colcon.colcon_core.environment:checking '/home/ws/ugv_ws/install/ugv_interface/bin'
[4.508s] INFO:colcon.colcon_core.shell:Creating package script '/home/ws/ugv_ws/install/ugv_interface/share/ugv_interface/package.ps1'
[4.508s] INFO:colcon.colcon_core.shell:Creating package descriptor '/home/ws/ugv_ws/install/ugv_interface/share/ugv_interface/package.dsv'
[4.509s] INFO:colcon.colcon_core.shell:Creating package script '/home/ws/ugv_ws/install/ugv_interface/share/ugv_interface/package.sh'
[4.510s] INFO:colcon.colcon_core.shell:Creating package script '/home/ws/ugv_ws/install/ugv_interface/share/ugv_interface/package.bash'
[4.510s] INFO:colcon.colcon_core.shell:Creating package script '/home/ws/ugv_ws/install/ugv_interface/share/ugv_interface/package.zsh'
[4.511s] Level 1:colcon.colcon_core.environment:create_file_with_runtime_dependencies(/home/ws/ugv_ws/install/ugv_interface/share/colcon-core/packages/ugv_interface)
[4.511s] DEBUG:colcon.colcon_parallel_executor.executor.parallel:closing loop
[4.512s] DEBUG:colcon.colcon_parallel_executor.executor.parallel:loop closed
[4.512s] DEBUG:colcon.colcon_parallel_executor.executor.parallel:run_until_complete finished with '0'
[4.512s] DEBUG:colcon.colcon_core.event_reactor:joining thread
[4.519s] INFO:colcon.colcon_core.plugin_system:Skipping extension 'colcon_notification.desktop_notification.notify_send': Could not find 'notify-send'
[4.519s] INFO:colcon.colcon_core.plugin_system:Skipping extension 'colcon_notification.desktop_notification.terminal_notifier': Not used on non-Darwin systems
[4.519s] INFO:colcon.colcon_core.plugin_system:Skipping extension 'colcon_notification.desktop_notification.win32': Not used on non-Windows systems
[4.519s] INFO:colcon.colcon_notification.desktop_notification:Sending desktop notification using 'notify2'
[4.522s] DEBUG:colcon.colcon_notification.desktop_notification.notify2:Failed to initialize notify2: org.freedesktop.DBus.Error.Spawn.ExecFailed: /usr/bin/dbus-launch terminated abnormally without any error message
[4.522s] DEBUG:colcon.colcon_core.event_reactor:joined thread
[4.523s] INFO:colcon.colcon_core.shell:Creating prefix script '/home/ws/ugv_ws/install/local_setup.ps1'
[4.524s] INFO:colcon.colcon_core.shell:Creating prefix util module '/home/ws/ugv_ws/install/_local_setup_util_ps1.py'
[4.525s] INFO:colcon.colcon_core.shell:Creating prefix chain script '/home/ws/ugv_ws/install/setup.ps1'
[4.528s] INFO:colcon.colcon_core.shell:Creating prefix script '/home/ws/ugv_ws/install/local_setup.sh'
[4.531s] INFO:colcon.colcon_core.shell:Creating prefix util module '/home/ws/ugv_ws/install/_local_setup_util_sh.py'
[4.532s] INFO:colcon.colcon_core.shell:Creating prefix chain script '/home/ws/ugv_ws/install/setup.sh'
[4.534s] INFO:colcon.colcon_core.shell:Creating prefix script '/home/ws/ugv_ws/install/local_setup.bash'
[4.535s] INFO:colcon.colcon_core.shell:Creating prefix chain script '/home/ws/ugv_ws/install/setup.bash'
[4.537s] INFO:colcon.colcon_core.shell:Creating prefix script '/home/ws/ugv_ws/install/local_setup.zsh'
[4.537s] INFO:colcon.colcon_core.shell:Creating prefix chain script '/home/ws/ugv_ws/install/setup.zsh'
