[0.000000] (-) TimerEvent: {}
[0.001461] (-) JobUnselected: {'identifier': 'apriltag'}
[0.002019] (-) JobUnselected: {'identifier': 'apriltag_msgs'}
[0.002536] (-) JobUnselected: {'identifier': 'apriltag_ros'}
[0.002698] (-) JobUnselected: {'identifier': 'audio_utils'}
[0.002820] (-) JobUnselected: {'identifier': 'audio_utils_msgs'}
[0.002935] (-) JobUnselected: {'identifier': 'cartographer'}
[0.003046] (-) JobUnselected: {'identifier': 'costmap_converter'}
[0.003161] (-) JobUnselected: {'identifier': 'costmap_converter_msgs'}
[0.003273] (-) JobUnselected: {'identifier': 'cv_camera'}
[0.003379] (-) JobUnselected: {'identifier': 'emcl2'}
[0.003486] (-) JobUnselected: {'identifier': 'explore_lite'}
[0.003549] (-) JobUnselected: {'identifier': 'face_cropping'}
[0.003654] (-) JobUnselected: {'identifier': 'ldlidar'}
[0.003759] (-) JobUnselected: {'identifier': 'odas_ros'}
[0.003864] (-) JobUnselected: {'identifier': 'odas_ros_msgs'}
[0.003971] (-) JobUnselected: {'identifier': 'openslam_gmapping'}
[0.004077] (-) JobUnselected: {'identifier': 'opentera_client_ros'}
[0.004181] (-) JobUnselected: {'identifier': 'opentera_protobuf_messages'}
[0.004286] (-) JobUnselected: {'identifier': 'opentera_webrtc_demos'}
[0.004393] (-) JobUnselected: {'identifier': 'opentera_webrtc_robot_gui'}
[0.004502] (-) JobUnselected: {'identifier': 'opentera_webrtc_ros_msgs'}
[0.004821] (-) JobUnselected: {'identifier': 'rf2o_laser_odometry'}
[0.004914] (-) JobUnselected: {'identifier': 'robot_pose_publisher'}
[0.004985] (-) JobUnselected: {'identifier': 'slam_gmapping'}
[0.005053] (-) JobUnselected: {'identifier': 'teb_local_planner'}
[0.005114] (-) JobUnselected: {'identifier': 'teb_msgs'}
[0.005174] (-) JobUnselected: {'identifier': 'turtlebot3_beam_description'}
[0.005241] (-) JobUnselected: {'identifier': 'ugv_base_node'}
[0.005306] (-) JobUnselected: {'identifier': 'ugv_bringup'}
[0.005366] (-) JobUnselected: {'identifier': 'ugv_chat_ai'}
[0.005426] (-) JobUnselected: {'identifier': 'ugv_description'}
[0.005487] (-) JobUnselected: {'identifier': 'ugv_gazebo'}
[0.005582] (-) JobUnselected: {'identifier': 'ugv_interface'}
[0.005673] (-) JobUnselected: {'identifier': 'ugv_nav'}
[0.005736] (-) JobUnselected: {'identifier': 'ugv_slam'}
[0.005796] (-) JobUnselected: {'identifier': 'ugv_tools'}
[0.005856] (-) JobUnselected: {'identifier': 'ugv_vision'}
[0.005917] (-) JobUnselected: {'identifier': 'ugv_web_app'}
[0.005976] (-) JobUnselected: {'identifier': 'vizanti'}
[0.006036] (-) JobUnselected: {'identifier': 'vizanti_cpp'}
[0.006095] (-) JobUnselected: {'identifier': 'vizanti_demos'}
[0.006154] (-) JobUnselected: {'identifier': 'vizanti_msgs'}
[0.006212] (-) JobUnselected: {'identifier': 'vizanti_server'}
[0.006283] (map_image_generator) JobQueued: {'identifier': 'map_image_generator', 'dependencies': OrderedDict([('audio_utils_msgs', '/home/ws/ugv_ws/install/audio_utils_msgs'), ('odas_ros_msgs', '/home/ws/ugv_ws/install/odas_ros_msgs'), ('opentera_webrtc_ros_msgs', '/home/ws/ugv_ws/install/opentera_webrtc_ros_msgs')])}
[0.006378] (opentera_webrtc_ros) JobQueued: {'identifier': 'opentera_webrtc_ros', 'dependencies': OrderedDict([('audio_utils_msgs', '/home/ws/ugv_ws/install/audio_utils_msgs'), ('cv_camera', '/home/ws/ugv_ws/install/cv_camera'), ('odas_ros_msgs', '/home/ws/ugv_ws/install/odas_ros_msgs'), ('opentera_webrtc_ros_msgs', '/home/ws/ugv_ws/install/opentera_webrtc_ros_msgs'), ('map_image_generator', '/home/ws/ugv_ws/install/map_image_generator')])}
[0.006473] (map_image_generator) JobStarted: {'identifier': 'map_image_generator'}
[0.078677] (map_image_generator) JobProgress: {'identifier': 'map_image_generator', 'progress': 'cmake'}
[0.079361] (map_image_generator) Command: {'cmd': ['/usr/bin/cmake', '/home/ws/ugv_ws/src/ugv_else/opentera-webrtc-ros/map_image_generator', '-DPYTHON_EXECUTABLE=/usr/bin/python3', '-DCMAKE_BUILD_TYPE=Debug', '--no-warn-unused-cli', '-DAMENT_CMAKE_SYMLINK_INSTALL=1', '-DCMAKE_INSTALL_PREFIX=/home/ws/ugv_ws/install/map_image_generator'], 'cwd': '/home/ws/ugv_ws/build/map_image_generator', 'env': OrderedDict([('HTTPS_PROXY', 'http://192.168.9.183:10809/'), ('no_proxy', 'localhost,127.0.0.0/8,::1'), ('USER', 'root'), ('SSH_CLIENT', '192.168.9.183 54790 23'), ('all_proxy', 'socks://192.168.9.183:10809/'), ('LDLIDAR_MODEL', 'ld19'), ('SHLVL', '1'), ('LD_LIBRARY_PATH', '/home/ws/ugv_ws/install/opentera_webrtc_ros_msgs/lib:/home/ws/ugv_ws/install/odas_ros_msgs/lib:/home/ws/ugv_ws/install/audio_utils_msgs/lib:/home/ws/ugv_ws/install/odas_ros/lib:/home/ws/ugv_ws/install/audio_utils/lib:/home/ws/ugv_ws/install/vizanti_msgs/lib:/home/ws/ugv_ws/install/ugv_interface/lib:/home/ws/ugv_ws/install/teb_local_planner/lib:/home/ws/ugv_ws/install/teb_msgs/lib:/home/ws/ugv_ws/install/openslam_gmapping/lib:/home/ws/ugv_ws/install/costmap_converter/lib:/home/ws/ugv_ws/install/costmap_converter_msgs/lib:/home/ws/ugv_ws/install/apriltag_ros/lib:/home/ws/ugv_ws/install/apriltag_msgs/lib:/home/ws/ugv_ws/install/apriltag/lib:/home/ws/ugv_roarm_ws/install/ugv_roarm_moveit_servo/lib:/home/ws/ugv_roarm_ws/install/ugv_roarm_moveit_mtc_demo/lib:/home/ws/ugv_roarm_ws/install/ugv_roarm_moveit_ikfast_plugins/lib:/home/ws/roarm_ws/install/roarm_moveit_mtc_demo/lib:/home/ws/roarm_ws/install/moveit_task_constructor_visualization/lib:/home/ws/roarm_ws/install/moveit_task_constructor_capabilities/lib:/home/ws/roarm_ws/install/moveit_task_constructor_core/lib:/home/ws/roarm_ws/install/rviz_marker_tools/lib:/home/ws/roarm_ws/install/moveit_servo/lib:/home/ws/roarm_ws/install/roarm_msgs/lib:/home/ws/roarm_ws/install/roarm_moveit_servo/lib:/home/ws/roarm_ws/install/roarm_moveit_ikfast_plugins/lib:/home/ws/roarm_ws/install/moveit_task_constructor_msgs/lib:/opt/ros/humble/opt/rviz_ogre_vendor/lib:/opt/ros/humble/lib/aarch64-linux-gnu:/opt/ros/humble/lib'), ('MOTD_SHOWN', 'pam'), ('HOME', '/root'), ('OLDPWD', '/home/ws'), ('NO_PROXY', 'localhost,127.0.0.0/8,::1'), ('SSH_TTY', '/dev/pts/7'), ('ROS_PYTHON_VERSION', '3'), ('LC_CTYPE', 'C.UTF-8'), ('https_proxy', 'http://192.168.9.183:10809/'), ('COLCON_PREFIX_PATH', '/home/ws/ugv_ws/install:/home/ws/ugv_roarm_ws/install:/home/ws/roarm_ws/install'), ('ROS_DISTRO', 'humble'), ('LOGNAME', 'root'), ('ALL_PROXY', 'socks://192.168.9.183:10809/'), ('ROARM_MODEL', 'roarm_m3'), ('http_proxy', 'http://192.168.9.183:10809/'), ('PULSE_SERVER', 'unix:/run/user/1000/pulse/native'), ('_', '/usr/bin/colcon'), ('ROS_VERSION', '2'), ('PKG_CONFIG_PATH', '/home/ws/ugv_ws/install/apriltag/lib/aarch64-linux-gnu/pkgconfig:/home/ws/ugv_ws/install/apriltag/lib/pkgconfig'), ('TERM', 'xterm'), ('ROS_LOCALHOST_ONLY', '0'), ('PATH', '/home/ws/ugv_ws/install/costmap_converter/bin:/home/ws/ugv_ws/install/apriltag_ros/bin:/home/ws/ugv_ws/install/apriltag/bin:/opt/ros/humble/bin:/usr/local/sbin:/usr/local/bin:/usr/sbin:/usr/bin:/sbin:/bin:/usr/games:/usr/local/games:/snap/bin'), ('XDG_RUNTIME_DIR', '/run/user/1000'), ('DISPLAY', 'localhost:11.0'), ('LS_COLORS', 'rs=0:di=01;34:ln=01;36:mh=00:pi=40;33:so=01;35:do=01;35:bd=40;33;01:cd=40;33;01:or=40;31;01:mi=00:su=37;41:sg=30;43:ca=30;41:tw=30;42:ow=34;42:st=37;44:ex=01;32:*.tar=01;31:*.tgz=01;31:*.arc=01;31:*.arj=01;31:*.taz=01;31:*.lha=01;31:*.lz4=01;31:*.lzh=01;31:*.lzma=01;31:*.tlz=01;31:*.txz=01;31:*.tzo=01;31:*.t7z=01;31:*.zip=01;31:*.z=01;31:*.dz=01;31:*.gz=01;31:*.lrz=01;31:*.lz=01;31:*.lzo=01;31:*.xz=01;31:*.zst=01;31:*.tzst=01;31:*.bz2=01;31:*.bz=01;31:*.tbz=01;31:*.tbz2=01;31:*.tz=01;31:*.deb=01;31:*.rpm=01;31:*.jar=01;31:*.war=01;31:*.ear=01;31:*.sar=01;31:*.rar=01;31:*.alz=01;31:*.ace=01;31:*.zoo=01;31:*.cpio=01;31:*.7z=01;31:*.rz=01;31:*.cab=01;31:*.wim=01;31:*.swm=01;31:*.dwm=01;31:*.esd=01;31:*.jpg=01;35:*.jpeg=01;35:*.mjpg=01;35:*.mjpeg=01;35:*.gif=01;35:*.bmp=01;35:*.pbm=01;35:*.pgm=01;35:*.ppm=01;35:*.tga=01;35:*.xbm=01;35:*.xpm=01;35:*.tif=01;35:*.tiff=01;35:*.png=01;35:*.svg=01;35:*.svgz=01;35:*.mng=01;35:*.pcx=01;35:*.mov=01;35:*.mpg=01;35:*.mpeg=01;35:*.m2v=01;35:*.mkv=01;35:*.webm=01;35:*.webp=01;35:*.ogm=01;35:*.mp4=01;35:*.m4v=01;35:*.mp4v=01;35:*.vob=01;35:*.qt=01;35:*.nuv=01;35:*.wmv=01;35:*.asf=01;35:*.rm=01;35:*.rmvb=01;35:*.flc=01;35:*.avi=01;35:*.fli=01;35:*.flv=01;35:*.gl=01;35:*.dl=01;35:*.xcf=01;35:*.xwd=01;35:*.yuv=01;35:*.cgm=01;35:*.emf=01;35:*.ogv=01;35:*.ogx=01;35:*.aac=00;36:*.au=00;36:*.flac=00;36:*.m4a=00;36:*.mid=00;36:*.midi=00;36:*.mka=00;36:*.mp3=00;36:*.mpc=00;36:*.ogg=00;36:*.ra=00;36:*.wav=00;36:*.oga=00;36:*.opus=00;36:*.spx=00;36:*.xspf=00;36:'), ('AMENT_PREFIX_PATH', '/home/ws/ugv_ws/install/opentera_client_ros:/home/ws/ugv_ws/install/opentera_webrtc_ros_msgs:/home/ws/ugv_ws/install/opentera_protobuf_messages:/home/ws/ugv_ws/install/odas_ros:/home/ws/ugv_ws/install/odas_ros_msgs:/home/ws/ugv_ws/install/cv_camera:/home/ws/ugv_ws/install/audio_utils:/home/ws/ugv_ws/install/audio_utils_msgs:/home/ws/ugv_ws/install/vizanti:/home/ws/ugv_ws/install/vizanti_server:/home/ws/ugv_ws/install/vizanti_demos:/home/ws/ugv_ws/install/vizanti_msgs:/home/ws/ugv_ws/install/vizanti_cpp:/home/ws/ugv_ws/install/ugv_web_app:/home/ws/ugv_ws/install/ugv_vision:/home/ws/ugv_ws/install/ugv_tools:/home/ws/ugv_ws/install/ugv_slam:/home/ws/ugv_ws/install/ugv_nav:/home/ws/ugv_ws/install/ugv_interface:/home/ws/ugv_ws/install/ugv_gazebo:/home/ws/ugv_ws/install/ugv_description:/home/ws/ugv_ws/install/ugv_chat_ai:/home/ws/ugv_ws/install/ugv_bringup:/home/ws/ugv_ws/install/ugv_base_node:/home/ws/ugv_ws/install/teb_local_planner:/home/ws/ugv_ws/install/slam_gmapping:/home/ws/ugv_ws/install/robot_pose_publisher:/home/ws/ugv_ws/install/rf2o_laser_odometry:/home/ws/ugv_ws/install/openslam_gmapping:/home/ws/ugv_ws/install/ldlidar:/home/ws/ugv_ws/install/explore_lite:/home/ws/ugv_ws/install/emcl2:/home/ws/ugv_ws/install/costmap_converter:/home/ws/ugv_ws/install/costmap_converter_msgs:/home/ws/ugv_ws/install/cartographer:/home/ws/ugv_ws/install/apriltag_ros:/home/ws/ugv_ws/install/apriltag_msgs:/home/ws/ugv_roarm_ws/install/ugv_roarm_moveit_servo:/home/ws/ugv_roarm_ws/install/ugv_roarm_moveit_mtc_demo:/home/ws/ugv_roarm_ws/install/ugv_roarm_moveit_ikfast_plugins:/home/ws/ugv_roarm_ws/install/ugv_roarm_moveit:/home/ws/ugv_roarm_ws/install/ugv_roarm_description:/home/ws/ugv_roarm_ws/install/ugv_roarm_bringup:/home/ws/roarm_ws/install/roarm_moveit_mtc_demo:/home/ws/roarm_ws/install/moveit_task_constructor_visualization:/home/ws/roarm_ws/install/moveit_task_constructor_capabilities:/home/ws/roarm_ws/install/moveit_task_constructor_core:/home/ws/roarm_ws/install/rviz_marker_tools:/home/ws/roarm_ws/install/roarm_moveit_cmd:/home/ws/roarm_ws/install/moveit_servo:/home/ws/roarm_ws/install/roarm_msgs:/home/ws/roarm_ws/install/roarm_moveit_servo:/home/ws/roarm_ws/install/roarm_moveit_ikfast_plugins:/home/ws/roarm_ws/install/roarm_moveit:/home/ws/roarm_ws/install/roarm_driver:/home/ws/roarm_ws/install/roarm_description:/home/ws/roarm_ws/install/moveit_task_constructor_msgs:/opt/ros/humble'), ('SHELL', '/bin/bash'), ('CMAKE_MODULE_PATH', '/home/ws/roarm_ws/install/moveit_task_constructor_core/share/moveit_task_constructor_core/cmake'), ('PWD', '/home/ws/ugv_ws/build/map_image_generator'), ('SSH_CONNECTION', '192.168.9.183 54790 192.168.9.212 23'), ('PYTHONPATH', '/home/ws/ugv_ws/install/opentera_webrtc_ros_msgs/local/lib/python3.10/dist-packages:/home/ws/ugv_ws/install/opentera_protobuf_messages/local/lib/python3.10/dist-packages:/home/ws/ugv_ws/install/odas_ros/local/lib/python3.10/dist-packages:/home/ws/ugv_ws/install/odas_ros_msgs/local/lib/python3.10/dist-packages:/home/ws/ugv_ws/install/audio_utils/local/lib/python3.10/dist-packages:/home/ws/ugv_ws/install/audio_utils_msgs/local/lib/python3.10/dist-packages:/home/ws/ugv_ws/install/vizanti_msgs/local/lib/python3.10/dist-packages:/home/ws/ugv_ws/build/ugv_web_app:/home/ws/ugv_ws/install/ugv_web_app/lib/python3.10/site-packages:/home/ws/ugv_ws/build/ugv_vision:/home/ws/ugv_ws/install/ugv_vision/lib/python3.10/site-packages:/home/ws/ugv_ws/build/ugv_tools:/home/ws/ugv_ws/install/ugv_tools/lib/python3.10/site-packages:/home/ws/ugv_ws/install/ugv_interface/local/lib/python3.10/dist-packages:/home/ws/ugv_ws/build/ugv_chat_ai:/home/ws/ugv_ws/install/ugv_chat_ai/lib/python3.10/site-packages:/home/ws/ugv_ws/build/ugv_bringup:/home/ws/ugv_ws/install/ugv_bringup/lib/python3.10/site-packages:/home/ws/ugv_ws/install/costmap_converter_msgs/local/lib/python3.10/dist-packages:/home/ws/ugv_ws/install/apriltag_msgs/local/lib/python3.10/dist-packages:/home/ws/ugv_ws/install/apriltag/lib/python3.10/site-packages:/home/ws/ugv_roarm_ws/build/ugv_roarm_bringup:/home/ws/ugv_roarm_ws/install/ugv_roarm_bringup/lib/python3.10/site-packages:/home/ws/roarm_ws/install/moveit_task_constructor_core/local/lib/python3.10/dist-packages:/home/ws/roarm_ws/install/roarm_msgs/local/lib/python3.10/dist-packages:/home/ws/roarm_ws/build/roarm_driver:/home/ws/roarm_ws/install/roarm_driver/lib/python3.10/site-packages:/home/ws/roarm_ws/install/moveit_task_constructor_msgs/local/lib/python3.10/dist-packages:/opt/ros/humble/lib/python3.10/site-packages:/opt/ros/humble/local/lib/python3.10/dist-packages'), ('HTTP_PROXY', 'http://192.168.9.183:10809/'), ('COLCON', '1'), ('CMAKE_PREFIX_PATH', '/home/ws/ugv_ws/install/opentera_webrtc_ros_msgs:/home/ws/ugv_ws/install/odas_ros_msgs:/home/ws/ugv_ws/install/audio_utils_msgs:/home/ws/ugv_ws/install/opentera_client_ros:/home/ws/ugv_ws/install/opentera_protobuf_messages:/home/ws/ugv_ws/install/odas_ros:/home/ws/ugv_ws/install/cv_camera:/home/ws/ugv_ws/install/audio_utils:/home/ws/ugv_ws/install/vizanti:/home/ws/ugv_ws/install/vizanti_server:/home/ws/ugv_ws/install/vizanti_demos:/home/ws/ugv_ws/install/vizanti_msgs:/home/ws/ugv_ws/install/vizanti_cpp:/home/ws/ugv_ws/install/ugv_slam:/home/ws/ugv_ws/install/ugv_nav:/home/ws/ugv_ws/install/ugv_interface:/home/ws/ugv_ws/install/ugv_gazebo:/home/ws/ugv_ws/install/ugv_description:/home/ws/ugv_ws/install/ugv_base_node:/home/ws/ugv_ws/install/teb_local_planner:/home/ws/ugv_ws/install/teb_msgs:/home/ws/ugv_ws/install/slam_gmapping:/home/ws/ugv_ws/install/rf2o_laser_odometry:/home/ws/ugv_ws/install/openslam_gmapping:/home/ws/ugv_ws/install/ldlidar:/home/ws/ugv_ws/install/explore_lite:/home/ws/ugv_ws/install/emcl2:/home/ws/ugv_ws/install/costmap_converter:/home/ws/ugv_ws/install/costmap_converter_msgs:/home/ws/ugv_ws/install/cartographer:/home/ws/ugv_ws/install/apriltag_ros:/home/ws/ugv_ws/install/apriltag_msgs:/home/ws/ugv_ws/install/apriltag:/home/ws/ugv_roarm_ws/install/ugv_roarm_moveit_servo:/home/ws/ugv_roarm_ws/install/ugv_roarm_moveit_mtc_demo:/home/ws/ugv_roarm_ws/install/ugv_roarm_moveit_ikfast_plugins:/home/ws/ugv_roarm_ws/install/ugv_roarm_moveit:/home/ws/ugv_roarm_ws/install/ugv_roarm_description:/home/ws/roarm_ws/install/roarm_moveit_mtc_demo:/home/ws/roarm_ws/install/moveit_task_constructor_visualization:/home/ws/roarm_ws/install/moveit_task_constructor_capabilities:/home/ws/roarm_ws/install/moveit_task_constructor_core:/home/ws/roarm_ws/install/rviz_marker_tools:/home/ws/roarm_ws/install/roarm_moveit_cmd:/home/ws/roarm_ws/install/moveit_servo:/home/ws/roarm_ws/install/roarm_msgs:/home/ws/roarm_ws/install/roarm_moveit_servo:/home/ws/roarm_ws/install/roarm_moveit_ikfast_plugins:/home/ws/roarm_ws/install/roarm_moveit:/home/ws/roarm_ws/install/roarm_description:/home/ws/roarm_ws/install/moveit_task_constructor_msgs:/home/ws/ugv_ws/install/ugv_web_app:/home/ws/ugv_ws/install/ugv_vision:/home/ws/ugv_ws/install/ugv_tools:/home/ws/ugv_ws/install/ugv_chat_ai:/home/ws/ugv_ws/install/ugv_bringup:/home/ws/ugv_ws/install/robot_pose_publisher:/home/ws/ugv_roarm_ws/install/ugv_roarm_bringup:/home/ws/roarm_ws/install/roarm_driver:/opt/ros/humble'), ('UGV_MODEL', 'ugv_rover')]), 'shell': False}
[0.098733] (-) TimerEvent: {}
[0.113836] (map_image_generator) StdoutLine: {'line': b'Not searching for unused variables given on the command line.\n'}
[0.198907] (-) TimerEvent: {}
[0.273418] (map_image_generator) StdoutLine: {'line': b'-- The C compiler identification is GNU 11.4.0\n'}
[0.299092] (-) TimerEvent: {}
[0.401738] (-) TimerEvent: {}
[0.447331] (map_image_generator) StdoutLine: {'line': b'-- The CXX compiler identification is GNU 11.4.0\n'}
[0.467445] (map_image_generator) StdoutLine: {'line': b'-- Detecting C compiler ABI info\n'}
[0.501906] (-) TimerEvent: {}
[0.602589] (-) TimerEvent: {}
[0.693886] (map_image_generator) StdoutLine: {'line': b'-- Detecting C compiler ABI info - done\n'}
[0.705698] (-) TimerEvent: {}
[0.720977] (map_image_generator) StdoutLine: {'line': b'-- Check for working C compiler: /usr/bin/cc - skipped\n'}
[0.722312] (map_image_generator) StdoutLine: {'line': b'-- Detecting C compile features\n'}
[0.723620] (map_image_generator) StdoutLine: {'line': b'-- Detecting C compile features - done\n'}
[0.732415] (map_image_generator) StdoutLine: {'line': b'-- Detecting CXX compiler ABI info\n'}
[0.805887] (-) TimerEvent: {}
[0.907556] (-) TimerEvent: {}
[0.991776] (map_image_generator) StdoutLine: {'line': b'-- Detecting CXX compiler ABI info - done\n'}
[1.007706] (-) TimerEvent: {}
[1.017720] (map_image_generator) StdoutLine: {'line': b'-- Check for working CXX compiler: /usr/bin/c++ - skipped\n'}
[1.018587] (map_image_generator) StdoutLine: {'line': b'-- Detecting CXX compile features\n'}
[1.020077] (map_image_generator) StdoutLine: {'line': b'-- Detecting CXX compile features - done\n'}
[1.045998] (map_image_generator) StdoutLine: {'line': b'-- Found ament_cmake: 1.3.10 (/opt/ros/humble/share/ament_cmake/cmake)\n'}
[1.108293] (-) TimerEvent: {}
[1.209025] (-) TimerEvent: {}
[1.310059] (-) TimerEvent: {}
[1.410654] (-) TimerEvent: {}
[1.512780] (-) TimerEvent: {}
[1.613358] (-) TimerEvent: {}
[1.713971] (-) TimerEvent: {}
[1.808815] (map_image_generator) StdoutLine: {'line': b'-- Found Python3: /usr/bin/python3 (found version "3.10.12") found components: Interpreter \n'}
[1.814149] (-) TimerEvent: {}
[1.915154] (-) TimerEvent: {}
[2.015707] (-) TimerEvent: {}
[2.116585] (map_image_generator) StdoutLine: {'line': b'-- Override CMake install command with custom implementation using symlinks instead of copying resources\n'}
[2.117067] (-) TimerEvent: {}
[2.217788] (-) TimerEvent: {}
[2.318751] (-) TimerEvent: {}
[2.419415] (-) TimerEvent: {}
[2.466934] (map_image_generator) StdoutLine: {'line': b'-- Found rclcpp: 16.0.10 (/opt/ros/humble/share/rclcpp/cmake)\n'}
[2.519566] (-) TimerEvent: {}
[2.620252] (-) TimerEvent: {}
[2.721223] (-) TimerEvent: {}
[2.801869] (map_image_generator) StdoutLine: {'line': b'-- Found rosidl_generator_c: 3.1.5 (/opt/ros/humble/share/rosidl_generator_c/cmake)\n'}
[2.821353] (-) TimerEvent: {}
[2.855261] (map_image_generator) StdoutLine: {'line': b'-- Found rosidl_adapter: 3.1.5 (/opt/ros/humble/share/rosidl_adapter/cmake)\n'}
[2.921511] (-) TimerEvent: {}
[2.922128] (map_image_generator) StdoutLine: {'line': b'-- Found rosidl_generator_cpp: 3.1.5 (/opt/ros/humble/share/rosidl_generator_cpp/cmake)\n'}
[3.005814] (map_image_generator) StdoutLine: {'line': b'-- Using all available rosidl_typesupport_c: rosidl_typesupport_fastrtps_c;rosidl_typesupport_introspection_c\n'}
[3.021695] (-) TimerEvent: {}
[3.122396] (-) TimerEvent: {}
[3.138128] (map_image_generator) StdoutLine: {'line': b'-- Using all available rosidl_typesupport_cpp: rosidl_typesupport_fastrtps_cpp;rosidl_typesupport_introspection_cpp\n'}
[3.222557] (-) TimerEvent: {}
[3.323242] (-) TimerEvent: {}
[3.629890] (map_image_generator) StdoutLine: {'line': b'-- Found rmw_implementation_cmake: 6.1.2 (/opt/ros/humble/share/rmw_implementation_cmake/cmake)\n'}
[3.630394] (-) TimerEvent: {}
[3.630808] (map_image_generator) StdoutLine: {'line': b'-- Found rmw_fastrtps_cpp: 6.2.7 (/opt/ros/humble/share/rmw_fastrtps_cpp/cmake)\n'}
[3.730581] (-) TimerEvent: {}
[3.831594] (-) TimerEvent: {}
[3.914064] (map_image_generator) StdoutLine: {'line': b'-- Found OpenSSL: /usr/lib/aarch64-linux-gnu/libcrypto.so (found version "3.0.2")  \n'}
[3.931738] (-) TimerEvent: {}
[4.027956] (map_image_generator) StdoutLine: {'line': b'-- Found FastRTPS: /opt/ros/humble/include  \n'}
[4.031877] (-) TimerEvent: {}
[4.132605] (-) TimerEvent: {}
[4.207111] (map_image_generator) StdoutLine: {'line': b"-- Using RMW implementation 'rmw_fastrtps_cpp' as default\n"}
[4.232758] (-) TimerEvent: {}
[4.290293] (map_image_generator) StdoutLine: {'line': b'-- Looking for pthread.h\n'}
[4.333819] (-) TimerEvent: {}
[4.437681] (-) TimerEvent: {}
[4.529898] (map_image_generator) StdoutLine: {'line': b'-- Looking for pthread.h - found\n'}
[4.533820] (map_image_generator) StdoutLine: {'line': b'-- Performing Test CMAKE_HAVE_LIBC_PTHREAD\n'}
[4.537832] (-) TimerEvent: {}
[4.641067] (-) TimerEvent: {}
[4.745682] (-) TimerEvent: {}
[4.773851] (map_image_generator) StdoutLine: {'line': b'-- Performing Test CMAKE_HAVE_LIBC_PTHREAD - Success\n'}
[4.777263] (map_image_generator) StdoutLine: {'line': b'-- Found Threads: TRUE  \n'}
[4.845847] (-) TimerEvent: {}
[4.946489] (-) TimerEvent: {}
[5.047498] (-) TimerEvent: {}
[5.052747] (map_image_generator) StdoutLine: {'line': b'-- Found nav_msgs: 4.2.4 (/opt/ros/humble/share/nav_msgs/cmake)\n'}
[5.147640] (-) TimerEvent: {}
[5.204166] (map_image_generator) StdoutLine: {'line': b'-- Found sensor_msgs: 4.2.4 (/opt/ros/humble/share/sensor_msgs/cmake)\n'}
[5.247793] (-) TimerEvent: {}
[5.286389] (map_image_generator) StdoutLine: {'line': b'-- Found visualization_msgs: 4.2.4 (/opt/ros/humble/share/visualization_msgs/cmake)\n'}
[5.347950] (-) TimerEvent: {}
[5.387451] (map_image_generator) StdoutLine: {'line': b'-- Found rtabmap_msgs: 0.21.5 (/opt/ros/humble/share/rtabmap_msgs/cmake)\n'}
[5.448108] (-) TimerEvent: {}
[5.514940] (map_image_generator) StdoutLine: {'line': b'-- Found opentera_webrtc_ros_msgs: 0.0.0 (/home/ws/ugv_ws/install/opentera_webrtc_ros_msgs/share/opentera_webrtc_ros_msgs/cmake)\n'}
[5.548283] (-) TimerEvent: {}
[5.609824] (map_image_generator) StdoutLine: {'line': b'-- Found odas_ros_msgs: 0.0.0 (/home/ws/ugv_ws/install/odas_ros_msgs/share/odas_ros_msgs/cmake)\n'}
[5.648421] (-) TimerEvent: {}
[5.676708] (map_image_generator) StdoutLine: {'line': b'-- Found tf2: 0.25.7 (/opt/ros/humble/share/tf2/cmake)\n'}
[5.748596] (-) TimerEvent: {}
[5.755517] (map_image_generator) StdoutLine: {'line': b'-- Found tf2_ros: 0.25.7 (/opt/ros/humble/share/tf2_ros/cmake)\n'}
[5.848744] (-) TimerEvent: {}
[5.949470] (-) TimerEvent: {}
[6.050227] (-) TimerEvent: {}
[6.151116] (-) TimerEvent: {}
[6.251781] (-) TimerEvent: {}
[6.318273] (map_image_generator) StdoutLine: {'line': b'-- Found tf2_geometry_msgs: 0.25.7 (/opt/ros/humble/share/tf2_geometry_msgs/cmake)\n'}
[6.351923] (-) TimerEvent: {}
[6.449826] (map_image_generator) StdoutLine: {'line': b'-- Found eigen3_cmake_module: 0.1.1 (/opt/ros/humble/share/eigen3_cmake_module/cmake)\n'}
[6.452049] (-) TimerEvent: {}
[6.455137] (map_image_generator) StdoutLine: {'line': b'-- Found Eigen3: TRUE (found version "3.4.0") \n'}
[6.455852] (map_image_generator) StdoutLine: {'line': b'-- Ensuring Eigen3 include directory is part of orocos-kdl CMake target\n'}
[6.485834] (map_image_generator) StdoutLine: {'line': b'-- Found cv_bridge: 3.2.1 (/opt/ros/humble/share/cv_bridge/cmake)\n'}
[6.552224] (-) TimerEvent: {}
[6.560518] (map_image_generator) StdoutLine: {'line': b'-- Found image_transport: 3.1.9 (/opt/ros/humble/share/image_transport/cmake)\n'}
[6.652411] (-) TimerEvent: {}
[6.696680] (map_image_generator) StdoutLine: {'line': b'-- Found OpenCV: /usr (found version "4.5.4") \n'}
[6.752542] (-) TimerEvent: {}
[6.796775] (map_image_generator) StdoutLine: {'line': b'-- Found ament_lint_auto: 0.12.11 (/opt/ros/humble/share/ament_lint_auto/cmake)\n'}
[6.852672] (-) TimerEvent: {}
[6.953617] (-) TimerEvent: {}
[7.054282] (-) TimerEvent: {}
[7.155533] (-) TimerEvent: {}
[7.256200] (-) TimerEvent: {}
[7.357083] (-) TimerEvent: {}
[7.357991] (map_image_generator) StdoutLine: {'line': b"-- Added test 'copyright' to check source files copyright and LICENSE\n"}
[7.369829] (map_image_generator) StdoutLine: {'line': b"-- Added test 'cppcheck' to perform static code analysis on C / C++ code\n"}
[7.370354] (map_image_generator) StdoutLine: {'line': b'-- Configured cppcheck include dirs: $<BUILD_INTERFACE:/home/ws/ugv_ws/src/ugv_else/opentera-webrtc-ros/map_image_generator/include>\n'}
[7.370693] (map_image_generator) StdoutLine: {'line': b'-- Configured cppcheck exclude dirs and/or files: \n'}
[7.376200] (map_image_generator) StdoutLine: {'line': b"-- Added test 'cpplint' to check C / C++ code against the Google style\n"}
[7.376842] (map_image_generator) StdoutLine: {'line': b'-- Configured cpplint exclude dirs and/or files: \n'}
[7.385784] (map_image_generator) StdoutLine: {'line': b"-- Added test 'lint_cmake' to check CMake code style\n"}
[7.393048] (map_image_generator) StdoutLine: {'line': b"-- Added test 'uncrustify' to check C / C++ code style\n"}
[7.393552] (map_image_generator) StdoutLine: {'line': b'-- Configured uncrustify additional arguments: \n'}
[7.398920] (map_image_generator) StdoutLine: {'line': b"-- Added test 'xmllint' to check XML markup files\n"}
[7.409688] (map_image_generator) StdoutLine: {'line': b'-- Configuring done\n'}
[7.457242] (-) TimerEvent: {}
[7.492151] (map_image_generator) StdoutLine: {'line': b'-- Generating done\n'}
[7.498236] (map_image_generator) StdoutLine: {'line': b'-- Build files have been written to: /home/ws/ugv_ws/build/map_image_generator\n'}
[7.539524] (map_image_generator) CommandEnded: {'returncode': 0}
[7.541503] (map_image_generator) JobProgress: {'identifier': 'map_image_generator', 'progress': 'build'}
[7.543741] (map_image_generator) Command: {'cmd': ['/usr/bin/cmake', '--build', '/home/ws/ugv_ws/build/map_image_generator', '--', '-j4', '-l4'], 'cwd': '/home/ws/ugv_ws/build/map_image_generator', 'env': OrderedDict([('HTTPS_PROXY', 'http://192.168.9.183:10809/'), ('no_proxy', 'localhost,127.0.0.0/8,::1'), ('USER', 'root'), ('SSH_CLIENT', '192.168.9.183 54790 23'), ('all_proxy', 'socks://192.168.9.183:10809/'), ('LDLIDAR_MODEL', 'ld19'), ('SHLVL', '1'), ('LD_LIBRARY_PATH', '/home/ws/ugv_ws/install/opentera_webrtc_ros_msgs/lib:/home/ws/ugv_ws/install/odas_ros_msgs/lib:/home/ws/ugv_ws/install/audio_utils_msgs/lib:/home/ws/ugv_ws/install/odas_ros/lib:/home/ws/ugv_ws/install/audio_utils/lib:/home/ws/ugv_ws/install/vizanti_msgs/lib:/home/ws/ugv_ws/install/ugv_interface/lib:/home/ws/ugv_ws/install/teb_local_planner/lib:/home/ws/ugv_ws/install/teb_msgs/lib:/home/ws/ugv_ws/install/openslam_gmapping/lib:/home/ws/ugv_ws/install/costmap_converter/lib:/home/ws/ugv_ws/install/costmap_converter_msgs/lib:/home/ws/ugv_ws/install/apriltag_ros/lib:/home/ws/ugv_ws/install/apriltag_msgs/lib:/home/ws/ugv_ws/install/apriltag/lib:/home/ws/ugv_roarm_ws/install/ugv_roarm_moveit_servo/lib:/home/ws/ugv_roarm_ws/install/ugv_roarm_moveit_mtc_demo/lib:/home/ws/ugv_roarm_ws/install/ugv_roarm_moveit_ikfast_plugins/lib:/home/ws/roarm_ws/install/roarm_moveit_mtc_demo/lib:/home/ws/roarm_ws/install/moveit_task_constructor_visualization/lib:/home/ws/roarm_ws/install/moveit_task_constructor_capabilities/lib:/home/ws/roarm_ws/install/moveit_task_constructor_core/lib:/home/ws/roarm_ws/install/rviz_marker_tools/lib:/home/ws/roarm_ws/install/moveit_servo/lib:/home/ws/roarm_ws/install/roarm_msgs/lib:/home/ws/roarm_ws/install/roarm_moveit_servo/lib:/home/ws/roarm_ws/install/roarm_moveit_ikfast_plugins/lib:/home/ws/roarm_ws/install/moveit_task_constructor_msgs/lib:/opt/ros/humble/opt/rviz_ogre_vendor/lib:/opt/ros/humble/lib/aarch64-linux-gnu:/opt/ros/humble/lib'), ('MOTD_SHOWN', 'pam'), ('HOME', '/root'), ('OLDPWD', '/home/ws'), ('NO_PROXY', 'localhost,127.0.0.0/8,::1'), ('SSH_TTY', '/dev/pts/7'), ('ROS_PYTHON_VERSION', '3'), ('LC_CTYPE', 'C.UTF-8'), ('https_proxy', 'http://192.168.9.183:10809/'), ('COLCON_PREFIX_PATH', '/home/ws/ugv_ws/install:/home/ws/ugv_roarm_ws/install:/home/ws/roarm_ws/install'), ('ROS_DISTRO', 'humble'), ('LOGNAME', 'root'), ('ALL_PROXY', 'socks://192.168.9.183:10809/'), ('ROARM_MODEL', 'roarm_m3'), ('http_proxy', 'http://192.168.9.183:10809/'), ('PULSE_SERVER', 'unix:/run/user/1000/pulse/native'), ('_', '/usr/bin/colcon'), ('ROS_VERSION', '2'), ('PKG_CONFIG_PATH', '/home/ws/ugv_ws/install/apriltag/lib/aarch64-linux-gnu/pkgconfig:/home/ws/ugv_ws/install/apriltag/lib/pkgconfig'), ('TERM', 'xterm'), ('ROS_LOCALHOST_ONLY', '0'), ('PATH', '/home/ws/ugv_ws/install/costmap_converter/bin:/home/ws/ugv_ws/install/apriltag_ros/bin:/home/ws/ugv_ws/install/apriltag/bin:/opt/ros/humble/bin:/usr/local/sbin:/usr/local/bin:/usr/sbin:/usr/bin:/sbin:/bin:/usr/games:/usr/local/games:/snap/bin'), ('XDG_RUNTIME_DIR', '/run/user/1000'), ('DISPLAY', 'localhost:11.0'), ('LS_COLORS', 'rs=0:di=01;34:ln=01;36:mh=00:pi=40;33:so=01;35:do=01;35:bd=40;33;01:cd=40;33;01:or=40;31;01:mi=00:su=37;41:sg=30;43:ca=30;41:tw=30;42:ow=34;42:st=37;44:ex=01;32:*.tar=01;31:*.tgz=01;31:*.arc=01;31:*.arj=01;31:*.taz=01;31:*.lha=01;31:*.lz4=01;31:*.lzh=01;31:*.lzma=01;31:*.tlz=01;31:*.txz=01;31:*.tzo=01;31:*.t7z=01;31:*.zip=01;31:*.z=01;31:*.dz=01;31:*.gz=01;31:*.lrz=01;31:*.lz=01;31:*.lzo=01;31:*.xz=01;31:*.zst=01;31:*.tzst=01;31:*.bz2=01;31:*.bz=01;31:*.tbz=01;31:*.tbz2=01;31:*.tz=01;31:*.deb=01;31:*.rpm=01;31:*.jar=01;31:*.war=01;31:*.ear=01;31:*.sar=01;31:*.rar=01;31:*.alz=01;31:*.ace=01;31:*.zoo=01;31:*.cpio=01;31:*.7z=01;31:*.rz=01;31:*.cab=01;31:*.wim=01;31:*.swm=01;31:*.dwm=01;31:*.esd=01;31:*.jpg=01;35:*.jpeg=01;35:*.mjpg=01;35:*.mjpeg=01;35:*.gif=01;35:*.bmp=01;35:*.pbm=01;35:*.pgm=01;35:*.ppm=01;35:*.tga=01;35:*.xbm=01;35:*.xpm=01;35:*.tif=01;35:*.tiff=01;35:*.png=01;35:*.svg=01;35:*.svgz=01;35:*.mng=01;35:*.pcx=01;35:*.mov=01;35:*.mpg=01;35:*.mpeg=01;35:*.m2v=01;35:*.mkv=01;35:*.webm=01;35:*.webp=01;35:*.ogm=01;35:*.mp4=01;35:*.m4v=01;35:*.mp4v=01;35:*.vob=01;35:*.qt=01;35:*.nuv=01;35:*.wmv=01;35:*.asf=01;35:*.rm=01;35:*.rmvb=01;35:*.flc=01;35:*.avi=01;35:*.fli=01;35:*.flv=01;35:*.gl=01;35:*.dl=01;35:*.xcf=01;35:*.xwd=01;35:*.yuv=01;35:*.cgm=01;35:*.emf=01;35:*.ogv=01;35:*.ogx=01;35:*.aac=00;36:*.au=00;36:*.flac=00;36:*.m4a=00;36:*.mid=00;36:*.midi=00;36:*.mka=00;36:*.mp3=00;36:*.mpc=00;36:*.ogg=00;36:*.ra=00;36:*.wav=00;36:*.oga=00;36:*.opus=00;36:*.spx=00;36:*.xspf=00;36:'), ('AMENT_PREFIX_PATH', '/home/ws/ugv_ws/install/opentera_client_ros:/home/ws/ugv_ws/install/opentera_webrtc_ros_msgs:/home/ws/ugv_ws/install/opentera_protobuf_messages:/home/ws/ugv_ws/install/odas_ros:/home/ws/ugv_ws/install/odas_ros_msgs:/home/ws/ugv_ws/install/cv_camera:/home/ws/ugv_ws/install/audio_utils:/home/ws/ugv_ws/install/audio_utils_msgs:/home/ws/ugv_ws/install/vizanti:/home/ws/ugv_ws/install/vizanti_server:/home/ws/ugv_ws/install/vizanti_demos:/home/ws/ugv_ws/install/vizanti_msgs:/home/ws/ugv_ws/install/vizanti_cpp:/home/ws/ugv_ws/install/ugv_web_app:/home/ws/ugv_ws/install/ugv_vision:/home/ws/ugv_ws/install/ugv_tools:/home/ws/ugv_ws/install/ugv_slam:/home/ws/ugv_ws/install/ugv_nav:/home/ws/ugv_ws/install/ugv_interface:/home/ws/ugv_ws/install/ugv_gazebo:/home/ws/ugv_ws/install/ugv_description:/home/ws/ugv_ws/install/ugv_chat_ai:/home/ws/ugv_ws/install/ugv_bringup:/home/ws/ugv_ws/install/ugv_base_node:/home/ws/ugv_ws/install/teb_local_planner:/home/ws/ugv_ws/install/slam_gmapping:/home/ws/ugv_ws/install/robot_pose_publisher:/home/ws/ugv_ws/install/rf2o_laser_odometry:/home/ws/ugv_ws/install/openslam_gmapping:/home/ws/ugv_ws/install/ldlidar:/home/ws/ugv_ws/install/explore_lite:/home/ws/ugv_ws/install/emcl2:/home/ws/ugv_ws/install/costmap_converter:/home/ws/ugv_ws/install/costmap_converter_msgs:/home/ws/ugv_ws/install/cartographer:/home/ws/ugv_ws/install/apriltag_ros:/home/ws/ugv_ws/install/apriltag_msgs:/home/ws/ugv_roarm_ws/install/ugv_roarm_moveit_servo:/home/ws/ugv_roarm_ws/install/ugv_roarm_moveit_mtc_demo:/home/ws/ugv_roarm_ws/install/ugv_roarm_moveit_ikfast_plugins:/home/ws/ugv_roarm_ws/install/ugv_roarm_moveit:/home/ws/ugv_roarm_ws/install/ugv_roarm_description:/home/ws/ugv_roarm_ws/install/ugv_roarm_bringup:/home/ws/roarm_ws/install/roarm_moveit_mtc_demo:/home/ws/roarm_ws/install/moveit_task_constructor_visualization:/home/ws/roarm_ws/install/moveit_task_constructor_capabilities:/home/ws/roarm_ws/install/moveit_task_constructor_core:/home/ws/roarm_ws/install/rviz_marker_tools:/home/ws/roarm_ws/install/roarm_moveit_cmd:/home/ws/roarm_ws/install/moveit_servo:/home/ws/roarm_ws/install/roarm_msgs:/home/ws/roarm_ws/install/roarm_moveit_servo:/home/ws/roarm_ws/install/roarm_moveit_ikfast_plugins:/home/ws/roarm_ws/install/roarm_moveit:/home/ws/roarm_ws/install/roarm_driver:/home/ws/roarm_ws/install/roarm_description:/home/ws/roarm_ws/install/moveit_task_constructor_msgs:/opt/ros/humble'), ('SHELL', '/bin/bash'), ('CMAKE_MODULE_PATH', '/home/ws/roarm_ws/install/moveit_task_constructor_core/share/moveit_task_constructor_core/cmake'), ('PWD', '/home/ws/ugv_ws/build/map_image_generator'), ('SSH_CONNECTION', '192.168.9.183 54790 192.168.9.212 23'), ('PYTHONPATH', '/home/ws/ugv_ws/install/opentera_webrtc_ros_msgs/local/lib/python3.10/dist-packages:/home/ws/ugv_ws/install/opentera_protobuf_messages/local/lib/python3.10/dist-packages:/home/ws/ugv_ws/install/odas_ros/local/lib/python3.10/dist-packages:/home/ws/ugv_ws/install/odas_ros_msgs/local/lib/python3.10/dist-packages:/home/ws/ugv_ws/install/audio_utils/local/lib/python3.10/dist-packages:/home/ws/ugv_ws/install/audio_utils_msgs/local/lib/python3.10/dist-packages:/home/ws/ugv_ws/install/vizanti_msgs/local/lib/python3.10/dist-packages:/home/ws/ugv_ws/build/ugv_web_app:/home/ws/ugv_ws/install/ugv_web_app/lib/python3.10/site-packages:/home/ws/ugv_ws/build/ugv_vision:/home/ws/ugv_ws/install/ugv_vision/lib/python3.10/site-packages:/home/ws/ugv_ws/build/ugv_tools:/home/ws/ugv_ws/install/ugv_tools/lib/python3.10/site-packages:/home/ws/ugv_ws/install/ugv_interface/local/lib/python3.10/dist-packages:/home/ws/ugv_ws/build/ugv_chat_ai:/home/ws/ugv_ws/install/ugv_chat_ai/lib/python3.10/site-packages:/home/ws/ugv_ws/build/ugv_bringup:/home/ws/ugv_ws/install/ugv_bringup/lib/python3.10/site-packages:/home/ws/ugv_ws/install/costmap_converter_msgs/local/lib/python3.10/dist-packages:/home/ws/ugv_ws/install/apriltag_msgs/local/lib/python3.10/dist-packages:/home/ws/ugv_ws/install/apriltag/lib/python3.10/site-packages:/home/ws/ugv_roarm_ws/build/ugv_roarm_bringup:/home/ws/ugv_roarm_ws/install/ugv_roarm_bringup/lib/python3.10/site-packages:/home/ws/roarm_ws/install/moveit_task_constructor_core/local/lib/python3.10/dist-packages:/home/ws/roarm_ws/install/roarm_msgs/local/lib/python3.10/dist-packages:/home/ws/roarm_ws/build/roarm_driver:/home/ws/roarm_ws/install/roarm_driver/lib/python3.10/site-packages:/home/ws/roarm_ws/install/moveit_task_constructor_msgs/local/lib/python3.10/dist-packages:/opt/ros/humble/lib/python3.10/site-packages:/opt/ros/humble/local/lib/python3.10/dist-packages'), ('HTTP_PROXY', 'http://192.168.9.183:10809/'), ('COLCON', '1'), ('CMAKE_PREFIX_PATH', '/home/ws/ugv_ws/install/opentera_webrtc_ros_msgs:/home/ws/ugv_ws/install/odas_ros_msgs:/home/ws/ugv_ws/install/audio_utils_msgs:/home/ws/ugv_ws/install/opentera_client_ros:/home/ws/ugv_ws/install/opentera_protobuf_messages:/home/ws/ugv_ws/install/odas_ros:/home/ws/ugv_ws/install/cv_camera:/home/ws/ugv_ws/install/audio_utils:/home/ws/ugv_ws/install/vizanti:/home/ws/ugv_ws/install/vizanti_server:/home/ws/ugv_ws/install/vizanti_demos:/home/ws/ugv_ws/install/vizanti_msgs:/home/ws/ugv_ws/install/vizanti_cpp:/home/ws/ugv_ws/install/ugv_slam:/home/ws/ugv_ws/install/ugv_nav:/home/ws/ugv_ws/install/ugv_interface:/home/ws/ugv_ws/install/ugv_gazebo:/home/ws/ugv_ws/install/ugv_description:/home/ws/ugv_ws/install/ugv_base_node:/home/ws/ugv_ws/install/teb_local_planner:/home/ws/ugv_ws/install/teb_msgs:/home/ws/ugv_ws/install/slam_gmapping:/home/ws/ugv_ws/install/rf2o_laser_odometry:/home/ws/ugv_ws/install/openslam_gmapping:/home/ws/ugv_ws/install/ldlidar:/home/ws/ugv_ws/install/explore_lite:/home/ws/ugv_ws/install/emcl2:/home/ws/ugv_ws/install/costmap_converter:/home/ws/ugv_ws/install/costmap_converter_msgs:/home/ws/ugv_ws/install/cartographer:/home/ws/ugv_ws/install/apriltag_ros:/home/ws/ugv_ws/install/apriltag_msgs:/home/ws/ugv_ws/install/apriltag:/home/ws/ugv_roarm_ws/install/ugv_roarm_moveit_servo:/home/ws/ugv_roarm_ws/install/ugv_roarm_moveit_mtc_demo:/home/ws/ugv_roarm_ws/install/ugv_roarm_moveit_ikfast_plugins:/home/ws/ugv_roarm_ws/install/ugv_roarm_moveit:/home/ws/ugv_roarm_ws/install/ugv_roarm_description:/home/ws/roarm_ws/install/roarm_moveit_mtc_demo:/home/ws/roarm_ws/install/moveit_task_constructor_visualization:/home/ws/roarm_ws/install/moveit_task_constructor_capabilities:/home/ws/roarm_ws/install/moveit_task_constructor_core:/home/ws/roarm_ws/install/rviz_marker_tools:/home/ws/roarm_ws/install/roarm_moveit_cmd:/home/ws/roarm_ws/install/moveit_servo:/home/ws/roarm_ws/install/roarm_msgs:/home/ws/roarm_ws/install/roarm_moveit_servo:/home/ws/roarm_ws/install/roarm_moveit_ikfast_plugins:/home/ws/roarm_ws/install/roarm_moveit:/home/ws/roarm_ws/install/roarm_description:/home/ws/roarm_ws/install/moveit_task_constructor_msgs:/home/ws/ugv_ws/install/ugv_web_app:/home/ws/ugv_ws/install/ugv_vision:/home/ws/ugv_ws/install/ugv_tools:/home/ws/ugv_ws/install/ugv_chat_ai:/home/ws/ugv_ws/install/ugv_bringup:/home/ws/ugv_ws/install/robot_pose_publisher:/home/ws/ugv_roarm_ws/install/ugv_roarm_bringup:/home/ws/roarm_ws/install/roarm_driver:/opt/ros/humble'), ('UGV_MODEL', 'ugv_rover')]), 'shell': False}
[7.557405] (-) TimerEvent: {}
[7.658553] (-) TimerEvent: {}
[7.726906] (map_image_generator) StdoutLine: {'line': b'[  6%] \x1b[32mBuilding CXX object CMakeFiles/map_image_generator.dir/src/drawers/GoalImageDrawer.cpp.o\x1b[0m\n'}
[7.730899] (map_image_generator) StdoutLine: {'line': b'[ 13%] \x1b[32mBuilding CXX object CMakeFiles/map_image_generator.dir/src/drawers/GlobalPathImageDrawer.cpp.o\x1b[0m\n'}
[7.745725] (map_image_generator) StdoutLine: {'line': b'[ 20%] \x1b[32mBuilding CXX object CMakeFiles/map_image_generator.dir/src/drawers/LabelImageDrawer.cpp.o\x1b[0m\n'}
[7.758793] (-) TimerEvent: {}
[7.768241] (map_image_generator) StdoutLine: {'line': b'[ 26%] \x1b[32mBuilding CXX object CMakeFiles/map_image_generator.dir/src/drawers/ImageDrawer.cpp.o\x1b[0m\n'}
[7.861951] (-) TimerEvent: {}
[7.966365] (-) TimerEvent: {}
[8.067298] (-) TimerEvent: {}
[8.169983] (-) TimerEvent: {}
[8.270718] (-) TimerEvent: {}
[8.373999] (-) TimerEvent: {}
[8.474808] (-) TimerEvent: {}
[8.575863] (-) TimerEvent: {}
[8.677369] (-) TimerEvent: {}
[8.782036] (-) TimerEvent: {}
[8.883371] (-) TimerEvent: {}
[8.986132] (-) TimerEvent: {}
[9.088015] (-) TimerEvent: {}
[9.191259] (-) TimerEvent: {}
[9.298586] (-) TimerEvent: {}
[9.399911] (-) TimerEvent: {}
[9.506065] (-) TimerEvent: {}
[9.607470] (-) TimerEvent: {}
[9.708198] (-) TimerEvent: {}
[9.809506] (-) TimerEvent: {}
[9.914037] (-) TimerEvent: {}
[10.015000] (-) TimerEvent: {}
[10.115908] (-) TimerEvent: {}
[10.221715] (-) TimerEvent: {}
[10.322596] (-) TimerEvent: {}
[10.423817] (-) TimerEvent: {}
[10.525235] (-) TimerEvent: {}
[10.629457] (-) TimerEvent: {}
[10.730887] (-) TimerEvent: {}
[10.834103] (-) TimerEvent: {}
[10.938078] (-) TimerEvent: {}
[11.041746] (-) TimerEvent: {}
[11.142880] (-) TimerEvent: {}
[11.248090] (-) TimerEvent: {}
[11.349101] (-) TimerEvent: {}
[11.450350] (-) TimerEvent: {}
[11.551293] (-) TimerEvent: {}
[11.654152] (-) TimerEvent: {}
[11.755258] (-) TimerEvent: {}
[11.858171] (-) TimerEvent: {}
[11.962118] (-) TimerEvent: {}
[12.063229] (-) TimerEvent: {}
[12.164326] (-) TimerEvent: {}
[12.269024] (-) TimerEvent: {}
[12.370012] (-) TimerEvent: {}
[12.471172] (-) TimerEvent: {}
[12.574031] (-) TimerEvent: {}
[12.675740] (-) TimerEvent: {}
[12.778579] (-) TimerEvent: {}
[12.882050] (-) TimerEvent: {}
[12.986046] (-) TimerEvent: {}
[13.087015] (-) TimerEvent: {}
[13.190105] (-) TimerEvent: {}
[13.294076] (-) TimerEvent: {}
[13.394977] (-) TimerEvent: {}
[13.498171] (-) TimerEvent: {}
[13.601762] (-) TimerEvent: {}
[13.702761] (-) TimerEvent: {}
[13.805842] (-) TimerEvent: {}
[13.906936] (-) TimerEvent: {}
[14.011175] (-) TimerEvent: {}
[14.114156] (-) TimerEvent: {}
[14.218420] (-) TimerEvent: {}
[14.322218] (-) TimerEvent: {}
[14.426129] (-) TimerEvent: {}
[14.530179] (-) TimerEvent: {}
[14.631952] (-) TimerEvent: {}
[14.737941] (-) TimerEvent: {}
[14.838865] (-) TimerEvent: {}
[14.939812] (-) TimerEvent: {}
[15.042464] (-) TimerEvent: {}
[15.146423] (-) TimerEvent: {}
[15.249717] (-) TimerEvent: {}
[15.350686] (-) TimerEvent: {}
[15.454621] (-) TimerEvent: {}
[15.555948] (-) TimerEvent: {}
[15.658124] (-) TimerEvent: {}
[15.762593] (-) TimerEvent: {}
[15.863506] (-) TimerEvent: {}
[15.969719] (-) TimerEvent: {}
[16.070657] (-) TimerEvent: {}
[16.177749] (-) TimerEvent: {}
[16.278849] (-) TimerEvent: {}
[16.379826] (-) TimerEvent: {}
[16.482122] (-) TimerEvent: {}
[16.586782] (-) TimerEvent: {}
[16.693833] (-) TimerEvent: {}
[16.795463] (-) TimerEvent: {}
[16.897148] (-) TimerEvent: {}
[17.002650] (-) TimerEvent: {}
[17.105617] (-) TimerEvent: {}
[17.210567] (-) TimerEvent: {}
[17.312799] (-) TimerEvent: {}
[17.416258] (-) TimerEvent: {}
[17.521735] (-) TimerEvent: {}
[17.623262] (-) TimerEvent: {}
[17.729782] (-) TimerEvent: {}
[17.831265] (-) TimerEvent: {}
[17.932724] (-) TimerEvent: {}
[18.034259] (-) TimerEvent: {}
[18.135882] (-) TimerEvent: {}
[18.242337] (-) TimerEvent: {}
[18.343835] (-) TimerEvent: {}
[18.445273] (-) TimerEvent: {}
[18.547002] (-) TimerEvent: {}
[18.648872] (-) TimerEvent: {}
[18.753602] (-) TimerEvent: {}
[18.855044] (-) TimerEvent: {}
[18.958570] (-) TimerEvent: {}
[19.062189] (-) TimerEvent: {}
[19.165933] (-) TimerEvent: {}
[19.270192] (-) TimerEvent: {}
[19.371766] (-) TimerEvent: {}
[19.474555] (-) TimerEvent: {}
[19.578715] (-) TimerEvent: {}
[19.680894] (-) TimerEvent: {}
[19.786553] (-) TimerEvent: {}
[19.888600] (-) TimerEvent: {}
[19.994104] (-) TimerEvent: {}
[20.096847] (-) TimerEvent: {}
[20.201791] (-) TimerEvent: {}
[20.303060] (-) TimerEvent: {}
[20.404688] (-) TimerEvent: {}
[20.510147] (-) TimerEvent: {}
[20.611123] (-) TimerEvent: {}
[20.714133] (-) TimerEvent: {}
[20.818091] (-) TimerEvent: {}
[20.919018] (-) TimerEvent: {}
[21.019966] (-) TimerEvent: {}
[21.120881] (-) TimerEvent: {}
[21.226081] (-) TimerEvent: {}
[21.327009] (-) TimerEvent: {}
[21.427944] (-) TimerEvent: {}
[21.529066] (-) TimerEvent: {}
[21.633989] (-) TimerEvent: {}
[21.734989] (-) TimerEvent: {}
[21.835946] (-) TimerEvent: {}
[21.936866] (-) TimerEvent: {}
[22.041782] (-) TimerEvent: {}
[22.142953] (-) TimerEvent: {}
[22.243879] (-) TimerEvent: {}
[22.345140] (-) TimerEvent: {}
[22.449735] (-) TimerEvent: {}
[22.550705] (-) TimerEvent: {}
[22.651643] (-) TimerEvent: {}
[22.752568] (-) TimerEvent: {}
[22.853613] (-) TimerEvent: {}
[22.958077] (-) TimerEvent: {}
[23.059055] (-) TimerEvent: {}
[23.160045] (-) TimerEvent: {}
[23.265744] (-) TimerEvent: {}
[23.366690] (-) TimerEvent: {}
[23.467637] (-) TimerEvent: {}
[23.568559] (-) TimerEvent: {}
[23.669481] (-) TimerEvent: {}
[23.770445] (-) TimerEvent: {}
[23.874148] (-) TimerEvent: {}
[23.975127] (-) TimerEvent: {}
[24.081706] (-) TimerEvent: {}
[24.182570] (-) TimerEvent: {}
[24.283468] (-) TimerEvent: {}
[24.384376] (-) TimerEvent: {}
[24.485280] (-) TimerEvent: {}
[24.586250] (-) TimerEvent: {}
[24.689076] (-) TimerEvent: {}
[24.794080] (-) TimerEvent: {}
[24.895463] (-) TimerEvent: {}
[24.996805] (-) TimerEvent: {}
[25.098172] (-) TimerEvent: {}
[25.202480] (-) TimerEvent: {}
[25.303886] (-) TimerEvent: {}
[25.405202] (-) TimerEvent: {}
[25.510495] (-) TimerEvent: {}
[25.611979] (-) TimerEvent: {}
[25.713240] (-) TimerEvent: {}
[25.816098] (-) TimerEvent: {}
[25.917437] (-) TimerEvent: {}
[26.018822] (-) TimerEvent: {}
[26.122113] (-) TimerEvent: {}
[26.223755] (-) TimerEvent: {}
[26.326110] (-) TimerEvent: {}
[26.430492] (-) TimerEvent: {}
[26.531879] (-) TimerEvent: {}
[26.633285] (-) TimerEvent: {}
[26.738490] (-) TimerEvent: {}
[26.841892] (-) TimerEvent: {}
[26.944339] (-) TimerEvent: {}
[27.050231] (-) TimerEvent: {}
[27.157769] (-) TimerEvent: {}
[27.259387] (-) TimerEvent: {}
[27.361487] (-) TimerEvent: {}
[27.466191] (-) TimerEvent: {}
[27.573740] (-) TimerEvent: {}
[27.674710] (-) TimerEvent: {}
[27.775733] (-) TimerEvent: {}
[27.877745] (-) TimerEvent: {}
[27.982119] (-) TimerEvent: {}
[28.083123] (-) TimerEvent: {}
[28.186629] (-) TimerEvent: {}
[28.290069] (-) TimerEvent: {}
[28.393722] (-) TimerEvent: {}
[28.494644] (-) TimerEvent: {}
[28.596023] (-) TimerEvent: {}
[28.702068] (-) TimerEvent: {}
[28.802991] (-) TimerEvent: {}
[28.904634] (-) TimerEvent: {}
[29.009785] (-) TimerEvent: {}
[29.111392] (-) TimerEvent: {}
[29.213467] (-) TimerEvent: {}
[29.318488] (-) TimerEvent: {}
[29.420666] (-) TimerEvent: {}
[29.524333] (-) TimerEvent: {}
[29.629740] (-) TimerEvent: {}
[29.730743] (-) TimerEvent: {}
[29.831751] (-) TimerEvent: {}
[29.932693] (-) TimerEvent: {}
[30.038050] (-) TimerEvent: {}
[30.138938] (-) TimerEvent: {}
[30.245719] (-) TimerEvent: {}
[30.346637] (-) TimerEvent: {}
[30.449736] (-) TimerEvent: {}
[30.550560] (-) TimerEvent: {}
[30.652538] (-) TimerEvent: {}
[30.758559] (-) TimerEvent: {}
[30.860556] (-) TimerEvent: {}
[30.962546] (-) TimerEvent: {}
[31.066162] (-) TimerEvent: {}
[31.167522] (-) TimerEvent: {}
[31.268873] (-) TimerEvent: {}
[31.373728] (-) TimerEvent: {}
[31.475048] (-) TimerEvent: {}
[31.576705] (-) TimerEvent: {}
[31.682055] (-) TimerEvent: {}
[31.783305] (-) TimerEvent: {}
[31.889731] (-) TimerEvent: {}
[31.991064] (-) TimerEvent: {}
[32.092757] (-) TimerEvent: {}
[32.198198] (-) TimerEvent: {}
[32.299554] (-) TimerEvent: {}
[32.400862] (-) TimerEvent: {}
[32.506104] (-) TimerEvent: {}
[32.607509] (-) TimerEvent: {}
[32.708818] (-) TimerEvent: {}
[32.810089] (-) TimerEvent: {}
[32.914432] (-) TimerEvent: {}
[33.016098] (-) TimerEvent: {}
[33.117675] (-) TimerEvent: {}
[33.220937] (-) TimerEvent: {}
[33.325710] (-) TimerEvent: {}
[33.426450] (-) TimerEvent: {}
[33.527087] (-) TimerEvent: {}
[33.627688] (-) TimerEvent: {}
[33.728222] (-) TimerEvent: {}
[33.828827] (-) TimerEvent: {}
[33.929426] (-) TimerEvent: {}
[34.030061] (-) TimerEvent: {}
[34.130729] (-) TimerEvent: {}
[40.234118] (-) TimerEvent: {}
[40.335123] (-) TimerEvent: {}
[40.435738] (-) TimerEvent: {}
[40.536914] (-) TimerEvent: {}
[40.637821] (-) TimerEvent: {}
[40.738687] (-) TimerEvent: {}
[40.839553] (-) TimerEvent: {}
[40.940415] (-) TimerEvent: {}
[41.041085] (-) TimerEvent: {}
[41.141773] (-) TimerEvent: {}
[41.242378] (-) TimerEvent: {}
[41.343011] (-) TimerEvent: {}
[41.443648] (-) TimerEvent: {}
[41.544280] (-) TimerEvent: {}
[41.644875] (-) TimerEvent: {}
[41.745592] (-) TimerEvent: {}
[41.846582] (-) TimerEvent: {}
[41.947154] (-) TimerEvent: {}
[42.047772] (-) TimerEvent: {}
[42.148895] (-) TimerEvent: {}
[42.249744] (-) TimerEvent: {}
[42.351495] (-) TimerEvent: {}
[42.453229] (-) TimerEvent: {}
[42.557731] (-) TimerEvent: {}
[42.659148] (-) TimerEvent: {}
[42.760699] (-) TimerEvent: {}
[42.864616] (-) TimerEvent: {}
[42.966041] (-) TimerEvent: {}
[43.074024] (-) TimerEvent: {}
[43.175414] (-) TimerEvent: {}
[43.276760] (-) TimerEvent: {}
[43.382509] (-) TimerEvent: {}
[43.483961] (-) TimerEvent: {}
[43.585634] (-) TimerEvent: {}
[43.686956] (-) TimerEvent: {}
[44.142040] (-) TimerEvent: {}
[44.243413] (-) TimerEvent: {}
[44.344193] (-) TimerEvent: {}
[44.445234] (-) TimerEvent: {}
[44.546245] (-) TimerEvent: {}
[44.646823] (-) TimerEvent: {}
[44.747832] (-) TimerEvent: {}
[44.848715] (-) TimerEvent: {}
[44.949929] (-) TimerEvent: {}
[45.050794] (-) TimerEvent: {}
[45.151648] (-) TimerEvent: {}
[45.252526] (-) TimerEvent: {}
[45.353134] (-) TimerEvent: {}
[45.453823] (-) TimerEvent: {}
[45.554424] (-) TimerEvent: {}
[45.655004] (-) TimerEvent: {}
[45.755590] (-) TimerEvent: {}
[45.856170] (-) TimerEvent: {}
[45.956762] (-) TimerEvent: {}
[46.057343] (-) TimerEvent: {}
[46.157972] (-) TimerEvent: {}
[46.258561] (-) TimerEvent: {}
[46.359143] (-) TimerEvent: {}
[46.459728] (-) TimerEvent: {}
[46.560306] (-) TimerEvent: {}
[46.660927] (-) TimerEvent: {}
[46.761651] (-) TimerEvent: {}
[46.862489] (-) TimerEvent: {}
[46.963086] (-) TimerEvent: {}
[47.063972] (-) TimerEvent: {}
[47.164834] (-) TimerEvent: {}
[47.266693] (-) TimerEvent: {}
[47.367659] (-) TimerEvent: {}
[47.468376] (-) TimerEvent: {}
[47.569290] (-) TimerEvent: {}
[47.670252] (-) TimerEvent: {}
[47.770902] (-) TimerEvent: {}
[47.872036] (-) TimerEvent: {}
[47.972857] (-) TimerEvent: {}
[48.074008] (-) TimerEvent: {}
[48.174952] (-) TimerEvent: {}
[48.275867] (-) TimerEvent: {}
[48.376763] (-) TimerEvent: {}
[48.477702] (-) TimerEvent: {}
[48.578448] (-) TimerEvent: {}
[48.681781] (-) TimerEvent: {}
[48.783110] (-) TimerEvent: {}
[51.027197] (-) TimerEvent: {}
[51.130199] (-) TimerEvent: {}
[51.231363] (-) TimerEvent: {}
[51.332264] (-) TimerEvent: {}
[51.433101] (-) TimerEvent: {}
[51.534006] (-) TimerEvent: {}
[51.635276] (-) TimerEvent: {}
[51.736826] (-) TimerEvent: {}
[51.841741] (-) TimerEvent: {}
[51.942611] (-) TimerEvent: {}
[52.043274] (-) TimerEvent: {}
[52.143932] (-) TimerEvent: {}
[52.244606] (-) TimerEvent: {}
[52.345338] (-) TimerEvent: {}
[52.446095] (-) TimerEvent: {}
[52.546733] (-) TimerEvent: {}
[52.647400] (-) TimerEvent: {}
[52.747996] (-) TimerEvent: {}
[52.848590] (-) TimerEvent: {}
[52.949215] (-) TimerEvent: {}
[53.049898] (-) TimerEvent: {}
[53.150491] (-) TimerEvent: {}
[53.251082] (-) TimerEvent: {}
[53.351695] (-) TimerEvent: {}
[53.452300] (-) TimerEvent: {}
[53.552918] (-) TimerEvent: {}
[53.653546] (-) TimerEvent: {}
[53.754165] (-) TimerEvent: {}
[53.855034] (-) TimerEvent: {}
[53.956050] (-) TimerEvent: {}
[56.288342] (-) TimerEvent: {}
[56.388917] (-) TimerEvent: {}
[56.489743] (-) TimerEvent: {}
[56.592147] (-) TimerEvent: {}
[56.696188] (-) TimerEvent: {}
[56.797865] (-) TimerEvent: {}
[56.905727] (-) TimerEvent: {}
[57.006621] (-) TimerEvent: {}
[57.107492] (-) TimerEvent: {}
[57.208491] (-) TimerEvent: {}
[57.309492] (-) TimerEvent: {}
[57.410465] (-) TimerEvent: {}
[57.511442] (-) TimerEvent: {}
[57.612052] (-) TimerEvent: {}
[57.712920] (-) TimerEvent: {}
[57.813549] (-) TimerEvent: {}
[57.914379] (-) TimerEvent: {}
[58.014999] (-) TimerEvent: {}
[58.115860] (-) TimerEvent: {}
[58.216491] (-) TimerEvent: {}
[58.317374] (-) TimerEvent: {}
[58.418015] (-) TimerEvent: {}
[58.518633] (-) TimerEvent: {}
[58.619209] (-) TimerEvent: {}
[58.719904] (-) TimerEvent: {}
[58.820773] (-) TimerEvent: {}
[58.921768] (-) TimerEvent: {}
[59.022622] (-) TimerEvent: {}
[62.236226] (-) TimerEvent: {}
[62.482899] (-) TimerEvent: {}
[62.583734] (-) TimerEvent: {}
[62.685119] (-) TimerEvent: {}
[62.789783] (-) TimerEvent: {}
[62.891136] (-) TimerEvent: {}
[62.992604] (-) TimerEvent: {}
[63.095245] (-) TimerEvent: {}
[63.202023] (-) TimerEvent: {}
[63.303316] (-) TimerEvent: {}
[63.404560] (-) TimerEvent: {}
[63.513720] (-) TimerEvent: {}
[63.614555] (-) TimerEvent: {}
[63.715913] (-) TimerEvent: {}
[63.817289] (-) TimerEvent: {}
[63.918666] (-) TimerEvent: {}
[64.021751] (-) TimerEvent: {}
[64.123104] (-) TimerEvent: {}
[64.223946] (-) TimerEvent: {}
[64.325719] (-) TimerEvent: {}
[64.427371] (-) TimerEvent: {}
[64.528677] (-) TimerEvent: {}
[64.629471] (-) TimerEvent: {}
[64.730668] (-) TimerEvent: {}
[64.832049] (-) TimerEvent: {}
[64.932993] (-) TimerEvent: {}
[65.034338] (-) TimerEvent: {}
[65.135216] (-) TimerEvent: {}
[65.236553] (-) TimerEvent: {}
[65.337946] (-) TimerEvent: {}
[65.438832] (-) TimerEvent: {}
[65.540260] (-) TimerEvent: {}
[65.641504] (-) TimerEvent: {}
[65.743364] (-) TimerEvent: {}
[65.844696] (-) TimerEvent: {}
[65.946374] (-) TimerEvent: {}
[66.048438] (-) TimerEvent: {}
[66.149958] (-) TimerEvent: {}
[66.253774] (-) TimerEvent: {}
[66.356340] (-) TimerEvent: {}
[66.460080] (-) TimerEvent: {}
[66.561268] (-) TimerEvent: {}
[66.665242] (-) TimerEvent: {}
[66.766085] (-) TimerEvent: {}
[66.869700] (-) TimerEvent: {}
[66.970965] (-) TimerEvent: {}
[67.072135] (-) TimerEvent: {}
[67.173214] (-) TimerEvent: {}
[67.275774] (-) TimerEvent: {}
[67.377769] (-) TimerEvent: {}
[67.481723] (-) TimerEvent: {}
[67.582864] (-) TimerEvent: {}
[67.683690] (-) TimerEvent: {}
[67.784816] (-) TimerEvent: {}
[67.885697] (-) TimerEvent: {}
[67.987196] (-) TimerEvent: {}
[68.088106] (-) TimerEvent: {}
[68.189024] (-) TimerEvent: {}
[68.290131] (-) TimerEvent: {}
[68.391597] (-) TimerEvent: {}
[68.493690] (-) TimerEvent: {}
[68.595432] (-) TimerEvent: {}
[68.697458] (-) TimerEvent: {}
[68.800361] (-) TimerEvent: {}
[68.902418] (-) TimerEvent: {}
[69.004346] (-) TimerEvent: {}
[69.106512] (-) TimerEvent: {}
[69.208406] (-) TimerEvent: {}
[69.310081] (-) TimerEvent: {}
[69.412394] (-) TimerEvent: {}
[69.514581] (-) TimerEvent: {}
[69.616113] (-) TimerEvent: {}
[69.717989] (-) TimerEvent: {}
[69.818969] (-) TimerEvent: {}
[69.921002] (-) TimerEvent: {}
[70.022874] (-) TimerEvent: {}
[70.124676] (-) TimerEvent: {}
[70.226717] (-) TimerEvent: {}
[70.328509] (-) TimerEvent: {}
[70.429417] (-) TimerEvent: {}
[70.531404] (-) TimerEvent: {}
[70.633150] (-) TimerEvent: {}
[70.734231] (-) TimerEvent: {}
[70.836244] (-) TimerEvent: {}
[70.938610] (-) TimerEvent: {}
[71.040041] (-) TimerEvent: {}
[71.141503] (-) TimerEvent: {}
[71.242757] (-) TimerEvent: {}
[71.344482] (-) TimerEvent: {}
[71.446290] (-) TimerEvent: {}
[71.548137] (-) TimerEvent: {}
[71.649495] (-) TimerEvent: {}
[71.752347] (-) TimerEvent: {}
[71.854280] (-) TimerEvent: {}
[71.956716] (-) TimerEvent: {}
[72.058139] (-) TimerEvent: {}
[72.159974] (-) TimerEvent: {}
[72.261897] (-) TimerEvent: {}
[72.363646] (-) TimerEvent: {}
[72.464598] (-) TimerEvent: {}
[72.567265] (-) TimerEvent: {}
[72.673912] (-) TimerEvent: {}
[72.785371] (-) TimerEvent: {}
[72.889805] (-) TimerEvent: {}
[72.990825] (-) TimerEvent: {}
[73.092423] (-) TimerEvent: {}
[73.194444] (-) TimerEvent: {}
[73.296182] (-) TimerEvent: {}
[73.398519] (-) TimerEvent: {}
[73.500245] (-) TimerEvent: {}
[73.601696] (-) TimerEvent: {}
[73.704216] (-) TimerEvent: {}
[73.806468] (-) TimerEvent: {}
[73.909516] (-) TimerEvent: {}
[74.012361] (-) TimerEvent: {}
[74.114719] (-) TimerEvent: {}
[74.217768] (-) TimerEvent: {}
[74.320419] (-) TimerEvent: {}
[74.422227] (-) TimerEvent: {}
[74.524363] (-) TimerEvent: {}
[74.626231] (-) TimerEvent: {}
[74.727765] (-) TimerEvent: {}
[74.830658] (-) TimerEvent: {}
[74.933172] (-) TimerEvent: {}
[75.036403] (-) TimerEvent: {}
[75.139247] (-) TimerEvent: {}
[75.240516] (-) TimerEvent: {}
[75.343780] (-) TimerEvent: {}
[75.445598] (-) TimerEvent: {}
[75.547941] (-) TimerEvent: {}
[75.650594] (-) TimerEvent: {}
[75.752644] (-) TimerEvent: {}
[75.854550] (-) TimerEvent: {}
[75.955546] (-) TimerEvent: {}
[76.057341] (-) TimerEvent: {}
[76.159355] (-) TimerEvent: {}
[76.264324] (-) TimerEvent: {}
[76.370504] (-) TimerEvent: {}
[76.471714] (-) TimerEvent: {}
[76.572651] (-) TimerEvent: {}
[76.674503] (-) TimerEvent: {}
[76.776777] (-) TimerEvent: {}
[76.877830] (-) TimerEvent: {}
[76.981106] (-) TimerEvent: {}
[77.083054] (-) TimerEvent: {}
[77.190121] (-) TimerEvent: {}
[77.295194] (-) TimerEvent: {}
[77.397765] (-) TimerEvent: {}
[77.498934] (-) TimerEvent: {}
[77.599808] (-) TimerEvent: {}
[77.700985] (-) TimerEvent: {}
[77.802294] (-) TimerEvent: {}
[77.903311] (-) TimerEvent: {}
[78.003995] (-) TimerEvent: {}
[78.104633] (-) TimerEvent: {}
[78.205720] (-) TimerEvent: {}
[78.307087] (-) TimerEvent: {}
[78.407891] (-) TimerEvent: {}
[78.509445] (-) TimerEvent: {}
[78.610523] (-) TimerEvent: {}
[78.712671] (-) TimerEvent: {}
[78.813871] (-) TimerEvent: {}
[78.915035] (-) TimerEvent: {}
[79.015742] (-) TimerEvent: {}
[79.116618] (-) TimerEvent: {}
[79.217658] (-) TimerEvent: {}
[79.318655] (-) TimerEvent: {}
[79.455759] (-) TimerEvent: {}
[79.556539] (-) TimerEvent: {}
[79.657333] (-) TimerEvent: {}
[79.758019] (-) TimerEvent: {}
[79.858625] (-) TimerEvent: {}
[79.959227] (-) TimerEvent: {}
[80.059821] (-) TimerEvent: {}
[80.160425] (-) TimerEvent: {}
[80.261046] (-) TimerEvent: {}
[80.361990] (-) TimerEvent: {}
[80.462602] (-) TimerEvent: {}
[80.563286] (-) TimerEvent: {}
[80.663958] (-) TimerEvent: {}
[80.764576] (-) TimerEvent: {}
[80.865629] (-) TimerEvent: {}
[80.966505] (-) TimerEvent: {}
[81.067390] (-) TimerEvent: {}
[81.168013] (-) TimerEvent: {}
[81.268638] (-) TimerEvent: {}
[81.369305] (-) TimerEvent: {}
[81.470067] (-) TimerEvent: {}
[81.570882] (-) TimerEvent: {}
[81.671664] (-) TimerEvent: {}
[81.773181] (-) TimerEvent: {}
[81.873883] (-) TimerEvent: {}
[81.975241] (-) TimerEvent: {}
[82.076258] (-) TimerEvent: {}
[82.177615] (-) TimerEvent: {}
[82.278885] (-) TimerEvent: {}
[82.379617] (-) TimerEvent: {}
[82.480191] (-) TimerEvent: {}
[82.580853] (-) TimerEvent: {}
[82.682280] (-) TimerEvent: {}
[82.783044] (-) TimerEvent: {}
[82.883949] (-) TimerEvent: {}
[82.984788] (-) TimerEvent: {}
[83.086404] (-) TimerEvent: {}
[83.187904] (-) TimerEvent: {}
[83.289446] (-) TimerEvent: {}
[83.390414] (-) TimerEvent: {}
[83.491231] (-) TimerEvent: {}
[83.592046] (-) TimerEvent: {}
[83.692775] (-) TimerEvent: {}
[83.793434] (-) TimerEvent: {}
[83.894158] (-) TimerEvent: {}
[83.994931] (-) TimerEvent: {}
[84.095612] (-) TimerEvent: {}
[84.196274] (-) TimerEvent: {}
[84.297001] (-) TimerEvent: {}
[84.398500] (-) TimerEvent: {}
[84.728534] (-) TimerEvent: {}
[84.829316] (-) TimerEvent: {}
[84.930263] (-) TimerEvent: {}
[85.031036] (-) TimerEvent: {}
[85.132566] (-) TimerEvent: {}
[85.234009] (-) TimerEvent: {}
[85.334772] (-) TimerEvent: {}
[85.435782] (-) TimerEvent: {}
[85.536357] (-) TimerEvent: {}
[85.636929] (-) TimerEvent: {}
[85.737499] (-) TimerEvent: {}
[85.838113] (-) TimerEvent: {}
[85.938728] (-) TimerEvent: {}
[86.039425] (-) TimerEvent: {}
[86.140324] (-) TimerEvent: {}
[86.241896] (-) TimerEvent: {}
[86.343384] (-) TimerEvent: {}
[86.444820] (-) TimerEvent: {}
[86.545864] (-) TimerEvent: {}
[86.646632] (-) TimerEvent: {}
[86.748108] (-) TimerEvent: {}
[86.849261] (-) TimerEvent: {}
[86.950059] (-) TimerEvent: {}
[87.051162] (-) TimerEvent: {}
[87.152010] (-) TimerEvent: {}
[87.253074] (-) TimerEvent: {}
[87.353961] (-) TimerEvent: {}
[87.454810] (-) TimerEvent: {}
[87.556089] (-) TimerEvent: {}
[87.657392] (-) TimerEvent: {}
[87.761710] (-) TimerEvent: {}
[87.862417] (-) TimerEvent: {}
[87.963056] (-) TimerEvent: {}
[88.063668] (-) TimerEvent: {}
[88.164350] (-) TimerEvent: {}
[88.265198] (-) TimerEvent: {}
[88.365819] (-) TimerEvent: {}
[88.466647] (-) TimerEvent: {}
[88.567246] (-) TimerEvent: {}
[88.667919] (-) TimerEvent: {}
[88.768546] (-) TimerEvent: {}
[88.869392] (-) TimerEvent: {}
[88.969998] (-) TimerEvent: {}
[89.070833] (-) TimerEvent: {}
[89.173758] (-) TimerEvent: {}
[89.274466] (-) TimerEvent: {}
[89.375090] (-) TimerEvent: {}
[89.475757] (-) TimerEvent: {}
[89.576419] (-) TimerEvent: {}
[89.677173] (-) TimerEvent: {}
[89.777811] (-) TimerEvent: {}
[89.878435] (-) TimerEvent: {}
[89.979049] (-) TimerEvent: {}
[90.079695] (-) TimerEvent: {}
[90.180320] (-) TimerEvent: {}
[90.280856] (-) TimerEvent: {}
[90.381715] (-) TimerEvent: {}
[90.482453] (-) TimerEvent: {}
[90.583096] (-) TimerEvent: {}
[90.684396] (-) TimerEvent: {}
[90.785103] (-) TimerEvent: {}
[90.886184] (-) TimerEvent: {}
[90.986850] (-) TimerEvent: {}
[91.087560] (-) TimerEvent: {}
[91.188164] (-) TimerEvent: {}
[91.288775] (-) TimerEvent: {}
[91.389387] (-) TimerEvent: {}
[91.490110] (-) TimerEvent: {}
[91.593871] (-) TimerEvent: {}
[91.695689] (-) TimerEvent: {}
[91.796788] (-) TimerEvent: {}
[91.901705] (-) TimerEvent: {}
[92.002696] (-) TimerEvent: {}
[92.103376] (-) TimerEvent: {}
[92.204121] (-) TimerEvent: {}
[92.304772] (-) TimerEvent: {}
[92.405441] (-) TimerEvent: {}
[92.506065] (-) TimerEvent: {}
[92.606956] (-) TimerEvent: {}
[92.707606] (-) TimerEvent: {}
[92.808490] (-) TimerEvent: {}
[92.909395] (-) TimerEvent: {}
[93.010332] (-) TimerEvent: {}
[93.111074] (-) TimerEvent: {}
[93.212092] (-) TimerEvent: {}
[93.312664] (-) TimerEvent: {}
[93.413610] (-) TimerEvent: {}
[93.514854] (-) TimerEvent: {}
[93.615766] (-) TimerEvent: {}
[93.716381] (-) TimerEvent: {}
[93.818686] (-) TimerEvent: {}
[93.919943] (-) TimerEvent: {}
[94.020651] (-) TimerEvent: {}
[94.121259] (-) TimerEvent: {}
[94.221905] (-) TimerEvent: {}
[94.322631] (-) TimerEvent: {}
[94.423307] (-) TimerEvent: {}
[95.006229] (-) TimerEvent: {}
[95.107359] (-) TimerEvent: {}
[95.208232] (-) TimerEvent: {}
[95.309574] (-) TimerEvent: {}
[95.410426] (-) TimerEvent: {}
[95.511373] (-) TimerEvent: {}
[95.612077] (-) TimerEvent: {}
[95.713152] (-) TimerEvent: {}
[95.814009] (-) TimerEvent: {}
[95.915016] (-) TimerEvent: {}
[96.015921] (-) TimerEvent: {}
[96.116908] (-) TimerEvent: {}
[96.217594] (-) TimerEvent: {}
[96.318336] (-) TimerEvent: {}
[96.419678] (-) TimerEvent: {}
[96.520768] (-) TimerEvent: {}
[96.621407] (-) TimerEvent: {}
[96.722159] (-) TimerEvent: {}
[96.823097] (-) TimerEvent: {}
[96.924832] (-) TimerEvent: {}
[97.025691] (-) TimerEvent: {}
[97.126640] (-) TimerEvent: {}
[97.228198] (-) TimerEvent: {}
[97.329098] (-) TimerEvent: {}
[97.430046] (-) TimerEvent: {}
[97.531785] (-) TimerEvent: {}
[97.633997] (-) TimerEvent: {}
[97.734931] (-) TimerEvent: {}
[97.835845] (-) TimerEvent: {}
[97.936695] (-) TimerEvent: {}
[98.037709] (-) TimerEvent: {}
[98.138512] (-) TimerEvent: {}
[98.239105] (-) TimerEvent: {}
[98.339693] (-) TimerEvent: {}
[98.440277] (-) TimerEvent: {}
[98.540863] (-) TimerEvent: {}
[98.641435] (-) TimerEvent: {}
[98.742075] (-) TimerEvent: {}
[98.842812] (-) TimerEvent: {}
[98.945724] (-) TimerEvent: {}
[99.046916] (-) TimerEvent: {}
[99.147994] (-) TimerEvent: {}
[99.248633] (-) TimerEvent: {}
[99.349212] (-) TimerEvent: {}
[99.449847] (-) TimerEvent: {}
[101.492074] (-) TimerEvent: {}
[101.592919] (-) TimerEvent: {}
[101.693734] (-) TimerEvent: {}
[101.794550] (-) TimerEvent: {}
[101.898125] (-) TimerEvent: {}
[101.999046] (-) TimerEvent: {}
[102.102321] (-) TimerEvent: {}
[102.203135] (-) TimerEvent: {}
[102.303928] (-) TimerEvent: {}
[102.405377] (-) TimerEvent: {}
[102.506180] (-) TimerEvent: {}
[102.607744] (-) TimerEvent: {}
[102.711486] (-) TimerEvent: {}
[102.814696] (-) TimerEvent: {}
[102.918432] (-) TimerEvent: {}
[103.019800] (-) TimerEvent: {}
[103.120967] (-) TimerEvent: {}
[103.222645] (-) TimerEvent: {}
[103.330128] (-) TimerEvent: {}
[103.432284] (-) TimerEvent: {}
[103.543941] (-) TimerEvent: {}
[103.652927] (-) TimerEvent: {}
[103.754907] (-) TimerEvent: {}
[103.856329] (-) TimerEvent: {}
[103.957996] (-) TimerEvent: {}
[104.059128] (-) TimerEvent: {}
[104.160248] (-) TimerEvent: {}
[104.261125] (-) TimerEvent: {}
[104.361952] (-) TimerEvent: {}
[104.462779] (-) TimerEvent: {}
[104.563681] (-) TimerEvent: {}
[104.664259] (-) TimerEvent: {}
[104.765070] (-) TimerEvent: {}
[104.865671] (-) TimerEvent: {}
[104.966420] (-) TimerEvent: {}
[105.067002] (-) TimerEvent: {}
[105.167784] (-) TimerEvent: {}
[105.268370] (-) TimerEvent: {}
[105.369164] (-) TimerEvent: {}
[105.469764] (-) TimerEvent: {}
[105.570325] (-) TimerEvent: {}
[105.670922] (-) TimerEvent: {}
[105.771570] (-) TimerEvent: {}
[105.872189] (-) TimerEvent: {}
[105.972821] (-) TimerEvent: {}
[106.073441] (-) TimerEvent: {}
[106.174059] (-) TimerEvent: {}
[106.274658] (-) TimerEvent: {}
[106.375251] (-) TimerEvent: {}
[106.477703] (-) TimerEvent: {}
[106.580731] (-) TimerEvent: {}
[106.681430] (-) TimerEvent: {}
[106.782322] (-) TimerEvent: {}
[106.882970] (-) TimerEvent: {}
[106.983792] (-) TimerEvent: {}
[107.085430] (-) TimerEvent: {}
[107.186974] (-) TimerEvent: {}
[107.288059] (-) TimerEvent: {}
[107.389152] (-) TimerEvent: {}
[107.490423] (-) TimerEvent: {}
[107.591560] (-) TimerEvent: {}
[107.692574] (-) TimerEvent: {}
[107.793725] (-) TimerEvent: {}
[107.895102] (-) TimerEvent: {}
[107.997177] (-) TimerEvent: {}
[108.098612] (-) TimerEvent: {}
[108.199332] (-) TimerEvent: {}
[108.300157] (-) TimerEvent: {}
[108.401273] (-) TimerEvent: {}
[108.502008] (-) TimerEvent: {}
[108.602868] (-) TimerEvent: {}
[108.703477] (-) TimerEvent: {}
[108.804330] (-) TimerEvent: {}
[108.904921] (-) TimerEvent: {}
[109.005773] (-) TimerEvent: {}
[110.339178] (-) TimerEvent: {}
[114.581171] (-) TimerEvent: {}
[114.682133] (-) TimerEvent: {}
[115.659633] (-) TimerEvent: {}
[115.761098] (-) TimerEvent: {}
[115.862067] (-) TimerEvent: {}
[115.963002] (-) TimerEvent: {}
[116.064481] (-) TimerEvent: {}
[116.165703] (-) TimerEvent: {}
[116.266505] (-) TimerEvent: {}
[116.367716] (-) TimerEvent: {}
[116.468568] (-) TimerEvent: {}
[116.570065] (-) TimerEvent: {}
[116.670946] (-) TimerEvent: {}
[116.772182] (-) TimerEvent: {}
[116.873004] (-) TimerEvent: {}
[116.975119] (-) TimerEvent: {}
[117.076889] (-) TimerEvent: {}
[117.177727] (-) TimerEvent: {}
[117.280077] (-) TimerEvent: {}
[117.381637] (-) TimerEvent: {}
[117.483330] (-) TimerEvent: {}
[117.585164] (-) TimerEvent: {}
[117.686780] (-) TimerEvent: {}
[117.788510] (-) TimerEvent: {}
[117.890236] (-) TimerEvent: {}
[117.991989] (-) TimerEvent: {}
[118.096115] (-) TimerEvent: {}
[118.197954] (-) TimerEvent: {}
[118.300110] (-) TimerEvent: {}
[118.403089] (-) TimerEvent: {}
[118.506511] (-) TimerEvent: {}
[118.608403] (-) TimerEvent: {}
[118.710198] (-) TimerEvent: {}
[119.895200] (-) TimerEvent: {}
[119.996102] (-) TimerEvent: {}
[120.097036] (-) TimerEvent: {}
[120.198056] (-) TimerEvent: {}
[120.298743] (-) TimerEvent: {}
[120.399979] (-) TimerEvent: {}
[120.502156] (-) TimerEvent: {}
[120.603481] (-) TimerEvent: {}
[120.704843] (-) TimerEvent: {}
[120.806106] (-) TimerEvent: {}
[120.907359] (-) TimerEvent: {}
[121.008339] (-) TimerEvent: {}
[121.109650] (-) TimerEvent: {}
[121.210618] (-) TimerEvent: {}
[121.311892] (-) TimerEvent: {}
[121.412893] (-) TimerEvent: {}
[121.514214] (-) TimerEvent: {}
[121.615484] (-) TimerEvent: {}
[121.716519] (-) TimerEvent: {}
[121.817179] (-) TimerEvent: {}
[121.917934] (-) TimerEvent: {}
[122.018565] (-) TimerEvent: {}
[122.119193] (-) TimerEvent: {}
[122.219782] (-) TimerEvent: {}
[122.320376] (-) TimerEvent: {}
[122.420999] (-) TimerEvent: {}
[122.521670] (-) TimerEvent: {}
[122.622545] (-) TimerEvent: {}
[122.723347] (-) TimerEvent: {}
[122.824282] (-) TimerEvent: {}
[122.925003] (-) TimerEvent: {}
[123.025829] (-) TimerEvent: {}
[123.126520] (-) TimerEvent: {}
[123.227211] (-) TimerEvent: {}
[123.328048] (-) TimerEvent: {}
[123.429122] (-) TimerEvent: {}
[123.529766] (-) TimerEvent: {}
[123.630341] (-) TimerEvent: {}
[123.730936] (-) TimerEvent: {}
[123.877664] (-) TimerEvent: {}
[123.939863] (map_image_generator) StdoutLine: {'line': b'[ 33%] \x1b[32mBuilding CXX object CMakeFiles/map_image_generator.dir/src/drawers/RobotImageDrawer.cpp.o\x1b[0m\n'}
[124.159938] (-) TimerEvent: {}
[124.260515] (-) TimerEvent: {}
[124.361162] (-) TimerEvent: {}
[124.461960] (-) TimerEvent: {}
[124.562612] (-) TimerEvent: {}
[124.663268] (-) TimerEvent: {}
[124.763889] (-) TimerEvent: {}
[124.864513] (-) TimerEvent: {}
[124.965278] (-) TimerEvent: {}
[125.066322] (-) TimerEvent: {}
[125.166936] (-) TimerEvent: {}
[125.267603] (-) TimerEvent: {}
[125.368490] (-) TimerEvent: {}
[125.469193] (-) TimerEvent: {}
[125.569886] (-) TimerEvent: {}
[125.670583] (-) TimerEvent: {}
[125.771305] (-) TimerEvent: {}
[125.871937] (-) TimerEvent: {}
[125.972588] (-) TimerEvent: {}
[126.073250] (-) TimerEvent: {}
[126.173888] (-) TimerEvent: {}
[126.274504] (-) TimerEvent: {}
[126.376061] (-) TimerEvent: {}
[126.477051] (-) TimerEvent: {}
[126.578775] (-) TimerEvent: {}
[126.679516] (-) TimerEvent: {}
[126.780188] (-) TimerEvent: {}
[126.880888] (-) TimerEvent: {}
[126.981594] (-) TimerEvent: {}
[127.082204] (-) TimerEvent: {}
[127.182837] (-) TimerEvent: {}
[127.283512] (-) TimerEvent: {}
[127.384178] (-) TimerEvent: {}
[127.484841] (-) TimerEvent: {}
[127.586797] (-) TimerEvent: {}
[127.688012] (-) TimerEvent: {}
[127.788738] (-) TimerEvent: {}
[127.889597] (-) TimerEvent: {}
[127.990402] (-) TimerEvent: {}
[128.091092] (-) TimerEvent: {}
[128.191820] (-) TimerEvent: {}
[128.292542] (-) TimerEvent: {}
[128.393265] (-) TimerEvent: {}
[128.494020] (-) TimerEvent: {}
[128.594721] (-) TimerEvent: {}
[128.695386] (-) TimerEvent: {}
[128.796052] (-) TimerEvent: {}
[128.896725] (-) TimerEvent: {}
[128.997435] (-) TimerEvent: {}
[129.098311] (-) TimerEvent: {}
[129.199003] (-) TimerEvent: {}
[129.299669] (-) TimerEvent: {}
[129.400364] (-) TimerEvent: {}
[129.501037] (-) TimerEvent: {}
[129.601719] (-) TimerEvent: {}
[129.702387] (-) TimerEvent: {}
[129.803067] (-) TimerEvent: {}
[129.903744] (-) TimerEvent: {}
[130.004464] (-) TimerEvent: {}
[130.105216] (-) TimerEvent: {}
[130.205938] (-) TimerEvent: {}
[130.306601] (-) TimerEvent: {}
[130.407263] (-) TimerEvent: {}
[130.507909] (-) TimerEvent: {}
[130.608572] (-) TimerEvent: {}
[130.709280] (-) TimerEvent: {}
[130.810122] (-) TimerEvent: {}
[130.911373] (-) TimerEvent: {}
[131.012326] (-) TimerEvent: {}
[131.113641] (-) TimerEvent: {}
[131.214617] (-) TimerEvent: {}
[131.315861] (-) TimerEvent: {}
[131.416900] (-) TimerEvent: {}
[131.518163] (-) TimerEvent: {}
[131.619134] (-) TimerEvent: {}
[131.720384] (-) TimerEvent: {}
[131.821614] (-) TimerEvent: {}
[131.922699] (-) TimerEvent: {}
[132.023721] (-) TimerEvent: {}
[132.124762] (-) TimerEvent: {}
[132.225784] (-) TimerEvent: {}
[132.326548] (-) TimerEvent: {}
[132.427282] (-) TimerEvent: {}
[132.527955] (-) TimerEvent: {}
[132.628602] (-) TimerEvent: {}
[132.729266] (-) TimerEvent: {}
[132.829984] (-) TimerEvent: {}
[132.930628] (-) TimerEvent: {}
[133.031256] (-) TimerEvent: {}
[133.131898] (-) TimerEvent: {}
[133.232534] (-) TimerEvent: {}
[133.333188] (-) TimerEvent: {}
[133.433852] (-) TimerEvent: {}
[133.534480] (-) TimerEvent: {}
[133.635182] (-) TimerEvent: {}
[133.735843] (-) TimerEvent: {}
[133.836496] (-) TimerEvent: {}
[133.937189] (-) TimerEvent: {}
[134.037873] (-) TimerEvent: {}
[134.138513] (-) TimerEvent: {}
[134.239167] (-) TimerEvent: {}
[134.339824] (-) TimerEvent: {}
[134.440473] (-) TimerEvent: {}
[134.541115] (-) TimerEvent: {}
[134.641787] (-) TimerEvent: {}
[134.742426] (-) TimerEvent: {}
[134.843065] (-) TimerEvent: {}
[134.943734] (-) TimerEvent: {}
[135.044397] (-) TimerEvent: {}
[135.145043] (-) TimerEvent: {}
[135.245701] (-) TimerEvent: {}
[135.346331] (-) TimerEvent: {}
[135.447004] (-) TimerEvent: {}
[135.547654] (-) TimerEvent: {}
[135.648288] (-) TimerEvent: {}
[135.748955] (-) TimerEvent: {}
[135.849609] (-) TimerEvent: {}
[135.950280] (-) TimerEvent: {}
[136.050952] (-) TimerEvent: {}
[136.151995] (-) TimerEvent: {}
[136.253106] (-) TimerEvent: {}
[136.354337] (-) TimerEvent: {}
[136.455514] (-) TimerEvent: {}
[136.556697] (-) TimerEvent: {}
[136.657941] (-) TimerEvent: {}
[136.759004] (-) TimerEvent: {}
[136.859651] (-) TimerEvent: {}
[136.960307] (-) TimerEvent: {}
[137.060958] (-) TimerEvent: {}
[137.161656] (-) TimerEvent: {}
[137.262325] (-) TimerEvent: {}
[137.363039] (-) TimerEvent: {}
[137.463699] (-) TimerEvent: {}
[137.564320] (-) TimerEvent: {}
[137.664974] (-) TimerEvent: {}
[137.765664] (-) TimerEvent: {}
[137.866310] (-) TimerEvent: {}
[137.966974] (-) TimerEvent: {}
[138.067621] (-) TimerEvent: {}
[138.168280] (-) TimerEvent: {}
[138.268939] (-) TimerEvent: {}
[138.369687] (-) TimerEvent: {}
[138.470331] (-) TimerEvent: {}
[138.570952] (-) TimerEvent: {}
[138.671581] (-) TimerEvent: {}
[138.772265] (-) TimerEvent: {}
[138.872917] (-) TimerEvent: {}
[138.973595] (-) TimerEvent: {}
[139.074238] (-) TimerEvent: {}
[139.174877] (-) TimerEvent: {}
[139.275531] (-) TimerEvent: {}
[139.376189] (-) TimerEvent: {}
[139.476867] (-) TimerEvent: {}
[139.577517] (-) TimerEvent: {}
[139.678208] (-) TimerEvent: {}
[139.778881] (-) TimerEvent: {}
[139.879518] (-) TimerEvent: {}
[139.980185] (-) TimerEvent: {}
[140.080837] (-) TimerEvent: {}
[140.181496] (-) TimerEvent: {}
[140.282182] (-) TimerEvent: {}
[140.382952] (-) TimerEvent: {}
[140.483891] (-) TimerEvent: {}
[140.589651] (-) TimerEvent: {}
[140.690895] (-) TimerEvent: {}
[140.791926] (-) TimerEvent: {}
[140.893060] (-) TimerEvent: {}
[140.993884] (-) TimerEvent: {}
[141.094634] (-) TimerEvent: {}
[141.195383] (-) TimerEvent: {}
[141.296079] (-) TimerEvent: {}
[141.396841] (-) TimerEvent: {}
[141.497579] (-) TimerEvent: {}
[141.598324] (-) TimerEvent: {}
[141.699097] (-) TimerEvent: {}
[141.799763] (-) TimerEvent: {}
[141.900500] (-) TimerEvent: {}
[142.001792] (-) TimerEvent: {}
[142.102800] (-) TimerEvent: {}
[142.204300] (-) TimerEvent: {}
[142.305313] (-) TimerEvent: {}
[142.406082] (-) TimerEvent: {}
[142.507315] (-) TimerEvent: {}
[142.608350] (-) TimerEvent: {}
[142.709709] (-) TimerEvent: {}
[142.810675] (-) TimerEvent: {}
[142.911711] (-) TimerEvent: {}
[143.012732] (-) TimerEvent: {}
[143.041883] (map_image_generator) StdoutLine: {'line': b'[ 40%] \x1b[32mBuilding CXX object CMakeFiles/map_image_generator.dir/src/drawers/SoundSourceImageDrawer.cpp.o\x1b[0m\n'}
[143.112910] (-) TimerEvent: {}
[143.213698] (-) TimerEvent: {}
[143.314477] (-) TimerEvent: {}
[143.415256] (-) TimerEvent: {}
[143.515930] (-) TimerEvent: {}
[143.616717] (-) TimerEvent: {}
[143.717479] (-) TimerEvent: {}
[143.818205] (-) TimerEvent: {}
[143.918936] (-) TimerEvent: {}
[144.019715] (-) TimerEvent: {}
[144.120525] (-) TimerEvent: {}
[144.221346] (-) TimerEvent: {}
[144.322208] (-) TimerEvent: {}
[144.423042] (-) TimerEvent: {}
[144.523872] (-) TimerEvent: {}
[144.624674] (-) TimerEvent: {}
[144.725471] (-) TimerEvent: {}
[144.826261] (-) TimerEvent: {}
[144.927404] (-) TimerEvent: {}
[145.028188] (-) TimerEvent: {}
[145.129271] (-) TimerEvent: {}
[145.230110] (-) TimerEvent: {}
[145.331104] (-) TimerEvent: {}
[145.431867] (-) TimerEvent: {}
[145.532838] (-) TimerEvent: {}
[145.640912] (-) TimerEvent: {}
[145.741996] (-) TimerEvent: {}
[145.842773] (-) TimerEvent: {}
[145.943567] (-) TimerEvent: {}
[146.044666] (-) TimerEvent: {}
[146.145462] (-) TimerEvent: {}
[146.246593] (-) TimerEvent: {}
[146.347420] (-) TimerEvent: {}
[146.448522] (-) TimerEvent: {}
[146.549305] (-) TimerEvent: {}
[146.650429] (-) TimerEvent: {}
[146.751205] (-) TimerEvent: {}
[146.852281] (-) TimerEvent: {}
[146.953232] (-) TimerEvent: {}
[147.054026] (-) TimerEvent: {}
[147.154781] (-) TimerEvent: {}
[147.255613] (-) TimerEvent: {}
[147.356474] (-) TimerEvent: {}
[147.457289] (-) TimerEvent: {}
[147.558059] (-) TimerEvent: {}
[147.658816] (-) TimerEvent: {}
[147.759566] (-) TimerEvent: {}
[147.860299] (-) TimerEvent: {}
[147.961152] (-) TimerEvent: {}
[148.061961] (-) TimerEvent: {}
[148.162834] (-) TimerEvent: {}
[148.263644] (-) TimerEvent: {}
[148.364485] (-) TimerEvent: {}
[148.465294] (-) TimerEvent: {}
[148.566238] (-) TimerEvent: {}
[148.666994] (-) TimerEvent: {}
[148.767865] (-) TimerEvent: {}
[148.868643] (-) TimerEvent: {}
[148.969423] (-) TimerEvent: {}
[149.070210] (-) TimerEvent: {}
[149.170925] (-) TimerEvent: {}
[149.271670] (-) TimerEvent: {}
[149.372422] (-) TimerEvent: {}
[149.473154] (-) TimerEvent: {}
[149.573884] (-) TimerEvent: {}
[149.674615] (-) TimerEvent: {}
[149.775323] (-) TimerEvent: {}
[149.876077] (-) TimerEvent: {}
[149.976845] (-) TimerEvent: {}
[150.077629] (-) TimerEvent: {}
[150.178366] (-) TimerEvent: {}
[150.279092] (-) TimerEvent: {}
[150.379809] (-) TimerEvent: {}
[150.480512] (-) TimerEvent: {}
[150.581245] (-) TimerEvent: {}
[150.682053] (-) TimerEvent: {}
[151.790235] (-) TimerEvent: {}
[151.891267] (-) TimerEvent: {}
[151.991992] (-) TimerEvent: {}
[152.092791] (-) TimerEvent: {}
[152.193615] (-) TimerEvent: {}
[152.294361] (-) TimerEvent: {}
[152.395057] (-) TimerEvent: {}
[152.495739] (-) TimerEvent: {}
[152.596467] (-) TimerEvent: {}
[152.697206] (-) TimerEvent: {}
[152.797954] (-) TimerEvent: {}
[152.898643] (-) TimerEvent: {}
[152.999317] (-) TimerEvent: {}
[153.100029] (-) TimerEvent: {}
[153.200751] (-) TimerEvent: {}
[153.301503] (-) TimerEvent: {}
[153.402267] (-) TimerEvent: {}
[153.503524] (-) TimerEvent: {}
[153.604520] (-) TimerEvent: {}
[153.705848] (-) TimerEvent: {}
[153.806841] (-) TimerEvent: {}
[153.908097] (-) TimerEvent: {}
[154.009064] (-) TimerEvent: {}
[154.110170] (-) TimerEvent: {}
[154.211256] (-) TimerEvent: {}
[154.311945] (-) TimerEvent: {}
[154.412621] (-) TimerEvent: {}
[154.513313] (-) TimerEvent: {}
[154.614091] (-) TimerEvent: {}
[154.714908] (-) TimerEvent: {}
[154.815597] (-) TimerEvent: {}
[154.916268] (-) TimerEvent: {}
[155.016932] (-) TimerEvent: {}
[155.117658] (-) TimerEvent: {}
[155.218372] (-) TimerEvent: {}
[155.319125] (-) TimerEvent: {}
[155.419927] (-) TimerEvent: {}
[155.520894] (-) TimerEvent: {}
[155.621617] (-) TimerEvent: {}
[155.722370] (-) TimerEvent: {}
[155.823016] (-) TimerEvent: {}
[155.923711] (-) TimerEvent: {}
[156.024374] (-) TimerEvent: {}
[156.125031] (-) TimerEvent: {}
[156.225704] (-) TimerEvent: {}
[156.326750] (-) TimerEvent: {}
[156.427433] (-) TimerEvent: {}
[156.528099] (-) TimerEvent: {}
[156.628786] (-) TimerEvent: {}
[156.729460] (-) TimerEvent: {}
[156.830289] (-) TimerEvent: {}
[156.930982] (-) TimerEvent: {}
[157.031652] (-) TimerEvent: {}
[157.132331] (-) TimerEvent: {}
[157.233684] (-) TimerEvent: {}
[157.334709] (-) TimerEvent: {}
[157.435388] (-) TimerEvent: {}
[157.536698] (-) TimerEvent: {}
[157.637710] (-) TimerEvent: {}
[157.739001] (-) TimerEvent: {}
[157.840029] (-) TimerEvent: {}
[157.941319] (-) TimerEvent: {}
[158.042009] (-) TimerEvent: {}
[158.143071] (-) TimerEvent: {}
[158.244130] (-) TimerEvent: {}
[158.345418] (-) TimerEvent: {}
[158.446504] (-) TimerEvent: {}
[158.547786] (-) TimerEvent: {}
[158.648496] (-) TimerEvent: {}
[158.749822] (-) TimerEvent: {}
[158.850823] (-) TimerEvent: {}
[158.952135] (-) TimerEvent: {}
[159.053135] (-) TimerEvent: {}
[159.154224] (-) TimerEvent: {}
[159.255288] (-) TimerEvent: {}
[159.355962] (-) TimerEvent: {}
[159.456653] (-) TimerEvent: {}
[159.557328] (-) TimerEvent: {}
[159.658036] (-) TimerEvent: {}
[159.758698] (-) TimerEvent: {}
[159.859369] (-) TimerEvent: {}
[159.960038] (-) TimerEvent: {}
[160.060706] (-) TimerEvent: {}
[160.161392] (-) TimerEvent: {}
[160.262113] (-) TimerEvent: {}
[160.362779] (-) TimerEvent: {}
[160.463456] (-) TimerEvent: {}
[160.564115] (-) TimerEvent: {}
[160.664792] (-) TimerEvent: {}
[160.765481] (-) TimerEvent: {}
[160.866190] (-) TimerEvent: {}
[160.966864] (-) TimerEvent: {}
[161.067511] (-) TimerEvent: {}
[161.168199] (-) TimerEvent: {}
[161.268882] (-) TimerEvent: {}
[161.369601] (-) TimerEvent: {}
[161.470306] (-) TimerEvent: {}
[161.570972] (-) TimerEvent: {}
[161.671601] (-) TimerEvent: {}
[161.772269] (-) TimerEvent: {}
[161.872943] (-) TimerEvent: {}
[161.973664] (-) TimerEvent: {}
[162.074306] (-) TimerEvent: {}
[162.174978] (-) TimerEvent: {}
[162.275649] (-) TimerEvent: {}
[162.376303] (-) TimerEvent: {}
[162.476976] (-) TimerEvent: {}
[162.577679] (-) TimerEvent: {}
[162.678346] (-) TimerEvent: {}
[162.779011] (-) TimerEvent: {}
[162.879672] (-) TimerEvent: {}
[162.980343] (-) TimerEvent: {}
[163.081012] (-) TimerEvent: {}
[163.181684] (-) TimerEvent: {}
[163.282339] (-) TimerEvent: {}
[163.382999] (-) TimerEvent: {}
[163.483685] (-) TimerEvent: {}
[163.584375] (-) TimerEvent: {}
[163.685040] (-) TimerEvent: {}
[163.785711] (-) TimerEvent: {}
[163.886360] (-) TimerEvent: {}
[163.987031] (-) TimerEvent: {}
[164.087771] (-) TimerEvent: {}
[164.189153] (-) TimerEvent: {}
[164.289854] (-) TimerEvent: {}
[164.391112] (-) TimerEvent: {}
[164.492129] (-) TimerEvent: {}
[164.593385] (-) TimerEvent: {}
[164.694446] (-) TimerEvent: {}
[164.795226] (-) TimerEvent: {}
[164.896533] (-) TimerEvent: {}
[164.997582] (-) TimerEvent: {}
[165.099166] (-) TimerEvent: {}
[165.200191] (-) TimerEvent: {}
[165.301462] (-) TimerEvent: {}
[165.402434] (-) TimerEvent: {}
[165.503698] (-) TimerEvent: {}
[165.604731] (-) TimerEvent: {}
[165.706114] (-) TimerEvent: {}
[165.807257] (-) TimerEvent: {}
[165.908614] (-) TimerEvent: {}
[166.009703] (-) TimerEvent: {}
[166.110779] (-) TimerEvent: {}
[166.212448] (-) TimerEvent: {}
[166.313761] (-) TimerEvent: {}
[166.414778] (-) TimerEvent: {}
[166.516072] (-) TimerEvent: {}
[166.617095] (-) TimerEvent: {}
[166.718428] (-) TimerEvent: {}
[166.819117] (-) TimerEvent: {}
[166.920429] (-) TimerEvent: {}
[167.021461] (-) TimerEvent: {}
[167.123043] (-) TimerEvent: {}
[167.224111] (-) TimerEvent: {}
[167.325414] (-) TimerEvent: {}
[167.426512] (-) TimerEvent: {}
[167.527791] (-) TimerEvent: {}
[167.628783] (-) TimerEvent: {}
[167.729440] (-) TimerEvent: {}
[167.830769] (-) TimerEvent: {}
[167.931782] (-) TimerEvent: {}
[168.033071] (-) TimerEvent: {}
[168.134152] (-) TimerEvent: {}
[168.234957] (-) TimerEvent: {}
[168.336246] (-) TimerEvent: {}
[168.437265] (-) TimerEvent: {}
[168.538558] (-) TimerEvent: {}
[168.639493] (-) TimerEvent: {}
[168.740788] (-) TimerEvent: {}
[168.841836] (-) TimerEvent: {}
[168.943098] (-) TimerEvent: {}
[169.044096] (-) TimerEvent: {}
[169.145406] (-) TimerEvent: {}
[169.246482] (-) TimerEvent: {}
[169.347529] (-) TimerEvent: {}
[169.448187] (-) TimerEvent: {}
[169.548884] (-) TimerEvent: {}
[169.649704] (-) TimerEvent: {}
[169.750371] (-) TimerEvent: {}
[169.851026] (-) TimerEvent: {}
[169.951606] (-) TimerEvent: {}
[170.052196] (-) TimerEvent: {}
[170.152816] (-) TimerEvent: {}
[170.253441] (-) TimerEvent: {}
[170.354124] (-) TimerEvent: {}
[170.454802] (-) TimerEvent: {}
[170.555469] (-) TimerEvent: {}
[170.656170] (-) TimerEvent: {}
[170.756858] (-) TimerEvent: {}
[170.857584] (-) TimerEvent: {}
[170.958260] (-) TimerEvent: {}
[171.058907] (-) TimerEvent: {}
[171.159566] (-) TimerEvent: {}
[171.260224] (-) TimerEvent: {}
[171.360917] (-) TimerEvent: {}
[171.461624] (-) TimerEvent: {}
[171.562326] (-) TimerEvent: {}
[171.663144] (-) TimerEvent: {}
[171.763871] (-) TimerEvent: {}
[171.864516] (-) TimerEvent: {}
[171.965159] (-) TimerEvent: {}
[172.065836] (-) TimerEvent: {}
[172.166472] (-) TimerEvent: {}
[172.267115] (-) TimerEvent: {}
[172.367755] (-) TimerEvent: {}
[172.468509] (-) TimerEvent: {}
[172.569648] (-) TimerEvent: {}
[172.670596] (-) TimerEvent: {}
[172.771862] (-) TimerEvent: {}
[172.872940] (-) TimerEvent: {}
[172.973659] (-) TimerEvent: {}
[173.074326] (-) TimerEvent: {}
[173.175069] (-) TimerEvent: {}
[173.275883] (-) TimerEvent: {}
[173.376563] (-) TimerEvent: {}
[173.477379] (-) TimerEvent: {}
[173.578486] (-) TimerEvent: {}
[173.679457] (-) TimerEvent: {}
[173.780621] (-) TimerEvent: {}
[173.881456] (-) TimerEvent: {}
[173.982178] (-) TimerEvent: {}
[174.082913] (-) TimerEvent: {}
[174.183581] (-) TimerEvent: {}
[174.284239] (-) TimerEvent: {}
[174.384923] (-) TimerEvent: {}
[174.485645] (-) TimerEvent: {}
[174.586317] (-) TimerEvent: {}
[174.686984] (-) TimerEvent: {}
[174.787645] (-) TimerEvent: {}
[174.888297] (-) TimerEvent: {}
[174.988955] (-) TimerEvent: {}
[175.089664] (-) TimerEvent: {}
[175.190305] (-) TimerEvent: {}
[175.290962] (-) TimerEvent: {}
[175.391627] (-) TimerEvent: {}
[175.492306] (-) TimerEvent: {}
[175.592971] (-) TimerEvent: {}
[175.693689] (-) TimerEvent: {}
[175.794361] (-) TimerEvent: {}
[175.895563] (-) TimerEvent: {}
[175.996826] (-) TimerEvent: {}
[176.097503] (-) TimerEvent: {}
[176.198823] (-) TimerEvent: {}
[176.299813] (-) TimerEvent: {}
[176.400868] (-) TimerEvent: {}
[176.501957] (-) TimerEvent: {}
[176.602989] (-) TimerEvent: {}
[176.704039] (-) TimerEvent: {}
[176.805090] (-) TimerEvent: {}
[176.905770] (-) TimerEvent: {}
[177.006421] (-) TimerEvent: {}
[177.107082] (-) TimerEvent: {}
[177.207725] (-) TimerEvent: {}
[177.308405] (-) TimerEvent: {}
[177.409468] (-) TimerEvent: {}
[177.510422] (-) TimerEvent: {}
[177.611063] (-) TimerEvent: {}
[177.711737] (-) TimerEvent: {}
[177.812386] (-) TimerEvent: {}
[177.913036] (-) TimerEvent: {}
[178.013682] (-) TimerEvent: {}
[178.113376] (map_image_generator) StdoutLine: {'line': b'[ 46%] \x1b[32mBuilding CXX object CMakeFiles/map_image_generator.dir/src/GoalConverter.cpp.o\x1b[0m\n'}
[178.114087] (-) TimerEvent: {}
[178.215261] (-) TimerEvent: {}
[178.316014] (-) TimerEvent: {}
[178.417691] (-) TimerEvent: {}
[178.519284] (-) TimerEvent: {}
[178.620793] (-) TimerEvent: {}
[178.721893] (-) TimerEvent: {}
[178.823326] (-) TimerEvent: {}
[178.924074] (-) TimerEvent: {}
[179.025656] (-) TimerEvent: {}
[179.129756] (-) TimerEvent: {}
[179.158671] (map_image_generator) StdoutLine: {'line': b'[ 53%] \x1b[32mBuilding CXX object CMakeFiles/map_image_generator.dir/src/drawers/OccupancyGridImageDrawer.cpp.o\x1b[0m\n'}
[179.229929] (-) TimerEvent: {}
[179.331088] (-) TimerEvent: {}
[179.432932] (-) TimerEvent: {}
[179.534571] (-) TimerEvent: {}
[179.637878] (-) TimerEvent: {}
[179.739481] (-) TimerEvent: {}
[179.841121] (-) TimerEvent: {}
[179.943049] (-) TimerEvent: {}
[180.044766] (-) TimerEvent: {}
[180.146609] (-) TimerEvent: {}
[180.218924] (map_image_generator) StdoutLine: {'line': b'[ 60%] \x1b[32mBuilding CXX object CMakeFiles/map_image_generator.dir/src/drawers/LaserScanImageDrawer.cpp.o\x1b[0m\n'}
[180.249737] (-) TimerEvent: {}
[180.351084] (-) TimerEvent: {}
[180.452456] (-) TimerEvent: {}
[180.556428] (-) TimerEvent: {}
[180.660923] (-) TimerEvent: {}
[180.766898] (-) TimerEvent: {}
[180.868216] (-) TimerEvent: {}
[180.970455] (-) TimerEvent: {}
[181.074491] (-) TimerEvent: {}
[181.181732] (-) TimerEvent: {}
[181.283283] (-) TimerEvent: {}
[181.384924] (-) TimerEvent: {}
[181.486324] (-) TimerEvent: {}
[181.588354] (-) TimerEvent: {}
[181.692010] (-) TimerEvent: {}
[181.794923] (-) TimerEvent: {}
[181.897468] (-) TimerEvent: {}
[182.000371] (-) TimerEvent: {}
[182.110638] (-) TimerEvent: {}
[182.212566] (-) TimerEvent: {}
[182.317768] (-) TimerEvent: {}
[182.419114] (-) TimerEvent: {}
[182.520450] (-) TimerEvent: {}
[182.621980] (-) TimerEvent: {}
[182.725773] (-) TimerEvent: {}
[182.827198] (-) TimerEvent: {}
[182.930177] (-) TimerEvent: {}
[183.034479] (-) TimerEvent: {}
[183.135760] (-) TimerEvent: {}
[183.237113] (-) TimerEvent: {}
[183.342506] (-) TimerEvent: {}
[183.443846] (-) TimerEvent: {}
[183.545070] (-) TimerEvent: {}
[183.647209] (-) TimerEvent: {}
[183.754383] (-) TimerEvent: {}
[183.857256] (-) TimerEvent: {}
[183.958532] (-) TimerEvent: {}
[184.059785] (-) TimerEvent: {}
[184.165748] (-) TimerEvent: {}
[184.266824] (-) TimerEvent: {}
[184.368244] (-) TimerEvent: {}
[184.473763] (-) TimerEvent: {}
[184.575191] (-) TimerEvent: {}
[184.676684] (-) TimerEvent: {}
[184.778017] (-) TimerEvent: {}
[184.882576] (-) TimerEvent: {}
[184.983989] (-) TimerEvent: {}
[185.085421] (-) TimerEvent: {}
[185.190567] (-) TimerEvent: {}
[185.291952] (-) TimerEvent: {}
[185.395217] (-) TimerEvent: {}
[185.498434] (-) TimerEvent: {}
[185.602091] (-) TimerEvent: {}
[185.703963] (-) TimerEvent: {}
[185.807057] (-) TimerEvent: {}
[185.910772] (-) TimerEvent: {}
[186.014162] (-) TimerEvent: {}
[186.118674] (-) TimerEvent: {}
[186.220880] (-) TimerEvent: {}
[186.326570] (-) TimerEvent: {}
[186.428037] (-) TimerEvent: {}
[186.532974] (-) TimerEvent: {}
[186.634419] (-) TimerEvent: {}
[186.735945] (-) TimerEvent: {}
[186.838540] (-) TimerEvent: {}
[186.942098] (-) TimerEvent: {}
[187.043356] (-) TimerEvent: {}
[187.146203] (-) TimerEvent: {}
[187.250540] (-) TimerEvent: {}
[187.352757] (-) TimerEvent: {}
[187.458689] (-) TimerEvent: {}
[187.560148] (-) TimerEvent: {}
[187.661899] (-) TimerEvent: {}
[187.766093] (-) TimerEvent: {}
[187.867583] (-) TimerEvent: {}
[187.970087] (-) TimerEvent: {}
[188.074154] (-) TimerEvent: {}
[188.178017] (-) TimerEvent: {}
[188.279823] (-) TimerEvent: {}
[188.382046] (-) TimerEvent: {}
[188.486551] (-) TimerEvent: {}
[188.588025] (-) TimerEvent: {}
[188.689438] (-) TimerEvent: {}
[188.794075] (-) TimerEvent: {}
[188.895663] (-) TimerEvent: {}
[188.997288] (-) TimerEvent: {}
[189.102527] (-) TimerEvent: {}
[189.203528] (-) TimerEvent: {}
[189.304480] (-) TimerEvent: {}
[189.405431] (-) TimerEvent: {}
[189.510071] (-) TimerEvent: {}
[189.611105] (-) TimerEvent: {}
[189.712118] (-) TimerEvent: {}
[189.813154] (-) TimerEvent: {}
[189.916520] (-) TimerEvent: {}
[190.022102] (-) TimerEvent: {}
[190.123131] (-) TimerEvent: {}
[190.229726] (-) TimerEvent: {}
[190.331051] (-) TimerEvent: {}
[190.432343] (-) TimerEvent: {}
[190.533758] (-) TimerEvent: {}
[190.638139] (-) TimerEvent: {}
[190.740721] (-) TimerEvent: {}
[190.846050] (-) TimerEvent: {}
[190.947423] (-) TimerEvent: {}
[191.048909] (-) TimerEvent: {}
[191.154224] (-) TimerEvent: {}
[191.255810] (-) TimerEvent: {}
[191.357263] (-) TimerEvent: {}
[191.462245] (-) TimerEvent: {}
[191.563880] (-) TimerEvent: {}
[191.665254] (-) TimerEvent: {}
[191.770516] (-) TimerEvent: {}
[191.872355] (-) TimerEvent: {}
[191.974797] (-) TimerEvent: {}
[192.077774] (-) TimerEvent: {}
[192.179282] (-) TimerEvent: {}
[192.282126] (-) TimerEvent: {}
[192.385813] (-) TimerEvent: {}
[192.487216] (-) TimerEvent: {}
[192.588648] (-) TimerEvent: {}
[192.694505] (-) TimerEvent: {}
[192.796084] (-) TimerEvent: {}
[192.897855] (-) TimerEvent: {}
[192.999262] (-) TimerEvent: {}
[193.102115] (-) TimerEvent: {}
[193.206092] (-) TimerEvent: {}
[193.307499] (-) TimerEvent: {}
[193.408980] (-) TimerEvent: {}
[193.514619] (-) TimerEvent: {}
[193.616158] (-) TimerEvent: {}
[193.717578] (-) TimerEvent: {}
[193.818969] (-) TimerEvent: {}
[193.922538] (-) TimerEvent: {}
[194.023862] (-) TimerEvent: {}
[194.126068] (-) TimerEvent: {}
[194.230018] (-) TimerEvent: {}
[194.331309] (-) TimerEvent: {}
[194.432646] (-) TimerEvent: {}
[194.538397] (-) TimerEvent: {}
[194.639703] (-) TimerEvent: {}
[194.741015] (-) TimerEvent: {}
[194.842423] (-) TimerEvent: {}
[194.943863] (-) TimerEvent: {}
[195.046536] (-) TimerEvent: {}
[195.150532] (-) TimerEvent: {}
[195.252392] (-) TimerEvent: {}
[195.358081] (-) TimerEvent: {}
[195.459358] (-) TimerEvent: {}
[195.561200] (-) TimerEvent: {}
[195.665370] (-) TimerEvent: {}
[195.769778] (-) TimerEvent: {}
[195.878919] (-) TimerEvent: {}
[195.985879] (-) TimerEvent: {}
[196.093826] (-) TimerEvent: {}
[196.197355] (-) TimerEvent: {}
[196.302643] (-) TimerEvent: {}
[196.406440] (-) TimerEvent: {}
[196.512151] (-) TimerEvent: {}
[196.615316] (-) TimerEvent: {}
[196.721762] (-) TimerEvent: {}
[196.822632] (-) TimerEvent: {}
[196.923683] (-) TimerEvent: {}
[197.029723] (-) TimerEvent: {}
[197.130598] (-) TimerEvent: {}
[197.231561] (-) TimerEvent: {}
[200.123654] (-) TimerEvent: {}
[200.230848] (-) TimerEvent: {}
[200.332494] (-) TimerEvent: {}
[200.438540] (-) TimerEvent: {}
[200.539905] (-) TimerEvent: {}
[200.641414] (-) TimerEvent: {}
[200.742735] (-) TimerEvent: {}
[200.844031] (-) TimerEvent: {}
[200.946527] (-) TimerEvent: {}
[201.050574] (-) TimerEvent: {}
[201.151919] (-) TimerEvent: {}
[201.254059] (-) TimerEvent: {}
[201.358067] (-) TimerEvent: {}
[201.459422] (-) TimerEvent: {}
[201.562082] (-) TimerEvent: {}
[201.666366] (-) TimerEvent: {}
[201.767547] (-) TimerEvent: {}
[201.873772] (-) TimerEvent: {}
[201.974730] (-) TimerEvent: {}
[202.075702] (-) TimerEvent: {}
[202.176893] (-) TimerEvent: {}
[202.278227] (-) TimerEvent: {}
[202.379556] (-) TimerEvent: {}
[202.481036] (-) TimerEvent: {}
[202.582421] (-) TimerEvent: {}
[202.683294] (-) TimerEvent: {}
[202.784612] (-) TimerEvent: {}
[202.885997] (-) TimerEvent: {}
[202.986890] (-) TimerEvent: {}
[203.088454] (-) TimerEvent: {}
[203.189385] (-) TimerEvent: {}
[203.290321] (-) TimerEvent: {}
[203.392118] (-) TimerEvent: {}
[203.493931] (-) TimerEvent: {}
[203.595663] (-) TimerEvent: {}
[203.696952] (-) TimerEvent: {}
[203.798715] (-) TimerEvent: {}
[203.900518] (-) TimerEvent: {}
[204.002704] (-) TimerEvent: {}
[204.104152] (-) TimerEvent: {}
[204.206033] (-) TimerEvent: {}
[204.307317] (-) TimerEvent: {}
[204.409176] (-) TimerEvent: {}
[204.513048] (-) TimerEvent: {}
[204.614369] (-) TimerEvent: {}
[204.716170] (-) TimerEvent: {}
[204.817497] (-) TimerEvent: {}
[204.918512] (-) TimerEvent: {}
[205.020319] (-) TimerEvent: {}
[205.121743] (-) TimerEvent: {}
[205.223717] (-) TimerEvent: {}
[205.325489] (-) TimerEvent: {}
[205.426884] (-) TimerEvent: {}
[205.529096] (-) TimerEvent: {}
[205.629994] (-) TimerEvent: {}
[205.731745] (-) TimerEvent: {}
[205.833443] (-) TimerEvent: {}
[205.935445] (-) TimerEvent: {}
[206.036357] (-) TimerEvent: {}
[206.138131] (-) TimerEvent: {}
[206.239852] (-) TimerEvent: {}
[206.341836] (-) TimerEvent: {}
[206.443643] (-) TimerEvent: {}
[206.547132] (-) TimerEvent: {}
[206.648390] (-) TimerEvent: {}
[206.750132] (-) TimerEvent: {}
[206.851425] (-) TimerEvent: {}
[206.952266] (-) TimerEvent: {}
[207.054144] (-) TimerEvent: {}
[207.155400] (-) TimerEvent: {}
[207.257046] (-) TimerEvent: {}
[207.357982] (-) TimerEvent: {}
[207.459567] (-) TimerEvent: {}
[207.561264] (-) TimerEvent: {}
[207.663233] (-) TimerEvent: {}
[207.764895] (-) TimerEvent: {}
[207.866179] (-) TimerEvent: {}
[207.966984] (-) TimerEvent: {}
[208.068773] (-) TimerEvent: {}
[208.170721] (-) TimerEvent: {}
[208.273670] (-) TimerEvent: {}
[208.375907] (-) TimerEvent: {}
[208.477252] (-) TimerEvent: {}
[208.579169] (-) TimerEvent: {}
[208.680978] (-) TimerEvent: {}
[208.782818] (-) TimerEvent: {}
[208.884154] (-) TimerEvent: {}
[208.986327] (-) TimerEvent: {}
[209.087693] (-) TimerEvent: {}
[209.189479] (-) TimerEvent: {}
[209.291507] (-) TimerEvent: {}
[209.393319] (-) TimerEvent: {}
[209.494711] (-) TimerEvent: {}
[209.595571] (-) TimerEvent: {}
[209.697329] (-) TimerEvent: {}
[209.799262] (-) TimerEvent: {}
[209.900985] (-) TimerEvent: {}
[210.001935] (-) TimerEvent: {}
[210.103735] (-) TimerEvent: {}
[210.206679] (-) TimerEvent: {}
[210.308328] (-) TimerEvent: {}
[210.409957] (-) TimerEvent: {}
[210.511557] (-) TimerEvent: {}
[210.613980] (-) TimerEvent: {}
[210.718039] (-) TimerEvent: {}
[210.819950] (-) TimerEvent: {}
[210.925327] (-) TimerEvent: {}
[211.029828] (-) TimerEvent: {}
[211.132033] (-) TimerEvent: {}
[211.233032] (-) TimerEvent: {}
[211.335046] (-) TimerEvent: {}
[211.435857] (-) TimerEvent: {}
[211.536842] (-) TimerEvent: {}
[211.638384] (-) TimerEvent: {}
[211.739609] (-) TimerEvent: {}
[211.840821] (-) TimerEvent: {}
[211.942074] (-) TimerEvent: {}
[212.043412] (-) TimerEvent: {}
[212.144736] (-) TimerEvent: {}
[212.246086] (-) TimerEvent: {}
[212.346836] (-) TimerEvent: {}
[212.447565] (-) TimerEvent: {}
[212.548282] (-) TimerEvent: {}
[212.649014] (-) TimerEvent: {}
[212.749832] (-) TimerEvent: {}
[212.850667] (-) TimerEvent: {}
[212.951405] (-) TimerEvent: {}
[213.052133] (-) TimerEvent: {}
[213.152964] (-) TimerEvent: {}
[213.254179] (-) TimerEvent: {}
[213.355066] (-) TimerEvent: {}
[213.455853] (-) TimerEvent: {}
[213.556607] (-) TimerEvent: {}
[213.657386] (-) TimerEvent: {}
[213.758205] (-) TimerEvent: {}
[213.858958] (-) TimerEvent: {}
[213.959713] (-) TimerEvent: {}
[214.060529] (-) TimerEvent: {}
[214.161311] (-) TimerEvent: {}
[214.262923] (-) TimerEvent: {}
[214.364165] (-) TimerEvent: {}
[214.464960] (-) TimerEvent: {}
[214.566799] (-) TimerEvent: {}
[214.668142] (-) TimerEvent: {}
[214.769469] (-) TimerEvent: {}
[214.870826] (-) TimerEvent: {}
[214.971776] (-) TimerEvent: {}
[215.073084] (-) TimerEvent: {}
[215.174273] (-) TimerEvent: {}
[215.275037] (-) TimerEvent: {}
[215.375792] (-) TimerEvent: {}
[215.476549] (-) TimerEvent: {}
[215.577319] (-) TimerEvent: {}
[215.678146] (-) TimerEvent: {}
[215.779018] (-) TimerEvent: {}
[215.879770] (-) TimerEvent: {}
[215.980525] (-) TimerEvent: {}
[216.081308] (-) TimerEvent: {}
[216.182266] (-) TimerEvent: {}
[216.283306] (-) TimerEvent: {}
[216.384059] (-) TimerEvent: {}
[216.484828] (-) TimerEvent: {}
[216.585662] (-) TimerEvent: {}
[216.686475] (-) TimerEvent: {}
[216.787213] (-) TimerEvent: {}
[216.887919] (-) TimerEvent: {}
[216.988630] (-) TimerEvent: {}
[217.089356] (-) TimerEvent: {}
[217.190092] (-) TimerEvent: {}
[217.290811] (-) TimerEvent: {}
[217.391548] (-) TimerEvent: {}
[217.492314] (-) TimerEvent: {}
[217.593084] (-) TimerEvent: {}
[217.694526] (-) TimerEvent: {}
[217.795819] (-) TimerEvent: {}
[217.896671] (-) TimerEvent: {}
[217.997661] (-) TimerEvent: {}
[218.098393] (-) TimerEvent: {}
[218.149878] (map_image_generator) StdoutLine: {'line': b'[ 66%] \x1b[32mBuilding CXX object CMakeFiles/map_image_generator.dir/src/MapImageGenerator.cpp.o\x1b[0m\n'}
[218.198615] (-) TimerEvent: {}
[218.301736] (-) TimerEvent: {}
[218.402845] (-) TimerEvent: {}
[218.503613] (-) TimerEvent: {}
[218.605834] (-) TimerEvent: {}
[218.708183] (-) TimerEvent: {}
[218.811443] (-) TimerEvent: {}
[218.914070] (-) TimerEvent: {}
[219.015469] (-) TimerEvent: {}
[219.118083] (-) TimerEvent: {}
[219.220511] (-) TimerEvent: {}
[219.225451] (map_image_generator) StdoutLine: {'line': b'[ 73%] \x1b[32mBuilding CXX object CMakeFiles/map_image_generator.dir/src/main.cpp.o\x1b[0m\n'}
[219.320782] (-) TimerEvent: {}
[219.423840] (-) TimerEvent: {}
[219.530708] (-) TimerEvent: {}
[219.632167] (-) TimerEvent: {}
[219.736528] (-) TimerEvent: {}
[219.838006] (-) TimerEvent: {}
[219.946402] (-) TimerEvent: {}
[220.048139] (-) TimerEvent: {}
[220.149846] (-) TimerEvent: {}
[220.258308] (-) TimerEvent: {}
[220.359607] (-) TimerEvent: {}
[220.460763] (-) TimerEvent: {}
[220.562363] (-) TimerEvent: {}
[220.666487] (-) TimerEvent: {}
[220.768281] (-) TimerEvent: {}
[220.874156] (-) TimerEvent: {}
[220.975116] (-) TimerEvent: {}
[221.076043] (-) TimerEvent: {}
[221.177201] (-) TimerEvent: {}
[221.278609] (-) TimerEvent: {}
[221.382054] (-) TimerEvent: {}
[221.482958] (-) TimerEvent: {}
[221.589736] (-) TimerEvent: {}
[221.690671] (-) TimerEvent: {}
[221.791529] (-) TimerEvent: {}
[221.892404] (-) TimerEvent: {}
[221.993319] (-) TimerEvent: {}
[222.098089] (-) TimerEvent: {}
[222.199307] (-) TimerEvent: {}
[222.302096] (-) TimerEvent: {}
[222.406265] (-) TimerEvent: {}
[222.509574] (-) TimerEvent: {}
[222.611264] (-) TimerEvent: {}
[222.713793] (-) TimerEvent: {}
[222.818085] (-) TimerEvent: {}
[222.920091] (-) TimerEvent: {}
[223.022231] (-) TimerEvent: {}
[223.126504] (-) TimerEvent: {}
[223.228420] (-) TimerEvent: {}
[223.334483] (-) TimerEvent: {}
[223.436250] (-) TimerEvent: {}
[223.541062] (-) TimerEvent: {}
[223.642989] (-) TimerEvent: {}
[223.746470] (-) TimerEvent: {}
[223.850075] (-) TimerEvent: {}
[223.954081] (-) TimerEvent: {}
[224.061756] (-) TimerEvent: {}
[224.163053] (-) TimerEvent: {}
[224.263948] (-) TimerEvent: {}
[224.365293] (-) TimerEvent: {}
[224.467460] (-) TimerEvent: {}
[224.569468] (-) TimerEvent: {}
[224.677725] (-) TimerEvent: {}
[224.779048] (-) TimerEvent: {}
[224.880326] (-) TimerEvent: {}
[224.984765] (-) TimerEvent: {}
[225.086159] (-) TimerEvent: {}
[225.190444] (-) TimerEvent: {}
[225.292511] (-) TimerEvent: {}
[225.398582] (-) TimerEvent: {}
[225.500798] (-) TimerEvent: {}
[225.602859] (-) TimerEvent: {}
[225.706813] (-) TimerEvent: {}
[225.814084] (-) TimerEvent: {}
[225.915761] (-) TimerEvent: {}
[226.017753] (-) TimerEvent: {}
[226.122101] (-) TimerEvent: {}
[226.225739] (-) TimerEvent: {}
[226.326675] (-) TimerEvent: {}
[226.427605] (-) TimerEvent: {}
[226.530607] (-) TimerEvent: {}
[226.634016] (-) TimerEvent: {}
[226.736646] (-) TimerEvent: {}
[226.841739] (-) TimerEvent: {}
[226.942640] (-) TimerEvent: {}
[227.043906] (-) TimerEvent: {}
[227.146403] (-) TimerEvent: {}
[227.250090] (-) TimerEvent: {}
[227.351642] (-) TimerEvent: {}
[227.452941] (-) TimerEvent: {}
[227.558470] (-) TimerEvent: {}
[227.659899] (-) TimerEvent: {}
[227.761184] (-) TimerEvent: {}
[227.862708] (-) TimerEvent: {}
[227.966168] (-) TimerEvent: {}
[228.067551] (-) TimerEvent: {}
[228.170562] (-) TimerEvent: {}
[228.274142] (-) TimerEvent: {}
[228.375804] (-) TimerEvent: {}
[228.478076] (-) TimerEvent: {}
[228.582555] (-) TimerEvent: {}
[228.683864] (-) TimerEvent: {}
[228.785303] (-) TimerEvent: {}
[228.890201] (-) TimerEvent: {}
[228.991645] (-) TimerEvent: {}
[229.093060] (-) TimerEvent: {}
[229.198755] (-) TimerEvent: {}
[229.300970] (-) TimerEvent: {}
[229.402740] (-) TimerEvent: {}
[229.506470] (-) TimerEvent: {}
[229.607928] (-) TimerEvent: {}
[229.710500] (-) TimerEvent: {}
[229.814471] (-) TimerEvent: {}
[229.916077] (-) TimerEvent: {}
[230.022752] (-) TimerEvent: {}
[230.124359] (-) TimerEvent: {}
[230.226525] (-) TimerEvent: {}
[230.330771] (-) TimerEvent: {}
[230.435922] (-) TimerEvent: {}
[230.537315] (-) TimerEvent: {}
[230.641764] (-) TimerEvent: {}
[230.743442] (-) TimerEvent: {}
[230.846168] (-) TimerEvent: {}
[230.950631] (-) TimerEvent: {}
[231.057745] (-) TimerEvent: {}
[231.159213] (-) TimerEvent: {}
[231.261101] (-) TimerEvent: {}
[231.362600] (-) TimerEvent: {}
[231.466158] (-) TimerEvent: {}
[231.574107] (-) TimerEvent: {}
[231.675410] (-) TimerEvent: {}
[231.777629] (-) TimerEvent: {}
[231.879586] (-) TimerEvent: {}
[231.983428] (-) TimerEvent: {}
[232.086457] (-) TimerEvent: {}
[232.190523] (-) TimerEvent: {}
[232.293779] (-) TimerEvent: {}
[232.395105] (-) TimerEvent: {}
[232.501747] (-) TimerEvent: {}
[232.603097] (-) TimerEvent: {}
[232.704663] (-) TimerEvent: {}
[232.806878] (-) TimerEvent: {}
[232.908982] (-) TimerEvent: {}
[233.766957] (-) TimerEvent: {}
[233.868266] (-) TimerEvent: {}
[233.970389] (-) TimerEvent: {}
[234.072525] (-) TimerEvent: {}
[234.177753] (-) TimerEvent: {}
[234.279084] (-) TimerEvent: {}
[234.385734] (-) TimerEvent: {}
[234.487078] (-) TimerEvent: {}
[234.588457] (-) TimerEvent: {}
[234.689833] (-) TimerEvent: {}
[234.791763] (-) TimerEvent: {}
[234.897760] (-) TimerEvent: {}
[234.999084] (-) TimerEvent: {}
[235.100396] (-) TimerEvent: {}
[235.206087] (-) TimerEvent: {}
[235.307475] (-) TimerEvent: {}
[235.409411] (-) TimerEvent: {}
[235.514579] (-) TimerEvent: {}
[235.616197] (-) TimerEvent: {}
[235.722119] (-) TimerEvent: {}
[235.823160] (-) TimerEvent: {}
[235.924740] (-) TimerEvent: {}
[236.028443] (-) TimerEvent: {}
[236.129794] (-) TimerEvent: {}
[236.234486] (-) TimerEvent: {}
[236.336421] (-) TimerEvent: {}
[236.442127] (-) TimerEvent: {}
[236.543629] (-) TimerEvent: {}
[236.649741] (-) TimerEvent: {}
[236.751122] (-) TimerEvent: {}
[236.852516] (-) TimerEvent: {}
[236.957743] (-) TimerEvent: {}
[237.059404] (-) TimerEvent: {}
[237.161743] (-) TimerEvent: {}
[237.262479] (-) TimerEvent: {}
[237.364936] (-) TimerEvent: {}
[237.465681] (-) TimerEvent: {}
[237.566540] (-) TimerEvent: {}
[237.667482] (-) TimerEvent: {}
[237.768420] (-) TimerEvent: {}
[237.869414] (-) TimerEvent: {}
[237.970472] (-) TimerEvent: {}
[238.071079] (-) TimerEvent: {}
[238.172109] (-) TimerEvent: {}
[238.272890] (-) TimerEvent: {}
[238.374449] (-) TimerEvent: {}
[238.475139] (-) TimerEvent: {}
[238.576217] (-) TimerEvent: {}
[238.677086] (-) TimerEvent: {}
[238.777805] (-) TimerEvent: {}
[238.878401] (-) TimerEvent: {}
[238.979045] (-) TimerEvent: {}
[239.080058] (-) TimerEvent: {}
[239.180664] (-) TimerEvent: {}
[239.281493] (-) TimerEvent: {}
[239.382170] (-) TimerEvent: {}
[239.483310] (-) TimerEvent: {}
[239.584118] (-) TimerEvent: {}
[239.685412] (-) TimerEvent: {}
[239.786275] (-) TimerEvent: {}
[239.887476] (-) TimerEvent: {}
[239.988203] (-) TimerEvent: {}
[240.089401] (-) TimerEvent: {}
[240.190156] (-) TimerEvent: {}
[240.291370] (-) TimerEvent: {}
[240.392227] (-) TimerEvent: {}
[240.497714] (-) TimerEvent: {}
[240.598610] (-) TimerEvent: {}
[240.699458] (-) TimerEvent: {}
[240.801257] (-) TimerEvent: {}
[240.903567] (-) TimerEvent: {}
[241.006623] (-) TimerEvent: {}
[241.108459] (-) TimerEvent: {}
[241.210305] (-) TimerEvent: {}
[241.311168] (-) TimerEvent: {}
[241.413125] (-) TimerEvent: {}
[241.514700] (-) TimerEvent: {}
[241.616308] (-) TimerEvent: {}
[241.717606] (-) TimerEvent: {}
[241.818675] (-) TimerEvent: {}
[241.921073] (-) TimerEvent: {}
[242.022343] (-) TimerEvent: {}
[242.123858] (-) TimerEvent: {}
[242.224604] (-) TimerEvent: {}
[242.326090] (-) TimerEvent: {}
[242.427049] (-) TimerEvent: {}
[242.527753] (-) TimerEvent: {}
[242.629193] (-) TimerEvent: {}
[242.730692] (-) TimerEvent: {}
[242.831931] (-) TimerEvent: {}
[242.932932] (-) TimerEvent: {}
[243.034000] (-) TimerEvent: {}
[243.135263] (-) TimerEvent: {}
[243.236464] (-) TimerEvent: {}
[243.337420] (-) TimerEvent: {}
[243.438207] (-) TimerEvent: {}
[243.539635] (-) TimerEvent: {}
[243.640775] (-) TimerEvent: {}
[243.742240] (-) TimerEvent: {}
[243.843441] (-) TimerEvent: {}
[243.958888] (-) TimerEvent: {}
[244.062722] (-) TimerEvent: {}
[244.164085] (-) TimerEvent: {}
[244.269723] (-) TimerEvent: {}
[244.370584] (-) TimerEvent: {}
[244.471423] (-) TimerEvent: {}
[244.573106] (-) TimerEvent: {}
[244.678063] (-) TimerEvent: {}
[244.779353] (-) TimerEvent: {}
[244.882029] (-) TimerEvent: {}
[244.986148] (-) TimerEvent: {}
[245.086977] (-) TimerEvent: {}
[245.190029] (-) TimerEvent: {}
[245.290845] (-) TimerEvent: {}
[245.393756] (-) TimerEvent: {}
[245.494622] (-) TimerEvent: {}
[245.595506] (-) TimerEvent: {}
[245.698068] (-) TimerEvent: {}
[245.801736] (-) TimerEvent: {}
[245.902584] (-) TimerEvent: {}
[246.003463] (-) TimerEvent: {}
[246.104344] (-) TimerEvent: {}
[246.209718] (-) TimerEvent: {}
[246.310553] (-) TimerEvent: {}
[246.411368] (-) TimerEvent: {}
[246.512213] (-) TimerEvent: {}
[246.613085] (-) TimerEvent: {}
[246.717762] (-) TimerEvent: {}
[246.818895] (-) TimerEvent: {}
[246.920189] (-) TimerEvent: {}
[247.021557] (-) TimerEvent: {}
[247.123900] (-) TimerEvent: {}
[247.230319] (-) TimerEvent: {}
[247.332231] (-) TimerEvent: {}
[247.434092] (-) TimerEvent: {}
[247.535810] (-) TimerEvent: {}
[247.642275] (-) TimerEvent: {}
[247.744268] (-) TimerEvent: {}
[247.846355] (-) TimerEvent: {}
[247.950084] (-) TimerEvent: {}
[248.051421] (-) TimerEvent: {}
[248.154025] (-) TimerEvent: {}
[248.254800] (-) TimerEvent: {}
[248.356019] (-) TimerEvent: {}
[248.457300] (-) TimerEvent: {}
[248.558087] (-) TimerEvent: {}
[248.659302] (-) TimerEvent: {}
[248.760070] (-) TimerEvent: {}
[248.860808] (-) TimerEvent: {}
[248.961639] (-) TimerEvent: {}
[249.062438] (-) TimerEvent: {}
[249.164676] (-) TimerEvent: {}
[249.265422] (-) TimerEvent: {}
[249.366178] (-) TimerEvent: {}
[249.466894] (-) TimerEvent: {}
[249.567686] (-) TimerEvent: {}
[249.668425] (-) TimerEvent: {}
[249.769155] (-) TimerEvent: {}
[249.869931] (-) TimerEvent: {}
[249.970664] (-) TimerEvent: {}
[250.071396] (-) TimerEvent: {}
[250.172641] (-) TimerEvent: {}
[250.273389] (-) TimerEvent: {}
[250.374674] (-) TimerEvent: {}
[250.475854] (-) TimerEvent: {}
[250.577058] (-) TimerEvent: {}
[250.677856] (-) TimerEvent: {}
[250.778605] (-) TimerEvent: {}
[250.879426] (-) TimerEvent: {}
[250.980245] (-) TimerEvent: {}
[251.081244] (-) TimerEvent: {}
[251.182039] (-) TimerEvent: {}
[251.283107] (-) TimerEvent: {}
[251.384518] (-) TimerEvent: {}
[251.485692] (-) TimerEvent: {}
[251.586942] (-) TimerEvent: {}
[251.688230] (-) TimerEvent: {}
[251.789314] (-) TimerEvent: {}
[251.890446] (-) TimerEvent: {}
[251.991575] (-) TimerEvent: {}
[252.092768] (-) TimerEvent: {}
[252.194386] (-) TimerEvent: {}
[252.295638] (-) TimerEvent: {}
[252.397275] (-) TimerEvent: {}
[252.498549] (-) TimerEvent: {}
[252.599787] (-) TimerEvent: {}
[252.700542] (-) TimerEvent: {}
[252.801344] (-) TimerEvent: {}
[252.902173] (-) TimerEvent: {}
[253.002971] (-) TimerEvent: {}
[253.104008] (-) TimerEvent: {}
[253.204766] (-) TimerEvent: {}
[253.305590] (-) TimerEvent: {}
[253.332475] (map_image_generator) StdoutLine: {'line': b'[ 80%] \x1b[32mBuilding CXX object CMakeFiles/map_image_generator.dir/src/utils.cpp.o\x1b[0m\n'}
[253.405728] (-) TimerEvent: {}
[253.506933] (-) TimerEvent: {}
[253.607844] (-) TimerEvent: {}
[253.709032] (-) TimerEvent: {}
[253.810031] (-) TimerEvent: {}
[253.911221] (-) TimerEvent: {}
[254.012156] (-) TimerEvent: {}
[254.113391] (-) TimerEvent: {}
[254.214339] (-) TimerEvent: {}
[254.315527] (-) TimerEvent: {}
[254.416431] (-) TimerEvent: {}
[254.517828] (-) TimerEvent: {}
[254.618523] (-) TimerEvent: {}
[254.719861] (-) TimerEvent: {}
[254.820956] (-) TimerEvent: {}
[254.921913] (-) TimerEvent: {}
[255.023005] (-) TimerEvent: {}
[255.124084] (-) TimerEvent: {}
[255.225164] (-) TimerEvent: {}
[255.325874] (-) TimerEvent: {}
[255.426555] (-) TimerEvent: {}
[255.527220] (-) TimerEvent: {}
[255.627885] (-) TimerEvent: {}
[255.728633] (-) TimerEvent: {}
[255.829255] (-) TimerEvent: {}
[255.930072] (-) TimerEvent: {}
[256.031039] (-) TimerEvent: {}
[256.131700] (-) TimerEvent: {}
[256.232342] (-) TimerEvent: {}
[256.333007] (-) TimerEvent: {}
[256.433696] (-) TimerEvent: {}
[256.534974] (-) TimerEvent: {}
[256.635945] (-) TimerEvent: {}
[256.736646] (-) TimerEvent: {}
[256.837944] (-) TimerEvent: {}
[256.938936] (-) TimerEvent: {}
[257.040309] (-) TimerEvent: {}
[257.140955] (-) TimerEvent: {}
[257.242343] (-) TimerEvent: {}
[257.343373] (-) TimerEvent: {}
[257.444102] (-) TimerEvent: {}
[257.545375] (-) TimerEvent: {}
[257.646133] (-) TimerEvent: {}
[257.747417] (-) TimerEvent: {}
[257.848401] (-) TimerEvent: {}
[257.949772] (-) TimerEvent: {}
[258.050780] (-) TimerEvent: {}
[258.152120] (-) TimerEvent: {}
[258.253144] (-) TimerEvent: {}
[258.353852] (-) TimerEvent: {}
[258.455076] (-) TimerEvent: {}
[258.556160] (-) TimerEvent: {}
[258.657674] (-) TimerEvent: {}
[258.758674] (-) TimerEvent: {}
[258.859986] (-) TimerEvent: {}
[258.960999] (-) TimerEvent: {}
[259.061803] (-) TimerEvent: {}
[259.163386] (-) TimerEvent: {}
[259.264658] (-) TimerEvent: {}
[259.365674] (-) TimerEvent: {}
[259.467072] (-) TimerEvent: {}
[259.568092] (-) TimerEvent: {}
[259.669507] (-) TimerEvent: {}
[259.770248] (-) TimerEvent: {}
[259.871619] (-) TimerEvent: {}
[259.972683] (-) TimerEvent: {}
[260.074026] (-) TimerEvent: {}
[260.174995] (-) TimerEvent: {}
[260.276393] (-) TimerEvent: {}
[260.377356] (-) TimerEvent: {}
[260.478018] (-) TimerEvent: {}
[260.579320] (-) TimerEvent: {}
[260.680344] (-) TimerEvent: {}
[260.781680] (-) TimerEvent: {}
[260.882300] (-) TimerEvent: {}
[260.983592] (-) TimerEvent: {}
[261.084618] (-) TimerEvent: {}
[261.186149] (-) TimerEvent: {}
[261.287136] (-) TimerEvent: {}
[261.388469] (-) TimerEvent: {}
[261.489203] (-) TimerEvent: {}
[261.590565] (-) TimerEvent: {}
[261.691594] (-) TimerEvent: {}
[261.792947] (-) TimerEvent: {}
[261.894017] (-) TimerEvent: {}
[261.995304] (-) TimerEvent: {}
[262.096309] (-) TimerEvent: {}
[262.197625] (-) TimerEvent: {}
[262.298296] (-) TimerEvent: {}
[262.399596] (-) TimerEvent: {}
[262.500889] (-) TimerEvent: {}
[262.601879] (-) TimerEvent: {}
[262.703204] (-) TimerEvent: {}
[262.804243] (-) TimerEvent: {}
[262.905693] (-) TimerEvent: {}
[263.006697] (-) TimerEvent: {}
[263.108182] (-) TimerEvent: {}
[263.209247] (-) TimerEvent: {}
[263.310563] (-) TimerEvent: {}
[263.411575] (-) TimerEvent: {}
[263.512934] (-) TimerEvent: {}
[263.614003] (-) TimerEvent: {}
[263.715406] (-) TimerEvent: {}
[263.816125] (-) TimerEvent: {}
[263.917485] (-) TimerEvent: {}
[264.018501] (-) TimerEvent: {}
[264.119808] (-) TimerEvent: {}
[264.220818] (-) TimerEvent: {}
[264.322136] (-) TimerEvent: {}
[264.423168] (-) TimerEvent: {}
[264.524464] (-) TimerEvent: {}
[264.625143] (-) TimerEvent: {}
[264.726506] (-) TimerEvent: {}
[264.827501] (-) TimerEvent: {}
[264.928765] (-) TimerEvent: {}
[265.029739] (-) TimerEvent: {}
[265.130492] (-) TimerEvent: {}
[265.231860] (-) TimerEvent: {}
[265.332886] (-) TimerEvent: {}
[265.434218] (-) TimerEvent: {}
[265.535588] (-) TimerEvent: {}
[265.636577] (-) TimerEvent: {}
[265.738028] (-) TimerEvent: {}
[265.839195] (-) TimerEvent: {}
[265.939871] (-) TimerEvent: {}
[266.041219] (-) TimerEvent: {}
[266.142318] (-) TimerEvent: {}
[266.243652] (-) TimerEvent: {}
[266.344687] (-) TimerEvent: {}
[266.446037] (-) TimerEvent: {}
[266.547355] (-) TimerEvent: {}
[266.648033] (-) TimerEvent: {}
[266.749382] (-) TimerEvent: {}
[266.850437] (-) TimerEvent: {}
[266.951762] (-) TimerEvent: {}
[267.052772] (-) TimerEvent: {}
[267.154104] (-) TimerEvent: {}
[267.255057] (-) TimerEvent: {}
[267.355702] (-) TimerEvent: {}
[267.457012] (-) TimerEvent: {}
[267.558410] (-) TimerEvent: {}
[267.659407] (-) TimerEvent: {}
[267.760077] (-) TimerEvent: {}
[267.861389] (-) TimerEvent: {}
[267.962108] (-) TimerEvent: {}
[268.063388] (-) TimerEvent: {}
[268.164413] (-) TimerEvent: {}
[268.265727] (-) TimerEvent: {}
[268.366736] (-) TimerEvent: {}
[268.468047] (-) TimerEvent: {}
[268.569154] (-) TimerEvent: {}
[268.669858] (-) TimerEvent: {}
[268.770488] (-) TimerEvent: {}
[268.871144] (-) TimerEvent: {}
[268.971828] (-) TimerEvent: {}
[269.072525] (-) TimerEvent: {}
[269.173182] (-) TimerEvent: {}
[269.273881] (-) TimerEvent: {}
[269.374536] (-) TimerEvent: {}
[269.475194] (-) TimerEvent: {}
[269.575857] (-) TimerEvent: {}
[269.676538] (-) TimerEvent: {}
[269.777279] (-) TimerEvent: {}
[269.878064] (-) TimerEvent: {}
[269.979070] (-) TimerEvent: {}
[270.079731] (-) TimerEvent: {}
[270.180506] (-) TimerEvent: {}
[270.281130] (-) TimerEvent: {}
[270.381824] (-) TimerEvent: {}
[270.482434] (-) TimerEvent: {}
[270.583070] (-) TimerEvent: {}
[270.683731] (-) TimerEvent: {}
[270.784409] (-) TimerEvent: {}
[270.885105] (-) TimerEvent: {}
[270.985883] (-) TimerEvent: {}
[271.037810] (map_image_generator) StdoutLine: {'line': b'[ 86%] \x1b[32mBuilding CXX object CMakeFiles/map_image_generator.dir/src/Parameters.cpp.o\x1b[0m\n'}
[271.086037] (-) TimerEvent: {}
[271.187226] (-) TimerEvent: {}
[271.287845] (-) TimerEvent: {}
[271.389049] (-) TimerEvent: {}
[271.490000] (-) TimerEvent: {}
[271.591188] (-) TimerEvent: {}
[271.692099] (-) TimerEvent: {}
[271.793365] (-) TimerEvent: {}
[271.894381] (-) TimerEvent: {}
[271.995084] (-) TimerEvent: {}
[272.096751] (-) TimerEvent: {}
[272.197886] (-) TimerEvent: {}
[272.299890] (-) TimerEvent: {}
[272.400893] (-) TimerEvent: {}
[272.501627] (-) TimerEvent: {}
[272.602910] (-) TimerEvent: {}
[272.703983] (-) TimerEvent: {}
[272.804632] (-) TimerEvent: {}
[272.905970] (-) TimerEvent: {}
[273.006642] (-) TimerEvent: {}
[273.107970] (-) TimerEvent: {}
[273.208983] (-) TimerEvent: {}
[273.310287] (-) TimerEvent: {}
[273.411277] (-) TimerEvent: {}
[273.512659] (-) TimerEvent: {}
[273.613902] (-) TimerEvent: {}
[273.714536] (-) TimerEvent: {}
[273.815874] (-) TimerEvent: {}
[273.916871] (-) TimerEvent: {}
[274.018185] (-) TimerEvent: {}
[274.119144] (-) TimerEvent: {}
[274.220458] (-) TimerEvent: {}
[274.321467] (-) TimerEvent: {}
[274.422167] (-) TimerEvent: {}
[274.523530] (-) TimerEvent: {}
[274.624607] (-) TimerEvent: {}
[274.725913] (-) TimerEvent: {}
[274.826922] (-) TimerEvent: {}
[274.928208] (-) TimerEvent: {}
[275.029220] (-) TimerEvent: {}
[275.130036] (-) TimerEvent: {}
[275.231347] (-) TimerEvent: {}
[275.332409] (-) TimerEvent: {}
[275.433723] (-) TimerEvent: {}
[275.534813] (-) TimerEvent: {}
[275.635630] (-) TimerEvent: {}
[275.736945] (-) TimerEvent: {}
[275.837996] (-) TimerEvent: {}
[275.939302] (-) TimerEvent: {}
[276.040334] (-) TimerEvent: {}
[276.141896] (-) TimerEvent: {}
[276.242878] (-) TimerEvent: {}
[276.344169] (-) TimerEvent: {}
[276.445272] (-) TimerEvent: {}
[276.546235] (-) TimerEvent: {}
[276.647371] (-) TimerEvent: {}
[276.748022] (-) TimerEvent: {}
[276.849397] (-) TimerEvent: {}
[276.950076] (-) TimerEvent: {}
[277.051374] (-) TimerEvent: {}
[277.152390] (-) TimerEvent: {}
[277.253828] (-) TimerEvent: {}
[277.354488] (-) TimerEvent: {}
[277.455814] (-) TimerEvent: {}
[277.556837] (-) TimerEvent: {}
[277.658630] (-) TimerEvent: {}
[277.759853] (-) TimerEvent: {}
[277.861084] (-) TimerEvent: {}
[277.961794] (-) TimerEvent: {}
[278.062462] (-) TimerEvent: {}
[278.163126] (-) TimerEvent: {}
[278.263797] (-) TimerEvent: {}
[278.364529] (-) TimerEvent: {}
[278.465266] (-) TimerEvent: {}
[278.565963] (-) TimerEvent: {}
[278.666638] (-) TimerEvent: {}
[278.767308] (-) TimerEvent: {}
[278.868665] (-) TimerEvent: {}
[278.969694] (-) TimerEvent: {}
[279.070349] (-) TimerEvent: {}
[279.171001] (-) TimerEvent: {}
[279.272392] (-) TimerEvent: {}
[279.373758] (-) TimerEvent: {}
[279.475067] (-) TimerEvent: {}
[279.575748] (-) TimerEvent: {}
[279.677201] (-) TimerEvent: {}
[279.778596] (-) TimerEvent: {}
[279.879909] (-) TimerEvent: {}
[279.981293] (-) TimerEvent: {}
[280.082738] (-) TimerEvent: {}
[280.184125] (-) TimerEvent: {}
[280.285116] (-) TimerEvent: {}
[280.386160] (-) TimerEvent: {}
[280.487477] (-) TimerEvent: {}
[280.588526] (-) TimerEvent: {}
[280.689856] (-) TimerEvent: {}
[280.791182] (-) TimerEvent: {}
[280.892378] (-) TimerEvent: {}
[280.993893] (-) TimerEvent: {}
[281.094534] (-) TimerEvent: {}
[281.195205] (-) TimerEvent: {}
[281.296564] (-) TimerEvent: {}
[281.397593] (-) TimerEvent: {}
[281.498257] (-) TimerEvent: {}
[281.599702] (-) TimerEvent: {}
[281.700705] (-) TimerEvent: {}
[281.802070] (-) TimerEvent: {}
[281.903115] (-) TimerEvent: {}
[282.004582] (-) TimerEvent: {}
[282.105279] (-) TimerEvent: {}
[282.206689] (-) TimerEvent: {}
[282.307696] (-) TimerEvent: {}
[282.409120] (-) TimerEvent: {}
[282.510007] (-) TimerEvent: {}
[282.611378] (-) TimerEvent: {}
[282.712375] (-) TimerEvent: {}
[282.813682] (-) TimerEvent: {}
[282.914708] (-) TimerEvent: {}
[283.016073] (-) TimerEvent: {}
[283.117980] (-) TimerEvent: {}
[283.218988] (-) TimerEvent: {}
[283.320327] (-) TimerEvent: {}
[283.421341] (-) TimerEvent: {}
[283.523102] (-) TimerEvent: {}
[283.624090] (-) TimerEvent: {}
[283.724767] (-) TimerEvent: {}
[283.826066] (-) TimerEvent: {}
[283.927118] (-) TimerEvent: {}
[284.028426] (-) TimerEvent: {}
[284.129427] (-) TimerEvent: {}
[284.231187] (-) TimerEvent: {}
[284.332389] (-) TimerEvent: {}
[284.433703] (-) TimerEvent: {}
[284.534752] (-) TimerEvent: {}
[284.636069] (-) TimerEvent: {}
[284.737169] (-) TimerEvent: {}
[284.838524] (-) TimerEvent: {}
[284.939548] (-) TimerEvent: {}
[285.041344] (-) TimerEvent: {}
[285.142461] (-) TimerEvent: {}
[285.243889] (-) TimerEvent: {}
[285.344885] (-) TimerEvent: {}
[285.446252] (-) TimerEvent: {}
[285.547275] (-) TimerEvent: {}
[285.648577] (-) TimerEvent: {}
[285.749243] (-) TimerEvent: {}
[285.850245] (-) TimerEvent: {}
[285.951564] (-) TimerEvent: {}
[286.052581] (-) TimerEvent: {}
[286.154111] (-) TimerEvent: {}
[286.255012] (-) TimerEvent: {}
[286.356394] (-) TimerEvent: {}
[286.457453] (-) TimerEvent: {}
[286.558878] (-) TimerEvent: {}
[286.659873] (-) TimerEvent: {}
[286.761154] (-) TimerEvent: {}
[286.861859] (-) TimerEvent: {}
[286.963164] (-) TimerEvent: {}
[287.064166] (-) TimerEvent: {}
[287.164977] (-) TimerEvent: {}
[287.266183] (-) TimerEvent: {}
[287.366927] (-) TimerEvent: {}
[287.468162] (-) TimerEvent: {}
[287.568853] (-) TimerEvent: {}
[287.670181] (-) TimerEvent: {}
[287.770890] (-) TimerEvent: {}
[287.871891] (-) TimerEvent: {}
[287.972597] (-) TimerEvent: {}
[288.073598] (-) TimerEvent: {}
[288.174471] (-) TimerEvent: {}
[288.275689] (-) TimerEvent: {}
[288.376804] (-) TimerEvent: {}
[288.477519] (-) TimerEvent: {}
[288.578719] (-) TimerEvent: {}
[288.679887] (-) TimerEvent: {}
[288.780742] (-) TimerEvent: {}
[288.881360] (-) TimerEvent: {}
[288.982026] (-) TimerEvent: {}
[289.082740] (-) TimerEvent: {}
[289.128627] (map_image_generator) StdoutLine: {'line': b'[ 93%] \x1b[32mBuilding CXX object CMakeFiles/map_image_generator.dir/src/MapLabelsConverter.cpp.o\x1b[0m\n'}
[289.182884] (-) TimerEvent: {}
[289.283517] (-) TimerEvent: {}
[289.384219] (-) TimerEvent: {}
[289.485244] (-) TimerEvent: {}
[289.586312] (-) TimerEvent: {}
[289.687363] (-) TimerEvent: {}
[289.788439] (-) TimerEvent: {}
[289.889469] (-) TimerEvent: {}
[289.990548] (-) TimerEvent: {}
[290.091752] (-) TimerEvent: {}
[290.192871] (-) TimerEvent: {}
[290.294092] (-) TimerEvent: {}
[290.395091] (-) TimerEvent: {}
[290.496301] (-) TimerEvent: {}
[290.597430] (-) TimerEvent: {}
[290.698597] (-) TimerEvent: {}
[290.799776] (-) TimerEvent: {}
[290.900909] (-) TimerEvent: {}
[291.001951] (-) TimerEvent: {}
[291.102623] (-) TimerEvent: {}
[291.203271] (-) TimerEvent: {}
[291.303931] (-) TimerEvent: {}
[291.404594] (-) TimerEvent: {}
[291.505244] (-) TimerEvent: {}
[291.605955] (-) TimerEvent: {}
[291.707245] (-) TimerEvent: {}
[291.808571] (-) TimerEvent: {}
[291.909864] (-) TimerEvent: {}
[292.011107] (-) TimerEvent: {}
[292.111795] (-) TimerEvent: {}
[292.212623] (-) TimerEvent: {}
[292.313667] (-) TimerEvent: {}
[292.414301] (-) TimerEvent: {}
[292.514938] (-) TimerEvent: {}
[292.615630] (-) TimerEvent: {}
[292.716284] (-) TimerEvent: {}
[292.817428] (-) TimerEvent: {}
[292.918821] (-) TimerEvent: {}
[293.020170] (-) TimerEvent: {}
[293.121144] (-) TimerEvent: {}
[293.221898] (-) TimerEvent: {}
[293.323252] (-) TimerEvent: {}
[293.424279] (-) TimerEvent: {}
[293.525683] (-) TimerEvent: {}
[293.627046] (-) TimerEvent: {}
[293.728017] (-) TimerEvent: {}
[293.829412] (-) TimerEvent: {}
[293.930424] (-) TimerEvent: {}
[294.031024] (-) TimerEvent: {}
[294.131759] (-) TimerEvent: {}
[294.232503] (-) TimerEvent: {}
[294.333184] (-) TimerEvent: {}
[294.433878] (-) TimerEvent: {}
[294.534629] (-) TimerEvent: {}
[294.635323] (-) TimerEvent: {}
[294.736011] (-) TimerEvent: {}
[294.836727] (-) TimerEvent: {}
[294.937422] (-) TimerEvent: {}
[295.038123] (-) TimerEvent: {}
[295.138756] (-) TimerEvent: {}
[295.239418] (-) TimerEvent: {}
[295.340138] (-) TimerEvent: {}
[295.440805] (-) TimerEvent: {}
[295.541461] (-) TimerEvent: {}
[295.642125] (-) TimerEvent: {}
[295.742862] (-) TimerEvent: {}
[295.843499] (-) TimerEvent: {}
[295.944186] (-) TimerEvent: {}
[296.044872] (-) TimerEvent: {}
[296.145556] (-) TimerEvent: {}
[296.246229] (-) TimerEvent: {}
[296.346906] (-) TimerEvent: {}
[296.447609] (-) TimerEvent: {}
[296.548356] (-) TimerEvent: {}
[296.649018] (-) TimerEvent: {}
[296.749686] (-) TimerEvent: {}
[296.850330] (-) TimerEvent: {}
[296.950985] (-) TimerEvent: {}
[297.051634] (-) TimerEvent: {}
[297.152314] (-) TimerEvent: {}
[297.252984] (-) TimerEvent: {}
[297.353699] (-) TimerEvent: {}
[297.454361] (-) TimerEvent: {}
[297.555022] (-) TimerEvent: {}
[297.656133] (-) TimerEvent: {}
[297.756846] (-) TimerEvent: {}
[297.857571] (-) TimerEvent: {}
[297.958229] (-) TimerEvent: {}
[298.058884] (-) TimerEvent: {}
[298.159545] (-) TimerEvent: {}
[298.260250] (-) TimerEvent: {}
[298.360897] (-) TimerEvent: {}
[298.461572] (-) TimerEvent: {}
[298.562241] (-) TimerEvent: {}
[298.662912] (-) TimerEvent: {}
[298.763578] (-) TimerEvent: {}
[298.864230] (-) TimerEvent: {}
[298.964898] (-) TimerEvent: {}
[299.065594] (-) TimerEvent: {}
[299.166251] (-) TimerEvent: {}
[299.266915] (-) TimerEvent: {}
[299.367611] (-) TimerEvent: {}
[299.468346] (-) TimerEvent: {}
[299.569020] (-) TimerEvent: {}
[299.669744] (-) TimerEvent: {}
[299.770397] (-) TimerEvent: {}
[299.871520] (-) TimerEvent: {}
[299.972187] (-) TimerEvent: {}
[300.072846] (-) TimerEvent: {}
[300.173509] (-) TimerEvent: {}
[300.274686] (-) TimerEvent: {}
[300.375389] (-) TimerEvent: {}
[300.476051] (-) TimerEvent: {}
[300.576727] (-) TimerEvent: {}
[300.677410] (-) TimerEvent: {}
[300.778366] (-) TimerEvent: {}
[300.879106] (-) TimerEvent: {}
[300.979860] (-) TimerEvent: {}
[301.080994] (-) TimerEvent: {}
[301.182171] (-) TimerEvent: {}
[301.282922] (-) TimerEvent: {}
[301.383632] (-) TimerEvent: {}
[301.484420] (-) TimerEvent: {}
[301.585263] (-) TimerEvent: {}
[301.685951] (-) TimerEvent: {}
[301.786626] (-) TimerEvent: {}
[301.887284] (-) TimerEvent: {}
[301.988801] (-) TimerEvent: {}
[302.089475] (-) TimerEvent: {}
[302.190889] (-) TimerEvent: {}
[302.291883] (-) TimerEvent: {}
[302.393162] (-) TimerEvent: {}
[302.493880] (-) TimerEvent: {}
[302.594554] (-) TimerEvent: {}
[302.695869] (-) TimerEvent: {}
[302.796867] (-) TimerEvent: {}
[302.898781] (-) TimerEvent: {}
[303.000712] (-) TimerEvent: {}
[303.101861] (-) TimerEvent: {}
[303.202977] (-) TimerEvent: {}
[303.304020] (-) TimerEvent: {}
[303.405147] (-) TimerEvent: {}
[303.505874] (-) TimerEvent: {}
[303.606746] (-) TimerEvent: {}
[303.707414] (-) TimerEvent: {}
[303.808074] (-) TimerEvent: {}
[303.908775] (-) TimerEvent: {}
[304.009468] (-) TimerEvent: {}
[304.110641] (-) TimerEvent: {}
[304.211762] (-) TimerEvent: {}
[304.312822] (-) TimerEvent: {}
[304.413985] (-) TimerEvent: {}
[304.514640] (-) TimerEvent: {}
[304.615295] (-) TimerEvent: {}
[304.715965] (-) TimerEvent: {}
[304.816606] (-) TimerEvent: {}
[304.917256] (-) TimerEvent: {}
[305.018007] (-) TimerEvent: {}
[305.118659] (-) TimerEvent: {}
[305.219323] (-) TimerEvent: {}
[305.319984] (-) TimerEvent: {}
[305.421098] (-) TimerEvent: {}
[305.522370] (-) TimerEvent: {}
[305.623562] (-) TimerEvent: {}
[305.724674] (-) TimerEvent: {}
[305.825872] (-) TimerEvent: {}
[305.927007] (-) TimerEvent: {}
[306.028113] (-) TimerEvent: {}
[306.129285] (-) TimerEvent: {}
[306.229990] (-) TimerEvent: {}
[306.330628] (-) TimerEvent: {}
[306.431288] (-) TimerEvent: {}
[306.531942] (-) TimerEvent: {}
[306.632590] (-) TimerEvent: {}
[306.733249] (-) TimerEvent: {}
[306.833946] (-) TimerEvent: {}
[306.934583] (-) TimerEvent: {}
[307.035220] (-) TimerEvent: {}
[307.135877] (-) TimerEvent: {}
[307.236538] (-) TimerEvent: {}
[307.337204] (-) TimerEvent: {}
[307.437919] (-) TimerEvent: {}
[307.538639] (-) TimerEvent: {}
[307.639276] (-) TimerEvent: {}
[307.739936] (-) TimerEvent: {}
[307.840655] (-) TimerEvent: {}
[307.941321] (-) TimerEvent: {}
[308.042003] (-) TimerEvent: {}
[308.142649] (-) TimerEvent: {}
[308.243333] (-) TimerEvent: {}
[308.344473] (-) TimerEvent: {}
[308.445650] (-) TimerEvent: {}
[308.546295] (-) TimerEvent: {}
[308.646951] (-) TimerEvent: {}
[308.747621] (-) TimerEvent: {}
[308.848335] (-) TimerEvent: {}
[308.949008] (-) TimerEvent: {}
[309.049697] (-) TimerEvent: {}
[309.150339] (-) TimerEvent: {}
[309.250981] (-) TimerEvent: {}
[309.351648] (-) TimerEvent: {}
[309.452319] (-) TimerEvent: {}
[309.552987] (-) TimerEvent: {}
[309.653666] (-) TimerEvent: {}
[309.754300] (-) TimerEvent: {}
[309.854992] (-) TimerEvent: {}
[309.956151] (-) TimerEvent: {}
[310.057271] (-) TimerEvent: {}
[310.158430] (-) TimerEvent: {}
[310.259598] (-) TimerEvent: {}
[310.360717] (-) TimerEvent: {}
[310.461932] (-) TimerEvent: {}
[310.563046] (-) TimerEvent: {}
[310.664146] (-) TimerEvent: {}
[310.764843] (-) TimerEvent: {}
[310.865679] (-) TimerEvent: {}
[310.966350] (-) TimerEvent: {}
[311.067478] (-) TimerEvent: {}
[311.168617] (-) TimerEvent: {}
[311.269292] (-) TimerEvent: {}
[311.370007] (-) TimerEvent: {}
[311.470666] (-) TimerEvent: {}
[311.571351] (-) TimerEvent: {}
[311.672009] (-) TimerEvent: {}
[311.772684] (-) TimerEvent: {}
[311.873401] (-) TimerEvent: {}
[311.974127] (-) TimerEvent: {}
[312.074838] (-) TimerEvent: {}
[312.175574] (-) TimerEvent: {}
[312.276296] (-) TimerEvent: {}
[312.376988] (-) TimerEvent: {}
[312.477739] (-) TimerEvent: {}
[312.578404] (-) TimerEvent: {}
[312.679119] (-) TimerEvent: {}
[312.779797] (-) TimerEvent: {}
[312.881201] (-) TimerEvent: {}
[312.981875] (-) TimerEvent: {}
[313.083537] (-) TimerEvent: {}
[313.184593] (-) TimerEvent: {}
[313.285702] (-) TimerEvent: {}
[313.386819] (-) TimerEvent: {}
[313.487871] (-) TimerEvent: {}
[313.588926] (-) TimerEvent: {}
[313.690051] (-) TimerEvent: {}
[313.791001] (-) TimerEvent: {}
[313.891984] (-) TimerEvent: {}
[313.992921] (-) TimerEvent: {}
[314.093568] (-) TimerEvent: {}
[314.194438] (-) TimerEvent: {}
[314.295104] (-) TimerEvent: {}
[314.395782] (-) TimerEvent: {}
[314.496533] (-) TimerEvent: {}
[314.597219] (-) TimerEvent: {}
[314.697979] (-) TimerEvent: {}
[314.798684] (-) TimerEvent: {}
[314.899425] (-) TimerEvent: {}
[315.000120] (-) TimerEvent: {}
[315.100794] (-) TimerEvent: {}
[315.201490] (-) TimerEvent: {}
[315.302338] (-) TimerEvent: {}
[315.402976] (-) TimerEvent: {}
[315.504632] (-) TimerEvent: {}
[315.605323] (-) TimerEvent: {}
[315.706124] (-) TimerEvent: {}
[315.807536] (-) TimerEvent: {}
[315.909275] (-) TimerEvent: {}
[316.011045] (-) TimerEvent: {}
[316.117762] (-) TimerEvent: {}
[316.218685] (-) TimerEvent: {}
[316.320339] (-) TimerEvent: {}
[316.422033] (-) TimerEvent: {}
[316.523091] (-) TimerEvent: {}
[316.623823] (-) TimerEvent: {}
[316.724903] (-) TimerEvent: {}
[316.825772] (-) TimerEvent: {}
[316.926860] (-) TimerEvent: {}
[317.028095] (-) TimerEvent: {}
[317.129687] (-) TimerEvent: {}
[317.230481] (-) TimerEvent: {}
[317.331619] (-) TimerEvent: {}
[317.432375] (-) TimerEvent: {}
[317.533298] (-) TimerEvent: {}
[317.634057] (-) TimerEvent: {}
[317.734778] (-) TimerEvent: {}
[317.835509] (-) TimerEvent: {}
[317.936231] (-) TimerEvent: {}
[318.036965] (-) TimerEvent: {}
[318.137724] (-) TimerEvent: {}
[318.238453] (-) TimerEvent: {}
[318.339165] (-) TimerEvent: {}
[318.439891] (-) TimerEvent: {}
[318.540709] (-) TimerEvent: {}
[318.641399] (-) TimerEvent: {}
[318.742078] (-) TimerEvent: {}
[318.842760] (-) TimerEvent: {}
[318.943475] (-) TimerEvent: {}
[319.044203] (-) TimerEvent: {}
[319.144919] (-) TimerEvent: {}
[319.245636] (-) TimerEvent: {}
[319.346636] (-) TimerEvent: {}
[319.447358] (-) TimerEvent: {}
[319.548303] (-) TimerEvent: {}
[319.648990] (-) TimerEvent: {}
[319.750008] (-) TimerEvent: {}
[319.850710] (-) TimerEvent: {}
[319.951698] (-) TimerEvent: {}
[320.052411] (-) TimerEvent: {}
[320.153383] (-) TimerEvent: {}
[320.254476] (-) TimerEvent: {}
[320.355184] (-) TimerEvent: {}
[320.456140] (-) TimerEvent: {}
[320.556787] (-) TimerEvent: {}
[320.657469] (-) TimerEvent: {}
[320.758481] (-) TimerEvent: {}
[320.859193] (-) TimerEvent: {}
[320.960154] (-) TimerEvent: {}
[321.060869] (-) TimerEvent: {}
[321.161916] (-) TimerEvent: {}
[321.262919] (-) TimerEvent: {}
[321.363607] (-) TimerEvent: {}
[321.464573] (-) TimerEvent: {}
[321.565267] (-) TimerEvent: {}
[321.665974] (-) TimerEvent: {}
[321.766955] (-) TimerEvent: {}
[321.867650] (-) TimerEvent: {}
[321.968621] (-) TimerEvent: {}
[322.069331] (-) TimerEvent: {}
[322.170643] (-) TimerEvent: {}
[322.271691] (-) TimerEvent: {}
[322.372932] (-) TimerEvent: {}
[322.473910] (-) TimerEvent: {}
[322.575131] (-) TimerEvent: {}
[322.676100] (-) TimerEvent: {}
[322.777368] (-) TimerEvent: {}
[322.878353] (-) TimerEvent: {}
[322.979675] (-) TimerEvent: {}
[323.080664] (-) TimerEvent: {}
[323.182164] (-) TimerEvent: {}
[323.283218] (-) TimerEvent: {}
[323.384457] (-) TimerEvent: {}
[323.485470] (-) TimerEvent: {}
[323.586761] (-) TimerEvent: {}
[323.687749] (-) TimerEvent: {}
[323.788389] (-) TimerEvent: {}
[323.889672] (-) TimerEvent: {}
[323.990630] (-) TimerEvent: {}
[324.091912] (-) TimerEvent: {}
[324.192911] (-) TimerEvent: {}
[324.293665] (-) TimerEvent: {}
[324.394937] (-) TimerEvent: {}
[324.495903] (-) TimerEvent: {}
[324.597156] (-) TimerEvent: {}
[324.698164] (-) TimerEvent: {}
[324.799435] (-) TimerEvent: {}
[324.900406] (-) TimerEvent: {}
[325.001694] (-) TimerEvent: {}
[325.102343] (-) TimerEvent: {}
[325.203575] (-) TimerEvent: {}
[325.304553] (-) TimerEvent: {}
[325.405839] (-) TimerEvent: {}
[325.506841] (-) TimerEvent: {}
[325.608117] (-) TimerEvent: {}
[325.708756] (-) TimerEvent: {}
[325.810095] (-) TimerEvent: {}
[325.911130] (-) TimerEvent: {}
[326.012166] (-) TimerEvent: {}
[326.113208] (-) TimerEvent: {}
[326.214252] (-) TimerEvent: {}
[326.315278] (-) TimerEvent: {}
[326.415891] (-) TimerEvent: {}
[326.517136] (-) TimerEvent: {}
[326.618117] (-) TimerEvent: {}
[326.719343] (-) TimerEvent: {}
[326.820298] (-) TimerEvent: {}
[326.921597] (-) TimerEvent: {}
[327.022217] (-) TimerEvent: {}
[327.123501] (-) TimerEvent: {}
[327.224462] (-) TimerEvent: {}
[327.325773] (-) TimerEvent: {}
[327.427037] (-) TimerEvent: {}
[327.528013] (-) TimerEvent: {}
[327.628640] (-) TimerEvent: {}
[327.729925] (-) TimerEvent: {}
[327.830896] (-) TimerEvent: {}
[327.932120] (-) TimerEvent: {}
[328.033063] (-) TimerEvent: {}
[328.134348] (-) TimerEvent: {}
[328.235334] (-) TimerEvent: {}
[328.335982] (-) TimerEvent: {}
[328.437264] (-) TimerEvent: {}
[328.538554] (-) TimerEvent: {}
[328.639548] (-) TimerEvent: {}
[328.740746] (-) TimerEvent: {}
[328.841483] (-) TimerEvent: {}
[328.943643] (-) TimerEvent: {}
[329.044607] (-) TimerEvent: {}
[329.145884] (-) TimerEvent: {}
[329.246873] (-) TimerEvent: {}
[329.348111] (-) TimerEvent: {}
[329.449286] (-) TimerEvent: {}
[329.550220] (-) TimerEvent: {}
[329.651351] (-) TimerEvent: {}
[329.752226] (-) TimerEvent: {}
[329.853268] (-) TimerEvent: {}
[329.953895] (-) TimerEvent: {}
[330.054740] (-) TimerEvent: {}
[330.155353] (-) TimerEvent: {}
[330.256237] (-) TimerEvent: {}
[330.356852] (-) TimerEvent: {}
[330.457438] (-) TimerEvent: {}
[330.558032] (-) TimerEvent: {}
[330.658862] (-) TimerEvent: {}
[331.111672] (-) TimerEvent: {}
[331.212957] (-) TimerEvent: {}
[331.313686] (-) TimerEvent: {}
[331.414670] (-) TimerEvent: {}
[331.515347] (-) TimerEvent: {}
[331.616341] (-) TimerEvent: {}
[331.717031] (-) TimerEvent: {}
[331.817703] (-) TimerEvent: {}
[331.918391] (-) TimerEvent: {}
[332.019324] (-) TimerEvent: {}
[332.119984] (-) TimerEvent: {}
[332.220991] (-) TimerEvent: {}
[332.321892] (-) TimerEvent: {}
[332.423343] (-) TimerEvent: {}
[332.523979] (-) TimerEvent: {}
[332.625299] (-) TimerEvent: {}
[332.726293] (-) TimerEvent: {}
[332.827526] (-) TimerEvent: {}
[332.928152] (-) TimerEvent: {}
[333.029396] (-) TimerEvent: {}
[333.130348] (-) TimerEvent: {}
[333.231678] (-) TimerEvent: {}
[333.332606] (-) TimerEvent: {}
[333.433883] (-) TimerEvent: {}
[333.534928] (-) TimerEvent: {}
[333.636535] (-) TimerEvent: {}
[333.738237] (-) TimerEvent: {}
[333.839329] (-) TimerEvent: {}
[333.941063] (-) TimerEvent: {}
[334.042240] (-) TimerEvent: {}
[334.143770] (-) TimerEvent: {}
[334.245499] (-) TimerEvent: {}
[334.346833] (-) TimerEvent: {}
[334.365846] (map_image_generator) StdoutLine: {'line': b'[100%] \x1b[32m\x1b[1mLinking CXX executable map_image_generator\x1b[0m\n'}
[334.446990] (-) TimerEvent: {}
[334.547867] (-) TimerEvent: {}
[334.649010] (-) TimerEvent: {}
[334.750075] (-) TimerEvent: {}
[334.851201] (-) TimerEvent: {}
[334.952108] (-) TimerEvent: {}
[335.053011] (-) TimerEvent: {}
[335.154183] (-) TimerEvent: {}
[335.255099] (-) TimerEvent: {}
[335.356026] (-) TimerEvent: {}
[335.456859] (-) TimerEvent: {}
[335.557969] (-) TimerEvent: {}
[335.659241] (-) TimerEvent: {}
[335.760014] (-) TimerEvent: {}
[335.860676] (-) TimerEvent: {}
[335.961471] (-) TimerEvent: {}
[336.062562] (-) TimerEvent: {}
[336.163323] (-) TimerEvent: {}
[336.264297] (-) TimerEvent: {}
[336.365827] (-) TimerEvent: {}
[336.468404] (-) TimerEvent: {}
[336.570040] (-) TimerEvent: {}
[336.673707] (-) TimerEvent: {}
[336.774336] (-) TimerEvent: {}
[336.874964] (-) TimerEvent: {}
[336.976072] (-) TimerEvent: {}
[337.077698] (-) TimerEvent: {}
[337.178478] (-) TimerEvent: {}
[337.279595] (-) TimerEvent: {}
[337.380416] (-) TimerEvent: {}
[337.481699] (-) TimerEvent: {}
[337.582363] (-) TimerEvent: {}
[337.683473] (-) TimerEvent: {}
[337.784262] (-) TimerEvent: {}
[337.885378] (-) TimerEvent: {}
[337.986886] (-) TimerEvent: {}
[338.087730] (-) TimerEvent: {}
[338.188875] (-) TimerEvent: {}
[338.289657] (-) TimerEvent: {}
[338.391302] (-) TimerEvent: {}
[338.493012] (-) TimerEvent: {}
[338.594047] (-) TimerEvent: {}
[338.695542] (-) TimerEvent: {}
[338.797000] (-) TimerEvent: {}
[338.898482] (-) TimerEvent: {}
[338.999902] (-) TimerEvent: {}
[339.101626] (-) TimerEvent: {}
[339.203271] (-) TimerEvent: {}
[339.304933] (-) TimerEvent: {}
[339.407292] (-) TimerEvent: {}
[339.508884] (-) TimerEvent: {}
[339.609666] (-) TimerEvent: {}
[339.711321] (-) TimerEvent: {}
[339.812289] (-) TimerEvent: {}
[339.913749] (-) TimerEvent: {}
[340.014848] (-) TimerEvent: {}
[340.116287] (-) TimerEvent: {}
[340.217359] (-) TimerEvent: {}
[340.318225] (-) TimerEvent: {}
[340.419129] (-) TimerEvent: {}
[340.520240] (-) TimerEvent: {}
[340.621153] (-) TimerEvent: {}
[340.722281] (-) TimerEvent: {}
[340.823711] (-) TimerEvent: {}
[340.924601] (-) TimerEvent: {}
[341.025820] (-) TimerEvent: {}
[341.126860] (-) TimerEvent: {}
[341.227937] (-) TimerEvent: {}
[341.329041] (-) TimerEvent: {}
[341.430326] (-) TimerEvent: {}
[341.531399] (-) TimerEvent: {}
[341.632637] (-) TimerEvent: {}
[341.733445] (-) TimerEvent: {}
[341.834451] (-) TimerEvent: {}
[341.935376] (-) TimerEvent: {}
[342.036976] (-) TimerEvent: {}
[342.138031] (-) TimerEvent: {}
[342.239165] (-) TimerEvent: {}
[342.339961] (-) TimerEvent: {}
[342.441050] (-) TimerEvent: {}
[342.541694] (-) TimerEvent: {}
[342.642660] (-) TimerEvent: {}
[342.743290] (-) TimerEvent: {}
[342.845291] (-) TimerEvent: {}
[342.946016] (-) TimerEvent: {}
[343.046672] (-) TimerEvent: {}
[343.147296] (-) TimerEvent: {}
[343.248312] (-) TimerEvent: {}
[343.349712] (-) TimerEvent: {}
[343.450697] (-) TimerEvent: {}
[343.551261] (-) TimerEvent: {}
[343.651833] (-) TimerEvent: {}
[343.752404] (-) TimerEvent: {}
[343.853047] (-) TimerEvent: {}
[343.954156] (-) TimerEvent: {}
[344.055180] (-) TimerEvent: {}
[344.156092] (-) TimerEvent: {}
[344.257006] (-) TimerEvent: {}
[344.357948] (-) TimerEvent: {}
[344.458851] (-) TimerEvent: {}
[344.559775] (-) TimerEvent: {}
[344.660692] (-) TimerEvent: {}
[344.761338] (-) TimerEvent: {}
[344.862497] (-) TimerEvent: {}
[344.963137] (-) TimerEvent: {}
[345.064099] (-) TimerEvent: {}
[345.164959] (-) TimerEvent: {}
[345.265574] (-) TimerEvent: {}
[345.366144] (-) TimerEvent: {}
[345.466712] (-) TimerEvent: {}
[345.567401] (-) TimerEvent: {}
[345.668436] (-) TimerEvent: {}
[345.770657] (-) TimerEvent: {}
[345.871506] (-) TimerEvent: {}
[345.972864] (-) TimerEvent: {}
[346.073827] (-) TimerEvent: {}
[346.174993] (-) TimerEvent: {}
[346.275858] (-) TimerEvent: {}
[346.376971] (-) TimerEvent: {}
[346.477918] (-) TimerEvent: {}
[346.579062] (-) TimerEvent: {}
[346.680215] (-) TimerEvent: {}
[346.780823] (-) TimerEvent: {}
[346.882064] (-) TimerEvent: {}
[346.982936] (-) TimerEvent: {}
[347.084101] (-) TimerEvent: {}
[347.185071] (-) TimerEvent: {}
[347.286212] (-) TimerEvent: {}
[347.386905] (-) TimerEvent: {}
[347.487594] (-) TimerEvent: {}
[347.588288] (-) TimerEvent: {}
[347.689313] (-) TimerEvent: {}
[347.790101] (-) TimerEvent: {}
[347.891117] (-) TimerEvent: {}
[347.991839] (-) TimerEvent: {}
[348.092888] (-) TimerEvent: {}
[348.193656] (-) TimerEvent: {}
[348.294874] (-) TimerEvent: {}
[348.396283] (-) TimerEvent: {}
[348.497155] (-) TimerEvent: {}
[348.598381] (-) TimerEvent: {}
[348.699514] (-) TimerEvent: {}
[348.801007] (-) TimerEvent: {}
[348.901909] (-) TimerEvent: {}
[349.002643] (-) TimerEvent: {}
[349.103274] (-) TimerEvent: {}
[349.203952] (-) TimerEvent: {}
[349.304590] (-) TimerEvent: {}
[349.405313] (-) TimerEvent: {}
[349.505960] (-) TimerEvent: {}
[349.606649] (-) TimerEvent: {}
[349.707281] (-) TimerEvent: {}
[349.808017] (-) TimerEvent: {}
[349.908715] (-) TimerEvent: {}
[350.009359] (-) TimerEvent: {}
[350.110339] (-) TimerEvent: {}
[350.211332] (-) TimerEvent: {}
[350.311923] (-) TimerEvent: {}
[350.412582] (-) TimerEvent: {}
[350.513309] (-) TimerEvent: {}
[350.614062] (-) TimerEvent: {}
[350.714988] (-) TimerEvent: {}
[350.818134] (-) TimerEvent: {}
[350.919740] (-) TimerEvent: {}
[351.020455] (-) TimerEvent: {}
[351.114358] (map_image_generator) StdoutLine: {'line': b'[100%] Built target map_image_generator\n'}
[351.120604] (-) TimerEvent: {}
[351.221555] (-) TimerEvent: {}
[351.322461] (-) TimerEvent: {}
[351.431013] (-) TimerEvent: {}
[351.563333] (-) TimerEvent: {}
[351.638534] (map_image_generator) CommandEnded: {'returncode': 0}
[351.871271] (-) TimerEvent: {}
[351.996225] (-) TimerEvent: {}
[352.072214] (map_image_generator) JobProgress: {'identifier': 'map_image_generator', 'progress': 'install'}
[352.096411] (-) TimerEvent: {}
[352.205852] (-) TimerEvent: {}
[352.244909] (map_image_generator) Command: {'cmd': ['/usr/bin/cmake', '--install', '/home/ws/ugv_ws/build/map_image_generator'], 'cwd': '/home/ws/ugv_ws/build/map_image_generator', 'env': OrderedDict([('HTTPS_PROXY', 'http://192.168.9.183:10809/'), ('no_proxy', 'localhost,127.0.0.0/8,::1'), ('USER', 'root'), ('SSH_CLIENT', '192.168.9.183 54790 23'), ('all_proxy', 'socks://192.168.9.183:10809/'), ('LDLIDAR_MODEL', 'ld19'), ('SHLVL', '1'), ('LD_LIBRARY_PATH', '/home/ws/ugv_ws/install/opentera_webrtc_ros_msgs/lib:/home/ws/ugv_ws/install/odas_ros_msgs/lib:/home/ws/ugv_ws/install/audio_utils_msgs/lib:/home/ws/ugv_ws/install/odas_ros/lib:/home/ws/ugv_ws/install/audio_utils/lib:/home/ws/ugv_ws/install/vizanti_msgs/lib:/home/ws/ugv_ws/install/ugv_interface/lib:/home/ws/ugv_ws/install/teb_local_planner/lib:/home/ws/ugv_ws/install/teb_msgs/lib:/home/ws/ugv_ws/install/openslam_gmapping/lib:/home/ws/ugv_ws/install/costmap_converter/lib:/home/ws/ugv_ws/install/costmap_converter_msgs/lib:/home/ws/ugv_ws/install/apriltag_ros/lib:/home/ws/ugv_ws/install/apriltag_msgs/lib:/home/ws/ugv_ws/install/apriltag/lib:/home/ws/ugv_roarm_ws/install/ugv_roarm_moveit_servo/lib:/home/ws/ugv_roarm_ws/install/ugv_roarm_moveit_mtc_demo/lib:/home/ws/ugv_roarm_ws/install/ugv_roarm_moveit_ikfast_plugins/lib:/home/ws/roarm_ws/install/roarm_moveit_mtc_demo/lib:/home/ws/roarm_ws/install/moveit_task_constructor_visualization/lib:/home/ws/roarm_ws/install/moveit_task_constructor_capabilities/lib:/home/ws/roarm_ws/install/moveit_task_constructor_core/lib:/home/ws/roarm_ws/install/rviz_marker_tools/lib:/home/ws/roarm_ws/install/moveit_servo/lib:/home/ws/roarm_ws/install/roarm_msgs/lib:/home/ws/roarm_ws/install/roarm_moveit_servo/lib:/home/ws/roarm_ws/install/roarm_moveit_ikfast_plugins/lib:/home/ws/roarm_ws/install/moveit_task_constructor_msgs/lib:/opt/ros/humble/opt/rviz_ogre_vendor/lib:/opt/ros/humble/lib/aarch64-linux-gnu:/opt/ros/humble/lib'), ('MOTD_SHOWN', 'pam'), ('HOME', '/root'), ('OLDPWD', '/home/ws'), ('NO_PROXY', 'localhost,127.0.0.0/8,::1'), ('SSH_TTY', '/dev/pts/7'), ('ROS_PYTHON_VERSION', '3'), ('LC_CTYPE', 'C.UTF-8'), ('https_proxy', 'http://192.168.9.183:10809/'), ('COLCON_PREFIX_PATH', '/home/ws/ugv_ws/install:/home/ws/ugv_roarm_ws/install:/home/ws/roarm_ws/install'), ('ROS_DISTRO', 'humble'), ('LOGNAME', 'root'), ('ALL_PROXY', 'socks://192.168.9.183:10809/'), ('ROARM_MODEL', 'roarm_m3'), ('http_proxy', 'http://192.168.9.183:10809/'), ('PULSE_SERVER', 'unix:/run/user/1000/pulse/native'), ('_', '/usr/bin/colcon'), ('ROS_VERSION', '2'), ('PKG_CONFIG_PATH', '/home/ws/ugv_ws/install/apriltag/lib/aarch64-linux-gnu/pkgconfig:/home/ws/ugv_ws/install/apriltag/lib/pkgconfig'), ('TERM', 'xterm'), ('ROS_LOCALHOST_ONLY', '0'), ('PATH', '/home/ws/ugv_ws/install/costmap_converter/bin:/home/ws/ugv_ws/install/apriltag_ros/bin:/home/ws/ugv_ws/install/apriltag/bin:/opt/ros/humble/bin:/usr/local/sbin:/usr/local/bin:/usr/sbin:/usr/bin:/sbin:/bin:/usr/games:/usr/local/games:/snap/bin'), ('XDG_RUNTIME_DIR', '/run/user/1000'), ('DISPLAY', 'localhost:11.0'), ('LS_COLORS', 'rs=0:di=01;34:ln=01;36:mh=00:pi=40;33:so=01;35:do=01;35:bd=40;33;01:cd=40;33;01:or=40;31;01:mi=00:su=37;41:sg=30;43:ca=30;41:tw=30;42:ow=34;42:st=37;44:ex=01;32:*.tar=01;31:*.tgz=01;31:*.arc=01;31:*.arj=01;31:*.taz=01;31:*.lha=01;31:*.lz4=01;31:*.lzh=01;31:*.lzma=01;31:*.tlz=01;31:*.txz=01;31:*.tzo=01;31:*.t7z=01;31:*.zip=01;31:*.z=01;31:*.dz=01;31:*.gz=01;31:*.lrz=01;31:*.lz=01;31:*.lzo=01;31:*.xz=01;31:*.zst=01;31:*.tzst=01;31:*.bz2=01;31:*.bz=01;31:*.tbz=01;31:*.tbz2=01;31:*.tz=01;31:*.deb=01;31:*.rpm=01;31:*.jar=01;31:*.war=01;31:*.ear=01;31:*.sar=01;31:*.rar=01;31:*.alz=01;31:*.ace=01;31:*.zoo=01;31:*.cpio=01;31:*.7z=01;31:*.rz=01;31:*.cab=01;31:*.wim=01;31:*.swm=01;31:*.dwm=01;31:*.esd=01;31:*.jpg=01;35:*.jpeg=01;35:*.mjpg=01;35:*.mjpeg=01;35:*.gif=01;35:*.bmp=01;35:*.pbm=01;35:*.pgm=01;35:*.ppm=01;35:*.tga=01;35:*.xbm=01;35:*.xpm=01;35:*.tif=01;35:*.tiff=01;35:*.png=01;35:*.svg=01;35:*.svgz=01;35:*.mng=01;35:*.pcx=01;35:*.mov=01;35:*.mpg=01;35:*.mpeg=01;35:*.m2v=01;35:*.mkv=01;35:*.webm=01;35:*.webp=01;35:*.ogm=01;35:*.mp4=01;35:*.m4v=01;35:*.mp4v=01;35:*.vob=01;35:*.qt=01;35:*.nuv=01;35:*.wmv=01;35:*.asf=01;35:*.rm=01;35:*.rmvb=01;35:*.flc=01;35:*.avi=01;35:*.fli=01;35:*.flv=01;35:*.gl=01;35:*.dl=01;35:*.xcf=01;35:*.xwd=01;35:*.yuv=01;35:*.cgm=01;35:*.emf=01;35:*.ogv=01;35:*.ogx=01;35:*.aac=00;36:*.au=00;36:*.flac=00;36:*.m4a=00;36:*.mid=00;36:*.midi=00;36:*.mka=00;36:*.mp3=00;36:*.mpc=00;36:*.ogg=00;36:*.ra=00;36:*.wav=00;36:*.oga=00;36:*.opus=00;36:*.spx=00;36:*.xspf=00;36:'), ('AMENT_PREFIX_PATH', '/home/ws/ugv_ws/install/opentera_client_ros:/home/ws/ugv_ws/install/opentera_webrtc_ros_msgs:/home/ws/ugv_ws/install/opentera_protobuf_messages:/home/ws/ugv_ws/install/odas_ros:/home/ws/ugv_ws/install/odas_ros_msgs:/home/ws/ugv_ws/install/cv_camera:/home/ws/ugv_ws/install/audio_utils:/home/ws/ugv_ws/install/audio_utils_msgs:/home/ws/ugv_ws/install/vizanti:/home/ws/ugv_ws/install/vizanti_server:/home/ws/ugv_ws/install/vizanti_demos:/home/ws/ugv_ws/install/vizanti_msgs:/home/ws/ugv_ws/install/vizanti_cpp:/home/ws/ugv_ws/install/ugv_web_app:/home/ws/ugv_ws/install/ugv_vision:/home/ws/ugv_ws/install/ugv_tools:/home/ws/ugv_ws/install/ugv_slam:/home/ws/ugv_ws/install/ugv_nav:/home/ws/ugv_ws/install/ugv_interface:/home/ws/ugv_ws/install/ugv_gazebo:/home/ws/ugv_ws/install/ugv_description:/home/ws/ugv_ws/install/ugv_chat_ai:/home/ws/ugv_ws/install/ugv_bringup:/home/ws/ugv_ws/install/ugv_base_node:/home/ws/ugv_ws/install/teb_local_planner:/home/ws/ugv_ws/install/slam_gmapping:/home/ws/ugv_ws/install/robot_pose_publisher:/home/ws/ugv_ws/install/rf2o_laser_odometry:/home/ws/ugv_ws/install/openslam_gmapping:/home/ws/ugv_ws/install/ldlidar:/home/ws/ugv_ws/install/explore_lite:/home/ws/ugv_ws/install/emcl2:/home/ws/ugv_ws/install/costmap_converter:/home/ws/ugv_ws/install/costmap_converter_msgs:/home/ws/ugv_ws/install/cartographer:/home/ws/ugv_ws/install/apriltag_ros:/home/ws/ugv_ws/install/apriltag_msgs:/home/ws/ugv_roarm_ws/install/ugv_roarm_moveit_servo:/home/ws/ugv_roarm_ws/install/ugv_roarm_moveit_mtc_demo:/home/ws/ugv_roarm_ws/install/ugv_roarm_moveit_ikfast_plugins:/home/ws/ugv_roarm_ws/install/ugv_roarm_moveit:/home/ws/ugv_roarm_ws/install/ugv_roarm_description:/home/ws/ugv_roarm_ws/install/ugv_roarm_bringup:/home/ws/roarm_ws/install/roarm_moveit_mtc_demo:/home/ws/roarm_ws/install/moveit_task_constructor_visualization:/home/ws/roarm_ws/install/moveit_task_constructor_capabilities:/home/ws/roarm_ws/install/moveit_task_constructor_core:/home/ws/roarm_ws/install/rviz_marker_tools:/home/ws/roarm_ws/install/roarm_moveit_cmd:/home/ws/roarm_ws/install/moveit_servo:/home/ws/roarm_ws/install/roarm_msgs:/home/ws/roarm_ws/install/roarm_moveit_servo:/home/ws/roarm_ws/install/roarm_moveit_ikfast_plugins:/home/ws/roarm_ws/install/roarm_moveit:/home/ws/roarm_ws/install/roarm_driver:/home/ws/roarm_ws/install/roarm_description:/home/ws/roarm_ws/install/moveit_task_constructor_msgs:/opt/ros/humble'), ('SHELL', '/bin/bash'), ('CMAKE_MODULE_PATH', '/home/ws/roarm_ws/install/moveit_task_constructor_core/share/moveit_task_constructor_core/cmake'), ('PWD', '/home/ws/ugv_ws/build/map_image_generator'), ('SSH_CONNECTION', '192.168.9.183 54790 192.168.9.212 23'), ('PYTHONPATH', '/home/ws/ugv_ws/install/opentera_webrtc_ros_msgs/local/lib/python3.10/dist-packages:/home/ws/ugv_ws/install/opentera_protobuf_messages/local/lib/python3.10/dist-packages:/home/ws/ugv_ws/install/odas_ros/local/lib/python3.10/dist-packages:/home/ws/ugv_ws/install/odas_ros_msgs/local/lib/python3.10/dist-packages:/home/ws/ugv_ws/install/audio_utils/local/lib/python3.10/dist-packages:/home/ws/ugv_ws/install/audio_utils_msgs/local/lib/python3.10/dist-packages:/home/ws/ugv_ws/install/vizanti_msgs/local/lib/python3.10/dist-packages:/home/ws/ugv_ws/build/ugv_web_app:/home/ws/ugv_ws/install/ugv_web_app/lib/python3.10/site-packages:/home/ws/ugv_ws/build/ugv_vision:/home/ws/ugv_ws/install/ugv_vision/lib/python3.10/site-packages:/home/ws/ugv_ws/build/ugv_tools:/home/ws/ugv_ws/install/ugv_tools/lib/python3.10/site-packages:/home/ws/ugv_ws/install/ugv_interface/local/lib/python3.10/dist-packages:/home/ws/ugv_ws/build/ugv_chat_ai:/home/ws/ugv_ws/install/ugv_chat_ai/lib/python3.10/site-packages:/home/ws/ugv_ws/build/ugv_bringup:/home/ws/ugv_ws/install/ugv_bringup/lib/python3.10/site-packages:/home/ws/ugv_ws/install/costmap_converter_msgs/local/lib/python3.10/dist-packages:/home/ws/ugv_ws/install/apriltag_msgs/local/lib/python3.10/dist-packages:/home/ws/ugv_ws/install/apriltag/lib/python3.10/site-packages:/home/ws/ugv_roarm_ws/build/ugv_roarm_bringup:/home/ws/ugv_roarm_ws/install/ugv_roarm_bringup/lib/python3.10/site-packages:/home/ws/roarm_ws/install/moveit_task_constructor_core/local/lib/python3.10/dist-packages:/home/ws/roarm_ws/install/roarm_msgs/local/lib/python3.10/dist-packages:/home/ws/roarm_ws/build/roarm_driver:/home/ws/roarm_ws/install/roarm_driver/lib/python3.10/site-packages:/home/ws/roarm_ws/install/moveit_task_constructor_msgs/local/lib/python3.10/dist-packages:/opt/ros/humble/lib/python3.10/site-packages:/opt/ros/humble/local/lib/python3.10/dist-packages'), ('HTTP_PROXY', 'http://192.168.9.183:10809/'), ('COLCON', '1'), ('CMAKE_PREFIX_PATH', '/home/ws/ugv_ws/install/opentera_webrtc_ros_msgs:/home/ws/ugv_ws/install/odas_ros_msgs:/home/ws/ugv_ws/install/audio_utils_msgs:/home/ws/ugv_ws/install/opentera_client_ros:/home/ws/ugv_ws/install/opentera_protobuf_messages:/home/ws/ugv_ws/install/odas_ros:/home/ws/ugv_ws/install/cv_camera:/home/ws/ugv_ws/install/audio_utils:/home/ws/ugv_ws/install/vizanti:/home/ws/ugv_ws/install/vizanti_server:/home/ws/ugv_ws/install/vizanti_demos:/home/ws/ugv_ws/install/vizanti_msgs:/home/ws/ugv_ws/install/vizanti_cpp:/home/ws/ugv_ws/install/ugv_slam:/home/ws/ugv_ws/install/ugv_nav:/home/ws/ugv_ws/install/ugv_interface:/home/ws/ugv_ws/install/ugv_gazebo:/home/ws/ugv_ws/install/ugv_description:/home/ws/ugv_ws/install/ugv_base_node:/home/ws/ugv_ws/install/teb_local_planner:/home/ws/ugv_ws/install/teb_msgs:/home/ws/ugv_ws/install/slam_gmapping:/home/ws/ugv_ws/install/rf2o_laser_odometry:/home/ws/ugv_ws/install/openslam_gmapping:/home/ws/ugv_ws/install/ldlidar:/home/ws/ugv_ws/install/explore_lite:/home/ws/ugv_ws/install/emcl2:/home/ws/ugv_ws/install/costmap_converter:/home/ws/ugv_ws/install/costmap_converter_msgs:/home/ws/ugv_ws/install/cartographer:/home/ws/ugv_ws/install/apriltag_ros:/home/ws/ugv_ws/install/apriltag_msgs:/home/ws/ugv_ws/install/apriltag:/home/ws/ugv_roarm_ws/install/ugv_roarm_moveit_servo:/home/ws/ugv_roarm_ws/install/ugv_roarm_moveit_mtc_demo:/home/ws/ugv_roarm_ws/install/ugv_roarm_moveit_ikfast_plugins:/home/ws/ugv_roarm_ws/install/ugv_roarm_moveit:/home/ws/ugv_roarm_ws/install/ugv_roarm_description:/home/ws/roarm_ws/install/roarm_moveit_mtc_demo:/home/ws/roarm_ws/install/moveit_task_constructor_visualization:/home/ws/roarm_ws/install/moveit_task_constructor_capabilities:/home/ws/roarm_ws/install/moveit_task_constructor_core:/home/ws/roarm_ws/install/rviz_marker_tools:/home/ws/roarm_ws/install/roarm_moveit_cmd:/home/ws/roarm_ws/install/moveit_servo:/home/ws/roarm_ws/install/roarm_msgs:/home/ws/roarm_ws/install/roarm_moveit_servo:/home/ws/roarm_ws/install/roarm_moveit_ikfast_plugins:/home/ws/roarm_ws/install/roarm_moveit:/home/ws/roarm_ws/install/roarm_description:/home/ws/roarm_ws/install/moveit_task_constructor_msgs:/home/ws/ugv_ws/install/ugv_web_app:/home/ws/ugv_ws/install/ugv_vision:/home/ws/ugv_ws/install/ugv_tools:/home/ws/ugv_ws/install/ugv_chat_ai:/home/ws/ugv_ws/install/ugv_bringup:/home/ws/ugv_ws/install/robot_pose_publisher:/home/ws/ugv_roarm_ws/install/ugv_roarm_bringup:/home/ws/roarm_ws/install/roarm_driver:/opt/ros/humble'), ('UGV_MODEL', 'ugv_rover')]), 'shell': False}
[352.291192] (map_image_generator) StdoutLine: {'line': b'-- Install configuration: "Debug"\n'}
[352.295952] (map_image_generator) StdoutLine: {'line': b'-- Execute custom install script\n'}
[352.305346] (map_image_generator) StdoutLine: {'line': b'-- Symlinking: /home/ws/ugv_ws/install/map_image_generator/lib/map_image_generator/map_image_generator\n'}
[352.305864] (-) TimerEvent: {}
[352.339424] (map_image_generator) StdoutLine: {'line': b'-- Symlinking: /home/ws/ugv_ws/install/map_image_generator/share/map_image_generator/launch/map_image_generator.launch.xml\n'}
[352.373951] (map_image_generator) StdoutLine: {'line': b'-- Symlinking: /home/ws/ugv_ws/install/map_image_generator/share/ament_index/resource_index/package_run_dependencies/map_image_generator\n'}
[352.405211] (map_image_generator) StdoutLine: {'line': b'-- Symlinking: /home/ws/ugv_ws/install/map_image_generator/share/ament_index/resource_index/parent_prefix_path/map_image_generator\n'}
[352.405982] (-) TimerEvent: {}
[352.463301] (map_image_generator) StdoutLine: {'line': b'-- Symlinking: /home/ws/ugv_ws/install/map_image_generator/share/map_image_generator/environment/ament_prefix_path.sh\n'}
[352.491779] (map_image_generator) StdoutLine: {'line': b'-- Symlinking: /home/ws/ugv_ws/install/map_image_generator/share/map_image_generator/environment/ament_prefix_path.dsv\n'}
[352.506214] (-) TimerEvent: {}
[352.523252] (map_image_generator) StdoutLine: {'line': b'-- Symlinking: /home/ws/ugv_ws/install/map_image_generator/share/map_image_generator/environment/path.sh\n'}
[352.552290] (map_image_generator) StdoutLine: {'line': b'-- Symlinking: /home/ws/ugv_ws/install/map_image_generator/share/map_image_generator/environment/path.dsv\n'}
[352.581434] (map_image_generator) StdoutLine: {'line': b'-- Symlinking: /home/ws/ugv_ws/install/map_image_generator/share/map_image_generator/local_setup.bash\n'}
[352.606370] (-) TimerEvent: {}
[352.611203] (map_image_generator) StdoutLine: {'line': b'-- Symlinking: /home/ws/ugv_ws/install/map_image_generator/share/map_image_generator/local_setup.sh\n'}
[352.644669] (map_image_generator) StdoutLine: {'line': b'-- Symlinking: /home/ws/ugv_ws/install/map_image_generator/share/map_image_generator/local_setup.zsh\n'}
[352.673861] (map_image_generator) StdoutLine: {'line': b'-- Symlinking: /home/ws/ugv_ws/install/map_image_generator/share/map_image_generator/local_setup.dsv\n'}
[352.702933] (map_image_generator) StdoutLine: {'line': b'-- Symlinking: /home/ws/ugv_ws/install/map_image_generator/share/map_image_generator/package.dsv\n'}
[352.706501] (-) TimerEvent: {}
[352.733202] (map_image_generator) StdoutLine: {'line': b'-- Symlinking: /home/ws/ugv_ws/install/map_image_generator/share/ament_index/resource_index/packages/map_image_generator\n'}
[352.764265] (map_image_generator) StdoutLine: {'line': b'-- Symlinking: /home/ws/ugv_ws/install/map_image_generator/share/map_image_generator/cmake/map_image_generatorConfig.cmake\n'}
[352.792917] (map_image_generator) StdoutLine: {'line': b'-- Symlinking: /home/ws/ugv_ws/install/map_image_generator/share/map_image_generator/cmake/map_image_generatorConfig-version.cmake\n'}
[352.806664] (-) TimerEvent: {}
[352.823260] (map_image_generator) StdoutLine: {'line': b'-- Symlinking: /home/ws/ugv_ws/install/map_image_generator/share/map_image_generator/package.xml\n'}
[352.863627] (map_image_generator) CommandEnded: {'returncode': 0}
[352.914601] (-) TimerEvent: {}
[353.053952] (-) TimerEvent: {}
[353.163853] (-) TimerEvent: {}
[353.265148] (-) TimerEvent: {}
[353.371889] (-) TimerEvent: {}
[353.495335] (-) TimerEvent: {}
[353.598038] (-) TimerEvent: {}
[353.699384] (-) TimerEvent: {}
[353.800058] (-) TimerEvent: {}
[353.857988] (map_image_generator) JobEnded: {'identifier': 'map_image_generator', 'rc': 0}
[353.876467] (opentera_webrtc_ros) JobStarted: {'identifier': 'opentera_webrtc_ros'}
[353.900806] (-) TimerEvent: {}
[354.001650] (-) TimerEvent: {}
[354.104206] (-) TimerEvent: {}
[354.205685] (-) TimerEvent: {}
[354.223172] (opentera_webrtc_ros) JobProgress: {'identifier': 'opentera_webrtc_ros', 'progress': 'cmake'}
[354.224953] (opentera_webrtc_ros) Command: {'cmd': ['/usr/bin/cmake', '/home/ws/ugv_ws/src/ugv_else/opentera-webrtc-ros/opentera_webrtc_ros', '-DPYTHON_EXECUTABLE=/usr/bin/python3', '-DCMAKE_BUILD_TYPE=Debug', '--no-warn-unused-cli', '-DAMENT_CMAKE_SYMLINK_INSTALL=1', '-DCMAKE_INSTALL_PREFIX=/home/ws/ugv_ws/install/opentera_webrtc_ros'], 'cwd': '/home/ws/ugv_ws/build/opentera_webrtc_ros', 'env': OrderedDict([('HTTPS_PROXY', 'http://192.168.9.183:10809/'), ('no_proxy', 'localhost,127.0.0.0/8,::1'), ('USER', 'root'), ('SSH_CLIENT', '192.168.9.183 54790 23'), ('all_proxy', 'socks://192.168.9.183:10809/'), ('LDLIDAR_MODEL', 'ld19'), ('SHLVL', '1'), ('LD_LIBRARY_PATH', '/home/ws/ugv_ws/install/opentera_webrtc_ros_msgs/lib:/home/ws/ugv_ws/install/odas_ros_msgs/lib:/home/ws/ugv_ws/install/audio_utils_msgs/lib:/home/ws/ugv_ws/install/odas_ros/lib:/home/ws/ugv_ws/install/audio_utils/lib:/home/ws/ugv_ws/install/vizanti_msgs/lib:/home/ws/ugv_ws/install/ugv_interface/lib:/home/ws/ugv_ws/install/teb_local_planner/lib:/home/ws/ugv_ws/install/teb_msgs/lib:/home/ws/ugv_ws/install/openslam_gmapping/lib:/home/ws/ugv_ws/install/costmap_converter/lib:/home/ws/ugv_ws/install/costmap_converter_msgs/lib:/home/ws/ugv_ws/install/apriltag_ros/lib:/home/ws/ugv_ws/install/apriltag_msgs/lib:/home/ws/ugv_ws/install/apriltag/lib:/home/ws/ugv_roarm_ws/install/ugv_roarm_moveit_servo/lib:/home/ws/ugv_roarm_ws/install/ugv_roarm_moveit_mtc_demo/lib:/home/ws/ugv_roarm_ws/install/ugv_roarm_moveit_ikfast_plugins/lib:/home/ws/roarm_ws/install/roarm_moveit_mtc_demo/lib:/home/ws/roarm_ws/install/moveit_task_constructor_visualization/lib:/home/ws/roarm_ws/install/moveit_task_constructor_capabilities/lib:/home/ws/roarm_ws/install/moveit_task_constructor_core/lib:/home/ws/roarm_ws/install/rviz_marker_tools/lib:/home/ws/roarm_ws/install/moveit_servo/lib:/home/ws/roarm_ws/install/roarm_msgs/lib:/home/ws/roarm_ws/install/roarm_moveit_servo/lib:/home/ws/roarm_ws/install/roarm_moveit_ikfast_plugins/lib:/home/ws/roarm_ws/install/moveit_task_constructor_msgs/lib:/opt/ros/humble/opt/rviz_ogre_vendor/lib:/opt/ros/humble/lib/aarch64-linux-gnu:/opt/ros/humble/lib'), ('MOTD_SHOWN', 'pam'), ('HOME', '/root'), ('OLDPWD', '/home/ws'), ('NO_PROXY', 'localhost,127.0.0.0/8,::1'), ('SSH_TTY', '/dev/pts/7'), ('ROS_PYTHON_VERSION', '3'), ('LC_CTYPE', 'C.UTF-8'), ('https_proxy', 'http://192.168.9.183:10809/'), ('COLCON_PREFIX_PATH', '/home/ws/ugv_ws/install:/home/ws/ugv_roarm_ws/install:/home/ws/roarm_ws/install'), ('ROS_DISTRO', 'humble'), ('LOGNAME', 'root'), ('ALL_PROXY', 'socks://192.168.9.183:10809/'), ('ROARM_MODEL', 'roarm_m3'), ('http_proxy', 'http://192.168.9.183:10809/'), ('PULSE_SERVER', 'unix:/run/user/1000/pulse/native'), ('_', '/usr/bin/colcon'), ('ROS_VERSION', '2'), ('PKG_CONFIG_PATH', '/home/ws/ugv_ws/install/apriltag/lib/aarch64-linux-gnu/pkgconfig:/home/ws/ugv_ws/install/apriltag/lib/pkgconfig'), ('TERM', 'xterm'), ('ROS_LOCALHOST_ONLY', '0'), ('PATH', '/home/ws/ugv_ws/install/costmap_converter/bin:/home/ws/ugv_ws/install/apriltag_ros/bin:/home/ws/ugv_ws/install/apriltag/bin:/opt/ros/humble/bin:/usr/local/sbin:/usr/local/bin:/usr/sbin:/usr/bin:/sbin:/bin:/usr/games:/usr/local/games:/snap/bin'), ('XDG_RUNTIME_DIR', '/run/user/1000'), ('DISPLAY', 'localhost:11.0'), ('LS_COLORS', 'rs=0:di=01;34:ln=01;36:mh=00:pi=40;33:so=01;35:do=01;35:bd=40;33;01:cd=40;33;01:or=40;31;01:mi=00:su=37;41:sg=30;43:ca=30;41:tw=30;42:ow=34;42:st=37;44:ex=01;32:*.tar=01;31:*.tgz=01;31:*.arc=01;31:*.arj=01;31:*.taz=01;31:*.lha=01;31:*.lz4=01;31:*.lzh=01;31:*.lzma=01;31:*.tlz=01;31:*.txz=01;31:*.tzo=01;31:*.t7z=01;31:*.zip=01;31:*.z=01;31:*.dz=01;31:*.gz=01;31:*.lrz=01;31:*.lz=01;31:*.lzo=01;31:*.xz=01;31:*.zst=01;31:*.tzst=01;31:*.bz2=01;31:*.bz=01;31:*.tbz=01;31:*.tbz2=01;31:*.tz=01;31:*.deb=01;31:*.rpm=01;31:*.jar=01;31:*.war=01;31:*.ear=01;31:*.sar=01;31:*.rar=01;31:*.alz=01;31:*.ace=01;31:*.zoo=01;31:*.cpio=01;31:*.7z=01;31:*.rz=01;31:*.cab=01;31:*.wim=01;31:*.swm=01;31:*.dwm=01;31:*.esd=01;31:*.jpg=01;35:*.jpeg=01;35:*.mjpg=01;35:*.mjpeg=01;35:*.gif=01;35:*.bmp=01;35:*.pbm=01;35:*.pgm=01;35:*.ppm=01;35:*.tga=01;35:*.xbm=01;35:*.xpm=01;35:*.tif=01;35:*.tiff=01;35:*.png=01;35:*.svg=01;35:*.svgz=01;35:*.mng=01;35:*.pcx=01;35:*.mov=01;35:*.mpg=01;35:*.mpeg=01;35:*.m2v=01;35:*.mkv=01;35:*.webm=01;35:*.webp=01;35:*.ogm=01;35:*.mp4=01;35:*.m4v=01;35:*.mp4v=01;35:*.vob=01;35:*.qt=01;35:*.nuv=01;35:*.wmv=01;35:*.asf=01;35:*.rm=01;35:*.rmvb=01;35:*.flc=01;35:*.avi=01;35:*.fli=01;35:*.flv=01;35:*.gl=01;35:*.dl=01;35:*.xcf=01;35:*.xwd=01;35:*.yuv=01;35:*.cgm=01;35:*.emf=01;35:*.ogv=01;35:*.ogx=01;35:*.aac=00;36:*.au=00;36:*.flac=00;36:*.m4a=00;36:*.mid=00;36:*.midi=00;36:*.mka=00;36:*.mp3=00;36:*.mpc=00;36:*.ogg=00;36:*.ra=00;36:*.wav=00;36:*.oga=00;36:*.opus=00;36:*.spx=00;36:*.xspf=00;36:'), ('AMENT_PREFIX_PATH', '/home/ws/ugv_ws/install/map_image_generator:/home/ws/ugv_ws/install/opentera_client_ros:/home/ws/ugv_ws/install/opentera_webrtc_ros_msgs:/home/ws/ugv_ws/install/opentera_protobuf_messages:/home/ws/ugv_ws/install/odas_ros:/home/ws/ugv_ws/install/odas_ros_msgs:/home/ws/ugv_ws/install/cv_camera:/home/ws/ugv_ws/install/audio_utils:/home/ws/ugv_ws/install/audio_utils_msgs:/home/ws/ugv_ws/install/vizanti:/home/ws/ugv_ws/install/vizanti_server:/home/ws/ugv_ws/install/vizanti_demos:/home/ws/ugv_ws/install/vizanti_msgs:/home/ws/ugv_ws/install/vizanti_cpp:/home/ws/ugv_ws/install/ugv_web_app:/home/ws/ugv_ws/install/ugv_vision:/home/ws/ugv_ws/install/ugv_tools:/home/ws/ugv_ws/install/ugv_slam:/home/ws/ugv_ws/install/ugv_nav:/home/ws/ugv_ws/install/ugv_interface:/home/ws/ugv_ws/install/ugv_gazebo:/home/ws/ugv_ws/install/ugv_description:/home/ws/ugv_ws/install/ugv_chat_ai:/home/ws/ugv_ws/install/ugv_bringup:/home/ws/ugv_ws/install/ugv_base_node:/home/ws/ugv_ws/install/teb_local_planner:/home/ws/ugv_ws/install/slam_gmapping:/home/ws/ugv_ws/install/robot_pose_publisher:/home/ws/ugv_ws/install/rf2o_laser_odometry:/home/ws/ugv_ws/install/openslam_gmapping:/home/ws/ugv_ws/install/ldlidar:/home/ws/ugv_ws/install/explore_lite:/home/ws/ugv_ws/install/emcl2:/home/ws/ugv_ws/install/costmap_converter:/home/ws/ugv_ws/install/costmap_converter_msgs:/home/ws/ugv_ws/install/cartographer:/home/ws/ugv_ws/install/apriltag_ros:/home/ws/ugv_ws/install/apriltag_msgs:/home/ws/ugv_roarm_ws/install/ugv_roarm_moveit_servo:/home/ws/ugv_roarm_ws/install/ugv_roarm_moveit_mtc_demo:/home/ws/ugv_roarm_ws/install/ugv_roarm_moveit_ikfast_plugins:/home/ws/ugv_roarm_ws/install/ugv_roarm_moveit:/home/ws/ugv_roarm_ws/install/ugv_roarm_description:/home/ws/ugv_roarm_ws/install/ugv_roarm_bringup:/home/ws/roarm_ws/install/roarm_moveit_mtc_demo:/home/ws/roarm_ws/install/moveit_task_constructor_visualization:/home/ws/roarm_ws/install/moveit_task_constructor_capabilities:/home/ws/roarm_ws/install/moveit_task_constructor_core:/home/ws/roarm_ws/install/rviz_marker_tools:/home/ws/roarm_ws/install/roarm_moveit_cmd:/home/ws/roarm_ws/install/moveit_servo:/home/ws/roarm_ws/install/roarm_msgs:/home/ws/roarm_ws/install/roarm_moveit_servo:/home/ws/roarm_ws/install/roarm_moveit_ikfast_plugins:/home/ws/roarm_ws/install/roarm_moveit:/home/ws/roarm_ws/install/roarm_driver:/home/ws/roarm_ws/install/roarm_description:/home/ws/roarm_ws/install/moveit_task_constructor_msgs:/opt/ros/humble'), ('SHELL', '/bin/bash'), ('CMAKE_MODULE_PATH', '/home/ws/roarm_ws/install/moveit_task_constructor_core/share/moveit_task_constructor_core/cmake'), ('PWD', '/home/ws/ugv_ws/build/opentera_webrtc_ros'), ('SSH_CONNECTION', '192.168.9.183 54790 192.168.9.212 23'), ('PYTHONPATH', '/home/ws/ugv_ws/install/opentera_webrtc_ros_msgs/local/lib/python3.10/dist-packages:/home/ws/ugv_ws/install/opentera_protobuf_messages/local/lib/python3.10/dist-packages:/home/ws/ugv_ws/install/odas_ros/local/lib/python3.10/dist-packages:/home/ws/ugv_ws/install/odas_ros_msgs/local/lib/python3.10/dist-packages:/home/ws/ugv_ws/install/audio_utils/local/lib/python3.10/dist-packages:/home/ws/ugv_ws/install/audio_utils_msgs/local/lib/python3.10/dist-packages:/home/ws/ugv_ws/install/vizanti_msgs/local/lib/python3.10/dist-packages:/home/ws/ugv_ws/build/ugv_web_app:/home/ws/ugv_ws/install/ugv_web_app/lib/python3.10/site-packages:/home/ws/ugv_ws/build/ugv_vision:/home/ws/ugv_ws/install/ugv_vision/lib/python3.10/site-packages:/home/ws/ugv_ws/build/ugv_tools:/home/ws/ugv_ws/install/ugv_tools/lib/python3.10/site-packages:/home/ws/ugv_ws/install/ugv_interface/local/lib/python3.10/dist-packages:/home/ws/ugv_ws/build/ugv_chat_ai:/home/ws/ugv_ws/install/ugv_chat_ai/lib/python3.10/site-packages:/home/ws/ugv_ws/build/ugv_bringup:/home/ws/ugv_ws/install/ugv_bringup/lib/python3.10/site-packages:/home/ws/ugv_ws/install/costmap_converter_msgs/local/lib/python3.10/dist-packages:/home/ws/ugv_ws/install/apriltag_msgs/local/lib/python3.10/dist-packages:/home/ws/ugv_ws/install/apriltag/lib/python3.10/site-packages:/home/ws/ugv_roarm_ws/build/ugv_roarm_bringup:/home/ws/ugv_roarm_ws/install/ugv_roarm_bringup/lib/python3.10/site-packages:/home/ws/roarm_ws/install/moveit_task_constructor_core/local/lib/python3.10/dist-packages:/home/ws/roarm_ws/install/roarm_msgs/local/lib/python3.10/dist-packages:/home/ws/roarm_ws/build/roarm_driver:/home/ws/roarm_ws/install/roarm_driver/lib/python3.10/site-packages:/home/ws/roarm_ws/install/moveit_task_constructor_msgs/local/lib/python3.10/dist-packages:/opt/ros/humble/lib/python3.10/site-packages:/opt/ros/humble/local/lib/python3.10/dist-packages'), ('HTTP_PROXY', 'http://192.168.9.183:10809/'), ('COLCON', '1'), ('CMAKE_PREFIX_PATH', '/home/ws/ugv_ws/install/map_image_generator:/home/ws/ugv_ws/install/opentera_webrtc_ros_msgs:/home/ws/ugv_ws/install/odas_ros_msgs:/home/ws/ugv_ws/install/cv_camera:/home/ws/ugv_ws/install/audio_utils_msgs:/home/ws/ugv_ws/install/opentera_client_ros:/home/ws/ugv_ws/install/opentera_protobuf_messages:/home/ws/ugv_ws/install/odas_ros:/home/ws/ugv_ws/install/audio_utils:/home/ws/ugv_ws/install/vizanti:/home/ws/ugv_ws/install/vizanti_server:/home/ws/ugv_ws/install/vizanti_demos:/home/ws/ugv_ws/install/vizanti_msgs:/home/ws/ugv_ws/install/vizanti_cpp:/home/ws/ugv_ws/install/ugv_slam:/home/ws/ugv_ws/install/ugv_nav:/home/ws/ugv_ws/install/ugv_interface:/home/ws/ugv_ws/install/ugv_gazebo:/home/ws/ugv_ws/install/ugv_description:/home/ws/ugv_ws/install/ugv_base_node:/home/ws/ugv_ws/install/teb_local_planner:/home/ws/ugv_ws/install/teb_msgs:/home/ws/ugv_ws/install/slam_gmapping:/home/ws/ugv_ws/install/rf2o_laser_odometry:/home/ws/ugv_ws/install/openslam_gmapping:/home/ws/ugv_ws/install/ldlidar:/home/ws/ugv_ws/install/explore_lite:/home/ws/ugv_ws/install/emcl2:/home/ws/ugv_ws/install/costmap_converter:/home/ws/ugv_ws/install/costmap_converter_msgs:/home/ws/ugv_ws/install/cartographer:/home/ws/ugv_ws/install/apriltag_ros:/home/ws/ugv_ws/install/apriltag_msgs:/home/ws/ugv_ws/install/apriltag:/home/ws/ugv_roarm_ws/install/ugv_roarm_moveit_servo:/home/ws/ugv_roarm_ws/install/ugv_roarm_moveit_mtc_demo:/home/ws/ugv_roarm_ws/install/ugv_roarm_moveit_ikfast_plugins:/home/ws/ugv_roarm_ws/install/ugv_roarm_moveit:/home/ws/ugv_roarm_ws/install/ugv_roarm_description:/home/ws/roarm_ws/install/roarm_moveit_mtc_demo:/home/ws/roarm_ws/install/moveit_task_constructor_visualization:/home/ws/roarm_ws/install/moveit_task_constructor_capabilities:/home/ws/roarm_ws/install/moveit_task_constructor_core:/home/ws/roarm_ws/install/rviz_marker_tools:/home/ws/roarm_ws/install/roarm_moveit_cmd:/home/ws/roarm_ws/install/moveit_servo:/home/ws/roarm_ws/install/roarm_msgs:/home/ws/roarm_ws/install/roarm_moveit_servo:/home/ws/roarm_ws/install/roarm_moveit_ikfast_plugins:/home/ws/roarm_ws/install/roarm_moveit:/home/ws/roarm_ws/install/roarm_description:/home/ws/roarm_ws/install/moveit_task_constructor_msgs:/home/ws/ugv_ws/install/ugv_web_app:/home/ws/ugv_ws/install/ugv_vision:/home/ws/ugv_ws/install/ugv_tools:/home/ws/ugv_ws/install/ugv_chat_ai:/home/ws/ugv_ws/install/ugv_bringup:/home/ws/ugv_ws/install/robot_pose_publisher:/home/ws/ugv_roarm_ws/install/ugv_roarm_bringup:/home/ws/roarm_ws/install/roarm_driver:/opt/ros/humble'), ('UGV_MODEL', 'ugv_rover')]), 'shell': False}
[354.269870] (opentera_webrtc_ros) StdoutLine: {'line': b'Not searching for unused variables given on the command line.\n'}
[354.305869] (-) TimerEvent: {}
[354.406610] (-) TimerEvent: {}
[354.507354] (-) TimerEvent: {}
[354.608026] (-) TimerEvent: {}
[354.708681] (-) TimerEvent: {}
[354.809746] (-) TimerEvent: {}
[354.861178] (opentera_webrtc_ros) StdoutLine: {'line': b'-- The C compiler identification is GNU 11.4.0\n'}
[354.909915] (-) TimerEvent: {}
[355.011061] (-) TimerEvent: {}
[355.053651] (opentera_webrtc_ros) StdoutLine: {'line': b'-- The CXX compiler identification is GNU 11.4.0\n'}
[355.080670] (opentera_webrtc_ros) StdoutLine: {'line': b'-- Detecting C compiler ABI info\n'}
[355.112726] (-) TimerEvent: {}
[355.213659] (-) TimerEvent: {}
[355.315103] (-) TimerEvent: {}
[355.414366] (opentera_webrtc_ros) StdoutLine: {'line': b'-- Detecting C compiler ABI info - done\n'}
[355.415193] (-) TimerEvent: {}
[355.437770] (opentera_webrtc_ros) StdoutLine: {'line': b'-- Check for working C compiler: /usr/bin/cc - skipped\n'}
[355.439541] (opentera_webrtc_ros) StdoutLine: {'line': b'-- Detecting C compile features\n'}
[355.441592] (opentera_webrtc_ros) StdoutLine: {'line': b'-- Detecting C compile features - done\n'}
[355.452033] (opentera_webrtc_ros) StdoutLine: {'line': b'-- Detecting CXX compiler ABI info\n'}
[355.515394] (-) TimerEvent: {}
[355.616062] (-) TimerEvent: {}
[355.719100] (opentera_webrtc_ros) StdoutLine: {'line': b'-- Detecting CXX compiler ABI info - done\n'}
[355.719633] (-) TimerEvent: {}
[355.746543] (opentera_webrtc_ros) StdoutLine: {'line': b'-- Check for working CXX compiler: /usr/bin/c++ - skipped\n'}
[355.747921] (opentera_webrtc_ros) StdoutLine: {'line': b'-- Detecting CXX compile features\n'}
[355.749420] (opentera_webrtc_ros) StdoutLine: {'line': b'-- Detecting CXX compile features - done\n'}
[355.819945] (opentera_webrtc_ros) StdoutLine: {'line': b'-- Found ament_cmake: 1.3.10 (/opt/ros/humble/share/ament_cmake/cmake)\n'}
[355.820433] (-) TimerEvent: {}
[355.920901] (-) TimerEvent: {}
[356.021517] (-) TimerEvent: {}
[356.122501] (-) TimerEvent: {}
[356.223083] (-) TimerEvent: {}
[356.324046] (-) TimerEvent: {}
[356.424971] (-) TimerEvent: {}
[356.525904] (-) TimerEvent: {}
[356.626853] (-) TimerEvent: {}
[356.727760] (-) TimerEvent: {}
[356.828802] (-) TimerEvent: {}
[356.860124] (opentera_webrtc_ros) StdoutLine: {'line': b'-- Found Python3: /usr/bin/python3 (found version "3.10.12") found components: Interpreter \n'}
[356.928955] (-) TimerEvent: {}
[357.029599] (-) TimerEvent: {}
[357.130173] (-) TimerEvent: {}
[357.230849] (-) TimerEvent: {}
[357.249114] (opentera_webrtc_ros) StdoutLine: {'line': b'-- Override CMake install command with custom implementation using symlinks instead of copying resources\n'}
[357.333693] (-) TimerEvent: {}
[357.434407] (-) TimerEvent: {}
[357.537671] (-) TimerEvent: {}
[357.638553] (-) TimerEvent: {}
[357.657611] (opentera_webrtc_ros) StdoutLine: {'line': b'-- Found rclcpp: 16.0.10 (/opt/ros/humble/share/rclcpp/cmake)\n'}
[357.738728] (-) TimerEvent: {}
[357.841701] (-) TimerEvent: {}
[357.942394] (-) TimerEvent: {}
[358.043063] (-) TimerEvent: {}
[358.135395] (opentera_webrtc_ros) StdoutLine: {'line': b'-- Found rosidl_generator_c: 3.1.5 (/opt/ros/humble/share/rosidl_generator_c/cmake)\n'}
[358.143195] (-) TimerEvent: {}
[358.197706] (opentera_webrtc_ros) StdoutLine: {'line': b'-- Found rosidl_adapter: 3.1.5 (/opt/ros/humble/share/rosidl_adapter/cmake)\n'}
[358.243359] (-) TimerEvent: {}
[358.273797] (opentera_webrtc_ros) StdoutLine: {'line': b'-- Found rosidl_generator_cpp: 3.1.5 (/opt/ros/humble/share/rosidl_generator_cpp/cmake)\n'}
[358.343500] (-) TimerEvent: {}
[358.415076] (opentera_webrtc_ros) StdoutLine: {'line': b'-- Using all available rosidl_typesupport_c: rosidl_typesupport_fastrtps_c;rosidl_typesupport_introspection_c\n'}
[358.443652] (-) TimerEvent: {}
[358.544325] (-) TimerEvent: {}
[358.552801] (opentera_webrtc_ros) StdoutLine: {'line': b'-- Using all available rosidl_typesupport_cpp: rosidl_typesupport_fastrtps_cpp;rosidl_typesupport_introspection_cpp\n'}
[358.644477] (-) TimerEvent: {}
[358.745698] (-) TimerEvent: {}
[358.846319] (-) TimerEvent: {}
[358.947563] (opentera_webrtc_ros) StdoutLine: {'line': b'-- Found rmw_implementation_cmake: 6.1.2 (/opt/ros/humble/share/rmw_implementation_cmake/cmake)\n'}
[358.948065] (-) TimerEvent: {}
[358.989208] (opentera_webrtc_ros) StdoutLine: {'line': b'-- Found rmw_fastrtps_cpp: 6.2.7 (/opt/ros/humble/share/rmw_fastrtps_cpp/cmake)\n'}
[359.048251] (-) TimerEvent: {}
[359.149160] (-) TimerEvent: {}
[359.249822] (-) TimerEvent: {}
[359.350483] (-) TimerEvent: {}
[359.451337] (-) TimerEvent: {}
[359.552771] (-) TimerEvent: {}
[359.631006] (opentera_webrtc_ros) StdoutLine: {'line': b'-- Found OpenSSL: /usr/lib/aarch64-linux-gnu/libcrypto.so (found version "3.0.2")  \n'}
[359.652924] (-) TimerEvent: {}
[359.753586] (-) TimerEvent: {}
[359.754305] (opentera_webrtc_ros) StdoutLine: {'line': b'-- Found FastRTPS: /opt/ros/humble/include  \n'}
[359.853705] (-) TimerEvent: {}
[359.935738] (opentera_webrtc_ros) StdoutLine: {'line': b"-- Using RMW implementation 'rmw_fastrtps_cpp' as default\n"}
[359.953858] (-) TimerEvent: {}
[360.036161] (opentera_webrtc_ros) StdoutLine: {'line': b'-- Looking for pthread.h\n'}
[360.054030] (-) TimerEvent: {}
[360.154707] (-) TimerEvent: {}
[360.255518] (-) TimerEvent: {}
[360.288546] (opentera_webrtc_ros) StdoutLine: {'line': b'-- Looking for pthread.h - found\n'}
[360.289102] (opentera_webrtc_ros) StdoutLine: {'line': b'-- Performing Test CMAKE_HAVE_LIBC_PTHREAD\n'}
[360.355665] (-) TimerEvent: {}
[360.458231] (-) TimerEvent: {}
[360.540522] (opentera_webrtc_ros) StdoutLine: {'line': b'-- Performing Test CMAKE_HAVE_LIBC_PTHREAD - Success\n'}
[360.543311] (opentera_webrtc_ros) StdoutLine: {'line': b'-- Found Threads: TRUE  \n'}
[360.558360] (-) TimerEvent: {}
[360.659003] (-) TimerEvent: {}
[360.759638] (-) TimerEvent: {}
[360.860289] (-) TimerEvent: {}
[360.865827] (opentera_webrtc_ros) StdoutLine: {'line': b'-- Found rclpy: 3.3.14 (/opt/ros/humble/share/rclpy/cmake)\n'}
[360.893634] (opentera_webrtc_ros) StdoutLine: {'line': b'-- Found std_srvs: 4.2.4 (/opt/ros/humble/share/std_srvs/cmake)\n'}
[360.959363] (opentera_webrtc_ros) StdoutLine: {'line': b'-- Found sensor_msgs: 4.2.4 (/opt/ros/humble/share/sensor_msgs/cmake)\n'}
[360.960381] (-) TimerEvent: {}
[361.060919] (-) TimerEvent: {}
[361.107363] (opentera_webrtc_ros) StdoutLine: {'line': b'-- Found audio_utils_msgs: 0.0.0 (/home/ws/ugv_ws/install/audio_utils_msgs/share/audio_utils_msgs/cmake)\n'}
[361.161060] (-) TimerEvent: {}
[361.163329] (opentera_webrtc_ros) StdoutLine: {'line': b'-- Found opentera_webrtc_ros_msgs: 0.0.0 (/home/ws/ugv_ws/install/opentera_webrtc_ros_msgs/share/opentera_webrtc_ros_msgs/cmake)\n'}
[361.244014] (opentera_webrtc_ros) StdoutLine: {'line': b'-- Found map_image_generator: 0.0.0 (/home/ws/ugv_ws/install/map_image_generator/share/map_image_generator/cmake)\n'}
[361.261243] (-) TimerEvent: {}
[361.271714] (opentera_webrtc_ros) StdoutLine: {'line': b'-- Found cv_bridge: 3.2.1 (/opt/ros/humble/share/cv_bridge/cmake)\n'}
[361.336998] (opentera_webrtc_ros) StdoutLine: {'line': b'-- Found OpenCV: /usr (found version "4.5.4") found components: core imgproc \n'}
[361.361407] (-) TimerEvent: {}
[361.387486] (opentera_webrtc_ros) StdoutLine: {'line': b'-- opentera-webrtc-native-client Version : 1.2.6\n'}
[361.461695] (-) TimerEvent: {}
[361.562611] (-) TimerEvent: {}
[361.665681] (-) TimerEvent: {}
[361.766250] (-) TimerEvent: {}
[361.866951] (-) TimerEvent: {}
[361.968318] (-) TimerEvent: {}
[362.069572] (-) TimerEvent: {}
[362.173687] (-) TimerEvent: {}
[362.277706] (-) TimerEvent: {}
[362.378567] (-) TimerEvent: {}
[362.479525] (-) TimerEvent: {}
[362.580772] (-) TimerEvent: {}
[362.681325] (-) TimerEvent: {}
[362.782503] (-) TimerEvent: {}
[362.883733] (-) TimerEvent: {}
[362.918802] (opentera_webrtc_ros) StdoutLine: {'line': b'-- Found Python: /usr/bin/python3.10 (found suitable exact version "3.10.12") found components: Interpreter Development Development.Module Development.Embed \n'}
[362.933836] (opentera_webrtc_ros) StdoutLine: {'line': b'-- OpenCV library status:\n'}
[362.934326] (opentera_webrtc_ros) StdoutLine: {'line': b'--     config: /usr/lib/aarch64-linux-gnu/cmake/opencv4\n'}
[362.934639] (opentera_webrtc_ros) StdoutLine: {'line': b'--     version: 4.5.4\n'}
[362.934882] (opentera_webrtc_ros) StdoutLine: {'line': b'--     libraries: opencv_calib3d;opencv_core;opencv_dnn;opencv_features2d;opencv_flann;opencv_highgui;opencv_imgcodecs;opencv_imgproc;opencv_ml;opencv_objdetect;opencv_photo;opencv_stitching;opencv_video;opencv_videoio;opencv_alphamat;opencv_aruco;opencv_barcode;opencv_bgsegm;opencv_bioinspired;opencv_ccalib;opencv_datasets;opencv_dnn_objdetect;opencv_dnn_superres;opencv_dpm;opencv_face;opencv_freetype;opencv_fuzzy;opencv_hdf;opencv_hfs;opencv_img_hash;opencv_intensity_transform;opencv_line_descriptor;opencv_mcc;opencv_optflow;opencv_phase_unwrapping;opencv_plot;opencv_quality;opencv_rapid;opencv_reg;opencv_rgbd;opencv_saliency;opencv_shape;opencv_stereo;opencv_structured_light;opencv_superres;opencv_surface_matching;opencv_text;opencv_tracking;opencv_videostab;opencv_viz;opencv_wechat_qrcode;opencv_ximgproc;opencv_xobjdetect;opencv_xphoto;opencv_core;opencv_imgproc;opencv_core;opencv_imgproc\n'}
[362.935157] (opentera_webrtc_ros) StdoutLine: {'line': b'--     include path: /usr/include/opencv4\n'}
[362.935379] (opentera_webrtc_ros) StdoutLine: {'line': b'-- CMAKE_INSTALL_PREFIX : /home/ws/ugv_ws/src/ugv_else/opentera-webrtc-ros/opentera_webrtc_ros/opentera-webrtc/opentera-webrtc-native-client/dist/Debug/opentera-webrtc-native-client-1.2.6\n'}
[362.983818] (-) TimerEvent: {}
[363.085319] (-) TimerEvent: {}
[363.186088] (-) TimerEvent: {}
[363.286859] (-) TimerEvent: {}
[363.287459] (opentera_webrtc_ros) StdoutLine: {'line': b'-- Downloading : https://github.com/introlab/webrtc-native-build/releases/download/6422.8505a9.224/webrtc-native-build-ubuntu-22.04-arm64-Debug-6422.8505a9.224.tar.gz\n'}
[363.387007] (-) TimerEvent: {}
[363.487684] (-) TimerEvent: {}
[363.590216] (-) TimerEvent: {}
[363.690738] (-) TimerEvent: {}
[363.791310] (-) TimerEvent: {}
[363.891902] (-) TimerEvent: {}
[363.992455] (-) TimerEvent: {}
[364.092966] (-) TimerEvent: {}
[364.193547] (-) TimerEvent: {}
[364.297697] (-) TimerEvent: {}
[364.398370] (-) TimerEvent: {}
[364.498997] (-) TimerEvent: {}
[364.599840] (-) TimerEvent: {}
[364.700817] (-) TimerEvent: {}
[364.801841] (-) TimerEvent: {}
[364.902788] (-) TimerEvent: {}
[365.003555] (-) TimerEvent: {}
[365.104468] (-) TimerEvent: {}
[365.147126] (opentera_webrtc_ros) StdoutLine: {'line': b'-- [download 0% complete]\n'}
[365.204697] (-) TimerEvent: {}
[365.305716] (-) TimerEvent: {}
[365.404064] (opentera_webrtc_ros) StdoutLine: {'line': b'-- [download 1% complete]\n'}
[365.405839] (-) TimerEvent: {}
[365.506600] (-) TimerEvent: {}
[365.530985] (opentera_webrtc_ros) StdoutLine: {'line': b'-- [download 2% complete]\n'}
[365.606756] (-) TimerEvent: {}
[365.663115] (opentera_webrtc_ros) StdoutLine: {'line': b'-- [download 3% complete]\n'}
[365.706922] (-) TimerEvent: {}
[365.740865] (opentera_webrtc_ros) StdoutLine: {'line': b'-- [download 4% complete]\n'}
[365.807094] (-) TimerEvent: {}
[365.899748] (opentera_webrtc_ros) StdoutLine: {'line': b'-- [download 5% complete]\n'}
[365.907212] (-) TimerEvent: {}
[365.979498] (opentera_webrtc_ros) StdoutLine: {'line': b'-- [download 6% complete]\n'}
[366.007375] (-) TimerEvent: {}
[366.107991] (-) TimerEvent: {}
[366.126192] (opentera_webrtc_ros) StdoutLine: {'line': b'-- [download 7% complete]\n'}
[366.208157] (-) TimerEvent: {}
[366.233649] (opentera_webrtc_ros) StdoutLine: {'line': b'-- [download 8% complete]\n'}
[366.308315] (-) TimerEvent: {}
[366.411648] (opentera_webrtc_ros) StdoutLine: {'line': b'-- [download 9% complete]\n'}
[366.412240] (-) TimerEvent: {}
[366.477166] (opentera_webrtc_ros) StdoutLine: {'line': b'-- [download 10% complete]\n'}
[366.512423] (-) TimerEvent: {}
[366.590780] (opentera_webrtc_ros) StdoutLine: {'line': b'-- [download 11% complete]\n'}
[366.612582] (-) TimerEvent: {}
[366.713192] (-) TimerEvent: {}
[366.722804] (opentera_webrtc_ros) StdoutLine: {'line': b'-- [download 12% complete]\n'}
[366.813358] (-) TimerEvent: {}
[366.847154] (opentera_webrtc_ros) StdoutLine: {'line': b'-- [download 13% complete]\n'}
[366.913515] (-) TimerEvent: {}
[366.974638] (opentera_webrtc_ros) StdoutLine: {'line': b'-- [download 14% complete]\n'}
[367.013638] (-) TimerEvent: {}
[367.096508] (opentera_webrtc_ros) StdoutLine: {'line': b'-- [download 15% complete]\n'}
[367.113777] (-) TimerEvent: {}
[367.214415] (-) TimerEvent: {}
[367.218736] (opentera_webrtc_ros) StdoutLine: {'line': b'-- [download 16% complete]\n'}
[367.314578] (-) TimerEvent: {}
[367.327547] (opentera_webrtc_ros) StdoutLine: {'line': b'-- [download 17% complete]\n'}
[367.414682] (-) TimerEvent: {}
[367.441687] (opentera_webrtc_ros) StdoutLine: {'line': b'-- [download 18% complete]\n'}
[367.514826] (-) TimerEvent: {}
[367.547560] (opentera_webrtc_ros) StdoutLine: {'line': b'-- [download 19% complete]\n'}
[367.615006] (-) TimerEvent: {}
[367.664093] (opentera_webrtc_ros) StdoutLine: {'line': b'-- [download 20% complete]\n'}
[367.715563] (-) TimerEvent: {}
[367.776505] (opentera_webrtc_ros) StdoutLine: {'line': b'-- [download 21% complete]\n'}
[367.815769] (-) TimerEvent: {}
[367.895162] (opentera_webrtc_ros) StdoutLine: {'line': b'-- [download 22% complete]\n'}
[367.915906] (-) TimerEvent: {}
[368.016462] (-) TimerEvent: {}
[368.028466] (opentera_webrtc_ros) StdoutLine: {'line': b'-- [download 23% complete]\n'}
[368.116604] (-) TimerEvent: {}
[368.157466] (opentera_webrtc_ros) StdoutLine: {'line': b'-- [download 24% complete]\n'}
[368.216798] (-) TimerEvent: {}
[368.270513] (opentera_webrtc_ros) StdoutLine: {'line': b'-- [download 25% complete]\n'}
[368.316964] (-) TimerEvent: {}
[368.397785] (opentera_webrtc_ros) StdoutLine: {'line': b'-- [download 26% complete]\n'}
[368.417095] (-) TimerEvent: {}
[368.502948] (opentera_webrtc_ros) StdoutLine: {'line': b'-- [download 27% complete]\n'}
[368.517236] (-) TimerEvent: {}
[368.617885] (-) TimerEvent: {}
[368.631085] (opentera_webrtc_ros) StdoutLine: {'line': b'-- [download 28% complete]\n'}
[368.718043] (-) TimerEvent: {}
[368.783227] (opentera_webrtc_ros) StdoutLine: {'line': b'-- [download 29% complete]\n'}
[368.818306] (-) TimerEvent: {}
[368.917276] (opentera_webrtc_ros) StdoutLine: {'line': b'-- [download 30% complete]\n'}
[368.918415] (-) TimerEvent: {}
[369.018993] (-) TimerEvent: {}
[369.054285] (opentera_webrtc_ros) StdoutLine: {'line': b'-- [download 31% complete]\n'}
[369.119119] (-) TimerEvent: {}
[369.184784] (opentera_webrtc_ros) StdoutLine: {'line': b'-- [download 32% complete]\n'}
[369.219259] (-) TimerEvent: {}
[369.294491] (opentera_webrtc_ros) StdoutLine: {'line': b'-- [download 33% complete]\n'}
[369.319384] (-) TimerEvent: {}
[369.404842] (opentera_webrtc_ros) StdoutLine: {'line': b'-- [download 34% complete]\n'}
[369.419522] (-) TimerEvent: {}
[369.513986] (opentera_webrtc_ros) StdoutLine: {'line': b'-- [download 35% complete]\n'}
[369.519651] (-) TimerEvent: {}
[369.618891] (opentera_webrtc_ros) StdoutLine: {'line': b'-- [download 36% complete]\n'}
[369.619722] (-) TimerEvent: {}
[369.720219] (-) TimerEvent: {}
[369.741643] (opentera_webrtc_ros) StdoutLine: {'line': b'-- [download 37% complete]\n'}
[369.820373] (-) TimerEvent: {}
[369.894378] (opentera_webrtc_ros) StdoutLine: {'line': b'-- [download 38% complete]\n'}
[369.920518] (-) TimerEvent: {}
[370.010306] (opentera_webrtc_ros) StdoutLine: {'line': b'-- [download 39% complete]\n'}
[370.020671] (-) TimerEvent: {}
[370.121293] (-) TimerEvent: {}
[370.131689] (opentera_webrtc_ros) StdoutLine: {'line': b'-- [download 40% complete]\n'}
[370.221455] (-) TimerEvent: {}
[370.265465] (opentera_webrtc_ros) StdoutLine: {'line': b'-- [download 41% complete]\n'}
[370.321690] (-) TimerEvent: {}
[370.379629] (opentera_webrtc_ros) StdoutLine: {'line': b'-- [download 42% complete]\n'}
[370.421838] (-) TimerEvent: {}
[370.495850] (opentera_webrtc_ros) StdoutLine: {'line': b'-- [download 43% complete]\n'}
[370.522040] (-) TimerEvent: {}
[370.622816] (-) TimerEvent: {}
[370.626080] (opentera_webrtc_ros) StdoutLine: {'line': b'-- [download 44% complete]\n'}
[370.722986] (-) TimerEvent: {}
[370.731799] (opentera_webrtc_ros) StdoutLine: {'line': b'-- [download 45% complete]\n'}
[370.823189] (-) TimerEvent: {}
[370.861104] (opentera_webrtc_ros) StdoutLine: {'line': b'-- [download 46% complete]\n'}
[370.923351] (-) TimerEvent: {}
[370.990467] (opentera_webrtc_ros) StdoutLine: {'line': b'-- [download 47% complete]\n'}
[371.024209] (-) TimerEvent: {}
[371.104056] (opentera_webrtc_ros) StdoutLine: {'line': b'-- [download 48% complete]\n'}
[371.125145] (-) TimerEvent: {}
[371.220057] (opentera_webrtc_ros) StdoutLine: {'line': b'-- [download 49% complete]\n'}
[371.225291] (-) TimerEvent: {}
[371.325898] (-) TimerEvent: {}
[371.348412] (opentera_webrtc_ros) StdoutLine: {'line': b'-- [download 50% complete]\n'}
[371.426404] (-) TimerEvent: {}
[371.458237] (opentera_webrtc_ros) StdoutLine: {'line': b'-- [download 51% complete]\n'}
[371.526569] (-) TimerEvent: {}
[371.574340] (opentera_webrtc_ros) StdoutLine: {'line': b'-- [download 52% complete]\n'}
[371.626783] (-) TimerEvent: {}
[371.676468] (opentera_webrtc_ros) StdoutLine: {'line': b'-- [download 53% complete]\n'}
[371.726955] (-) TimerEvent: {}
[371.793496] (opentera_webrtc_ros) StdoutLine: {'line': b'-- [download 54% complete]\n'}
[371.827124] (-) TimerEvent: {}
[371.908675] (opentera_webrtc_ros) StdoutLine: {'line': b'-- [download 55% complete]\n'}
[371.927253] (-) TimerEvent: {}
[372.020244] (opentera_webrtc_ros) StdoutLine: {'line': b'-- [download 56% complete]\n'}
[372.027397] (-) TimerEvent: {}
[372.125331] (opentera_webrtc_ros) StdoutLine: {'line': b'-- [download 57% complete]\n'}
[372.127503] (-) TimerEvent: {}
[372.228093] (-) TimerEvent: {}
[372.237616] (opentera_webrtc_ros) StdoutLine: {'line': b'-- [download 58% complete]\n'}
[372.328248] (-) TimerEvent: {}
[372.346858] (opentera_webrtc_ros) StdoutLine: {'line': b'-- [download 59% complete]\n'}
[372.428390] (-) TimerEvent: {}
[372.467587] (opentera_webrtc_ros) StdoutLine: {'line': b'-- [download 60% complete]\n'}
[372.528545] (-) TimerEvent: {}
[372.580763] (opentera_webrtc_ros) StdoutLine: {'line': b'-- [download 61% complete]\n'}
[372.628715] (-) TimerEvent: {}
[372.729664] (-) TimerEvent: {}
[372.730583] (opentera_webrtc_ros) StdoutLine: {'line': b'-- [download 62% complete]\n'}
[372.829823] (-) TimerEvent: {}
[372.842414] (opentera_webrtc_ros) StdoutLine: {'line': b'-- [download 63% complete]\n'}
[372.929988] (-) TimerEvent: {}
[372.948569] (opentera_webrtc_ros) StdoutLine: {'line': b'-- [download 64% complete]\n'}
[373.030150] (-) TimerEvent: {}
[373.056788] (opentera_webrtc_ros) StdoutLine: {'line': b'-- [download 65% complete]\n'}
[373.130325] (-) TimerEvent: {}
[373.197497] (opentera_webrtc_ros) StdoutLine: {'line': b'-- [download 66% complete]\n'}
[373.230477] (-) TimerEvent: {}
[373.329212] (opentera_webrtc_ros) StdoutLine: {'line': b'-- [download 67% complete]\n'}
[373.330606] (-) TimerEvent: {}
[373.431318] (-) TimerEvent: {}
[373.437394] (opentera_webrtc_ros) StdoutLine: {'line': b'-- [download 68% complete]\n'}
[373.531481] (-) TimerEvent: {}
[373.544330] (opentera_webrtc_ros) StdoutLine: {'line': b'-- [download 69% complete]\n'}
[373.631645] (-) TimerEvent: {}
[373.656269] (opentera_webrtc_ros) StdoutLine: {'line': b'-- [download 70% complete]\n'}
[373.731807] (-) TimerEvent: {}
[373.759955] (opentera_webrtc_ros) StdoutLine: {'line': b'-- [download 71% complete]\n'}
[373.831976] (-) TimerEvent: {}
[373.874185] (opentera_webrtc_ros) StdoutLine: {'line': b'-- [download 72% complete]\n'}
[373.932144] (-) TimerEvent: {}
[373.981295] (opentera_webrtc_ros) StdoutLine: {'line': b'-- [download 73% complete]\n'}
[374.032317] (-) TimerEvent: {}
[374.092325] (opentera_webrtc_ros) StdoutLine: {'line': b'-- [download 74% complete]\n'}
[374.132559] (-) TimerEvent: {}
[374.201024] (opentera_webrtc_ros) StdoutLine: {'line': b'-- [download 75% complete]\n'}
[374.232715] (-) TimerEvent: {}
[374.305502] (opentera_webrtc_ros) StdoutLine: {'line': b'-- [download 76% complete]\n'}
[374.332856] (-) TimerEvent: {}
[374.410367] (opentera_webrtc_ros) StdoutLine: {'line': b'-- [download 77% complete]\n'}
[374.433010] (-) TimerEvent: {}
[374.521430] (opentera_webrtc_ros) StdoutLine: {'line': b'-- [download 78% complete]\n'}
[374.533162] (-) TimerEvent: {}
[374.630914] (opentera_webrtc_ros) StdoutLine: {'line': b'-- [download 79% complete]\n'}
[374.633275] (-) TimerEvent: {}
[374.734199] (-) TimerEvent: {}
[374.744110] (opentera_webrtc_ros) StdoutLine: {'line': b'-- [download 80% complete]\n'}
[374.834338] (-) TimerEvent: {}
[374.934905] (-) TimerEvent: {}
[375.035791] (-) TimerEvent: {}
[375.136407] (-) TimerEvent: {}
[375.237292] (-) TimerEvent: {}
[375.281008] (opentera_webrtc_ros) StdoutLine: {'line': b'-- [download 81% complete]\n'}
[375.337467] (-) TimerEvent: {}
[375.392453] (opentera_webrtc_ros) StdoutLine: {'line': b'-- [download 82% complete]\n'}
[375.437695] (-) TimerEvent: {}
[375.502505] (opentera_webrtc_ros) StdoutLine: {'line': b'-- [download 83% complete]\n'}
[375.537830] (-) TimerEvent: {}
[375.611212] (opentera_webrtc_ros) StdoutLine: {'line': b'-- [download 84% complete]\n'}
[375.638032] (-) TimerEvent: {}
[375.735000] (opentera_webrtc_ros) StdoutLine: {'line': b'-- [download 85% complete]\n'}
[375.738156] (-) TimerEvent: {}
[375.839168] (-) TimerEvent: {}
[375.848052] (opentera_webrtc_ros) StdoutLine: {'line': b'-- [download 86% complete]\n'}
[375.939319] (-) TimerEvent: {}
[375.975881] (opentera_webrtc_ros) StdoutLine: {'line': b'-- [download 87% complete]\n'}
[376.039490] (-) TimerEvent: {}
[376.077334] (opentera_webrtc_ros) StdoutLine: {'line': b'-- [download 88% complete]\n'}
[376.139898] (-) TimerEvent: {}
[376.183457] (opentera_webrtc_ros) StdoutLine: {'line': b'-- [download 89% complete]\n'}
[376.240056] (-) TimerEvent: {}
[376.288743] (opentera_webrtc_ros) StdoutLine: {'line': b'-- [download 90% complete]\n'}
[376.340225] (-) TimerEvent: {}
[376.390314] (opentera_webrtc_ros) StdoutLine: {'line': b'-- [download 91% complete]\n'}
[376.440714] (-) TimerEvent: {}
[376.501285] (opentera_webrtc_ros) StdoutLine: {'line': b'-- [download 92% complete]\n'}
[376.540884] (-) TimerEvent: {}
[376.606323] (opentera_webrtc_ros) StdoutLine: {'line': b'-- [download 93% complete]\n'}
[376.641033] (-) TimerEvent: {}
[376.741953] (-) TimerEvent: {}
[376.842562] (-) TimerEvent: {}
[376.943412] (-) TimerEvent: {}
[377.044361] (-) TimerEvent: {}
[377.107801] (opentera_webrtc_ros) StdoutLine: {'line': b'-- [download 94% complete]\n'}
[377.144508] (-) TimerEvent: {}
[377.245405] (-) TimerEvent: {}
[377.344661] (opentera_webrtc_ros) StdoutLine: {'line': b'-- [download 95% complete]\n'}
[377.345518] (-) TimerEvent: {}
[377.446376] (-) TimerEvent: {}
[377.505690] (opentera_webrtc_ros) StdoutLine: {'line': b'-- [download 96% complete]\n'}
[377.546885] (-) TimerEvent: {}
[377.612654] (opentera_webrtc_ros) StdoutLine: {'line': b'-- [download 97% complete]\n'}
[377.647187] (-) TimerEvent: {}
[377.716239] (opentera_webrtc_ros) StdoutLine: {'line': b'-- [download 98% complete]\n'}
[377.747323] (-) TimerEvent: {}
[377.832682] (opentera_webrtc_ros) StdoutLine: {'line': b'-- [download 99% complete]\n'}
[377.847449] (-) TimerEvent: {}
[377.939443] (opentera_webrtc_ros) StdoutLine: {'line': b'-- [download 100% complete]\n'}
[377.947680] (-) TimerEvent: {}
[377.998060] (opentera_webrtc_ros) StdoutLine: {'line': b'-- Extracting /webrtc-native-build-ubuntu-22.04-arm64-Debug-6422.8505a9.224.tar.gz\n'}
[378.049727] (-) TimerEvent: {}
[378.150765] (-) TimerEvent: {}
[378.251762] (-) TimerEvent: {}
[378.352788] (-) TimerEvent: {}
[378.453842] (-) TimerEvent: {}
[378.554812] (-) TimerEvent: {}
[378.655785] (-) TimerEvent: {}
[378.756765] (-) TimerEvent: {}
[378.857822] (-) TimerEvent: {}
[378.958964] (-) TimerEvent: {}
[379.059685] (-) TimerEvent: {}
[379.160315] (-) TimerEvent: {}
[379.260963] (-) TimerEvent: {}
[379.361658] (-) TimerEvent: {}
[379.462277] (-) TimerEvent: {}
[379.562923] (-) TimerEvent: {}
[379.663572] (-) TimerEvent: {}
[379.764239] (-) TimerEvent: {}
[379.864857] (-) TimerEvent: {}
[379.965497] (-) TimerEvent: {}
[380.066192] (-) TimerEvent: {}
[380.166823] (-) TimerEvent: {}
[380.267441] (-) TimerEvent: {}
[380.368061] (-) TimerEvent: {}
[380.468692] (-) TimerEvent: {}
[380.569253] (-) TimerEvent: {}
[380.669905] (-) TimerEvent: {}
[380.770521] (-) TimerEvent: {}
[380.871123] (-) TimerEvent: {}
[380.971727] (-) TimerEvent: {}
[381.072332] (-) TimerEvent: {}
[381.172922] (-) TimerEvent: {}
[381.273491] (-) TimerEvent: {}
[381.374075] (-) TimerEvent: {}
[381.695867] (-) TimerEvent: {}
[381.796419] (-) TimerEvent: {}
[381.896970] (-) TimerEvent: {}
[381.997571] (-) TimerEvent: {}
[382.098228] (-) TimerEvent: {}
[382.199052] (-) TimerEvent: {}
[382.299639] (-) TimerEvent: {}
[382.400469] (-) TimerEvent: {}
[382.501053] (-) TimerEvent: {}
[382.601890] (-) TimerEvent: {}
[382.702460] (-) TimerEvent: {}
[382.803267] (-) TimerEvent: {}
[382.903851] (-) TimerEvent: {}
[383.004415] (-) TimerEvent: {}
[383.105424] (-) TimerEvent: {}
[383.206073] (-) TimerEvent: {}
[383.306663] (-) TimerEvent: {}
[383.407263] (-) TimerEvent: {}
[383.507868] (-) TimerEvent: {}
[383.608501] (-) TimerEvent: {}
[383.709129] (-) TimerEvent: {}
[383.809764] (-) TimerEvent: {}
[383.910365] (-) TimerEvent: {}
[384.011017] (-) TimerEvent: {}
[385.710728] (-) TimerEvent: {}
[385.811500] (-) TimerEvent: {}
[385.912618] (-) TimerEvent: {}
[386.013464] (-) TimerEvent: {}
[386.114514] (-) TimerEvent: {}
[386.215403] (-) TimerEvent: {}
[386.316259] (-) TimerEvent: {}
[386.417593] (-) TimerEvent: {}
[386.518563] (-) TimerEvent: {}
[386.619514] (-) TimerEvent: {}
[386.767217] (-) TimerEvent: {}
[390.737951] (-) TimerEvent: {}
[390.839187] (-) TimerEvent: {}
[390.940127] (-) TimerEvent: {}
[391.041447] (-) TimerEvent: {}
[391.142902] (-) TimerEvent: {}
[391.243960] (-) TimerEvent: {}
[391.344878] (-) TimerEvent: {}
[391.445977] (-) TimerEvent: {}
[391.547199] (-) TimerEvent: {}
[391.648120] (-) TimerEvent: {}
[391.748977] (-) TimerEvent: {}
[392.378746] (-) TimerEvent: {}
[392.479635] (-) TimerEvent: {}
[392.580273] (-) TimerEvent: {}
[392.681075] (-) TimerEvent: {}
[392.781665] (-) TimerEvent: {}
[392.882441] (-) TimerEvent: {}
[392.983038] (-) TimerEvent: {}
[393.083805] (-) TimerEvent: {}
[393.184412] (-) TimerEvent: {}
[393.285461] (-) TimerEvent: {}
[393.386303] (-) TimerEvent: {}
[393.486850] (-) TimerEvent: {}
[393.587672] (-) TimerEvent: {}
[393.688224] (-) TimerEvent: {}
[393.789027] (-) TimerEvent: {}
[393.889599] (-) TimerEvent: {}
[393.990316] (-) TimerEvent: {}
[394.090844] (-) TimerEvent: {}
[394.191652] (-) TimerEvent: {}
[394.292247] (-) TimerEvent: {}
[394.392848] (-) TimerEvent: {}
[394.493730] (-) TimerEvent: {}
[394.594329] (-) TimerEvent: {}
[394.694889] (-) TimerEvent: {}
[394.795731] (-) TimerEvent: {}
[394.896322] (-) TimerEvent: {}
[394.996917] (-) TimerEvent: {}
[395.097807] (-) TimerEvent: {}
[395.198405] (-) TimerEvent: {}
[395.298989] (-) TimerEvent: {}
[395.399632] (-) TimerEvent: {}
[395.500211] (-) TimerEvent: {}
[395.600810] (-) TimerEvent: {}
[395.701335] (-) TimerEvent: {}
[395.801932] (-) TimerEvent: {}
[395.902524] (-) TimerEvent: {}
[396.003404] (-) TimerEvent: {}
[396.103993] (-) TimerEvent: {}
[396.204862] (-) TimerEvent: {}
[396.305499] (-) TimerEvent: {}
[396.406155] (-) TimerEvent: {}
[396.507005] (-) TimerEvent: {}
[396.607636] (-) TimerEvent: {}
[396.708262] (-) TimerEvent: {}
[396.809129] (-) TimerEvent: {}
[396.909797] (-) TimerEvent: {}
[397.010417] (-) TimerEvent: {}
[397.110965] (-) TimerEvent: {}
[397.211532] (-) TimerEvent: {}
[397.312120] (-) TimerEvent: {}
[401.710840] (-) TimerEvent: {}
[401.811837] (-) TimerEvent: {}
[401.912710] (-) TimerEvent: {}
[402.013329] (-) TimerEvent: {}
[402.114207] (-) TimerEvent: {}
[402.214849] (-) TimerEvent: {}
[402.315681] (-) TimerEvent: {}
[406.786322] (-) TimerEvent: {}
[406.888308] (-) TimerEvent: {}
[406.989520] (-) TimerEvent: {}
[407.090413] (-) TimerEvent: {}
[407.191365] (-) TimerEvent: {}
[407.292166] (-) TimerEvent: {}
[407.392738] (-) TimerEvent: {}
[407.493397] (-) TimerEvent: {}
[407.817229] (-) TimerEvent: {}
[407.917799] (-) TimerEvent: {}
[408.018324] (-) TimerEvent: {}
[408.118875] (-) TimerEvent: {}
[408.219401] (-) TimerEvent: {}
[408.319932] (-) TimerEvent: {}
[408.420504] (-) TimerEvent: {}
[408.521090] (-) TimerEvent: {}
[408.621631] (-) TimerEvent: {}
[408.722171] (-) TimerEvent: {}
[408.822735] (-) TimerEvent: {}
[408.923293] (-) TimerEvent: {}
[409.025732] (-) TimerEvent: {}
[409.126390] (-) TimerEvent: {}
[409.226900] (-) TimerEvent: {}
[409.327401] (-) TimerEvent: {}
[409.427990] (-) TimerEvent: {}
[409.528562] (-) TimerEvent: {}
[409.629083] (-) TimerEvent: {}
[409.729547] (-) TimerEvent: {}
[409.829967] (-) TimerEvent: {}
[409.930398] (-) TimerEvent: {}
[410.030869] (-) TimerEvent: {}
[410.131412] (-) TimerEvent: {}
[410.231992] (-) TimerEvent: {}
[410.332555] (-) TimerEvent: {}
[410.433199] (-) TimerEvent: {}
[410.533915] (-) TimerEvent: {}
[410.634521] (-) TimerEvent: {}
[410.735200] (-) TimerEvent: {}
[410.835766] (-) TimerEvent: {}
[410.936239] (-) TimerEvent: {}
[411.036688] (-) TimerEvent: {}
[411.137085] (-) TimerEvent: {}
[411.237440] (-) TimerEvent: {}
[411.337873] (-) TimerEvent: {}
[411.438478] (-) TimerEvent: {}
[411.539131] (-) TimerEvent: {}
[411.639864] (-) TimerEvent: {}
[411.740337] (-) TimerEvent: {}
[411.841075] (-) TimerEvent: {}
[411.942069] (-) TimerEvent: {}
[412.043502] (-) TimerEvent: {}
[412.144568] (-) TimerEvent: {}
[412.245627] (-) TimerEvent: {}
[412.346524] (-) TimerEvent: {}
[412.447169] (-) TimerEvent: {}
[412.548282] (-) TimerEvent: {}
[412.649009] (-) TimerEvent: {}
[412.749478] (-) TimerEvent: {}
[412.849958] (-) TimerEvent: {}
[414.005612] (-) TimerEvent: {}
[414.106180] (-) TimerEvent: {}
[414.207061] (-) TimerEvent: {}
[414.307746] (-) TimerEvent: {}
[414.409258] (-) TimerEvent: {}
[414.509941] (-) TimerEvent: {}
[414.610548] (-) TimerEvent: {}
[414.711093] (-) TimerEvent: {}
[414.811559] (-) TimerEvent: {}
[414.912036] (-) TimerEvent: {}
[415.012619] (-) TimerEvent: {}
[415.113257] (-) TimerEvent: {}
[415.214229] (-) TimerEvent: {}
[415.314914] (-) TimerEvent: {}
[415.415534] (-) TimerEvent: {}
[415.516437] (-) TimerEvent: {}
[415.617711] (-) TimerEvent: {}
[415.718316] (-) TimerEvent: {}
[415.818942] (-) TimerEvent: {}
[415.919489] (-) TimerEvent: {}
[416.020090] (-) TimerEvent: {}
[416.120737] (-) TimerEvent: {}
[416.221576] (-) TimerEvent: {}
[416.322345] (-) TimerEvent: {}
[416.423240] (-) TimerEvent: {}
[416.524072] (-) TimerEvent: {}
[416.624655] (-) TimerEvent: {}
[416.725487] (-) TimerEvent: {}
[416.826429] (-) TimerEvent: {}
[416.927265] (-) TimerEvent: {}
[417.028106] (-) TimerEvent: {}
[417.128805] (-) TimerEvent: {}
[417.229577] (-) TimerEvent: {}
[417.330193] (-) TimerEvent: {}
[417.431165] (-) TimerEvent: {}
[417.532232] (-) TimerEvent: {}
[417.633673] (-) TimerEvent: {}
[417.734590] (-) TimerEvent: {}
[417.835427] (-) TimerEvent: {}
[417.935989] (-) TimerEvent: {}
[418.036568] (-) TimerEvent: {}
[418.137143] (-) TimerEvent: {}
[419.725426] (-) TimerEvent: {}
[419.826057] (-) TimerEvent: {}
[419.927011] (-) TimerEvent: {}
[420.027631] (-) TimerEvent: {}
[420.128208] (-) TimerEvent: {}
[420.229055] (-) TimerEvent: {}
[420.330008] (-) TimerEvent: {}
[420.430624] (-) TimerEvent: {}
[420.531485] (-) TimerEvent: {}
[420.632105] (-) TimerEvent: {}
[420.732676] (-) TimerEvent: {}
[420.833579] (-) TimerEvent: {}
[420.934166] (-) TimerEvent: {}
[421.035055] (-) TimerEvent: {}
[421.135631] (-) TimerEvent: {}
[421.236502] (-) TimerEvent: {}
[421.337108] (-) TimerEvent: {}
[421.437741] (-) TimerEvent: {}
[421.538438] (-) TimerEvent: {}
[421.639054] (-) TimerEvent: {}
[421.739647] (-) TimerEvent: {}
[421.840562] (-) TimerEvent: {}
[421.941210] (-) TimerEvent: {}
[422.041867] (-) TimerEvent: {}
[422.142794] (-) TimerEvent: {}
[422.243456] (-) TimerEvent: {}
[422.344031] (-) TimerEvent: {}
[422.444857] (-) TimerEvent: {}
[422.545700] (-) TimerEvent: {}
[422.646602] (-) TimerEvent: {}
[422.747753] (-) TimerEvent: {}
[422.849192] (-) TimerEvent: {}
[422.950502] (-) TimerEvent: {}
[423.051293] (-) TimerEvent: {}
[423.152039] (-) TimerEvent: {}
[423.253269] (-) TimerEvent: {}
[423.354168] (-) TimerEvent: {}
[423.455026] (-) TimerEvent: {}
[423.555857] (-) TimerEvent: {}
[423.657190] (-) TimerEvent: {}
[423.758074] (-) TimerEvent: {}
[423.858687] (-) TimerEvent: {}
[423.959616] (-) TimerEvent: {}
[424.060263] (-) TimerEvent: {}
[424.718124] (-) TimerEvent: {}
[424.818944] (-) TimerEvent: {}
[424.919510] (-) TimerEvent: {}
[425.020319] (-) TimerEvent: {}
[425.120904] (-) TimerEvent: {}
[425.221759] (-) TimerEvent: {}
[425.322342] (-) TimerEvent: {}
[425.422918] (-) TimerEvent: {}
[425.523809] (-) TimerEvent: {}
[425.624461] (-) TimerEvent: {}
[425.725100] (-) TimerEvent: {}
[425.825726] (-) TimerEvent: {}
[425.926334] (-) TimerEvent: {}
[426.027106] (-) TimerEvent: {}
[426.127869] (-) TimerEvent: {}
[426.228656] (-) TimerEvent: {}
[426.329450] (-) TimerEvent: {}
[426.430213] (-) TimerEvent: {}
[426.530972] (-) TimerEvent: {}
[426.631572] (-) TimerEvent: {}
[426.732109] (-) TimerEvent: {}
[426.832621] (-) TimerEvent: {}
[426.933514] (-) TimerEvent: {}
[427.034153] (-) TimerEvent: {}
[427.134952] (-) TimerEvent: {}
[427.235541] (-) TimerEvent: {}
[427.336129] (-) TimerEvent: {}
[427.437062] (-) TimerEvent: {}
[427.538224] (-) TimerEvent: {}
[427.638846] (-) TimerEvent: {}
[427.740072] (-) TimerEvent: {}
[427.840645] (-) TimerEvent: {}
[427.941801] (-) TimerEvent: {}
[428.042637] (-) TimerEvent: {}
[428.143221] (-) TimerEvent: {}
[428.244374] (-) TimerEvent: {}
[428.344946] (-) TimerEvent: {}
[428.447464] (-) TimerEvent: {}
[428.548336] (-) TimerEvent: {}
[428.648943] (-) TimerEvent: {}
[428.749763] (-) TimerEvent: {}
[428.850713] (-) TimerEvent: {}
[428.953005] (-) TimerEvent: {}
[429.053893] (-) TimerEvent: {}
[429.593397] (-) TimerEvent: {}
[429.694055] (-) TimerEvent: {}
[429.794652] (-) TimerEvent: {}
[429.895224] (-) TimerEvent: {}
[429.995799] (-) TimerEvent: {}
[430.096361] (-) TimerEvent: {}
[430.196926] (-) TimerEvent: {}
[430.297487] (-) TimerEvent: {}
[430.398061] (-) TimerEvent: {}
[430.498613] (-) TimerEvent: {}
[430.599159] (-) TimerEvent: {}
[430.699711] (-) TimerEvent: {}
[430.800285] (-) TimerEvent: {}
[430.900902] (-) TimerEvent: {}
[431.001563] (-) TimerEvent: {}
[431.102454] (-) TimerEvent: {}
[431.203324] (-) TimerEvent: {}
[431.304211] (-) TimerEvent: {}
[431.405111] (-) TimerEvent: {}
[431.506170] (-) TimerEvent: {}
[431.606766] (-) TimerEvent: {}
[431.707341] (-) TimerEvent: {}
[431.807928] (-) TimerEvent: {}
[431.908500] (-) TimerEvent: {}
[432.009078] (-) TimerEvent: {}
[432.109674] (-) TimerEvent: {}
[432.210267] (-) TimerEvent: {}
[432.311152] (-) TimerEvent: {}
[432.411730] (-) TimerEvent: {}
[432.512311] (-) TimerEvent: {}
[432.612898] (-) TimerEvent: {}
[432.713480] (-) TimerEvent: {}
[432.815058] (-) TimerEvent: {}
[432.915639] (-) TimerEvent: {}
[433.016211] (-) TimerEvent: {}
[433.116798] (-) TimerEvent: {}
[433.217379] (-) TimerEvent: {}
[433.319052] (-) TimerEvent: {}
[433.419660] (-) TimerEvent: {}
[433.520260] (-) TimerEvent: {}
[433.620817] (-) TimerEvent: {}
[433.721367] (-) TimerEvent: {}
[433.822049] (-) TimerEvent: {}
[433.922591] (-) TimerEvent: {}
[434.023932] (-) TimerEvent: {}
[434.124500] (-) TimerEvent: {}
[434.909043] (-) TimerEvent: {}
[435.010136] (-) TimerEvent: {}
[435.112018] (-) TimerEvent: {}
[435.212811] (-) TimerEvent: {}
[435.313349] (-) TimerEvent: {}
[435.413897] (-) TimerEvent: {}
[435.514453] (-) TimerEvent: {}
[435.615025] (-) TimerEvent: {}
[435.715553] (-) TimerEvent: {}
[435.816099] (-) TimerEvent: {}
[435.916664] (-) TimerEvent: {}
[436.017583] (-) TimerEvent: {}
[436.118263] (-) TimerEvent: {}
[436.219135] (-) TimerEvent: {}
[436.319727] (-) TimerEvent: {}
[436.420565] (-) TimerEvent: {}
[436.521135] (-) TimerEvent: {}
[436.622004] (-) TimerEvent: {}
[436.722617] (-) TimerEvent: {}
[436.824560] (-) TimerEvent: {}
[436.925141] (-) TimerEvent: {}
[437.025706] (-) TimerEvent: {}
[437.126271] (-) TimerEvent: {}
[437.226834] (-) TimerEvent: {}
[437.327401] (-) TimerEvent: {}
[437.427985] (-) TimerEvent: {}
[437.528541] (-) TimerEvent: {}
[437.629127] (-) TimerEvent: {}
[437.729766] (-) TimerEvent: {}
[437.830365] (-) TimerEvent: {}
[437.930964] (-) TimerEvent: {}
[438.031550] (-) TimerEvent: {}
[438.132129] (-) TimerEvent: {}
[438.232728] (-) TimerEvent: {}
[438.333293] (-) TimerEvent: {}
[438.736092] (-) TimerEvent: {}
[438.836672] (-) TimerEvent: {}
[438.937483] (-) TimerEvent: {}
[439.038063] (-) TimerEvent: {}
[439.138827] (-) TimerEvent: {}
[439.239399] (-) TimerEvent: {}
[439.340176] (-) TimerEvent: {}
[439.440748] (-) TimerEvent: {}
[439.541517] (-) TimerEvent: {}
[439.642102] (-) TimerEvent: {}
[439.742965] (-) TimerEvent: {}
[439.843635] (-) TimerEvent: {}
[439.945886] (-) TimerEvent: {}
[440.046500] (-) TimerEvent: {}
[440.147137] (-) TimerEvent: {}
[440.247815] (-) TimerEvent: {}
[440.348602] (-) TimerEvent: {}
[440.449124] (-) TimerEvent: {}
[440.549604] (-) TimerEvent: {}
[440.650102] (-) TimerEvent: {}
[440.750636] (-) TimerEvent: {}
[440.851197] (-) TimerEvent: {}
[440.951715] (-) TimerEvent: {}
[441.052207] (-) TimerEvent: {}
[441.152694] (-) TimerEvent: {}
[441.253227] (-) TimerEvent: {}
[441.353814] (-) TimerEvent: {}
[441.454360] (-) TimerEvent: {}
[441.554889] (-) TimerEvent: {}
[441.655449] (-) TimerEvent: {}
[441.755985] (-) TimerEvent: {}
[441.856523] (-) TimerEvent: {}
[441.910843] (opentera_webrtc_ros) StdoutLine: {'line': b'-- pybind11 v2.13.1 \n'}
[441.956604] (-) TimerEvent: {}
[442.057100] (-) TimerEvent: {}
[442.157667] (-) TimerEvent: {}
[442.258216] (-) TimerEvent: {}
[442.358721] (-) TimerEvent: {}
[442.459277] (-) TimerEvent: {}
[442.559829] (-) TimerEvent: {}
[442.660381] (-) TimerEvent: {}
[442.760901] (-) TimerEvent: {}
[442.809836] (opentera_webrtc_ros) StdoutLine: {'line': b'-- Found PythonInterp: /usr/bin/python3 (found suitable version "3.10.12", minimum required is "3.10.12") \n'}
[442.861053] (-) TimerEvent: {}
[442.917679] (opentera_webrtc_ros) StdoutLine: {'line': b'-- Found PythonLibs: /usr/lib/aarch64-linux-gnu/libpython3.10.so\n'}
[442.961148] (-) TimerEvent: {}
[443.061608] (-) TimerEvent: {}
[443.162061] (-) TimerEvent: {}
[443.262541] (-) TimerEvent: {}
[443.363036] (-) TimerEvent: {}
[443.597674] (-) TimerEvent: {}
[443.628894] (opentera_webrtc_ros) StdoutLine: {'line': b'-- Performing Test HAS_FLTO\n'}
[443.697860] (-) TimerEvent: {}
[443.798511] (-) TimerEvent: {}
[443.899226] (-) TimerEvent: {}
[443.999809] (-) TimerEvent: {}
[444.100651] (-) TimerEvent: {}
[444.201202] (-) TimerEvent: {}
[444.301758] (-) TimerEvent: {}
[444.402290] (-) TimerEvent: {}
[444.502819] (-) TimerEvent: {}
[444.603348] (-) TimerEvent: {}
[444.703888] (-) TimerEvent: {}
[444.804456] (-) TimerEvent: {}
[444.905015] (-) TimerEvent: {}
[445.005623] (-) TimerEvent: {}
[445.106185] (-) TimerEvent: {}
[445.206714] (-) TimerEvent: {}
[445.307311] (-) TimerEvent: {}
[445.408259] (-) TimerEvent: {}
[445.509308] (-) TimerEvent: {}
[445.610415] (-) TimerEvent: {}
[445.711452] (-) TimerEvent: {}
[445.813223] (-) TimerEvent: {}
[445.914335] (-) TimerEvent: {}
[446.014913] (-) TimerEvent: {}
[446.115411] (-) TimerEvent: {}
[446.215937] (-) TimerEvent: {}
[446.316491] (-) TimerEvent: {}
[446.417016] (-) TimerEvent: {}
[446.517567] (-) TimerEvent: {}
[446.618112] (-) TimerEvent: {}
[446.718665] (-) TimerEvent: {}
[446.819200] (-) TimerEvent: {}
[446.919797] (-) TimerEvent: {}
[447.020399] (-) TimerEvent: {}
[447.120990] (-) TimerEvent: {}
[447.221624] (-) TimerEvent: {}
[447.322210] (-) TimerEvent: {}
[447.422802] (-) TimerEvent: {}
[447.523427] (-) TimerEvent: {}
[447.624032] (-) TimerEvent: {}
[447.724617] (-) TimerEvent: {}
[447.825235] (-) TimerEvent: {}
[447.925858] (-) TimerEvent: {}
[448.026452] (-) TimerEvent: {}
[448.127011] (-) TimerEvent: {}
[448.227588] (-) TimerEvent: {}
[448.328160] (-) TimerEvent: {}
[448.428978] (-) TimerEvent: {}
[449.028502] (-) TimerEvent: {}
[449.129061] (-) TimerEvent: {}
[449.229975] (-) TimerEvent: {}
[449.330869] (-) TimerEvent: {}
[449.431741] (-) TimerEvent: {}
[449.532614] (-) TimerEvent: {}
[449.633513] (-) TimerEvent: {}
[449.734428] (-) TimerEvent: {}
[449.835225] (-) TimerEvent: {}
[449.935838] (-) TimerEvent: {}
[450.036459] (-) TimerEvent: {}
[450.137287] (-) TimerEvent: {}
[450.237921] (-) TimerEvent: {}
[450.338752] (-) TimerEvent: {}
[450.439331] (-) TimerEvent: {}
[450.540107] (-) TimerEvent: {}
[450.640641] (-) TimerEvent: {}
[450.741603] (-) TimerEvent: {}
[450.842722] (-) TimerEvent: {}
[450.943716] (-) TimerEvent: {}
[451.044771] (-) TimerEvent: {}
[451.145848] (-) TimerEvent: {}
[451.246715] (-) TimerEvent: {}
[451.347649] (-) TimerEvent: {}
[451.448809] (-) TimerEvent: {}
[451.549947] (-) TimerEvent: {}
[451.650997] (-) TimerEvent: {}
[451.752099] (-) TimerEvent: {}
[451.853447] (-) TimerEvent: {}
[451.954626] (-) TimerEvent: {}
[452.055824] (-) TimerEvent: {}
[452.156788] (-) TimerEvent: {}
[452.257835] (-) TimerEvent: {}
[452.358838] (-) TimerEvent: {}
[452.459835] (-) TimerEvent: {}
[452.560859] (-) TimerEvent: {}
[452.661897] (-) TimerEvent: {}
[452.763009] (-) TimerEvent: {}
[452.863950] (-) TimerEvent: {}
[452.965077] (-) TimerEvent: {}
[453.066379] (-) TimerEvent: {}
[453.167420] (-) TimerEvent: {}
[453.268381] (-) TimerEvent: {}
[453.369409] (-) TimerEvent: {}
[453.470487] (-) TimerEvent: {}
[453.571887] (-) TimerEvent: {}
[453.672912] (-) TimerEvent: {}
[453.774006] (-) TimerEvent: {}
[453.875010] (-) TimerEvent: {}
[453.976374] (-) TimerEvent: {}
[454.077653] (-) TimerEvent: {}
[454.178718] (-) TimerEvent: {}
[454.279586] (-) TimerEvent: {}
[454.380555] (-) TimerEvent: {}
[454.481505] (-) TimerEvent: {}
[454.582515] (-) TimerEvent: {}
[454.683466] (-) TimerEvent: {}
[454.784458] (-) TimerEvent: {}
[454.885514] (-) TimerEvent: {}
[454.986456] (-) TimerEvent: {}
[455.087523] (-) TimerEvent: {}
[455.188758] (-) TimerEvent: {}
[455.289581] (-) TimerEvent: {}
[455.390530] (-) TimerEvent: {}
[455.491489] (-) TimerEvent: {}
[455.592491] (-) TimerEvent: {}
[455.693479] (-) TimerEvent: {}
[455.794497] (-) TimerEvent: {}
[455.895525] (-) TimerEvent: {}
[455.996476] (-) TimerEvent: {}
[456.097434] (-) TimerEvent: {}
[456.198544] (-) TimerEvent: {}
[456.299425] (-) TimerEvent: {}
[456.400437] (-) TimerEvent: {}
[456.501492] (-) TimerEvent: {}
[456.602492] (-) TimerEvent: {}
[456.703430] (-) TimerEvent: {}
[456.804380] (-) TimerEvent: {}
[456.905346] (-) TimerEvent: {}
[457.009797] (-) TimerEvent: {}
[457.110831] (-) TimerEvent: {}
[457.211839] (-) TimerEvent: {}
[457.312738] (-) TimerEvent: {}
[457.413760] (-) TimerEvent: {}
[457.514668] (-) TimerEvent: {}
[457.615650] (-) TimerEvent: {}
[457.716653] (-) TimerEvent: {}
[457.817720] (-) TimerEvent: {}
[457.918720] (-) TimerEvent: {}
[458.019663] (-) TimerEvent: {}
[458.120774] (-) TimerEvent: {}
[458.221893] (-) TimerEvent: {}
[458.322844] (-) TimerEvent: {}
[458.423843] (-) TimerEvent: {}
[458.524865] (-) TimerEvent: {}
[459.336451] (-) TimerEvent: {}
[459.437975] (-) TimerEvent: {}
[459.539185] (-) TimerEvent: {}
[459.640258] (-) TimerEvent: {}
[459.741730] (-) TimerEvent: {}
[459.842785] (-) TimerEvent: {}
[459.943720] (-) TimerEvent: {}
[460.044721] (-) TimerEvent: {}
[460.145779] (-) TimerEvent: {}
[460.246849] (-) TimerEvent: {}
[460.347793] (-) TimerEvent: {}
[460.449372] (-) TimerEvent: {}
[460.550445] (-) TimerEvent: {}
[460.651818] (-) TimerEvent: {}
[460.752840] (-) TimerEvent: {}
[460.853936] (-) TimerEvent: {}
[460.954959] (-) TimerEvent: {}
[461.055988] (-) TimerEvent: {}
[461.157134] (-) TimerEvent: {}
[461.258921] (-) TimerEvent: {}
[461.359903] (-) TimerEvent: {}
[461.461007] (-) TimerEvent: {}
[461.562085] (-) TimerEvent: {}
[461.663041] (-) TimerEvent: {}
[461.764091] (-) TimerEvent: {}
[461.865117] (-) TimerEvent: {}
[461.966114] (-) TimerEvent: {}
[462.067225] (-) TimerEvent: {}
[462.168259] (-) TimerEvent: {}
[462.269638] (-) TimerEvent: {}
[462.370735] (-) TimerEvent: {}
[462.471895] (-) TimerEvent: {}
[462.573017] (-) TimerEvent: {}
[462.674079] (-) TimerEvent: {}
[462.775220] (-) TimerEvent: {}
[462.876175] (-) TimerEvent: {}
[462.977122] (-) TimerEvent: {}
[463.078124] (-) TimerEvent: {}
[463.179192] (-) TimerEvent: {}
[463.280772] (-) TimerEvent: {}
[463.381736] (-) TimerEvent: {}
[463.482854] (-) TimerEvent: {}
[463.583919] (-) TimerEvent: {}
[463.684898] (-) TimerEvent: {}
[468.323734] (-) TimerEvent: {}
[468.424924] (-) TimerEvent: {}
[468.525960] (-) TimerEvent: {}
[468.627086] (-) TimerEvent: {}
[468.728072] (-) TimerEvent: {}
[468.829116] (-) TimerEvent: {}
[468.930268] (-) TimerEvent: {}
[469.031285] (-) TimerEvent: {}
[469.132369] (-) TimerEvent: {}
[469.233398] (-) TimerEvent: {}
[469.334559] (-) TimerEvent: {}
[469.435689] (-) TimerEvent: {}
[469.536638] (-) TimerEvent: {}
[469.637751] (-) TimerEvent: {}
[469.738817] (-) TimerEvent: {}
[469.839890] (-) TimerEvent: {}
[469.941021] (-) TimerEvent: {}
[470.041903] (-) TimerEvent: {}
[470.142997] (-) TimerEvent: {}
[470.244119] (-) TimerEvent: {}
[470.345757] (-) TimerEvent: {}
[470.447008] (-) TimerEvent: {}
[470.548058] (-) TimerEvent: {}
[470.649141] (-) TimerEvent: {}
[470.750253] (-) TimerEvent: {}
[470.851305] (-) TimerEvent: {}
[470.952345] (-) TimerEvent: {}
[471.053327] (-) TimerEvent: {}
[471.154345] (-) TimerEvent: {}
[471.255319] (-) TimerEvent: {}
[471.356207] (-) TimerEvent: {}
[471.457149] (-) TimerEvent: {}
[471.558103] (-) TimerEvent: {}
[471.659178] (-) TimerEvent: {}
[471.760458] (-) TimerEvent: {}
[471.861439] (-) TimerEvent: {}
[471.963359] (-) TimerEvent: {}
[472.063958] (-) TimerEvent: {}
[472.068179] (opentera_webrtc_ros) StdoutLine: {'line': b'-- Performing Test HAS_FLTO - Success\n'}
[472.098826] (opentera_webrtc_ros) StdoutLine: {'line': b'-- Using the multi-header code from /home/ws/ugv_ws/src/ugv_else/opentera-webrtc-ros/opentera_webrtc_ros/opentera-webrtc/opentera-webrtc-native-client/3rdParty/json/include/\n'}
[472.115160] (opentera_webrtc_ros) StdoutLine: {'line': b'-- TLS configured to use openssl\n'}
[472.116205] (opentera_webrtc_ros) StdoutLine: {'line': b'-- OpenSSL: 3.0.2\n'}
[472.164078] (-) TimerEvent: {}
[472.264906] (-) TimerEvent: {}
[472.365921] (-) TimerEvent: {}
[472.466909] (-) TimerEvent: {}
[472.568578] (-) TimerEvent: {}
[472.669960] (-) TimerEvent: {}
[472.770990] (-) TimerEvent: {}
[472.871693] (-) TimerEvent: {}
[472.972986] (-) TimerEvent: {}
[473.041866] (opentera_webrtc_ros) StdoutLine: {'line': b'-- Found PkgConfig: /usr/bin/pkg-config (found version "0.29.2") \n'}
[473.044479] (opentera_webrtc_ros) StdoutLine: {'line': b"-- Checking for module 'gstreamer-1.0'\n"}
[473.058021] (opentera_webrtc_ros) StdoutLine: {'line': b"--   No package 'gstreamer-1.0' found\n"}
[473.059536] (opentera_webrtc_ros) StderrLine: {'line': b'\x1b[31mCMake Error at /usr/share/cmake-3.22/Modules/FindPkgConfig.cmake:603 (message):\n'}
[473.060064] (opentera_webrtc_ros) StderrLine: {'line': b'  A required package was not found\n'}
[473.060421] (opentera_webrtc_ros) StderrLine: {'line': b'Call Stack (most recent call first):\n'}
[473.060776] (opentera_webrtc_ros) StderrLine: {'line': b'  /usr/share/cmake-3.22/Modules/FindPkgConfig.cmake:825 (_pkg_check_modules_internal)\n'}
[473.061192] (opentera_webrtc_ros) StderrLine: {'line': b'  opentera-webrtc/opentera-webrtc-native-client/OpenteraWebrtcNativeGStreamer/CMakeLists.txt:15 (pkg_check_modules)\n'}
[473.062324] (opentera_webrtc_ros) StderrLine: {'line': b'\n'}
[473.064110] (opentera_webrtc_ros) StderrLine: {'line': b'\x1b[0m\n'}
[473.064719] (opentera_webrtc_ros) StdoutLine: {'line': b'-- Configuring incomplete, errors occurred!\n'}
[473.065299] (opentera_webrtc_ros) StdoutLine: {'line': b'See also "/home/ws/ugv_ws/build/opentera_webrtc_ros/CMakeFiles/CMakeOutput.log".\n'}
[473.073199] (-) TimerEvent: {}
[473.114888] (opentera_webrtc_ros) CommandEnded: {'returncode': 1}
[473.173360] (-) TimerEvent: {}
[473.194880] (opentera_webrtc_ros) JobEnded: {'identifier': 'opentera_webrtc_ros', 'rc': 1}
[473.213988] (-) EventReactorShutdown: {}
