[0.157s] DEBUG:colcon:Command line arguments: ['/usr/bin/colcon', 'build', '--packages-select', 'apriltag', 'apriltag_msgs', 'apriltag_ros', 'cartographer', 'costmap_converter_msgs', 'costmap_converter', 'emcl2', 'explore_lite', 'openslam_gmapping', 'slam_gmapping', 'ldlidar', 'rf2o_laser_odometry', 'robot_pose_publisher', 'teb_msgs', 'teb_local_planner', 'vizanti', 'vizanti_cpp', 'vizanti_demos', 'vizanti_msgs', 'vizanti_server', 'ugv_base_node', 'ugv_interface']
[0.157s] DEBUG:colcon:Parsed command line arguments: Namespace(log_base=None, log_level=None, verb_name='build', build_base='build', install_base='install', merge_install=False, symlink_install=False, test_result_base=None, continue_on_error=False, executor='parallel', parallel_workers=4, event_handlers=None, ignore_user_meta=False, metas=['./colcon.meta'], base_paths=['.'], packages_ignore=None, packages_ignore_regex=None, paths=None, packages_up_to=None, packages_up_to_regex=None, packages_above=None, packages_above_and_dependencies=None, packages_above_depth=None, packages_select_by_dep=None, packages_skip_by_dep=None, packages_skip_up_to=None, packages_select_build_failed=False, packages_skip_build_finished=False, packages_select_test_failures=False, packages_skip_test_passed=False, packages_select=['apriltag', 'apriltag_msgs', 'apriltag_ros', 'cartographer', 'costmap_converter_msgs', 'costmap_converter', 'emcl2', 'explore_lite', 'openslam_gmapping', 'slam_gmapping', 'ldlidar', 'rf2o_laser_odometry', 'robot_pose_publisher', 'teb_msgs', 'teb_local_planner', 'vizanti', 'vizanti_cpp', 'vizanti_demos', 'vizanti_msgs', 'vizanti_server', 'ugv_base_node', 'ugv_interface'], packages_skip=None, packages_select_regex=None, packages_skip_regex=None, packages_start=None, packages_end=None, cmake_args=None, cmake_target=None, cmake_target_skip_unavailable=False, cmake_clean_cache=False, cmake_clean_first=False, cmake_force_configure=False, ament_cmake_args=None, catkin_cmake_args=None, catkin_skip_building_tests=False, mixin_files=None, mixin=None, verb_parser=<colcon_mixin.mixin.mixin_argument.MixinArgumentDecorator object at 0x7fffb7807430>, verb_extension=<colcon_core.verb.build.BuildVerb object at 0x7fffb7806f80>, main=<bound method BuildVerb.main of <colcon_core.verb.build.BuildVerb object at 0x7fffb7806f80>>, mixin_verb=('build',))
[0.343s] Level 1:colcon.colcon_core.package_discovery:discover_packages(colcon_meta) check parameters
[0.344s] INFO:colcon.colcon_metadata.package_discovery.colcon_meta:Using configuration from '/root/.colcon/metadata/default/Gazebo.meta'
[0.345s] INFO:colcon.colcon_metadata.package_discovery.colcon_meta:Using configuration from '/root/.colcon/metadata/default/fastrtps.meta'
[0.345s] Level 1:colcon.colcon_core.package_discovery:discover_packages(recursive) check parameters
[0.345s] Level 1:colcon.colcon_core.package_discovery:discover_packages(ignore) check parameters
[0.345s] Level 1:colcon.colcon_core.package_discovery:discover_packages(path) check parameters
[0.345s] Level 1:colcon.colcon_core.package_discovery:discover_packages(colcon_meta) discover
[0.345s] Level 1:colcon.colcon_core.package_discovery:discover_packages(recursive) discover
[0.346s] INFO:colcon.colcon_core.package_discovery:Crawling recursively for packages in '/home/ws/ugv_ws'
[0.346s] Level 1:colcon.colcon_core.package_identification:_identify(.) by extensions ['ignore', 'ignore_ament_install']
[0.346s] Level 1:colcon.colcon_core.package_identification:_identify(.) by extension 'ignore'
[0.346s] Level 1:colcon.colcon_core.package_identification:_identify(.) by extension 'ignore_ament_install'
[0.346s] Level 1:colcon.colcon_core.package_identification:_identify(.) by extensions ['colcon_pkg']
[0.346s] Level 1:colcon.colcon_core.package_identification:_identify(.) by extension 'colcon_pkg'
[0.346s] Level 1:colcon.colcon_core.package_identification:_identify(.) by extensions ['colcon_meta']
[0.346s] Level 1:colcon.colcon_core.package_identification:_identify(.) by extension 'colcon_meta'
[0.346s] Level 1:colcon.colcon_core.package_identification:_identify(.) by extensions ['ros']
[0.346s] Level 1:colcon.colcon_core.package_identification:_identify(.) by extension 'ros'
[0.362s] Level 1:colcon.colcon_core.package_identification:_identify(.) by extensions ['cmake', 'python']
[0.362s] Level 1:colcon.colcon_core.package_identification:_identify(.) by extension 'cmake'
[0.362s] Level 1:colcon.colcon_core.package_identification:_identify(.) by extension 'python'
[0.362s] Level 1:colcon.colcon_core.package_identification:_identify(.) by extensions ['python_setup_py']
[0.362s] Level 1:colcon.colcon_core.package_identification:_identify(.) by extension 'python_setup_py'
[0.362s] Level 1:colcon.colcon_core.package_identification:_identify(build) by extensions ['ignore', 'ignore_ament_install']
[0.362s] Level 1:colcon.colcon_core.package_identification:_identify(build) by extension 'ignore'
[0.362s] Level 1:colcon.colcon_core.package_identification:_identify(build) ignored
[0.362s] Level 1:colcon.colcon_core.package_identification:_identify(install) by extensions ['ignore', 'ignore_ament_install']
[0.362s] Level 1:colcon.colcon_core.package_identification:_identify(install) by extension 'ignore'
[0.362s] Level 1:colcon.colcon_core.package_identification:_identify(install) ignored
[0.363s] Level 1:colcon.colcon_core.package_identification:_identify(log) by extensions ['ignore', 'ignore_ament_install']
[0.363s] Level 1:colcon.colcon_core.package_identification:_identify(log) by extension 'ignore'
[0.363s] Level 1:colcon.colcon_core.package_identification:_identify(log) ignored
[0.363s] Level 1:colcon.colcon_core.package_identification:_identify(src) by extensions ['ignore', 'ignore_ament_install']
[0.363s] Level 1:colcon.colcon_core.package_identification:_identify(src) by extension 'ignore'
[0.363s] Level 1:colcon.colcon_core.package_identification:_identify(src) by extension 'ignore_ament_install'
[0.363s] Level 1:colcon.colcon_core.package_identification:_identify(src) by extensions ['colcon_pkg']
[0.363s] Level 1:colcon.colcon_core.package_identification:_identify(src) by extension 'colcon_pkg'
[0.363s] Level 1:colcon.colcon_core.package_identification:_identify(src) by extensions ['colcon_meta']
[0.363s] Level 1:colcon.colcon_core.package_identification:_identify(src) by extension 'colcon_meta'
[0.363s] Level 1:colcon.colcon_core.package_identification:_identify(src) by extensions ['ros']
[0.363s] Level 1:colcon.colcon_core.package_identification:_identify(src) by extension 'ros'
[0.363s] Level 1:colcon.colcon_core.package_identification:_identify(src) by extensions ['cmake', 'python']
[0.363s] Level 1:colcon.colcon_core.package_identification:_identify(src) by extension 'cmake'
[0.363s] Level 1:colcon.colcon_core.package_identification:_identify(src) by extension 'python'
[0.363s] Level 1:colcon.colcon_core.package_identification:_identify(src) by extensions ['python_setup_py']
[0.363s] Level 1:colcon.colcon_core.package_identification:_identify(src) by extension 'python_setup_py'
[0.363s] Level 1:colcon.colcon_core.package_identification:_identify(src/ugv_else) by extensions ['ignore', 'ignore_ament_install']
[0.363s] Level 1:colcon.colcon_core.package_identification:_identify(src/ugv_else) by extension 'ignore'
[0.363s] Level 1:colcon.colcon_core.package_identification:_identify(src/ugv_else) by extension 'ignore_ament_install'
[0.363s] Level 1:colcon.colcon_core.package_identification:_identify(src/ugv_else) by extensions ['colcon_pkg']
[0.364s] Level 1:colcon.colcon_core.package_identification:_identify(src/ugv_else) by extension 'colcon_pkg'
[0.364s] Level 1:colcon.colcon_core.package_identification:_identify(src/ugv_else) by extensions ['colcon_meta']
[0.364s] Level 1:colcon.colcon_core.package_identification:_identify(src/ugv_else) by extension 'colcon_meta'
[0.364s] Level 1:colcon.colcon_core.package_identification:_identify(src/ugv_else) by extensions ['ros']
[0.364s] Level 1:colcon.colcon_core.package_identification:_identify(src/ugv_else) by extension 'ros'
[0.364s] Level 1:colcon.colcon_core.package_identification:_identify(src/ugv_else) by extensions ['cmake', 'python']
[0.364s] Level 1:colcon.colcon_core.package_identification:_identify(src/ugv_else) by extension 'cmake'
[0.364s] Level 1:colcon.colcon_core.package_identification:_identify(src/ugv_else) by extension 'python'
[0.364s] Level 1:colcon.colcon_core.package_identification:_identify(src/ugv_else) by extensions ['python_setup_py']
[0.364s] Level 1:colcon.colcon_core.package_identification:_identify(src/ugv_else) by extension 'python_setup_py'
[0.364s] Level 1:colcon.colcon_core.package_identification:_identify(src/ugv_else/apriltag_ros) by extensions ['ignore', 'ignore_ament_install']
[0.364s] Level 1:colcon.colcon_core.package_identification:_identify(src/ugv_else/apriltag_ros) by extension 'ignore'
[0.364s] Level 1:colcon.colcon_core.package_identification:_identify(src/ugv_else/apriltag_ros) by extension 'ignore_ament_install'
[0.364s] Level 1:colcon.colcon_core.package_identification:_identify(src/ugv_else/apriltag_ros) by extensions ['colcon_pkg']
[0.364s] Level 1:colcon.colcon_core.package_identification:_identify(src/ugv_else/apriltag_ros) by extension 'colcon_pkg'
[0.364s] Level 1:colcon.colcon_core.package_identification:_identify(src/ugv_else/apriltag_ros) by extensions ['colcon_meta']
[0.364s] Level 1:colcon.colcon_core.package_identification:_identify(src/ugv_else/apriltag_ros) by extension 'colcon_meta'
[0.364s] Level 1:colcon.colcon_core.package_identification:_identify(src/ugv_else/apriltag_ros) by extensions ['ros']
[0.364s] Level 1:colcon.colcon_core.package_identification:_identify(src/ugv_else/apriltag_ros) by extension 'ros'
[0.364s] Level 1:colcon.colcon_core.package_identification:_identify(src/ugv_else/apriltag_ros) by extensions ['cmake', 'python']
[0.364s] Level 1:colcon.colcon_core.package_identification:_identify(src/ugv_else/apriltag_ros) by extension 'cmake'
[0.364s] Level 1:colcon.colcon_core.package_identification:_identify(src/ugv_else/apriltag_ros) by extension 'python'
[0.365s] Level 1:colcon.colcon_core.package_identification:_identify(src/ugv_else/apriltag_ros) by extensions ['python_setup_py']
[0.365s] Level 1:colcon.colcon_core.package_identification:_identify(src/ugv_else/apriltag_ros) by extension 'python_setup_py'
[0.365s] Level 1:colcon.colcon_core.package_identification:_identify(src/ugv_else/apriltag_ros/apriltag) by extensions ['ignore', 'ignore_ament_install']
[0.365s] Level 1:colcon.colcon_core.package_identification:_identify(src/ugv_else/apriltag_ros/apriltag) by extension 'ignore'
[0.365s] Level 1:colcon.colcon_core.package_identification:_identify(src/ugv_else/apriltag_ros/apriltag) by extension 'ignore_ament_install'
[0.365s] Level 1:colcon.colcon_core.package_identification:_identify(src/ugv_else/apriltag_ros/apriltag) by extensions ['colcon_pkg']
[0.365s] Level 1:colcon.colcon_core.package_identification:_identify(src/ugv_else/apriltag_ros/apriltag) by extension 'colcon_pkg'
[0.365s] Level 1:colcon.colcon_core.package_identification:_identify(src/ugv_else/apriltag_ros/apriltag) by extensions ['colcon_meta']
[0.365s] Level 1:colcon.colcon_core.package_identification:_identify(src/ugv_else/apriltag_ros/apriltag) by extension 'colcon_meta'
[0.365s] Level 1:colcon.colcon_core.package_identification:_identify(src/ugv_else/apriltag_ros/apriltag) by extensions ['ros']
[0.365s] Level 1:colcon.colcon_core.package_identification:_identify(src/ugv_else/apriltag_ros/apriltag) by extension 'ros'
[0.370s] DEBUG:colcon.colcon_core.package_identification:Package 'src/ugv_else/apriltag_ros/apriltag' with type 'ros.cmake' and name 'apriltag'
[0.370s] Level 1:colcon.colcon_core.package_identification:_identify(src/ugv_else/apriltag_ros/apriltag_msgs) by extensions ['ignore', 'ignore_ament_install']
[0.370s] Level 1:colcon.colcon_core.package_identification:_identify(src/ugv_else/apriltag_ros/apriltag_msgs) by extension 'ignore'
[0.370s] Level 1:colcon.colcon_core.package_identification:_identify(src/ugv_else/apriltag_ros/apriltag_msgs) by extension 'ignore_ament_install'
[0.371s] Level 1:colcon.colcon_core.package_identification:_identify(src/ugv_else/apriltag_ros/apriltag_msgs) by extensions ['colcon_pkg']
[0.371s] Level 1:colcon.colcon_core.package_identification:_identify(src/ugv_else/apriltag_ros/apriltag_msgs) by extension 'colcon_pkg'
[0.371s] Level 1:colcon.colcon_core.package_identification:_identify(src/ugv_else/apriltag_ros/apriltag_msgs) by extensions ['colcon_meta']
[0.371s] Level 1:colcon.colcon_core.package_identification:_identify(src/ugv_else/apriltag_ros/apriltag_msgs) by extension 'colcon_meta'
[0.371s] Level 1:colcon.colcon_core.package_identification:_identify(src/ugv_else/apriltag_ros/apriltag_msgs) by extensions ['ros']
[0.371s] Level 1:colcon.colcon_core.package_identification:_identify(src/ugv_else/apriltag_ros/apriltag_msgs) by extension 'ros'
[0.371s] DEBUG:colcon.colcon_core.package_identification:Package 'src/ugv_else/apriltag_ros/apriltag_msgs' with type 'ros.ament_cmake' and name 'apriltag_msgs'
[0.372s] Level 1:colcon.colcon_core.package_identification:_identify(src/ugv_else/apriltag_ros/apriltag_ros) by extensions ['ignore', 'ignore_ament_install']
[0.372s] Level 1:colcon.colcon_core.package_identification:_identify(src/ugv_else/apriltag_ros/apriltag_ros) by extension 'ignore'
[0.372s] Level 1:colcon.colcon_core.package_identification:_identify(src/ugv_else/apriltag_ros/apriltag_ros) by extension 'ignore_ament_install'
[0.372s] Level 1:colcon.colcon_core.package_identification:_identify(src/ugv_else/apriltag_ros/apriltag_ros) by extensions ['colcon_pkg']
[0.372s] Level 1:colcon.colcon_core.package_identification:_identify(src/ugv_else/apriltag_ros/apriltag_ros) by extension 'colcon_pkg'
[0.372s] Level 1:colcon.colcon_core.package_identification:_identify(src/ugv_else/apriltag_ros/apriltag_ros) by extensions ['colcon_meta']
[0.372s] Level 1:colcon.colcon_core.package_identification:_identify(src/ugv_else/apriltag_ros/apriltag_ros) by extension 'colcon_meta'
[0.372s] Level 1:colcon.colcon_core.package_identification:_identify(src/ugv_else/apriltag_ros/apriltag_ros) by extensions ['ros']
[0.372s] Level 1:colcon.colcon_core.package_identification:_identify(src/ugv_else/apriltag_ros/apriltag_ros) by extension 'ros'
[0.374s] DEBUG:colcon.colcon_core.package_identification:Package 'src/ugv_else/apriltag_ros/apriltag_ros' with type 'ros.ament_cmake' and name 'apriltag_ros'
[0.374s] Level 1:colcon.colcon_core.package_identification:_identify(src/ugv_else/cartographer) by extensions ['ignore', 'ignore_ament_install']
[0.374s] Level 1:colcon.colcon_core.package_identification:_identify(src/ugv_else/cartographer) by extension 'ignore'
[0.374s] Level 1:colcon.colcon_core.package_identification:_identify(src/ugv_else/cartographer) by extension 'ignore_ament_install'
[0.374s] Level 1:colcon.colcon_core.package_identification:_identify(src/ugv_else/cartographer) by extensions ['colcon_pkg']
[0.374s] Level 1:colcon.colcon_core.package_identification:_identify(src/ugv_else/cartographer) by extension 'colcon_pkg'
[0.374s] Level 1:colcon.colcon_core.package_identification:_identify(src/ugv_else/cartographer) by extensions ['colcon_meta']
[0.374s] Level 1:colcon.colcon_core.package_identification:_identify(src/ugv_else/cartographer) by extension 'colcon_meta'
[0.374s] Level 1:colcon.colcon_core.package_identification:_identify(src/ugv_else/cartographer) by extensions ['ros']
[0.374s] Level 1:colcon.colcon_core.package_identification:_identify(src/ugv_else/cartographer) by extension 'ros'
[0.375s] DEBUG:colcon.colcon_core.package_identification:Package 'src/ugv_else/cartographer' with type 'ros.ament_cmake' and name 'cartographer'
[0.375s] Level 1:colcon.colcon_core.package_identification:_identify(src/ugv_else/costmap_converter) by extensions ['ignore', 'ignore_ament_install']
[0.375s] Level 1:colcon.colcon_core.package_identification:_identify(src/ugv_else/costmap_converter) by extension 'ignore'
[0.375s] Level 1:colcon.colcon_core.package_identification:_identify(src/ugv_else/costmap_converter) by extension 'ignore_ament_install'
[0.375s] Level 1:colcon.colcon_core.package_identification:_identify(src/ugv_else/costmap_converter) by extensions ['colcon_pkg']
[0.375s] Level 1:colcon.colcon_core.package_identification:_identify(src/ugv_else/costmap_converter) by extension 'colcon_pkg'
[0.375s] Level 1:colcon.colcon_core.package_identification:_identify(src/ugv_else/costmap_converter) by extensions ['colcon_meta']
[0.375s] Level 1:colcon.colcon_core.package_identification:_identify(src/ugv_else/costmap_converter) by extension 'colcon_meta'
[0.375s] Level 1:colcon.colcon_core.package_identification:_identify(src/ugv_else/costmap_converter) by extensions ['ros']
[0.375s] Level 1:colcon.colcon_core.package_identification:_identify(src/ugv_else/costmap_converter) by extension 'ros'
[0.375s] Level 1:colcon.colcon_core.package_identification:_identify(src/ugv_else/costmap_converter) by extensions ['cmake', 'python']
[0.375s] Level 1:colcon.colcon_core.package_identification:_identify(src/ugv_else/costmap_converter) by extension 'cmake'
[0.375s] Level 1:colcon.colcon_core.package_identification:_identify(src/ugv_else/costmap_converter) by extension 'python'
[0.375s] Level 1:colcon.colcon_core.package_identification:_identify(src/ugv_else/costmap_converter) by extensions ['python_setup_py']
[0.376s] Level 1:colcon.colcon_core.package_identification:_identify(src/ugv_else/costmap_converter) by extension 'python_setup_py'
[0.376s] Level 1:colcon.colcon_core.package_identification:_identify(src/ugv_else/costmap_converter/costmap_converter) by extensions ['ignore', 'ignore_ament_install']
[0.376s] Level 1:colcon.colcon_core.package_identification:_identify(src/ugv_else/costmap_converter/costmap_converter) by extension 'ignore'
[0.376s] Level 1:colcon.colcon_core.package_identification:_identify(src/ugv_else/costmap_converter/costmap_converter) by extension 'ignore_ament_install'
[0.376s] Level 1:colcon.colcon_core.package_identification:_identify(src/ugv_else/costmap_converter/costmap_converter) by extensions ['colcon_pkg']
[0.376s] Level 1:colcon.colcon_core.package_identification:_identify(src/ugv_else/costmap_converter/costmap_converter) by extension 'colcon_pkg'
[0.376s] Level 1:colcon.colcon_core.package_identification:_identify(src/ugv_else/costmap_converter/costmap_converter) by extensions ['colcon_meta']
[0.376s] Level 1:colcon.colcon_core.package_identification:_identify(src/ugv_else/costmap_converter/costmap_converter) by extension 'colcon_meta'
[0.376s] Level 1:colcon.colcon_core.package_identification:_identify(src/ugv_else/costmap_converter/costmap_converter) by extensions ['ros']
[0.376s] Level 1:colcon.colcon_core.package_identification:_identify(src/ugv_else/costmap_converter/costmap_converter) by extension 'ros'
[0.377s] DEBUG:colcon.colcon_core.package_identification:Package 'src/ugv_else/costmap_converter/costmap_converter' with type 'ros.ament_cmake' and name 'costmap_converter'
[0.377s] Level 1:colcon.colcon_core.package_identification:_identify(src/ugv_else/costmap_converter/costmap_converter_msgs) by extensions ['ignore', 'ignore_ament_install']
[0.377s] Level 1:colcon.colcon_core.package_identification:_identify(src/ugv_else/costmap_converter/costmap_converter_msgs) by extension 'ignore'
[0.378s] Level 1:colcon.colcon_core.package_identification:_identify(src/ugv_else/costmap_converter/costmap_converter_msgs) by extension 'ignore_ament_install'
[0.378s] Level 1:colcon.colcon_core.package_identification:_identify(src/ugv_else/costmap_converter/costmap_converter_msgs) by extensions ['colcon_pkg']
[0.378s] Level 1:colcon.colcon_core.package_identification:_identify(src/ugv_else/costmap_converter/costmap_converter_msgs) by extension 'colcon_pkg'
[0.378s] Level 1:colcon.colcon_core.package_identification:_identify(src/ugv_else/costmap_converter/costmap_converter_msgs) by extensions ['colcon_meta']
[0.378s] Level 1:colcon.colcon_core.package_identification:_identify(src/ugv_else/costmap_converter/costmap_converter_msgs) by extension 'colcon_meta'
[0.378s] Level 1:colcon.colcon_core.package_identification:_identify(src/ugv_else/costmap_converter/costmap_converter_msgs) by extensions ['ros']
[0.378s] Level 1:colcon.colcon_core.package_identification:_identify(src/ugv_else/costmap_converter/costmap_converter_msgs) by extension 'ros'
[0.378s] DEBUG:colcon.colcon_core.package_identification:Package 'src/ugv_else/costmap_converter/costmap_converter_msgs' with type 'ros.ament_cmake' and name 'costmap_converter_msgs'
[0.378s] Level 1:colcon.colcon_core.package_identification:_identify(src/ugv_else/emcl2_ros2) by extensions ['ignore', 'ignore_ament_install']
[0.379s] Level 1:colcon.colcon_core.package_identification:_identify(src/ugv_else/emcl2_ros2) by extension 'ignore'
[0.379s] Level 1:colcon.colcon_core.package_identification:_identify(src/ugv_else/emcl2_ros2) by extension 'ignore_ament_install'
[0.379s] Level 1:colcon.colcon_core.package_identification:_identify(src/ugv_else/emcl2_ros2) by extensions ['colcon_pkg']
[0.379s] Level 1:colcon.colcon_core.package_identification:_identify(src/ugv_else/emcl2_ros2) by extension 'colcon_pkg'
[0.379s] Level 1:colcon.colcon_core.package_identification:_identify(src/ugv_else/emcl2_ros2) by extensions ['colcon_meta']
[0.379s] Level 1:colcon.colcon_core.package_identification:_identify(src/ugv_else/emcl2_ros2) by extension 'colcon_meta'
[0.379s] Level 1:colcon.colcon_core.package_identification:_identify(src/ugv_else/emcl2_ros2) by extensions ['ros']
[0.379s] Level 1:colcon.colcon_core.package_identification:_identify(src/ugv_else/emcl2_ros2) by extension 'ros'
[0.380s] DEBUG:colcon.colcon_core.package_identification:Package 'src/ugv_else/emcl2_ros2' with type 'ros.ament_cmake' and name 'emcl2'
[0.380s] Level 1:colcon.colcon_core.package_identification:_identify(src/ugv_else/explore_lite) by extensions ['ignore', 'ignore_ament_install']
[0.380s] Level 1:colcon.colcon_core.package_identification:_identify(src/ugv_else/explore_lite) by extension 'ignore'
[0.380s] Level 1:colcon.colcon_core.package_identification:_identify(src/ugv_else/explore_lite) by extension 'ignore_ament_install'
[0.380s] Level 1:colcon.colcon_core.package_identification:_identify(src/ugv_else/explore_lite) by extensions ['colcon_pkg']
[0.380s] Level 1:colcon.colcon_core.package_identification:_identify(src/ugv_else/explore_lite) by extension 'colcon_pkg'
[0.380s] Level 1:colcon.colcon_core.package_identification:_identify(src/ugv_else/explore_lite) by extensions ['colcon_meta']
[0.381s] Level 1:colcon.colcon_core.package_identification:_identify(src/ugv_else/explore_lite) by extension 'colcon_meta'
[0.381s] Level 1:colcon.colcon_core.package_identification:_identify(src/ugv_else/explore_lite) by extensions ['ros']
[0.381s] Level 1:colcon.colcon_core.package_identification:_identify(src/ugv_else/explore_lite) by extension 'ros'
[0.382s] DEBUG:colcon.colcon_core.package_identification:Package 'src/ugv_else/explore_lite' with type 'ros.ament_cmake' and name 'explore_lite'
[0.382s] Level 1:colcon.colcon_core.package_identification:_identify(src/ugv_else/gmapping) by extensions ['ignore', 'ignore_ament_install']
[0.382s] Level 1:colcon.colcon_core.package_identification:_identify(src/ugv_else/gmapping) by extension 'ignore'
[0.382s] Level 1:colcon.colcon_core.package_identification:_identify(src/ugv_else/gmapping) by extension 'ignore_ament_install'
[0.383s] Level 1:colcon.colcon_core.package_identification:_identify(src/ugv_else/gmapping) by extensions ['colcon_pkg']
[0.383s] Level 1:colcon.colcon_core.package_identification:_identify(src/ugv_else/gmapping) by extension 'colcon_pkg'
[0.383s] Level 1:colcon.colcon_core.package_identification:_identify(src/ugv_else/gmapping) by extensions ['colcon_meta']
[0.383s] Level 1:colcon.colcon_core.package_identification:_identify(src/ugv_else/gmapping) by extension 'colcon_meta'
[0.383s] Level 1:colcon.colcon_core.package_identification:_identify(src/ugv_else/gmapping) by extensions ['ros']
[0.383s] Level 1:colcon.colcon_core.package_identification:_identify(src/ugv_else/gmapping) by extension 'ros'
[0.383s] Level 1:colcon.colcon_core.package_identification:_identify(src/ugv_else/gmapping) by extensions ['cmake', 'python']
[0.383s] Level 1:colcon.colcon_core.package_identification:_identify(src/ugv_else/gmapping) by extension 'cmake'
[0.383s] Level 1:colcon.colcon_core.package_identification:_identify(src/ugv_else/gmapping) by extension 'python'
[0.383s] Level 1:colcon.colcon_core.package_identification:_identify(src/ugv_else/gmapping) by extensions ['python_setup_py']
[0.383s] Level 1:colcon.colcon_core.package_identification:_identify(src/ugv_else/gmapping) by extension 'python_setup_py'
[0.383s] Level 1:colcon.colcon_core.package_identification:_identify(src/ugv_else/gmapping/openslam_gmapping) by extensions ['ignore', 'ignore_ament_install']
[0.383s] Level 1:colcon.colcon_core.package_identification:_identify(src/ugv_else/gmapping/openslam_gmapping) by extension 'ignore'
[0.383s] Level 1:colcon.colcon_core.package_identification:_identify(src/ugv_else/gmapping/openslam_gmapping) by extension 'ignore_ament_install'
[0.383s] Level 1:colcon.colcon_core.package_identification:_identify(src/ugv_else/gmapping/openslam_gmapping) by extensions ['colcon_pkg']
[0.383s] Level 1:colcon.colcon_core.package_identification:_identify(src/ugv_else/gmapping/openslam_gmapping) by extension 'colcon_pkg'
[0.383s] Level 1:colcon.colcon_core.package_identification:_identify(src/ugv_else/gmapping/openslam_gmapping) by extensions ['colcon_meta']
[0.383s] Level 1:colcon.colcon_core.package_identification:_identify(src/ugv_else/gmapping/openslam_gmapping) by extension 'colcon_meta'
[0.383s] Level 1:colcon.colcon_core.package_identification:_identify(src/ugv_else/gmapping/openslam_gmapping) by extensions ['ros']
[0.383s] Level 1:colcon.colcon_core.package_identification:_identify(src/ugv_else/gmapping/openslam_gmapping) by extension 'ros'
[0.384s] DEBUG:colcon.colcon_core.package_identification:Package 'src/ugv_else/gmapping/openslam_gmapping' with type 'ros.ament_cmake' and name 'openslam_gmapping'
[0.384s] Level 1:colcon.colcon_core.package_identification:_identify(src/ugv_else/gmapping/slam_gmapping) by extensions ['ignore', 'ignore_ament_install']
[0.384s] Level 1:colcon.colcon_core.package_identification:_identify(src/ugv_else/gmapping/slam_gmapping) by extension 'ignore'
[0.384s] Level 1:colcon.colcon_core.package_identification:_identify(src/ugv_else/gmapping/slam_gmapping) by extension 'ignore_ament_install'
[0.384s] Level 1:colcon.colcon_core.package_identification:_identify(src/ugv_else/gmapping/slam_gmapping) by extensions ['colcon_pkg']
[0.384s] Level 1:colcon.colcon_core.package_identification:_identify(src/ugv_else/gmapping/slam_gmapping) by extension 'colcon_pkg'
[0.384s] Level 1:colcon.colcon_core.package_identification:_identify(src/ugv_else/gmapping/slam_gmapping) by extensions ['colcon_meta']
[0.384s] Level 1:colcon.colcon_core.package_identification:_identify(src/ugv_else/gmapping/slam_gmapping) by extension 'colcon_meta'
[0.384s] Level 1:colcon.colcon_core.package_identification:_identify(src/ugv_else/gmapping/slam_gmapping) by extensions ['ros']
[0.384s] Level 1:colcon.colcon_core.package_identification:_identify(src/ugv_else/gmapping/slam_gmapping) by extension 'ros'
[0.386s] DEBUG:colcon.colcon_core.package_identification:Package 'src/ugv_else/gmapping/slam_gmapping' with type 'ros.ament_cmake' and name 'slam_gmapping'
[0.386s] Level 1:colcon.colcon_core.package_identification:_identify(src/ugv_else/ldlidar) by extensions ['ignore', 'ignore_ament_install']
[0.386s] Level 1:colcon.colcon_core.package_identification:_identify(src/ugv_else/ldlidar) by extension 'ignore'
[0.386s] Level 1:colcon.colcon_core.package_identification:_identify(src/ugv_else/ldlidar) by extension 'ignore_ament_install'
[0.386s] Level 1:colcon.colcon_core.package_identification:_identify(src/ugv_else/ldlidar) by extensions ['colcon_pkg']
[0.386s] Level 1:colcon.colcon_core.package_identification:_identify(src/ugv_else/ldlidar) by extension 'colcon_pkg'
[0.386s] Level 1:colcon.colcon_core.package_identification:_identify(src/ugv_else/ldlidar) by extensions ['colcon_meta']
[0.386s] Level 1:colcon.colcon_core.package_identification:_identify(src/ugv_else/ldlidar) by extension 'colcon_meta'
[0.386s] Level 1:colcon.colcon_core.package_identification:_identify(src/ugv_else/ldlidar) by extensions ['ros']
[0.386s] Level 1:colcon.colcon_core.package_identification:_identify(src/ugv_else/ldlidar) by extension 'ros'
[0.387s] DEBUG:colcon.colcon_core.package_identification:Package 'src/ugv_else/ldlidar' with type 'ros.ament_cmake' and name 'ldlidar'
[0.387s] Level 1:colcon.colcon_core.package_identification:_identify(src/ugv_else/rf2o_laser_odometry) by extensions ['ignore', 'ignore_ament_install']
[0.387s] Level 1:colcon.colcon_core.package_identification:_identify(src/ugv_else/rf2o_laser_odometry) by extension 'ignore'
[0.387s] Level 1:colcon.colcon_core.package_identification:_identify(src/ugv_else/rf2o_laser_odometry) by extension 'ignore_ament_install'
[0.387s] Level 1:colcon.colcon_core.package_identification:_identify(src/ugv_else/rf2o_laser_odometry) by extensions ['colcon_pkg']
[0.387s] Level 1:colcon.colcon_core.package_identification:_identify(src/ugv_else/rf2o_laser_odometry) by extension 'colcon_pkg'
[0.387s] Level 1:colcon.colcon_core.package_identification:_identify(src/ugv_else/rf2o_laser_odometry) by extensions ['colcon_meta']
[0.387s] Level 1:colcon.colcon_core.package_identification:_identify(src/ugv_else/rf2o_laser_odometry) by extension 'colcon_meta'
[0.387s] Level 1:colcon.colcon_core.package_identification:_identify(src/ugv_else/rf2o_laser_odometry) by extensions ['ros']
[0.387s] Level 1:colcon.colcon_core.package_identification:_identify(src/ugv_else/rf2o_laser_odometry) by extension 'ros'
[0.388s] DEBUG:colcon.colcon_core.package_identification:Package 'src/ugv_else/rf2o_laser_odometry' with type 'ros.ament_cmake' and name 'rf2o_laser_odometry'
[0.388s] Level 1:colcon.colcon_core.package_identification:_identify(src/ugv_else/robot_pose_publisher) by extensions ['ignore', 'ignore_ament_install']
[0.389s] Level 1:colcon.colcon_core.package_identification:_identify(src/ugv_else/robot_pose_publisher) by extension 'ignore'
[0.389s] Level 1:colcon.colcon_core.package_identification:_identify(src/ugv_else/robot_pose_publisher) by extension 'ignore_ament_install'
[0.389s] Level 1:colcon.colcon_core.package_identification:_identify(src/ugv_else/robot_pose_publisher) by extensions ['colcon_pkg']
[0.389s] Level 1:colcon.colcon_core.package_identification:_identify(src/ugv_else/robot_pose_publisher) by extension 'colcon_pkg'
[0.389s] Level 1:colcon.colcon_core.package_identification:_identify(src/ugv_else/robot_pose_publisher) by extensions ['colcon_meta']
[0.389s] Level 1:colcon.colcon_core.package_identification:_identify(src/ugv_else/robot_pose_publisher) by extension 'colcon_meta'
[0.389s] Level 1:colcon.colcon_core.package_identification:_identify(src/ugv_else/robot_pose_publisher) by extensions ['ros']
[0.389s] Level 1:colcon.colcon_core.package_identification:_identify(src/ugv_else/robot_pose_publisher) by extension 'ros'
[0.390s] DEBUG:colcon.colcon_core.package_identification:Package 'src/ugv_else/robot_pose_publisher' with type 'ros.ament_cmake' and name 'robot_pose_publisher'
[0.390s] Level 1:colcon.colcon_core.package_identification:_identify(src/ugv_else/teb_local_planner) by extensions ['ignore', 'ignore_ament_install']
[0.390s] Level 1:colcon.colcon_core.package_identification:_identify(src/ugv_else/teb_local_planner) by extension 'ignore'
[0.390s] Level 1:colcon.colcon_core.package_identification:_identify(src/ugv_else/teb_local_planner) by extension 'ignore_ament_install'
[0.390s] Level 1:colcon.colcon_core.package_identification:_identify(src/ugv_else/teb_local_planner) by extensions ['colcon_pkg']
[0.390s] Level 1:colcon.colcon_core.package_identification:_identify(src/ugv_else/teb_local_planner) by extension 'colcon_pkg'
[0.390s] Level 1:colcon.colcon_core.package_identification:_identify(src/ugv_else/teb_local_planner) by extensions ['colcon_meta']
[0.390s] Level 1:colcon.colcon_core.package_identification:_identify(src/ugv_else/teb_local_planner) by extension 'colcon_meta'
[0.390s] Level 1:colcon.colcon_core.package_identification:_identify(src/ugv_else/teb_local_planner) by extensions ['ros']
[0.390s] Level 1:colcon.colcon_core.package_identification:_identify(src/ugv_else/teb_local_planner) by extension 'ros'
[0.390s] Level 1:colcon.colcon_core.package_identification:_identify(src/ugv_else/teb_local_planner) by extensions ['cmake', 'python']
[0.390s] Level 1:colcon.colcon_core.package_identification:_identify(src/ugv_else/teb_local_planner) by extension 'cmake'
[0.390s] Level 1:colcon.colcon_core.package_identification:_identify(src/ugv_else/teb_local_planner) by extension 'python'
[0.390s] Level 1:colcon.colcon_core.package_identification:_identify(src/ugv_else/teb_local_planner) by extensions ['python_setup_py']
[0.390s] Level 1:colcon.colcon_core.package_identification:_identify(src/ugv_else/teb_local_planner) by extension 'python_setup_py'
[0.390s] Level 1:colcon.colcon_core.package_identification:_identify(src/ugv_else/teb_local_planner/teb_local_planner) by extensions ['ignore', 'ignore_ament_install']
[0.390s] Level 1:colcon.colcon_core.package_identification:_identify(src/ugv_else/teb_local_planner/teb_local_planner) by extension 'ignore'
[0.390s] Level 1:colcon.colcon_core.package_identification:_identify(src/ugv_else/teb_local_planner/teb_local_planner) by extension 'ignore_ament_install'
[0.390s] Level 1:colcon.colcon_core.package_identification:_identify(src/ugv_else/teb_local_planner/teb_local_planner) by extensions ['colcon_pkg']
[0.390s] Level 1:colcon.colcon_core.package_identification:_identify(src/ugv_else/teb_local_planner/teb_local_planner) by extension 'colcon_pkg'
[0.390s] Level 1:colcon.colcon_core.package_identification:_identify(src/ugv_else/teb_local_planner/teb_local_planner) by extensions ['colcon_meta']
[0.391s] Level 1:colcon.colcon_core.package_identification:_identify(src/ugv_else/teb_local_planner/teb_local_planner) by extension 'colcon_meta'
[0.391s] Level 1:colcon.colcon_core.package_identification:_identify(src/ugv_else/teb_local_planner/teb_local_planner) by extensions ['ros']
[0.391s] Level 1:colcon.colcon_core.package_identification:_identify(src/ugv_else/teb_local_planner/teb_local_planner) by extension 'ros'
[0.393s] DEBUG:colcon.colcon_core.package_identification:Package 'src/ugv_else/teb_local_planner/teb_local_planner' with type 'ros.ament_cmake' and name 'teb_local_planner'
[0.393s] Level 1:colcon.colcon_core.package_identification:_identify(src/ugv_else/teb_local_planner/teb_msgs) by extensions ['ignore', 'ignore_ament_install']
[0.393s] Level 1:colcon.colcon_core.package_identification:_identify(src/ugv_else/teb_local_planner/teb_msgs) by extension 'ignore'
[0.393s] Level 1:colcon.colcon_core.package_identification:_identify(src/ugv_else/teb_local_planner/teb_msgs) by extension 'ignore_ament_install'
[0.393s] Level 1:colcon.colcon_core.package_identification:_identify(src/ugv_else/teb_local_planner/teb_msgs) by extensions ['colcon_pkg']
[0.393s] Level 1:colcon.colcon_core.package_identification:_identify(src/ugv_else/teb_local_planner/teb_msgs) by extension 'colcon_pkg'
[0.393s] Level 1:colcon.colcon_core.package_identification:_identify(src/ugv_else/teb_local_planner/teb_msgs) by extensions ['colcon_meta']
[0.393s] Level 1:colcon.colcon_core.package_identification:_identify(src/ugv_else/teb_local_planner/teb_msgs) by extension 'colcon_meta'
[0.393s] Level 1:colcon.colcon_core.package_identification:_identify(src/ugv_else/teb_local_planner/teb_msgs) by extensions ['ros']
[0.393s] Level 1:colcon.colcon_core.package_identification:_identify(src/ugv_else/teb_local_planner/teb_msgs) by extension 'ros'
[0.394s] DEBUG:colcon.colcon_core.package_identification:Package 'src/ugv_else/teb_local_planner/teb_msgs' with type 'ros.ament_cmake' and name 'teb_msgs'
[0.394s] Level 1:colcon.colcon_core.package_identification:_identify(src/ugv_else/vizanti) by extensions ['ignore', 'ignore_ament_install']
[0.394s] Level 1:colcon.colcon_core.package_identification:_identify(src/ugv_else/vizanti) by extension 'ignore'
[0.394s] Level 1:colcon.colcon_core.package_identification:_identify(src/ugv_else/vizanti) by extension 'ignore_ament_install'
[0.394s] Level 1:colcon.colcon_core.package_identification:_identify(src/ugv_else/vizanti) by extensions ['colcon_pkg']
[0.394s] Level 1:colcon.colcon_core.package_identification:_identify(src/ugv_else/vizanti) by extension 'colcon_pkg'
[0.394s] Level 1:colcon.colcon_core.package_identification:_identify(src/ugv_else/vizanti) by extensions ['colcon_meta']
[0.394s] Level 1:colcon.colcon_core.package_identification:_identify(src/ugv_else/vizanti) by extension 'colcon_meta'
[0.394s] Level 1:colcon.colcon_core.package_identification:_identify(src/ugv_else/vizanti) by extensions ['ros']
[0.394s] Level 1:colcon.colcon_core.package_identification:_identify(src/ugv_else/vizanti) by extension 'ros'
[0.395s] Level 1:colcon.colcon_core.package_identification:_identify(src/ugv_else/vizanti) by extensions ['cmake', 'python']
[0.395s] Level 1:colcon.colcon_core.package_identification:_identify(src/ugv_else/vizanti) by extension 'cmake'
[0.395s] Level 1:colcon.colcon_core.package_identification:_identify(src/ugv_else/vizanti) by extension 'python'
[0.395s] Level 1:colcon.colcon_core.package_identification:_identify(src/ugv_else/vizanti) by extensions ['python_setup_py']
[0.395s] Level 1:colcon.colcon_core.package_identification:_identify(src/ugv_else/vizanti) by extension 'python_setup_py'
[0.395s] Level 1:colcon.colcon_core.package_identification:_identify(src/ugv_else/vizanti/vizanti) by extensions ['ignore', 'ignore_ament_install']
[0.395s] Level 1:colcon.colcon_core.package_identification:_identify(src/ugv_else/vizanti/vizanti) by extension 'ignore'
[0.395s] Level 1:colcon.colcon_core.package_identification:_identify(src/ugv_else/vizanti/vizanti) by extension 'ignore_ament_install'
[0.395s] Level 1:colcon.colcon_core.package_identification:_identify(src/ugv_else/vizanti/vizanti) by extensions ['colcon_pkg']
[0.395s] Level 1:colcon.colcon_core.package_identification:_identify(src/ugv_else/vizanti/vizanti) by extension 'colcon_pkg'
[0.395s] Level 1:colcon.colcon_core.package_identification:_identify(src/ugv_else/vizanti/vizanti) by extensions ['colcon_meta']
[0.395s] Level 1:colcon.colcon_core.package_identification:_identify(src/ugv_else/vizanti/vizanti) by extension 'colcon_meta'
[0.395s] Level 1:colcon.colcon_core.package_identification:_identify(src/ugv_else/vizanti/vizanti) by extensions ['ros']
[0.395s] Level 1:colcon.colcon_core.package_identification:_identify(src/ugv_else/vizanti/vizanti) by extension 'ros'
[0.396s] DEBUG:colcon.colcon_core.package_identification:Package 'src/ugv_else/vizanti/vizanti' with type 'ros.ament_cmake' and name 'vizanti'
[0.396s] Level 1:colcon.colcon_core.package_identification:_identify(src/ugv_else/vizanti/vizanti_cpp) by extensions ['ignore', 'ignore_ament_install']
[0.396s] Level 1:colcon.colcon_core.package_identification:_identify(src/ugv_else/vizanti/vizanti_cpp) by extension 'ignore'
[0.396s] Level 1:colcon.colcon_core.package_identification:_identify(src/ugv_else/vizanti/vizanti_cpp) by extension 'ignore_ament_install'
[0.396s] Level 1:colcon.colcon_core.package_identification:_identify(src/ugv_else/vizanti/vizanti_cpp) by extensions ['colcon_pkg']
[0.396s] Level 1:colcon.colcon_core.package_identification:_identify(src/ugv_else/vizanti/vizanti_cpp) by extension 'colcon_pkg'
[0.396s] Level 1:colcon.colcon_core.package_identification:_identify(src/ugv_else/vizanti/vizanti_cpp) by extensions ['colcon_meta']
[0.396s] Level 1:colcon.colcon_core.package_identification:_identify(src/ugv_else/vizanti/vizanti_cpp) by extension 'colcon_meta'
[0.396s] Level 1:colcon.colcon_core.package_identification:_identify(src/ugv_else/vizanti/vizanti_cpp) by extensions ['ros']
[0.396s] Level 1:colcon.colcon_core.package_identification:_identify(src/ugv_else/vizanti/vizanti_cpp) by extension 'ros'
[0.397s] DEBUG:colcon.colcon_core.package_identification:Package 'src/ugv_else/vizanti/vizanti_cpp' with type 'ros.ament_cmake' and name 'vizanti_cpp'
[0.397s] Level 1:colcon.colcon_core.package_identification:_identify(src/ugv_else/vizanti/vizanti_demos) by extensions ['ignore', 'ignore_ament_install']
[0.397s] Level 1:colcon.colcon_core.package_identification:_identify(src/ugv_else/vizanti/vizanti_demos) by extension 'ignore'
[0.397s] Level 1:colcon.colcon_core.package_identification:_identify(src/ugv_else/vizanti/vizanti_demos) by extension 'ignore_ament_install'
[0.397s] Level 1:colcon.colcon_core.package_identification:_identify(src/ugv_else/vizanti/vizanti_demos) by extensions ['colcon_pkg']
[0.397s] Level 1:colcon.colcon_core.package_identification:_identify(src/ugv_else/vizanti/vizanti_demos) by extension 'colcon_pkg'
[0.397s] Level 1:colcon.colcon_core.package_identification:_identify(src/ugv_else/vizanti/vizanti_demos) by extensions ['colcon_meta']
[0.397s] Level 1:colcon.colcon_core.package_identification:_identify(src/ugv_else/vizanti/vizanti_demos) by extension 'colcon_meta'
[0.397s] Level 1:colcon.colcon_core.package_identification:_identify(src/ugv_else/vizanti/vizanti_demos) by extensions ['ros']
[0.397s] Level 1:colcon.colcon_core.package_identification:_identify(src/ugv_else/vizanti/vizanti_demos) by extension 'ros'
[0.399s] DEBUG:colcon.colcon_core.package_identification:Package 'src/ugv_else/vizanti/vizanti_demos' with type 'ros.ament_cmake' and name 'vizanti_demos'
[0.399s] Level 1:colcon.colcon_core.package_identification:_identify(src/ugv_else/vizanti/vizanti_msgs) by extensions ['ignore', 'ignore_ament_install']
[0.399s] Level 1:colcon.colcon_core.package_identification:_identify(src/ugv_else/vizanti/vizanti_msgs) by extension 'ignore'
[0.399s] Level 1:colcon.colcon_core.package_identification:_identify(src/ugv_else/vizanti/vizanti_msgs) by extension 'ignore_ament_install'
[0.399s] Level 1:colcon.colcon_core.package_identification:_identify(src/ugv_else/vizanti/vizanti_msgs) by extensions ['colcon_pkg']
[0.399s] Level 1:colcon.colcon_core.package_identification:_identify(src/ugv_else/vizanti/vizanti_msgs) by extension 'colcon_pkg'
[0.399s] Level 1:colcon.colcon_core.package_identification:_identify(src/ugv_else/vizanti/vizanti_msgs) by extensions ['colcon_meta']
[0.399s] Level 1:colcon.colcon_core.package_identification:_identify(src/ugv_else/vizanti/vizanti_msgs) by extension 'colcon_meta'
[0.399s] Level 1:colcon.colcon_core.package_identification:_identify(src/ugv_else/vizanti/vizanti_msgs) by extensions ['ros']
[0.399s] Level 1:colcon.colcon_core.package_identification:_identify(src/ugv_else/vizanti/vizanti_msgs) by extension 'ros'
[0.400s] DEBUG:colcon.colcon_core.package_identification:Package 'src/ugv_else/vizanti/vizanti_msgs' with type 'ros.ament_cmake' and name 'vizanti_msgs'
[0.400s] Level 1:colcon.colcon_core.package_identification:_identify(src/ugv_else/vizanti/vizanti_server) by extensions ['ignore', 'ignore_ament_install']
[0.400s] Level 1:colcon.colcon_core.package_identification:_identify(src/ugv_else/vizanti/vizanti_server) by extension 'ignore'
[0.400s] Level 1:colcon.colcon_core.package_identification:_identify(src/ugv_else/vizanti/vizanti_server) by extension 'ignore_ament_install'
[0.400s] Level 1:colcon.colcon_core.package_identification:_identify(src/ugv_else/vizanti/vizanti_server) by extensions ['colcon_pkg']
[0.400s] Level 1:colcon.colcon_core.package_identification:_identify(src/ugv_else/vizanti/vizanti_server) by extension 'colcon_pkg'
[0.400s] Level 1:colcon.colcon_core.package_identification:_identify(src/ugv_else/vizanti/vizanti_server) by extensions ['colcon_meta']
[0.400s] Level 1:colcon.colcon_core.package_identification:_identify(src/ugv_else/vizanti/vizanti_server) by extension 'colcon_meta'
[0.400s] Level 1:colcon.colcon_core.package_identification:_identify(src/ugv_else/vizanti/vizanti_server) by extensions ['ros']
[0.401s] Level 1:colcon.colcon_core.package_identification:_identify(src/ugv_else/vizanti/vizanti_server) by extension 'ros'
[0.402s] DEBUG:colcon.colcon_core.package_identification:Package 'src/ugv_else/vizanti/vizanti_server' with type 'ros.ament_cmake' and name 'vizanti_server'
[0.402s] Level 1:colcon.colcon_core.package_identification:_identify(src/ugv_main) by extensions ['ignore', 'ignore_ament_install']
[0.402s] Level 1:colcon.colcon_core.package_identification:_identify(src/ugv_main) by extension 'ignore'
[0.402s] Level 1:colcon.colcon_core.package_identification:_identify(src/ugv_main) by extension 'ignore_ament_install'
[0.402s] Level 1:colcon.colcon_core.package_identification:_identify(src/ugv_main) by extensions ['colcon_pkg']
[0.402s] Level 1:colcon.colcon_core.package_identification:_identify(src/ugv_main) by extension 'colcon_pkg'
[0.402s] Level 1:colcon.colcon_core.package_identification:_identify(src/ugv_main) by extensions ['colcon_meta']
[0.402s] Level 1:colcon.colcon_core.package_identification:_identify(src/ugv_main) by extension 'colcon_meta'
[0.402s] Level 1:colcon.colcon_core.package_identification:_identify(src/ugv_main) by extensions ['ros']
[0.402s] Level 1:colcon.colcon_core.package_identification:_identify(src/ugv_main) by extension 'ros'
[0.402s] Level 1:colcon.colcon_core.package_identification:_identify(src/ugv_main) by extensions ['cmake', 'python']
[0.402s] Level 1:colcon.colcon_core.package_identification:_identify(src/ugv_main) by extension 'cmake'
[0.402s] Level 1:colcon.colcon_core.package_identification:_identify(src/ugv_main) by extension 'python'
[0.402s] Level 1:colcon.colcon_core.package_identification:_identify(src/ugv_main) by extensions ['python_setup_py']
[0.402s] Level 1:colcon.colcon_core.package_identification:_identify(src/ugv_main) by extension 'python_setup_py'
[0.403s] Level 1:colcon.colcon_core.package_identification:_identify(src/ugv_main/ugv_base_node) by extensions ['ignore', 'ignore_ament_install']
[0.403s] Level 1:colcon.colcon_core.package_identification:_identify(src/ugv_main/ugv_base_node) by extension 'ignore'
[0.403s] Level 1:colcon.colcon_core.package_identification:_identify(src/ugv_main/ugv_base_node) by extension 'ignore_ament_install'
[0.403s] Level 1:colcon.colcon_core.package_identification:_identify(src/ugv_main/ugv_base_node) by extensions ['colcon_pkg']
[0.403s] Level 1:colcon.colcon_core.package_identification:_identify(src/ugv_main/ugv_base_node) by extension 'colcon_pkg'
[0.403s] Level 1:colcon.colcon_core.package_identification:_identify(src/ugv_main/ugv_base_node) by extensions ['colcon_meta']
[0.403s] Level 1:colcon.colcon_core.package_identification:_identify(src/ugv_main/ugv_base_node) by extension 'colcon_meta'
[0.403s] Level 1:colcon.colcon_core.package_identification:_identify(src/ugv_main/ugv_base_node) by extensions ['ros']
[0.403s] Level 1:colcon.colcon_core.package_identification:_identify(src/ugv_main/ugv_base_node) by extension 'ros'
[0.404s] DEBUG:colcon.colcon_core.package_identification:Package 'src/ugv_main/ugv_base_node' with type 'ros.ament_cmake' and name 'ugv_base_node'
[0.404s] Level 1:colcon.colcon_core.package_identification:_identify(src/ugv_main/ugv_bringup) by extensions ['ignore', 'ignore_ament_install']
[0.404s] Level 1:colcon.colcon_core.package_identification:_identify(src/ugv_main/ugv_bringup) by extension 'ignore'
[0.404s] Level 1:colcon.colcon_core.package_identification:_identify(src/ugv_main/ugv_bringup) by extension 'ignore_ament_install'
[0.404s] Level 1:colcon.colcon_core.package_identification:_identify(src/ugv_main/ugv_bringup) by extensions ['colcon_pkg']
[0.404s] Level 1:colcon.colcon_core.package_identification:_identify(src/ugv_main/ugv_bringup) by extension 'colcon_pkg'
[0.404s] Level 1:colcon.colcon_core.package_identification:_identify(src/ugv_main/ugv_bringup) by extensions ['colcon_meta']
[0.404s] Level 1:colcon.colcon_core.package_identification:_identify(src/ugv_main/ugv_bringup) by extension 'colcon_meta'
[0.404s] Level 1:colcon.colcon_core.package_identification:_identify(src/ugv_main/ugv_bringup) by extensions ['ros']
[0.404s] Level 1:colcon.colcon_core.package_identification:_identify(src/ugv_main/ugv_bringup) by extension 'ros'
[0.405s] DEBUG:colcon.colcon_core.package_identification:Package 'src/ugv_main/ugv_bringup' with type 'ros.ament_python' and name 'ugv_bringup'
[0.405s] Level 1:colcon.colcon_core.package_identification:_identify(src/ugv_main/ugv_chat_ai) by extensions ['ignore', 'ignore_ament_install']
[0.405s] Level 1:colcon.colcon_core.package_identification:_identify(src/ugv_main/ugv_chat_ai) by extension 'ignore'
[0.405s] Level 1:colcon.colcon_core.package_identification:_identify(src/ugv_main/ugv_chat_ai) by extension 'ignore_ament_install'
[0.405s] Level 1:colcon.colcon_core.package_identification:_identify(src/ugv_main/ugv_chat_ai) by extensions ['colcon_pkg']
[0.405s] Level 1:colcon.colcon_core.package_identification:_identify(src/ugv_main/ugv_chat_ai) by extension 'colcon_pkg'
[0.405s] Level 1:colcon.colcon_core.package_identification:_identify(src/ugv_main/ugv_chat_ai) by extensions ['colcon_meta']
[0.405s] Level 1:colcon.colcon_core.package_identification:_identify(src/ugv_main/ugv_chat_ai) by extension 'colcon_meta'
[0.405s] Level 1:colcon.colcon_core.package_identification:_identify(src/ugv_main/ugv_chat_ai) by extensions ['ros']
[0.405s] Level 1:colcon.colcon_core.package_identification:_identify(src/ugv_main/ugv_chat_ai) by extension 'ros'
[0.406s] DEBUG:colcon.colcon_core.package_identification:Package 'src/ugv_main/ugv_chat_ai' with type 'ros.ament_python' and name 'ugv_chat_ai'
[0.406s] Level 1:colcon.colcon_core.package_identification:_identify(src/ugv_main/ugv_description) by extensions ['ignore', 'ignore_ament_install']
[0.406s] Level 1:colcon.colcon_core.package_identification:_identify(src/ugv_main/ugv_description) by extension 'ignore'
[0.406s] Level 1:colcon.colcon_core.package_identification:_identify(src/ugv_main/ugv_description) by extension 'ignore_ament_install'
[0.406s] Level 1:colcon.colcon_core.package_identification:_identify(src/ugv_main/ugv_description) by extensions ['colcon_pkg']
[0.406s] Level 1:colcon.colcon_core.package_identification:_identify(src/ugv_main/ugv_description) by extension 'colcon_pkg'
[0.406s] Level 1:colcon.colcon_core.package_identification:_identify(src/ugv_main/ugv_description) by extensions ['colcon_meta']
[0.406s] Level 1:colcon.colcon_core.package_identification:_identify(src/ugv_main/ugv_description) by extension 'colcon_meta'
[0.406s] Level 1:colcon.colcon_core.package_identification:_identify(src/ugv_main/ugv_description) by extensions ['ros']
[0.406s] Level 1:colcon.colcon_core.package_identification:_identify(src/ugv_main/ugv_description) by extension 'ros'
[0.407s] DEBUG:colcon.colcon_core.package_identification:Package 'src/ugv_main/ugv_description' with type 'ros.ament_cmake' and name 'ugv_description'
[0.407s] Level 1:colcon.colcon_core.package_identification:_identify(src/ugv_main/ugv_gazebo) by extensions ['ignore', 'ignore_ament_install']
[0.407s] Level 1:colcon.colcon_core.package_identification:_identify(src/ugv_main/ugv_gazebo) by extension 'ignore'
[0.408s] Level 1:colcon.colcon_core.package_identification:_identify(src/ugv_main/ugv_gazebo) by extension 'ignore_ament_install'
[0.408s] Level 1:colcon.colcon_core.package_identification:_identify(src/ugv_main/ugv_gazebo) by extensions ['colcon_pkg']
[0.408s] Level 1:colcon.colcon_core.package_identification:_identify(src/ugv_main/ugv_gazebo) by extension 'colcon_pkg'
[0.408s] Level 1:colcon.colcon_core.package_identification:_identify(src/ugv_main/ugv_gazebo) by extensions ['colcon_meta']
[0.408s] Level 1:colcon.colcon_core.package_identification:_identify(src/ugv_main/ugv_gazebo) by extension 'colcon_meta'
[0.408s] Level 1:colcon.colcon_core.package_identification:_identify(src/ugv_main/ugv_gazebo) by extensions ['ros']
[0.408s] Level 1:colcon.colcon_core.package_identification:_identify(src/ugv_main/ugv_gazebo) by extension 'ros'
[0.409s] DEBUG:colcon.colcon_core.package_identification:Package 'src/ugv_main/ugv_gazebo' with type 'ros.ament_cmake' and name 'ugv_gazebo'
[0.409s] Level 1:colcon.colcon_core.package_identification:_identify(src/ugv_main/ugv_interface) by extensions ['ignore', 'ignore_ament_install']
[0.409s] Level 1:colcon.colcon_core.package_identification:_identify(src/ugv_main/ugv_interface) by extension 'ignore'
[0.409s] Level 1:colcon.colcon_core.package_identification:_identify(src/ugv_main/ugv_interface) by extension 'ignore_ament_install'
[0.409s] Level 1:colcon.colcon_core.package_identification:_identify(src/ugv_main/ugv_interface) by extensions ['colcon_pkg']
[0.409s] Level 1:colcon.colcon_core.package_identification:_identify(src/ugv_main/ugv_interface) by extension 'colcon_pkg'
[0.409s] Level 1:colcon.colcon_core.package_identification:_identify(src/ugv_main/ugv_interface) by extensions ['colcon_meta']
[0.409s] Level 1:colcon.colcon_core.package_identification:_identify(src/ugv_main/ugv_interface) by extension 'colcon_meta'
[0.409s] Level 1:colcon.colcon_core.package_identification:_identify(src/ugv_main/ugv_interface) by extensions ['ros']
[0.409s] Level 1:colcon.colcon_core.package_identification:_identify(src/ugv_main/ugv_interface) by extension 'ros'
[0.410s] DEBUG:colcon.colcon_core.package_identification:Package 'src/ugv_main/ugv_interface' with type 'ros.ament_cmake' and name 'ugv_interface'
[0.410s] Level 1:colcon.colcon_core.package_identification:_identify(src/ugv_main/ugv_nav) by extensions ['ignore', 'ignore_ament_install']
[0.410s] Level 1:colcon.colcon_core.package_identification:_identify(src/ugv_main/ugv_nav) by extension 'ignore'
[0.410s] Level 1:colcon.colcon_core.package_identification:_identify(src/ugv_main/ugv_nav) by extension 'ignore_ament_install'
[0.411s] Level 1:colcon.colcon_core.package_identification:_identify(src/ugv_main/ugv_nav) by extensions ['colcon_pkg']
[0.411s] Level 1:colcon.colcon_core.package_identification:_identify(src/ugv_main/ugv_nav) by extension 'colcon_pkg'
[0.411s] Level 1:colcon.colcon_core.package_identification:_identify(src/ugv_main/ugv_nav) by extensions ['colcon_meta']
[0.411s] Level 1:colcon.colcon_core.package_identification:_identify(src/ugv_main/ugv_nav) by extension 'colcon_meta'
[0.411s] Level 1:colcon.colcon_core.package_identification:_identify(src/ugv_main/ugv_nav) by extensions ['ros']
[0.411s] Level 1:colcon.colcon_core.package_identification:_identify(src/ugv_main/ugv_nav) by extension 'ros'
[0.411s] DEBUG:colcon.colcon_core.package_identification:Package 'src/ugv_main/ugv_nav' with type 'ros.ament_cmake' and name 'ugv_nav'
[0.411s] Level 1:colcon.colcon_core.package_identification:_identify(src/ugv_main/ugv_slam) by extensions ['ignore', 'ignore_ament_install']
[0.411s] Level 1:colcon.colcon_core.package_identification:_identify(src/ugv_main/ugv_slam) by extension 'ignore'
[0.411s] Level 1:colcon.colcon_core.package_identification:_identify(src/ugv_main/ugv_slam) by extension 'ignore_ament_install'
[0.411s] Level 1:colcon.colcon_core.package_identification:_identify(src/ugv_main/ugv_slam) by extensions ['colcon_pkg']
[0.412s] Level 1:colcon.colcon_core.package_identification:_identify(src/ugv_main/ugv_slam) by extension 'colcon_pkg'
[0.412s] Level 1:colcon.colcon_core.package_identification:_identify(src/ugv_main/ugv_slam) by extensions ['colcon_meta']
[0.412s] Level 1:colcon.colcon_core.package_identification:_identify(src/ugv_main/ugv_slam) by extension 'colcon_meta'
[0.412s] Level 1:colcon.colcon_core.package_identification:_identify(src/ugv_main/ugv_slam) by extensions ['ros']
[0.412s] Level 1:colcon.colcon_core.package_identification:_identify(src/ugv_main/ugv_slam) by extension 'ros'
[0.413s] DEBUG:colcon.colcon_core.package_identification:Package 'src/ugv_main/ugv_slam' with type 'ros.ament_cmake' and name 'ugv_slam'
[0.413s] Level 1:colcon.colcon_core.package_identification:_identify(src/ugv_main/ugv_tools) by extensions ['ignore', 'ignore_ament_install']
[0.413s] Level 1:colcon.colcon_core.package_identification:_identify(src/ugv_main/ugv_tools) by extension 'ignore'
[0.413s] Level 1:colcon.colcon_core.package_identification:_identify(src/ugv_main/ugv_tools) by extension 'ignore_ament_install'
[0.413s] Level 1:colcon.colcon_core.package_identification:_identify(src/ugv_main/ugv_tools) by extensions ['colcon_pkg']
[0.413s] Level 1:colcon.colcon_core.package_identification:_identify(src/ugv_main/ugv_tools) by extension 'colcon_pkg'
[0.413s] Level 1:colcon.colcon_core.package_identification:_identify(src/ugv_main/ugv_tools) by extensions ['colcon_meta']
[0.413s] Level 1:colcon.colcon_core.package_identification:_identify(src/ugv_main/ugv_tools) by extension 'colcon_meta'
[0.413s] Level 1:colcon.colcon_core.package_identification:_identify(src/ugv_main/ugv_tools) by extensions ['ros']
[0.413s] Level 1:colcon.colcon_core.package_identification:_identify(src/ugv_main/ugv_tools) by extension 'ros'
[0.414s] DEBUG:colcon.colcon_core.package_identification:Package 'src/ugv_main/ugv_tools' with type 'ros.ament_python' and name 'ugv_tools'
[0.414s] Level 1:colcon.colcon_core.package_identification:_identify(src/ugv_main/ugv_vision) by extensions ['ignore', 'ignore_ament_install']
[0.414s] Level 1:colcon.colcon_core.package_identification:_identify(src/ugv_main/ugv_vision) by extension 'ignore'
[0.414s] Level 1:colcon.colcon_core.package_identification:_identify(src/ugv_main/ugv_vision) by extension 'ignore_ament_install'
[0.414s] Level 1:colcon.colcon_core.package_identification:_identify(src/ugv_main/ugv_vision) by extensions ['colcon_pkg']
[0.414s] Level 1:colcon.colcon_core.package_identification:_identify(src/ugv_main/ugv_vision) by extension 'colcon_pkg'
[0.414s] Level 1:colcon.colcon_core.package_identification:_identify(src/ugv_main/ugv_vision) by extensions ['colcon_meta']
[0.414s] Level 1:colcon.colcon_core.package_identification:_identify(src/ugv_main/ugv_vision) by extension 'colcon_meta'
[0.414s] Level 1:colcon.colcon_core.package_identification:_identify(src/ugv_main/ugv_vision) by extensions ['ros']
[0.414s] Level 1:colcon.colcon_core.package_identification:_identify(src/ugv_main/ugv_vision) by extension 'ros'
[0.415s] DEBUG:colcon.colcon_core.package_identification:Package 'src/ugv_main/ugv_vision' with type 'ros.ament_python' and name 'ugv_vision'
[0.415s] Level 1:colcon.colcon_core.package_identification:_identify(src/ugv_main/ugv_web_app) by extensions ['ignore', 'ignore_ament_install']
[0.415s] Level 1:colcon.colcon_core.package_identification:_identify(src/ugv_main/ugv_web_app) by extension 'ignore'
[0.415s] Level 1:colcon.colcon_core.package_identification:_identify(src/ugv_main/ugv_web_app) by extension 'ignore_ament_install'
[0.415s] Level 1:colcon.colcon_core.package_identification:_identify(src/ugv_main/ugv_web_app) by extensions ['colcon_pkg']
[0.415s] Level 1:colcon.colcon_core.package_identification:_identify(src/ugv_main/ugv_web_app) by extension 'colcon_pkg'
[0.415s] Level 1:colcon.colcon_core.package_identification:_identify(src/ugv_main/ugv_web_app) by extensions ['colcon_meta']
[0.415s] Level 1:colcon.colcon_core.package_identification:_identify(src/ugv_main/ugv_web_app) by extension 'colcon_meta'
[0.415s] Level 1:colcon.colcon_core.package_identification:_identify(src/ugv_main/ugv_web_app) by extensions ['ros']
[0.415s] Level 1:colcon.colcon_core.package_identification:_identify(src/ugv_main/ugv_web_app) by extension 'ros'
[0.416s] DEBUG:colcon.colcon_core.package_identification:Package 'src/ugv_main/ugv_web_app' with type 'ros.ament_python' and name 'ugv_web_app'
[0.416s] Level 1:colcon.colcon_core.package_discovery:discover_packages(recursive) using defaults
[0.416s] Level 1:colcon.colcon_core.package_discovery:discover_packages(ignore) discover
[0.416s] Level 1:colcon.colcon_core.package_discovery:discover_packages(ignore) using defaults
[0.416s] Level 1:colcon.colcon_core.package_discovery:discover_packages(path) discover
[0.416s] Level 1:colcon.colcon_core.package_discovery:discover_packages(path) using defaults
[0.471s] INFO:colcon.colcon_core.package_selection:Skipping not selected package 'ugv_bringup' in 'src/ugv_main/ugv_bringup'
[0.471s] INFO:colcon.colcon_core.package_selection:Skipping not selected package 'ugv_chat_ai' in 'src/ugv_main/ugv_chat_ai'
[0.471s] INFO:colcon.colcon_core.package_selection:Skipping not selected package 'ugv_description' in 'src/ugv_main/ugv_description'
[0.471s] INFO:colcon.colcon_core.package_selection:Skipping not selected package 'ugv_gazebo' in 'src/ugv_main/ugv_gazebo'
[0.471s] INFO:colcon.colcon_core.package_selection:Skipping not selected package 'ugv_nav' in 'src/ugv_main/ugv_nav'
[0.471s] INFO:colcon.colcon_core.package_selection:Skipping not selected package 'ugv_slam' in 'src/ugv_main/ugv_slam'
[0.471s] INFO:colcon.colcon_core.package_selection:Skipping not selected package 'ugv_tools' in 'src/ugv_main/ugv_tools'
[0.471s] INFO:colcon.colcon_core.package_selection:Skipping not selected package 'ugv_vision' in 'src/ugv_main/ugv_vision'
[0.471s] INFO:colcon.colcon_core.package_selection:Skipping not selected package 'ugv_web_app' in 'src/ugv_main/ugv_web_app'
[0.471s] Level 5:colcon.colcon_core.verb:set package 'apriltag' build argument 'cmake_args' from command line to 'None'
[0.471s] Level 5:colcon.colcon_core.verb:set package 'apriltag' build argument 'cmake_target' from command line to 'None'
[0.471s] Level 5:colcon.colcon_core.verb:set package 'apriltag' build argument 'cmake_target_skip_unavailable' from command line to 'False'
[0.472s] Level 5:colcon.colcon_core.verb:set package 'apriltag' build argument 'cmake_clean_cache' from command line to 'False'
[0.472s] Level 5:colcon.colcon_core.verb:set package 'apriltag' build argument 'cmake_clean_first' from command line to 'False'
[0.472s] Level 5:colcon.colcon_core.verb:set package 'apriltag' build argument 'cmake_force_configure' from command line to 'False'
[0.472s] Level 5:colcon.colcon_core.verb:set package 'apriltag' build argument 'ament_cmake_args' from command line to 'None'
[0.472s] Level 5:colcon.colcon_core.verb:set package 'apriltag' build argument 'catkin_cmake_args' from command line to 'None'
[0.472s] Level 5:colcon.colcon_core.verb:set package 'apriltag' build argument 'catkin_skip_building_tests' from command line to 'False'
[0.472s] DEBUG:colcon.colcon_core.verb:Building package 'apriltag' with the following arguments: {'ament_cmake_args': None, 'build_base': '/home/ws/ugv_ws/build/apriltag', 'catkin_cmake_args': None, 'catkin_skip_building_tests': False, 'cmake_args': None, 'cmake_clean_cache': False, 'cmake_clean_first': False, 'cmake_force_configure': False, 'cmake_target': None, 'cmake_target_skip_unavailable': False, 'install_base': '/home/ws/ugv_ws/install/apriltag', 'merge_install': False, 'path': '/home/ws/ugv_ws/src/ugv_else/apriltag_ros/apriltag', 'symlink_install': False, 'test_result_base': None}
[0.472s] Level 5:colcon.colcon_core.verb:set package 'apriltag_msgs' build argument 'cmake_args' from command line to 'None'
[0.472s] Level 5:colcon.colcon_core.verb:set package 'apriltag_msgs' build argument 'cmake_target' from command line to 'None'
[0.472s] Level 5:colcon.colcon_core.verb:set package 'apriltag_msgs' build argument 'cmake_target_skip_unavailable' from command line to 'False'
[0.472s] Level 5:colcon.colcon_core.verb:set package 'apriltag_msgs' build argument 'cmake_clean_cache' from command line to 'False'
[0.472s] Level 5:colcon.colcon_core.verb:set package 'apriltag_msgs' build argument 'cmake_clean_first' from command line to 'False'
[0.472s] Level 5:colcon.colcon_core.verb:set package 'apriltag_msgs' build argument 'cmake_force_configure' from command line to 'False'
[0.472s] Level 5:colcon.colcon_core.verb:set package 'apriltag_msgs' build argument 'ament_cmake_args' from command line to 'None'
[0.472s] Level 5:colcon.colcon_core.verb:set package 'apriltag_msgs' build argument 'catkin_cmake_args' from command line to 'None'
[0.472s] Level 5:colcon.colcon_core.verb:set package 'apriltag_msgs' build argument 'catkin_skip_building_tests' from command line to 'False'
[0.472s] DEBUG:colcon.colcon_core.verb:Building package 'apriltag_msgs' with the following arguments: {'ament_cmake_args': None, 'build_base': '/home/ws/ugv_ws/build/apriltag_msgs', 'catkin_cmake_args': None, 'catkin_skip_building_tests': False, 'cmake_args': None, 'cmake_clean_cache': False, 'cmake_clean_first': False, 'cmake_force_configure': False, 'cmake_target': None, 'cmake_target_skip_unavailable': False, 'install_base': '/home/ws/ugv_ws/install/apriltag_msgs', 'merge_install': False, 'path': '/home/ws/ugv_ws/src/ugv_else/apriltag_ros/apriltag_msgs', 'symlink_install': False, 'test_result_base': None}
[0.473s] Level 5:colcon.colcon_core.verb:set package 'cartographer' build argument 'cmake_args' from command line to 'None'
[0.473s] Level 5:colcon.colcon_core.verb:set package 'cartographer' build argument 'cmake_target' from command line to 'None'
[0.473s] Level 5:colcon.colcon_core.verb:set package 'cartographer' build argument 'cmake_target_skip_unavailable' from command line to 'False'
[0.473s] Level 5:colcon.colcon_core.verb:set package 'cartographer' build argument 'cmake_clean_cache' from command line to 'False'
[0.473s] Level 5:colcon.colcon_core.verb:set package 'cartographer' build argument 'cmake_clean_first' from command line to 'False'
[0.473s] Level 5:colcon.colcon_core.verb:set package 'cartographer' build argument 'cmake_force_configure' from command line to 'False'
[0.473s] Level 5:colcon.colcon_core.verb:set package 'cartographer' build argument 'ament_cmake_args' from command line to 'None'
[0.473s] Level 5:colcon.colcon_core.verb:set package 'cartographer' build argument 'catkin_cmake_args' from command line to 'None'
[0.473s] Level 5:colcon.colcon_core.verb:set package 'cartographer' build argument 'catkin_skip_building_tests' from command line to 'False'
[0.473s] DEBUG:colcon.colcon_core.verb:Building package 'cartographer' with the following arguments: {'ament_cmake_args': None, 'build_base': '/home/ws/ugv_ws/build/cartographer', 'catkin_cmake_args': None, 'catkin_skip_building_tests': False, 'cmake_args': None, 'cmake_clean_cache': False, 'cmake_clean_first': False, 'cmake_force_configure': False, 'cmake_target': None, 'cmake_target_skip_unavailable': False, 'install_base': '/home/ws/ugv_ws/install/cartographer', 'merge_install': False, 'path': '/home/ws/ugv_ws/src/ugv_else/cartographer', 'symlink_install': False, 'test_result_base': None}
[0.473s] Level 5:colcon.colcon_core.verb:set package 'costmap_converter_msgs' build argument 'cmake_args' from command line to 'None'
[0.473s] Level 5:colcon.colcon_core.verb:set package 'costmap_converter_msgs' build argument 'cmake_target' from command line to 'None'
[0.473s] Level 5:colcon.colcon_core.verb:set package 'costmap_converter_msgs' build argument 'cmake_target_skip_unavailable' from command line to 'False'
[0.473s] Level 5:colcon.colcon_core.verb:set package 'costmap_converter_msgs' build argument 'cmake_clean_cache' from command line to 'False'
[0.473s] Level 5:colcon.colcon_core.verb:set package 'costmap_converter_msgs' build argument 'cmake_clean_first' from command line to 'False'
[0.473s] Level 5:colcon.colcon_core.verb:set package 'costmap_converter_msgs' build argument 'cmake_force_configure' from command line to 'False'
[0.473s] Level 5:colcon.colcon_core.verb:set package 'costmap_converter_msgs' build argument 'ament_cmake_args' from command line to 'None'
[0.474s] Level 5:colcon.colcon_core.verb:set package 'costmap_converter_msgs' build argument 'catkin_cmake_args' from command line to 'None'
[0.474s] Level 5:colcon.colcon_core.verb:set package 'costmap_converter_msgs' build argument 'catkin_skip_building_tests' from command line to 'False'
[0.474s] DEBUG:colcon.colcon_core.verb:Building package 'costmap_converter_msgs' with the following arguments: {'ament_cmake_args': None, 'build_base': '/home/ws/ugv_ws/build/costmap_converter_msgs', 'catkin_cmake_args': None, 'catkin_skip_building_tests': False, 'cmake_args': None, 'cmake_clean_cache': False, 'cmake_clean_first': False, 'cmake_force_configure': False, 'cmake_target': None, 'cmake_target_skip_unavailable': False, 'install_base': '/home/ws/ugv_ws/install/costmap_converter_msgs', 'merge_install': False, 'path': '/home/ws/ugv_ws/src/ugv_else/costmap_converter/costmap_converter_msgs', 'symlink_install': False, 'test_result_base': None}
[0.474s] Level 5:colcon.colcon_core.verb:set package 'emcl2' build argument 'cmake_args' from command line to 'None'
[0.474s] Level 5:colcon.colcon_core.verb:set package 'emcl2' build argument 'cmake_target' from command line to 'None'
[0.474s] Level 5:colcon.colcon_core.verb:set package 'emcl2' build argument 'cmake_target_skip_unavailable' from command line to 'False'
[0.474s] Level 5:colcon.colcon_core.verb:set package 'emcl2' build argument 'cmake_clean_cache' from command line to 'False'
[0.474s] Level 5:colcon.colcon_core.verb:set package 'emcl2' build argument 'cmake_clean_first' from command line to 'False'
[0.474s] Level 5:colcon.colcon_core.verb:set package 'emcl2' build argument 'cmake_force_configure' from command line to 'False'
[0.474s] Level 5:colcon.colcon_core.verb:set package 'emcl2' build argument 'ament_cmake_args' from command line to 'None'
[0.474s] Level 5:colcon.colcon_core.verb:set package 'emcl2' build argument 'catkin_cmake_args' from command line to 'None'
[0.474s] Level 5:colcon.colcon_core.verb:set package 'emcl2' build argument 'catkin_skip_building_tests' from command line to 'False'
[0.474s] DEBUG:colcon.colcon_core.verb:Building package 'emcl2' with the following arguments: {'ament_cmake_args': None, 'build_base': '/home/ws/ugv_ws/build/emcl2', 'catkin_cmake_args': None, 'catkin_skip_building_tests': False, 'cmake_args': None, 'cmake_clean_cache': False, 'cmake_clean_first': False, 'cmake_force_configure': False, 'cmake_target': None, 'cmake_target_skip_unavailable': False, 'install_base': '/home/ws/ugv_ws/install/emcl2', 'merge_install': False, 'path': '/home/ws/ugv_ws/src/ugv_else/emcl2_ros2', 'symlink_install': False, 'test_result_base': None}
[0.474s] Level 5:colcon.colcon_core.verb:set package 'explore_lite' build argument 'cmake_args' from command line to 'None'
[0.474s] Level 5:colcon.colcon_core.verb:set package 'explore_lite' build argument 'cmake_target' from command line to 'None'
[0.475s] Level 5:colcon.colcon_core.verb:set package 'explore_lite' build argument 'cmake_target_skip_unavailable' from command line to 'False'
[0.475s] Level 5:colcon.colcon_core.verb:set package 'explore_lite' build argument 'cmake_clean_cache' from command line to 'False'
[0.475s] Level 5:colcon.colcon_core.verb:set package 'explore_lite' build argument 'cmake_clean_first' from command line to 'False'
[0.475s] Level 5:colcon.colcon_core.verb:set package 'explore_lite' build argument 'cmake_force_configure' from command line to 'False'
[0.475s] Level 5:colcon.colcon_core.verb:set package 'explore_lite' build argument 'ament_cmake_args' from command line to 'None'
[0.475s] Level 5:colcon.colcon_core.verb:set package 'explore_lite' build argument 'catkin_cmake_args' from command line to 'None'
[0.475s] Level 5:colcon.colcon_core.verb:set package 'explore_lite' build argument 'catkin_skip_building_tests' from command line to 'False'
[0.475s] DEBUG:colcon.colcon_core.verb:Building package 'explore_lite' with the following arguments: {'ament_cmake_args': None, 'build_base': '/home/ws/ugv_ws/build/explore_lite', 'catkin_cmake_args': None, 'catkin_skip_building_tests': False, 'cmake_args': None, 'cmake_clean_cache': False, 'cmake_clean_first': False, 'cmake_force_configure': False, 'cmake_target': None, 'cmake_target_skip_unavailable': False, 'install_base': '/home/ws/ugv_ws/install/explore_lite', 'merge_install': False, 'path': '/home/ws/ugv_ws/src/ugv_else/explore_lite', 'symlink_install': False, 'test_result_base': None}
[0.475s] Level 5:colcon.colcon_core.verb:set package 'ldlidar' build argument 'cmake_args' from command line to 'None'
[0.475s] Level 5:colcon.colcon_core.verb:set package 'ldlidar' build argument 'cmake_target' from command line to 'None'
[0.475s] Level 5:colcon.colcon_core.verb:set package 'ldlidar' build argument 'cmake_target_skip_unavailable' from command line to 'False'
[0.475s] Level 5:colcon.colcon_core.verb:set package 'ldlidar' build argument 'cmake_clean_cache' from command line to 'False'
[0.475s] Level 5:colcon.colcon_core.verb:set package 'ldlidar' build argument 'cmake_clean_first' from command line to 'False'
[0.475s] Level 5:colcon.colcon_core.verb:set package 'ldlidar' build argument 'cmake_force_configure' from command line to 'False'
[0.475s] Level 5:colcon.colcon_core.verb:set package 'ldlidar' build argument 'ament_cmake_args' from command line to 'None'
[0.475s] Level 5:colcon.colcon_core.verb:set package 'ldlidar' build argument 'catkin_cmake_args' from command line to 'None'
[0.475s] Level 5:colcon.colcon_core.verb:set package 'ldlidar' build argument 'catkin_skip_building_tests' from command line to 'False'
[0.475s] DEBUG:colcon.colcon_core.verb:Building package 'ldlidar' with the following arguments: {'ament_cmake_args': None, 'build_base': '/home/ws/ugv_ws/build/ldlidar', 'catkin_cmake_args': None, 'catkin_skip_building_tests': False, 'cmake_args': None, 'cmake_clean_cache': False, 'cmake_clean_first': False, 'cmake_force_configure': False, 'cmake_target': None, 'cmake_target_skip_unavailable': False, 'install_base': '/home/ws/ugv_ws/install/ldlidar', 'merge_install': False, 'path': '/home/ws/ugv_ws/src/ugv_else/ldlidar', 'symlink_install': False, 'test_result_base': None}
[0.476s] Level 5:colcon.colcon_core.verb:set package 'openslam_gmapping' build argument 'cmake_args' from command line to 'None'
[0.476s] Level 5:colcon.colcon_core.verb:set package 'openslam_gmapping' build argument 'cmake_target' from command line to 'None'
[0.476s] Level 5:colcon.colcon_core.verb:set package 'openslam_gmapping' build argument 'cmake_target_skip_unavailable' from command line to 'False'
[0.476s] Level 5:colcon.colcon_core.verb:set package 'openslam_gmapping' build argument 'cmake_clean_cache' from command line to 'False'
[0.476s] Level 5:colcon.colcon_core.verb:set package 'openslam_gmapping' build argument 'cmake_clean_first' from command line to 'False'
[0.476s] Level 5:colcon.colcon_core.verb:set package 'openslam_gmapping' build argument 'cmake_force_configure' from command line to 'False'
[0.476s] Level 5:colcon.colcon_core.verb:set package 'openslam_gmapping' build argument 'ament_cmake_args' from command line to 'None'
[0.476s] Level 5:colcon.colcon_core.verb:set package 'openslam_gmapping' build argument 'catkin_cmake_args' from command line to 'None'
[0.476s] Level 5:colcon.colcon_core.verb:set package 'openslam_gmapping' build argument 'catkin_skip_building_tests' from command line to 'False'
[0.476s] DEBUG:colcon.colcon_core.verb:Building package 'openslam_gmapping' with the following arguments: {'ament_cmake_args': None, 'build_base': '/home/ws/ugv_ws/build/openslam_gmapping', 'catkin_cmake_args': None, 'catkin_skip_building_tests': False, 'cmake_args': None, 'cmake_clean_cache': False, 'cmake_clean_first': False, 'cmake_force_configure': False, 'cmake_target': None, 'cmake_target_skip_unavailable': False, 'install_base': '/home/ws/ugv_ws/install/openslam_gmapping', 'merge_install': False, 'path': '/home/ws/ugv_ws/src/ugv_else/gmapping/openslam_gmapping', 'symlink_install': False, 'test_result_base': None}
[0.476s] Level 5:colcon.colcon_core.verb:set package 'rf2o_laser_odometry' build argument 'cmake_args' from command line to 'None'
[0.476s] Level 5:colcon.colcon_core.verb:set package 'rf2o_laser_odometry' build argument 'cmake_target' from command line to 'None'
[0.476s] Level 5:colcon.colcon_core.verb:set package 'rf2o_laser_odometry' build argument 'cmake_target_skip_unavailable' from command line to 'False'
[0.476s] Level 5:colcon.colcon_core.verb:set package 'rf2o_laser_odometry' build argument 'cmake_clean_cache' from command line to 'False'
[0.476s] Level 5:colcon.colcon_core.verb:set package 'rf2o_laser_odometry' build argument 'cmake_clean_first' from command line to 'False'
[0.476s] Level 5:colcon.colcon_core.verb:set package 'rf2o_laser_odometry' build argument 'cmake_force_configure' from command line to 'False'
[0.476s] Level 5:colcon.colcon_core.verb:set package 'rf2o_laser_odometry' build argument 'ament_cmake_args' from command line to 'None'
[0.476s] Level 5:colcon.colcon_core.verb:set package 'rf2o_laser_odometry' build argument 'catkin_cmake_args' from command line to 'None'
[0.476s] Level 5:colcon.colcon_core.verb:set package 'rf2o_laser_odometry' build argument 'catkin_skip_building_tests' from command line to 'False'
[0.476s] DEBUG:colcon.colcon_core.verb:Building package 'rf2o_laser_odometry' with the following arguments: {'ament_cmake_args': None, 'build_base': '/home/ws/ugv_ws/build/rf2o_laser_odometry', 'catkin_cmake_args': None, 'catkin_skip_building_tests': False, 'cmake_args': None, 'cmake_clean_cache': False, 'cmake_clean_first': False, 'cmake_force_configure': False, 'cmake_target': None, 'cmake_target_skip_unavailable': False, 'install_base': '/home/ws/ugv_ws/install/rf2o_laser_odometry', 'merge_install': False, 'path': '/home/ws/ugv_ws/src/ugv_else/rf2o_laser_odometry', 'symlink_install': False, 'test_result_base': None}
[0.477s] Level 5:colcon.colcon_core.verb:set package 'robot_pose_publisher' build argument 'cmake_args' from command line to 'None'
[0.477s] Level 5:colcon.colcon_core.verb:set package 'robot_pose_publisher' build argument 'cmake_target' from command line to 'None'
[0.477s] Level 5:colcon.colcon_core.verb:set package 'robot_pose_publisher' build argument 'cmake_target_skip_unavailable' from command line to 'False'
[0.477s] Level 5:colcon.colcon_core.verb:set package 'robot_pose_publisher' build argument 'cmake_clean_cache' from command line to 'False'
[0.477s] Level 5:colcon.colcon_core.verb:set package 'robot_pose_publisher' build argument 'cmake_clean_first' from command line to 'False'
[0.477s] Level 5:colcon.colcon_core.verb:set package 'robot_pose_publisher' build argument 'cmake_force_configure' from command line to 'False'
[0.477s] Level 5:colcon.colcon_core.verb:set package 'robot_pose_publisher' build argument 'ament_cmake_args' from command line to 'None'
[0.477s] Level 5:colcon.colcon_core.verb:set package 'robot_pose_publisher' build argument 'catkin_cmake_args' from command line to 'None'
[0.477s] Level 5:colcon.colcon_core.verb:set package 'robot_pose_publisher' build argument 'catkin_skip_building_tests' from command line to 'False'
[0.477s] DEBUG:colcon.colcon_core.verb:Building package 'robot_pose_publisher' with the following arguments: {'ament_cmake_args': None, 'build_base': '/home/ws/ugv_ws/build/robot_pose_publisher', 'catkin_cmake_args': None, 'catkin_skip_building_tests': False, 'cmake_args': None, 'cmake_clean_cache': False, 'cmake_clean_first': False, 'cmake_force_configure': False, 'cmake_target': None, 'cmake_target_skip_unavailable': False, 'install_base': '/home/ws/ugv_ws/install/robot_pose_publisher', 'merge_install': False, 'path': '/home/ws/ugv_ws/src/ugv_else/robot_pose_publisher', 'symlink_install': False, 'test_result_base': None}
[0.477s] Level 5:colcon.colcon_core.verb:set package 'ugv_base_node' build argument 'cmake_args' from command line to 'None'
[0.477s] Level 5:colcon.colcon_core.verb:set package 'ugv_base_node' build argument 'cmake_target' from command line to 'None'
[0.477s] Level 5:colcon.colcon_core.verb:set package 'ugv_base_node' build argument 'cmake_target_skip_unavailable' from command line to 'False'
[0.477s] Level 5:colcon.colcon_core.verb:set package 'ugv_base_node' build argument 'cmake_clean_cache' from command line to 'False'
[0.477s] Level 5:colcon.colcon_core.verb:set package 'ugv_base_node' build argument 'cmake_clean_first' from command line to 'False'
[0.477s] Level 5:colcon.colcon_core.verb:set package 'ugv_base_node' build argument 'cmake_force_configure' from command line to 'False'
[0.477s] Level 5:colcon.colcon_core.verb:set package 'ugv_base_node' build argument 'ament_cmake_args' from command line to 'None'
[0.477s] Level 5:colcon.colcon_core.verb:set package 'ugv_base_node' build argument 'catkin_cmake_args' from command line to 'None'
[0.477s] Level 5:colcon.colcon_core.verb:set package 'ugv_base_node' build argument 'catkin_skip_building_tests' from command line to 'False'
[0.477s] DEBUG:colcon.colcon_core.verb:Building package 'ugv_base_node' with the following arguments: {'ament_cmake_args': None, 'build_base': '/home/ws/ugv_ws/build/ugv_base_node', 'catkin_cmake_args': None, 'catkin_skip_building_tests': False, 'cmake_args': None, 'cmake_clean_cache': False, 'cmake_clean_first': False, 'cmake_force_configure': False, 'cmake_target': None, 'cmake_target_skip_unavailable': False, 'install_base': '/home/ws/ugv_ws/install/ugv_base_node', 'merge_install': False, 'path': '/home/ws/ugv_ws/src/ugv_main/ugv_base_node', 'symlink_install': False, 'test_result_base': None}
[0.478s] Level 5:colcon.colcon_core.verb:set package 'ugv_interface' build argument 'cmake_args' from command line to 'None'
[0.478s] Level 5:colcon.colcon_core.verb:set package 'ugv_interface' build argument 'cmake_target' from command line to 'None'
[0.478s] Level 5:colcon.colcon_core.verb:set package 'ugv_interface' build argument 'cmake_target_skip_unavailable' from command line to 'False'
[0.478s] Level 5:colcon.colcon_core.verb:set package 'ugv_interface' build argument 'cmake_clean_cache' from command line to 'False'
[0.478s] Level 5:colcon.colcon_core.verb:set package 'ugv_interface' build argument 'cmake_clean_first' from command line to 'False'
[0.478s] Level 5:colcon.colcon_core.verb:set package 'ugv_interface' build argument 'cmake_force_configure' from command line to 'False'
[0.478s] Level 5:colcon.colcon_core.verb:set package 'ugv_interface' build argument 'ament_cmake_args' from command line to 'None'
[0.478s] Level 5:colcon.colcon_core.verb:set package 'ugv_interface' build argument 'catkin_cmake_args' from command line to 'None'
[0.478s] Level 5:colcon.colcon_core.verb:set package 'ugv_interface' build argument 'catkin_skip_building_tests' from command line to 'False'
[0.478s] DEBUG:colcon.colcon_core.verb:Building package 'ugv_interface' with the following arguments: {'ament_cmake_args': None, 'build_base': '/home/ws/ugv_ws/build/ugv_interface', 'catkin_cmake_args': None, 'catkin_skip_building_tests': False, 'cmake_args': None, 'cmake_clean_cache': False, 'cmake_clean_first': False, 'cmake_force_configure': False, 'cmake_target': None, 'cmake_target_skip_unavailable': False, 'install_base': '/home/ws/ugv_ws/install/ugv_interface', 'merge_install': False, 'path': '/home/ws/ugv_ws/src/ugv_main/ugv_interface', 'symlink_install': False, 'test_result_base': None}
[0.478s] Level 5:colcon.colcon_core.verb:set package 'vizanti_cpp' build argument 'cmake_args' from command line to 'None'
[0.478s] Level 5:colcon.colcon_core.verb:set package 'vizanti_cpp' build argument 'cmake_target' from command line to 'None'
[0.478s] Level 5:colcon.colcon_core.verb:set package 'vizanti_cpp' build argument 'cmake_target_skip_unavailable' from command line to 'False'
[0.478s] Level 5:colcon.colcon_core.verb:set package 'vizanti_cpp' build argument 'cmake_clean_cache' from command line to 'False'
[0.478s] Level 5:colcon.colcon_core.verb:set package 'vizanti_cpp' build argument 'cmake_clean_first' from command line to 'False'
[0.478s] Level 5:colcon.colcon_core.verb:set package 'vizanti_cpp' build argument 'cmake_force_configure' from command line to 'False'
[0.478s] Level 5:colcon.colcon_core.verb:set package 'vizanti_cpp' build argument 'ament_cmake_args' from command line to 'None'
[0.478s] Level 5:colcon.colcon_core.verb:set package 'vizanti_cpp' build argument 'catkin_cmake_args' from command line to 'None'
[0.479s] Level 5:colcon.colcon_core.verb:set package 'vizanti_cpp' build argument 'catkin_skip_building_tests' from command line to 'False'
[0.479s] DEBUG:colcon.colcon_core.verb:Building package 'vizanti_cpp' with the following arguments: {'ament_cmake_args': None, 'build_base': '/home/ws/ugv_ws/build/vizanti_cpp', 'catkin_cmake_args': None, 'catkin_skip_building_tests': False, 'cmake_args': None, 'cmake_clean_cache': False, 'cmake_clean_first': False, 'cmake_force_configure': False, 'cmake_target': None, 'cmake_target_skip_unavailable': False, 'install_base': '/home/ws/ugv_ws/install/vizanti_cpp', 'merge_install': False, 'path': '/home/ws/ugv_ws/src/ugv_else/vizanti/vizanti_cpp', 'symlink_install': False, 'test_result_base': None}
[0.479s] Level 5:colcon.colcon_core.verb:set package 'vizanti_msgs' build argument 'cmake_args' from command line to 'None'
[0.479s] Level 5:colcon.colcon_core.verb:set package 'vizanti_msgs' build argument 'cmake_target' from command line to 'None'
[0.479s] Level 5:colcon.colcon_core.verb:set package 'vizanti_msgs' build argument 'cmake_target_skip_unavailable' from command line to 'False'
[0.479s] Level 5:colcon.colcon_core.verb:set package 'vizanti_msgs' build argument 'cmake_clean_cache' from command line to 'False'
[0.479s] Level 5:colcon.colcon_core.verb:set package 'vizanti_msgs' build argument 'cmake_clean_first' from command line to 'False'
[0.479s] Level 5:colcon.colcon_core.verb:set package 'vizanti_msgs' build argument 'cmake_force_configure' from command line to 'False'
[0.479s] Level 5:colcon.colcon_core.verb:set package 'vizanti_msgs' build argument 'ament_cmake_args' from command line to 'None'
[0.479s] Level 5:colcon.colcon_core.verb:set package 'vizanti_msgs' build argument 'catkin_cmake_args' from command line to 'None'
[0.479s] Level 5:colcon.colcon_core.verb:set package 'vizanti_msgs' build argument 'catkin_skip_building_tests' from command line to 'False'
[0.479s] DEBUG:colcon.colcon_core.verb:Building package 'vizanti_msgs' with the following arguments: {'ament_cmake_args': None, 'build_base': '/home/ws/ugv_ws/build/vizanti_msgs', 'catkin_cmake_args': None, 'catkin_skip_building_tests': False, 'cmake_args': None, 'cmake_clean_cache': False, 'cmake_clean_first': False, 'cmake_force_configure': False, 'cmake_target': None, 'cmake_target_skip_unavailable': False, 'install_base': '/home/ws/ugv_ws/install/vizanti_msgs', 'merge_install': False, 'path': '/home/ws/ugv_ws/src/ugv_else/vizanti/vizanti_msgs', 'symlink_install': False, 'test_result_base': None}
[0.479s] Level 5:colcon.colcon_core.verb:set package 'apriltag_ros' build argument 'cmake_args' from command line to 'None'
[0.479s] Level 5:colcon.colcon_core.verb:set package 'apriltag_ros' build argument 'cmake_target' from command line to 'None'
[0.479s] Level 5:colcon.colcon_core.verb:set package 'apriltag_ros' build argument 'cmake_target_skip_unavailable' from command line to 'False'
[0.479s] Level 5:colcon.colcon_core.verb:set package 'apriltag_ros' build argument 'cmake_clean_cache' from command line to 'False'
[0.480s] Level 5:colcon.colcon_core.verb:set package 'apriltag_ros' build argument 'cmake_clean_first' from command line to 'False'
[0.480s] Level 5:colcon.colcon_core.verb:set package 'apriltag_ros' build argument 'cmake_force_configure' from command line to 'False'
[0.480s] Level 5:colcon.colcon_core.verb:set package 'apriltag_ros' build argument 'ament_cmake_args' from command line to 'None'
[0.480s] Level 5:colcon.colcon_core.verb:set package 'apriltag_ros' build argument 'catkin_cmake_args' from command line to 'None'
[0.480s] Level 5:colcon.colcon_core.verb:set package 'apriltag_ros' build argument 'catkin_skip_building_tests' from command line to 'False'
[0.480s] DEBUG:colcon.colcon_core.verb:Building package 'apriltag_ros' with the following arguments: {'ament_cmake_args': None, 'build_base': '/home/ws/ugv_ws/build/apriltag_ros', 'catkin_cmake_args': None, 'catkin_skip_building_tests': False, 'cmake_args': None, 'cmake_clean_cache': False, 'cmake_clean_first': False, 'cmake_force_configure': False, 'cmake_target': None, 'cmake_target_skip_unavailable': False, 'install_base': '/home/ws/ugv_ws/install/apriltag_ros', 'merge_install': False, 'path': '/home/ws/ugv_ws/src/ugv_else/apriltag_ros/apriltag_ros', 'symlink_install': False, 'test_result_base': None}
[0.480s] Level 5:colcon.colcon_core.verb:set package 'costmap_converter' build argument 'cmake_args' from command line to 'None'
[0.480s] Level 5:colcon.colcon_core.verb:set package 'costmap_converter' build argument 'cmake_target' from command line to 'None'
[0.480s] Level 5:colcon.colcon_core.verb:set package 'costmap_converter' build argument 'cmake_target_skip_unavailable' from command line to 'False'
[0.480s] Level 5:colcon.colcon_core.verb:set package 'costmap_converter' build argument 'cmake_clean_cache' from command line to 'False'
[0.480s] Level 5:colcon.colcon_core.verb:set package 'costmap_converter' build argument 'cmake_clean_first' from command line to 'False'
[0.480s] Level 5:colcon.colcon_core.verb:set package 'costmap_converter' build argument 'cmake_force_configure' from command line to 'False'
[0.480s] Level 5:colcon.colcon_core.verb:set package 'costmap_converter' build argument 'ament_cmake_args' from command line to 'None'
[0.480s] Level 5:colcon.colcon_core.verb:set package 'costmap_converter' build argument 'catkin_cmake_args' from command line to 'None'
[0.480s] Level 5:colcon.colcon_core.verb:set package 'costmap_converter' build argument 'catkin_skip_building_tests' from command line to 'False'
[0.480s] DEBUG:colcon.colcon_core.verb:Building package 'costmap_converter' with the following arguments: {'ament_cmake_args': None, 'build_base': '/home/ws/ugv_ws/build/costmap_converter', 'catkin_cmake_args': None, 'catkin_skip_building_tests': False, 'cmake_args': None, 'cmake_clean_cache': False, 'cmake_clean_first': False, 'cmake_force_configure': False, 'cmake_target': None, 'cmake_target_skip_unavailable': False, 'install_base': '/home/ws/ugv_ws/install/costmap_converter', 'merge_install': False, 'path': '/home/ws/ugv_ws/src/ugv_else/costmap_converter/costmap_converter', 'symlink_install': False, 'test_result_base': None}
[0.480s] Level 5:colcon.colcon_core.verb:set package 'slam_gmapping' build argument 'cmake_args' from command line to 'None'
[0.481s] Level 5:colcon.colcon_core.verb:set package 'slam_gmapping' build argument 'cmake_target' from command line to 'None'
[0.481s] Level 5:colcon.colcon_core.verb:set package 'slam_gmapping' build argument 'cmake_target_skip_unavailable' from command line to 'False'
[0.481s] Level 5:colcon.colcon_core.verb:set package 'slam_gmapping' build argument 'cmake_clean_cache' from command line to 'False'
[0.481s] Level 5:colcon.colcon_core.verb:set package 'slam_gmapping' build argument 'cmake_clean_first' from command line to 'False'
[0.481s] Level 5:colcon.colcon_core.verb:set package 'slam_gmapping' build argument 'cmake_force_configure' from command line to 'False'
[0.481s] Level 5:colcon.colcon_core.verb:set package 'slam_gmapping' build argument 'ament_cmake_args' from command line to 'None'
[0.481s] Level 5:colcon.colcon_core.verb:set package 'slam_gmapping' build argument 'catkin_cmake_args' from command line to 'None'
[0.481s] Level 5:colcon.colcon_core.verb:set package 'slam_gmapping' build argument 'catkin_skip_building_tests' from command line to 'False'
[0.481s] DEBUG:colcon.colcon_core.verb:Building package 'slam_gmapping' with the following arguments: {'ament_cmake_args': None, 'build_base': '/home/ws/ugv_ws/build/slam_gmapping', 'catkin_cmake_args': None, 'catkin_skip_building_tests': False, 'cmake_args': None, 'cmake_clean_cache': False, 'cmake_clean_first': False, 'cmake_force_configure': False, 'cmake_target': None, 'cmake_target_skip_unavailable': False, 'install_base': '/home/ws/ugv_ws/install/slam_gmapping', 'merge_install': False, 'path': '/home/ws/ugv_ws/src/ugv_else/gmapping/slam_gmapping', 'symlink_install': False, 'test_result_base': None}
[0.481s] Level 5:colcon.colcon_core.verb:set package 'teb_msgs' build argument 'cmake_args' from command line to 'None'
[0.481s] Level 5:colcon.colcon_core.verb:set package 'teb_msgs' build argument 'cmake_target' from command line to 'None'
[0.481s] Level 5:colcon.colcon_core.verb:set package 'teb_msgs' build argument 'cmake_target_skip_unavailable' from command line to 'False'
[0.481s] Level 5:colcon.colcon_core.verb:set package 'teb_msgs' build argument 'cmake_clean_cache' from command line to 'False'
[0.481s] Level 5:colcon.colcon_core.verb:set package 'teb_msgs' build argument 'cmake_clean_first' from command line to 'False'
[0.481s] Level 5:colcon.colcon_core.verb:set package 'teb_msgs' build argument 'cmake_force_configure' from command line to 'False'
[0.481s] Level 5:colcon.colcon_core.verb:set package 'teb_msgs' build argument 'ament_cmake_args' from command line to 'None'
[0.481s] Level 5:colcon.colcon_core.verb:set package 'teb_msgs' build argument 'catkin_cmake_args' from command line to 'None'
[0.481s] Level 5:colcon.colcon_core.verb:set package 'teb_msgs' build argument 'catkin_skip_building_tests' from command line to 'False'
[0.481s] DEBUG:colcon.colcon_core.verb:Building package 'teb_msgs' with the following arguments: {'ament_cmake_args': None, 'build_base': '/home/ws/ugv_ws/build/teb_msgs', 'catkin_cmake_args': None, 'catkin_skip_building_tests': False, 'cmake_args': None, 'cmake_clean_cache': False, 'cmake_clean_first': False, 'cmake_force_configure': False, 'cmake_target': None, 'cmake_target_skip_unavailable': False, 'install_base': '/home/ws/ugv_ws/install/teb_msgs', 'merge_install': False, 'path': '/home/ws/ugv_ws/src/ugv_else/teb_local_planner/teb_msgs', 'symlink_install': False, 'test_result_base': None}
[0.482s] Level 5:colcon.colcon_core.verb:set package 'vizanti_demos' build argument 'cmake_args' from command line to 'None'
[0.482s] Level 5:colcon.colcon_core.verb:set package 'vizanti_demos' build argument 'cmake_target' from command line to 'None'
[0.482s] Level 5:colcon.colcon_core.verb:set package 'vizanti_demos' build argument 'cmake_target_skip_unavailable' from command line to 'False'
[0.482s] Level 5:colcon.colcon_core.verb:set package 'vizanti_demos' build argument 'cmake_clean_cache' from command line to 'False'
[0.482s] Level 5:colcon.colcon_core.verb:set package 'vizanti_demos' build argument 'cmake_clean_first' from command line to 'False'
[0.482s] Level 5:colcon.colcon_core.verb:set package 'vizanti_demos' build argument 'cmake_force_configure' from command line to 'False'
[0.482s] Level 5:colcon.colcon_core.verb:set package 'vizanti_demos' build argument 'ament_cmake_args' from command line to 'None'
[0.482s] Level 5:colcon.colcon_core.verb:set package 'vizanti_demos' build argument 'catkin_cmake_args' from command line to 'None'
[0.482s] Level 5:colcon.colcon_core.verb:set package 'vizanti_demos' build argument 'catkin_skip_building_tests' from command line to 'False'
[0.482s] DEBUG:colcon.colcon_core.verb:Building package 'vizanti_demos' with the following arguments: {'ament_cmake_args': None, 'build_base': '/home/ws/ugv_ws/build/vizanti_demos', 'catkin_cmake_args': None, 'catkin_skip_building_tests': False, 'cmake_args': None, 'cmake_clean_cache': False, 'cmake_clean_first': False, 'cmake_force_configure': False, 'cmake_target': None, 'cmake_target_skip_unavailable': False, 'install_base': '/home/ws/ugv_ws/install/vizanti_demos', 'merge_install': False, 'path': '/home/ws/ugv_ws/src/ugv_else/vizanti/vizanti_demos', 'symlink_install': False, 'test_result_base': None}
[0.482s] Level 5:colcon.colcon_core.verb:set package 'vizanti_server' build argument 'cmake_args' from command line to 'None'
[0.482s] Level 5:colcon.colcon_core.verb:set package 'vizanti_server' build argument 'cmake_target' from command line to 'None'
[0.482s] Level 5:colcon.colcon_core.verb:set package 'vizanti_server' build argument 'cmake_target_skip_unavailable' from command line to 'False'
[0.482s] Level 5:colcon.colcon_core.verb:set package 'vizanti_server' build argument 'cmake_clean_cache' from command line to 'False'
[0.482s] Level 5:colcon.colcon_core.verb:set package 'vizanti_server' build argument 'cmake_clean_first' from command line to 'False'
[0.482s] Level 5:colcon.colcon_core.verb:set package 'vizanti_server' build argument 'cmake_force_configure' from command line to 'False'
[0.482s] Level 5:colcon.colcon_core.verb:set package 'vizanti_server' build argument 'ament_cmake_args' from command line to 'None'
[0.482s] Level 5:colcon.colcon_core.verb:set package 'vizanti_server' build argument 'catkin_cmake_args' from command line to 'None'
[0.482s] Level 5:colcon.colcon_core.verb:set package 'vizanti_server' build argument 'catkin_skip_building_tests' from command line to 'False'
[0.482s] DEBUG:colcon.colcon_core.verb:Building package 'vizanti_server' with the following arguments: {'ament_cmake_args': None, 'build_base': '/home/ws/ugv_ws/build/vizanti_server', 'catkin_cmake_args': None, 'catkin_skip_building_tests': False, 'cmake_args': None, 'cmake_clean_cache': False, 'cmake_clean_first': False, 'cmake_force_configure': False, 'cmake_target': None, 'cmake_target_skip_unavailable': False, 'install_base': '/home/ws/ugv_ws/install/vizanti_server', 'merge_install': False, 'path': '/home/ws/ugv_ws/src/ugv_else/vizanti/vizanti_server', 'symlink_install': False, 'test_result_base': None}
[0.483s] Level 5:colcon.colcon_core.verb:set package 'teb_local_planner' build argument 'cmake_args' from command line to 'None'
[0.483s] Level 5:colcon.colcon_core.verb:set package 'teb_local_planner' build argument 'cmake_target' from command line to 'None'
[0.483s] Level 5:colcon.colcon_core.verb:set package 'teb_local_planner' build argument 'cmake_target_skip_unavailable' from command line to 'False'
[0.483s] Level 5:colcon.colcon_core.verb:set package 'teb_local_planner' build argument 'cmake_clean_cache' from command line to 'False'
[0.483s] Level 5:colcon.colcon_core.verb:set package 'teb_local_planner' build argument 'cmake_clean_first' from command line to 'False'
[0.483s] Level 5:colcon.colcon_core.verb:set package 'teb_local_planner' build argument 'cmake_force_configure' from command line to 'False'
[0.483s] Level 5:colcon.colcon_core.verb:set package 'teb_local_planner' build argument 'ament_cmake_args' from command line to 'None'
[0.483s] Level 5:colcon.colcon_core.verb:set package 'teb_local_planner' build argument 'catkin_cmake_args' from command line to 'None'
[0.483s] Level 5:colcon.colcon_core.verb:set package 'teb_local_planner' build argument 'catkin_skip_building_tests' from command line to 'False'
[0.483s] DEBUG:colcon.colcon_core.verb:Building package 'teb_local_planner' with the following arguments: {'ament_cmake_args': None, 'build_base': '/home/ws/ugv_ws/build/teb_local_planner', 'catkin_cmake_args': None, 'catkin_skip_building_tests': False, 'cmake_args': None, 'cmake_clean_cache': False, 'cmake_clean_first': False, 'cmake_force_configure': False, 'cmake_target': None, 'cmake_target_skip_unavailable': False, 'install_base': '/home/ws/ugv_ws/install/teb_local_planner', 'merge_install': False, 'path': '/home/ws/ugv_ws/src/ugv_else/teb_local_planner/teb_local_planner', 'symlink_install': False, 'test_result_base': None}
[0.483s] Level 5:colcon.colcon_core.verb:set package 'vizanti' build argument 'cmake_args' from command line to 'None'
[0.483s] Level 5:colcon.colcon_core.verb:set package 'vizanti' build argument 'cmake_target' from command line to 'None'
[0.483s] Level 5:colcon.colcon_core.verb:set package 'vizanti' build argument 'cmake_target_skip_unavailable' from command line to 'False'
[0.483s] Level 5:colcon.colcon_core.verb:set package 'vizanti' build argument 'cmake_clean_cache' from command line to 'False'
[0.483s] Level 5:colcon.colcon_core.verb:set package 'vizanti' build argument 'cmake_clean_first' from command line to 'False'
[0.483s] Level 5:colcon.colcon_core.verb:set package 'vizanti' build argument 'cmake_force_configure' from command line to 'False'
[0.483s] Level 5:colcon.colcon_core.verb:set package 'vizanti' build argument 'ament_cmake_args' from command line to 'None'
[0.483s] Level 5:colcon.colcon_core.verb:set package 'vizanti' build argument 'catkin_cmake_args' from command line to 'None'
[0.483s] Level 5:colcon.colcon_core.verb:set package 'vizanti' build argument 'catkin_skip_building_tests' from command line to 'False'
[0.483s] DEBUG:colcon.colcon_core.verb:Building package 'vizanti' with the following arguments: {'ament_cmake_args': None, 'build_base': '/home/ws/ugv_ws/build/vizanti', 'catkin_cmake_args': None, 'catkin_skip_building_tests': False, 'cmake_args': None, 'cmake_clean_cache': False, 'cmake_clean_first': False, 'cmake_force_configure': False, 'cmake_target': None, 'cmake_target_skip_unavailable': False, 'install_base': '/home/ws/ugv_ws/install/vizanti', 'merge_install': False, 'path': '/home/ws/ugv_ws/src/ugv_else/vizanti/vizanti', 'symlink_install': False, 'test_result_base': None}
[0.484s] INFO:colcon.colcon_core.executor:Executing jobs using 'parallel' executor
[0.485s] DEBUG:colcon.colcon_parallel_executor.executor.parallel:run_until_complete
[0.485s] INFO:colcon.colcon_ros.task.ament_cmake.build:Building ROS package in '/home/ws/ugv_ws/src/ugv_else/costmap_converter/costmap_converter_msgs' with build type 'ament_cmake'
[0.486s] INFO:colcon.colcon_cmake.task.cmake.build:Building CMake package in '/home/ws/ugv_ws/src/ugv_else/costmap_converter/costmap_converter_msgs'
[0.489s] INFO:colcon.colcon_core.plugin_system:Skipping extension 'colcon_core.shell.bat': Not used on non-Windows systems
[0.489s] INFO:colcon.colcon_core.shell:Skip shell extension 'powershell' for command environment: Not usable outside of PowerShell
[0.489s] DEBUG:colcon.colcon_core.shell:Skip shell extension 'dsv' for command environment
[0.490s] WARNING:colcon.colcon_ros.prefix_path.ament:The path '/home/ws/ugv_ws/install/ugv_vision' in the environment variable AMENT_PREFIX_PATH doesn't exist
[0.562s] INFO:colcon.colcon_ros.task.ament_cmake.build:Building ROS package in '/home/ws/ugv_ws/src/ugv_else/vizanti/vizanti_msgs' with build type 'ament_cmake'
[0.563s] INFO:colcon.colcon_cmake.task.cmake.build:Building CMake package in '/home/ws/ugv_ws/src/ugv_else/vizanti/vizanti_msgs'
[0.563s] INFO:colcon.colcon_core.shell:Skip shell extension 'powershell' for command environment: Not usable outside of PowerShell
[0.563s] DEBUG:colcon.colcon_core.shell:Skip shell extension 'dsv' for command environment
[0.569s] INFO:colcon.colcon_ros.task.cmake.build:Building ROS package in '/home/ws/ugv_ws/src/ugv_else/apriltag_ros/apriltag' with build type 'cmake'
[0.570s] INFO:colcon.colcon_cmake.task.cmake.build:Building CMake package in '/home/ws/ugv_ws/src/ugv_else/apriltag_ros/apriltag'
[0.570s] INFO:colcon.colcon_core.shell:Skip shell extension 'powershell' for command environment: Not usable outside of PowerShell
[0.570s] DEBUG:colcon.colcon_core.shell:Skip shell extension 'dsv' for command environment
[0.576s] INFO:colcon.colcon_ros.task.ament_cmake.build:Building ROS package in '/home/ws/ugv_ws/src/ugv_else/apriltag_ros/apriltag_msgs' with build type 'ament_cmake'
[0.576s] INFO:colcon.colcon_cmake.task.cmake.build:Building CMake package in '/home/ws/ugv_ws/src/ugv_else/apriltag_ros/apriltag_msgs'
[0.577s] INFO:colcon.colcon_core.shell:Skip shell extension 'powershell' for command environment: Not usable outside of PowerShell
[0.577s] DEBUG:colcon.colcon_core.shell:Skip shell extension 'dsv' for command environment
[0.589s] DEBUG:colcon.colcon_core.event_handler.log_command:Invoking command in '/home/ws/ugv_ws/build/costmap_converter_msgs': CMAKE_PREFIX_PATH=${CMAKE_PREFIX_PATH}:/home/ws/ugv_ws/install/ugv_web_app:/home/ws/ugv_ws/install/ugv_vision:/home/ws/ugv_ws/install/ugv_tools:/home/ws/ugv_ws/install/ugv_chat_ai:/home/ws/ugv_ws/install/ugv_bringup:/opt/ros/humble /usr/bin/cmake --build /home/ws/ugv_ws/build/costmap_converter_msgs -- -j4 -l4
[0.594s] DEBUG:colcon.colcon_core.event_handler.log_command:Invoking command in '/home/ws/ugv_ws/build/vizanti_msgs': CMAKE_PREFIX_PATH=${CMAKE_PREFIX_PATH}:/home/ws/ugv_ws/install/ugv_web_app:/home/ws/ugv_ws/install/ugv_vision:/home/ws/ugv_ws/install/ugv_tools:/home/ws/ugv_ws/install/ugv_chat_ai:/home/ws/ugv_ws/install/ugv_bringup:/opt/ros/humble /usr/bin/cmake --build /home/ws/ugv_ws/build/vizanti_msgs -- -j4 -l4
[0.601s] DEBUG:colcon.colcon_core.event_handler.log_command:Invoking command in '/home/ws/ugv_ws/build/apriltag': CMAKE_PREFIX_PATH=${CMAKE_PREFIX_PATH}:/home/ws/ugv_ws/install/ugv_web_app:/home/ws/ugv_ws/install/ugv_vision:/home/ws/ugv_ws/install/ugv_tools:/home/ws/ugv_ws/install/ugv_chat_ai:/home/ws/ugv_ws/install/ugv_bringup:/opt/ros/humble /usr/bin/cmake --build /home/ws/ugv_ws/build/apriltag -- -j4 -l4
[0.618s] DEBUG:colcon.colcon_core.event_handler.log_command:Invoking command in '/home/ws/ugv_ws/build/apriltag_msgs': CMAKE_PREFIX_PATH=${CMAKE_PREFIX_PATH}:/home/ws/ugv_ws/install/ugv_web_app:/home/ws/ugv_ws/install/ugv_vision:/home/ws/ugv_ws/install/ugv_tools:/home/ws/ugv_ws/install/ugv_chat_ai:/home/ws/ugv_ws/install/ugv_bringup:/opt/ros/humble /usr/bin/cmake --build /home/ws/ugv_ws/build/apriltag_msgs -- -j4 -l4
[1.553s] DEBUG:colcon.colcon_core.event_handler.log_command:Invoked command in '/home/ws/ugv_ws/build/apriltag' returned '0': CMAKE_PREFIX_PATH=${CMAKE_PREFIX_PATH}:/home/ws/ugv_ws/install/ugv_web_app:/home/ws/ugv_ws/install/ugv_vision:/home/ws/ugv_ws/install/ugv_tools:/home/ws/ugv_ws/install/ugv_chat_ai:/home/ws/ugv_ws/install/ugv_bringup:/opt/ros/humble /usr/bin/cmake --build /home/ws/ugv_ws/build/apriltag -- -j4 -l4
[1.667s] DEBUG:colcon.colcon_core.event_handler.log_command:Invoked command in '/home/ws/ugv_ws/build/costmap_converter_msgs' returned '0': CMAKE_PREFIX_PATH=${CMAKE_PREFIX_PATH}:/home/ws/ugv_ws/install/ugv_web_app:/home/ws/ugv_ws/install/ugv_vision:/home/ws/ugv_ws/install/ugv_tools:/home/ws/ugv_ws/install/ugv_chat_ai:/home/ws/ugv_ws/install/ugv_bringup:/opt/ros/humble /usr/bin/cmake --build /home/ws/ugv_ws/build/costmap_converter_msgs -- -j4 -l4
[1.697s] DEBUG:colcon.colcon_core.event_handler.log_command:Invoked command in '/home/ws/ugv_ws/build/vizanti_msgs' returned '0': CMAKE_PREFIX_PATH=${CMAKE_PREFIX_PATH}:/home/ws/ugv_ws/install/ugv_web_app:/home/ws/ugv_ws/install/ugv_vision:/home/ws/ugv_ws/install/ugv_tools:/home/ws/ugv_ws/install/ugv_chat_ai:/home/ws/ugv_ws/install/ugv_bringup:/opt/ros/humble /usr/bin/cmake --build /home/ws/ugv_ws/build/vizanti_msgs -- -j4 -l4
[1.781s] DEBUG:colcon.colcon_core.event_handler.log_command:Invoking command in '/home/ws/ugv_ws/build/apriltag': CMAKE_PREFIX_PATH=${CMAKE_PREFIX_PATH}:/home/ws/ugv_ws/install/ugv_web_app:/home/ws/ugv_ws/install/ugv_vision:/home/ws/ugv_ws/install/ugv_tools:/home/ws/ugv_ws/install/ugv_chat_ai:/home/ws/ugv_ws/install/ugv_bringup:/opt/ros/humble /usr/bin/cmake --install /home/ws/ugv_ws/build/apriltag
[1.794s] DEBUG:colcon.colcon_core.event_handler.log_command:Invoked command in '/home/ws/ugv_ws/build/apriltag_msgs' returned '0': CMAKE_PREFIX_PATH=${CMAKE_PREFIX_PATH}:/home/ws/ugv_ws/install/ugv_web_app:/home/ws/ugv_ws/install/ugv_vision:/home/ws/ugv_ws/install/ugv_tools:/home/ws/ugv_ws/install/ugv_chat_ai:/home/ws/ugv_ws/install/ugv_bringup:/opt/ros/humble /usr/bin/cmake --build /home/ws/ugv_ws/build/apriltag_msgs -- -j4 -l4
[1.809s] DEBUG:colcon.colcon_core.event_handler.log_command:Invoking command in '/home/ws/ugv_ws/build/costmap_converter_msgs': CMAKE_PREFIX_PATH=${CMAKE_PREFIX_PATH}:/home/ws/ugv_ws/install/ugv_web_app:/home/ws/ugv_ws/install/ugv_vision:/home/ws/ugv_ws/install/ugv_tools:/home/ws/ugv_ws/install/ugv_chat_ai:/home/ws/ugv_ws/install/ugv_bringup:/opt/ros/humble /usr/bin/cmake --install /home/ws/ugv_ws/build/costmap_converter_msgs
[1.811s] DEBUG:colcon.colcon_core.event_handler.log_command:Invoked command in '/home/ws/ugv_ws/build/apriltag' returned '0': CMAKE_PREFIX_PATH=${CMAKE_PREFIX_PATH}:/home/ws/ugv_ws/install/ugv_web_app:/home/ws/ugv_ws/install/ugv_vision:/home/ws/ugv_ws/install/ugv_tools:/home/ws/ugv_ws/install/ugv_chat_ai:/home/ws/ugv_ws/install/ugv_bringup:/opt/ros/humble /usr/bin/cmake --install /home/ws/ugv_ws/build/apriltag
[1.927s] Level 1:colcon.colcon_core.environment:create_environment_scripts_only(costmap_converter_msgs)
[1.932s] DEBUG:colcon.colcon_core.event_handler.log_command:Invoking command in '/home/ws/ugv_ws/build/apriltag_msgs': CMAKE_PREFIX_PATH=${CMAKE_PREFIX_PATH}:/home/ws/ugv_ws/install/ugv_web_app:/home/ws/ugv_ws/install/ugv_vision:/home/ws/ugv_ws/install/ugv_tools:/home/ws/ugv_ws/install/ugv_chat_ai:/home/ws/ugv_ws/install/ugv_bringup:/opt/ros/humble /usr/bin/cmake --install /home/ws/ugv_ws/build/apriltag_msgs
[1.932s] DEBUG:colcon.colcon_core.event_handler.log_command:Invoked command in '/home/ws/ugv_ws/build/costmap_converter_msgs' returned '0': CMAKE_PREFIX_PATH=${CMAKE_PREFIX_PATH}:/home/ws/ugv_ws/install/ugv_web_app:/home/ws/ugv_ws/install/ugv_vision:/home/ws/ugv_ws/install/ugv_tools:/home/ws/ugv_ws/install/ugv_chat_ai:/home/ws/ugv_ws/install/ugv_bringup:/opt/ros/humble /usr/bin/cmake --install /home/ws/ugv_ws/build/costmap_converter_msgs
[1.945s] Level 1:colcon.colcon_core.environment:checking '/home/ws/ugv_ws/install/costmap_converter_msgs' for CMake module files
[1.947s] Level 1:colcon.colcon_core.environment:checking '/home/ws/ugv_ws/install/costmap_converter_msgs' for CMake config files
[1.947s] Level 1:colcon.colcon_core.shell:create_environment_hook('costmap_converter_msgs', 'cmake_prefix_path')
[1.948s] INFO:colcon.colcon_core.shell:Creating environment hook '/home/ws/ugv_ws/install/costmap_converter_msgs/share/costmap_converter_msgs/hook/cmake_prefix_path.ps1'
[1.955s] INFO:colcon.colcon_core.shell:Creating environment descriptor '/home/ws/ugv_ws/install/costmap_converter_msgs/share/costmap_converter_msgs/hook/cmake_prefix_path.dsv'
[1.957s] INFO:colcon.colcon_core.shell:Creating environment hook '/home/ws/ugv_ws/install/costmap_converter_msgs/share/costmap_converter_msgs/hook/cmake_prefix_path.sh'
[1.959s] Level 1:colcon.colcon_core.environment:checking '/home/ws/ugv_ws/install/costmap_converter_msgs/lib'
[1.959s] Level 1:colcon.colcon_core.shell:create_environment_hook('costmap_converter_msgs', 'ld_library_path_lib')
[1.959s] INFO:colcon.colcon_core.shell:Creating environment hook '/home/ws/ugv_ws/install/costmap_converter_msgs/share/costmap_converter_msgs/hook/ld_library_path_lib.ps1'
[1.960s] INFO:colcon.colcon_core.shell:Creating environment descriptor '/home/ws/ugv_ws/install/costmap_converter_msgs/share/costmap_converter_msgs/hook/ld_library_path_lib.dsv'
[1.961s] INFO:colcon.colcon_core.shell:Creating environment hook '/home/ws/ugv_ws/install/costmap_converter_msgs/share/costmap_converter_msgs/hook/ld_library_path_lib.sh'
[1.962s] Level 1:colcon.colcon_core.environment:checking '/home/ws/ugv_ws/install/costmap_converter_msgs/bin'
[1.962s] Level 1:colcon.colcon_core.environment:checking '/home/ws/ugv_ws/install/costmap_converter_msgs/lib/pkgconfig/costmap_converter_msgs.pc'
[1.965s] Level 1:colcon.colcon_core.environment:checking '/home/ws/ugv_ws/install/costmap_converter_msgs/lib/python3.10/site-packages'
[1.965s] Level 1:colcon.colcon_core.environment:checking '/home/ws/ugv_ws/install/costmap_converter_msgs/bin'
[1.966s] INFO:colcon.colcon_core.shell:Creating package script '/home/ws/ugv_ws/install/costmap_converter_msgs/share/costmap_converter_msgs/package.ps1'
[1.967s] INFO:colcon.colcon_core.shell:Creating package descriptor '/home/ws/ugv_ws/install/costmap_converter_msgs/share/costmap_converter_msgs/package.dsv'
[1.970s] INFO:colcon.colcon_core.shell:Creating package script '/home/ws/ugv_ws/install/costmap_converter_msgs/share/costmap_converter_msgs/package.sh'
[1.972s] INFO:colcon.colcon_core.shell:Creating package script '/home/ws/ugv_ws/install/costmap_converter_msgs/share/costmap_converter_msgs/package.bash'
[1.973s] INFO:colcon.colcon_core.shell:Creating package script '/home/ws/ugv_ws/install/costmap_converter_msgs/share/costmap_converter_msgs/package.zsh'
[1.975s] Level 1:colcon.colcon_core.environment:create_file_with_runtime_dependencies(/home/ws/ugv_ws/install/costmap_converter_msgs/share/colcon-core/packages/costmap_converter_msgs)
[1.978s] Level 1:colcon.colcon_core.shell:create_environment_hook('apriltag', 'pkg_config_path')
[1.979s] INFO:colcon.colcon_core.shell:Creating environment hook '/home/ws/ugv_ws/install/apriltag/share/apriltag/hook/pkg_config_path.ps1'
[1.980s] INFO:colcon.colcon_core.shell:Creating environment descriptor '/home/ws/ugv_ws/install/apriltag/share/apriltag/hook/pkg_config_path.dsv'
[1.981s] INFO:colcon.colcon_core.shell:Creating environment hook '/home/ws/ugv_ws/install/apriltag/share/apriltag/hook/pkg_config_path.sh'
[1.984s] Level 1:colcon.colcon_core.shell:create_environment_hook('apriltag', 'pkg_config_path_multiarch')
[1.984s] INFO:colcon.colcon_core.shell:Creating environment hook '/home/ws/ugv_ws/install/apriltag/share/apriltag/hook/pkg_config_path_multiarch.ps1'
[1.985s] INFO:colcon.colcon_core.shell:Creating environment descriptor '/home/ws/ugv_ws/install/apriltag/share/apriltag/hook/pkg_config_path_multiarch.dsv'
[1.986s] INFO:colcon.colcon_core.shell:Creating environment hook '/home/ws/ugv_ws/install/apriltag/share/apriltag/hook/pkg_config_path_multiarch.sh'
[1.987s] Level 1:colcon.colcon_core.environment:create_environment_scripts_only(apriltag)
[1.987s] Level 1:colcon.colcon_core.environment:checking '/home/ws/ugv_ws/install/apriltag' for CMake module files
[1.988s] Level 1:colcon.colcon_core.environment:checking '/home/ws/ugv_ws/install/apriltag' for CMake config files
[1.989s] Level 1:colcon.colcon_core.shell:create_environment_hook('apriltag', 'cmake_prefix_path')
[1.989s] INFO:colcon.colcon_core.shell:Creating environment hook '/home/ws/ugv_ws/install/apriltag/share/apriltag/hook/cmake_prefix_path.ps1'
[1.990s] INFO:colcon.colcon_core.shell:Creating environment descriptor '/home/ws/ugv_ws/install/apriltag/share/apriltag/hook/cmake_prefix_path.dsv'
[1.994s] INFO:colcon.colcon_core.shell:Creating environment hook '/home/ws/ugv_ws/install/apriltag/share/apriltag/hook/cmake_prefix_path.sh'
[1.995s] Level 1:colcon.colcon_core.environment:checking '/home/ws/ugv_ws/install/apriltag/lib'
[1.995s] Level 1:colcon.colcon_core.shell:create_environment_hook('apriltag', 'ld_library_path_lib')
[1.996s] INFO:colcon.colcon_core.shell:Creating environment hook '/home/ws/ugv_ws/install/apriltag/share/apriltag/hook/ld_library_path_lib.ps1'
[1.997s] INFO:colcon.colcon_core.shell:Creating environment descriptor '/home/ws/ugv_ws/install/apriltag/share/apriltag/hook/ld_library_path_lib.dsv'
[1.998s] INFO:colcon.colcon_core.shell:Creating environment hook '/home/ws/ugv_ws/install/apriltag/share/apriltag/hook/ld_library_path_lib.sh'
[1.999s] Level 1:colcon.colcon_core.environment:checking '/home/ws/ugv_ws/install/apriltag/bin'
[1.999s] Level 1:colcon.colcon_core.shell:create_environment_hook('apriltag', 'path')
[1.999s] INFO:colcon.colcon_core.shell:Creating environment hook '/home/ws/ugv_ws/install/apriltag/share/apriltag/hook/path.ps1'
[2.001s] INFO:colcon.colcon_core.shell:Creating environment descriptor '/home/ws/ugv_ws/install/apriltag/share/apriltag/hook/path.dsv'
[2.001s] INFO:colcon.colcon_core.shell:Creating environment hook '/home/ws/ugv_ws/install/apriltag/share/apriltag/hook/path.sh'
[2.002s] Level 1:colcon.colcon_core.environment:checking '/home/ws/ugv_ws/install/apriltag/lib/pkgconfig/apriltag.pc'
[2.002s] Level 1:colcon.colcon_core.shell:create_environment_hook('apriltag', 'pkg_config')
[2.003s] INFO:colcon.colcon_core.shell:Creating environment hook '/home/ws/ugv_ws/install/apriltag/share/apriltag/hook/pkg_config.ps1'
[2.004s] INFO:colcon.colcon_core.shell:Creating environment descriptor '/home/ws/ugv_ws/install/apriltag/share/apriltag/hook/pkg_config.dsv'
[2.005s] INFO:colcon.colcon_core.shell:Creating environment hook '/home/ws/ugv_ws/install/apriltag/share/apriltag/hook/pkg_config.sh'
[2.006s] Level 1:colcon.colcon_core.environment:checking '/home/ws/ugv_ws/install/apriltag/lib/python3.10/site-packages'
[2.006s] Level 1:colcon.colcon_core.shell:create_environment_hook('apriltag', 'pythonpath')
[2.007s] INFO:colcon.colcon_core.shell:Creating environment hook '/home/ws/ugv_ws/install/apriltag/share/apriltag/hook/pythonpath.ps1'
[2.008s] INFO:colcon.colcon_core.shell:Creating environment descriptor '/home/ws/ugv_ws/install/apriltag/share/apriltag/hook/pythonpath.dsv'
[2.011s] INFO:colcon.colcon_core.shell:Creating environment hook '/home/ws/ugv_ws/install/apriltag/share/apriltag/hook/pythonpath.sh'
[2.012s] Level 1:colcon.colcon_core.environment:checking '/home/ws/ugv_ws/install/apriltag/bin'
[2.013s] Level 1:colcon.colcon_core.shell:create_environment_hook('apriltag', 'pythonscriptspath')
[2.014s] INFO:colcon.colcon_core.shell:Creating environment hook '/home/ws/ugv_ws/install/apriltag/share/apriltag/hook/pythonscriptspath.ps1'
[2.015s] INFO:colcon.colcon_core.shell:Creating environment descriptor '/home/ws/ugv_ws/install/apriltag/share/apriltag/hook/pythonscriptspath.dsv'
[2.016s] INFO:colcon.colcon_core.shell:Creating environment hook '/home/ws/ugv_ws/install/apriltag/share/apriltag/hook/pythonscriptspath.sh'
[2.019s] INFO:colcon.colcon_core.shell:Creating package script '/home/ws/ugv_ws/install/apriltag/share/apriltag/package.ps1'
[2.021s] INFO:colcon.colcon_core.shell:Creating package descriptor '/home/ws/ugv_ws/install/apriltag/share/apriltag/package.dsv'
[2.023s] INFO:colcon.colcon_core.shell:Creating package script '/home/ws/ugv_ws/install/apriltag/share/apriltag/package.sh'
[2.025s] INFO:colcon.colcon_core.shell:Creating package script '/home/ws/ugv_ws/install/apriltag/share/apriltag/package.bash'
[2.027s] INFO:colcon.colcon_core.shell:Creating package script '/home/ws/ugv_ws/install/apriltag/share/apriltag/package.zsh'
[2.028s] Level 1:colcon.colcon_core.environment:create_file_with_runtime_dependencies(/home/ws/ugv_ws/install/apriltag/share/colcon-core/packages/apriltag)
[2.029s] INFO:colcon.colcon_ros.task.ament_cmake.build:Building ROS package in '/home/ws/ugv_ws/src/ugv_else/gmapping/openslam_gmapping' with build type 'ament_cmake'
[2.030s] INFO:colcon.colcon_cmake.task.cmake.build:Building CMake package in '/home/ws/ugv_ws/src/ugv_else/gmapping/openslam_gmapping'
[2.030s] INFO:colcon.colcon_core.shell:Skip shell extension 'powershell' for command environment: Not usable outside of PowerShell
[2.030s] DEBUG:colcon.colcon_core.shell:Skip shell extension 'dsv' for command environment
[2.047s] DEBUG:colcon.colcon_core.event_handler.log_command:Invoking command in '/home/ws/ugv_ws/build/vizanti_msgs': CMAKE_PREFIX_PATH=${CMAKE_PREFIX_PATH}:/home/ws/ugv_ws/install/ugv_web_app:/home/ws/ugv_ws/install/ugv_vision:/home/ws/ugv_ws/install/ugv_tools:/home/ws/ugv_ws/install/ugv_chat_ai:/home/ws/ugv_ws/install/ugv_bringup:/opt/ros/humble /usr/bin/cmake --install /home/ws/ugv_ws/build/vizanti_msgs
[2.048s] Level 1:colcon.colcon_core.environment:create_environment_scripts_only(apriltag_msgs)
[2.048s] Level 1:colcon.colcon_core.environment:checking '/home/ws/ugv_ws/install/apriltag_msgs' for CMake module files
[2.049s] DEBUG:colcon.colcon_core.event_handler.log_command:Invoked command in '/home/ws/ugv_ws/build/apriltag_msgs' returned '0': CMAKE_PREFIX_PATH=${CMAKE_PREFIX_PATH}:/home/ws/ugv_ws/install/ugv_web_app:/home/ws/ugv_ws/install/ugv_vision:/home/ws/ugv_ws/install/ugv_tools:/home/ws/ugv_ws/install/ugv_chat_ai:/home/ws/ugv_ws/install/ugv_bringup:/opt/ros/humble /usr/bin/cmake --install /home/ws/ugv_ws/build/apriltag_msgs
[2.050s] Level 1:colcon.colcon_core.environment:checking '/home/ws/ugv_ws/install/apriltag_msgs' for CMake config files
[2.051s] Level 1:colcon.colcon_core.shell:create_environment_hook('apriltag_msgs', 'cmake_prefix_path')
[2.051s] INFO:colcon.colcon_core.shell:Creating environment hook '/home/ws/ugv_ws/install/apriltag_msgs/share/apriltag_msgs/hook/cmake_prefix_path.ps1'
[2.052s] INFO:colcon.colcon_core.shell:Creating environment descriptor '/home/ws/ugv_ws/install/apriltag_msgs/share/apriltag_msgs/hook/cmake_prefix_path.dsv'
[2.053s] INFO:colcon.colcon_core.shell:Creating environment hook '/home/ws/ugv_ws/install/apriltag_msgs/share/apriltag_msgs/hook/cmake_prefix_path.sh'
[2.054s] Level 1:colcon.colcon_core.environment:checking '/home/ws/ugv_ws/install/apriltag_msgs/lib'
[2.055s] Level 1:colcon.colcon_core.shell:create_environment_hook('apriltag_msgs', 'ld_library_path_lib')
[2.055s] INFO:colcon.colcon_core.shell:Creating environment hook '/home/ws/ugv_ws/install/apriltag_msgs/share/apriltag_msgs/hook/ld_library_path_lib.ps1'
[2.056s] INFO:colcon.colcon_core.shell:Creating environment descriptor '/home/ws/ugv_ws/install/apriltag_msgs/share/apriltag_msgs/hook/ld_library_path_lib.dsv'
[2.057s] INFO:colcon.colcon_core.shell:Creating environment hook '/home/ws/ugv_ws/install/apriltag_msgs/share/apriltag_msgs/hook/ld_library_path_lib.sh'
[2.057s] Level 1:colcon.colcon_core.environment:checking '/home/ws/ugv_ws/install/apriltag_msgs/bin'
[2.058s] Level 1:colcon.colcon_core.environment:checking '/home/ws/ugv_ws/install/apriltag_msgs/lib/pkgconfig/apriltag_msgs.pc'
[2.058s] Level 1:colcon.colcon_core.environment:checking '/home/ws/ugv_ws/install/apriltag_msgs/lib/python3.10/site-packages'
[2.058s] Level 1:colcon.colcon_core.environment:checking '/home/ws/ugv_ws/install/apriltag_msgs/bin'
[2.059s] INFO:colcon.colcon_core.shell:Creating package script '/home/ws/ugv_ws/install/apriltag_msgs/share/apriltag_msgs/package.ps1'
[2.060s] INFO:colcon.colcon_core.shell:Creating package descriptor '/home/ws/ugv_ws/install/apriltag_msgs/share/apriltag_msgs/package.dsv'
[2.061s] INFO:colcon.colcon_core.shell:Creating package script '/home/ws/ugv_ws/install/apriltag_msgs/share/apriltag_msgs/package.sh'
[2.061s] INFO:colcon.colcon_core.shell:Creating package script '/home/ws/ugv_ws/install/apriltag_msgs/share/apriltag_msgs/package.bash'
[2.065s] INFO:colcon.colcon_core.shell:Creating package script '/home/ws/ugv_ws/install/apriltag_msgs/share/apriltag_msgs/package.zsh'
[2.066s] Level 1:colcon.colcon_core.environment:create_file_with_runtime_dependencies(/home/ws/ugv_ws/install/apriltag_msgs/share/colcon-core/packages/apriltag_msgs)
[2.081s] Level 1:colcon.colcon_core.environment:create_environment_scripts_only(costmap_converter_msgs)
[2.082s] Level 1:colcon.colcon_core.environment:checking '/home/ws/ugv_ws/install/costmap_converter_msgs' for CMake module files
[2.095s] Level 1:colcon.colcon_core.environment:checking '/home/ws/ugv_ws/install/costmap_converter_msgs' for CMake config files
[2.101s] DEBUG:colcon.colcon_core.event_handler.log_command:Invoking command in '/home/ws/ugv_ws/build/openslam_gmapping': CMAKE_PREFIX_PATH=${CMAKE_PREFIX_PATH}:/home/ws/ugv_ws/install/ugv_web_app:/home/ws/ugv_ws/install/ugv_vision:/home/ws/ugv_ws/install/ugv_tools:/home/ws/ugv_ws/install/ugv_chat_ai:/home/ws/ugv_ws/install/ugv_bringup:/opt/ros/humble /usr/bin/cmake --build /home/ws/ugv_ws/build/openslam_gmapping -- -j4 -l4
[2.104s] Level 1:colcon.colcon_core.shell:create_environment_hook('costmap_converter_msgs', 'cmake_prefix_path')
[2.105s] INFO:colcon.colcon_core.shell:Creating environment hook '/home/ws/ugv_ws/install/costmap_converter_msgs/share/costmap_converter_msgs/hook/cmake_prefix_path.ps1'
[2.105s] INFO:colcon.colcon_core.shell:Creating environment descriptor '/home/ws/ugv_ws/install/costmap_converter_msgs/share/costmap_converter_msgs/hook/cmake_prefix_path.dsv'
[2.107s] INFO:colcon.colcon_core.shell:Creating environment hook '/home/ws/ugv_ws/install/costmap_converter_msgs/share/costmap_converter_msgs/hook/cmake_prefix_path.sh'
[2.108s] Level 1:colcon.colcon_core.environment:checking '/home/ws/ugv_ws/install/costmap_converter_msgs/lib'
[2.108s] Level 1:colcon.colcon_core.shell:create_environment_hook('costmap_converter_msgs', 'ld_library_path_lib')
[2.109s] INFO:colcon.colcon_core.shell:Creating environment hook '/home/ws/ugv_ws/install/costmap_converter_msgs/share/costmap_converter_msgs/hook/ld_library_path_lib.ps1'
[2.109s] INFO:colcon.colcon_core.shell:Creating environment descriptor '/home/ws/ugv_ws/install/costmap_converter_msgs/share/costmap_converter_msgs/hook/ld_library_path_lib.dsv'
[2.110s] INFO:colcon.colcon_core.shell:Creating environment hook '/home/ws/ugv_ws/install/costmap_converter_msgs/share/costmap_converter_msgs/hook/ld_library_path_lib.sh'
[2.111s] Level 1:colcon.colcon_core.environment:checking '/home/ws/ugv_ws/install/costmap_converter_msgs/bin'
[2.111s] Level 1:colcon.colcon_core.environment:checking '/home/ws/ugv_ws/install/costmap_converter_msgs/lib/pkgconfig/costmap_converter_msgs.pc'
[2.111s] Level 1:colcon.colcon_core.environment:checking '/home/ws/ugv_ws/install/costmap_converter_msgs/lib/python3.10/site-packages'
[2.112s] Level 1:colcon.colcon_core.environment:checking '/home/ws/ugv_ws/install/costmap_converter_msgs/bin'
[2.112s] INFO:colcon.colcon_core.shell:Creating package script '/home/ws/ugv_ws/install/costmap_converter_msgs/share/costmap_converter_msgs/package.ps1'
[2.114s] INFO:colcon.colcon_core.shell:Creating package descriptor '/home/ws/ugv_ws/install/costmap_converter_msgs/share/costmap_converter_msgs/package.dsv'
[2.116s] INFO:colcon.colcon_core.shell:Creating package script '/home/ws/ugv_ws/install/costmap_converter_msgs/share/costmap_converter_msgs/package.sh'
[2.117s] INFO:colcon.colcon_core.shell:Creating package script '/home/ws/ugv_ws/install/costmap_converter_msgs/share/costmap_converter_msgs/package.bash'
[2.119s] INFO:colcon.colcon_core.shell:Creating package script '/home/ws/ugv_ws/install/costmap_converter_msgs/share/costmap_converter_msgs/package.zsh'
[2.120s] Level 1:colcon.colcon_core.environment:create_file_with_runtime_dependencies(/home/ws/ugv_ws/install/costmap_converter_msgs/share/colcon-core/packages/costmap_converter_msgs)
[2.121s] INFO:colcon.colcon_ros.task.ament_cmake.build:Building ROS package in '/home/ws/ugv_ws/src/ugv_else/costmap_converter/costmap_converter' with build type 'ament_cmake'
[2.121s] INFO:colcon.colcon_cmake.task.cmake.build:Building CMake package in '/home/ws/ugv_ws/src/ugv_else/costmap_converter/costmap_converter'
[2.122s] INFO:colcon.colcon_core.shell:Skip shell extension 'powershell' for command environment: Not usable outside of PowerShell
[2.122s] DEBUG:colcon.colcon_core.shell:Skip shell extension 'dsv' for command environment
[2.151s] DEBUG:colcon.colcon_core.event_handler.log_command:Invoking command in '/home/ws/ugv_ws/build/costmap_converter': CMAKE_PREFIX_PATH=/home/ws/ugv_ws/install/costmap_converter_msgs:/home/ws/ugv_ws/install/vizanti:/home/ws/ugv_ws/install/vizanti_server:/home/ws/ugv_ws/install/vizanti_demos:/home/ws/ugv_ws/install/vizanti_msgs:/home/ws/ugv_ws/install/vizanti_cpp:/home/ws/ugv_ws/install/ugv_slam:/home/ws/ugv_ws/install/ugv_nav:/home/ws/ugv_ws/install/ugv_interface:/home/ws/ugv_ws/install/ugv_gazebo:/home/ws/ugv_ws/install/ugv_description:/home/ws/ugv_ws/install/ugv_base_node:/home/ws/ugv_ws/install/teb_local_planner:/home/ws/ugv_ws/install/teb_msgs:/home/ws/ugv_ws/install/slam_gmapping:/home/ws/ugv_ws/install/robot_pose_publisher:/home/ws/ugv_ws/install/rf2o_laser_odometry:/home/ws/ugv_ws/install/openslam_gmapping:/home/ws/ugv_ws/install/ldlidar:/home/ws/ugv_ws/install/explore_lite:/home/ws/ugv_ws/install/emcl2:/home/ws/ugv_ws/install/costmap_converter:/home/ws/ugv_ws/install/cartographer:/home/ws/ugv_ws/install/apriltag_ros:/home/ws/ugv_ws/install/apriltag_msgs:/home/ws/ugv_ws/install/apriltag:/home/ws/ugv_ws/install/ugv_web_app:/home/ws/ugv_ws/install/ugv_vision:/home/ws/ugv_ws/install/ugv_tools:/home/ws/ugv_ws/install/ugv_chat_ai:/home/ws/ugv_ws/install/ugv_bringup:/opt/ros/humble LD_LIBRARY_PATH=/home/ws/ugv_ws/install/costmap_converter_msgs/lib:/home/ws/ugv_ws/install/vizanti_msgs/lib:/home/ws/ugv_ws/install/ugv_interface/lib:/home/ws/ugv_ws/install/teb_local_planner/lib:/home/ws/ugv_ws/install/teb_msgs/lib:/home/ws/ugv_ws/install/openslam_gmapping/lib:/home/ws/ugv_ws/install/costmap_converter/lib:/home/ws/ugv_ws/install/apriltag_ros/lib:/home/ws/ugv_ws/install/apriltag_msgs/lib:/home/ws/ugv_ws/install/apriltag/lib:/opt/ros/humble/opt/rviz_ogre_vendor/lib:/opt/ros/humble/lib/aarch64-linux-gnu:/opt/ros/humble/lib /usr/bin/cmake --build /home/ws/ugv_ws/build/costmap_converter -- -j4 -l4
[2.189s] Level 1:colcon.colcon_core.environment:create_environment_scripts_only(vizanti_msgs)
[2.190s] Level 1:colcon.colcon_core.environment:checking '/home/ws/ugv_ws/install/vizanti_msgs' for CMake module files
[2.191s] Level 1:colcon.colcon_core.environment:checking '/home/ws/ugv_ws/install/vizanti_msgs' for CMake config files
[2.192s] Level 1:colcon.colcon_core.shell:create_environment_hook('vizanti_msgs', 'cmake_prefix_path')
[2.192s] INFO:colcon.colcon_core.shell:Creating environment hook '/home/ws/ugv_ws/install/vizanti_msgs/share/vizanti_msgs/hook/cmake_prefix_path.ps1'
[2.193s] INFO:colcon.colcon_core.shell:Creating environment descriptor '/home/ws/ugv_ws/install/vizanti_msgs/share/vizanti_msgs/hook/cmake_prefix_path.dsv'
[2.194s] INFO:colcon.colcon_core.shell:Creating environment hook '/home/ws/ugv_ws/install/vizanti_msgs/share/vizanti_msgs/hook/cmake_prefix_path.sh'
[2.195s] DEBUG:colcon.colcon_core.event_handler.log_command:Invoked command in '/home/ws/ugv_ws/build/vizanti_msgs' returned '0': CMAKE_PREFIX_PATH=${CMAKE_PREFIX_PATH}:/home/ws/ugv_ws/install/ugv_web_app:/home/ws/ugv_ws/install/ugv_vision:/home/ws/ugv_ws/install/ugv_tools:/home/ws/ugv_ws/install/ugv_chat_ai:/home/ws/ugv_ws/install/ugv_bringup:/opt/ros/humble /usr/bin/cmake --install /home/ws/ugv_ws/build/vizanti_msgs
[2.196s] Level 1:colcon.colcon_core.environment:checking '/home/ws/ugv_ws/install/vizanti_msgs/lib'
[2.197s] Level 1:colcon.colcon_core.shell:create_environment_hook('vizanti_msgs', 'ld_library_path_lib')
[2.198s] INFO:colcon.colcon_core.shell:Creating environment hook '/home/ws/ugv_ws/install/vizanti_msgs/share/vizanti_msgs/hook/ld_library_path_lib.ps1'
[2.199s] INFO:colcon.colcon_core.shell:Creating environment descriptor '/home/ws/ugv_ws/install/vizanti_msgs/share/vizanti_msgs/hook/ld_library_path_lib.dsv'
[2.199s] INFO:colcon.colcon_core.shell:Creating environment hook '/home/ws/ugv_ws/install/vizanti_msgs/share/vizanti_msgs/hook/ld_library_path_lib.sh'
[2.202s] Level 1:colcon.colcon_core.environment:checking '/home/ws/ugv_ws/install/vizanti_msgs/bin'
[2.202s] Level 1:colcon.colcon_core.environment:checking '/home/ws/ugv_ws/install/vizanti_msgs/lib/pkgconfig/vizanti_msgs.pc'
[2.202s] Level 1:colcon.colcon_core.environment:checking '/home/ws/ugv_ws/install/vizanti_msgs/lib/python3.10/site-packages'
[2.203s] Level 1:colcon.colcon_core.environment:checking '/home/ws/ugv_ws/install/vizanti_msgs/bin'
[2.204s] INFO:colcon.colcon_core.shell:Creating package script '/home/ws/ugv_ws/install/vizanti_msgs/share/vizanti_msgs/package.ps1'
[2.205s] INFO:colcon.colcon_core.shell:Creating package descriptor '/home/ws/ugv_ws/install/vizanti_msgs/share/vizanti_msgs/package.dsv'
[2.207s] INFO:colcon.colcon_core.shell:Creating package script '/home/ws/ugv_ws/install/vizanti_msgs/share/vizanti_msgs/package.sh'
[2.209s] INFO:colcon.colcon_core.shell:Creating package script '/home/ws/ugv_ws/install/vizanti_msgs/share/vizanti_msgs/package.bash'
[2.210s] INFO:colcon.colcon_core.shell:Creating package script '/home/ws/ugv_ws/install/vizanti_msgs/share/vizanti_msgs/package.zsh'
[2.215s] Level 1:colcon.colcon_core.environment:create_file_with_runtime_dependencies(/home/ws/ugv_ws/install/vizanti_msgs/share/colcon-core/packages/vizanti_msgs)
[2.246s] Level 1:colcon.colcon_core.environment:create_environment_scripts_only(apriltag_msgs)
[2.247s] Level 1:colcon.colcon_core.environment:checking '/home/ws/ugv_ws/install/apriltag_msgs' for CMake module files
[2.249s] Level 1:colcon.colcon_core.environment:checking '/home/ws/ugv_ws/install/apriltag_msgs' for CMake config files
[2.250s] Level 1:colcon.colcon_core.shell:create_environment_hook('apriltag_msgs', 'cmake_prefix_path')
[2.251s] INFO:colcon.colcon_core.shell:Creating environment hook '/home/ws/ugv_ws/install/apriltag_msgs/share/apriltag_msgs/hook/cmake_prefix_path.ps1'
[2.252s] INFO:colcon.colcon_core.shell:Creating environment descriptor '/home/ws/ugv_ws/install/apriltag_msgs/share/apriltag_msgs/hook/cmake_prefix_path.dsv'
[2.257s] INFO:colcon.colcon_core.shell:Creating environment hook '/home/ws/ugv_ws/install/apriltag_msgs/share/apriltag_msgs/hook/cmake_prefix_path.sh'
[2.258s] Level 1:colcon.colcon_core.environment:checking '/home/ws/ugv_ws/install/apriltag_msgs/lib'
[2.259s] Level 1:colcon.colcon_core.shell:create_environment_hook('apriltag_msgs', 'ld_library_path_lib')
[2.259s] INFO:colcon.colcon_core.shell:Creating environment hook '/home/ws/ugv_ws/install/apriltag_msgs/share/apriltag_msgs/hook/ld_library_path_lib.ps1'
[2.260s] INFO:colcon.colcon_core.shell:Creating environment descriptor '/home/ws/ugv_ws/install/apriltag_msgs/share/apriltag_msgs/hook/ld_library_path_lib.dsv'
[2.261s] INFO:colcon.colcon_core.shell:Creating environment hook '/home/ws/ugv_ws/install/apriltag_msgs/share/apriltag_msgs/hook/ld_library_path_lib.sh'
[2.469s] Level 1:colcon.colcon_core.environment:checking '/home/ws/ugv_ws/install/apriltag_msgs/bin'
[2.469s] Level 1:colcon.colcon_core.environment:checking '/home/ws/ugv_ws/install/apriltag_msgs/lib/pkgconfig/apriltag_msgs.pc'
[2.469s] Level 1:colcon.colcon_core.environment:checking '/home/ws/ugv_ws/install/apriltag_msgs/lib/python3.10/site-packages'
[2.469s] Level 1:colcon.colcon_core.environment:checking '/home/ws/ugv_ws/install/apriltag_msgs/bin'
[2.470s] INFO:colcon.colcon_core.shell:Creating package script '/home/ws/ugv_ws/install/apriltag_msgs/share/apriltag_msgs/package.ps1'
[2.602s] INFO:colcon.colcon_core.shell:Creating package descriptor '/home/ws/ugv_ws/install/apriltag_msgs/share/apriltag_msgs/package.dsv'
[2.603s] INFO:colcon.colcon_core.shell:Creating package script '/home/ws/ugv_ws/install/apriltag_msgs/share/apriltag_msgs/package.sh'
[2.603s] INFO:colcon.colcon_core.shell:Creating package script '/home/ws/ugv_ws/install/apriltag_msgs/share/apriltag_msgs/package.bash'
[2.604s] INFO:colcon.colcon_core.shell:Creating package script '/home/ws/ugv_ws/install/apriltag_msgs/share/apriltag_msgs/package.zsh'
[2.608s] Level 1:colcon.colcon_core.environment:create_file_with_runtime_dependencies(/home/ws/ugv_ws/install/apriltag_msgs/share/colcon-core/packages/apriltag_msgs)
[2.609s] INFO:colcon.colcon_ros.task.ament_cmake.build:Building ROS package in '/home/ws/ugv_ws/src/ugv_else/teb_local_planner/teb_msgs' with build type 'ament_cmake'
[2.610s] INFO:colcon.colcon_cmake.task.cmake.build:Building CMake package in '/home/ws/ugv_ws/src/ugv_else/teb_local_planner/teb_msgs'
[2.610s] INFO:colcon.colcon_core.shell:Skip shell extension 'powershell' for command environment: Not usable outside of PowerShell
[2.610s] DEBUG:colcon.colcon_core.shell:Skip shell extension 'dsv' for command environment
[2.617s] DEBUG:colcon.colcon_core.event_handler.log_command:Invoked command in '/home/ws/ugv_ws/build/costmap_converter' returned '0': CMAKE_PREFIX_PATH=/home/ws/ugv_ws/install/costmap_converter_msgs:/home/ws/ugv_ws/install/vizanti:/home/ws/ugv_ws/install/vizanti_server:/home/ws/ugv_ws/install/vizanti_demos:/home/ws/ugv_ws/install/vizanti_msgs:/home/ws/ugv_ws/install/vizanti_cpp:/home/ws/ugv_ws/install/ugv_slam:/home/ws/ugv_ws/install/ugv_nav:/home/ws/ugv_ws/install/ugv_interface:/home/ws/ugv_ws/install/ugv_gazebo:/home/ws/ugv_ws/install/ugv_description:/home/ws/ugv_ws/install/ugv_base_node:/home/ws/ugv_ws/install/teb_local_planner:/home/ws/ugv_ws/install/teb_msgs:/home/ws/ugv_ws/install/slam_gmapping:/home/ws/ugv_ws/install/robot_pose_publisher:/home/ws/ugv_ws/install/rf2o_laser_odometry:/home/ws/ugv_ws/install/openslam_gmapping:/home/ws/ugv_ws/install/ldlidar:/home/ws/ugv_ws/install/explore_lite:/home/ws/ugv_ws/install/emcl2:/home/ws/ugv_ws/install/costmap_converter:/home/ws/ugv_ws/install/cartographer:/home/ws/ugv_ws/install/apriltag_ros:/home/ws/ugv_ws/install/apriltag_msgs:/home/ws/ugv_ws/install/apriltag:/home/ws/ugv_ws/install/ugv_web_app:/home/ws/ugv_ws/install/ugv_vision:/home/ws/ugv_ws/install/ugv_tools:/home/ws/ugv_ws/install/ugv_chat_ai:/home/ws/ugv_ws/install/ugv_bringup:/opt/ros/humble LD_LIBRARY_PATH=/home/ws/ugv_ws/install/costmap_converter_msgs/lib:/home/ws/ugv_ws/install/vizanti_msgs/lib:/home/ws/ugv_ws/install/ugv_interface/lib:/home/ws/ugv_ws/install/teb_local_planner/lib:/home/ws/ugv_ws/install/teb_msgs/lib:/home/ws/ugv_ws/install/openslam_gmapping/lib:/home/ws/ugv_ws/install/costmap_converter/lib:/home/ws/ugv_ws/install/apriltag_ros/lib:/home/ws/ugv_ws/install/apriltag_msgs/lib:/home/ws/ugv_ws/install/apriltag/lib:/opt/ros/humble/opt/rviz_ogre_vendor/lib:/opt/ros/humble/lib/aarch64-linux-gnu:/opt/ros/humble/lib /usr/bin/cmake --build /home/ws/ugv_ws/build/costmap_converter -- -j4 -l4
[2.621s] Level 1:colcon.colcon_core.environment:create_environment_scripts_only(vizanti_msgs)
[2.623s] Level 1:colcon.colcon_core.environment:checking '/home/ws/ugv_ws/install/vizanti_msgs' for CMake module files
[2.623s] DEBUG:colcon.colcon_core.event_handler.log_command:Invoked command in '/home/ws/ugv_ws/build/openslam_gmapping' returned '0': CMAKE_PREFIX_PATH=${CMAKE_PREFIX_PATH}:/home/ws/ugv_ws/install/ugv_web_app:/home/ws/ugv_ws/install/ugv_vision:/home/ws/ugv_ws/install/ugv_tools:/home/ws/ugv_ws/install/ugv_chat_ai:/home/ws/ugv_ws/install/ugv_bringup:/opt/ros/humble /usr/bin/cmake --build /home/ws/ugv_ws/build/openslam_gmapping -- -j4 -l4
[2.624s] Level 1:colcon.colcon_core.environment:checking '/home/ws/ugv_ws/install/vizanti_msgs' for CMake config files
[2.625s] Level 1:colcon.colcon_core.shell:create_environment_hook('vizanti_msgs', 'cmake_prefix_path')
[2.625s] INFO:colcon.colcon_core.shell:Creating environment hook '/home/ws/ugv_ws/install/vizanti_msgs/share/vizanti_msgs/hook/cmake_prefix_path.ps1'
[2.626s] INFO:colcon.colcon_core.shell:Creating environment descriptor '/home/ws/ugv_ws/install/vizanti_msgs/share/vizanti_msgs/hook/cmake_prefix_path.dsv'
[2.627s] INFO:colcon.colcon_core.shell:Creating environment hook '/home/ws/ugv_ws/install/vizanti_msgs/share/vizanti_msgs/hook/cmake_prefix_path.sh'
[2.628s] Level 1:colcon.colcon_core.environment:checking '/home/ws/ugv_ws/install/vizanti_msgs/lib'
[2.629s] Level 1:colcon.colcon_core.shell:create_environment_hook('vizanti_msgs', 'ld_library_path_lib')
[2.629s] INFO:colcon.colcon_core.shell:Creating environment hook '/home/ws/ugv_ws/install/vizanti_msgs/share/vizanti_msgs/hook/ld_library_path_lib.ps1'
[2.630s] INFO:colcon.colcon_core.shell:Creating environment descriptor '/home/ws/ugv_ws/install/vizanti_msgs/share/vizanti_msgs/hook/ld_library_path_lib.dsv'
[2.634s] INFO:colcon.colcon_core.shell:Creating environment hook '/home/ws/ugv_ws/install/vizanti_msgs/share/vizanti_msgs/hook/ld_library_path_lib.sh'
[2.635s] Level 1:colcon.colcon_core.environment:checking '/home/ws/ugv_ws/install/vizanti_msgs/bin'
[2.636s] Level 1:colcon.colcon_core.environment:checking '/home/ws/ugv_ws/install/vizanti_msgs/lib/pkgconfig/vizanti_msgs.pc'
[2.636s] Level 1:colcon.colcon_core.environment:checking '/home/ws/ugv_ws/install/vizanti_msgs/lib/python3.10/site-packages'
[2.636s] Level 1:colcon.colcon_core.environment:checking '/home/ws/ugv_ws/install/vizanti_msgs/bin'
[2.637s] INFO:colcon.colcon_core.shell:Creating package script '/home/ws/ugv_ws/install/vizanti_msgs/share/vizanti_msgs/package.ps1'
[2.638s] INFO:colcon.colcon_core.shell:Creating package descriptor '/home/ws/ugv_ws/install/vizanti_msgs/share/vizanti_msgs/package.dsv'
[2.639s] INFO:colcon.colcon_core.shell:Creating package script '/home/ws/ugv_ws/install/vizanti_msgs/share/vizanti_msgs/package.sh'
[2.640s] INFO:colcon.colcon_core.shell:Creating package script '/home/ws/ugv_ws/install/vizanti_msgs/share/vizanti_msgs/package.bash'
[2.641s] INFO:colcon.colcon_core.shell:Creating package script '/home/ws/ugv_ws/install/vizanti_msgs/share/vizanti_msgs/package.zsh'
[2.645s] Level 1:colcon.colcon_core.environment:create_file_with_runtime_dependencies(/home/ws/ugv_ws/install/vizanti_msgs/share/colcon-core/packages/vizanti_msgs)
[2.647s] INFO:colcon.colcon_ros.task.ament_cmake.build:Building ROS package in '/home/ws/ugv_ws/src/ugv_else/vizanti/vizanti_server' with build type 'ament_cmake'
[2.648s] INFO:colcon.colcon_cmake.task.cmake.build:Building CMake package in '/home/ws/ugv_ws/src/ugv_else/vizanti/vizanti_server'
[2.649s] INFO:colcon.colcon_core.shell:Skip shell extension 'powershell' for command environment: Not usable outside of PowerShell
[2.649s] DEBUG:colcon.colcon_core.shell:Skip shell extension 'dsv' for command environment
[2.662s] DEBUG:colcon.colcon_core.event_handler.log_command:Invoking command in '/home/ws/ugv_ws/build/teb_msgs': CMAKE_PREFIX_PATH=/home/ws/ugv_ws/install/costmap_converter_msgs:/home/ws/ugv_ws/install/vizanti:/home/ws/ugv_ws/install/vizanti_server:/home/ws/ugv_ws/install/vizanti_demos:/home/ws/ugv_ws/install/vizanti_msgs:/home/ws/ugv_ws/install/vizanti_cpp:/home/ws/ugv_ws/install/ugv_slam:/home/ws/ugv_ws/install/ugv_nav:/home/ws/ugv_ws/install/ugv_interface:/home/ws/ugv_ws/install/ugv_gazebo:/home/ws/ugv_ws/install/ugv_description:/home/ws/ugv_ws/install/ugv_base_node:/home/ws/ugv_ws/install/teb_local_planner:/home/ws/ugv_ws/install/teb_msgs:/home/ws/ugv_ws/install/slam_gmapping:/home/ws/ugv_ws/install/robot_pose_publisher:/home/ws/ugv_ws/install/rf2o_laser_odometry:/home/ws/ugv_ws/install/openslam_gmapping:/home/ws/ugv_ws/install/ldlidar:/home/ws/ugv_ws/install/explore_lite:/home/ws/ugv_ws/install/emcl2:/home/ws/ugv_ws/install/costmap_converter:/home/ws/ugv_ws/install/cartographer:/home/ws/ugv_ws/install/apriltag_ros:/home/ws/ugv_ws/install/apriltag_msgs:/home/ws/ugv_ws/install/apriltag:/home/ws/ugv_ws/install/ugv_web_app:/home/ws/ugv_ws/install/ugv_vision:/home/ws/ugv_ws/install/ugv_tools:/home/ws/ugv_ws/install/ugv_chat_ai:/home/ws/ugv_ws/install/ugv_bringup:/opt/ros/humble LD_LIBRARY_PATH=/home/ws/ugv_ws/install/costmap_converter_msgs/lib:/home/ws/ugv_ws/install/vizanti_msgs/lib:/home/ws/ugv_ws/install/ugv_interface/lib:/home/ws/ugv_ws/install/teb_local_planner/lib:/home/ws/ugv_ws/install/teb_msgs/lib:/home/ws/ugv_ws/install/openslam_gmapping/lib:/home/ws/ugv_ws/install/costmap_converter/lib:/home/ws/ugv_ws/install/apriltag_ros/lib:/home/ws/ugv_ws/install/apriltag_msgs/lib:/home/ws/ugv_ws/install/apriltag/lib:/opt/ros/humble/opt/rviz_ogre_vendor/lib:/opt/ros/humble/lib/aarch64-linux-gnu:/opt/ros/humble/lib /usr/bin/cmake --build /home/ws/ugv_ws/build/teb_msgs -- -j4 -l4
[2.667s] DEBUG:colcon.colcon_core.event_handler.log_command:Invoking command in '/home/ws/ugv_ws/build/openslam_gmapping': CMAKE_PREFIX_PATH=${CMAKE_PREFIX_PATH}:/home/ws/ugv_ws/install/ugv_web_app:/home/ws/ugv_ws/install/ugv_vision:/home/ws/ugv_ws/install/ugv_tools:/home/ws/ugv_ws/install/ugv_chat_ai:/home/ws/ugv_ws/install/ugv_bringup:/opt/ros/humble /usr/bin/cmake --install /home/ws/ugv_ws/build/openslam_gmapping
[2.675s] DEBUG:colcon.colcon_core.event_handler.log_command:Invoking command in '/home/ws/ugv_ws/build/vizanti_server': CMAKE_PREFIX_PATH=/home/ws/ugv_ws/install/vizanti_msgs:/home/ws/ugv_ws/install/vizanti:/home/ws/ugv_ws/install/vizanti_server:/home/ws/ugv_ws/install/vizanti_demos:/home/ws/ugv_ws/install/vizanti_cpp:/home/ws/ugv_ws/install/ugv_slam:/home/ws/ugv_ws/install/ugv_nav:/home/ws/ugv_ws/install/ugv_interface:/home/ws/ugv_ws/install/ugv_gazebo:/home/ws/ugv_ws/install/ugv_description:/home/ws/ugv_ws/install/ugv_base_node:/home/ws/ugv_ws/install/teb_local_planner:/home/ws/ugv_ws/install/teb_msgs:/home/ws/ugv_ws/install/slam_gmapping:/home/ws/ugv_ws/install/robot_pose_publisher:/home/ws/ugv_ws/install/rf2o_laser_odometry:/home/ws/ugv_ws/install/openslam_gmapping:/home/ws/ugv_ws/install/ldlidar:/home/ws/ugv_ws/install/explore_lite:/home/ws/ugv_ws/install/emcl2:/home/ws/ugv_ws/install/costmap_converter:/home/ws/ugv_ws/install/costmap_converter_msgs:/home/ws/ugv_ws/install/cartographer:/home/ws/ugv_ws/install/apriltag_ros:/home/ws/ugv_ws/install/apriltag_msgs:/home/ws/ugv_ws/install/apriltag:/home/ws/ugv_ws/install/ugv_web_app:/home/ws/ugv_ws/install/ugv_vision:/home/ws/ugv_ws/install/ugv_tools:/home/ws/ugv_ws/install/ugv_chat_ai:/home/ws/ugv_ws/install/ugv_bringup:/opt/ros/humble /usr/bin/cmake --build /home/ws/ugv_ws/build/vizanti_server -- -j4 -l4
[2.694s] DEBUG:colcon.colcon_core.event_handler.log_command:Invoking command in '/home/ws/ugv_ws/build/costmap_converter': CMAKE_PREFIX_PATH=/home/ws/ugv_ws/install/costmap_converter_msgs:/home/ws/ugv_ws/install/vizanti:/home/ws/ugv_ws/install/vizanti_server:/home/ws/ugv_ws/install/vizanti_demos:/home/ws/ugv_ws/install/vizanti_msgs:/home/ws/ugv_ws/install/vizanti_cpp:/home/ws/ugv_ws/install/ugv_slam:/home/ws/ugv_ws/install/ugv_nav:/home/ws/ugv_ws/install/ugv_interface:/home/ws/ugv_ws/install/ugv_gazebo:/home/ws/ugv_ws/install/ugv_description:/home/ws/ugv_ws/install/ugv_base_node:/home/ws/ugv_ws/install/teb_local_planner:/home/ws/ugv_ws/install/teb_msgs:/home/ws/ugv_ws/install/slam_gmapping:/home/ws/ugv_ws/install/robot_pose_publisher:/home/ws/ugv_ws/install/rf2o_laser_odometry:/home/ws/ugv_ws/install/openslam_gmapping:/home/ws/ugv_ws/install/ldlidar:/home/ws/ugv_ws/install/explore_lite:/home/ws/ugv_ws/install/emcl2:/home/ws/ugv_ws/install/costmap_converter:/home/ws/ugv_ws/install/cartographer:/home/ws/ugv_ws/install/apriltag_ros:/home/ws/ugv_ws/install/apriltag_msgs:/home/ws/ugv_ws/install/apriltag:/home/ws/ugv_ws/install/ugv_web_app:/home/ws/ugv_ws/install/ugv_vision:/home/ws/ugv_ws/install/ugv_tools:/home/ws/ugv_ws/install/ugv_chat_ai:/home/ws/ugv_ws/install/ugv_bringup:/opt/ros/humble LD_LIBRARY_PATH=/home/ws/ugv_ws/install/costmap_converter_msgs/lib:/home/ws/ugv_ws/install/vizanti_msgs/lib:/home/ws/ugv_ws/install/ugv_interface/lib:/home/ws/ugv_ws/install/teb_local_planner/lib:/home/ws/ugv_ws/install/teb_msgs/lib:/home/ws/ugv_ws/install/openslam_gmapping/lib:/home/ws/ugv_ws/install/costmap_converter/lib:/home/ws/ugv_ws/install/apriltag_ros/lib:/home/ws/ugv_ws/install/apriltag_msgs/lib:/home/ws/ugv_ws/install/apriltag/lib:/opt/ros/humble/opt/rviz_ogre_vendor/lib:/opt/ros/humble/lib/aarch64-linux-gnu:/opt/ros/humble/lib /usr/bin/cmake --install /home/ws/ugv_ws/build/costmap_converter
[2.702s] Level 1:colcon.colcon_core.environment:create_environment_scripts_only(openslam_gmapping)
[2.703s] Level 1:colcon.colcon_core.environment:checking '/home/ws/ugv_ws/install/openslam_gmapping' for CMake module files
[2.702s] DEBUG:colcon.colcon_core.event_handler.log_command:Invoked command in '/home/ws/ugv_ws/build/openslam_gmapping' returned '0': CMAKE_PREFIX_PATH=${CMAKE_PREFIX_PATH}:/home/ws/ugv_ws/install/ugv_web_app:/home/ws/ugv_ws/install/ugv_vision:/home/ws/ugv_ws/install/ugv_tools:/home/ws/ugv_ws/install/ugv_chat_ai:/home/ws/ugv_ws/install/ugv_bringup:/opt/ros/humble /usr/bin/cmake --install /home/ws/ugv_ws/build/openslam_gmapping
[2.704s] Level 1:colcon.colcon_core.environment:checking '/home/ws/ugv_ws/install/openslam_gmapping' for CMake config files
[2.706s] Level 1:colcon.colcon_core.shell:create_environment_hook('openslam_gmapping', 'cmake_prefix_path')
[2.707s] INFO:colcon.colcon_core.shell:Creating environment hook '/home/ws/ugv_ws/install/openslam_gmapping/share/openslam_gmapping/hook/cmake_prefix_path.ps1'
[2.709s] INFO:colcon.colcon_core.shell:Creating environment descriptor '/home/ws/ugv_ws/install/openslam_gmapping/share/openslam_gmapping/hook/cmake_prefix_path.dsv'
[2.716s] INFO:colcon.colcon_core.shell:Creating environment hook '/home/ws/ugv_ws/install/openslam_gmapping/share/openslam_gmapping/hook/cmake_prefix_path.sh'
[2.718s] Level 1:colcon.colcon_core.environment:checking '/home/ws/ugv_ws/install/openslam_gmapping/lib'
[2.718s] Level 1:colcon.colcon_core.environment:checking '/home/ws/ugv_ws/install/openslam_gmapping/bin'
[2.718s] Level 1:colcon.colcon_core.environment:checking '/home/ws/ugv_ws/install/openslam_gmapping/lib/pkgconfig/openslam_gmapping.pc'
[2.719s] Level 1:colcon.colcon_core.environment:checking '/home/ws/ugv_ws/install/openslam_gmapping/lib/python3.10/site-packages'
[2.719s] Level 1:colcon.colcon_core.environment:checking '/home/ws/ugv_ws/install/openslam_gmapping/bin'
[2.720s] INFO:colcon.colcon_core.shell:Creating package script '/home/ws/ugv_ws/install/openslam_gmapping/share/openslam_gmapping/package.ps1'
[2.724s] INFO:colcon.colcon_core.shell:Creating package descriptor '/home/ws/ugv_ws/install/openslam_gmapping/share/openslam_gmapping/package.dsv'
[2.725s] INFO:colcon.colcon_core.shell:Creating package script '/home/ws/ugv_ws/install/openslam_gmapping/share/openslam_gmapping/package.sh'
[2.727s] INFO:colcon.colcon_core.shell:Creating package script '/home/ws/ugv_ws/install/openslam_gmapping/share/openslam_gmapping/package.bash'
[2.727s] INFO:colcon.colcon_core.shell:Creating package script '/home/ws/ugv_ws/install/openslam_gmapping/share/openslam_gmapping/package.zsh'
[2.731s] Level 1:colcon.colcon_core.environment:create_file_with_runtime_dependencies(/home/ws/ugv_ws/install/openslam_gmapping/share/colcon-core/packages/openslam_gmapping)
[2.738s] Level 1:colcon.colcon_core.environment:create_environment_scripts_only(costmap_converter)
[2.739s] Level 1:colcon.colcon_core.environment:checking '/home/ws/ugv_ws/install/costmap_converter' for CMake module files
[2.740s] Level 1:colcon.colcon_core.environment:checking '/home/ws/ugv_ws/install/costmap_converter' for CMake config files
[2.744s] DEBUG:colcon.colcon_core.event_handler.log_command:Invoked command in '/home/ws/ugv_ws/build/costmap_converter' returned '0': CMAKE_PREFIX_PATH=/home/ws/ugv_ws/install/costmap_converter_msgs:/home/ws/ugv_ws/install/vizanti:/home/ws/ugv_ws/install/vizanti_server:/home/ws/ugv_ws/install/vizanti_demos:/home/ws/ugv_ws/install/vizanti_msgs:/home/ws/ugv_ws/install/vizanti_cpp:/home/ws/ugv_ws/install/ugv_slam:/home/ws/ugv_ws/install/ugv_nav:/home/ws/ugv_ws/install/ugv_interface:/home/ws/ugv_ws/install/ugv_gazebo:/home/ws/ugv_ws/install/ugv_description:/home/ws/ugv_ws/install/ugv_base_node:/home/ws/ugv_ws/install/teb_local_planner:/home/ws/ugv_ws/install/teb_msgs:/home/ws/ugv_ws/install/slam_gmapping:/home/ws/ugv_ws/install/robot_pose_publisher:/home/ws/ugv_ws/install/rf2o_laser_odometry:/home/ws/ugv_ws/install/openslam_gmapping:/home/ws/ugv_ws/install/ldlidar:/home/ws/ugv_ws/install/explore_lite:/home/ws/ugv_ws/install/emcl2:/home/ws/ugv_ws/install/costmap_converter:/home/ws/ugv_ws/install/cartographer:/home/ws/ugv_ws/install/apriltag_ros:/home/ws/ugv_ws/install/apriltag_msgs:/home/ws/ugv_ws/install/apriltag:/home/ws/ugv_ws/install/ugv_web_app:/home/ws/ugv_ws/install/ugv_vision:/home/ws/ugv_ws/install/ugv_tools:/home/ws/ugv_ws/install/ugv_chat_ai:/home/ws/ugv_ws/install/ugv_bringup:/opt/ros/humble LD_LIBRARY_PATH=/home/ws/ugv_ws/install/costmap_converter_msgs/lib:/home/ws/ugv_ws/install/vizanti_msgs/lib:/home/ws/ugv_ws/install/ugv_interface/lib:/home/ws/ugv_ws/install/teb_local_planner/lib:/home/ws/ugv_ws/install/teb_msgs/lib:/home/ws/ugv_ws/install/openslam_gmapping/lib:/home/ws/ugv_ws/install/costmap_converter/lib:/home/ws/ugv_ws/install/apriltag_ros/lib:/home/ws/ugv_ws/install/apriltag_msgs/lib:/home/ws/ugv_ws/install/apriltag/lib:/opt/ros/humble/opt/rviz_ogre_vendor/lib:/opt/ros/humble/lib/aarch64-linux-gnu:/opt/ros/humble/lib /usr/bin/cmake --install /home/ws/ugv_ws/build/costmap_converter
[2.745s] Level 1:colcon.colcon_core.shell:create_environment_hook('costmap_converter', 'cmake_prefix_path')
[2.746s] INFO:colcon.colcon_core.shell:Creating environment hook '/home/ws/ugv_ws/install/costmap_converter/share/costmap_converter/hook/cmake_prefix_path.ps1'
[2.747s] INFO:colcon.colcon_core.shell:Creating environment descriptor '/home/ws/ugv_ws/install/costmap_converter/share/costmap_converter/hook/cmake_prefix_path.dsv'
[2.748s] INFO:colcon.colcon_core.shell:Creating environment hook '/home/ws/ugv_ws/install/costmap_converter/share/costmap_converter/hook/cmake_prefix_path.sh'
[2.749s] Level 1:colcon.colcon_core.environment:checking '/home/ws/ugv_ws/install/costmap_converter/lib'
[2.750s] Level 1:colcon.colcon_core.shell:create_environment_hook('costmap_converter', 'ld_library_path_lib')
[2.750s] INFO:colcon.colcon_core.shell:Creating environment hook '/home/ws/ugv_ws/install/costmap_converter/share/costmap_converter/hook/ld_library_path_lib.ps1'
[2.751s] INFO:colcon.colcon_core.shell:Creating environment descriptor '/home/ws/ugv_ws/install/costmap_converter/share/costmap_converter/hook/ld_library_path_lib.dsv'
[2.753s] INFO:colcon.colcon_core.shell:Creating environment hook '/home/ws/ugv_ws/install/costmap_converter/share/costmap_converter/hook/ld_library_path_lib.sh'
[2.757s] Level 1:colcon.colcon_core.environment:checking '/home/ws/ugv_ws/install/costmap_converter/bin'
[2.757s] Level 1:colcon.colcon_core.shell:create_environment_hook('costmap_converter', 'path')
[2.758s] INFO:colcon.colcon_core.shell:Creating environment hook '/home/ws/ugv_ws/install/costmap_converter/share/costmap_converter/hook/path.ps1'
[2.759s] INFO:colcon.colcon_core.shell:Creating environment descriptor '/home/ws/ugv_ws/install/costmap_converter/share/costmap_converter/hook/path.dsv'
[2.764s] INFO:colcon.colcon_core.shell:Creating environment hook '/home/ws/ugv_ws/install/costmap_converter/share/costmap_converter/hook/path.sh'
[2.765s] Level 1:colcon.colcon_core.environment:checking '/home/ws/ugv_ws/install/costmap_converter/lib/pkgconfig/costmap_converter.pc'
[2.765s] Level 1:colcon.colcon_core.environment:checking '/home/ws/ugv_ws/install/costmap_converter/lib/python3.10/site-packages'
[2.766s] Level 1:colcon.colcon_core.environment:checking '/home/ws/ugv_ws/install/costmap_converter/bin'
[2.767s] Level 1:colcon.colcon_core.shell:create_environment_hook('costmap_converter', 'pythonscriptspath')
[2.769s] INFO:colcon.colcon_core.shell:Creating environment hook '/home/ws/ugv_ws/install/costmap_converter/share/costmap_converter/hook/pythonscriptspath.ps1'
[2.770s] INFO:colcon.colcon_core.shell:Creating environment descriptor '/home/ws/ugv_ws/install/costmap_converter/share/costmap_converter/hook/pythonscriptspath.dsv'
[2.772s] INFO:colcon.colcon_core.shell:Creating environment hook '/home/ws/ugv_ws/install/costmap_converter/share/costmap_converter/hook/pythonscriptspath.sh'
[2.781s] INFO:colcon.colcon_core.shell:Creating package script '/home/ws/ugv_ws/install/costmap_converter/share/costmap_converter/package.ps1'
[2.783s] INFO:colcon.colcon_core.shell:Creating package descriptor '/home/ws/ugv_ws/install/costmap_converter/share/costmap_converter/package.dsv'
[2.784s] INFO:colcon.colcon_core.shell:Creating package script '/home/ws/ugv_ws/install/costmap_converter/share/costmap_converter/package.sh'
[2.785s] INFO:colcon.colcon_core.shell:Creating package script '/home/ws/ugv_ws/install/costmap_converter/share/costmap_converter/package.bash'
[2.786s] INFO:colcon.colcon_core.shell:Creating package script '/home/ws/ugv_ws/install/costmap_converter/share/costmap_converter/package.zsh'
[2.787s] Level 1:colcon.colcon_core.environment:create_file_with_runtime_dependencies(/home/ws/ugv_ws/install/costmap_converter/share/colcon-core/packages/costmap_converter)
[2.800s] Level 1:colcon.colcon_core.environment:create_environment_scripts_only(openslam_gmapping)
[2.802s] Level 1:colcon.colcon_core.environment:checking '/home/ws/ugv_ws/install/openslam_gmapping' for CMake module files
[2.812s] Level 1:colcon.colcon_core.environment:checking '/home/ws/ugv_ws/install/openslam_gmapping' for CMake config files
[2.815s] Level 1:colcon.colcon_core.shell:create_environment_hook('openslam_gmapping', 'cmake_prefix_path')
[2.815s] INFO:colcon.colcon_core.shell:Creating environment hook '/home/ws/ugv_ws/install/openslam_gmapping/share/openslam_gmapping/hook/cmake_prefix_path.ps1'
[2.816s] INFO:colcon.colcon_core.shell:Creating environment descriptor '/home/ws/ugv_ws/install/openslam_gmapping/share/openslam_gmapping/hook/cmake_prefix_path.dsv'
[2.820s] INFO:colcon.colcon_core.shell:Creating environment hook '/home/ws/ugv_ws/install/openslam_gmapping/share/openslam_gmapping/hook/cmake_prefix_path.sh'
[2.821s] Level 1:colcon.colcon_core.environment:checking '/home/ws/ugv_ws/install/openslam_gmapping/lib'
[2.821s] Level 1:colcon.colcon_core.environment:checking '/home/ws/ugv_ws/install/openslam_gmapping/bin'
[2.822s] Level 1:colcon.colcon_core.environment:checking '/home/ws/ugv_ws/install/openslam_gmapping/lib/pkgconfig/openslam_gmapping.pc'
[2.822s] Level 1:colcon.colcon_core.environment:checking '/home/ws/ugv_ws/install/openslam_gmapping/lib/python3.10/site-packages'
[2.822s] Level 1:colcon.colcon_core.environment:checking '/home/ws/ugv_ws/install/openslam_gmapping/bin'
[2.823s] INFO:colcon.colcon_core.shell:Creating package script '/home/ws/ugv_ws/install/openslam_gmapping/share/openslam_gmapping/package.ps1'
[2.828s] INFO:colcon.colcon_core.shell:Creating package descriptor '/home/ws/ugv_ws/install/openslam_gmapping/share/openslam_gmapping/package.dsv'
[2.829s] INFO:colcon.colcon_core.shell:Creating package script '/home/ws/ugv_ws/install/openslam_gmapping/share/openslam_gmapping/package.sh'
[2.836s] INFO:colcon.colcon_core.shell:Creating package script '/home/ws/ugv_ws/install/openslam_gmapping/share/openslam_gmapping/package.bash'
[2.837s] INFO:colcon.colcon_core.shell:Creating package script '/home/ws/ugv_ws/install/openslam_gmapping/share/openslam_gmapping/package.zsh'
[2.838s] Level 1:colcon.colcon_core.environment:create_file_with_runtime_dependencies(/home/ws/ugv_ws/install/openslam_gmapping/share/colcon-core/packages/openslam_gmapping)
[2.840s] INFO:colcon.colcon_ros.task.ament_cmake.build:Building ROS package in '/home/ws/ugv_ws/src/ugv_else/cartographer' with build type 'ament_cmake'
[2.841s] INFO:colcon.colcon_cmake.task.cmake.build:Building CMake package in '/home/ws/ugv_ws/src/ugv_else/cartographer'
[2.842s] INFO:colcon.colcon_core.shell:Skip shell extension 'powershell' for command environment: Not usable outside of PowerShell
[2.843s] DEBUG:colcon.colcon_core.shell:Skip shell extension 'dsv' for command environment
[2.856s] DEBUG:colcon.colcon_core.event_handler.log_command:Invoked command in '/home/ws/ugv_ws/build/vizanti_server' returned '0': CMAKE_PREFIX_PATH=/home/ws/ugv_ws/install/vizanti_msgs:/home/ws/ugv_ws/install/vizanti:/home/ws/ugv_ws/install/vizanti_server:/home/ws/ugv_ws/install/vizanti_demos:/home/ws/ugv_ws/install/vizanti_cpp:/home/ws/ugv_ws/install/ugv_slam:/home/ws/ugv_ws/install/ugv_nav:/home/ws/ugv_ws/install/ugv_interface:/home/ws/ugv_ws/install/ugv_gazebo:/home/ws/ugv_ws/install/ugv_description:/home/ws/ugv_ws/install/ugv_base_node:/home/ws/ugv_ws/install/teb_local_planner:/home/ws/ugv_ws/install/teb_msgs:/home/ws/ugv_ws/install/slam_gmapping:/home/ws/ugv_ws/install/robot_pose_publisher:/home/ws/ugv_ws/install/rf2o_laser_odometry:/home/ws/ugv_ws/install/openslam_gmapping:/home/ws/ugv_ws/install/ldlidar:/home/ws/ugv_ws/install/explore_lite:/home/ws/ugv_ws/install/emcl2:/home/ws/ugv_ws/install/costmap_converter:/home/ws/ugv_ws/install/costmap_converter_msgs:/home/ws/ugv_ws/install/cartographer:/home/ws/ugv_ws/install/apriltag_ros:/home/ws/ugv_ws/install/apriltag_msgs:/home/ws/ugv_ws/install/apriltag:/home/ws/ugv_ws/install/ugv_web_app:/home/ws/ugv_ws/install/ugv_vision:/home/ws/ugv_ws/install/ugv_tools:/home/ws/ugv_ws/install/ugv_chat_ai:/home/ws/ugv_ws/install/ugv_bringup:/opt/ros/humble /usr/bin/cmake --build /home/ws/ugv_ws/build/vizanti_server -- -j4 -l4
[2.875s] DEBUG:colcon.colcon_core.event_handler.log_command:Invoking command in '/home/ws/ugv_ws/build/cartographer': CMAKE_PREFIX_PATH=${CMAKE_PREFIX_PATH}:/home/ws/ugv_ws/install/ugv_web_app:/home/ws/ugv_ws/install/ugv_vision:/home/ws/ugv_ws/install/ugv_tools:/home/ws/ugv_ws/install/ugv_chat_ai:/home/ws/ugv_ws/install/ugv_bringup:/opt/ros/humble /usr/bin/cmake --build /home/ws/ugv_ws/build/cartographer -- -j4 -l4
[2.923s] DEBUG:colcon.colcon_core.event_handler.log_command:Invoking command in '/home/ws/ugv_ws/build/vizanti_server': CMAKE_PREFIX_PATH=/home/ws/ugv_ws/install/vizanti_msgs:/home/ws/ugv_ws/install/vizanti:/home/ws/ugv_ws/install/vizanti_server:/home/ws/ugv_ws/install/vizanti_demos:/home/ws/ugv_ws/install/vizanti_cpp:/home/ws/ugv_ws/install/ugv_slam:/home/ws/ugv_ws/install/ugv_nav:/home/ws/ugv_ws/install/ugv_interface:/home/ws/ugv_ws/install/ugv_gazebo:/home/ws/ugv_ws/install/ugv_description:/home/ws/ugv_ws/install/ugv_base_node:/home/ws/ugv_ws/install/teb_local_planner:/home/ws/ugv_ws/install/teb_msgs:/home/ws/ugv_ws/install/slam_gmapping:/home/ws/ugv_ws/install/robot_pose_publisher:/home/ws/ugv_ws/install/rf2o_laser_odometry:/home/ws/ugv_ws/install/openslam_gmapping:/home/ws/ugv_ws/install/ldlidar:/home/ws/ugv_ws/install/explore_lite:/home/ws/ugv_ws/install/emcl2:/home/ws/ugv_ws/install/costmap_converter:/home/ws/ugv_ws/install/costmap_converter_msgs:/home/ws/ugv_ws/install/cartographer:/home/ws/ugv_ws/install/apriltag_ros:/home/ws/ugv_ws/install/apriltag_msgs:/home/ws/ugv_ws/install/apriltag:/home/ws/ugv_ws/install/ugv_web_app:/home/ws/ugv_ws/install/ugv_vision:/home/ws/ugv_ws/install/ugv_tools:/home/ws/ugv_ws/install/ugv_chat_ai:/home/ws/ugv_ws/install/ugv_bringup:/opt/ros/humble /usr/bin/cmake --install /home/ws/ugv_ws/build/vizanti_server
[2.958s] Level 1:colcon.colcon_core.environment:create_environment_scripts_only(costmap_converter)
[2.959s] Level 1:colcon.colcon_core.environment:checking '/home/ws/ugv_ws/install/costmap_converter' for CMake module files
[2.960s] Level 1:colcon.colcon_core.environment:checking '/home/ws/ugv_ws/install/costmap_converter' for CMake config files
[2.961s] Level 1:colcon.colcon_core.shell:create_environment_hook('costmap_converter', 'cmake_prefix_path')
[2.961s] INFO:colcon.colcon_core.shell:Creating environment hook '/home/ws/ugv_ws/install/costmap_converter/share/costmap_converter/hook/cmake_prefix_path.ps1'
[2.962s] INFO:colcon.colcon_core.shell:Creating environment descriptor '/home/ws/ugv_ws/install/costmap_converter/share/costmap_converter/hook/cmake_prefix_path.dsv'
[2.968s] INFO:colcon.colcon_core.shell:Creating environment hook '/home/ws/ugv_ws/install/costmap_converter/share/costmap_converter/hook/cmake_prefix_path.sh'
[2.969s] Level 1:colcon.colcon_core.environment:checking '/home/ws/ugv_ws/install/costmap_converter/lib'
[2.969s] Level 1:colcon.colcon_core.shell:create_environment_hook('costmap_converter', 'ld_library_path_lib')
[2.970s] INFO:colcon.colcon_core.shell:Creating environment hook '/home/ws/ugv_ws/install/costmap_converter/share/costmap_converter/hook/ld_library_path_lib.ps1'
[2.971s] INFO:colcon.colcon_core.shell:Creating environment descriptor '/home/ws/ugv_ws/install/costmap_converter/share/costmap_converter/hook/ld_library_path_lib.dsv'
[2.976s] INFO:colcon.colcon_core.shell:Creating environment hook '/home/ws/ugv_ws/install/costmap_converter/share/costmap_converter/hook/ld_library_path_lib.sh'
[2.978s] Level 1:colcon.colcon_core.environment:checking '/home/ws/ugv_ws/install/costmap_converter/bin'
[2.978s] Level 1:colcon.colcon_core.shell:create_environment_hook('costmap_converter', 'path')
[2.979s] INFO:colcon.colcon_core.shell:Creating environment hook '/home/ws/ugv_ws/install/costmap_converter/share/costmap_converter/hook/path.ps1'
[2.980s] INFO:colcon.colcon_core.shell:Creating environment descriptor '/home/ws/ugv_ws/install/costmap_converter/share/costmap_converter/hook/path.dsv'
[2.980s] INFO:colcon.colcon_core.shell:Creating environment hook '/home/ws/ugv_ws/install/costmap_converter/share/costmap_converter/hook/path.sh'
[2.981s] Level 1:colcon.colcon_core.environment:checking '/home/ws/ugv_ws/install/costmap_converter/lib/pkgconfig/costmap_converter.pc'
[2.982s] Level 1:colcon.colcon_core.environment:checking '/home/ws/ugv_ws/install/costmap_converter/lib/python3.10/site-packages'
[2.982s] Level 1:colcon.colcon_core.environment:checking '/home/ws/ugv_ws/install/costmap_converter/bin'
[2.982s] Level 1:colcon.colcon_core.shell:create_environment_hook('costmap_converter', 'pythonscriptspath')
[2.983s] INFO:colcon.colcon_core.shell:Creating environment hook '/home/ws/ugv_ws/install/costmap_converter/share/costmap_converter/hook/pythonscriptspath.ps1'
[2.985s] INFO:colcon.colcon_core.shell:Creating environment descriptor '/home/ws/ugv_ws/install/costmap_converter/share/costmap_converter/hook/pythonscriptspath.dsv'
[2.986s] INFO:colcon.colcon_core.shell:Creating environment hook '/home/ws/ugv_ws/install/costmap_converter/share/costmap_converter/hook/pythonscriptspath.sh'
[2.987s] INFO:colcon.colcon_core.shell:Creating package script '/home/ws/ugv_ws/install/costmap_converter/share/costmap_converter/package.ps1'
[2.991s] INFO:colcon.colcon_core.shell:Creating package descriptor '/home/ws/ugv_ws/install/costmap_converter/share/costmap_converter/package.dsv'
[2.993s] INFO:colcon.colcon_core.shell:Creating package script '/home/ws/ugv_ws/install/costmap_converter/share/costmap_converter/package.sh'
[3.000s] INFO:colcon.colcon_core.shell:Creating package script '/home/ws/ugv_ws/install/costmap_converter/share/costmap_converter/package.bash'
[3.001s] INFO:colcon.colcon_core.shell:Creating package script '/home/ws/ugv_ws/install/costmap_converter/share/costmap_converter/package.zsh'
[3.002s] Level 1:colcon.colcon_core.environment:create_file_with_runtime_dependencies(/home/ws/ugv_ws/install/costmap_converter/share/colcon-core/packages/costmap_converter)
[3.003s] INFO:colcon.colcon_ros.task.ament_cmake.build:Building ROS package in '/home/ws/ugv_ws/src/ugv_else/emcl2_ros2' with build type 'ament_cmake'
[3.003s] INFO:colcon.colcon_cmake.task.cmake.build:Building CMake package in '/home/ws/ugv_ws/src/ugv_else/emcl2_ros2'
[3.004s] INFO:colcon.colcon_core.shell:Skip shell extension 'powershell' for command environment: Not usable outside of PowerShell
[3.007s] DEBUG:colcon.colcon_core.shell:Skip shell extension 'dsv' for command environment
[3.051s] Level 1:colcon.colcon_core.environment:create_environment_scripts_only(vizanti_server)
[3.051s] DEBUG:colcon.colcon_core.event_handler.log_command:Invoked command in '/home/ws/ugv_ws/build/cartographer' returned '0': CMAKE_PREFIX_PATH=${CMAKE_PREFIX_PATH}:/home/ws/ugv_ws/install/ugv_web_app:/home/ws/ugv_ws/install/ugv_vision:/home/ws/ugv_ws/install/ugv_tools:/home/ws/ugv_ws/install/ugv_chat_ai:/home/ws/ugv_ws/install/ugv_bringup:/opt/ros/humble /usr/bin/cmake --build /home/ws/ugv_ws/build/cartographer -- -j4 -l4
[3.052s] Level 1:colcon.colcon_core.environment:checking '/home/ws/ugv_ws/install/vizanti_server' for CMake module files
[3.052s] DEBUG:colcon.colcon_core.event_handler.log_command:Invoked command in '/home/ws/ugv_ws/build/vizanti_server' returned '0': CMAKE_PREFIX_PATH=/home/ws/ugv_ws/install/vizanti_msgs:/home/ws/ugv_ws/install/vizanti:/home/ws/ugv_ws/install/vizanti_server:/home/ws/ugv_ws/install/vizanti_demos:/home/ws/ugv_ws/install/vizanti_cpp:/home/ws/ugv_ws/install/ugv_slam:/home/ws/ugv_ws/install/ugv_nav:/home/ws/ugv_ws/install/ugv_interface:/home/ws/ugv_ws/install/ugv_gazebo:/home/ws/ugv_ws/install/ugv_description:/home/ws/ugv_ws/install/ugv_base_node:/home/ws/ugv_ws/install/teb_local_planner:/home/ws/ugv_ws/install/teb_msgs:/home/ws/ugv_ws/install/slam_gmapping:/home/ws/ugv_ws/install/robot_pose_publisher:/home/ws/ugv_ws/install/rf2o_laser_odometry:/home/ws/ugv_ws/install/openslam_gmapping:/home/ws/ugv_ws/install/ldlidar:/home/ws/ugv_ws/install/explore_lite:/home/ws/ugv_ws/install/emcl2:/home/ws/ugv_ws/install/costmap_converter:/home/ws/ugv_ws/install/costmap_converter_msgs:/home/ws/ugv_ws/install/cartographer:/home/ws/ugv_ws/install/apriltag_ros:/home/ws/ugv_ws/install/apriltag_msgs:/home/ws/ugv_ws/install/apriltag:/home/ws/ugv_ws/install/ugv_web_app:/home/ws/ugv_ws/install/ugv_vision:/home/ws/ugv_ws/install/ugv_tools:/home/ws/ugv_ws/install/ugv_chat_ai:/home/ws/ugv_ws/install/ugv_bringup:/opt/ros/humble /usr/bin/cmake --install /home/ws/ugv_ws/build/vizanti_server
[3.053s] Level 1:colcon.colcon_core.environment:checking '/home/ws/ugv_ws/install/vizanti_server' for CMake config files
[3.054s] Level 1:colcon.colcon_core.shell:create_environment_hook('vizanti_server', 'cmake_prefix_path')
[3.055s] INFO:colcon.colcon_core.shell:Creating environment hook '/home/ws/ugv_ws/install/vizanti_server/share/vizanti_server/hook/cmake_prefix_path.ps1'
[3.057s] INFO:colcon.colcon_core.shell:Creating environment descriptor '/home/ws/ugv_ws/install/vizanti_server/share/vizanti_server/hook/cmake_prefix_path.dsv'
[3.060s] INFO:colcon.colcon_core.shell:Creating environment hook '/home/ws/ugv_ws/install/vizanti_server/share/vizanti_server/hook/cmake_prefix_path.sh'
[3.061s] Level 1:colcon.colcon_core.environment:checking '/home/ws/ugv_ws/install/vizanti_server/lib'
[3.061s] Level 1:colcon.colcon_core.environment:checking '/home/ws/ugv_ws/install/vizanti_server/bin'
[3.061s] Level 1:colcon.colcon_core.environment:checking '/home/ws/ugv_ws/install/vizanti_server/lib/pkgconfig/vizanti_server.pc'
[3.062s] Level 1:colcon.colcon_core.environment:checking '/home/ws/ugv_ws/install/vizanti_server/lib/python3.10/site-packages'
[3.062s] Level 1:colcon.colcon_core.environment:checking '/home/ws/ugv_ws/install/vizanti_server/bin'
[3.063s] INFO:colcon.colcon_core.shell:Creating package script '/home/ws/ugv_ws/install/vizanti_server/share/vizanti_server/package.ps1'
[3.063s] INFO:colcon.colcon_core.shell:Creating package descriptor '/home/ws/ugv_ws/install/vizanti_server/share/vizanti_server/package.dsv'
[3.064s] INFO:colcon.colcon_core.shell:Creating package script '/home/ws/ugv_ws/install/vizanti_server/share/vizanti_server/package.sh'
[3.064s] INFO:colcon.colcon_core.shell:Creating package script '/home/ws/ugv_ws/install/vizanti_server/share/vizanti_server/package.bash'
[3.065s] INFO:colcon.colcon_core.shell:Creating package script '/home/ws/ugv_ws/install/vizanti_server/share/vizanti_server/package.zsh'
[3.066s] Level 1:colcon.colcon_core.environment:create_file_with_runtime_dependencies(/home/ws/ugv_ws/install/vizanti_server/share/colcon-core/packages/vizanti_server)
[3.077s] DEBUG:colcon.colcon_core.event_handler.log_command:Invoking command in '/home/ws/ugv_ws/build/emcl2': CMAKE_PREFIX_PATH=${CMAKE_PREFIX_PATH}:/home/ws/ugv_ws/install/ugv_web_app:/home/ws/ugv_ws/install/ugv_vision:/home/ws/ugv_ws/install/ugv_tools:/home/ws/ugv_ws/install/ugv_chat_ai:/home/ws/ugv_ws/install/ugv_bringup:/opt/ros/humble /usr/bin/cmake --build /home/ws/ugv_ws/build/emcl2 -- -j4 -l4
[3.089s] DEBUG:colcon.colcon_core.event_handler.log_command:Invoking command in '/home/ws/ugv_ws/build/cartographer': CMAKE_PREFIX_PATH=${CMAKE_PREFIX_PATH}:/home/ws/ugv_ws/install/ugv_web_app:/home/ws/ugv_ws/install/ugv_vision:/home/ws/ugv_ws/install/ugv_tools:/home/ws/ugv_ws/install/ugv_chat_ai:/home/ws/ugv_ws/install/ugv_bringup:/opt/ros/humble /usr/bin/cmake --install /home/ws/ugv_ws/build/cartographer
[3.114s] Level 1:colcon.colcon_core.environment:create_environment_scripts_only(vizanti_server)
[3.115s] Level 1:colcon.colcon_core.environment:checking '/home/ws/ugv_ws/install/vizanti_server' for CMake module files
[3.115s] Level 1:colcon.colcon_core.environment:checking '/home/ws/ugv_ws/install/vizanti_server' for CMake config files
[3.119s] Level 1:colcon.colcon_core.shell:create_environment_hook('vizanti_server', 'cmake_prefix_path')
[3.120s] INFO:colcon.colcon_core.shell:Creating environment hook '/home/ws/ugv_ws/install/vizanti_server/share/vizanti_server/hook/cmake_prefix_path.ps1'
[3.121s] INFO:colcon.colcon_core.shell:Creating environment descriptor '/home/ws/ugv_ws/install/vizanti_server/share/vizanti_server/hook/cmake_prefix_path.dsv'
[3.121s] INFO:colcon.colcon_core.shell:Creating environment hook '/home/ws/ugv_ws/install/vizanti_server/share/vizanti_server/hook/cmake_prefix_path.sh'
[3.123s] Level 1:colcon.colcon_core.environment:checking '/home/ws/ugv_ws/install/vizanti_server/lib'
[3.123s] Level 1:colcon.colcon_core.environment:checking '/home/ws/ugv_ws/install/vizanti_server/bin'
[3.123s] Level 1:colcon.colcon_core.environment:checking '/home/ws/ugv_ws/install/vizanti_server/lib/pkgconfig/vizanti_server.pc'
[3.123s] Level 1:colcon.colcon_core.environment:checking '/home/ws/ugv_ws/install/vizanti_server/lib/python3.10/site-packages'
[3.131s] Level 1:colcon.colcon_core.environment:checking '/home/ws/ugv_ws/install/vizanti_server/bin'
[3.133s] INFO:colcon.colcon_core.shell:Creating package script '/home/ws/ugv_ws/install/vizanti_server/share/vizanti_server/package.ps1'
[3.134s] INFO:colcon.colcon_core.shell:Creating package descriptor '/home/ws/ugv_ws/install/vizanti_server/share/vizanti_server/package.dsv'
[3.135s] INFO:colcon.colcon_core.shell:Creating package script '/home/ws/ugv_ws/install/vizanti_server/share/vizanti_server/package.sh'
[3.136s] INFO:colcon.colcon_core.shell:Creating package script '/home/ws/ugv_ws/install/vizanti_server/share/vizanti_server/package.bash'
[3.136s] INFO:colcon.colcon_core.shell:Creating package script '/home/ws/ugv_ws/install/vizanti_server/share/vizanti_server/package.zsh'
[3.137s] Level 1:colcon.colcon_core.environment:create_file_with_runtime_dependencies(/home/ws/ugv_ws/install/vizanti_server/share/colcon-core/packages/vizanti_server)
[3.139s] INFO:colcon.colcon_ros.task.ament_cmake.build:Building ROS package in '/home/ws/ugv_ws/src/ugv_else/explore_lite' with build type 'ament_cmake'
[3.139s] INFO:colcon.colcon_cmake.task.cmake.build:Building CMake package in '/home/ws/ugv_ws/src/ugv_else/explore_lite'
[3.141s] INFO:colcon.colcon_core.shell:Skip shell extension 'powershell' for command environment: Not usable outside of PowerShell
[3.141s] DEBUG:colcon.colcon_core.shell:Skip shell extension 'dsv' for command environment
[3.161s] Level 1:colcon.colcon_core.environment:create_environment_scripts_only(cartographer)
[3.161s] Level 1:colcon.colcon_core.environment:checking '/home/ws/ugv_ws/install/cartographer' for CMake module files
[3.162s] Level 1:colcon.colcon_core.environment:checking '/home/ws/ugv_ws/install/cartographer' for CMake config files
[3.162s] Level 1:colcon.colcon_core.shell:create_environment_hook('cartographer', 'cmake_prefix_path')
[3.163s] INFO:colcon.colcon_core.shell:Creating environment hook '/home/ws/ugv_ws/install/cartographer/share/cartographer/hook/cmake_prefix_path.ps1'
[3.175s] INFO:colcon.colcon_core.shell:Creating environment descriptor '/home/ws/ugv_ws/install/cartographer/share/cartographer/hook/cmake_prefix_path.dsv'
[3.174s] DEBUG:colcon.colcon_core.event_handler.log_command:Invoking command in '/home/ws/ugv_ws/build/explore_lite': CMAKE_PREFIX_PATH=${CMAKE_PREFIX_PATH}:/home/ws/ugv_ws/install/ugv_web_app:/home/ws/ugv_ws/install/ugv_vision:/home/ws/ugv_ws/install/ugv_tools:/home/ws/ugv_ws/install/ugv_chat_ai:/home/ws/ugv_ws/install/ugv_bringup:/opt/ros/humble /usr/bin/cmake --build /home/ws/ugv_ws/build/explore_lite -- -j4 -l4
[3.177s] DEBUG:colcon.colcon_core.event_handler.log_command:Invoked command in '/home/ws/ugv_ws/build/cartographer' returned '0': CMAKE_PREFIX_PATH=${CMAKE_PREFIX_PATH}:/home/ws/ugv_ws/install/ugv_web_app:/home/ws/ugv_ws/install/ugv_vision:/home/ws/ugv_ws/install/ugv_tools:/home/ws/ugv_ws/install/ugv_chat_ai:/home/ws/ugv_ws/install/ugv_bringup:/opt/ros/humble /usr/bin/cmake --install /home/ws/ugv_ws/build/cartographer
[3.177s] INFO:colcon.colcon_core.shell:Creating environment hook '/home/ws/ugv_ws/install/cartographer/share/cartographer/hook/cmake_prefix_path.sh'
[3.179s] Level 1:colcon.colcon_core.environment:checking '/home/ws/ugv_ws/install/cartographer/bin'
[3.179s] Level 1:colcon.colcon_core.environment:checking '/home/ws/ugv_ws/install/cartographer/lib/pkgconfig/cartographer.pc'
[3.180s] Level 1:colcon.colcon_core.environment:checking '/home/ws/ugv_ws/install/cartographer/lib/python3.10/site-packages'
[3.180s] Level 1:colcon.colcon_core.environment:checking '/home/ws/ugv_ws/install/cartographer/bin'
[3.181s] INFO:colcon.colcon_core.shell:Creating package script '/home/ws/ugv_ws/install/cartographer/share/cartographer/package.ps1'
[3.183s] INFO:colcon.colcon_core.shell:Creating package descriptor '/home/ws/ugv_ws/install/cartographer/share/cartographer/package.dsv'
[3.184s] INFO:colcon.colcon_core.shell:Creating package script '/home/ws/ugv_ws/install/cartographer/share/cartographer/package.sh'
[3.188s] INFO:colcon.colcon_core.shell:Creating package script '/home/ws/ugv_ws/install/cartographer/share/cartographer/package.bash'
[3.189s] INFO:colcon.colcon_core.shell:Creating package script '/home/ws/ugv_ws/install/cartographer/share/cartographer/package.zsh'
[3.189s] Level 1:colcon.colcon_core.environment:create_file_with_runtime_dependencies(/home/ws/ugv_ws/install/cartographer/share/colcon-core/packages/cartographer)
[3.209s] DEBUG:colcon.colcon_core.event_handler.log_command:Invoked command in '/home/ws/ugv_ws/build/emcl2' returned '0': CMAKE_PREFIX_PATH=${CMAKE_PREFIX_PATH}:/home/ws/ugv_ws/install/ugv_web_app:/home/ws/ugv_ws/install/ugv_vision:/home/ws/ugv_ws/install/ugv_tools:/home/ws/ugv_ws/install/ugv_chat_ai:/home/ws/ugv_ws/install/ugv_bringup:/opt/ros/humble /usr/bin/cmake --build /home/ws/ugv_ws/build/emcl2 -- -j4 -l4
[3.259s] Level 1:colcon.colcon_core.environment:create_environment_scripts_only(cartographer)
[3.259s] Level 1:colcon.colcon_core.environment:checking '/home/ws/ugv_ws/install/cartographer' for CMake module files
[3.260s] Level 1:colcon.colcon_core.environment:checking '/home/ws/ugv_ws/install/cartographer' for CMake config files
[3.261s] Level 1:colcon.colcon_core.shell:create_environment_hook('cartographer', 'cmake_prefix_path')
[3.261s] INFO:colcon.colcon_core.shell:Creating environment hook '/home/ws/ugv_ws/install/cartographer/share/cartographer/hook/cmake_prefix_path.ps1'
[3.263s] INFO:colcon.colcon_core.shell:Creating environment descriptor '/home/ws/ugv_ws/install/cartographer/share/cartographer/hook/cmake_prefix_path.dsv'
[3.265s] INFO:colcon.colcon_core.shell:Creating environment hook '/home/ws/ugv_ws/install/cartographer/share/cartographer/hook/cmake_prefix_path.sh'
[3.269s] Level 1:colcon.colcon_core.environment:checking '/home/ws/ugv_ws/install/cartographer/bin'
[3.269s] Level 1:colcon.colcon_core.environment:checking '/home/ws/ugv_ws/install/cartographer/lib/pkgconfig/cartographer.pc'
[3.270s] Level 1:colcon.colcon_core.environment:checking '/home/ws/ugv_ws/install/cartographer/lib/python3.10/site-packages'
[3.270s] Level 1:colcon.colcon_core.environment:checking '/home/ws/ugv_ws/install/cartographer/bin'
[3.271s] INFO:colcon.colcon_core.shell:Creating package script '/home/ws/ugv_ws/install/cartographer/share/cartographer/package.ps1'
[3.280s] INFO:colcon.colcon_core.shell:Creating package descriptor '/home/ws/ugv_ws/install/cartographer/share/cartographer/package.dsv'
[3.281s] INFO:colcon.colcon_core.shell:Creating package script '/home/ws/ugv_ws/install/cartographer/share/cartographer/package.sh'
[3.282s] INFO:colcon.colcon_core.shell:Creating package script '/home/ws/ugv_ws/install/cartographer/share/cartographer/package.bash'
[3.286s] INFO:colcon.colcon_core.shell:Creating package script '/home/ws/ugv_ws/install/cartographer/share/cartographer/package.zsh'
[3.287s] Level 1:colcon.colcon_core.environment:create_file_with_runtime_dependencies(/home/ws/ugv_ws/install/cartographer/share/colcon-core/packages/cartographer)
[3.288s] INFO:colcon.colcon_ros.task.ament_cmake.build:Building ROS package in '/home/ws/ugv_ws/src/ugv_else/ldlidar' with build type 'ament_cmake'
[3.289s] INFO:colcon.colcon_cmake.task.cmake.build:Building CMake package in '/home/ws/ugv_ws/src/ugv_else/ldlidar'
[3.291s] INFO:colcon.colcon_core.shell:Skip shell extension 'powershell' for command environment: Not usable outside of PowerShell
[3.291s] DEBUG:colcon.colcon_core.shell:Skip shell extension 'dsv' for command environment
[3.325s] DEBUG:colcon.colcon_core.event_handler.log_command:Invoking command in '/home/ws/ugv_ws/build/ldlidar': CMAKE_PREFIX_PATH=${CMAKE_PREFIX_PATH}:/home/ws/ugv_ws/install/ugv_web_app:/home/ws/ugv_ws/install/ugv_vision:/home/ws/ugv_ws/install/ugv_tools:/home/ws/ugv_ws/install/ugv_chat_ai:/home/ws/ugv_ws/install/ugv_bringup:/opt/ros/humble /usr/bin/cmake --build /home/ws/ugv_ws/build/ldlidar -- -j4 -l4
[3.336s] DEBUG:colcon.colcon_core.event_handler.log_command:Invoking command in '/home/ws/ugv_ws/build/emcl2': CMAKE_PREFIX_PATH=${CMAKE_PREFIX_PATH}:/home/ws/ugv_ws/install/ugv_web_app:/home/ws/ugv_ws/install/ugv_vision:/home/ws/ugv_ws/install/ugv_tools:/home/ws/ugv_ws/install/ugv_chat_ai:/home/ws/ugv_ws/install/ugv_bringup:/opt/ros/humble /usr/bin/cmake --install /home/ws/ugv_ws/build/emcl2
[3.364s] Level 1:colcon.colcon_core.environment:create_environment_scripts_only(emcl2)
[3.365s] Level 1:colcon.colcon_core.environment:checking '/home/ws/ugv_ws/install/emcl2' for CMake module files
[3.366s] Level 1:colcon.colcon_core.environment:checking '/home/ws/ugv_ws/install/emcl2' for CMake config files
[3.366s] Level 1:colcon.colcon_core.shell:create_environment_hook('emcl2', 'cmake_prefix_path')
[3.367s] INFO:colcon.colcon_core.shell:Creating environment hook '/home/ws/ugv_ws/install/emcl2/share/emcl2/hook/cmake_prefix_path.ps1'
[3.368s] DEBUG:colcon.colcon_core.event_handler.log_command:Invoked command in '/home/ws/ugv_ws/build/emcl2' returned '0': CMAKE_PREFIX_PATH=${CMAKE_PREFIX_PATH}:/home/ws/ugv_ws/install/ugv_web_app:/home/ws/ugv_ws/install/ugv_vision:/home/ws/ugv_ws/install/ugv_tools:/home/ws/ugv_ws/install/ugv_chat_ai:/home/ws/ugv_ws/install/ugv_bringup:/opt/ros/humble /usr/bin/cmake --install /home/ws/ugv_ws/build/emcl2
[3.370s] INFO:colcon.colcon_core.shell:Creating environment descriptor '/home/ws/ugv_ws/install/emcl2/share/emcl2/hook/cmake_prefix_path.dsv'
[3.371s] INFO:colcon.colcon_core.shell:Creating environment hook '/home/ws/ugv_ws/install/emcl2/share/emcl2/hook/cmake_prefix_path.sh'
[3.372s] Level 1:colcon.colcon_core.environment:checking '/home/ws/ugv_ws/install/emcl2/lib'
[3.373s] Level 1:colcon.colcon_core.environment:checking '/home/ws/ugv_ws/install/emcl2/bin'
[3.373s] Level 1:colcon.colcon_core.environment:checking '/home/ws/ugv_ws/install/emcl2/lib/pkgconfig/emcl2.pc'
[3.373s] Level 1:colcon.colcon_core.environment:checking '/home/ws/ugv_ws/install/emcl2/lib/python3.10/site-packages'
[3.374s] Level 1:colcon.colcon_core.environment:checking '/home/ws/ugv_ws/install/emcl2/bin'
[3.375s] INFO:colcon.colcon_core.shell:Creating package script '/home/ws/ugv_ws/install/emcl2/share/emcl2/package.ps1'
[3.377s] INFO:colcon.colcon_core.shell:Creating package descriptor '/home/ws/ugv_ws/install/emcl2/share/emcl2/package.dsv'
[3.379s] INFO:colcon.colcon_core.shell:Creating package script '/home/ws/ugv_ws/install/emcl2/share/emcl2/package.sh'
[3.385s] INFO:colcon.colcon_core.shell:Creating package script '/home/ws/ugv_ws/install/emcl2/share/emcl2/package.bash'
[3.386s] INFO:colcon.colcon_core.shell:Creating package script '/home/ws/ugv_ws/install/emcl2/share/emcl2/package.zsh'
[3.388s] Level 1:colcon.colcon_core.environment:create_file_with_runtime_dependencies(/home/ws/ugv_ws/install/emcl2/share/colcon-core/packages/emcl2)
[3.405s] DEBUG:colcon.colcon_core.event_handler.log_command:Invoked command in '/home/ws/ugv_ws/build/explore_lite' returned '0': CMAKE_PREFIX_PATH=${CMAKE_PREFIX_PATH}:/home/ws/ugv_ws/install/ugv_web_app:/home/ws/ugv_ws/install/ugv_vision:/home/ws/ugv_ws/install/ugv_tools:/home/ws/ugv_ws/install/ugv_chat_ai:/home/ws/ugv_ws/install/ugv_bringup:/opt/ros/humble /usr/bin/cmake --build /home/ws/ugv_ws/build/explore_lite -- -j4 -l4
[3.472s] DEBUG:colcon.colcon_core.event_handler.log_command:Invoked command in '/home/ws/ugv_ws/build/ldlidar' returned '0': CMAKE_PREFIX_PATH=${CMAKE_PREFIX_PATH}:/home/ws/ugv_ws/install/ugv_web_app:/home/ws/ugv_ws/install/ugv_vision:/home/ws/ugv_ws/install/ugv_tools:/home/ws/ugv_ws/install/ugv_chat_ai:/home/ws/ugv_ws/install/ugv_bringup:/opt/ros/humble /usr/bin/cmake --build /home/ws/ugv_ws/build/ldlidar -- -j4 -l4
[3.493s] Level 1:colcon.colcon_core.environment:create_environment_scripts_only(emcl2)
[3.493s] DEBUG:colcon.colcon_core.event_handler.log_command:Invoking command in '/home/ws/ugv_ws/build/explore_lite': CMAKE_PREFIX_PATH=${CMAKE_PREFIX_PATH}:/home/ws/ugv_ws/install/ugv_web_app:/home/ws/ugv_ws/install/ugv_vision:/home/ws/ugv_ws/install/ugv_tools:/home/ws/ugv_ws/install/ugv_chat_ai:/home/ws/ugv_ws/install/ugv_bringup:/opt/ros/humble /usr/bin/cmake --install /home/ws/ugv_ws/build/explore_lite
[3.495s] Level 1:colcon.colcon_core.environment:checking '/home/ws/ugv_ws/install/emcl2' for CMake module files
[3.496s] DEBUG:colcon.colcon_core.event_handler.log_command:Invoked command in '/home/ws/ugv_ws/build/teb_msgs' returned '0': CMAKE_PREFIX_PATH=/home/ws/ugv_ws/install/costmap_converter_msgs:/home/ws/ugv_ws/install/vizanti:/home/ws/ugv_ws/install/vizanti_server:/home/ws/ugv_ws/install/vizanti_demos:/home/ws/ugv_ws/install/vizanti_msgs:/home/ws/ugv_ws/install/vizanti_cpp:/home/ws/ugv_ws/install/ugv_slam:/home/ws/ugv_ws/install/ugv_nav:/home/ws/ugv_ws/install/ugv_interface:/home/ws/ugv_ws/install/ugv_gazebo:/home/ws/ugv_ws/install/ugv_description:/home/ws/ugv_ws/install/ugv_base_node:/home/ws/ugv_ws/install/teb_local_planner:/home/ws/ugv_ws/install/teb_msgs:/home/ws/ugv_ws/install/slam_gmapping:/home/ws/ugv_ws/install/robot_pose_publisher:/home/ws/ugv_ws/install/rf2o_laser_odometry:/home/ws/ugv_ws/install/openslam_gmapping:/home/ws/ugv_ws/install/ldlidar:/home/ws/ugv_ws/install/explore_lite:/home/ws/ugv_ws/install/emcl2:/home/ws/ugv_ws/install/costmap_converter:/home/ws/ugv_ws/install/cartographer:/home/ws/ugv_ws/install/apriltag_ros:/home/ws/ugv_ws/install/apriltag_msgs:/home/ws/ugv_ws/install/apriltag:/home/ws/ugv_ws/install/ugv_web_app:/home/ws/ugv_ws/install/ugv_vision:/home/ws/ugv_ws/install/ugv_tools:/home/ws/ugv_ws/install/ugv_chat_ai:/home/ws/ugv_ws/install/ugv_bringup:/opt/ros/humble LD_LIBRARY_PATH=/home/ws/ugv_ws/install/costmap_converter_msgs/lib:/home/ws/ugv_ws/install/vizanti_msgs/lib:/home/ws/ugv_ws/install/ugv_interface/lib:/home/ws/ugv_ws/install/teb_local_planner/lib:/home/ws/ugv_ws/install/teb_msgs/lib:/home/ws/ugv_ws/install/openslam_gmapping/lib:/home/ws/ugv_ws/install/costmap_converter/lib:/home/ws/ugv_ws/install/apriltag_ros/lib:/home/ws/ugv_ws/install/apriltag_msgs/lib:/home/ws/ugv_ws/install/apriltag/lib:/opt/ros/humble/opt/rviz_ogre_vendor/lib:/opt/ros/humble/lib/aarch64-linux-gnu:/opt/ros/humble/lib /usr/bin/cmake --build /home/ws/ugv_ws/build/teb_msgs -- -j4 -l4
[3.497s] Level 1:colcon.colcon_core.environment:checking '/home/ws/ugv_ws/install/emcl2' for CMake config files
[3.504s] Level 1:colcon.colcon_core.shell:create_environment_hook('emcl2', 'cmake_prefix_path')
[3.505s] INFO:colcon.colcon_core.shell:Creating environment hook '/home/ws/ugv_ws/install/emcl2/share/emcl2/hook/cmake_prefix_path.ps1'
[3.506s] INFO:colcon.colcon_core.shell:Creating environment descriptor '/home/ws/ugv_ws/install/emcl2/share/emcl2/hook/cmake_prefix_path.dsv'
[3.510s] INFO:colcon.colcon_core.shell:Creating environment hook '/home/ws/ugv_ws/install/emcl2/share/emcl2/hook/cmake_prefix_path.sh'
[3.512s] Level 1:colcon.colcon_core.environment:checking '/home/ws/ugv_ws/install/emcl2/lib'
[3.513s] Level 1:colcon.colcon_core.environment:checking '/home/ws/ugv_ws/install/emcl2/bin'
[3.513s] Level 1:colcon.colcon_core.environment:checking '/home/ws/ugv_ws/install/emcl2/lib/pkgconfig/emcl2.pc'
[3.514s] Level 1:colcon.colcon_core.environment:checking '/home/ws/ugv_ws/install/emcl2/lib/python3.10/site-packages'
[3.515s] Level 1:colcon.colcon_core.environment:checking '/home/ws/ugv_ws/install/emcl2/bin'
[3.515s] INFO:colcon.colcon_core.shell:Creating package script '/home/ws/ugv_ws/install/emcl2/share/emcl2/package.ps1'
[3.517s] INFO:colcon.colcon_core.shell:Creating package descriptor '/home/ws/ugv_ws/install/emcl2/share/emcl2/package.dsv'
[3.518s] INFO:colcon.colcon_core.shell:Creating package script '/home/ws/ugv_ws/install/emcl2/share/emcl2/package.sh'
[3.519s] INFO:colcon.colcon_core.shell:Creating package script '/home/ws/ugv_ws/install/emcl2/share/emcl2/package.bash'
[3.520s] INFO:colcon.colcon_core.shell:Creating package script '/home/ws/ugv_ws/install/emcl2/share/emcl2/package.zsh'
[3.521s] Level 1:colcon.colcon_core.environment:create_file_with_runtime_dependencies(/home/ws/ugv_ws/install/emcl2/share/colcon-core/packages/emcl2)
[3.524s] INFO:colcon.colcon_ros.task.ament_cmake.build:Building ROS package in '/home/ws/ugv_ws/src/ugv_else/rf2o_laser_odometry' with build type 'ament_cmake'
[3.524s] INFO:colcon.colcon_cmake.task.cmake.build:Building CMake package in '/home/ws/ugv_ws/src/ugv_else/rf2o_laser_odometry'
[3.525s] INFO:colcon.colcon_core.shell:Skip shell extension 'powershell' for command environment: Not usable outside of PowerShell
[3.525s] DEBUG:colcon.colcon_core.shell:Skip shell extension 'dsv' for command environment
[3.541s] Level 1:colcon.colcon_core.environment:create_environment_scripts_only(explore_lite)
[3.541s] Level 1:colcon.colcon_core.environment:checking '/home/ws/ugv_ws/install/explore_lite' for CMake module files
[3.542s] DEBUG:colcon.colcon_core.event_handler.log_command:Invoked command in '/home/ws/ugv_ws/build/explore_lite' returned '0': CMAKE_PREFIX_PATH=${CMAKE_PREFIX_PATH}:/home/ws/ugv_ws/install/ugv_web_app:/home/ws/ugv_ws/install/ugv_vision:/home/ws/ugv_ws/install/ugv_tools:/home/ws/ugv_ws/install/ugv_chat_ai:/home/ws/ugv_ws/install/ugv_bringup:/opt/ros/humble /usr/bin/cmake --install /home/ws/ugv_ws/build/explore_lite
[3.543s] Level 1:colcon.colcon_core.environment:checking '/home/ws/ugv_ws/install/explore_lite' for CMake config files
[3.543s] Level 1:colcon.colcon_core.shell:create_environment_hook('explore_lite', 'cmake_prefix_path')
[3.543s] INFO:colcon.colcon_core.shell:Creating environment hook '/home/ws/ugv_ws/install/explore_lite/share/explore_lite/hook/cmake_prefix_path.ps1'
[3.544s] INFO:colcon.colcon_core.shell:Creating environment descriptor '/home/ws/ugv_ws/install/explore_lite/share/explore_lite/hook/cmake_prefix_path.dsv'
[3.545s] INFO:colcon.colcon_core.shell:Creating environment hook '/home/ws/ugv_ws/install/explore_lite/share/explore_lite/hook/cmake_prefix_path.sh'
[3.547s] Level 1:colcon.colcon_core.environment:checking '/home/ws/ugv_ws/install/explore_lite/lib'
[3.548s] Level 1:colcon.colcon_core.environment:checking '/home/ws/ugv_ws/install/explore_lite/bin'
[3.548s] Level 1:colcon.colcon_core.environment:checking '/home/ws/ugv_ws/install/explore_lite/lib/pkgconfig/explore_lite.pc'
[3.548s] Level 1:colcon.colcon_core.environment:checking '/home/ws/ugv_ws/install/explore_lite/lib/python3.10/site-packages'
[3.549s] Level 1:colcon.colcon_core.environment:checking '/home/ws/ugv_ws/install/explore_lite/bin'
[3.550s] INFO:colcon.colcon_core.shell:Creating package script '/home/ws/ugv_ws/install/explore_lite/share/explore_lite/package.ps1'
[3.552s] INFO:colcon.colcon_core.shell:Creating package descriptor '/home/ws/ugv_ws/install/explore_lite/share/explore_lite/package.dsv'
[3.553s] INFO:colcon.colcon_core.shell:Creating package script '/home/ws/ugv_ws/install/explore_lite/share/explore_lite/package.sh'
[3.553s] INFO:colcon.colcon_core.shell:Creating package script '/home/ws/ugv_ws/install/explore_lite/share/explore_lite/package.bash'
[3.554s] INFO:colcon.colcon_core.shell:Creating package script '/home/ws/ugv_ws/install/explore_lite/share/explore_lite/package.zsh'
[3.555s] Level 1:colcon.colcon_core.environment:create_file_with_runtime_dependencies(/home/ws/ugv_ws/install/explore_lite/share/colcon-core/packages/explore_lite)
[3.562s] DEBUG:colcon.colcon_core.event_handler.log_command:Invoking command in '/home/ws/ugv_ws/build/ldlidar': CMAKE_PREFIX_PATH=${CMAKE_PREFIX_PATH}:/home/ws/ugv_ws/install/ugv_web_app:/home/ws/ugv_ws/install/ugv_vision:/home/ws/ugv_ws/install/ugv_tools:/home/ws/ugv_ws/install/ugv_chat_ai:/home/ws/ugv_ws/install/ugv_bringup:/opt/ros/humble /usr/bin/cmake --install /home/ws/ugv_ws/build/ldlidar
[3.569s] DEBUG:colcon.colcon_core.event_handler.log_command:Invoking command in '/home/ws/ugv_ws/build/rf2o_laser_odometry': CMAKE_PREFIX_PATH=${CMAKE_PREFIX_PATH}:/home/ws/ugv_ws/install/ugv_web_app:/home/ws/ugv_ws/install/ugv_vision:/home/ws/ugv_ws/install/ugv_tools:/home/ws/ugv_ws/install/ugv_chat_ai:/home/ws/ugv_ws/install/ugv_bringup:/opt/ros/humble /usr/bin/cmake --build /home/ws/ugv_ws/build/rf2o_laser_odometry -- -j4 -l4
[3.579s] Level 1:colcon.colcon_core.environment:create_environment_scripts_only(ldlidar)
[3.580s] Level 1:colcon.colcon_core.environment:checking '/home/ws/ugv_ws/install/ldlidar' for CMake module files
[3.584s] Level 1:colcon.colcon_core.environment:checking '/home/ws/ugv_ws/install/ldlidar' for CMake config files
[3.587s] DEBUG:colcon.colcon_core.event_handler.log_command:Invoked command in '/home/ws/ugv_ws/build/ldlidar' returned '0': CMAKE_PREFIX_PATH=${CMAKE_PREFIX_PATH}:/home/ws/ugv_ws/install/ugv_web_app:/home/ws/ugv_ws/install/ugv_vision:/home/ws/ugv_ws/install/ugv_tools:/home/ws/ugv_ws/install/ugv_chat_ai:/home/ws/ugv_ws/install/ugv_bringup:/opt/ros/humble /usr/bin/cmake --install /home/ws/ugv_ws/build/ldlidar
[3.590s] Level 1:colcon.colcon_core.shell:create_environment_hook('ldlidar', 'cmake_prefix_path')
[3.591s] INFO:colcon.colcon_core.shell:Creating environment hook '/home/ws/ugv_ws/install/ldlidar/share/ldlidar/hook/cmake_prefix_path.ps1'
[3.592s] INFO:colcon.colcon_core.shell:Creating environment descriptor '/home/ws/ugv_ws/install/ldlidar/share/ldlidar/hook/cmake_prefix_path.dsv'
[3.593s] INFO:colcon.colcon_core.shell:Creating environment hook '/home/ws/ugv_ws/install/ldlidar/share/ldlidar/hook/cmake_prefix_path.sh'
[3.594s] Level 1:colcon.colcon_core.environment:checking '/home/ws/ugv_ws/install/ldlidar/lib'
[3.594s] Level 1:colcon.colcon_core.environment:checking '/home/ws/ugv_ws/install/ldlidar/bin'
[3.594s] Level 1:colcon.colcon_core.environment:checking '/home/ws/ugv_ws/install/ldlidar/lib/pkgconfig/ldlidar.pc'
[3.595s] Level 1:colcon.colcon_core.environment:checking '/home/ws/ugv_ws/install/ldlidar/lib/python3.10/site-packages'
[3.595s] Level 1:colcon.colcon_core.environment:checking '/home/ws/ugv_ws/install/ldlidar/bin'
[3.596s] INFO:colcon.colcon_core.shell:Creating package script '/home/ws/ugv_ws/install/ldlidar/share/ldlidar/package.ps1'
[3.598s] INFO:colcon.colcon_core.shell:Creating package descriptor '/home/ws/ugv_ws/install/ldlidar/share/ldlidar/package.dsv'
[3.599s] INFO:colcon.colcon_core.shell:Creating package script '/home/ws/ugv_ws/install/ldlidar/share/ldlidar/package.sh'
[3.600s] INFO:colcon.colcon_core.shell:Creating package script '/home/ws/ugv_ws/install/ldlidar/share/ldlidar/package.bash'
[3.601s] INFO:colcon.colcon_core.shell:Creating package script '/home/ws/ugv_ws/install/ldlidar/share/ldlidar/package.zsh'
[3.601s] Level 1:colcon.colcon_core.environment:create_file_with_runtime_dependencies(/home/ws/ugv_ws/install/ldlidar/share/colcon-core/packages/ldlidar)
[3.630s] Level 1:colcon.colcon_core.environment:create_environment_scripts_only(explore_lite)
[3.630s] Level 1:colcon.colcon_core.environment:checking '/home/ws/ugv_ws/install/explore_lite' for CMake module files
[3.631s] Level 1:colcon.colcon_core.environment:checking '/home/ws/ugv_ws/install/explore_lite' for CMake config files
[3.631s] Level 1:colcon.colcon_core.shell:create_environment_hook('explore_lite', 'cmake_prefix_path')
[3.632s] INFO:colcon.colcon_core.shell:Creating environment hook '/home/ws/ugv_ws/install/explore_lite/share/explore_lite/hook/cmake_prefix_path.ps1'
[3.632s] INFO:colcon.colcon_core.shell:Creating environment descriptor '/home/ws/ugv_ws/install/explore_lite/share/explore_lite/hook/cmake_prefix_path.dsv'
[3.633s] INFO:colcon.colcon_core.shell:Creating environment hook '/home/ws/ugv_ws/install/explore_lite/share/explore_lite/hook/cmake_prefix_path.sh'
[3.634s] Level 1:colcon.colcon_core.environment:checking '/home/ws/ugv_ws/install/explore_lite/lib'
[3.634s] Level 1:colcon.colcon_core.environment:checking '/home/ws/ugv_ws/install/explore_lite/bin'
[3.635s] Level 1:colcon.colcon_core.environment:checking '/home/ws/ugv_ws/install/explore_lite/lib/pkgconfig/explore_lite.pc'
[3.635s] Level 1:colcon.colcon_core.environment:checking '/home/ws/ugv_ws/install/explore_lite/lib/python3.10/site-packages'
[3.635s] Level 1:colcon.colcon_core.environment:checking '/home/ws/ugv_ws/install/explore_lite/bin'
[3.636s] INFO:colcon.colcon_core.shell:Creating package script '/home/ws/ugv_ws/install/explore_lite/share/explore_lite/package.ps1'
[3.638s] INFO:colcon.colcon_core.shell:Creating package descriptor '/home/ws/ugv_ws/install/explore_lite/share/explore_lite/package.dsv'
[3.639s] INFO:colcon.colcon_core.shell:Creating package script '/home/ws/ugv_ws/install/explore_lite/share/explore_lite/package.sh'
[3.640s] INFO:colcon.colcon_core.shell:Creating package script '/home/ws/ugv_ws/install/explore_lite/share/explore_lite/package.bash'
[3.641s] INFO:colcon.colcon_core.shell:Creating package script '/home/ws/ugv_ws/install/explore_lite/share/explore_lite/package.zsh'
[3.646s] Level 1:colcon.colcon_core.environment:create_file_with_runtime_dependencies(/home/ws/ugv_ws/install/explore_lite/share/colcon-core/packages/explore_lite)
[3.647s] INFO:colcon.colcon_ros.task.ament_cmake.build:Building ROS package in '/home/ws/ugv_ws/src/ugv_else/robot_pose_publisher' with build type 'ament_cmake'
[3.648s] INFO:colcon.colcon_cmake.task.cmake.build:Building CMake package in '/home/ws/ugv_ws/src/ugv_else/robot_pose_publisher'
[3.648s] INFO:colcon.colcon_core.shell:Skip shell extension 'powershell' for command environment: Not usable outside of PowerShell
[3.649s] DEBUG:colcon.colcon_core.shell:Skip shell extension 'dsv' for command environment
[3.664s] Level 1:colcon.colcon_core.environment:create_environment_scripts_only(ldlidar)
[3.665s] Level 1:colcon.colcon_core.environment:checking '/home/ws/ugv_ws/install/ldlidar' for CMake module files
[3.665s] DEBUG:colcon.colcon_core.event_handler.log_command:Invoking command in '/home/ws/ugv_ws/build/teb_msgs': CMAKE_PREFIX_PATH=/home/ws/ugv_ws/install/costmap_converter_msgs:/home/ws/ugv_ws/install/vizanti:/home/ws/ugv_ws/install/vizanti_server:/home/ws/ugv_ws/install/vizanti_demos:/home/ws/ugv_ws/install/vizanti_msgs:/home/ws/ugv_ws/install/vizanti_cpp:/home/ws/ugv_ws/install/ugv_slam:/home/ws/ugv_ws/install/ugv_nav:/home/ws/ugv_ws/install/ugv_interface:/home/ws/ugv_ws/install/ugv_gazebo:/home/ws/ugv_ws/install/ugv_description:/home/ws/ugv_ws/install/ugv_base_node:/home/ws/ugv_ws/install/teb_local_planner:/home/ws/ugv_ws/install/teb_msgs:/home/ws/ugv_ws/install/slam_gmapping:/home/ws/ugv_ws/install/robot_pose_publisher:/home/ws/ugv_ws/install/rf2o_laser_odometry:/home/ws/ugv_ws/install/openslam_gmapping:/home/ws/ugv_ws/install/ldlidar:/home/ws/ugv_ws/install/explore_lite:/home/ws/ugv_ws/install/emcl2:/home/ws/ugv_ws/install/costmap_converter:/home/ws/ugv_ws/install/cartographer:/home/ws/ugv_ws/install/apriltag_ros:/home/ws/ugv_ws/install/apriltag_msgs:/home/ws/ugv_ws/install/apriltag:/home/ws/ugv_ws/install/ugv_web_app:/home/ws/ugv_ws/install/ugv_vision:/home/ws/ugv_ws/install/ugv_tools:/home/ws/ugv_ws/install/ugv_chat_ai:/home/ws/ugv_ws/install/ugv_bringup:/opt/ros/humble LD_LIBRARY_PATH=/home/ws/ugv_ws/install/costmap_converter_msgs/lib:/home/ws/ugv_ws/install/vizanti_msgs/lib:/home/ws/ugv_ws/install/ugv_interface/lib:/home/ws/ugv_ws/install/teb_local_planner/lib:/home/ws/ugv_ws/install/teb_msgs/lib:/home/ws/ugv_ws/install/openslam_gmapping/lib:/home/ws/ugv_ws/install/costmap_converter/lib:/home/ws/ugv_ws/install/apriltag_ros/lib:/home/ws/ugv_ws/install/apriltag_msgs/lib:/home/ws/ugv_ws/install/apriltag/lib:/opt/ros/humble/opt/rviz_ogre_vendor/lib:/opt/ros/humble/lib/aarch64-linux-gnu:/opt/ros/humble/lib /usr/bin/cmake --install /home/ws/ugv_ws/build/teb_msgs
[3.666s] Level 1:colcon.colcon_core.environment:checking '/home/ws/ugv_ws/install/ldlidar' for CMake config files
[3.667s] Level 1:colcon.colcon_core.shell:create_environment_hook('ldlidar', 'cmake_prefix_path')
[3.667s] INFO:colcon.colcon_core.shell:Creating environment hook '/home/ws/ugv_ws/install/ldlidar/share/ldlidar/hook/cmake_prefix_path.ps1'
[3.668s] INFO:colcon.colcon_core.shell:Creating environment descriptor '/home/ws/ugv_ws/install/ldlidar/share/ldlidar/hook/cmake_prefix_path.dsv'
[3.670s] INFO:colcon.colcon_core.shell:Creating environment hook '/home/ws/ugv_ws/install/ldlidar/share/ldlidar/hook/cmake_prefix_path.sh'
[3.671s] Level 1:colcon.colcon_core.environment:checking '/home/ws/ugv_ws/install/ldlidar/lib'
[3.672s] Level 1:colcon.colcon_core.environment:checking '/home/ws/ugv_ws/install/ldlidar/bin'
[3.672s] Level 1:colcon.colcon_core.environment:checking '/home/ws/ugv_ws/install/ldlidar/lib/pkgconfig/ldlidar.pc'
[3.672s] Level 1:colcon.colcon_core.environment:checking '/home/ws/ugv_ws/install/ldlidar/lib/python3.10/site-packages'
[3.673s] Level 1:colcon.colcon_core.environment:checking '/home/ws/ugv_ws/install/ldlidar/bin'
[3.674s] INFO:colcon.colcon_core.shell:Creating package script '/home/ws/ugv_ws/install/ldlidar/share/ldlidar/package.ps1'
[3.675s] INFO:colcon.colcon_core.shell:Creating package descriptor '/home/ws/ugv_ws/install/ldlidar/share/ldlidar/package.dsv'
[3.677s] INFO:colcon.colcon_core.shell:Creating package script '/home/ws/ugv_ws/install/ldlidar/share/ldlidar/package.sh'
[3.683s] INFO:colcon.colcon_core.shell:Creating package script '/home/ws/ugv_ws/install/ldlidar/share/ldlidar/package.bash'
[3.685s] INFO:colcon.colcon_core.shell:Creating package script '/home/ws/ugv_ws/install/ldlidar/share/ldlidar/package.zsh'
[3.688s] Level 1:colcon.colcon_core.environment:create_file_with_runtime_dependencies(/home/ws/ugv_ws/install/ldlidar/share/colcon-core/packages/ldlidar)
[3.695s] INFO:colcon.colcon_ros.task.ament_cmake.build:Building ROS package in '/home/ws/ugv_ws/src/ugv_main/ugv_base_node' with build type 'ament_cmake'
[3.696s] INFO:colcon.colcon_cmake.task.cmake.build:Building CMake package in '/home/ws/ugv_ws/src/ugv_main/ugv_base_node'
[3.696s] INFO:colcon.colcon_core.shell:Skip shell extension 'powershell' for command environment: Not usable outside of PowerShell
[3.696s] DEBUG:colcon.colcon_core.shell:Skip shell extension 'dsv' for command environment
[3.697s] DEBUG:colcon.colcon_core.event_handler.log_command:Invoking command in '/home/ws/ugv_ws/build/robot_pose_publisher': CMAKE_PREFIX_PATH=${CMAKE_PREFIX_PATH}:/home/ws/ugv_ws/install/ugv_web_app:/home/ws/ugv_ws/install/ugv_vision:/home/ws/ugv_ws/install/ugv_tools:/home/ws/ugv_ws/install/ugv_chat_ai:/home/ws/ugv_ws/install/ugv_bringup:/opt/ros/humble /usr/bin/cmake --build /home/ws/ugv_ws/build/robot_pose_publisher -- -j4 -l4
[3.717s] DEBUG:colcon.colcon_core.event_handler.log_command:Invoking command in '/home/ws/ugv_ws/build/ugv_base_node': CMAKE_PREFIX_PATH=${CMAKE_PREFIX_PATH}:/home/ws/ugv_ws/install/ugv_web_app:/home/ws/ugv_ws/install/ugv_vision:/home/ws/ugv_ws/install/ugv_tools:/home/ws/ugv_ws/install/ugv_chat_ai:/home/ws/ugv_ws/install/ugv_bringup:/opt/ros/humble /usr/bin/cmake --build /home/ws/ugv_ws/build/ugv_base_node -- -j4 -l4
[3.721s] DEBUG:colcon.colcon_core.event_handler.log_command:Invoked command in '/home/ws/ugv_ws/build/rf2o_laser_odometry' returned '0': CMAKE_PREFIX_PATH=${CMAKE_PREFIX_PATH}:/home/ws/ugv_ws/install/ugv_web_app:/home/ws/ugv_ws/install/ugv_vision:/home/ws/ugv_ws/install/ugv_tools:/home/ws/ugv_ws/install/ugv_chat_ai:/home/ws/ugv_ws/install/ugv_bringup:/opt/ros/humble /usr/bin/cmake --build /home/ws/ugv_ws/build/rf2o_laser_odometry -- -j4 -l4
[3.757s] DEBUG:colcon.colcon_core.event_handler.log_command:Invoking command in '/home/ws/ugv_ws/build/rf2o_laser_odometry': CMAKE_PREFIX_PATH=${CMAKE_PREFIX_PATH}:/home/ws/ugv_ws/install/ugv_web_app:/home/ws/ugv_ws/install/ugv_vision:/home/ws/ugv_ws/install/ugv_tools:/home/ws/ugv_ws/install/ugv_chat_ai:/home/ws/ugv_ws/install/ugv_bringup:/opt/ros/humble /usr/bin/cmake --install /home/ws/ugv_ws/build/rf2o_laser_odometry
[3.775s] Level 1:colcon.colcon_core.environment:create_environment_scripts_only(rf2o_laser_odometry)
[3.778s] Level 1:colcon.colcon_core.environment:checking '/home/ws/ugv_ws/install/rf2o_laser_odometry' for CMake module files
[3.784s] DEBUG:colcon.colcon_core.event_handler.log_command:Invoked command in '/home/ws/ugv_ws/build/rf2o_laser_odometry' returned '0': CMAKE_PREFIX_PATH=${CMAKE_PREFIX_PATH}:/home/ws/ugv_ws/install/ugv_web_app:/home/ws/ugv_ws/install/ugv_vision:/home/ws/ugv_ws/install/ugv_tools:/home/ws/ugv_ws/install/ugv_chat_ai:/home/ws/ugv_ws/install/ugv_bringup:/opt/ros/humble /usr/bin/cmake --install /home/ws/ugv_ws/build/rf2o_laser_odometry
[3.784s] Level 1:colcon.colcon_core.environment:checking '/home/ws/ugv_ws/install/rf2o_laser_odometry' for CMake config files
[3.785s] Level 1:colcon.colcon_core.shell:create_environment_hook('rf2o_laser_odometry', 'cmake_prefix_path')
[3.785s] INFO:colcon.colcon_core.shell:Creating environment hook '/home/ws/ugv_ws/install/rf2o_laser_odometry/share/rf2o_laser_odometry/hook/cmake_prefix_path.ps1'
[3.786s] INFO:colcon.colcon_core.shell:Creating environment descriptor '/home/ws/ugv_ws/install/rf2o_laser_odometry/share/rf2o_laser_odometry/hook/cmake_prefix_path.dsv'
[3.791s] INFO:colcon.colcon_core.shell:Creating environment hook '/home/ws/ugv_ws/install/rf2o_laser_odometry/share/rf2o_laser_odometry/hook/cmake_prefix_path.sh'
[3.793s] Level 1:colcon.colcon_core.environment:checking '/home/ws/ugv_ws/install/rf2o_laser_odometry/lib'
[3.793s] Level 1:colcon.colcon_core.environment:checking '/home/ws/ugv_ws/install/rf2o_laser_odometry/bin'
[3.793s] Level 1:colcon.colcon_core.environment:checking '/home/ws/ugv_ws/install/rf2o_laser_odometry/lib/pkgconfig/rf2o_laser_odometry.pc'
[3.794s] Level 1:colcon.colcon_core.environment:checking '/home/ws/ugv_ws/install/rf2o_laser_odometry/lib/python3.10/site-packages'
[3.795s] Level 1:colcon.colcon_core.environment:checking '/home/ws/ugv_ws/install/rf2o_laser_odometry/bin'
[3.796s] INFO:colcon.colcon_core.shell:Creating package script '/home/ws/ugv_ws/install/rf2o_laser_odometry/share/rf2o_laser_odometry/package.ps1'
[3.797s] INFO:colcon.colcon_core.shell:Creating package descriptor '/home/ws/ugv_ws/install/rf2o_laser_odometry/share/rf2o_laser_odometry/package.dsv'
[3.798s] INFO:colcon.colcon_core.shell:Creating package script '/home/ws/ugv_ws/install/rf2o_laser_odometry/share/rf2o_laser_odometry/package.sh'
[3.798s] INFO:colcon.colcon_core.shell:Creating package script '/home/ws/ugv_ws/install/rf2o_laser_odometry/share/rf2o_laser_odometry/package.bash'
[3.799s] INFO:colcon.colcon_core.shell:Creating package script '/home/ws/ugv_ws/install/rf2o_laser_odometry/share/rf2o_laser_odometry/package.zsh'
[3.800s] Level 1:colcon.colcon_core.environment:create_file_with_runtime_dependencies(/home/ws/ugv_ws/install/rf2o_laser_odometry/share/colcon-core/packages/rf2o_laser_odometry)
[3.810s] Level 1:colcon.colcon_core.environment:create_environment_scripts_only(teb_msgs)
[3.810s] Level 1:colcon.colcon_core.environment:checking '/home/ws/ugv_ws/install/teb_msgs' for CMake module files
[3.812s] DEBUG:colcon.colcon_core.event_handler.log_command:Invoked command in '/home/ws/ugv_ws/build/teb_msgs' returned '0': CMAKE_PREFIX_PATH=/home/ws/ugv_ws/install/costmap_converter_msgs:/home/ws/ugv_ws/install/vizanti:/home/ws/ugv_ws/install/vizanti_server:/home/ws/ugv_ws/install/vizanti_demos:/home/ws/ugv_ws/install/vizanti_msgs:/home/ws/ugv_ws/install/vizanti_cpp:/home/ws/ugv_ws/install/ugv_slam:/home/ws/ugv_ws/install/ugv_nav:/home/ws/ugv_ws/install/ugv_interface:/home/ws/ugv_ws/install/ugv_gazebo:/home/ws/ugv_ws/install/ugv_description:/home/ws/ugv_ws/install/ugv_base_node:/home/ws/ugv_ws/install/teb_local_planner:/home/ws/ugv_ws/install/teb_msgs:/home/ws/ugv_ws/install/slam_gmapping:/home/ws/ugv_ws/install/robot_pose_publisher:/home/ws/ugv_ws/install/rf2o_laser_odometry:/home/ws/ugv_ws/install/openslam_gmapping:/home/ws/ugv_ws/install/ldlidar:/home/ws/ugv_ws/install/explore_lite:/home/ws/ugv_ws/install/emcl2:/home/ws/ugv_ws/install/costmap_converter:/home/ws/ugv_ws/install/cartographer:/home/ws/ugv_ws/install/apriltag_ros:/home/ws/ugv_ws/install/apriltag_msgs:/home/ws/ugv_ws/install/apriltag:/home/ws/ugv_ws/install/ugv_web_app:/home/ws/ugv_ws/install/ugv_vision:/home/ws/ugv_ws/install/ugv_tools:/home/ws/ugv_ws/install/ugv_chat_ai:/home/ws/ugv_ws/install/ugv_bringup:/opt/ros/humble LD_LIBRARY_PATH=/home/ws/ugv_ws/install/costmap_converter_msgs/lib:/home/ws/ugv_ws/install/vizanti_msgs/lib:/home/ws/ugv_ws/install/ugv_interface/lib:/home/ws/ugv_ws/install/teb_local_planner/lib:/home/ws/ugv_ws/install/teb_msgs/lib:/home/ws/ugv_ws/install/openslam_gmapping/lib:/home/ws/ugv_ws/install/costmap_converter/lib:/home/ws/ugv_ws/install/apriltag_ros/lib:/home/ws/ugv_ws/install/apriltag_msgs/lib:/home/ws/ugv_ws/install/apriltag/lib:/opt/ros/humble/opt/rviz_ogre_vendor/lib:/opt/ros/humble/lib/aarch64-linux-gnu:/opt/ros/humble/lib /usr/bin/cmake --install /home/ws/ugv_ws/build/teb_msgs
[3.813s] Level 1:colcon.colcon_core.environment:checking '/home/ws/ugv_ws/install/teb_msgs' for CMake config files
[3.814s] Level 1:colcon.colcon_core.shell:create_environment_hook('teb_msgs', 'cmake_prefix_path')
[3.814s] INFO:colcon.colcon_core.shell:Creating environment hook '/home/ws/ugv_ws/install/teb_msgs/share/teb_msgs/hook/cmake_prefix_path.ps1'
[3.815s] INFO:colcon.colcon_core.shell:Creating environment descriptor '/home/ws/ugv_ws/install/teb_msgs/share/teb_msgs/hook/cmake_prefix_path.dsv'
[3.816s] INFO:colcon.colcon_core.shell:Creating environment hook '/home/ws/ugv_ws/install/teb_msgs/share/teb_msgs/hook/cmake_prefix_path.sh'
[3.818s] Level 1:colcon.colcon_core.environment:checking '/home/ws/ugv_ws/install/teb_msgs/lib'
[3.819s] Level 1:colcon.colcon_core.shell:create_environment_hook('teb_msgs', 'ld_library_path_lib')
[3.819s] INFO:colcon.colcon_core.shell:Creating environment hook '/home/ws/ugv_ws/install/teb_msgs/share/teb_msgs/hook/ld_library_path_lib.ps1'
[3.820s] INFO:colcon.colcon_core.shell:Creating environment descriptor '/home/ws/ugv_ws/install/teb_msgs/share/teb_msgs/hook/ld_library_path_lib.dsv'
[3.824s] INFO:colcon.colcon_core.shell:Creating environment hook '/home/ws/ugv_ws/install/teb_msgs/share/teb_msgs/hook/ld_library_path_lib.sh'
[3.825s] Level 1:colcon.colcon_core.environment:checking '/home/ws/ugv_ws/install/teb_msgs/bin'
[3.825s] Level 1:colcon.colcon_core.environment:checking '/home/ws/ugv_ws/install/teb_msgs/lib/pkgconfig/teb_msgs.pc'
[3.825s] Level 1:colcon.colcon_core.environment:checking '/home/ws/ugv_ws/install/teb_msgs/lib/python3.10/site-packages'
[3.826s] Level 1:colcon.colcon_core.environment:checking '/home/ws/ugv_ws/install/teb_msgs/bin'
[3.826s] INFO:colcon.colcon_core.shell:Creating package script '/home/ws/ugv_ws/install/teb_msgs/share/teb_msgs/package.ps1'
[3.827s] INFO:colcon.colcon_core.shell:Creating package descriptor '/home/ws/ugv_ws/install/teb_msgs/share/teb_msgs/package.dsv'
[3.828s] INFO:colcon.colcon_core.shell:Creating package script '/home/ws/ugv_ws/install/teb_msgs/share/teb_msgs/package.sh'
[3.829s] INFO:colcon.colcon_core.shell:Creating package script '/home/ws/ugv_ws/install/teb_msgs/share/teb_msgs/package.bash'
[3.830s] INFO:colcon.colcon_core.shell:Creating package script '/home/ws/ugv_ws/install/teb_msgs/share/teb_msgs/package.zsh'
[3.831s] Level 1:colcon.colcon_core.environment:create_file_with_runtime_dependencies(/home/ws/ugv_ws/install/teb_msgs/share/colcon-core/packages/teb_msgs)
[3.835s] DEBUG:colcon.colcon_core.event_handler.log_command:Invoked command in '/home/ws/ugv_ws/build/robot_pose_publisher' returned '0': CMAKE_PREFIX_PATH=${CMAKE_PREFIX_PATH}:/home/ws/ugv_ws/install/ugv_web_app:/home/ws/ugv_ws/install/ugv_vision:/home/ws/ugv_ws/install/ugv_tools:/home/ws/ugv_ws/install/ugv_chat_ai:/home/ws/ugv_ws/install/ugv_bringup:/opt/ros/humble /usr/bin/cmake --build /home/ws/ugv_ws/build/robot_pose_publisher -- -j4 -l4
[3.839s] DEBUG:colcon.colcon_core.event_handler.log_command:Invoked command in '/home/ws/ugv_ws/build/ugv_base_node' returned '0': CMAKE_PREFIX_PATH=${CMAKE_PREFIX_PATH}:/home/ws/ugv_ws/install/ugv_web_app:/home/ws/ugv_ws/install/ugv_vision:/home/ws/ugv_ws/install/ugv_tools:/home/ws/ugv_ws/install/ugv_chat_ai:/home/ws/ugv_ws/install/ugv_bringup:/opt/ros/humble /usr/bin/cmake --build /home/ws/ugv_ws/build/ugv_base_node -- -j4 -l4
[3.840s] Level 1:colcon.colcon_core.environment:create_environment_scripts_only(rf2o_laser_odometry)
[3.841s] Level 1:colcon.colcon_core.environment:checking '/home/ws/ugv_ws/install/rf2o_laser_odometry' for CMake module files
[3.842s] Level 1:colcon.colcon_core.environment:checking '/home/ws/ugv_ws/install/rf2o_laser_odometry' for CMake config files
[3.842s] Level 1:colcon.colcon_core.shell:create_environment_hook('rf2o_laser_odometry', 'cmake_prefix_path')
[3.843s] INFO:colcon.colcon_core.shell:Creating environment hook '/home/ws/ugv_ws/install/rf2o_laser_odometry/share/rf2o_laser_odometry/hook/cmake_prefix_path.ps1'
[3.845s] INFO:colcon.colcon_core.shell:Creating environment descriptor '/home/ws/ugv_ws/install/rf2o_laser_odometry/share/rf2o_laser_odometry/hook/cmake_prefix_path.dsv'
[3.846s] INFO:colcon.colcon_core.shell:Creating environment hook '/home/ws/ugv_ws/install/rf2o_laser_odometry/share/rf2o_laser_odometry/hook/cmake_prefix_path.sh'
[3.847s] Level 1:colcon.colcon_core.environment:checking '/home/ws/ugv_ws/install/rf2o_laser_odometry/lib'
[3.847s] Level 1:colcon.colcon_core.environment:checking '/home/ws/ugv_ws/install/rf2o_laser_odometry/bin'
[3.847s] Level 1:colcon.colcon_core.environment:checking '/home/ws/ugv_ws/install/rf2o_laser_odometry/lib/pkgconfig/rf2o_laser_odometry.pc'
[3.848s] Level 1:colcon.colcon_core.environment:checking '/home/ws/ugv_ws/install/rf2o_laser_odometry/lib/python3.10/site-packages'
[3.848s] Level 1:colcon.colcon_core.environment:checking '/home/ws/ugv_ws/install/rf2o_laser_odometry/bin'
[3.849s] INFO:colcon.colcon_core.shell:Creating package script '/home/ws/ugv_ws/install/rf2o_laser_odometry/share/rf2o_laser_odometry/package.ps1'
[3.850s] INFO:colcon.colcon_core.shell:Creating package descriptor '/home/ws/ugv_ws/install/rf2o_laser_odometry/share/rf2o_laser_odometry/package.dsv'
[3.854s] INFO:colcon.colcon_core.shell:Creating package script '/home/ws/ugv_ws/install/rf2o_laser_odometry/share/rf2o_laser_odometry/package.sh'
[3.855s] INFO:colcon.colcon_core.shell:Creating package script '/home/ws/ugv_ws/install/rf2o_laser_odometry/share/rf2o_laser_odometry/package.bash'
[3.857s] INFO:colcon.colcon_core.shell:Creating package script '/home/ws/ugv_ws/install/rf2o_laser_odometry/share/rf2o_laser_odometry/package.zsh'
[3.858s] Level 1:colcon.colcon_core.environment:create_file_with_runtime_dependencies(/home/ws/ugv_ws/install/rf2o_laser_odometry/share/colcon-core/packages/rf2o_laser_odometry)
[3.859s] INFO:colcon.colcon_ros.task.ament_cmake.build:Building ROS package in '/home/ws/ugv_ws/src/ugv_main/ugv_interface' with build type 'ament_cmake'
[3.859s] INFO:colcon.colcon_cmake.task.cmake.build:Building CMake package in '/home/ws/ugv_ws/src/ugv_main/ugv_interface'
[3.860s] INFO:colcon.colcon_core.shell:Skip shell extension 'powershell' for command environment: Not usable outside of PowerShell
[3.860s] DEBUG:colcon.colcon_core.shell:Skip shell extension 'dsv' for command environment
[3.875s] DEBUG:colcon.colcon_core.event_handler.log_command:Invoking command in '/home/ws/ugv_ws/build/robot_pose_publisher': CMAKE_PREFIX_PATH=${CMAKE_PREFIX_PATH}:/home/ws/ugv_ws/install/ugv_web_app:/home/ws/ugv_ws/install/ugv_vision:/home/ws/ugv_ws/install/ugv_tools:/home/ws/ugv_ws/install/ugv_chat_ai:/home/ws/ugv_ws/install/ugv_bringup:/opt/ros/humble /usr/bin/cmake --install /home/ws/ugv_ws/build/robot_pose_publisher
[3.882s] DEBUG:colcon.colcon_core.event_handler.log_command:Invoking command in '/home/ws/ugv_ws/build/ugv_interface': CMAKE_PREFIX_PATH=${CMAKE_PREFIX_PATH}:/home/ws/ugv_ws/install/ugv_web_app:/home/ws/ugv_ws/install/ugv_vision:/home/ws/ugv_ws/install/ugv_tools:/home/ws/ugv_ws/install/ugv_chat_ai:/home/ws/ugv_ws/install/ugv_bringup:/opt/ros/humble /usr/bin/cmake --build /home/ws/ugv_ws/build/ugv_interface -- -j4 -l4
[3.885s] DEBUG:colcon.colcon_core.event_handler.log_command:Invoking command in '/home/ws/ugv_ws/build/ugv_base_node': CMAKE_PREFIX_PATH=${CMAKE_PREFIX_PATH}:/home/ws/ugv_ws/install/ugv_web_app:/home/ws/ugv_ws/install/ugv_vision:/home/ws/ugv_ws/install/ugv_tools:/home/ws/ugv_ws/install/ugv_chat_ai:/home/ws/ugv_ws/install/ugv_bringup:/opt/ros/humble /usr/bin/cmake --install /home/ws/ugv_ws/build/ugv_base_node
[3.896s] Level 1:colcon.colcon_core.environment:create_environment_scripts_only(robot_pose_publisher)
[3.897s] Level 1:colcon.colcon_core.environment:checking '/home/ws/ugv_ws/install/robot_pose_publisher' for CMake module files
[3.899s] DEBUG:colcon.colcon_core.event_handler.log_command:Invoked command in '/home/ws/ugv_ws/build/robot_pose_publisher' returned '0': CMAKE_PREFIX_PATH=${CMAKE_PREFIX_PATH}:/home/ws/ugv_ws/install/ugv_web_app:/home/ws/ugv_ws/install/ugv_vision:/home/ws/ugv_ws/install/ugv_tools:/home/ws/ugv_ws/install/ugv_chat_ai:/home/ws/ugv_ws/install/ugv_bringup:/opt/ros/humble /usr/bin/cmake --install /home/ws/ugv_ws/build/robot_pose_publisher
[3.900s] Level 1:colcon.colcon_core.environment:checking '/home/ws/ugv_ws/install/robot_pose_publisher' for CMake config files
[3.904s] Level 1:colcon.colcon_core.shell:create_environment_hook('robot_pose_publisher', 'cmake_prefix_path')
[3.905s] INFO:colcon.colcon_core.shell:Creating environment hook '/home/ws/ugv_ws/install/robot_pose_publisher/share/robot_pose_publisher/hook/cmake_prefix_path.ps1'
[3.906s] INFO:colcon.colcon_core.shell:Creating environment descriptor '/home/ws/ugv_ws/install/robot_pose_publisher/share/robot_pose_publisher/hook/cmake_prefix_path.dsv'
[3.910s] INFO:colcon.colcon_core.shell:Creating environment hook '/home/ws/ugv_ws/install/robot_pose_publisher/share/robot_pose_publisher/hook/cmake_prefix_path.sh'
[3.911s] Level 1:colcon.colcon_core.environment:checking '/home/ws/ugv_ws/install/robot_pose_publisher/lib'
[3.911s] Level 1:colcon.colcon_core.environment:checking '/home/ws/ugv_ws/install/robot_pose_publisher/bin'
[3.911s] Level 1:colcon.colcon_core.environment:checking '/home/ws/ugv_ws/install/robot_pose_publisher/lib/pkgconfig/robot_pose_publisher.pc'
[3.912s] Level 1:colcon.colcon_core.environment:checking '/home/ws/ugv_ws/install/robot_pose_publisher/lib/python3.10/site-packages'
[3.912s] Level 1:colcon.colcon_core.environment:checking '/home/ws/ugv_ws/install/robot_pose_publisher/bin'
[3.913s] INFO:colcon.colcon_core.shell:Creating package script '/home/ws/ugv_ws/install/robot_pose_publisher/share/robot_pose_publisher/package.ps1'
[3.914s] INFO:colcon.colcon_core.shell:Creating package descriptor '/home/ws/ugv_ws/install/robot_pose_publisher/share/robot_pose_publisher/package.dsv'
[3.914s] INFO:colcon.colcon_core.shell:Creating package script '/home/ws/ugv_ws/install/robot_pose_publisher/share/robot_pose_publisher/package.sh'
[3.915s] INFO:colcon.colcon_core.shell:Creating package script '/home/ws/ugv_ws/install/robot_pose_publisher/share/robot_pose_publisher/package.bash'
[3.916s] INFO:colcon.colcon_core.shell:Creating package script '/home/ws/ugv_ws/install/robot_pose_publisher/share/robot_pose_publisher/package.zsh'
[3.917s] Level 1:colcon.colcon_core.environment:create_file_with_runtime_dependencies(/home/ws/ugv_ws/install/robot_pose_publisher/share/colcon-core/packages/robot_pose_publisher)
[3.922s] Level 1:colcon.colcon_core.environment:create_environment_scripts_only(ugv_base_node)
[3.922s] Level 1:colcon.colcon_core.environment:checking '/home/ws/ugv_ws/install/ugv_base_node' for CMake module files
[3.923s] Level 1:colcon.colcon_core.environment:checking '/home/ws/ugv_ws/install/ugv_base_node' for CMake config files
[3.924s] DEBUG:colcon.colcon_core.event_handler.log_command:Invoked command in '/home/ws/ugv_ws/build/ugv_base_node' returned '0': CMAKE_PREFIX_PATH=${CMAKE_PREFIX_PATH}:/home/ws/ugv_ws/install/ugv_web_app:/home/ws/ugv_ws/install/ugv_vision:/home/ws/ugv_ws/install/ugv_tools:/home/ws/ugv_ws/install/ugv_chat_ai:/home/ws/ugv_ws/install/ugv_bringup:/opt/ros/humble /usr/bin/cmake --install /home/ws/ugv_ws/build/ugv_base_node
[3.925s] Level 1:colcon.colcon_core.shell:create_environment_hook('ugv_base_node', 'cmake_prefix_path')
[3.925s] INFO:colcon.colcon_core.shell:Creating environment hook '/home/ws/ugv_ws/install/ugv_base_node/share/ugv_base_node/hook/cmake_prefix_path.ps1'
[3.926s] INFO:colcon.colcon_core.shell:Creating environment descriptor '/home/ws/ugv_ws/install/ugv_base_node/share/ugv_base_node/hook/cmake_prefix_path.dsv'
[3.927s] INFO:colcon.colcon_core.shell:Creating environment hook '/home/ws/ugv_ws/install/ugv_base_node/share/ugv_base_node/hook/cmake_prefix_path.sh'
[3.928s] Level 1:colcon.colcon_core.environment:checking '/home/ws/ugv_ws/install/ugv_base_node/lib'
[3.929s] Level 1:colcon.colcon_core.environment:checking '/home/ws/ugv_ws/install/ugv_base_node/bin'
[3.929s] Level 1:colcon.colcon_core.environment:checking '/home/ws/ugv_ws/install/ugv_base_node/lib/pkgconfig/ugv_base_node.pc'
[3.930s] Level 1:colcon.colcon_core.environment:checking '/home/ws/ugv_ws/install/ugv_base_node/lib/python3.10/site-packages'
[3.930s] Level 1:colcon.colcon_core.environment:checking '/home/ws/ugv_ws/install/ugv_base_node/bin'
[3.931s] INFO:colcon.colcon_core.shell:Creating package script '/home/ws/ugv_ws/install/ugv_base_node/share/ugv_base_node/package.ps1'
[3.932s] INFO:colcon.colcon_core.shell:Creating package descriptor '/home/ws/ugv_ws/install/ugv_base_node/share/ugv_base_node/package.dsv'
[3.933s] INFO:colcon.colcon_core.shell:Creating package script '/home/ws/ugv_ws/install/ugv_base_node/share/ugv_base_node/package.sh'
[3.937s] INFO:colcon.colcon_core.shell:Creating package script '/home/ws/ugv_ws/install/ugv_base_node/share/ugv_base_node/package.bash'
[3.938s] INFO:colcon.colcon_core.shell:Creating package script '/home/ws/ugv_ws/install/ugv_base_node/share/ugv_base_node/package.zsh'
[3.939s] Level 1:colcon.colcon_core.environment:create_file_with_runtime_dependencies(/home/ws/ugv_ws/install/ugv_base_node/share/colcon-core/packages/ugv_base_node)
[3.993s] Level 1:colcon.colcon_core.environment:create_environment_scripts_only(robot_pose_publisher)
[3.994s] Level 1:colcon.colcon_core.environment:checking '/home/ws/ugv_ws/install/robot_pose_publisher' for CMake module files
[3.995s] Level 1:colcon.colcon_core.environment:checking '/home/ws/ugv_ws/install/robot_pose_publisher' for CMake config files
[3.997s] Level 1:colcon.colcon_core.shell:create_environment_hook('robot_pose_publisher', 'cmake_prefix_path')
[3.997s] INFO:colcon.colcon_core.shell:Creating environment hook '/home/ws/ugv_ws/install/robot_pose_publisher/share/robot_pose_publisher/hook/cmake_prefix_path.ps1'
[3.999s] INFO:colcon.colcon_core.shell:Creating environment descriptor '/home/ws/ugv_ws/install/robot_pose_publisher/share/robot_pose_publisher/hook/cmake_prefix_path.dsv'
[4.000s] INFO:colcon.colcon_core.shell:Creating environment hook '/home/ws/ugv_ws/install/robot_pose_publisher/share/robot_pose_publisher/hook/cmake_prefix_path.sh'
[4.002s] Level 1:colcon.colcon_core.environment:checking '/home/ws/ugv_ws/install/robot_pose_publisher/lib'
[4.002s] Level 1:colcon.colcon_core.environment:checking '/home/ws/ugv_ws/install/robot_pose_publisher/bin'
[4.002s] Level 1:colcon.colcon_core.environment:checking '/home/ws/ugv_ws/install/robot_pose_publisher/lib/pkgconfig/robot_pose_publisher.pc'
[4.003s] Level 1:colcon.colcon_core.environment:checking '/home/ws/ugv_ws/install/robot_pose_publisher/lib/python3.10/site-packages'
[4.003s] Level 1:colcon.colcon_core.environment:checking '/home/ws/ugv_ws/install/robot_pose_publisher/bin'
[4.005s] INFO:colcon.colcon_core.shell:Creating package script '/home/ws/ugv_ws/install/robot_pose_publisher/share/robot_pose_publisher/package.ps1'
[4.013s] INFO:colcon.colcon_core.shell:Creating package descriptor '/home/ws/ugv_ws/install/robot_pose_publisher/share/robot_pose_publisher/package.dsv'
[4.014s] INFO:colcon.colcon_core.shell:Creating package script '/home/ws/ugv_ws/install/robot_pose_publisher/share/robot_pose_publisher/package.sh'
[4.015s] INFO:colcon.colcon_core.shell:Creating package script '/home/ws/ugv_ws/install/robot_pose_publisher/share/robot_pose_publisher/package.bash'
[4.016s] INFO:colcon.colcon_core.shell:Creating package script '/home/ws/ugv_ws/install/robot_pose_publisher/share/robot_pose_publisher/package.zsh'
[4.017s] Level 1:colcon.colcon_core.environment:create_file_with_runtime_dependencies(/home/ws/ugv_ws/install/robot_pose_publisher/share/colcon-core/packages/robot_pose_publisher)
[4.026s] INFO:colcon.colcon_ros.task.ament_cmake.build:Building ROS package in '/home/ws/ugv_ws/src/ugv_else/vizanti/vizanti_cpp' with build type 'ament_cmake'
[4.026s] INFO:colcon.colcon_cmake.task.cmake.build:Building CMake package in '/home/ws/ugv_ws/src/ugv_else/vizanti/vizanti_cpp'
[4.027s] INFO:colcon.colcon_core.shell:Skip shell extension 'powershell' for command environment: Not usable outside of PowerShell
[4.027s] DEBUG:colcon.colcon_core.shell:Skip shell extension 'dsv' for command environment
[4.045s] Level 1:colcon.colcon_core.environment:create_environment_scripts_only(teb_msgs)
[4.046s] Level 1:colcon.colcon_core.environment:checking '/home/ws/ugv_ws/install/teb_msgs' for CMake module files
[4.047s] Level 1:colcon.colcon_core.environment:checking '/home/ws/ugv_ws/install/teb_msgs' for CMake config files
[4.047s] Level 1:colcon.colcon_core.shell:create_environment_hook('teb_msgs', 'cmake_prefix_path')
[4.048s] INFO:colcon.colcon_core.shell:Creating environment hook '/home/ws/ugv_ws/install/teb_msgs/share/teb_msgs/hook/cmake_prefix_path.ps1'
[4.049s] INFO:colcon.colcon_core.shell:Creating environment descriptor '/home/ws/ugv_ws/install/teb_msgs/share/teb_msgs/hook/cmake_prefix_path.dsv'
[4.050s] INFO:colcon.colcon_core.shell:Creating environment hook '/home/ws/ugv_ws/install/teb_msgs/share/teb_msgs/hook/cmake_prefix_path.sh'
[4.052s] Level 1:colcon.colcon_core.environment:checking '/home/ws/ugv_ws/install/teb_msgs/lib'
[4.052s] Level 1:colcon.colcon_core.shell:create_environment_hook('teb_msgs', 'ld_library_path_lib')
[4.053s] INFO:colcon.colcon_core.shell:Creating environment hook '/home/ws/ugv_ws/install/teb_msgs/share/teb_msgs/hook/ld_library_path_lib.ps1'
[4.054s] INFO:colcon.colcon_core.shell:Creating environment descriptor '/home/ws/ugv_ws/install/teb_msgs/share/teb_msgs/hook/ld_library_path_lib.dsv'
[4.054s] INFO:colcon.colcon_core.shell:Creating environment hook '/home/ws/ugv_ws/install/teb_msgs/share/teb_msgs/hook/ld_library_path_lib.sh'
[4.055s] Level 1:colcon.colcon_core.environment:checking '/home/ws/ugv_ws/install/teb_msgs/bin'
[4.055s] Level 1:colcon.colcon_core.environment:checking '/home/ws/ugv_ws/install/teb_msgs/lib/pkgconfig/teb_msgs.pc'
[4.056s] Level 1:colcon.colcon_core.environment:checking '/home/ws/ugv_ws/install/teb_msgs/lib/python3.10/site-packages'
[4.056s] Level 1:colcon.colcon_core.environment:checking '/home/ws/ugv_ws/install/teb_msgs/bin'
[4.057s] INFO:colcon.colcon_core.shell:Creating package script '/home/ws/ugv_ws/install/teb_msgs/share/teb_msgs/package.ps1'
[4.058s] INFO:colcon.colcon_core.shell:Creating package descriptor '/home/ws/ugv_ws/install/teb_msgs/share/teb_msgs/package.dsv'
[4.059s] INFO:colcon.colcon_core.shell:Creating package script '/home/ws/ugv_ws/install/teb_msgs/share/teb_msgs/package.sh'
[4.061s] INFO:colcon.colcon_core.shell:Creating package script '/home/ws/ugv_ws/install/teb_msgs/share/teb_msgs/package.bash'
[4.062s] INFO:colcon.colcon_core.shell:Creating package script '/home/ws/ugv_ws/install/teb_msgs/share/teb_msgs/package.zsh'
[4.066s] Level 1:colcon.colcon_core.environment:create_file_with_runtime_dependencies(/home/ws/ugv_ws/install/teb_msgs/share/colcon-core/packages/teb_msgs)
[4.067s] Level 1:colcon.colcon_core.environment:create_environment_scripts_only(ugv_base_node)
[4.068s] Level 1:colcon.colcon_core.environment:checking '/home/ws/ugv_ws/install/ugv_base_node' for CMake module files
[4.069s] Level 1:colcon.colcon_core.environment:checking '/home/ws/ugv_ws/install/ugv_base_node' for CMake config files
[4.069s] Level 1:colcon.colcon_core.shell:create_environment_hook('ugv_base_node', 'cmake_prefix_path')
[4.070s] INFO:colcon.colcon_core.shell:Creating environment hook '/home/ws/ugv_ws/install/ugv_base_node/share/ugv_base_node/hook/cmake_prefix_path.ps1'
[4.070s] INFO:colcon.colcon_core.shell:Creating environment descriptor '/home/ws/ugv_ws/install/ugv_base_node/share/ugv_base_node/hook/cmake_prefix_path.dsv'
[4.071s] INFO:colcon.colcon_core.shell:Creating environment hook '/home/ws/ugv_ws/install/ugv_base_node/share/ugv_base_node/hook/cmake_prefix_path.sh'
[4.072s] Level 1:colcon.colcon_core.environment:checking '/home/ws/ugv_ws/install/ugv_base_node/lib'
[4.072s] Level 1:colcon.colcon_core.environment:checking '/home/ws/ugv_ws/install/ugv_base_node/bin'
[4.072s] Level 1:colcon.colcon_core.environment:checking '/home/ws/ugv_ws/install/ugv_base_node/lib/pkgconfig/ugv_base_node.pc'
[4.072s] Level 1:colcon.colcon_core.environment:checking '/home/ws/ugv_ws/install/ugv_base_node/lib/python3.10/site-packages'
[4.073s] Level 1:colcon.colcon_core.environment:checking '/home/ws/ugv_ws/install/ugv_base_node/bin'
[4.073s] INFO:colcon.colcon_core.shell:Creating package script '/home/ws/ugv_ws/install/ugv_base_node/share/ugv_base_node/package.ps1'
[4.074s] INFO:colcon.colcon_core.shell:Creating package descriptor '/home/ws/ugv_ws/install/ugv_base_node/share/ugv_base_node/package.dsv'
[4.075s] INFO:colcon.colcon_core.shell:Creating package script '/home/ws/ugv_ws/install/ugv_base_node/share/ugv_base_node/package.sh'
[4.076s] INFO:colcon.colcon_core.shell:Creating package script '/home/ws/ugv_ws/install/ugv_base_node/share/ugv_base_node/package.bash'
[4.080s] INFO:colcon.colcon_core.shell:Creating package script '/home/ws/ugv_ws/install/ugv_base_node/share/ugv_base_node/package.zsh'
[4.081s] Level 1:colcon.colcon_core.environment:create_file_with_runtime_dependencies(/home/ws/ugv_ws/install/ugv_base_node/share/colcon-core/packages/ugv_base_node)
[4.082s] INFO:colcon.colcon_ros.task.ament_cmake.build:Building ROS package in '/home/ws/ugv_ws/src/ugv_else/apriltag_ros/apriltag_ros' with build type 'ament_cmake'
[4.082s] INFO:colcon.colcon_cmake.task.cmake.build:Building CMake package in '/home/ws/ugv_ws/src/ugv_else/apriltag_ros/apriltag_ros'
[4.082s] INFO:colcon.colcon_core.shell:Skip shell extension 'powershell' for command environment: Not usable outside of PowerShell
[4.083s] DEBUG:colcon.colcon_core.shell:Skip shell extension 'dsv' for command environment
[4.091s] INFO:colcon.colcon_ros.task.ament_cmake.build:Building ROS package in '/home/ws/ugv_ws/src/ugv_else/gmapping/slam_gmapping' with build type 'ament_cmake'
[4.092s] INFO:colcon.colcon_cmake.task.cmake.build:Building CMake package in '/home/ws/ugv_ws/src/ugv_else/gmapping/slam_gmapping'
[4.092s] INFO:colcon.colcon_core.shell:Skip shell extension 'powershell' for command environment: Not usable outside of PowerShell
[4.093s] DEBUG:colcon.colcon_core.shell:Skip shell extension 'dsv' for command environment
[4.110s] DEBUG:colcon.colcon_core.event_handler.log_command:Invoking command in '/home/ws/ugv_ws/build/vizanti_cpp': CMAKE_PREFIX_PATH=${CMAKE_PREFIX_PATH}:/home/ws/ugv_ws/install/ugv_web_app:/home/ws/ugv_ws/install/ugv_vision:/home/ws/ugv_ws/install/ugv_tools:/home/ws/ugv_ws/install/ugv_chat_ai:/home/ws/ugv_ws/install/ugv_bringup:/opt/ros/humble /usr/bin/cmake --build /home/ws/ugv_ws/build/vizanti_cpp -- -j4 -l4
[4.122s] DEBUG:colcon.colcon_core.event_handler.log_command:Invoking command in '/home/ws/ugv_ws/build/apriltag_ros': CMAKE_PREFIX_PATH=/home/ws/ugv_ws/install/apriltag_msgs:/home/ws/ugv_ws/install/apriltag:/home/ws/ugv_ws/install/vizanti:/home/ws/ugv_ws/install/vizanti_server:/home/ws/ugv_ws/install/vizanti_demos:/home/ws/ugv_ws/install/vizanti_msgs:/home/ws/ugv_ws/install/vizanti_cpp:/home/ws/ugv_ws/install/ugv_slam:/home/ws/ugv_ws/install/ugv_nav:/home/ws/ugv_ws/install/ugv_interface:/home/ws/ugv_ws/install/ugv_gazebo:/home/ws/ugv_ws/install/ugv_description:/home/ws/ugv_ws/install/ugv_base_node:/home/ws/ugv_ws/install/teb_local_planner:/home/ws/ugv_ws/install/teb_msgs:/home/ws/ugv_ws/install/slam_gmapping:/home/ws/ugv_ws/install/robot_pose_publisher:/home/ws/ugv_ws/install/rf2o_laser_odometry:/home/ws/ugv_ws/install/openslam_gmapping:/home/ws/ugv_ws/install/ldlidar:/home/ws/ugv_ws/install/explore_lite:/home/ws/ugv_ws/install/emcl2:/home/ws/ugv_ws/install/costmap_converter:/home/ws/ugv_ws/install/costmap_converter_msgs:/home/ws/ugv_ws/install/cartographer:/home/ws/ugv_ws/install/apriltag_ros:/home/ws/ugv_ws/install/ugv_web_app:/home/ws/ugv_ws/install/ugv_vision:/home/ws/ugv_ws/install/ugv_tools:/home/ws/ugv_ws/install/ugv_chat_ai:/home/ws/ugv_ws/install/ugv_bringup:/opt/ros/humble LD_LIBRARY_PATH=/home/ws/ugv_ws/install/apriltag_msgs/lib:/home/ws/ugv_ws/install/apriltag/lib:/home/ws/ugv_ws/install/vizanti_msgs/lib:/home/ws/ugv_ws/install/ugv_interface/lib:/home/ws/ugv_ws/install/teb_local_planner/lib:/home/ws/ugv_ws/install/teb_msgs/lib:/home/ws/ugv_ws/install/openslam_gmapping/lib:/home/ws/ugv_ws/install/costmap_converter/lib:/home/ws/ugv_ws/install/costmap_converter_msgs/lib:/home/ws/ugv_ws/install/apriltag_ros/lib:/opt/ros/humble/opt/rviz_ogre_vendor/lib:/opt/ros/humble/lib/aarch64-linux-gnu:/opt/ros/humble/lib PATH=/home/ws/ugv_ws/install/apriltag/bin:/home/ws/ugv_ws/install/costmap_converter/bin:/home/ws/ugv_ws/install/apriltag_ros/bin:/opt/ros/humble/bin:/usr/local/sbin:/usr/local/bin:/usr/sbin:/usr/bin:/sbin:/bin:/usr/games:/usr/local/games:/snap/bin PYTHONPATH=/home/ws/ugv_ws/install/apriltag/lib/python3.10/site-packages:/home/ws/ugv_ws/install/vizanti_msgs/local/lib/python3.10/dist-packages:/home/ws/ugv_ws/build/ugv_web_app:/home/ws/ugv_ws/install/ugv_web_app/lib/python3.10/site-packages:/home/ws/ugv_ws/build/ugv_vision:/home/ws/ugv_ws/install/ugv_vision/lib/python3.10/site-packages:/home/ws/ugv_ws/build/ugv_tools:/home/ws/ugv_ws/install/ugv_tools/lib/python3.10/site-packages:/home/ws/ugv_ws/install/ugv_interface/local/lib/python3.10/dist-packages:/home/ws/ugv_ws/build/ugv_chat_ai:/home/ws/ugv_ws/install/ugv_chat_ai/lib/python3.10/site-packages:/home/ws/ugv_ws/build/ugv_bringup:/home/ws/ugv_ws/install/ugv_bringup/lib/python3.10/site-packages:/home/ws/ugv_ws/install/teb_msgs/local/lib/python3.10/dist-packages:/home/ws/ugv_ws/install/costmap_converter_msgs/local/lib/python3.10/dist-packages:/home/ws/ugv_ws/install/apriltag_msgs/local/lib/python3.10/dist-packages:/opt/ros/humble/lib/python3.10/site-packages:/opt/ros/humble/local/lib/python3.10/dist-packages /usr/bin/cmake --build /home/ws/ugv_ws/build/apriltag_ros -- -j4 -l4
[4.135s] DEBUG:colcon.colcon_core.event_handler.log_command:Invoking command in '/home/ws/ugv_ws/build/slam_gmapping': CMAKE_PREFIX_PATH=/home/ws/ugv_ws/install/openslam_gmapping:/home/ws/ugv_ws/install/vizanti:/home/ws/ugv_ws/install/vizanti_server:/home/ws/ugv_ws/install/vizanti_demos:/home/ws/ugv_ws/install/vizanti_msgs:/home/ws/ugv_ws/install/vizanti_cpp:/home/ws/ugv_ws/install/ugv_slam:/home/ws/ugv_ws/install/ugv_nav:/home/ws/ugv_ws/install/ugv_interface:/home/ws/ugv_ws/install/ugv_gazebo:/home/ws/ugv_ws/install/ugv_description:/home/ws/ugv_ws/install/ugv_base_node:/home/ws/ugv_ws/install/teb_local_planner:/home/ws/ugv_ws/install/teb_msgs:/home/ws/ugv_ws/install/slam_gmapping:/home/ws/ugv_ws/install/robot_pose_publisher:/home/ws/ugv_ws/install/rf2o_laser_odometry:/home/ws/ugv_ws/install/ldlidar:/home/ws/ugv_ws/install/explore_lite:/home/ws/ugv_ws/install/emcl2:/home/ws/ugv_ws/install/costmap_converter:/home/ws/ugv_ws/install/costmap_converter_msgs:/home/ws/ugv_ws/install/cartographer:/home/ws/ugv_ws/install/apriltag_ros:/home/ws/ugv_ws/install/apriltag_msgs:/home/ws/ugv_ws/install/apriltag:/home/ws/ugv_ws/install/ugv_web_app:/home/ws/ugv_ws/install/ugv_vision:/home/ws/ugv_ws/install/ugv_tools:/home/ws/ugv_ws/install/ugv_chat_ai:/home/ws/ugv_ws/install/ugv_bringup:/opt/ros/humble /usr/bin/cmake --build /home/ws/ugv_ws/build/slam_gmapping -- -j4 -l4
[4.255s] DEBUG:colcon.colcon_core.event_handler.log_command:Invoked command in '/home/ws/ugv_ws/build/vizanti_cpp' returned '0': CMAKE_PREFIX_PATH=${CMAKE_PREFIX_PATH}:/home/ws/ugv_ws/install/ugv_web_app:/home/ws/ugv_ws/install/ugv_vision:/home/ws/ugv_ws/install/ugv_tools:/home/ws/ugv_ws/install/ugv_chat_ai:/home/ws/ugv_ws/install/ugv_bringup:/opt/ros/humble /usr/bin/cmake --build /home/ws/ugv_ws/build/vizanti_cpp -- -j4 -l4
[4.287s] DEBUG:colcon.colcon_core.event_handler.log_command:Invoked command in '/home/ws/ugv_ws/build/slam_gmapping' returned '0': CMAKE_PREFIX_PATH=/home/ws/ugv_ws/install/openslam_gmapping:/home/ws/ugv_ws/install/vizanti:/home/ws/ugv_ws/install/vizanti_server:/home/ws/ugv_ws/install/vizanti_demos:/home/ws/ugv_ws/install/vizanti_msgs:/home/ws/ugv_ws/install/vizanti_cpp:/home/ws/ugv_ws/install/ugv_slam:/home/ws/ugv_ws/install/ugv_nav:/home/ws/ugv_ws/install/ugv_interface:/home/ws/ugv_ws/install/ugv_gazebo:/home/ws/ugv_ws/install/ugv_description:/home/ws/ugv_ws/install/ugv_base_node:/home/ws/ugv_ws/install/teb_local_planner:/home/ws/ugv_ws/install/teb_msgs:/home/ws/ugv_ws/install/slam_gmapping:/home/ws/ugv_ws/install/robot_pose_publisher:/home/ws/ugv_ws/install/rf2o_laser_odometry:/home/ws/ugv_ws/install/ldlidar:/home/ws/ugv_ws/install/explore_lite:/home/ws/ugv_ws/install/emcl2:/home/ws/ugv_ws/install/costmap_converter:/home/ws/ugv_ws/install/costmap_converter_msgs:/home/ws/ugv_ws/install/cartographer:/home/ws/ugv_ws/install/apriltag_ros:/home/ws/ugv_ws/install/apriltag_msgs:/home/ws/ugv_ws/install/apriltag:/home/ws/ugv_ws/install/ugv_web_app:/home/ws/ugv_ws/install/ugv_vision:/home/ws/ugv_ws/install/ugv_tools:/home/ws/ugv_ws/install/ugv_chat_ai:/home/ws/ugv_ws/install/ugv_bringup:/opt/ros/humble /usr/bin/cmake --build /home/ws/ugv_ws/build/slam_gmapping -- -j4 -l4
[4.305s] DEBUG:colcon.colcon_core.event_handler.log_command:Invoking command in '/home/ws/ugv_ws/build/vizanti_cpp': CMAKE_PREFIX_PATH=${CMAKE_PREFIX_PATH}:/home/ws/ugv_ws/install/ugv_web_app:/home/ws/ugv_ws/install/ugv_vision:/home/ws/ugv_ws/install/ugv_tools:/home/ws/ugv_ws/install/ugv_chat_ai:/home/ws/ugv_ws/install/ugv_bringup:/opt/ros/humble /usr/bin/cmake --install /home/ws/ugv_ws/build/vizanti_cpp
[4.309s] DEBUG:colcon.colcon_core.event_handler.log_command:Invoked command in '/home/ws/ugv_ws/build/apriltag_ros' returned '0': CMAKE_PREFIX_PATH=/home/ws/ugv_ws/install/apriltag_msgs:/home/ws/ugv_ws/install/apriltag:/home/ws/ugv_ws/install/vizanti:/home/ws/ugv_ws/install/vizanti_server:/home/ws/ugv_ws/install/vizanti_demos:/home/ws/ugv_ws/install/vizanti_msgs:/home/ws/ugv_ws/install/vizanti_cpp:/home/ws/ugv_ws/install/ugv_slam:/home/ws/ugv_ws/install/ugv_nav:/home/ws/ugv_ws/install/ugv_interface:/home/ws/ugv_ws/install/ugv_gazebo:/home/ws/ugv_ws/install/ugv_description:/home/ws/ugv_ws/install/ugv_base_node:/home/ws/ugv_ws/install/teb_local_planner:/home/ws/ugv_ws/install/teb_msgs:/home/ws/ugv_ws/install/slam_gmapping:/home/ws/ugv_ws/install/robot_pose_publisher:/home/ws/ugv_ws/install/rf2o_laser_odometry:/home/ws/ugv_ws/install/openslam_gmapping:/home/ws/ugv_ws/install/ldlidar:/home/ws/ugv_ws/install/explore_lite:/home/ws/ugv_ws/install/emcl2:/home/ws/ugv_ws/install/costmap_converter:/home/ws/ugv_ws/install/costmap_converter_msgs:/home/ws/ugv_ws/install/cartographer:/home/ws/ugv_ws/install/apriltag_ros:/home/ws/ugv_ws/install/ugv_web_app:/home/ws/ugv_ws/install/ugv_vision:/home/ws/ugv_ws/install/ugv_tools:/home/ws/ugv_ws/install/ugv_chat_ai:/home/ws/ugv_ws/install/ugv_bringup:/opt/ros/humble LD_LIBRARY_PATH=/home/ws/ugv_ws/install/apriltag_msgs/lib:/home/ws/ugv_ws/install/apriltag/lib:/home/ws/ugv_ws/install/vizanti_msgs/lib:/home/ws/ugv_ws/install/ugv_interface/lib:/home/ws/ugv_ws/install/teb_local_planner/lib:/home/ws/ugv_ws/install/teb_msgs/lib:/home/ws/ugv_ws/install/openslam_gmapping/lib:/home/ws/ugv_ws/install/costmap_converter/lib:/home/ws/ugv_ws/install/costmap_converter_msgs/lib:/home/ws/ugv_ws/install/apriltag_ros/lib:/opt/ros/humble/opt/rviz_ogre_vendor/lib:/opt/ros/humble/lib/aarch64-linux-gnu:/opt/ros/humble/lib PATH=/home/ws/ugv_ws/install/apriltag/bin:/home/ws/ugv_ws/install/costmap_converter/bin:/home/ws/ugv_ws/install/apriltag_ros/bin:/opt/ros/humble/bin:/usr/local/sbin:/usr/local/bin:/usr/sbin:/usr/bin:/sbin:/bin:/usr/games:/usr/local/games:/snap/bin PYTHONPATH=/home/ws/ugv_ws/install/apriltag/lib/python3.10/site-packages:/home/ws/ugv_ws/install/vizanti_msgs/local/lib/python3.10/dist-packages:/home/ws/ugv_ws/build/ugv_web_app:/home/ws/ugv_ws/install/ugv_web_app/lib/python3.10/site-packages:/home/ws/ugv_ws/build/ugv_vision:/home/ws/ugv_ws/install/ugv_vision/lib/python3.10/site-packages:/home/ws/ugv_ws/build/ugv_tools:/home/ws/ugv_ws/install/ugv_tools/lib/python3.10/site-packages:/home/ws/ugv_ws/install/ugv_interface/local/lib/python3.10/dist-packages:/home/ws/ugv_ws/build/ugv_chat_ai:/home/ws/ugv_ws/install/ugv_chat_ai/lib/python3.10/site-packages:/home/ws/ugv_ws/build/ugv_bringup:/home/ws/ugv_ws/install/ugv_bringup/lib/python3.10/site-packages:/home/ws/ugv_ws/install/teb_msgs/local/lib/python3.10/dist-packages:/home/ws/ugv_ws/install/costmap_converter_msgs/local/lib/python3.10/dist-packages:/home/ws/ugv_ws/install/apriltag_msgs/local/lib/python3.10/dist-packages:/opt/ros/humble/lib/python3.10/site-packages:/opt/ros/humble/local/lib/python3.10/dist-packages /usr/bin/cmake --build /home/ws/ugv_ws/build/apriltag_ros -- -j4 -l4
[4.326s] Level 1:colcon.colcon_core.environment:create_environment_scripts_only(vizanti_cpp)
[4.326s] Level 1:colcon.colcon_core.environment:checking '/home/ws/ugv_ws/install/vizanti_cpp' for CMake module files
[4.327s] DEBUG:colcon.colcon_core.event_handler.log_command:Invoked command in '/home/ws/ugv_ws/build/vizanti_cpp' returned '0': CMAKE_PREFIX_PATH=${CMAKE_PREFIX_PATH}:/home/ws/ugv_ws/install/ugv_web_app:/home/ws/ugv_ws/install/ugv_vision:/home/ws/ugv_ws/install/ugv_tools:/home/ws/ugv_ws/install/ugv_chat_ai:/home/ws/ugv_ws/install/ugv_bringup:/opt/ros/humble /usr/bin/cmake --install /home/ws/ugv_ws/build/vizanti_cpp
[4.328s] Level 1:colcon.colcon_core.environment:checking '/home/ws/ugv_ws/install/vizanti_cpp' for CMake config files
[4.328s] Level 1:colcon.colcon_core.shell:create_environment_hook('vizanti_cpp', 'cmake_prefix_path')
[4.329s] INFO:colcon.colcon_core.shell:Creating environment hook '/home/ws/ugv_ws/install/vizanti_cpp/share/vizanti_cpp/hook/cmake_prefix_path.ps1'
[4.329s] INFO:colcon.colcon_core.shell:Creating environment descriptor '/home/ws/ugv_ws/install/vizanti_cpp/share/vizanti_cpp/hook/cmake_prefix_path.dsv'
[4.330s] INFO:colcon.colcon_core.shell:Creating environment hook '/home/ws/ugv_ws/install/vizanti_cpp/share/vizanti_cpp/hook/cmake_prefix_path.sh'
[4.331s] Level 1:colcon.colcon_core.environment:checking '/home/ws/ugv_ws/install/vizanti_cpp/lib'
[4.331s] Level 1:colcon.colcon_core.environment:checking '/home/ws/ugv_ws/install/vizanti_cpp/bin'
[4.331s] Level 1:colcon.colcon_core.environment:checking '/home/ws/ugv_ws/install/vizanti_cpp/lib/pkgconfig/vizanti_cpp.pc'
[4.332s] Level 1:colcon.colcon_core.environment:checking '/home/ws/ugv_ws/install/vizanti_cpp/lib/python3.10/site-packages'
[4.332s] Level 1:colcon.colcon_core.environment:checking '/home/ws/ugv_ws/install/vizanti_cpp/bin'
[4.332s] INFO:colcon.colcon_core.shell:Creating package script '/home/ws/ugv_ws/install/vizanti_cpp/share/vizanti_cpp/package.ps1'
[4.334s] INFO:colcon.colcon_core.shell:Creating package descriptor '/home/ws/ugv_ws/install/vizanti_cpp/share/vizanti_cpp/package.dsv'
[4.335s] INFO:colcon.colcon_core.shell:Creating package script '/home/ws/ugv_ws/install/vizanti_cpp/share/vizanti_cpp/package.sh'
[4.336s] INFO:colcon.colcon_core.shell:Creating package script '/home/ws/ugv_ws/install/vizanti_cpp/share/vizanti_cpp/package.bash'
[4.337s] INFO:colcon.colcon_core.shell:Creating package script '/home/ws/ugv_ws/install/vizanti_cpp/share/vizanti_cpp/package.zsh'
[4.338s] Level 1:colcon.colcon_core.environment:create_file_with_runtime_dependencies(/home/ws/ugv_ws/install/vizanti_cpp/share/colcon-core/packages/vizanti_cpp)
[4.345s] DEBUG:colcon.colcon_core.event_handler.log_command:Invoking command in '/home/ws/ugv_ws/build/slam_gmapping': CMAKE_PREFIX_PATH=/home/ws/ugv_ws/install/openslam_gmapping:/home/ws/ugv_ws/install/vizanti:/home/ws/ugv_ws/install/vizanti_server:/home/ws/ugv_ws/install/vizanti_demos:/home/ws/ugv_ws/install/vizanti_msgs:/home/ws/ugv_ws/install/vizanti_cpp:/home/ws/ugv_ws/install/ugv_slam:/home/ws/ugv_ws/install/ugv_nav:/home/ws/ugv_ws/install/ugv_interface:/home/ws/ugv_ws/install/ugv_gazebo:/home/ws/ugv_ws/install/ugv_description:/home/ws/ugv_ws/install/ugv_base_node:/home/ws/ugv_ws/install/teb_local_planner:/home/ws/ugv_ws/install/teb_msgs:/home/ws/ugv_ws/install/slam_gmapping:/home/ws/ugv_ws/install/robot_pose_publisher:/home/ws/ugv_ws/install/rf2o_laser_odometry:/home/ws/ugv_ws/install/ldlidar:/home/ws/ugv_ws/install/explore_lite:/home/ws/ugv_ws/install/emcl2:/home/ws/ugv_ws/install/costmap_converter:/home/ws/ugv_ws/install/costmap_converter_msgs:/home/ws/ugv_ws/install/cartographer:/home/ws/ugv_ws/install/apriltag_ros:/home/ws/ugv_ws/install/apriltag_msgs:/home/ws/ugv_ws/install/apriltag:/home/ws/ugv_ws/install/ugv_web_app:/home/ws/ugv_ws/install/ugv_vision:/home/ws/ugv_ws/install/ugv_tools:/home/ws/ugv_ws/install/ugv_chat_ai:/home/ws/ugv_ws/install/ugv_bringup:/opt/ros/humble /usr/bin/cmake --install /home/ws/ugv_ws/build/slam_gmapping
[4.350s] DEBUG:colcon.colcon_core.event_handler.log_command:Invoking command in '/home/ws/ugv_ws/build/apriltag_ros': CMAKE_PREFIX_PATH=/home/ws/ugv_ws/install/apriltag_msgs:/home/ws/ugv_ws/install/apriltag:/home/ws/ugv_ws/install/vizanti:/home/ws/ugv_ws/install/vizanti_server:/home/ws/ugv_ws/install/vizanti_demos:/home/ws/ugv_ws/install/vizanti_msgs:/home/ws/ugv_ws/install/vizanti_cpp:/home/ws/ugv_ws/install/ugv_slam:/home/ws/ugv_ws/install/ugv_nav:/home/ws/ugv_ws/install/ugv_interface:/home/ws/ugv_ws/install/ugv_gazebo:/home/ws/ugv_ws/install/ugv_description:/home/ws/ugv_ws/install/ugv_base_node:/home/ws/ugv_ws/install/teb_local_planner:/home/ws/ugv_ws/install/teb_msgs:/home/ws/ugv_ws/install/slam_gmapping:/home/ws/ugv_ws/install/robot_pose_publisher:/home/ws/ugv_ws/install/rf2o_laser_odometry:/home/ws/ugv_ws/install/openslam_gmapping:/home/ws/ugv_ws/install/ldlidar:/home/ws/ugv_ws/install/explore_lite:/home/ws/ugv_ws/install/emcl2:/home/ws/ugv_ws/install/costmap_converter:/home/ws/ugv_ws/install/costmap_converter_msgs:/home/ws/ugv_ws/install/cartographer:/home/ws/ugv_ws/install/apriltag_ros:/home/ws/ugv_ws/install/ugv_web_app:/home/ws/ugv_ws/install/ugv_vision:/home/ws/ugv_ws/install/ugv_tools:/home/ws/ugv_ws/install/ugv_chat_ai:/home/ws/ugv_ws/install/ugv_bringup:/opt/ros/humble LD_LIBRARY_PATH=/home/ws/ugv_ws/install/apriltag_msgs/lib:/home/ws/ugv_ws/install/apriltag/lib:/home/ws/ugv_ws/install/vizanti_msgs/lib:/home/ws/ugv_ws/install/ugv_interface/lib:/home/ws/ugv_ws/install/teb_local_planner/lib:/home/ws/ugv_ws/install/teb_msgs/lib:/home/ws/ugv_ws/install/openslam_gmapping/lib:/home/ws/ugv_ws/install/costmap_converter/lib:/home/ws/ugv_ws/install/costmap_converter_msgs/lib:/home/ws/ugv_ws/install/apriltag_ros/lib:/opt/ros/humble/opt/rviz_ogre_vendor/lib:/opt/ros/humble/lib/aarch64-linux-gnu:/opt/ros/humble/lib PATH=/home/ws/ugv_ws/install/apriltag/bin:/home/ws/ugv_ws/install/costmap_converter/bin:/home/ws/ugv_ws/install/apriltag_ros/bin:/opt/ros/humble/bin:/usr/local/sbin:/usr/local/bin:/usr/sbin:/usr/bin:/sbin:/bin:/usr/games:/usr/local/games:/snap/bin PYTHONPATH=/home/ws/ugv_ws/install/apriltag/lib/python3.10/site-packages:/home/ws/ugv_ws/install/vizanti_msgs/local/lib/python3.10/dist-packages:/home/ws/ugv_ws/build/ugv_web_app:/home/ws/ugv_ws/install/ugv_web_app/lib/python3.10/site-packages:/home/ws/ugv_ws/build/ugv_vision:/home/ws/ugv_ws/install/ugv_vision/lib/python3.10/site-packages:/home/ws/ugv_ws/build/ugv_tools:/home/ws/ugv_ws/install/ugv_tools/lib/python3.10/site-packages:/home/ws/ugv_ws/install/ugv_interface/local/lib/python3.10/dist-packages:/home/ws/ugv_ws/build/ugv_chat_ai:/home/ws/ugv_ws/install/ugv_chat_ai/lib/python3.10/site-packages:/home/ws/ugv_ws/build/ugv_bringup:/home/ws/ugv_ws/install/ugv_bringup/lib/python3.10/site-packages:/home/ws/ugv_ws/install/teb_msgs/local/lib/python3.10/dist-packages:/home/ws/ugv_ws/install/costmap_converter_msgs/local/lib/python3.10/dist-packages:/home/ws/ugv_ws/install/apriltag_msgs/local/lib/python3.10/dist-packages:/opt/ros/humble/lib/python3.10/site-packages:/opt/ros/humble/local/lib/python3.10/dist-packages /usr/bin/cmake --install /home/ws/ugv_ws/build/apriltag_ros
[4.363s] Level 1:colcon.colcon_core.environment:create_environment_scripts_only(apriltag_ros)
[4.363s] Level 1:colcon.colcon_core.environment:checking '/home/ws/ugv_ws/install/apriltag_ros' for CMake module files
[4.364s] DEBUG:colcon.colcon_core.event_handler.log_command:Invoked command in '/home/ws/ugv_ws/build/apriltag_ros' returned '0': CMAKE_PREFIX_PATH=/home/ws/ugv_ws/install/apriltag_msgs:/home/ws/ugv_ws/install/apriltag:/home/ws/ugv_ws/install/vizanti:/home/ws/ugv_ws/install/vizanti_server:/home/ws/ugv_ws/install/vizanti_demos:/home/ws/ugv_ws/install/vizanti_msgs:/home/ws/ugv_ws/install/vizanti_cpp:/home/ws/ugv_ws/install/ugv_slam:/home/ws/ugv_ws/install/ugv_nav:/home/ws/ugv_ws/install/ugv_interface:/home/ws/ugv_ws/install/ugv_gazebo:/home/ws/ugv_ws/install/ugv_description:/home/ws/ugv_ws/install/ugv_base_node:/home/ws/ugv_ws/install/teb_local_planner:/home/ws/ugv_ws/install/teb_msgs:/home/ws/ugv_ws/install/slam_gmapping:/home/ws/ugv_ws/install/robot_pose_publisher:/home/ws/ugv_ws/install/rf2o_laser_odometry:/home/ws/ugv_ws/install/openslam_gmapping:/home/ws/ugv_ws/install/ldlidar:/home/ws/ugv_ws/install/explore_lite:/home/ws/ugv_ws/install/emcl2:/home/ws/ugv_ws/install/costmap_converter:/home/ws/ugv_ws/install/costmap_converter_msgs:/home/ws/ugv_ws/install/cartographer:/home/ws/ugv_ws/install/apriltag_ros:/home/ws/ugv_ws/install/ugv_web_app:/home/ws/ugv_ws/install/ugv_vision:/home/ws/ugv_ws/install/ugv_tools:/home/ws/ugv_ws/install/ugv_chat_ai:/home/ws/ugv_ws/install/ugv_bringup:/opt/ros/humble LD_LIBRARY_PATH=/home/ws/ugv_ws/install/apriltag_msgs/lib:/home/ws/ugv_ws/install/apriltag/lib:/home/ws/ugv_ws/install/vizanti_msgs/lib:/home/ws/ugv_ws/install/ugv_interface/lib:/home/ws/ugv_ws/install/teb_local_planner/lib:/home/ws/ugv_ws/install/teb_msgs/lib:/home/ws/ugv_ws/install/openslam_gmapping/lib:/home/ws/ugv_ws/install/costmap_converter/lib:/home/ws/ugv_ws/install/costmap_converter_msgs/lib:/home/ws/ugv_ws/install/apriltag_ros/lib:/opt/ros/humble/opt/rviz_ogre_vendor/lib:/opt/ros/humble/lib/aarch64-linux-gnu:/opt/ros/humble/lib PATH=/home/ws/ugv_ws/install/apriltag/bin:/home/ws/ugv_ws/install/costmap_converter/bin:/home/ws/ugv_ws/install/apriltag_ros/bin:/opt/ros/humble/bin:/usr/local/sbin:/usr/local/bin:/usr/sbin:/usr/bin:/sbin:/bin:/usr/games:/usr/local/games:/snap/bin PYTHONPATH=/home/ws/ugv_ws/install/apriltag/lib/python3.10/site-packages:/home/ws/ugv_ws/install/vizanti_msgs/local/lib/python3.10/dist-packages:/home/ws/ugv_ws/build/ugv_web_app:/home/ws/ugv_ws/install/ugv_web_app/lib/python3.10/site-packages:/home/ws/ugv_ws/build/ugv_vision:/home/ws/ugv_ws/install/ugv_vision/lib/python3.10/site-packages:/home/ws/ugv_ws/build/ugv_tools:/home/ws/ugv_ws/install/ugv_tools/lib/python3.10/site-packages:/home/ws/ugv_ws/install/ugv_interface/local/lib/python3.10/dist-packages:/home/ws/ugv_ws/build/ugv_chat_ai:/home/ws/ugv_ws/install/ugv_chat_ai/lib/python3.10/site-packages:/home/ws/ugv_ws/build/ugv_bringup:/home/ws/ugv_ws/install/ugv_bringup/lib/python3.10/site-packages:/home/ws/ugv_ws/install/teb_msgs/local/lib/python3.10/dist-packages:/home/ws/ugv_ws/install/costmap_converter_msgs/local/lib/python3.10/dist-packages:/home/ws/ugv_ws/install/apriltag_msgs/local/lib/python3.10/dist-packages:/opt/ros/humble/lib/python3.10/site-packages:/opt/ros/humble/local/lib/python3.10/dist-packages /usr/bin/cmake --install /home/ws/ugv_ws/build/apriltag_ros
[4.368s] Level 1:colcon.colcon_core.environment:checking '/home/ws/ugv_ws/install/apriltag_ros' for CMake config files
[4.368s] Level 1:colcon.colcon_core.shell:create_environment_hook('apriltag_ros', 'cmake_prefix_path')
[4.369s] INFO:colcon.colcon_core.shell:Creating environment hook '/home/ws/ugv_ws/install/apriltag_ros/share/apriltag_ros/hook/cmake_prefix_path.ps1'
[4.369s] INFO:colcon.colcon_core.shell:Creating environment descriptor '/home/ws/ugv_ws/install/apriltag_ros/share/apriltag_ros/hook/cmake_prefix_path.dsv'
[4.370s] INFO:colcon.colcon_core.shell:Creating environment hook '/home/ws/ugv_ws/install/apriltag_ros/share/apriltag_ros/hook/cmake_prefix_path.sh'
[4.371s] Level 1:colcon.colcon_core.environment:checking '/home/ws/ugv_ws/install/apriltag_ros/lib'
[4.371s] Level 1:colcon.colcon_core.shell:create_environment_hook('apriltag_ros', 'ld_library_path_lib')
[4.372s] INFO:colcon.colcon_core.shell:Creating environment hook '/home/ws/ugv_ws/install/apriltag_ros/share/apriltag_ros/hook/ld_library_path_lib.ps1'
[4.373s] INFO:colcon.colcon_core.shell:Creating environment descriptor '/home/ws/ugv_ws/install/apriltag_ros/share/apriltag_ros/hook/ld_library_path_lib.dsv'
[4.373s] INFO:colcon.colcon_core.shell:Creating environment hook '/home/ws/ugv_ws/install/apriltag_ros/share/apriltag_ros/hook/ld_library_path_lib.sh'
[4.377s] Level 1:colcon.colcon_core.environment:checking '/home/ws/ugv_ws/install/apriltag_ros/bin'
[4.377s] Level 1:colcon.colcon_core.shell:create_environment_hook('apriltag_ros', 'path')
[4.378s] INFO:colcon.colcon_core.shell:Creating environment hook '/home/ws/ugv_ws/install/apriltag_ros/share/apriltag_ros/hook/path.ps1'
[4.378s] INFO:colcon.colcon_core.shell:Creating environment descriptor '/home/ws/ugv_ws/install/apriltag_ros/share/apriltag_ros/hook/path.dsv'
[4.379s] INFO:colcon.colcon_core.shell:Creating environment hook '/home/ws/ugv_ws/install/apriltag_ros/share/apriltag_ros/hook/path.sh'
[4.379s] Level 1:colcon.colcon_core.environment:checking '/home/ws/ugv_ws/install/apriltag_ros/lib/pkgconfig/apriltag_ros.pc'
[4.380s] Level 1:colcon.colcon_core.environment:checking '/home/ws/ugv_ws/install/apriltag_ros/lib/python3.10/site-packages'
[4.380s] Level 1:colcon.colcon_core.environment:checking '/home/ws/ugv_ws/install/apriltag_ros/bin'
[4.380s] Level 1:colcon.colcon_core.shell:create_environment_hook('apriltag_ros', 'pythonscriptspath')
[4.380s] INFO:colcon.colcon_core.shell:Creating environment hook '/home/ws/ugv_ws/install/apriltag_ros/share/apriltag_ros/hook/pythonscriptspath.ps1'
[4.381s] INFO:colcon.colcon_core.shell:Creating environment descriptor '/home/ws/ugv_ws/install/apriltag_ros/share/apriltag_ros/hook/pythonscriptspath.dsv'
[4.382s] INFO:colcon.colcon_core.shell:Creating environment hook '/home/ws/ugv_ws/install/apriltag_ros/share/apriltag_ros/hook/pythonscriptspath.sh'
[4.382s] INFO:colcon.colcon_core.shell:Creating package script '/home/ws/ugv_ws/install/apriltag_ros/share/apriltag_ros/package.ps1'
[4.383s] INFO:colcon.colcon_core.shell:Creating package descriptor '/home/ws/ugv_ws/install/apriltag_ros/share/apriltag_ros/package.dsv'
[4.384s] INFO:colcon.colcon_core.shell:Creating package script '/home/ws/ugv_ws/install/apriltag_ros/share/apriltag_ros/package.sh'
[4.384s] INFO:colcon.colcon_core.shell:Creating package script '/home/ws/ugv_ws/install/apriltag_ros/share/apriltag_ros/package.bash'
[4.385s] INFO:colcon.colcon_core.shell:Creating package script '/home/ws/ugv_ws/install/apriltag_ros/share/apriltag_ros/package.zsh'
[4.386s] Level 1:colcon.colcon_core.environment:create_file_with_runtime_dependencies(/home/ws/ugv_ws/install/apriltag_ros/share/colcon-core/packages/apriltag_ros)
[4.391s] Level 1:colcon.colcon_core.environment:create_environment_scripts_only(vizanti_cpp)
[4.392s] Level 1:colcon.colcon_core.environment:checking '/home/ws/ugv_ws/install/vizanti_cpp' for CMake module files
[4.392s] Level 1:colcon.colcon_core.environment:checking '/home/ws/ugv_ws/install/vizanti_cpp' for CMake config files
[4.393s] Level 1:colcon.colcon_core.shell:create_environment_hook('vizanti_cpp', 'cmake_prefix_path')
[4.393s] INFO:colcon.colcon_core.shell:Creating environment hook '/home/ws/ugv_ws/install/vizanti_cpp/share/vizanti_cpp/hook/cmake_prefix_path.ps1'
[4.394s] INFO:colcon.colcon_core.shell:Creating environment descriptor '/home/ws/ugv_ws/install/vizanti_cpp/share/vizanti_cpp/hook/cmake_prefix_path.dsv'
[4.394s] INFO:colcon.colcon_core.shell:Creating environment hook '/home/ws/ugv_ws/install/vizanti_cpp/share/vizanti_cpp/hook/cmake_prefix_path.sh'
[4.395s] Level 1:colcon.colcon_core.environment:checking '/home/ws/ugv_ws/install/vizanti_cpp/lib'
[4.396s] Level 1:colcon.colcon_core.environment:checking '/home/ws/ugv_ws/install/vizanti_cpp/bin'
[4.396s] Level 1:colcon.colcon_core.environment:checking '/home/ws/ugv_ws/install/vizanti_cpp/lib/pkgconfig/vizanti_cpp.pc'
[4.396s] Level 1:colcon.colcon_core.environment:checking '/home/ws/ugv_ws/install/vizanti_cpp/lib/python3.10/site-packages'
[4.396s] Level 1:colcon.colcon_core.environment:checking '/home/ws/ugv_ws/install/vizanti_cpp/bin'
[4.397s] INFO:colcon.colcon_core.shell:Creating package script '/home/ws/ugv_ws/install/vizanti_cpp/share/vizanti_cpp/package.ps1'
[4.398s] INFO:colcon.colcon_core.shell:Creating package descriptor '/home/ws/ugv_ws/install/vizanti_cpp/share/vizanti_cpp/package.dsv'
[4.398s] INFO:colcon.colcon_core.shell:Creating package script '/home/ws/ugv_ws/install/vizanti_cpp/share/vizanti_cpp/package.sh'
[4.399s] INFO:colcon.colcon_core.shell:Creating package script '/home/ws/ugv_ws/install/vizanti_cpp/share/vizanti_cpp/package.bash'
[4.400s] INFO:colcon.colcon_core.shell:Creating package script '/home/ws/ugv_ws/install/vizanti_cpp/share/vizanti_cpp/package.zsh'
[4.401s] Level 1:colcon.colcon_core.environment:create_file_with_runtime_dependencies(/home/ws/ugv_ws/install/vizanti_cpp/share/colcon-core/packages/vizanti_cpp)
[4.403s] INFO:colcon.colcon_ros.task.ament_cmake.build:Building ROS package in '/home/ws/ugv_ws/src/ugv_else/vizanti/vizanti_demos' with build type 'ament_cmake'
[4.403s] INFO:colcon.colcon_cmake.task.cmake.build:Building CMake package in '/home/ws/ugv_ws/src/ugv_else/vizanti/vizanti_demos'
[4.404s] INFO:colcon.colcon_core.shell:Skip shell extension 'powershell' for command environment: Not usable outside of PowerShell
[4.404s] DEBUG:colcon.colcon_core.shell:Skip shell extension 'dsv' for command environment
[4.411s] Level 1:colcon.colcon_core.environment:create_environment_scripts_only(slam_gmapping)
[4.412s] Level 1:colcon.colcon_core.environment:checking '/home/ws/ugv_ws/install/slam_gmapping' for CMake module files
[4.413s] DEBUG:colcon.colcon_core.event_handler.log_command:Invoked command in '/home/ws/ugv_ws/build/slam_gmapping' returned '0': CMAKE_PREFIX_PATH=/home/ws/ugv_ws/install/openslam_gmapping:/home/ws/ugv_ws/install/vizanti:/home/ws/ugv_ws/install/vizanti_server:/home/ws/ugv_ws/install/vizanti_demos:/home/ws/ugv_ws/install/vizanti_msgs:/home/ws/ugv_ws/install/vizanti_cpp:/home/ws/ugv_ws/install/ugv_slam:/home/ws/ugv_ws/install/ugv_nav:/home/ws/ugv_ws/install/ugv_interface:/home/ws/ugv_ws/install/ugv_gazebo:/home/ws/ugv_ws/install/ugv_description:/home/ws/ugv_ws/install/ugv_base_node:/home/ws/ugv_ws/install/teb_local_planner:/home/ws/ugv_ws/install/teb_msgs:/home/ws/ugv_ws/install/slam_gmapping:/home/ws/ugv_ws/install/robot_pose_publisher:/home/ws/ugv_ws/install/rf2o_laser_odometry:/home/ws/ugv_ws/install/ldlidar:/home/ws/ugv_ws/install/explore_lite:/home/ws/ugv_ws/install/emcl2:/home/ws/ugv_ws/install/costmap_converter:/home/ws/ugv_ws/install/costmap_converter_msgs:/home/ws/ugv_ws/install/cartographer:/home/ws/ugv_ws/install/apriltag_ros:/home/ws/ugv_ws/install/apriltag_msgs:/home/ws/ugv_ws/install/apriltag:/home/ws/ugv_ws/install/ugv_web_app:/home/ws/ugv_ws/install/ugv_vision:/home/ws/ugv_ws/install/ugv_tools:/home/ws/ugv_ws/install/ugv_chat_ai:/home/ws/ugv_ws/install/ugv_bringup:/opt/ros/humble /usr/bin/cmake --install /home/ws/ugv_ws/build/slam_gmapping
[4.414s] Level 1:colcon.colcon_core.environment:checking '/home/ws/ugv_ws/install/slam_gmapping' for CMake config files
[4.414s] Level 1:colcon.colcon_core.shell:create_environment_hook('slam_gmapping', 'cmake_prefix_path')
[4.415s] INFO:colcon.colcon_core.shell:Creating environment hook '/home/ws/ugv_ws/install/slam_gmapping/share/slam_gmapping/hook/cmake_prefix_path.ps1'
[4.416s] INFO:colcon.colcon_core.shell:Creating environment descriptor '/home/ws/ugv_ws/install/slam_gmapping/share/slam_gmapping/hook/cmake_prefix_path.dsv'
[4.417s] INFO:colcon.colcon_core.shell:Creating environment hook '/home/ws/ugv_ws/install/slam_gmapping/share/slam_gmapping/hook/cmake_prefix_path.sh'
[4.418s] Level 1:colcon.colcon_core.environment:checking '/home/ws/ugv_ws/install/slam_gmapping/lib'
[4.418s] Level 1:colcon.colcon_core.environment:checking '/home/ws/ugv_ws/install/slam_gmapping/bin'
[4.418s] Level 1:colcon.colcon_core.environment:checking '/home/ws/ugv_ws/install/slam_gmapping/lib/pkgconfig/slam_gmapping.pc'
[4.418s] Level 1:colcon.colcon_core.environment:checking '/home/ws/ugv_ws/install/slam_gmapping/lib/python3.10/site-packages'
[4.418s] Level 1:colcon.colcon_core.environment:checking '/home/ws/ugv_ws/install/slam_gmapping/bin'
[4.419s] INFO:colcon.colcon_core.shell:Creating package script '/home/ws/ugv_ws/install/slam_gmapping/share/slam_gmapping/package.ps1'
[4.419s] INFO:colcon.colcon_core.shell:Creating package descriptor '/home/ws/ugv_ws/install/slam_gmapping/share/slam_gmapping/package.dsv'
[4.420s] INFO:colcon.colcon_core.shell:Creating package script '/home/ws/ugv_ws/install/slam_gmapping/share/slam_gmapping/package.sh'
[4.421s] INFO:colcon.colcon_core.shell:Creating package script '/home/ws/ugv_ws/install/slam_gmapping/share/slam_gmapping/package.bash'
[4.421s] INFO:colcon.colcon_core.shell:Creating package script '/home/ws/ugv_ws/install/slam_gmapping/share/slam_gmapping/package.zsh'
[4.422s] Level 1:colcon.colcon_core.environment:create_file_with_runtime_dependencies(/home/ws/ugv_ws/install/slam_gmapping/share/colcon-core/packages/slam_gmapping)
[4.425s] Level 1:colcon.colcon_core.environment:create_environment_scripts_only(apriltag_ros)
[4.426s] Level 1:colcon.colcon_core.environment:checking '/home/ws/ugv_ws/install/apriltag_ros' for CMake module files
[4.426s] Level 1:colcon.colcon_core.environment:checking '/home/ws/ugv_ws/install/apriltag_ros' for CMake config files
[4.426s] Level 1:colcon.colcon_core.shell:create_environment_hook('apriltag_ros', 'cmake_prefix_path')
[4.427s] INFO:colcon.colcon_core.shell:Creating environment hook '/home/ws/ugv_ws/install/apriltag_ros/share/apriltag_ros/hook/cmake_prefix_path.ps1'
[4.427s] INFO:colcon.colcon_core.shell:Creating environment descriptor '/home/ws/ugv_ws/install/apriltag_ros/share/apriltag_ros/hook/cmake_prefix_path.dsv'
[4.428s] INFO:colcon.colcon_core.shell:Creating environment hook '/home/ws/ugv_ws/install/apriltag_ros/share/apriltag_ros/hook/cmake_prefix_path.sh'
[4.429s] Level 1:colcon.colcon_core.environment:checking '/home/ws/ugv_ws/install/apriltag_ros/lib'
[4.429s] Level 1:colcon.colcon_core.shell:create_environment_hook('apriltag_ros', 'ld_library_path_lib')
[4.430s] INFO:colcon.colcon_core.shell:Creating environment hook '/home/ws/ugv_ws/install/apriltag_ros/share/apriltag_ros/hook/ld_library_path_lib.ps1'
[4.430s] INFO:colcon.colcon_core.shell:Creating environment descriptor '/home/ws/ugv_ws/install/apriltag_ros/share/apriltag_ros/hook/ld_library_path_lib.dsv'
[4.434s] INFO:colcon.colcon_core.shell:Creating environment hook '/home/ws/ugv_ws/install/apriltag_ros/share/apriltag_ros/hook/ld_library_path_lib.sh'
[4.435s] Level 1:colcon.colcon_core.environment:checking '/home/ws/ugv_ws/install/apriltag_ros/bin'
[4.435s] Level 1:colcon.colcon_core.shell:create_environment_hook('apriltag_ros', 'path')
[4.435s] INFO:colcon.colcon_core.shell:Creating environment hook '/home/ws/ugv_ws/install/apriltag_ros/share/apriltag_ros/hook/path.ps1'
[4.436s] INFO:colcon.colcon_core.shell:Creating environment descriptor '/home/ws/ugv_ws/install/apriltag_ros/share/apriltag_ros/hook/path.dsv'
[4.437s] INFO:colcon.colcon_core.shell:Creating environment hook '/home/ws/ugv_ws/install/apriltag_ros/share/apriltag_ros/hook/path.sh'
[4.437s] Level 1:colcon.colcon_core.environment:checking '/home/ws/ugv_ws/install/apriltag_ros/lib/pkgconfig/apriltag_ros.pc'
[4.438s] Level 1:colcon.colcon_core.environment:checking '/home/ws/ugv_ws/install/apriltag_ros/lib/python3.10/site-packages'
[4.438s] Level 1:colcon.colcon_core.environment:checking '/home/ws/ugv_ws/install/apriltag_ros/bin'
[4.438s] Level 1:colcon.colcon_core.shell:create_environment_hook('apriltag_ros', 'pythonscriptspath')
[4.439s] INFO:colcon.colcon_core.shell:Creating environment hook '/home/ws/ugv_ws/install/apriltag_ros/share/apriltag_ros/hook/pythonscriptspath.ps1'
[4.439s] INFO:colcon.colcon_core.shell:Creating environment descriptor '/home/ws/ugv_ws/install/apriltag_ros/share/apriltag_ros/hook/pythonscriptspath.dsv'
[4.440s] INFO:colcon.colcon_core.shell:Creating environment hook '/home/ws/ugv_ws/install/apriltag_ros/share/apriltag_ros/hook/pythonscriptspath.sh'
[4.441s] INFO:colcon.colcon_core.shell:Creating package script '/home/ws/ugv_ws/install/apriltag_ros/share/apriltag_ros/package.ps1'
[4.442s] INFO:colcon.colcon_core.shell:Creating package descriptor '/home/ws/ugv_ws/install/apriltag_ros/share/apriltag_ros/package.dsv'
[4.443s] INFO:colcon.colcon_core.shell:Creating package script '/home/ws/ugv_ws/install/apriltag_ros/share/apriltag_ros/package.sh'
[4.444s] INFO:colcon.colcon_core.shell:Creating package script '/home/ws/ugv_ws/install/apriltag_ros/share/apriltag_ros/package.bash'
[4.445s] INFO:colcon.colcon_core.shell:Creating package script '/home/ws/ugv_ws/install/apriltag_ros/share/apriltag_ros/package.zsh'
[4.449s] Level 1:colcon.colcon_core.environment:create_file_with_runtime_dependencies(/home/ws/ugv_ws/install/apriltag_ros/share/colcon-core/packages/apriltag_ros)
[4.457s] INFO:colcon.colcon_ros.task.ament_cmake.build:Building ROS package in '/home/ws/ugv_ws/src/ugv_else/teb_local_planner/teb_local_planner' with build type 'ament_cmake'
[4.457s] INFO:colcon.colcon_cmake.task.cmake.build:Building CMake package in '/home/ws/ugv_ws/src/ugv_else/teb_local_planner/teb_local_planner'
[4.457s] INFO:colcon.colcon_core.shell:Skip shell extension 'powershell' for command environment: Not usable outside of PowerShell
[4.457s] DEBUG:colcon.colcon_core.shell:Skip shell extension 'dsv' for command environment
[4.458s] DEBUG:colcon.colcon_core.event_handler.log_command:Invoking command in '/home/ws/ugv_ws/build/vizanti_demos': CMAKE_PREFIX_PATH=/home/ws/ugv_ws/install/vizanti_msgs:/home/ws/ugv_ws/install/vizanti:/home/ws/ugv_ws/install/vizanti_server:/home/ws/ugv_ws/install/vizanti_demos:/home/ws/ugv_ws/install/vizanti_cpp:/home/ws/ugv_ws/install/ugv_slam:/home/ws/ugv_ws/install/ugv_nav:/home/ws/ugv_ws/install/ugv_interface:/home/ws/ugv_ws/install/ugv_gazebo:/home/ws/ugv_ws/install/ugv_description:/home/ws/ugv_ws/install/ugv_base_node:/home/ws/ugv_ws/install/teb_local_planner:/home/ws/ugv_ws/install/teb_msgs:/home/ws/ugv_ws/install/slam_gmapping:/home/ws/ugv_ws/install/robot_pose_publisher:/home/ws/ugv_ws/install/rf2o_laser_odometry:/home/ws/ugv_ws/install/openslam_gmapping:/home/ws/ugv_ws/install/ldlidar:/home/ws/ugv_ws/install/explore_lite:/home/ws/ugv_ws/install/emcl2:/home/ws/ugv_ws/install/costmap_converter:/home/ws/ugv_ws/install/costmap_converter_msgs:/home/ws/ugv_ws/install/cartographer:/home/ws/ugv_ws/install/apriltag_ros:/home/ws/ugv_ws/install/apriltag_msgs:/home/ws/ugv_ws/install/apriltag:/home/ws/ugv_ws/install/ugv_web_app:/home/ws/ugv_ws/install/ugv_vision:/home/ws/ugv_ws/install/ugv_tools:/home/ws/ugv_ws/install/ugv_chat_ai:/home/ws/ugv_ws/install/ugv_bringup:/opt/ros/humble /usr/bin/cmake --build /home/ws/ugv_ws/build/vizanti_demos -- -j4 -l4
[4.467s] Level 1:colcon.colcon_core.environment:create_environment_scripts_only(slam_gmapping)
[4.467s] Level 1:colcon.colcon_core.environment:checking '/home/ws/ugv_ws/install/slam_gmapping' for CMake module files
[4.468s] Level 1:colcon.colcon_core.environment:checking '/home/ws/ugv_ws/install/slam_gmapping' for CMake config files
[4.469s] Level 1:colcon.colcon_core.shell:create_environment_hook('slam_gmapping', 'cmake_prefix_path')
[4.469s] INFO:colcon.colcon_core.shell:Creating environment hook '/home/ws/ugv_ws/install/slam_gmapping/share/slam_gmapping/hook/cmake_prefix_path.ps1'
[4.470s] INFO:colcon.colcon_core.shell:Creating environment descriptor '/home/ws/ugv_ws/install/slam_gmapping/share/slam_gmapping/hook/cmake_prefix_path.dsv'
[4.471s] INFO:colcon.colcon_core.shell:Creating environment hook '/home/ws/ugv_ws/install/slam_gmapping/share/slam_gmapping/hook/cmake_prefix_path.sh'
[4.473s] Level 1:colcon.colcon_core.environment:checking '/home/ws/ugv_ws/install/slam_gmapping/lib'
[4.473s] Level 1:colcon.colcon_core.environment:checking '/home/ws/ugv_ws/install/slam_gmapping/bin'
[4.474s] Level 1:colcon.colcon_core.environment:checking '/home/ws/ugv_ws/install/slam_gmapping/lib/pkgconfig/slam_gmapping.pc'
[4.474s] Level 1:colcon.colcon_core.environment:checking '/home/ws/ugv_ws/install/slam_gmapping/lib/python3.10/site-packages'
[4.475s] Level 1:colcon.colcon_core.environment:checking '/home/ws/ugv_ws/install/slam_gmapping/bin'
[4.475s] INFO:colcon.colcon_core.shell:Creating package script '/home/ws/ugv_ws/install/slam_gmapping/share/slam_gmapping/package.ps1'
[4.476s] INFO:colcon.colcon_core.shell:Creating package descriptor '/home/ws/ugv_ws/install/slam_gmapping/share/slam_gmapping/package.dsv'
[4.477s] INFO:colcon.colcon_core.shell:Creating package script '/home/ws/ugv_ws/install/slam_gmapping/share/slam_gmapping/package.sh'
[4.478s] INFO:colcon.colcon_core.shell:Creating package script '/home/ws/ugv_ws/install/slam_gmapping/share/slam_gmapping/package.bash'
[4.481s] INFO:colcon.colcon_core.shell:Creating package script '/home/ws/ugv_ws/install/slam_gmapping/share/slam_gmapping/package.zsh'
[4.482s] Level 1:colcon.colcon_core.environment:create_file_with_runtime_dependencies(/home/ws/ugv_ws/install/slam_gmapping/share/colcon-core/packages/slam_gmapping)
[4.484s] INFO:colcon.colcon_ros.task.ament_cmake.build:Building ROS package in '/home/ws/ugv_ws/src/ugv_else/vizanti/vizanti' with build type 'ament_cmake'
[4.484s] INFO:colcon.colcon_cmake.task.cmake.build:Building CMake package in '/home/ws/ugv_ws/src/ugv_else/vizanti/vizanti'
[4.484s] INFO:colcon.colcon_core.shell:Skip shell extension 'powershell' for command environment: Not usable outside of PowerShell
[4.485s] DEBUG:colcon.colcon_core.shell:Skip shell extension 'dsv' for command environment
[4.511s] DEBUG:colcon.colcon_core.event_handler.log_command:Invoking command in '/home/ws/ugv_ws/build/teb_local_planner': CMAKE_PREFIX_PATH=/home/ws/ugv_ws/install/teb_msgs:/home/ws/ugv_ws/install/costmap_converter:/home/ws/ugv_ws/install/costmap_converter_msgs:/home/ws/ugv_ws/install/vizanti:/home/ws/ugv_ws/install/vizanti_server:/home/ws/ugv_ws/install/vizanti_demos:/home/ws/ugv_ws/install/vizanti_msgs:/home/ws/ugv_ws/install/vizanti_cpp:/home/ws/ugv_ws/install/ugv_slam:/home/ws/ugv_ws/install/ugv_nav:/home/ws/ugv_ws/install/ugv_interface:/home/ws/ugv_ws/install/ugv_gazebo:/home/ws/ugv_ws/install/ugv_description:/home/ws/ugv_ws/install/ugv_base_node:/home/ws/ugv_ws/install/teb_local_planner:/home/ws/ugv_ws/install/slam_gmapping:/home/ws/ugv_ws/install/robot_pose_publisher:/home/ws/ugv_ws/install/rf2o_laser_odometry:/home/ws/ugv_ws/install/openslam_gmapping:/home/ws/ugv_ws/install/ldlidar:/home/ws/ugv_ws/install/explore_lite:/home/ws/ugv_ws/install/emcl2:/home/ws/ugv_ws/install/cartographer:/home/ws/ugv_ws/install/apriltag_ros:/home/ws/ugv_ws/install/apriltag_msgs:/home/ws/ugv_ws/install/apriltag:/home/ws/ugv_ws/install/ugv_web_app:/home/ws/ugv_ws/install/ugv_vision:/home/ws/ugv_ws/install/ugv_tools:/home/ws/ugv_ws/install/ugv_chat_ai:/home/ws/ugv_ws/install/ugv_bringup:/opt/ros/humble LD_LIBRARY_PATH=/home/ws/ugv_ws/install/teb_msgs/lib:/home/ws/ugv_ws/install/costmap_converter/lib:/home/ws/ugv_ws/install/costmap_converter_msgs/lib:/home/ws/ugv_ws/install/vizanti_msgs/lib:/home/ws/ugv_ws/install/ugv_interface/lib:/home/ws/ugv_ws/install/teb_local_planner/lib:/home/ws/ugv_ws/install/openslam_gmapping/lib:/home/ws/ugv_ws/install/apriltag_ros/lib:/home/ws/ugv_ws/install/apriltag_msgs/lib:/home/ws/ugv_ws/install/apriltag/lib:/opt/ros/humble/opt/rviz_ogre_vendor/lib:/opt/ros/humble/lib/aarch64-linux-gnu:/opt/ros/humble/lib /usr/bin/cmake --build /home/ws/ugv_ws/build/teb_local_planner -- -j4 -l4
[4.516s] DEBUG:colcon.colcon_core.event_handler.log_command:Invoking command in '/home/ws/ugv_ws/build/vizanti': CMAKE_PREFIX_PATH=/home/ws/ugv_ws/install/vizanti_server:/home/ws/ugv_ws/install/vizanti_msgs:/home/ws/ugv_ws/install/vizanti:/home/ws/ugv_ws/install/vizanti_demos:/home/ws/ugv_ws/install/vizanti_cpp:/home/ws/ugv_ws/install/ugv_slam:/home/ws/ugv_ws/install/ugv_nav:/home/ws/ugv_ws/install/ugv_interface:/home/ws/ugv_ws/install/ugv_gazebo:/home/ws/ugv_ws/install/ugv_description:/home/ws/ugv_ws/install/ugv_base_node:/home/ws/ugv_ws/install/teb_local_planner:/home/ws/ugv_ws/install/teb_msgs:/home/ws/ugv_ws/install/slam_gmapping:/home/ws/ugv_ws/install/robot_pose_publisher:/home/ws/ugv_ws/install/rf2o_laser_odometry:/home/ws/ugv_ws/install/openslam_gmapping:/home/ws/ugv_ws/install/ldlidar:/home/ws/ugv_ws/install/explore_lite:/home/ws/ugv_ws/install/emcl2:/home/ws/ugv_ws/install/costmap_converter:/home/ws/ugv_ws/install/costmap_converter_msgs:/home/ws/ugv_ws/install/cartographer:/home/ws/ugv_ws/install/apriltag_ros:/home/ws/ugv_ws/install/apriltag_msgs:/home/ws/ugv_ws/install/apriltag:/home/ws/ugv_ws/install/ugv_web_app:/home/ws/ugv_ws/install/ugv_vision:/home/ws/ugv_ws/install/ugv_tools:/home/ws/ugv_ws/install/ugv_chat_ai:/home/ws/ugv_ws/install/ugv_bringup:/opt/ros/humble /usr/bin/cmake --build /home/ws/ugv_ws/build/vizanti -- -j4 -l4
[4.517s] DEBUG:colcon.colcon_core.event_handler.log_command:Invoked command in '/home/ws/ugv_ws/build/vizanti_demos' returned '0': CMAKE_PREFIX_PATH=/home/ws/ugv_ws/install/vizanti_msgs:/home/ws/ugv_ws/install/vizanti:/home/ws/ugv_ws/install/vizanti_server:/home/ws/ugv_ws/install/vizanti_demos:/home/ws/ugv_ws/install/vizanti_cpp:/home/ws/ugv_ws/install/ugv_slam:/home/ws/ugv_ws/install/ugv_nav:/home/ws/ugv_ws/install/ugv_interface:/home/ws/ugv_ws/install/ugv_gazebo:/home/ws/ugv_ws/install/ugv_description:/home/ws/ugv_ws/install/ugv_base_node:/home/ws/ugv_ws/install/teb_local_planner:/home/ws/ugv_ws/install/teb_msgs:/home/ws/ugv_ws/install/slam_gmapping:/home/ws/ugv_ws/install/robot_pose_publisher:/home/ws/ugv_ws/install/rf2o_laser_odometry:/home/ws/ugv_ws/install/openslam_gmapping:/home/ws/ugv_ws/install/ldlidar:/home/ws/ugv_ws/install/explore_lite:/home/ws/ugv_ws/install/emcl2:/home/ws/ugv_ws/install/costmap_converter:/home/ws/ugv_ws/install/costmap_converter_msgs:/home/ws/ugv_ws/install/cartographer:/home/ws/ugv_ws/install/apriltag_ros:/home/ws/ugv_ws/install/apriltag_msgs:/home/ws/ugv_ws/install/apriltag:/home/ws/ugv_ws/install/ugv_web_app:/home/ws/ugv_ws/install/ugv_vision:/home/ws/ugv_ws/install/ugv_tools:/home/ws/ugv_ws/install/ugv_chat_ai:/home/ws/ugv_ws/install/ugv_bringup:/opt/ros/humble /usr/bin/cmake --build /home/ws/ugv_ws/build/vizanti_demos -- -j4 -l4
[4.557s] DEBUG:colcon.colcon_core.event_handler.log_command:Invoking command in '/home/ws/ugv_ws/build/vizanti_demos': CMAKE_PREFIX_PATH=/home/ws/ugv_ws/install/vizanti_msgs:/home/ws/ugv_ws/install/vizanti:/home/ws/ugv_ws/install/vizanti_server:/home/ws/ugv_ws/install/vizanti_demos:/home/ws/ugv_ws/install/vizanti_cpp:/home/ws/ugv_ws/install/ugv_slam:/home/ws/ugv_ws/install/ugv_nav:/home/ws/ugv_ws/install/ugv_interface:/home/ws/ugv_ws/install/ugv_gazebo:/home/ws/ugv_ws/install/ugv_description:/home/ws/ugv_ws/install/ugv_base_node:/home/ws/ugv_ws/install/teb_local_planner:/home/ws/ugv_ws/install/teb_msgs:/home/ws/ugv_ws/install/slam_gmapping:/home/ws/ugv_ws/install/robot_pose_publisher:/home/ws/ugv_ws/install/rf2o_laser_odometry:/home/ws/ugv_ws/install/openslam_gmapping:/home/ws/ugv_ws/install/ldlidar:/home/ws/ugv_ws/install/explore_lite:/home/ws/ugv_ws/install/emcl2:/home/ws/ugv_ws/install/costmap_converter:/home/ws/ugv_ws/install/costmap_converter_msgs:/home/ws/ugv_ws/install/cartographer:/home/ws/ugv_ws/install/apriltag_ros:/home/ws/ugv_ws/install/apriltag_msgs:/home/ws/ugv_ws/install/apriltag:/home/ws/ugv_ws/install/ugv_web_app:/home/ws/ugv_ws/install/ugv_vision:/home/ws/ugv_ws/install/ugv_tools:/home/ws/ugv_ws/install/ugv_chat_ai:/home/ws/ugv_ws/install/ugv_bringup:/opt/ros/humble /usr/bin/cmake --install /home/ws/ugv_ws/build/vizanti_demos
[4.575s] Level 1:colcon.colcon_core.environment:create_environment_scripts_only(vizanti_demos)
[4.576s] Level 1:colcon.colcon_core.environment:checking '/home/ws/ugv_ws/install/vizanti_demos' for CMake module files
[4.576s] DEBUG:colcon.colcon_core.event_handler.log_command:Invoked command in '/home/ws/ugv_ws/build/vizanti_demos' returned '0': CMAKE_PREFIX_PATH=/home/ws/ugv_ws/install/vizanti_msgs:/home/ws/ugv_ws/install/vizanti:/home/ws/ugv_ws/install/vizanti_server:/home/ws/ugv_ws/install/vizanti_demos:/home/ws/ugv_ws/install/vizanti_cpp:/home/ws/ugv_ws/install/ugv_slam:/home/ws/ugv_ws/install/ugv_nav:/home/ws/ugv_ws/install/ugv_interface:/home/ws/ugv_ws/install/ugv_gazebo:/home/ws/ugv_ws/install/ugv_description:/home/ws/ugv_ws/install/ugv_base_node:/home/ws/ugv_ws/install/teb_local_planner:/home/ws/ugv_ws/install/teb_msgs:/home/ws/ugv_ws/install/slam_gmapping:/home/ws/ugv_ws/install/robot_pose_publisher:/home/ws/ugv_ws/install/rf2o_laser_odometry:/home/ws/ugv_ws/install/openslam_gmapping:/home/ws/ugv_ws/install/ldlidar:/home/ws/ugv_ws/install/explore_lite:/home/ws/ugv_ws/install/emcl2:/home/ws/ugv_ws/install/costmap_converter:/home/ws/ugv_ws/install/costmap_converter_msgs:/home/ws/ugv_ws/install/cartographer:/home/ws/ugv_ws/install/apriltag_ros:/home/ws/ugv_ws/install/apriltag_msgs:/home/ws/ugv_ws/install/apriltag:/home/ws/ugv_ws/install/ugv_web_app:/home/ws/ugv_ws/install/ugv_vision:/home/ws/ugv_ws/install/ugv_tools:/home/ws/ugv_ws/install/ugv_chat_ai:/home/ws/ugv_ws/install/ugv_bringup:/opt/ros/humble /usr/bin/cmake --install /home/ws/ugv_ws/build/vizanti_demos
[4.577s] Level 1:colcon.colcon_core.environment:checking '/home/ws/ugv_ws/install/vizanti_demos' for CMake config files
[4.577s] Level 1:colcon.colcon_core.shell:create_environment_hook('vizanti_demos', 'cmake_prefix_path')
[4.577s] INFO:colcon.colcon_core.shell:Creating environment hook '/home/ws/ugv_ws/install/vizanti_demos/share/vizanti_demos/hook/cmake_prefix_path.ps1'
[4.578s] INFO:colcon.colcon_core.shell:Creating environment descriptor '/home/ws/ugv_ws/install/vizanti_demos/share/vizanti_demos/hook/cmake_prefix_path.dsv'
[4.580s] INFO:colcon.colcon_core.shell:Creating environment hook '/home/ws/ugv_ws/install/vizanti_demos/share/vizanti_demos/hook/cmake_prefix_path.sh'
[4.581s] Level 1:colcon.colcon_core.environment:checking '/home/ws/ugv_ws/install/vizanti_demos/lib'
[4.581s] Level 1:colcon.colcon_core.environment:checking '/home/ws/ugv_ws/install/vizanti_demos/bin'
[4.581s] Level 1:colcon.colcon_core.environment:checking '/home/ws/ugv_ws/install/vizanti_demos/lib/pkgconfig/vizanti_demos.pc'
[4.582s] Level 1:colcon.colcon_core.environment:checking '/home/ws/ugv_ws/install/vizanti_demos/lib/python3.10/site-packages'
[4.582s] Level 1:colcon.colcon_core.environment:checking '/home/ws/ugv_ws/install/vizanti_demos/bin'
[4.582s] INFO:colcon.colcon_core.shell:Creating package script '/home/ws/ugv_ws/install/vizanti_demos/share/vizanti_demos/package.ps1'
[4.583s] INFO:colcon.colcon_core.shell:Creating package descriptor '/home/ws/ugv_ws/install/vizanti_demos/share/vizanti_demos/package.dsv'
[4.584s] INFO:colcon.colcon_core.shell:Creating package script '/home/ws/ugv_ws/install/vizanti_demos/share/vizanti_demos/package.sh'
[4.585s] INFO:colcon.colcon_core.shell:Creating package script '/home/ws/ugv_ws/install/vizanti_demos/share/vizanti_demos/package.bash'
[4.586s] INFO:colcon.colcon_core.shell:Creating package script '/home/ws/ugv_ws/install/vizanti_demos/share/vizanti_demos/package.zsh'
[4.586s] Level 1:colcon.colcon_core.environment:create_file_with_runtime_dependencies(/home/ws/ugv_ws/install/vizanti_demos/share/colcon-core/packages/vizanti_demos)
[4.597s] DEBUG:colcon.colcon_core.event_handler.log_command:Invoked command in '/home/ws/ugv_ws/build/vizanti' returned '0': CMAKE_PREFIX_PATH=/home/ws/ugv_ws/install/vizanti_server:/home/ws/ugv_ws/install/vizanti_msgs:/home/ws/ugv_ws/install/vizanti:/home/ws/ugv_ws/install/vizanti_demos:/home/ws/ugv_ws/install/vizanti_cpp:/home/ws/ugv_ws/install/ugv_slam:/home/ws/ugv_ws/install/ugv_nav:/home/ws/ugv_ws/install/ugv_interface:/home/ws/ugv_ws/install/ugv_gazebo:/home/ws/ugv_ws/install/ugv_description:/home/ws/ugv_ws/install/ugv_base_node:/home/ws/ugv_ws/install/teb_local_planner:/home/ws/ugv_ws/install/teb_msgs:/home/ws/ugv_ws/install/slam_gmapping:/home/ws/ugv_ws/install/robot_pose_publisher:/home/ws/ugv_ws/install/rf2o_laser_odometry:/home/ws/ugv_ws/install/openslam_gmapping:/home/ws/ugv_ws/install/ldlidar:/home/ws/ugv_ws/install/explore_lite:/home/ws/ugv_ws/install/emcl2:/home/ws/ugv_ws/install/costmap_converter:/home/ws/ugv_ws/install/costmap_converter_msgs:/home/ws/ugv_ws/install/cartographer:/home/ws/ugv_ws/install/apriltag_ros:/home/ws/ugv_ws/install/apriltag_msgs:/home/ws/ugv_ws/install/apriltag:/home/ws/ugv_ws/install/ugv_web_app:/home/ws/ugv_ws/install/ugv_vision:/home/ws/ugv_ws/install/ugv_tools:/home/ws/ugv_ws/install/ugv_chat_ai:/home/ws/ugv_ws/install/ugv_bringup:/opt/ros/humble /usr/bin/cmake --build /home/ws/ugv_ws/build/vizanti -- -j4 -l4
[4.631s] Level 1:colcon.colcon_core.environment:create_environment_scripts_only(vizanti_demos)
[4.631s] Level 1:colcon.colcon_core.environment:checking '/home/ws/ugv_ws/install/vizanti_demos' for CMake module files
[4.632s] Level 1:colcon.colcon_core.environment:checking '/home/ws/ugv_ws/install/vizanti_demos' for CMake config files
[4.632s] Level 1:colcon.colcon_core.shell:create_environment_hook('vizanti_demos', 'cmake_prefix_path')
[4.632s] INFO:colcon.colcon_core.shell:Creating environment hook '/home/ws/ugv_ws/install/vizanti_demos/share/vizanti_demos/hook/cmake_prefix_path.ps1'
[4.633s] INFO:colcon.colcon_core.shell:Creating environment descriptor '/home/ws/ugv_ws/install/vizanti_demos/share/vizanti_demos/hook/cmake_prefix_path.dsv'
[4.637s] INFO:colcon.colcon_core.shell:Creating environment hook '/home/ws/ugv_ws/install/vizanti_demos/share/vizanti_demos/hook/cmake_prefix_path.sh'
[4.638s] Level 1:colcon.colcon_core.environment:checking '/home/ws/ugv_ws/install/vizanti_demos/lib'
[4.639s] Level 1:colcon.colcon_core.environment:checking '/home/ws/ugv_ws/install/vizanti_demos/bin'
[4.639s] Level 1:colcon.colcon_core.environment:checking '/home/ws/ugv_ws/install/vizanti_demos/lib/pkgconfig/vizanti_demos.pc'
[4.639s] Level 1:colcon.colcon_core.environment:checking '/home/ws/ugv_ws/install/vizanti_demos/lib/python3.10/site-packages'
[4.639s] Level 1:colcon.colcon_core.environment:checking '/home/ws/ugv_ws/install/vizanti_demos/bin'
[4.640s] INFO:colcon.colcon_core.shell:Creating package script '/home/ws/ugv_ws/install/vizanti_demos/share/vizanti_demos/package.ps1'
[4.640s] INFO:colcon.colcon_core.shell:Creating package descriptor '/home/ws/ugv_ws/install/vizanti_demos/share/vizanti_demos/package.dsv'
[4.641s] INFO:colcon.colcon_core.shell:Creating package script '/home/ws/ugv_ws/install/vizanti_demos/share/vizanti_demos/package.sh'
[4.642s] INFO:colcon.colcon_core.shell:Creating package script '/home/ws/ugv_ws/install/vizanti_demos/share/vizanti_demos/package.bash'
[4.643s] INFO:colcon.colcon_core.shell:Creating package script '/home/ws/ugv_ws/install/vizanti_demos/share/vizanti_demos/package.zsh'
[4.643s] Level 1:colcon.colcon_core.environment:create_file_with_runtime_dependencies(/home/ws/ugv_ws/install/vizanti_demos/share/colcon-core/packages/vizanti_demos)
[4.646s] DEBUG:colcon.colcon_core.event_handler.log_command:Invoking command in '/home/ws/ugv_ws/build/vizanti': CMAKE_PREFIX_PATH=/home/ws/ugv_ws/install/vizanti_server:/home/ws/ugv_ws/install/vizanti_msgs:/home/ws/ugv_ws/install/vizanti:/home/ws/ugv_ws/install/vizanti_demos:/home/ws/ugv_ws/install/vizanti_cpp:/home/ws/ugv_ws/install/ugv_slam:/home/ws/ugv_ws/install/ugv_nav:/home/ws/ugv_ws/install/ugv_interface:/home/ws/ugv_ws/install/ugv_gazebo:/home/ws/ugv_ws/install/ugv_description:/home/ws/ugv_ws/install/ugv_base_node:/home/ws/ugv_ws/install/teb_local_planner:/home/ws/ugv_ws/install/teb_msgs:/home/ws/ugv_ws/install/slam_gmapping:/home/ws/ugv_ws/install/robot_pose_publisher:/home/ws/ugv_ws/install/rf2o_laser_odometry:/home/ws/ugv_ws/install/openslam_gmapping:/home/ws/ugv_ws/install/ldlidar:/home/ws/ugv_ws/install/explore_lite:/home/ws/ugv_ws/install/emcl2:/home/ws/ugv_ws/install/costmap_converter:/home/ws/ugv_ws/install/costmap_converter_msgs:/home/ws/ugv_ws/install/cartographer:/home/ws/ugv_ws/install/apriltag_ros:/home/ws/ugv_ws/install/apriltag_msgs:/home/ws/ugv_ws/install/apriltag:/home/ws/ugv_ws/install/ugv_web_app:/home/ws/ugv_ws/install/ugv_vision:/home/ws/ugv_ws/install/ugv_tools:/home/ws/ugv_ws/install/ugv_chat_ai:/home/ws/ugv_ws/install/ugv_bringup:/opt/ros/humble /usr/bin/cmake --install /home/ws/ugv_ws/build/vizanti
[4.648s] DEBUG:colcon.colcon_core.event_handler.log_command:Invoked command in '/home/ws/ugv_ws/build/ugv_interface' returned '0': CMAKE_PREFIX_PATH=${CMAKE_PREFIX_PATH}:/home/ws/ugv_ws/install/ugv_web_app:/home/ws/ugv_ws/install/ugv_vision:/home/ws/ugv_ws/install/ugv_tools:/home/ws/ugv_ws/install/ugv_chat_ai:/home/ws/ugv_ws/install/ugv_bringup:/opt/ros/humble /usr/bin/cmake --build /home/ws/ugv_ws/build/ugv_interface -- -j4 -l4
[4.659s] Level 1:colcon.colcon_core.environment:create_environment_scripts_only(vizanti)
[4.660s] Level 1:colcon.colcon_core.environment:checking '/home/ws/ugv_ws/install/vizanti' for CMake module files
[4.660s] DEBUG:colcon.colcon_core.event_handler.log_command:Invoked command in '/home/ws/ugv_ws/build/vizanti' returned '0': CMAKE_PREFIX_PATH=/home/ws/ugv_ws/install/vizanti_server:/home/ws/ugv_ws/install/vizanti_msgs:/home/ws/ugv_ws/install/vizanti:/home/ws/ugv_ws/install/vizanti_demos:/home/ws/ugv_ws/install/vizanti_cpp:/home/ws/ugv_ws/install/ugv_slam:/home/ws/ugv_ws/install/ugv_nav:/home/ws/ugv_ws/install/ugv_interface:/home/ws/ugv_ws/install/ugv_gazebo:/home/ws/ugv_ws/install/ugv_description:/home/ws/ugv_ws/install/ugv_base_node:/home/ws/ugv_ws/install/teb_local_planner:/home/ws/ugv_ws/install/teb_msgs:/home/ws/ugv_ws/install/slam_gmapping:/home/ws/ugv_ws/install/robot_pose_publisher:/home/ws/ugv_ws/install/rf2o_laser_odometry:/home/ws/ugv_ws/install/openslam_gmapping:/home/ws/ugv_ws/install/ldlidar:/home/ws/ugv_ws/install/explore_lite:/home/ws/ugv_ws/install/emcl2:/home/ws/ugv_ws/install/costmap_converter:/home/ws/ugv_ws/install/costmap_converter_msgs:/home/ws/ugv_ws/install/cartographer:/home/ws/ugv_ws/install/apriltag_ros:/home/ws/ugv_ws/install/apriltag_msgs:/home/ws/ugv_ws/install/apriltag:/home/ws/ugv_ws/install/ugv_web_app:/home/ws/ugv_ws/install/ugv_vision:/home/ws/ugv_ws/install/ugv_tools:/home/ws/ugv_ws/install/ugv_chat_ai:/home/ws/ugv_ws/install/ugv_bringup:/opt/ros/humble /usr/bin/cmake --install /home/ws/ugv_ws/build/vizanti
[4.661s] Level 1:colcon.colcon_core.environment:checking '/home/ws/ugv_ws/install/vizanti' for CMake config files
[4.661s] Level 1:colcon.colcon_core.shell:create_environment_hook('vizanti', 'cmake_prefix_path')
[4.661s] INFO:colcon.colcon_core.shell:Creating environment hook '/home/ws/ugv_ws/install/vizanti/share/vizanti/hook/cmake_prefix_path.ps1'
[4.662s] INFO:colcon.colcon_core.shell:Creating environment descriptor '/home/ws/ugv_ws/install/vizanti/share/vizanti/hook/cmake_prefix_path.dsv'
[4.663s] INFO:colcon.colcon_core.shell:Creating environment hook '/home/ws/ugv_ws/install/vizanti/share/vizanti/hook/cmake_prefix_path.sh'
[4.667s] Level 1:colcon.colcon_core.environment:checking '/home/ws/ugv_ws/install/vizanti/bin'
[4.667s] Level 1:colcon.colcon_core.environment:checking '/home/ws/ugv_ws/install/vizanti/lib/pkgconfig/vizanti.pc'
[4.668s] Level 1:colcon.colcon_core.environment:checking '/home/ws/ugv_ws/install/vizanti/lib/python3.10/site-packages'
[4.668s] Level 1:colcon.colcon_core.environment:checking '/home/ws/ugv_ws/install/vizanti/bin'
[4.669s] INFO:colcon.colcon_core.shell:Creating package script '/home/ws/ugv_ws/install/vizanti/share/vizanti/package.ps1'
[4.669s] INFO:colcon.colcon_core.shell:Creating package descriptor '/home/ws/ugv_ws/install/vizanti/share/vizanti/package.dsv'
[4.670s] INFO:colcon.colcon_core.shell:Creating package script '/home/ws/ugv_ws/install/vizanti/share/vizanti/package.sh'
[4.671s] INFO:colcon.colcon_core.shell:Creating package script '/home/ws/ugv_ws/install/vizanti/share/vizanti/package.bash'
[4.672s] INFO:colcon.colcon_core.shell:Creating package script '/home/ws/ugv_ws/install/vizanti/share/vizanti/package.zsh'
[4.673s] Level 1:colcon.colcon_core.environment:create_file_with_runtime_dependencies(/home/ws/ugv_ws/install/vizanti/share/colcon-core/packages/vizanti)
[4.697s] DEBUG:colcon.colcon_core.event_handler.log_command:Invoked command in '/home/ws/ugv_ws/build/teb_local_planner' returned '0': CMAKE_PREFIX_PATH=/home/ws/ugv_ws/install/teb_msgs:/home/ws/ugv_ws/install/costmap_converter:/home/ws/ugv_ws/install/costmap_converter_msgs:/home/ws/ugv_ws/install/vizanti:/home/ws/ugv_ws/install/vizanti_server:/home/ws/ugv_ws/install/vizanti_demos:/home/ws/ugv_ws/install/vizanti_msgs:/home/ws/ugv_ws/install/vizanti_cpp:/home/ws/ugv_ws/install/ugv_slam:/home/ws/ugv_ws/install/ugv_nav:/home/ws/ugv_ws/install/ugv_interface:/home/ws/ugv_ws/install/ugv_gazebo:/home/ws/ugv_ws/install/ugv_description:/home/ws/ugv_ws/install/ugv_base_node:/home/ws/ugv_ws/install/teb_local_planner:/home/ws/ugv_ws/install/slam_gmapping:/home/ws/ugv_ws/install/robot_pose_publisher:/home/ws/ugv_ws/install/rf2o_laser_odometry:/home/ws/ugv_ws/install/openslam_gmapping:/home/ws/ugv_ws/install/ldlidar:/home/ws/ugv_ws/install/explore_lite:/home/ws/ugv_ws/install/emcl2:/home/ws/ugv_ws/install/cartographer:/home/ws/ugv_ws/install/apriltag_ros:/home/ws/ugv_ws/install/apriltag_msgs:/home/ws/ugv_ws/install/apriltag:/home/ws/ugv_ws/install/ugv_web_app:/home/ws/ugv_ws/install/ugv_vision:/home/ws/ugv_ws/install/ugv_tools:/home/ws/ugv_ws/install/ugv_chat_ai:/home/ws/ugv_ws/install/ugv_bringup:/opt/ros/humble LD_LIBRARY_PATH=/home/ws/ugv_ws/install/teb_msgs/lib:/home/ws/ugv_ws/install/costmap_converter/lib:/home/ws/ugv_ws/install/costmap_converter_msgs/lib:/home/ws/ugv_ws/install/vizanti_msgs/lib:/home/ws/ugv_ws/install/ugv_interface/lib:/home/ws/ugv_ws/install/teb_local_planner/lib:/home/ws/ugv_ws/install/openslam_gmapping/lib:/home/ws/ugv_ws/install/apriltag_ros/lib:/home/ws/ugv_ws/install/apriltag_msgs/lib:/home/ws/ugv_ws/install/apriltag/lib:/opt/ros/humble/opt/rviz_ogre_vendor/lib:/opt/ros/humble/lib/aarch64-linux-gnu:/opt/ros/humble/lib /usr/bin/cmake --build /home/ws/ugv_ws/build/teb_local_planner -- -j4 -l4
[4.699s] Level 1:colcon.colcon_core.environment:create_environment_scripts_only(vizanti)
[4.700s] Level 1:colcon.colcon_core.environment:checking '/home/ws/ugv_ws/install/vizanti' for CMake module files
[4.700s] Level 1:colcon.colcon_core.environment:checking '/home/ws/ugv_ws/install/vizanti' for CMake config files
[4.701s] Level 1:colcon.colcon_core.shell:create_environment_hook('vizanti', 'cmake_prefix_path')
[4.701s] INFO:colcon.colcon_core.shell:Creating environment hook '/home/ws/ugv_ws/install/vizanti/share/vizanti/hook/cmake_prefix_path.ps1'
[4.702s] INFO:colcon.colcon_core.shell:Creating environment descriptor '/home/ws/ugv_ws/install/vizanti/share/vizanti/hook/cmake_prefix_path.dsv'
[4.703s] INFO:colcon.colcon_core.shell:Creating environment hook '/home/ws/ugv_ws/install/vizanti/share/vizanti/hook/cmake_prefix_path.sh'
[4.704s] Level 1:colcon.colcon_core.environment:checking '/home/ws/ugv_ws/install/vizanti/bin'
[4.704s] Level 1:colcon.colcon_core.environment:checking '/home/ws/ugv_ws/install/vizanti/lib/pkgconfig/vizanti.pc'
[4.705s] Level 1:colcon.colcon_core.environment:checking '/home/ws/ugv_ws/install/vizanti/lib/python3.10/site-packages'
[4.705s] Level 1:colcon.colcon_core.environment:checking '/home/ws/ugv_ws/install/vizanti/bin'
[4.705s] INFO:colcon.colcon_core.shell:Creating package script '/home/ws/ugv_ws/install/vizanti/share/vizanti/package.ps1'
[4.706s] INFO:colcon.colcon_core.shell:Creating package descriptor '/home/ws/ugv_ws/install/vizanti/share/vizanti/package.dsv'
[4.707s] INFO:colcon.colcon_core.shell:Creating package script '/home/ws/ugv_ws/install/vizanti/share/vizanti/package.sh'
[4.708s] INFO:colcon.colcon_core.shell:Creating package script '/home/ws/ugv_ws/install/vizanti/share/vizanti/package.bash'
[4.712s] INFO:colcon.colcon_core.shell:Creating package script '/home/ws/ugv_ws/install/vizanti/share/vizanti/package.zsh'
[4.713s] Level 1:colcon.colcon_core.environment:create_file_with_runtime_dependencies(/home/ws/ugv_ws/install/vizanti/share/colcon-core/packages/vizanti)
[4.741s] DEBUG:colcon.colcon_core.event_handler.log_command:Invoking command in '/home/ws/ugv_ws/build/ugv_interface': CMAKE_PREFIX_PATH=${CMAKE_PREFIX_PATH}:/home/ws/ugv_ws/install/ugv_web_app:/home/ws/ugv_ws/install/ugv_vision:/home/ws/ugv_ws/install/ugv_tools:/home/ws/ugv_ws/install/ugv_chat_ai:/home/ws/ugv_ws/install/ugv_bringup:/opt/ros/humble /usr/bin/cmake --install /home/ws/ugv_ws/build/ugv_interface
[4.746s] DEBUG:colcon.colcon_core.event_handler.log_command:Invoking command in '/home/ws/ugv_ws/build/teb_local_planner': CMAKE_PREFIX_PATH=/home/ws/ugv_ws/install/teb_msgs:/home/ws/ugv_ws/install/costmap_converter:/home/ws/ugv_ws/install/costmap_converter_msgs:/home/ws/ugv_ws/install/vizanti:/home/ws/ugv_ws/install/vizanti_server:/home/ws/ugv_ws/install/vizanti_demos:/home/ws/ugv_ws/install/vizanti_msgs:/home/ws/ugv_ws/install/vizanti_cpp:/home/ws/ugv_ws/install/ugv_slam:/home/ws/ugv_ws/install/ugv_nav:/home/ws/ugv_ws/install/ugv_interface:/home/ws/ugv_ws/install/ugv_gazebo:/home/ws/ugv_ws/install/ugv_description:/home/ws/ugv_ws/install/ugv_base_node:/home/ws/ugv_ws/install/teb_local_planner:/home/ws/ugv_ws/install/slam_gmapping:/home/ws/ugv_ws/install/robot_pose_publisher:/home/ws/ugv_ws/install/rf2o_laser_odometry:/home/ws/ugv_ws/install/openslam_gmapping:/home/ws/ugv_ws/install/ldlidar:/home/ws/ugv_ws/install/explore_lite:/home/ws/ugv_ws/install/emcl2:/home/ws/ugv_ws/install/cartographer:/home/ws/ugv_ws/install/apriltag_ros:/home/ws/ugv_ws/install/apriltag_msgs:/home/ws/ugv_ws/install/apriltag:/home/ws/ugv_ws/install/ugv_web_app:/home/ws/ugv_ws/install/ugv_vision:/home/ws/ugv_ws/install/ugv_tools:/home/ws/ugv_ws/install/ugv_chat_ai:/home/ws/ugv_ws/install/ugv_bringup:/opt/ros/humble LD_LIBRARY_PATH=/home/ws/ugv_ws/install/teb_msgs/lib:/home/ws/ugv_ws/install/costmap_converter/lib:/home/ws/ugv_ws/install/costmap_converter_msgs/lib:/home/ws/ugv_ws/install/vizanti_msgs/lib:/home/ws/ugv_ws/install/ugv_interface/lib:/home/ws/ugv_ws/install/teb_local_planner/lib:/home/ws/ugv_ws/install/openslam_gmapping/lib:/home/ws/ugv_ws/install/apriltag_ros/lib:/home/ws/ugv_ws/install/apriltag_msgs/lib:/home/ws/ugv_ws/install/apriltag/lib:/opt/ros/humble/opt/rviz_ogre_vendor/lib:/opt/ros/humble/lib/aarch64-linux-gnu:/opt/ros/humble/lib /usr/bin/cmake --install /home/ws/ugv_ws/build/teb_local_planner
[4.764s] Level 1:colcon.colcon_core.environment:create_environment_scripts_only(teb_local_planner)
[4.764s] Level 1:colcon.colcon_core.environment:checking '/home/ws/ugv_ws/install/teb_local_planner' for CMake module files
[4.766s] DEBUG:colcon.colcon_core.event_handler.log_command:Invoked command in '/home/ws/ugv_ws/build/teb_local_planner' returned '0': CMAKE_PREFIX_PATH=/home/ws/ugv_ws/install/teb_msgs:/home/ws/ugv_ws/install/costmap_converter:/home/ws/ugv_ws/install/costmap_converter_msgs:/home/ws/ugv_ws/install/vizanti:/home/ws/ugv_ws/install/vizanti_server:/home/ws/ugv_ws/install/vizanti_demos:/home/ws/ugv_ws/install/vizanti_msgs:/home/ws/ugv_ws/install/vizanti_cpp:/home/ws/ugv_ws/install/ugv_slam:/home/ws/ugv_ws/install/ugv_nav:/home/ws/ugv_ws/install/ugv_interface:/home/ws/ugv_ws/install/ugv_gazebo:/home/ws/ugv_ws/install/ugv_description:/home/ws/ugv_ws/install/ugv_base_node:/home/ws/ugv_ws/install/teb_local_planner:/home/ws/ugv_ws/install/slam_gmapping:/home/ws/ugv_ws/install/robot_pose_publisher:/home/ws/ugv_ws/install/rf2o_laser_odometry:/home/ws/ugv_ws/install/openslam_gmapping:/home/ws/ugv_ws/install/ldlidar:/home/ws/ugv_ws/install/explore_lite:/home/ws/ugv_ws/install/emcl2:/home/ws/ugv_ws/install/cartographer:/home/ws/ugv_ws/install/apriltag_ros:/home/ws/ugv_ws/install/apriltag_msgs:/home/ws/ugv_ws/install/apriltag:/home/ws/ugv_ws/install/ugv_web_app:/home/ws/ugv_ws/install/ugv_vision:/home/ws/ugv_ws/install/ugv_tools:/home/ws/ugv_ws/install/ugv_chat_ai:/home/ws/ugv_ws/install/ugv_bringup:/opt/ros/humble LD_LIBRARY_PATH=/home/ws/ugv_ws/install/teb_msgs/lib:/home/ws/ugv_ws/install/costmap_converter/lib:/home/ws/ugv_ws/install/costmap_converter_msgs/lib:/home/ws/ugv_ws/install/vizanti_msgs/lib:/home/ws/ugv_ws/install/ugv_interface/lib:/home/ws/ugv_ws/install/teb_local_planner/lib:/home/ws/ugv_ws/install/openslam_gmapping/lib:/home/ws/ugv_ws/install/apriltag_ros/lib:/home/ws/ugv_ws/install/apriltag_msgs/lib:/home/ws/ugv_ws/install/apriltag/lib:/opt/ros/humble/opt/rviz_ogre_vendor/lib:/opt/ros/humble/lib/aarch64-linux-gnu:/opt/ros/humble/lib /usr/bin/cmake --install /home/ws/ugv_ws/build/teb_local_planner
[4.767s] Level 1:colcon.colcon_core.environment:checking '/home/ws/ugv_ws/install/teb_local_planner' for CMake config files
[4.767s] Level 1:colcon.colcon_core.shell:create_environment_hook('teb_local_planner', 'cmake_prefix_path')
[4.767s] INFO:colcon.colcon_core.shell:Creating environment hook '/home/ws/ugv_ws/install/teb_local_planner/share/teb_local_planner/hook/cmake_prefix_path.ps1'
[4.768s] INFO:colcon.colcon_core.shell:Creating environment descriptor '/home/ws/ugv_ws/install/teb_local_planner/share/teb_local_planner/hook/cmake_prefix_path.dsv'
[4.769s] INFO:colcon.colcon_core.shell:Creating environment hook '/home/ws/ugv_ws/install/teb_local_planner/share/teb_local_planner/hook/cmake_prefix_path.sh'
[4.770s] Level 1:colcon.colcon_core.environment:checking '/home/ws/ugv_ws/install/teb_local_planner/lib'
[4.770s] Level 1:colcon.colcon_core.shell:create_environment_hook('teb_local_planner', 'ld_library_path_lib')
[4.770s] INFO:colcon.colcon_core.shell:Creating environment hook '/home/ws/ugv_ws/install/teb_local_planner/share/teb_local_planner/hook/ld_library_path_lib.ps1'
[4.770s] INFO:colcon.colcon_core.shell:Creating environment descriptor '/home/ws/ugv_ws/install/teb_local_planner/share/teb_local_planner/hook/ld_library_path_lib.dsv'
[4.771s] INFO:colcon.colcon_core.shell:Creating environment hook '/home/ws/ugv_ws/install/teb_local_planner/share/teb_local_planner/hook/ld_library_path_lib.sh'
[4.772s] Level 1:colcon.colcon_core.environment:checking '/home/ws/ugv_ws/install/teb_local_planner/bin'
[4.772s] Level 1:colcon.colcon_core.environment:checking '/home/ws/ugv_ws/install/teb_local_planner/lib/pkgconfig/teb_local_planner.pc'
[4.772s] Level 1:colcon.colcon_core.environment:checking '/home/ws/ugv_ws/install/teb_local_planner/lib/python3.10/site-packages'
[4.772s] Level 1:colcon.colcon_core.environment:checking '/home/ws/ugv_ws/install/teb_local_planner/bin'
[4.773s] INFO:colcon.colcon_core.shell:Creating package script '/home/ws/ugv_ws/install/teb_local_planner/share/teb_local_planner/package.ps1'
[4.775s] INFO:colcon.colcon_core.shell:Creating package descriptor '/home/ws/ugv_ws/install/teb_local_planner/share/teb_local_planner/package.dsv'
[4.776s] INFO:colcon.colcon_core.shell:Creating package script '/home/ws/ugv_ws/install/teb_local_planner/share/teb_local_planner/package.sh'
[4.777s] INFO:colcon.colcon_core.shell:Creating package script '/home/ws/ugv_ws/install/teb_local_planner/share/teb_local_planner/package.bash'
[4.778s] INFO:colcon.colcon_core.shell:Creating package script '/home/ws/ugv_ws/install/teb_local_planner/share/teb_local_planner/package.zsh'
[4.778s] Level 1:colcon.colcon_core.environment:create_file_with_runtime_dependencies(/home/ws/ugv_ws/install/teb_local_planner/share/colcon-core/packages/teb_local_planner)
[4.828s] Level 1:colcon.colcon_core.environment:create_environment_scripts_only(teb_local_planner)
[4.828s] Level 1:colcon.colcon_core.environment:checking '/home/ws/ugv_ws/install/teb_local_planner' for CMake module files
[4.829s] Level 1:colcon.colcon_core.environment:checking '/home/ws/ugv_ws/install/teb_local_planner' for CMake config files
[4.829s] Level 1:colcon.colcon_core.shell:create_environment_hook('teb_local_planner', 'cmake_prefix_path')
[4.829s] INFO:colcon.colcon_core.shell:Creating environment hook '/home/ws/ugv_ws/install/teb_local_planner/share/teb_local_planner/hook/cmake_prefix_path.ps1'
[4.830s] INFO:colcon.colcon_core.shell:Creating environment descriptor '/home/ws/ugv_ws/install/teb_local_planner/share/teb_local_planner/hook/cmake_prefix_path.dsv'
[4.830s] INFO:colcon.colcon_core.shell:Creating environment hook '/home/ws/ugv_ws/install/teb_local_planner/share/teb_local_planner/hook/cmake_prefix_path.sh'
[4.831s] Level 1:colcon.colcon_core.environment:checking '/home/ws/ugv_ws/install/teb_local_planner/lib'
[4.831s] Level 1:colcon.colcon_core.shell:create_environment_hook('teb_local_planner', 'ld_library_path_lib')
[4.831s] INFO:colcon.colcon_core.shell:Creating environment hook '/home/ws/ugv_ws/install/teb_local_planner/share/teb_local_planner/hook/ld_library_path_lib.ps1'
[4.831s] INFO:colcon.colcon_core.shell:Creating environment descriptor '/home/ws/ugv_ws/install/teb_local_planner/share/teb_local_planner/hook/ld_library_path_lib.dsv'
[4.835s] INFO:colcon.colcon_core.shell:Creating environment hook '/home/ws/ugv_ws/install/teb_local_planner/share/teb_local_planner/hook/ld_library_path_lib.sh'
[4.836s] Level 1:colcon.colcon_core.environment:checking '/home/ws/ugv_ws/install/teb_local_planner/bin'
[4.836s] Level 1:colcon.colcon_core.environment:checking '/home/ws/ugv_ws/install/teb_local_planner/lib/pkgconfig/teb_local_planner.pc'
[4.836s] Level 1:colcon.colcon_core.environment:checking '/home/ws/ugv_ws/install/teb_local_planner/lib/python3.10/site-packages'
[4.836s] Level 1:colcon.colcon_core.environment:checking '/home/ws/ugv_ws/install/teb_local_planner/bin'
[4.837s] INFO:colcon.colcon_core.shell:Creating package script '/home/ws/ugv_ws/install/teb_local_planner/share/teb_local_planner/package.ps1'
[4.837s] INFO:colcon.colcon_core.shell:Creating package descriptor '/home/ws/ugv_ws/install/teb_local_planner/share/teb_local_planner/package.dsv'
[4.838s] INFO:colcon.colcon_core.shell:Creating package script '/home/ws/ugv_ws/install/teb_local_planner/share/teb_local_planner/package.sh'
[4.839s] INFO:colcon.colcon_core.shell:Creating package script '/home/ws/ugv_ws/install/teb_local_planner/share/teb_local_planner/package.bash'
[4.839s] INFO:colcon.colcon_core.shell:Creating package script '/home/ws/ugv_ws/install/teb_local_planner/share/teb_local_planner/package.zsh'
[4.840s] Level 1:colcon.colcon_core.environment:create_file_with_runtime_dependencies(/home/ws/ugv_ws/install/teb_local_planner/share/colcon-core/packages/teb_local_planner)
[4.841s] Level 1:colcon.colcon_core.environment:create_environment_scripts_only(ugv_interface)
[4.841s] Level 1:colcon.colcon_core.environment:checking '/home/ws/ugv_ws/install/ugv_interface' for CMake module files
[4.842s] DEBUG:colcon.colcon_core.event_handler.log_command:Invoked command in '/home/ws/ugv_ws/build/ugv_interface' returned '0': CMAKE_PREFIX_PATH=${CMAKE_PREFIX_PATH}:/home/ws/ugv_ws/install/ugv_web_app:/home/ws/ugv_ws/install/ugv_vision:/home/ws/ugv_ws/install/ugv_tools:/home/ws/ugv_ws/install/ugv_chat_ai:/home/ws/ugv_ws/install/ugv_bringup:/opt/ros/humble /usr/bin/cmake --install /home/ws/ugv_ws/build/ugv_interface
[4.843s] Level 1:colcon.colcon_core.environment:checking '/home/ws/ugv_ws/install/ugv_interface' for CMake config files
[4.843s] Level 1:colcon.colcon_core.shell:create_environment_hook('ugv_interface', 'cmake_prefix_path')
[4.843s] INFO:colcon.colcon_core.shell:Creating environment hook '/home/ws/ugv_ws/install/ugv_interface/share/ugv_interface/hook/cmake_prefix_path.ps1'
[4.844s] INFO:colcon.colcon_core.shell:Creating environment descriptor '/home/ws/ugv_ws/install/ugv_interface/share/ugv_interface/hook/cmake_prefix_path.dsv'
[4.844s] INFO:colcon.colcon_core.shell:Creating environment hook '/home/ws/ugv_ws/install/ugv_interface/share/ugv_interface/hook/cmake_prefix_path.sh'
[4.845s] Level 1:colcon.colcon_core.environment:checking '/home/ws/ugv_ws/install/ugv_interface/lib'
[4.845s] Level 1:colcon.colcon_core.shell:create_environment_hook('ugv_interface', 'ld_library_path_lib')
[4.845s] INFO:colcon.colcon_core.shell:Creating environment hook '/home/ws/ugv_ws/install/ugv_interface/share/ugv_interface/hook/ld_library_path_lib.ps1'
[4.845s] INFO:colcon.colcon_core.shell:Creating environment descriptor '/home/ws/ugv_ws/install/ugv_interface/share/ugv_interface/hook/ld_library_path_lib.dsv'
[4.849s] INFO:colcon.colcon_core.shell:Creating environment hook '/home/ws/ugv_ws/install/ugv_interface/share/ugv_interface/hook/ld_library_path_lib.sh'
[4.850s] Level 1:colcon.colcon_core.environment:checking '/home/ws/ugv_ws/install/ugv_interface/bin'
[4.850s] Level 1:colcon.colcon_core.environment:checking '/home/ws/ugv_ws/install/ugv_interface/lib/pkgconfig/ugv_interface.pc'
[4.850s] Level 1:colcon.colcon_core.environment:checking '/home/ws/ugv_ws/install/ugv_interface/lib/python3.10/site-packages'
[4.851s] Level 1:colcon.colcon_core.environment:checking '/home/ws/ugv_ws/install/ugv_interface/bin'
[4.851s] INFO:colcon.colcon_core.shell:Creating package script '/home/ws/ugv_ws/install/ugv_interface/share/ugv_interface/package.ps1'
[4.851s] INFO:colcon.colcon_core.shell:Creating package descriptor '/home/ws/ugv_ws/install/ugv_interface/share/ugv_interface/package.dsv'
[4.852s] INFO:colcon.colcon_core.shell:Creating package script '/home/ws/ugv_ws/install/ugv_interface/share/ugv_interface/package.sh'
[4.853s] INFO:colcon.colcon_core.shell:Creating package script '/home/ws/ugv_ws/install/ugv_interface/share/ugv_interface/package.bash'
[4.853s] INFO:colcon.colcon_core.shell:Creating package script '/home/ws/ugv_ws/install/ugv_interface/share/ugv_interface/package.zsh'
[4.854s] Level 1:colcon.colcon_core.environment:create_file_with_runtime_dependencies(/home/ws/ugv_ws/install/ugv_interface/share/colcon-core/packages/ugv_interface)
[4.922s] Level 1:colcon.colcon_core.environment:create_environment_scripts_only(ugv_interface)
[4.922s] Level 1:colcon.colcon_core.environment:checking '/home/ws/ugv_ws/install/ugv_interface' for CMake module files
[4.923s] Level 1:colcon.colcon_core.environment:checking '/home/ws/ugv_ws/install/ugv_interface' for CMake config files
[4.923s] Level 1:colcon.colcon_core.shell:create_environment_hook('ugv_interface', 'cmake_prefix_path')
[4.923s] INFO:colcon.colcon_core.shell:Creating environment hook '/home/ws/ugv_ws/install/ugv_interface/share/ugv_interface/hook/cmake_prefix_path.ps1'
[4.924s] INFO:colcon.colcon_core.shell:Creating environment descriptor '/home/ws/ugv_ws/install/ugv_interface/share/ugv_interface/hook/cmake_prefix_path.dsv'
[4.925s] INFO:colcon.colcon_core.shell:Creating environment hook '/home/ws/ugv_ws/install/ugv_interface/share/ugv_interface/hook/cmake_prefix_path.sh'
[4.925s] Level 1:colcon.colcon_core.environment:checking '/home/ws/ugv_ws/install/ugv_interface/lib'
[4.926s] Level 1:colcon.colcon_core.shell:create_environment_hook('ugv_interface', 'ld_library_path_lib')
[4.926s] INFO:colcon.colcon_core.shell:Creating environment hook '/home/ws/ugv_ws/install/ugv_interface/share/ugv_interface/hook/ld_library_path_lib.ps1'
[4.927s] INFO:colcon.colcon_core.shell:Creating environment descriptor '/home/ws/ugv_ws/install/ugv_interface/share/ugv_interface/hook/ld_library_path_lib.dsv'
[4.927s] INFO:colcon.colcon_core.shell:Creating environment hook '/home/ws/ugv_ws/install/ugv_interface/share/ugv_interface/hook/ld_library_path_lib.sh'
[4.931s] Level 1:colcon.colcon_core.environment:checking '/home/ws/ugv_ws/install/ugv_interface/bin'
[4.931s] Level 1:colcon.colcon_core.environment:checking '/home/ws/ugv_ws/install/ugv_interface/lib/pkgconfig/ugv_interface.pc'
[4.931s] Level 1:colcon.colcon_core.environment:checking '/home/ws/ugv_ws/install/ugv_interface/lib/python3.10/site-packages'
[4.931s] Level 1:colcon.colcon_core.environment:checking '/home/ws/ugv_ws/install/ugv_interface/bin'
[4.932s] INFO:colcon.colcon_core.shell:Creating package script '/home/ws/ugv_ws/install/ugv_interface/share/ugv_interface/package.ps1'
[4.933s] INFO:colcon.colcon_core.shell:Creating package descriptor '/home/ws/ugv_ws/install/ugv_interface/share/ugv_interface/package.dsv'
[4.933s] INFO:colcon.colcon_core.shell:Creating package script '/home/ws/ugv_ws/install/ugv_interface/share/ugv_interface/package.sh'
[4.934s] INFO:colcon.colcon_core.shell:Creating package script '/home/ws/ugv_ws/install/ugv_interface/share/ugv_interface/package.bash'
[4.934s] INFO:colcon.colcon_core.shell:Creating package script '/home/ws/ugv_ws/install/ugv_interface/share/ugv_interface/package.zsh'
[4.935s] Level 1:colcon.colcon_core.environment:create_file_with_runtime_dependencies(/home/ws/ugv_ws/install/ugv_interface/share/colcon-core/packages/ugv_interface)
[4.935s] DEBUG:colcon.colcon_parallel_executor.executor.parallel:closing loop
[4.936s] DEBUG:colcon.colcon_parallel_executor.executor.parallel:loop closed
[4.936s] DEBUG:colcon.colcon_parallel_executor.executor.parallel:run_until_complete finished with '0'
[4.936s] DEBUG:colcon.colcon_core.event_reactor:joining thread
[4.943s] INFO:colcon.colcon_core.plugin_system:Skipping extension 'colcon_notification.desktop_notification.notify_send': Could not find 'notify-send'
[4.944s] INFO:colcon.colcon_core.plugin_system:Skipping extension 'colcon_notification.desktop_notification.terminal_notifier': Not used on non-Darwin systems
[4.944s] INFO:colcon.colcon_core.plugin_system:Skipping extension 'colcon_notification.desktop_notification.win32': Not used on non-Windows systems
[4.944s] INFO:colcon.colcon_notification.desktop_notification:Sending desktop notification using 'notify2'
[4.945s] DEBUG:colcon.colcon_notification.desktop_notification.notify2:Failed to initialize notify2: org.freedesktop.DBus.Error.Spawn.ExecFailed: /usr/bin/dbus-launch terminated abnormally without any error message
[4.946s] DEBUG:colcon.colcon_core.event_reactor:joined thread
[4.946s] INFO:colcon.colcon_core.shell:Creating prefix script '/home/ws/ugv_ws/install/local_setup.ps1'
[4.948s] INFO:colcon.colcon_core.shell:Creating prefix util module '/home/ws/ugv_ws/install/_local_setup_util_ps1.py'
[4.949s] INFO:colcon.colcon_core.shell:Creating prefix chain script '/home/ws/ugv_ws/install/setup.ps1'
[4.951s] INFO:colcon.colcon_core.shell:Creating prefix script '/home/ws/ugv_ws/install/local_setup.sh'
[4.955s] INFO:colcon.colcon_core.shell:Creating prefix util module '/home/ws/ugv_ws/install/_local_setup_util_sh.py'
[4.956s] INFO:colcon.colcon_core.shell:Creating prefix chain script '/home/ws/ugv_ws/install/setup.sh'
[4.958s] INFO:colcon.colcon_core.shell:Creating prefix script '/home/ws/ugv_ws/install/local_setup.bash'
[4.958s] INFO:colcon.colcon_core.shell:Creating prefix chain script '/home/ws/ugv_ws/install/setup.bash'
[4.960s] INFO:colcon.colcon_core.shell:Creating prefix script '/home/ws/ugv_ws/install/local_setup.zsh'
[4.961s] INFO:colcon.colcon_core.shell:Creating prefix chain script '/home/ws/ugv_ws/install/setup.zsh'
