[0.603s] DEBUG:colcon:Command line arguments: ['/usr/bin/colcon', 'build', '--symlink-install', '--cmake-args', '-DPYTHON_EXECUTABLE=/usr/bin/python3', '-DCMAKE_BUILD_TYPE=Debug', '--no-warn-unused-cli', '--packages-select', 'opentera_webrtc_ros']
[0.603s] DEBUG:colcon:Parsed command line arguments: Namespace(log_base=None, log_level=None, verb_name='build', build_base='build', install_base='install', merge_install=False, symlink_install=True, test_result_base=None, continue_on_error=False, executor='parallel', parallel_workers=4, event_handlers=None, ignore_user_meta=False, metas=['./colcon.meta'], base_paths=['.'], packages_ignore=None, packages_ignore_regex=None, paths=None, packages_up_to=None, packages_up_to_regex=None, packages_above=None, packages_above_and_dependencies=None, packages_above_depth=None, packages_select_by_dep=None, packages_skip_by_dep=None, packages_skip_up_to=None, packages_select_build_failed=False, packages_skip_build_finished=False, packages_select_test_failures=False, packages_skip_test_passed=False, packages_select=['opentera_webrtc_ros'], packages_skip=None, packages_select_regex=None, packages_skip_regex=None, packages_start=None, packages_end=None, cmake_args=['-DPYTHON_EXECUTABLE=/usr/bin/python3', '-DCMAKE_BUILD_TYPE=Debug', '--no-warn-unused-cli'], cmake_target=None, cmake_target_skip_unavailable=False, cmake_clean_cache=False, cmake_clean_first=False, cmake_force_configure=False, ament_cmake_args=None, catkin_cmake_args=None, catkin_skip_building_tests=False, mixin_files=None, mixin=None, verb_parser=<colcon_mixin.mixin.mixin_argument.MixinArgumentDecorator object at 0x7fad661ab0>, verb_extension=<colcon_core.verb.build.BuildVerb object at 0x7fad661600>, main=<bound method BuildVerb.main of <colcon_core.verb.build.BuildVerb object at 0x7fad661600>>, mixin_verb=('build',))
[1.312s] Level 1:colcon.colcon_core.package_discovery:discover_packages(colcon_meta) check parameters
[1.315s] INFO:colcon.colcon_metadata.package_discovery.colcon_meta:Using configuration from '/root/.colcon/metadata/default/Gazebo.meta'
[1.318s] INFO:colcon.colcon_metadata.package_discovery.colcon_meta:Using configuration from '/root/.colcon/metadata/default/fastrtps.meta'
[1.318s] Level 1:colcon.colcon_core.package_discovery:discover_packages(recursive) check parameters
[1.318s] Level 1:colcon.colcon_core.package_discovery:discover_packages(ignore) check parameters
[1.318s] Level 1:colcon.colcon_core.package_discovery:discover_packages(path) check parameters
[1.318s] Level 1:colcon.colcon_core.package_discovery:discover_packages(colcon_meta) discover
[1.319s] Level 1:colcon.colcon_core.package_discovery:discover_packages(recursive) discover
[1.319s] INFO:colcon.colcon_core.package_discovery:Crawling recursively for packages in '/home/ws/ugv_ws'
[1.319s] Level 1:colcon.colcon_core.package_identification:_identify(.) by extensions ['ignore', 'ignore_ament_install']
[1.319s] Level 1:colcon.colcon_core.package_identification:_identify(.) by extension 'ignore'
[1.320s] Level 1:colcon.colcon_core.package_identification:_identify(.) by extension 'ignore_ament_install'
[1.320s] Level 1:colcon.colcon_core.package_identification:_identify(.) by extensions ['colcon_pkg']
[1.320s] Level 1:colcon.colcon_core.package_identification:_identify(.) by extension 'colcon_pkg'
[1.320s] Level 1:colcon.colcon_core.package_identification:_identify(.) by extensions ['colcon_meta']
[1.320s] Level 1:colcon.colcon_core.package_identification:_identify(.) by extension 'colcon_meta'
[1.320s] Level 1:colcon.colcon_core.package_identification:_identify(.) by extensions ['ros']
[1.320s] Level 1:colcon.colcon_core.package_identification:_identify(.) by extension 'ros'
[1.379s] Level 1:colcon.colcon_core.package_identification:_identify(.) by extensions ['cmake', 'python']
[1.379s] Level 1:colcon.colcon_core.package_identification:_identify(.) by extension 'cmake'
[1.379s] Level 1:colcon.colcon_core.package_identification:_identify(.) by extension 'python'
[1.380s] Level 1:colcon.colcon_core.package_identification:_identify(.) by extensions ['python_setup_py']
[1.380s] Level 1:colcon.colcon_core.package_identification:_identify(.) by extension 'python_setup_py'
[1.380s] Level 1:colcon.colcon_core.package_identification:_identify(build) by extensions ['ignore', 'ignore_ament_install']
[1.381s] Level 1:colcon.colcon_core.package_identification:_identify(build) by extension 'ignore'
[1.381s] Level 1:colcon.colcon_core.package_identification:_identify(build) ignored
[1.381s] Level 1:colcon.colcon_core.package_identification:_identify(install) by extensions ['ignore', 'ignore_ament_install']
[1.382s] Level 1:colcon.colcon_core.package_identification:_identify(install) by extension 'ignore'
[1.382s] Level 1:colcon.colcon_core.package_identification:_identify(install) ignored
[1.382s] Level 1:colcon.colcon_core.package_identification:_identify(log) by extensions ['ignore', 'ignore_ament_install']
[1.383s] Level 1:colcon.colcon_core.package_identification:_identify(log) by extension 'ignore'
[1.383s] Level 1:colcon.colcon_core.package_identification:_identify(log) ignored
[1.383s] Level 1:colcon.colcon_core.package_identification:_identify(src) by extensions ['ignore', 'ignore_ament_install']
[1.383s] Level 1:colcon.colcon_core.package_identification:_identify(src) by extension 'ignore'
[1.383s] Level 1:colcon.colcon_core.package_identification:_identify(src) by extension 'ignore_ament_install'
[1.384s] Level 1:colcon.colcon_core.package_identification:_identify(src) by extensions ['colcon_pkg']
[1.384s] Level 1:colcon.colcon_core.package_identification:_identify(src) by extension 'colcon_pkg'
[1.384s] Level 1:colcon.colcon_core.package_identification:_identify(src) by extensions ['colcon_meta']
[1.384s] Level 1:colcon.colcon_core.package_identification:_identify(src) by extension 'colcon_meta'
[1.384s] Level 1:colcon.colcon_core.package_identification:_identify(src) by extensions ['ros']
[1.384s] Level 1:colcon.colcon_core.package_identification:_identify(src) by extension 'ros'
[1.385s] Level 1:colcon.colcon_core.package_identification:_identify(src) by extensions ['cmake', 'python']
[1.385s] Level 1:colcon.colcon_core.package_identification:_identify(src) by extension 'cmake'
[1.385s] Level 1:colcon.colcon_core.package_identification:_identify(src) by extension 'python'
[1.385s] Level 1:colcon.colcon_core.package_identification:_identify(src) by extensions ['python_setup_py']
[1.385s] Level 1:colcon.colcon_core.package_identification:_identify(src) by extension 'python_setup_py'
[1.386s] Level 1:colcon.colcon_core.package_identification:_identify(src/ugv_else) by extensions ['ignore', 'ignore_ament_install']
[1.386s] Level 1:colcon.colcon_core.package_identification:_identify(src/ugv_else) by extension 'ignore'
[1.386s] Level 1:colcon.colcon_core.package_identification:_identify(src/ugv_else) by extension 'ignore_ament_install'
[1.386s] Level 1:colcon.colcon_core.package_identification:_identify(src/ugv_else) by extensions ['colcon_pkg']
[1.386s] Level 1:colcon.colcon_core.package_identification:_identify(src/ugv_else) by extension 'colcon_pkg'
[1.387s] Level 1:colcon.colcon_core.package_identification:_identify(src/ugv_else) by extensions ['colcon_meta']
[1.387s] Level 1:colcon.colcon_core.package_identification:_identify(src/ugv_else) by extension 'colcon_meta'
[1.387s] Level 1:colcon.colcon_core.package_identification:_identify(src/ugv_else) by extensions ['ros']
[1.387s] Level 1:colcon.colcon_core.package_identification:_identify(src/ugv_else) by extension 'ros'
[1.387s] Level 1:colcon.colcon_core.package_identification:_identify(src/ugv_else) by extensions ['cmake', 'python']
[1.387s] Level 1:colcon.colcon_core.package_identification:_identify(src/ugv_else) by extension 'cmake'
[1.388s] Level 1:colcon.colcon_core.package_identification:_identify(src/ugv_else) by extension 'python'
[1.388s] Level 1:colcon.colcon_core.package_identification:_identify(src/ugv_else) by extensions ['python_setup_py']
[1.388s] Level 1:colcon.colcon_core.package_identification:_identify(src/ugv_else) by extension 'python_setup_py'
[1.388s] Level 1:colcon.colcon_core.package_identification:_identify(src/ugv_else/apriltag_ros) by extensions ['ignore', 'ignore_ament_install']
[1.389s] Level 1:colcon.colcon_core.package_identification:_identify(src/ugv_else/apriltag_ros) by extension 'ignore'
[1.389s] Level 1:colcon.colcon_core.package_identification:_identify(src/ugv_else/apriltag_ros) by extension 'ignore_ament_install'
[1.389s] Level 1:colcon.colcon_core.package_identification:_identify(src/ugv_else/apriltag_ros) by extensions ['colcon_pkg']
[1.389s] Level 1:colcon.colcon_core.package_identification:_identify(src/ugv_else/apriltag_ros) by extension 'colcon_pkg'
[1.389s] Level 1:colcon.colcon_core.package_identification:_identify(src/ugv_else/apriltag_ros) by extensions ['colcon_meta']
[1.389s] Level 1:colcon.colcon_core.package_identification:_identify(src/ugv_else/apriltag_ros) by extension 'colcon_meta'
[1.390s] Level 1:colcon.colcon_core.package_identification:_identify(src/ugv_else/apriltag_ros) by extensions ['ros']
[1.390s] Level 1:colcon.colcon_core.package_identification:_identify(src/ugv_else/apriltag_ros) by extension 'ros'
[1.390s] Level 1:colcon.colcon_core.package_identification:_identify(src/ugv_else/apriltag_ros) by extensions ['cmake', 'python']
[1.390s] Level 1:colcon.colcon_core.package_identification:_identify(src/ugv_else/apriltag_ros) by extension 'cmake'
[1.390s] Level 1:colcon.colcon_core.package_identification:_identify(src/ugv_else/apriltag_ros) by extension 'python'
[1.391s] Level 1:colcon.colcon_core.package_identification:_identify(src/ugv_else/apriltag_ros) by extensions ['python_setup_py']
[1.391s] Level 1:colcon.colcon_core.package_identification:_identify(src/ugv_else/apriltag_ros) by extension 'python_setup_py'
[1.391s] Level 1:colcon.colcon_core.package_identification:_identify(src/ugv_else/apriltag_ros/apriltag) by extensions ['ignore', 'ignore_ament_install']
[1.392s] Level 1:colcon.colcon_core.package_identification:_identify(src/ugv_else/apriltag_ros/apriltag) by extension 'ignore'
[1.392s] Level 1:colcon.colcon_core.package_identification:_identify(src/ugv_else/apriltag_ros/apriltag) by extension 'ignore_ament_install'
[1.392s] Level 1:colcon.colcon_core.package_identification:_identify(src/ugv_else/apriltag_ros/apriltag) by extensions ['colcon_pkg']
[1.392s] Level 1:colcon.colcon_core.package_identification:_identify(src/ugv_else/apriltag_ros/apriltag) by extension 'colcon_pkg'
[1.392s] Level 1:colcon.colcon_core.package_identification:_identify(src/ugv_else/apriltag_ros/apriltag) by extensions ['colcon_meta']
[1.392s] Level 1:colcon.colcon_core.package_identification:_identify(src/ugv_else/apriltag_ros/apriltag) by extension 'colcon_meta'
[1.393s] Level 1:colcon.colcon_core.package_identification:_identify(src/ugv_else/apriltag_ros/apriltag) by extensions ['ros']
[1.393s] Level 1:colcon.colcon_core.package_identification:_identify(src/ugv_else/apriltag_ros/apriltag) by extension 'ros'
[1.410s] DEBUG:colcon.colcon_core.package_identification:Package 'src/ugv_else/apriltag_ros/apriltag' with type 'ros.cmake' and name 'apriltag'
[1.410s] Level 1:colcon.colcon_core.package_identification:_identify(src/ugv_else/apriltag_ros/apriltag_msgs) by extensions ['ignore', 'ignore_ament_install']
[1.411s] Level 1:colcon.colcon_core.package_identification:_identify(src/ugv_else/apriltag_ros/apriltag_msgs) by extension 'ignore'
[1.411s] Level 1:colcon.colcon_core.package_identification:_identify(src/ugv_else/apriltag_ros/apriltag_msgs) by extension 'ignore_ament_install'
[1.411s] Level 1:colcon.colcon_core.package_identification:_identify(src/ugv_else/apriltag_ros/apriltag_msgs) by extensions ['colcon_pkg']
[1.411s] Level 1:colcon.colcon_core.package_identification:_identify(src/ugv_else/apriltag_ros/apriltag_msgs) by extension 'colcon_pkg'
[1.411s] Level 1:colcon.colcon_core.package_identification:_identify(src/ugv_else/apriltag_ros/apriltag_msgs) by extensions ['colcon_meta']
[1.412s] Level 1:colcon.colcon_core.package_identification:_identify(src/ugv_else/apriltag_ros/apriltag_msgs) by extension 'colcon_meta'
[1.412s] Level 1:colcon.colcon_core.package_identification:_identify(src/ugv_else/apriltag_ros/apriltag_msgs) by extensions ['ros']
[1.412s] Level 1:colcon.colcon_core.package_identification:_identify(src/ugv_else/apriltag_ros/apriltag_msgs) by extension 'ros'
[1.415s] DEBUG:colcon.colcon_core.package_identification:Package 'src/ugv_else/apriltag_ros/apriltag_msgs' with type 'ros.ament_cmake' and name 'apriltag_msgs'
[1.415s] Level 1:colcon.colcon_core.package_identification:_identify(src/ugv_else/apriltag_ros/apriltag_ros) by extensions ['ignore', 'ignore_ament_install']
[1.416s] Level 1:colcon.colcon_core.package_identification:_identify(src/ugv_else/apriltag_ros/apriltag_ros) by extension 'ignore'
[1.416s] Level 1:colcon.colcon_core.package_identification:_identify(src/ugv_else/apriltag_ros/apriltag_ros) by extension 'ignore_ament_install'
[1.416s] Level 1:colcon.colcon_core.package_identification:_identify(src/ugv_else/apriltag_ros/apriltag_ros) by extensions ['colcon_pkg']
[1.416s] Level 1:colcon.colcon_core.package_identification:_identify(src/ugv_else/apriltag_ros/apriltag_ros) by extension 'colcon_pkg'
[1.416s] Level 1:colcon.colcon_core.package_identification:_identify(src/ugv_else/apriltag_ros/apriltag_ros) by extensions ['colcon_meta']
[1.417s] Level 1:colcon.colcon_core.package_identification:_identify(src/ugv_else/apriltag_ros/apriltag_ros) by extension 'colcon_meta'
[1.417s] Level 1:colcon.colcon_core.package_identification:_identify(src/ugv_else/apriltag_ros/apriltag_ros) by extensions ['ros']
[1.417s] Level 1:colcon.colcon_core.package_identification:_identify(src/ugv_else/apriltag_ros/apriltag_ros) by extension 'ros'
[1.423s] DEBUG:colcon.colcon_core.package_identification:Package 'src/ugv_else/apriltag_ros/apriltag_ros' with type 'ros.ament_cmake' and name 'apriltag_ros'
[1.423s] Level 1:colcon.colcon_core.package_identification:_identify(src/ugv_else/audio_utils) by extensions ['ignore', 'ignore_ament_install']
[1.424s] Level 1:colcon.colcon_core.package_identification:_identify(src/ugv_else/audio_utils) by extension 'ignore'
[1.424s] Level 1:colcon.colcon_core.package_identification:_identify(src/ugv_else/audio_utils) by extension 'ignore_ament_install'
[1.424s] Level 1:colcon.colcon_core.package_identification:_identify(src/ugv_else/audio_utils) by extensions ['colcon_pkg']
[1.424s] Level 1:colcon.colcon_core.package_identification:_identify(src/ugv_else/audio_utils) by extension 'colcon_pkg'
[1.424s] Level 1:colcon.colcon_core.package_identification:_identify(src/ugv_else/audio_utils) by extensions ['colcon_meta']
[1.425s] Level 1:colcon.colcon_core.package_identification:_identify(src/ugv_else/audio_utils) by extension 'colcon_meta'
[1.425s] Level 1:colcon.colcon_core.package_identification:_identify(src/ugv_else/audio_utils) by extensions ['ros']
[1.425s] Level 1:colcon.colcon_core.package_identification:_identify(src/ugv_else/audio_utils) by extension 'ros'
[1.425s] Level 1:colcon.colcon_core.package_identification:_identify(src/ugv_else/audio_utils) by extensions ['cmake', 'python']
[1.425s] Level 1:colcon.colcon_core.package_identification:_identify(src/ugv_else/audio_utils) by extension 'cmake'
[1.425s] Level 1:colcon.colcon_core.package_identification:_identify(src/ugv_else/audio_utils) by extension 'python'
[1.426s] Level 1:colcon.colcon_core.package_identification:_identify(src/ugv_else/audio_utils) by extensions ['python_setup_py']
[1.426s] Level 1:colcon.colcon_core.package_identification:_identify(src/ugv_else/audio_utils) by extension 'python_setup_py'
[1.426s] Level 1:colcon.colcon_core.package_identification:_identify(src/ugv_else/audio_utils/audio_utils) by extensions ['ignore', 'ignore_ament_install']
[1.426s] Level 1:colcon.colcon_core.package_identification:_identify(src/ugv_else/audio_utils/audio_utils) by extension 'ignore'
[1.427s] Level 1:colcon.colcon_core.package_identification:_identify(src/ugv_else/audio_utils/audio_utils) by extension 'ignore_ament_install'
[1.427s] Level 1:colcon.colcon_core.package_identification:_identify(src/ugv_else/audio_utils/audio_utils) by extensions ['colcon_pkg']
[1.427s] Level 1:colcon.colcon_core.package_identification:_identify(src/ugv_else/audio_utils/audio_utils) by extension 'colcon_pkg'
[1.427s] Level 1:colcon.colcon_core.package_identification:_identify(src/ugv_else/audio_utils/audio_utils) by extensions ['colcon_meta']
[1.427s] Level 1:colcon.colcon_core.package_identification:_identify(src/ugv_else/audio_utils/audio_utils) by extension 'colcon_meta'
[1.427s] Level 1:colcon.colcon_core.package_identification:_identify(src/ugv_else/audio_utils/audio_utils) by extensions ['ros']
[1.428s] Level 1:colcon.colcon_core.package_identification:_identify(src/ugv_else/audio_utils/audio_utils) by extension 'ros'
[1.431s] DEBUG:colcon.colcon_core.package_identification:Package 'src/ugv_else/audio_utils/audio_utils' with type 'ros.ament_cmake' and name 'audio_utils'
[1.432s] Level 1:colcon.colcon_core.package_identification:_identify(src/ugv_else/audio_utils/audio_utils_msgs) by extensions ['ignore', 'ignore_ament_install']
[1.432s] Level 1:colcon.colcon_core.package_identification:_identify(src/ugv_else/audio_utils/audio_utils_msgs) by extension 'ignore'
[1.432s] Level 1:colcon.colcon_core.package_identification:_identify(src/ugv_else/audio_utils/audio_utils_msgs) by extension 'ignore_ament_install'
[1.432s] Level 1:colcon.colcon_core.package_identification:_identify(src/ugv_else/audio_utils/audio_utils_msgs) by extensions ['colcon_pkg']
[1.433s] Level 1:colcon.colcon_core.package_identification:_identify(src/ugv_else/audio_utils/audio_utils_msgs) by extension 'colcon_pkg'
[1.433s] Level 1:colcon.colcon_core.package_identification:_identify(src/ugv_else/audio_utils/audio_utils_msgs) by extensions ['colcon_meta']
[1.433s] Level 1:colcon.colcon_core.package_identification:_identify(src/ugv_else/audio_utils/audio_utils_msgs) by extension 'colcon_meta'
[1.433s] Level 1:colcon.colcon_core.package_identification:_identify(src/ugv_else/audio_utils/audio_utils_msgs) by extensions ['ros']
[1.433s] Level 1:colcon.colcon_core.package_identification:_identify(src/ugv_else/audio_utils/audio_utils_msgs) by extension 'ros'
[1.436s] DEBUG:colcon.colcon_core.package_identification:Package 'src/ugv_else/audio_utils/audio_utils_msgs' with type 'ros.ament_cmake' and name 'audio_utils_msgs'
[1.436s] Level 1:colcon.colcon_core.package_identification:_identify(src/ugv_else/cartographer) by extensions ['ignore', 'ignore_ament_install']
[1.437s] Level 1:colcon.colcon_core.package_identification:_identify(src/ugv_else/cartographer) by extension 'ignore'
[1.437s] Level 1:colcon.colcon_core.package_identification:_identify(src/ugv_else/cartographer) by extension 'ignore_ament_install'
[1.437s] Level 1:colcon.colcon_core.package_identification:_identify(src/ugv_else/cartographer) by extensions ['colcon_pkg']
[1.437s] Level 1:colcon.colcon_core.package_identification:_identify(src/ugv_else/cartographer) by extension 'colcon_pkg'
[1.437s] Level 1:colcon.colcon_core.package_identification:_identify(src/ugv_else/cartographer) by extensions ['colcon_meta']
[1.437s] Level 1:colcon.colcon_core.package_identification:_identify(src/ugv_else/cartographer) by extension 'colcon_meta'
[1.438s] Level 1:colcon.colcon_core.package_identification:_identify(src/ugv_else/cartographer) by extensions ['ros']
[1.438s] Level 1:colcon.colcon_core.package_identification:_identify(src/ugv_else/cartographer) by extension 'ros'
[1.440s] DEBUG:colcon.colcon_core.package_identification:Package 'src/ugv_else/cartographer' with type 'ros.ament_cmake' and name 'cartographer'
[1.440s] Level 1:colcon.colcon_core.package_identification:_identify(src/ugv_else/costmap_converter) by extensions ['ignore', 'ignore_ament_install']
[1.441s] Level 1:colcon.colcon_core.package_identification:_identify(src/ugv_else/costmap_converter) by extension 'ignore'
[1.441s] Level 1:colcon.colcon_core.package_identification:_identify(src/ugv_else/costmap_converter) by extension 'ignore_ament_install'
[1.441s] Level 1:colcon.colcon_core.package_identification:_identify(src/ugv_else/costmap_converter) by extensions ['colcon_pkg']
[1.441s] Level 1:colcon.colcon_core.package_identification:_identify(src/ugv_else/costmap_converter) by extension 'colcon_pkg'
[1.442s] Level 1:colcon.colcon_core.package_identification:_identify(src/ugv_else/costmap_converter) by extensions ['colcon_meta']
[1.442s] Level 1:colcon.colcon_core.package_identification:_identify(src/ugv_else/costmap_converter) by extension 'colcon_meta'
[1.442s] Level 1:colcon.colcon_core.package_identification:_identify(src/ugv_else/costmap_converter) by extensions ['ros']
[1.442s] Level 1:colcon.colcon_core.package_identification:_identify(src/ugv_else/costmap_converter) by extension 'ros'
[1.442s] Level 1:colcon.colcon_core.package_identification:_identify(src/ugv_else/costmap_converter) by extensions ['cmake', 'python']
[1.442s] Level 1:colcon.colcon_core.package_identification:_identify(src/ugv_else/costmap_converter) by extension 'cmake'
[1.443s] Level 1:colcon.colcon_core.package_identification:_identify(src/ugv_else/costmap_converter) by extension 'python'
[1.443s] Level 1:colcon.colcon_core.package_identification:_identify(src/ugv_else/costmap_converter) by extensions ['python_setup_py']
[1.443s] Level 1:colcon.colcon_core.package_identification:_identify(src/ugv_else/costmap_converter) by extension 'python_setup_py'
[1.443s] Level 1:colcon.colcon_core.package_identification:_identify(src/ugv_else/costmap_converter/costmap_converter) by extensions ['ignore', 'ignore_ament_install']
[1.444s] Level 1:colcon.colcon_core.package_identification:_identify(src/ugv_else/costmap_converter/costmap_converter) by extension 'ignore'
[1.444s] Level 1:colcon.colcon_core.package_identification:_identify(src/ugv_else/costmap_converter/costmap_converter) by extension 'ignore_ament_install'
[1.444s] Level 1:colcon.colcon_core.package_identification:_identify(src/ugv_else/costmap_converter/costmap_converter) by extensions ['colcon_pkg']
[1.444s] Level 1:colcon.colcon_core.package_identification:_identify(src/ugv_else/costmap_converter/costmap_converter) by extension 'colcon_pkg'
[1.444s] Level 1:colcon.colcon_core.package_identification:_identify(src/ugv_else/costmap_converter/costmap_converter) by extensions ['colcon_meta']
[1.444s] Level 1:colcon.colcon_core.package_identification:_identify(src/ugv_else/costmap_converter/costmap_converter) by extension 'colcon_meta'
[1.445s] Level 1:colcon.colcon_core.package_identification:_identify(src/ugv_else/costmap_converter/costmap_converter) by extensions ['ros']
[1.445s] Level 1:colcon.colcon_core.package_identification:_identify(src/ugv_else/costmap_converter/costmap_converter) by extension 'ros'
[1.450s] DEBUG:colcon.colcon_core.package_identification:Package 'src/ugv_else/costmap_converter/costmap_converter' with type 'ros.ament_cmake' and name 'costmap_converter'
[1.450s] Level 1:colcon.colcon_core.package_identification:_identify(src/ugv_else/costmap_converter/costmap_converter_msgs) by extensions ['ignore', 'ignore_ament_install']
[1.450s] Level 1:colcon.colcon_core.package_identification:_identify(src/ugv_else/costmap_converter/costmap_converter_msgs) by extension 'ignore'
[1.451s] Level 1:colcon.colcon_core.package_identification:_identify(src/ugv_else/costmap_converter/costmap_converter_msgs) by extension 'ignore_ament_install'
[1.451s] Level 1:colcon.colcon_core.package_identification:_identify(src/ugv_else/costmap_converter/costmap_converter_msgs) by extensions ['colcon_pkg']
[1.451s] Level 1:colcon.colcon_core.package_identification:_identify(src/ugv_else/costmap_converter/costmap_converter_msgs) by extension 'colcon_pkg'
[1.451s] Level 1:colcon.colcon_core.package_identification:_identify(src/ugv_else/costmap_converter/costmap_converter_msgs) by extensions ['colcon_meta']
[1.451s] Level 1:colcon.colcon_core.package_identification:_identify(src/ugv_else/costmap_converter/costmap_converter_msgs) by extension 'colcon_meta'
[1.452s] Level 1:colcon.colcon_core.package_identification:_identify(src/ugv_else/costmap_converter/costmap_converter_msgs) by extensions ['ros']
[1.452s] Level 1:colcon.colcon_core.package_identification:_identify(src/ugv_else/costmap_converter/costmap_converter_msgs) by extension 'ros'
[1.455s] DEBUG:colcon.colcon_core.package_identification:Package 'src/ugv_else/costmap_converter/costmap_converter_msgs' with type 'ros.ament_cmake' and name 'costmap_converter_msgs'
[1.455s] Level 1:colcon.colcon_core.package_identification:_identify(src/ugv_else/cv_camera) by extensions ['ignore', 'ignore_ament_install']
[1.455s] Level 1:colcon.colcon_core.package_identification:_identify(src/ugv_else/cv_camera) by extension 'ignore'
[1.456s] Level 1:colcon.colcon_core.package_identification:_identify(src/ugv_else/cv_camera) by extension 'ignore_ament_install'
[1.456s] Level 1:colcon.colcon_core.package_identification:_identify(src/ugv_else/cv_camera) by extensions ['colcon_pkg']
[1.456s] Level 1:colcon.colcon_core.package_identification:_identify(src/ugv_else/cv_camera) by extension 'colcon_pkg'
[1.456s] Level 1:colcon.colcon_core.package_identification:_identify(src/ugv_else/cv_camera) by extensions ['colcon_meta']
[1.456s] Level 1:colcon.colcon_core.package_identification:_identify(src/ugv_else/cv_camera) by extension 'colcon_meta'
[1.456s] Level 1:colcon.colcon_core.package_identification:_identify(src/ugv_else/cv_camera) by extensions ['ros']
[1.457s] Level 1:colcon.colcon_core.package_identification:_identify(src/ugv_else/cv_camera) by extension 'ros'
[1.460s] DEBUG:colcon.colcon_core.package_identification:Package 'src/ugv_else/cv_camera' with type 'ros.ament_cmake' and name 'cv_camera'
[1.460s] Level 1:colcon.colcon_core.package_identification:_identify(src/ugv_else/emcl2_ros2) by extensions ['ignore', 'ignore_ament_install']
[1.461s] Level 1:colcon.colcon_core.package_identification:_identify(src/ugv_else/emcl2_ros2) by extension 'ignore'
[1.461s] Level 1:colcon.colcon_core.package_identification:_identify(src/ugv_else/emcl2_ros2) by extension 'ignore_ament_install'
[1.461s] Level 1:colcon.colcon_core.package_identification:_identify(src/ugv_else/emcl2_ros2) by extensions ['colcon_pkg']
[1.461s] Level 1:colcon.colcon_core.package_identification:_identify(src/ugv_else/emcl2_ros2) by extension 'colcon_pkg'
[1.462s] Level 1:colcon.colcon_core.package_identification:_identify(src/ugv_else/emcl2_ros2) by extensions ['colcon_meta']
[1.462s] Level 1:colcon.colcon_core.package_identification:_identify(src/ugv_else/emcl2_ros2) by extension 'colcon_meta'
[1.462s] Level 1:colcon.colcon_core.package_identification:_identify(src/ugv_else/emcl2_ros2) by extensions ['ros']
[1.462s] Level 1:colcon.colcon_core.package_identification:_identify(src/ugv_else/emcl2_ros2) by extension 'ros'
[1.467s] DEBUG:colcon.colcon_core.package_identification:Package 'src/ugv_else/emcl2_ros2' with type 'ros.ament_cmake' and name 'emcl2'
[1.468s] Level 1:colcon.colcon_core.package_identification:_identify(src/ugv_else/explore_lite) by extensions ['ignore', 'ignore_ament_install']
[1.468s] Level 1:colcon.colcon_core.package_identification:_identify(src/ugv_else/explore_lite) by extension 'ignore'
[1.468s] Level 1:colcon.colcon_core.package_identification:_identify(src/ugv_else/explore_lite) by extension 'ignore_ament_install'
[1.468s] Level 1:colcon.colcon_core.package_identification:_identify(src/ugv_else/explore_lite) by extensions ['colcon_pkg']
[1.469s] Level 1:colcon.colcon_core.package_identification:_identify(src/ugv_else/explore_lite) by extension 'colcon_pkg'
[1.469s] Level 1:colcon.colcon_core.package_identification:_identify(src/ugv_else/explore_lite) by extensions ['colcon_meta']
[1.469s] Level 1:colcon.colcon_core.package_identification:_identify(src/ugv_else/explore_lite) by extension 'colcon_meta'
[1.469s] Level 1:colcon.colcon_core.package_identification:_identify(src/ugv_else/explore_lite) by extensions ['ros']
[1.469s] Level 1:colcon.colcon_core.package_identification:_identify(src/ugv_else/explore_lite) by extension 'ros'
[1.475s] DEBUG:colcon.colcon_core.package_identification:Package 'src/ugv_else/explore_lite' with type 'ros.ament_cmake' and name 'explore_lite'
[1.475s] Level 1:colcon.colcon_core.package_identification:_identify(src/ugv_else/gmapping) by extensions ['ignore', 'ignore_ament_install']
[1.476s] Level 1:colcon.colcon_core.package_identification:_identify(src/ugv_else/gmapping) by extension 'ignore'
[1.476s] Level 1:colcon.colcon_core.package_identification:_identify(src/ugv_else/gmapping) by extension 'ignore_ament_install'
[1.476s] Level 1:colcon.colcon_core.package_identification:_identify(src/ugv_else/gmapping) by extensions ['colcon_pkg']
[1.476s] Level 1:colcon.colcon_core.package_identification:_identify(src/ugv_else/gmapping) by extension 'colcon_pkg'
[1.476s] Level 1:colcon.colcon_core.package_identification:_identify(src/ugv_else/gmapping) by extensions ['colcon_meta']
[1.476s] Level 1:colcon.colcon_core.package_identification:_identify(src/ugv_else/gmapping) by extension 'colcon_meta'
[1.477s] Level 1:colcon.colcon_core.package_identification:_identify(src/ugv_else/gmapping) by extensions ['ros']
[1.477s] Level 1:colcon.colcon_core.package_identification:_identify(src/ugv_else/gmapping) by extension 'ros'
[1.477s] Level 1:colcon.colcon_core.package_identification:_identify(src/ugv_else/gmapping) by extensions ['cmake', 'python']
[1.477s] Level 1:colcon.colcon_core.package_identification:_identify(src/ugv_else/gmapping) by extension 'cmake'
[1.477s] Level 1:colcon.colcon_core.package_identification:_identify(src/ugv_else/gmapping) by extension 'python'
[1.478s] Level 1:colcon.colcon_core.package_identification:_identify(src/ugv_else/gmapping) by extensions ['python_setup_py']
[1.478s] Level 1:colcon.colcon_core.package_identification:_identify(src/ugv_else/gmapping) by extension 'python_setup_py'
[1.478s] Level 1:colcon.colcon_core.package_identification:_identify(src/ugv_else/gmapping/openslam_gmapping) by extensions ['ignore', 'ignore_ament_install']
[1.478s] Level 1:colcon.colcon_core.package_identification:_identify(src/ugv_else/gmapping/openslam_gmapping) by extension 'ignore'
[1.479s] Level 1:colcon.colcon_core.package_identification:_identify(src/ugv_else/gmapping/openslam_gmapping) by extension 'ignore_ament_install'
[1.479s] Level 1:colcon.colcon_core.package_identification:_identify(src/ugv_else/gmapping/openslam_gmapping) by extensions ['colcon_pkg']
[1.479s] Level 1:colcon.colcon_core.package_identification:_identify(src/ugv_else/gmapping/openslam_gmapping) by extension 'colcon_pkg'
[1.479s] Level 1:colcon.colcon_core.package_identification:_identify(src/ugv_else/gmapping/openslam_gmapping) by extensions ['colcon_meta']
[1.479s] Level 1:colcon.colcon_core.package_identification:_identify(src/ugv_else/gmapping/openslam_gmapping) by extension 'colcon_meta'
[1.479s] Level 1:colcon.colcon_core.package_identification:_identify(src/ugv_else/gmapping/openslam_gmapping) by extensions ['ros']
[1.480s] Level 1:colcon.colcon_core.package_identification:_identify(src/ugv_else/gmapping/openslam_gmapping) by extension 'ros'
[1.482s] DEBUG:colcon.colcon_core.package_identification:Package 'src/ugv_else/gmapping/openslam_gmapping' with type 'ros.ament_cmake' and name 'openslam_gmapping'
[1.483s] Level 1:colcon.colcon_core.package_identification:_identify(src/ugv_else/gmapping/slam_gmapping) by extensions ['ignore', 'ignore_ament_install']
[1.483s] Level 1:colcon.colcon_core.package_identification:_identify(src/ugv_else/gmapping/slam_gmapping) by extension 'ignore'
[1.483s] Level 1:colcon.colcon_core.package_identification:_identify(src/ugv_else/gmapping/slam_gmapping) by extension 'ignore_ament_install'
[1.483s] Level 1:colcon.colcon_core.package_identification:_identify(src/ugv_else/gmapping/slam_gmapping) by extensions ['colcon_pkg']
[1.484s] Level 1:colcon.colcon_core.package_identification:_identify(src/ugv_else/gmapping/slam_gmapping) by extension 'colcon_pkg'
[1.484s] Level 1:colcon.colcon_core.package_identification:_identify(src/ugv_else/gmapping/slam_gmapping) by extensions ['colcon_meta']
[1.484s] Level 1:colcon.colcon_core.package_identification:_identify(src/ugv_else/gmapping/slam_gmapping) by extension 'colcon_meta'
[1.484s] Level 1:colcon.colcon_core.package_identification:_identify(src/ugv_else/gmapping/slam_gmapping) by extensions ['ros']
[1.484s] Level 1:colcon.colcon_core.package_identification:_identify(src/ugv_else/gmapping/slam_gmapping) by extension 'ros'
[1.493s] DEBUG:colcon.colcon_core.package_identification:Package 'src/ugv_else/gmapping/slam_gmapping' with type 'ros.ament_cmake' and name 'slam_gmapping'
[1.494s] Level 1:colcon.colcon_core.package_identification:_identify(src/ugv_else/ldlidar) by extensions ['ignore', 'ignore_ament_install']
[1.494s] Level 1:colcon.colcon_core.package_identification:_identify(src/ugv_else/ldlidar) by extension 'ignore'
[1.494s] Level 1:colcon.colcon_core.package_identification:_identify(src/ugv_else/ldlidar) by extension 'ignore_ament_install'
[1.494s] Level 1:colcon.colcon_core.package_identification:_identify(src/ugv_else/ldlidar) by extensions ['colcon_pkg']
[1.495s] Level 1:colcon.colcon_core.package_identification:_identify(src/ugv_else/ldlidar) by extension 'colcon_pkg'
[1.495s] Level 1:colcon.colcon_core.package_identification:_identify(src/ugv_else/ldlidar) by extensions ['colcon_meta']
[1.495s] Level 1:colcon.colcon_core.package_identification:_identify(src/ugv_else/ldlidar) by extension 'colcon_meta'
[1.495s] Level 1:colcon.colcon_core.package_identification:_identify(src/ugv_else/ldlidar) by extensions ['ros']
[1.495s] Level 1:colcon.colcon_core.package_identification:_identify(src/ugv_else/ldlidar) by extension 'ros'
[1.498s] DEBUG:colcon.colcon_core.package_identification:Package 'src/ugv_else/ldlidar' with type 'ros.ament_cmake' and name 'ldlidar'
[1.499s] Level 1:colcon.colcon_core.package_identification:_identify(src/ugv_else/odas_ros) by extensions ['ignore', 'ignore_ament_install']
[1.499s] Level 1:colcon.colcon_core.package_identification:_identify(src/ugv_else/odas_ros) by extension 'ignore'
[1.500s] Level 1:colcon.colcon_core.package_identification:_identify(src/ugv_else/odas_ros) by extension 'ignore_ament_install'
[1.500s] Level 1:colcon.colcon_core.package_identification:_identify(src/ugv_else/odas_ros) by extensions ['colcon_pkg']
[1.500s] Level 1:colcon.colcon_core.package_identification:_identify(src/ugv_else/odas_ros) by extension 'colcon_pkg'
[1.500s] Level 1:colcon.colcon_core.package_identification:_identify(src/ugv_else/odas_ros) by extensions ['colcon_meta']
[1.500s] Level 1:colcon.colcon_core.package_identification:_identify(src/ugv_else/odas_ros) by extension 'colcon_meta'
[1.500s] Level 1:colcon.colcon_core.package_identification:_identify(src/ugv_else/odas_ros) by extensions ['ros']
[1.500s] Level 1:colcon.colcon_core.package_identification:_identify(src/ugv_else/odas_ros) by extension 'ros'
[1.501s] Level 1:colcon.colcon_core.package_identification:_identify(src/ugv_else/odas_ros) by extensions ['cmake', 'python']
[1.501s] Level 1:colcon.colcon_core.package_identification:_identify(src/ugv_else/odas_ros) by extension 'cmake'
[1.501s] Level 1:colcon.colcon_core.package_identification:_identify(src/ugv_else/odas_ros) by extension 'python'
[1.501s] Level 1:colcon.colcon_core.package_identification:_identify(src/ugv_else/odas_ros) by extensions ['python_setup_py']
[1.501s] Level 1:colcon.colcon_core.package_identification:_identify(src/ugv_else/odas_ros) by extension 'python_setup_py'
[1.502s] Level 1:colcon.colcon_core.package_identification:_identify(src/ugv_else/odas_ros/odas_ros) by extensions ['ignore', 'ignore_ament_install']
[1.502s] Level 1:colcon.colcon_core.package_identification:_identify(src/ugv_else/odas_ros/odas_ros) by extension 'ignore'
[1.502s] Level 1:colcon.colcon_core.package_identification:_identify(src/ugv_else/odas_ros/odas_ros) by extension 'ignore_ament_install'
[1.503s] Level 1:colcon.colcon_core.package_identification:_identify(src/ugv_else/odas_ros/odas_ros) by extensions ['colcon_pkg']
[1.503s] Level 1:colcon.colcon_core.package_identification:_identify(src/ugv_else/odas_ros/odas_ros) by extension 'colcon_pkg'
[1.503s] Level 1:colcon.colcon_core.package_identification:_identify(src/ugv_else/odas_ros/odas_ros) by extensions ['colcon_meta']
[1.503s] Level 1:colcon.colcon_core.package_identification:_identify(src/ugv_else/odas_ros/odas_ros) by extension 'colcon_meta'
[1.503s] Level 1:colcon.colcon_core.package_identification:_identify(src/ugv_else/odas_ros/odas_ros) by extensions ['ros']
[1.503s] Level 1:colcon.colcon_core.package_identification:_identify(src/ugv_else/odas_ros/odas_ros) by extension 'ros'
[1.508s] DEBUG:colcon.colcon_core.package_identification:Package 'src/ugv_else/odas_ros/odas_ros' with type 'ros.ament_cmake' and name 'odas_ros'
[1.508s] Level 1:colcon.colcon_core.package_identification:_identify(src/ugv_else/odas_ros/odas_ros_msgs) by extensions ['ignore', 'ignore_ament_install']
[1.508s] Level 1:colcon.colcon_core.package_identification:_identify(src/ugv_else/odas_ros/odas_ros_msgs) by extension 'ignore'
[1.509s] Level 1:colcon.colcon_core.package_identification:_identify(src/ugv_else/odas_ros/odas_ros_msgs) by extension 'ignore_ament_install'
[1.509s] Level 1:colcon.colcon_core.package_identification:_identify(src/ugv_else/odas_ros/odas_ros_msgs) by extensions ['colcon_pkg']
[1.509s] Level 1:colcon.colcon_core.package_identification:_identify(src/ugv_else/odas_ros/odas_ros_msgs) by extension 'colcon_pkg'
[1.509s] Level 1:colcon.colcon_core.package_identification:_identify(src/ugv_else/odas_ros/odas_ros_msgs) by extensions ['colcon_meta']
[1.509s] Level 1:colcon.colcon_core.package_identification:_identify(src/ugv_else/odas_ros/odas_ros_msgs) by extension 'colcon_meta'
[1.509s] Level 1:colcon.colcon_core.package_identification:_identify(src/ugv_else/odas_ros/odas_ros_msgs) by extensions ['ros']
[1.510s] Level 1:colcon.colcon_core.package_identification:_identify(src/ugv_else/odas_ros/odas_ros_msgs) by extension 'ros'
[1.512s] DEBUG:colcon.colcon_core.package_identification:Package 'src/ugv_else/odas_ros/odas_ros_msgs' with type 'ros.ament_cmake' and name 'odas_ros_msgs'
[1.513s] Level 1:colcon.colcon_core.package_identification:_identify(src/ugv_else/opentera-webrtc-ros) by extensions ['ignore', 'ignore_ament_install']
[1.513s] Level 1:colcon.colcon_core.package_identification:_identify(src/ugv_else/opentera-webrtc-ros) by extension 'ignore'
[1.513s] Level 1:colcon.colcon_core.package_identification:_identify(src/ugv_else/opentera-webrtc-ros) by extension 'ignore_ament_install'
[1.514s] Level 1:colcon.colcon_core.package_identification:_identify(src/ugv_else/opentera-webrtc-ros) by extensions ['colcon_pkg']
[1.514s] Level 1:colcon.colcon_core.package_identification:_identify(src/ugv_else/opentera-webrtc-ros) by extension 'colcon_pkg'
[1.514s] Level 1:colcon.colcon_core.package_identification:_identify(src/ugv_else/opentera-webrtc-ros) by extensions ['colcon_meta']
[1.514s] Level 1:colcon.colcon_core.package_identification:_identify(src/ugv_else/opentera-webrtc-ros) by extension 'colcon_meta'
[1.514s] Level 1:colcon.colcon_core.package_identification:_identify(src/ugv_else/opentera-webrtc-ros) by extensions ['ros']
[1.514s] Level 1:colcon.colcon_core.package_identification:_identify(src/ugv_else/opentera-webrtc-ros) by extension 'ros'
[1.515s] Level 1:colcon.colcon_core.package_identification:_identify(src/ugv_else/opentera-webrtc-ros) by extensions ['cmake', 'python']
[1.515s] Level 1:colcon.colcon_core.package_identification:_identify(src/ugv_else/opentera-webrtc-ros) by extension 'cmake'
[1.515s] Level 1:colcon.colcon_core.package_identification:_identify(src/ugv_else/opentera-webrtc-ros) by extension 'python'
[1.515s] Level 1:colcon.colcon_core.package_identification:_identify(src/ugv_else/opentera-webrtc-ros) by extensions ['python_setup_py']
[1.515s] Level 1:colcon.colcon_core.package_identification:_identify(src/ugv_else/opentera-webrtc-ros) by extension 'python_setup_py'
[1.516s] Level 1:colcon.colcon_core.package_identification:_identify(src/ugv_else/opentera-webrtc-ros/drawings) by extensions ['ignore', 'ignore_ament_install']
[1.516s] Level 1:colcon.colcon_core.package_identification:_identify(src/ugv_else/opentera-webrtc-ros/drawings) by extension 'ignore'
[1.516s] Level 1:colcon.colcon_core.package_identification:_identify(src/ugv_else/opentera-webrtc-ros/drawings) by extension 'ignore_ament_install'
[1.516s] Level 1:colcon.colcon_core.package_identification:_identify(src/ugv_else/opentera-webrtc-ros/drawings) by extensions ['colcon_pkg']
[1.517s] Level 1:colcon.colcon_core.package_identification:_identify(src/ugv_else/opentera-webrtc-ros/drawings) by extension 'colcon_pkg'
[1.517s] Level 1:colcon.colcon_core.package_identification:_identify(src/ugv_else/opentera-webrtc-ros/drawings) by extensions ['colcon_meta']
[1.517s] Level 1:colcon.colcon_core.package_identification:_identify(src/ugv_else/opentera-webrtc-ros/drawings) by extension 'colcon_meta'
[1.517s] Level 1:colcon.colcon_core.package_identification:_identify(src/ugv_else/opentera-webrtc-ros/drawings) by extensions ['ros']
[1.517s] Level 1:colcon.colcon_core.package_identification:_identify(src/ugv_else/opentera-webrtc-ros/drawings) by extension 'ros'
[1.517s] Level 1:colcon.colcon_core.package_identification:_identify(src/ugv_else/opentera-webrtc-ros/drawings) by extensions ['cmake', 'python']
[1.518s] Level 1:colcon.colcon_core.package_identification:_identify(src/ugv_else/opentera-webrtc-ros/drawings) by extension 'cmake'
[1.518s] Level 1:colcon.colcon_core.package_identification:_identify(src/ugv_else/opentera-webrtc-ros/drawings) by extension 'python'
[1.518s] Level 1:colcon.colcon_core.package_identification:_identify(src/ugv_else/opentera-webrtc-ros/drawings) by extensions ['python_setup_py']
[1.518s] Level 1:colcon.colcon_core.package_identification:_identify(src/ugv_else/opentera-webrtc-ros/drawings) by extension 'python_setup_py'
[1.518s] Level 1:colcon.colcon_core.package_identification:_identify(src/ugv_else/opentera-webrtc-ros/face_cropping) by extensions ['ignore', 'ignore_ament_install']
[1.519s] Level 1:colcon.colcon_core.package_identification:_identify(src/ugv_else/opentera-webrtc-ros/face_cropping) by extension 'ignore'
[1.519s] Level 1:colcon.colcon_core.package_identification:_identify(src/ugv_else/opentera-webrtc-ros/face_cropping) by extension 'ignore_ament_install'
[1.519s] Level 1:colcon.colcon_core.package_identification:_identify(src/ugv_else/opentera-webrtc-ros/face_cropping) by extensions ['colcon_pkg']
[1.519s] Level 1:colcon.colcon_core.package_identification:_identify(src/ugv_else/opentera-webrtc-ros/face_cropping) by extension 'colcon_pkg'
[1.519s] Level 1:colcon.colcon_core.package_identification:_identify(src/ugv_else/opentera-webrtc-ros/face_cropping) by extensions ['colcon_meta']
[1.520s] Level 1:colcon.colcon_core.package_identification:_identify(src/ugv_else/opentera-webrtc-ros/face_cropping) by extension 'colcon_meta'
[1.520s] Level 1:colcon.colcon_core.package_identification:_identify(src/ugv_else/opentera-webrtc-ros/face_cropping) by extensions ['ros']
[1.520s] Level 1:colcon.colcon_core.package_identification:_identify(src/ugv_else/opentera-webrtc-ros/face_cropping) by extension 'ros'
[1.524s] DEBUG:colcon.colcon_core.package_identification:Package 'src/ugv_else/opentera-webrtc-ros/face_cropping' with type 'ros.ament_cmake' and name 'face_cropping'
[1.525s] Level 1:colcon.colcon_core.package_identification:_identify(src/ugv_else/opentera-webrtc-ros/map_image_generator) by extensions ['ignore', 'ignore_ament_install']
[1.525s] Level 1:colcon.colcon_core.package_identification:_identify(src/ugv_else/opentera-webrtc-ros/map_image_generator) by extension 'ignore'
[1.525s] Level 1:colcon.colcon_core.package_identification:_identify(src/ugv_else/opentera-webrtc-ros/map_image_generator) by extension 'ignore_ament_install'
[1.526s] Level 1:colcon.colcon_core.package_identification:_identify(src/ugv_else/opentera-webrtc-ros/map_image_generator) by extensions ['colcon_pkg']
[1.526s] Level 1:colcon.colcon_core.package_identification:_identify(src/ugv_else/opentera-webrtc-ros/map_image_generator) by extension 'colcon_pkg'
[1.526s] Level 1:colcon.colcon_core.package_identification:_identify(src/ugv_else/opentera-webrtc-ros/map_image_generator) by extensions ['colcon_meta']
[1.526s] Level 1:colcon.colcon_core.package_identification:_identify(src/ugv_else/opentera-webrtc-ros/map_image_generator) by extension 'colcon_meta'
[1.526s] Level 1:colcon.colcon_core.package_identification:_identify(src/ugv_else/opentera-webrtc-ros/map_image_generator) by extensions ['ros']
[1.526s] Level 1:colcon.colcon_core.package_identification:_identify(src/ugv_else/opentera-webrtc-ros/map_image_generator) by extension 'ros'
[1.566s] DEBUG:colcon.colcon_core.package_identification:Package 'src/ugv_else/opentera-webrtc-ros/map_image_generator' with type 'ros.ament_cmake' and name 'map_image_generator'
[1.566s] Level 1:colcon.colcon_core.package_identification:_identify(src/ugv_else/opentera-webrtc-ros/opentera_client_ros) by extensions ['ignore', 'ignore_ament_install']
[1.567s] Level 1:colcon.colcon_core.package_identification:_identify(src/ugv_else/opentera-webrtc-ros/opentera_client_ros) by extension 'ignore'
[1.567s] Level 1:colcon.colcon_core.package_identification:_identify(src/ugv_else/opentera-webrtc-ros/opentera_client_ros) by extension 'ignore_ament_install'
[1.567s] Level 1:colcon.colcon_core.package_identification:_identify(src/ugv_else/opentera-webrtc-ros/opentera_client_ros) by extensions ['colcon_pkg']
[1.567s] Level 1:colcon.colcon_core.package_identification:_identify(src/ugv_else/opentera-webrtc-ros/opentera_client_ros) by extension 'colcon_pkg'
[1.568s] Level 1:colcon.colcon_core.package_identification:_identify(src/ugv_else/opentera-webrtc-ros/opentera_client_ros) by extensions ['colcon_meta']
[1.568s] Level 1:colcon.colcon_core.package_identification:_identify(src/ugv_else/opentera-webrtc-ros/opentera_client_ros) by extension 'colcon_meta'
[1.568s] Level 1:colcon.colcon_core.package_identification:_identify(src/ugv_else/opentera-webrtc-ros/opentera_client_ros) by extensions ['ros']
[1.568s] Level 1:colcon.colcon_core.package_identification:_identify(src/ugv_else/opentera-webrtc-ros/opentera_client_ros) by extension 'ros'
[1.571s] DEBUG:colcon.colcon_core.package_identification:Package 'src/ugv_else/opentera-webrtc-ros/opentera_client_ros' with type 'ros.ament_cmake' and name 'opentera_client_ros'
[1.572s] Level 1:colcon.colcon_core.package_identification:_identify(src/ugv_else/opentera-webrtc-ros/opentera_protobuf_messages) by extensions ['ignore', 'ignore_ament_install']
[1.572s] Level 1:colcon.colcon_core.package_identification:_identify(src/ugv_else/opentera-webrtc-ros/opentera_protobuf_messages) by extension 'ignore'
[1.573s] Level 1:colcon.colcon_core.package_identification:_identify(src/ugv_else/opentera-webrtc-ros/opentera_protobuf_messages) by extension 'ignore_ament_install'
[1.573s] Level 1:colcon.colcon_core.package_identification:_identify(src/ugv_else/opentera-webrtc-ros/opentera_protobuf_messages) by extensions ['colcon_pkg']
[1.573s] Level 1:colcon.colcon_core.package_identification:_identify(src/ugv_else/opentera-webrtc-ros/opentera_protobuf_messages) by extension 'colcon_pkg'
[1.573s] Level 1:colcon.colcon_core.package_identification:_identify(src/ugv_else/opentera-webrtc-ros/opentera_protobuf_messages) by extensions ['colcon_meta']
[1.573s] Level 1:colcon.colcon_core.package_identification:_identify(src/ugv_else/opentera-webrtc-ros/opentera_protobuf_messages) by extension 'colcon_meta'
[1.573s] Level 1:colcon.colcon_core.package_identification:_identify(src/ugv_else/opentera-webrtc-ros/opentera_protobuf_messages) by extensions ['ros']
[1.574s] Level 1:colcon.colcon_core.package_identification:_identify(src/ugv_else/opentera-webrtc-ros/opentera_protobuf_messages) by extension 'ros'
[1.576s] DEBUG:colcon.colcon_core.package_identification:Package 'src/ugv_else/opentera-webrtc-ros/opentera_protobuf_messages' with type 'ros.ament_cmake' and name 'opentera_protobuf_messages'
[1.576s] Level 1:colcon.colcon_core.package_identification:_identify(src/ugv_else/opentera-webrtc-ros/opentera_webrtc_demos) by extensions ['ignore', 'ignore_ament_install']
[1.577s] Level 1:colcon.colcon_core.package_identification:_identify(src/ugv_else/opentera-webrtc-ros/opentera_webrtc_demos) by extension 'ignore'
[1.577s] Level 1:colcon.colcon_core.package_identification:_identify(src/ugv_else/opentera-webrtc-ros/opentera_webrtc_demos) by extension 'ignore_ament_install'
[1.577s] Level 1:colcon.colcon_core.package_identification:_identify(src/ugv_else/opentera-webrtc-ros/opentera_webrtc_demos) by extensions ['colcon_pkg']
[1.577s] Level 1:colcon.colcon_core.package_identification:_identify(src/ugv_else/opentera-webrtc-ros/opentera_webrtc_demos) by extension 'colcon_pkg'
[1.577s] Level 1:colcon.colcon_core.package_identification:_identify(src/ugv_else/opentera-webrtc-ros/opentera_webrtc_demos) by extensions ['colcon_meta']
[1.578s] Level 1:colcon.colcon_core.package_identification:_identify(src/ugv_else/opentera-webrtc-ros/opentera_webrtc_demos) by extension 'colcon_meta'
[1.578s] Level 1:colcon.colcon_core.package_identification:_identify(src/ugv_else/opentera-webrtc-ros/opentera_webrtc_demos) by extensions ['ros']
[1.578s] Level 1:colcon.colcon_core.package_identification:_identify(src/ugv_else/opentera-webrtc-ros/opentera_webrtc_demos) by extension 'ros'
[1.582s] DEBUG:colcon.colcon_core.package_identification:Package 'src/ugv_else/opentera-webrtc-ros/opentera_webrtc_demos' with type 'ros.ament_cmake' and name 'opentera_webrtc_demos'
[1.582s] Level 1:colcon.colcon_core.package_identification:_identify(src/ugv_else/opentera-webrtc-ros/opentera_webrtc_robot_gui) by extensions ['ignore', 'ignore_ament_install']
[1.583s] Level 1:colcon.colcon_core.package_identification:_identify(src/ugv_else/opentera-webrtc-ros/opentera_webrtc_robot_gui) by extension 'ignore'
[1.583s] Level 1:colcon.colcon_core.package_identification:_identify(src/ugv_else/opentera-webrtc-ros/opentera_webrtc_robot_gui) by extension 'ignore_ament_install'
[1.583s] Level 1:colcon.colcon_core.package_identification:_identify(src/ugv_else/opentera-webrtc-ros/opentera_webrtc_robot_gui) by extensions ['colcon_pkg']
[1.583s] Level 1:colcon.colcon_core.package_identification:_identify(src/ugv_else/opentera-webrtc-ros/opentera_webrtc_robot_gui) by extension 'colcon_pkg'
[1.583s] Level 1:colcon.colcon_core.package_identification:_identify(src/ugv_else/opentera-webrtc-ros/opentera_webrtc_robot_gui) by extensions ['colcon_meta']
[1.583s] Level 1:colcon.colcon_core.package_identification:_identify(src/ugv_else/opentera-webrtc-ros/opentera_webrtc_robot_gui) by extension 'colcon_meta'
[1.584s] Level 1:colcon.colcon_core.package_identification:_identify(src/ugv_else/opentera-webrtc-ros/opentera_webrtc_robot_gui) by extensions ['ros']
[1.584s] Level 1:colcon.colcon_core.package_identification:_identify(src/ugv_else/opentera-webrtc-ros/opentera_webrtc_robot_gui) by extension 'ros'
[1.588s] DEBUG:colcon.colcon_core.package_identification:Package 'src/ugv_else/opentera-webrtc-ros/opentera_webrtc_robot_gui' with type 'ros.ament_cmake' and name 'opentera_webrtc_robot_gui'
[1.588s] Level 1:colcon.colcon_core.package_identification:_identify(src/ugv_else/opentera-webrtc-ros/opentera_webrtc_ros) by extensions ['ignore', 'ignore_ament_install']
[1.589s] Level 1:colcon.colcon_core.package_identification:_identify(src/ugv_else/opentera-webrtc-ros/opentera_webrtc_ros) by extension 'ignore'
[1.589s] Level 1:colcon.colcon_core.package_identification:_identify(src/ugv_else/opentera-webrtc-ros/opentera_webrtc_ros) by extension 'ignore_ament_install'
[1.589s] Level 1:colcon.colcon_core.package_identification:_identify(src/ugv_else/opentera-webrtc-ros/opentera_webrtc_ros) by extensions ['colcon_pkg']
[1.589s] Level 1:colcon.colcon_core.package_identification:_identify(src/ugv_else/opentera-webrtc-ros/opentera_webrtc_ros) by extension 'colcon_pkg'
[1.590s] Level 1:colcon.colcon_core.package_identification:_identify(src/ugv_else/opentera-webrtc-ros/opentera_webrtc_ros) by extensions ['colcon_meta']
[1.590s] Level 1:colcon.colcon_core.package_identification:_identify(src/ugv_else/opentera-webrtc-ros/opentera_webrtc_ros) by extension 'colcon_meta'
[1.590s] Level 1:colcon.colcon_core.package_identification:_identify(src/ugv_else/opentera-webrtc-ros/opentera_webrtc_ros) by extensions ['ros']
[1.590s] Level 1:colcon.colcon_core.package_identification:_identify(src/ugv_else/opentera-webrtc-ros/opentera_webrtc_ros) by extension 'ros'
[1.595s] DEBUG:colcon.colcon_core.package_identification:Package 'src/ugv_else/opentera-webrtc-ros/opentera_webrtc_ros' with type 'ros.ament_cmake' and name 'opentera_webrtc_ros'
[1.596s] Level 1:colcon.colcon_core.package_identification:_identify(src/ugv_else/opentera-webrtc-ros/opentera_webrtc_ros_msgs) by extensions ['ignore', 'ignore_ament_install']
[1.596s] Level 1:colcon.colcon_core.package_identification:_identify(src/ugv_else/opentera-webrtc-ros/opentera_webrtc_ros_msgs) by extension 'ignore'
[1.596s] Level 1:colcon.colcon_core.package_identification:_identify(src/ugv_else/opentera-webrtc-ros/opentera_webrtc_ros_msgs) by extension 'ignore_ament_install'
[1.596s] Level 1:colcon.colcon_core.package_identification:_identify(src/ugv_else/opentera-webrtc-ros/opentera_webrtc_ros_msgs) by extensions ['colcon_pkg']
[1.597s] Level 1:colcon.colcon_core.package_identification:_identify(src/ugv_else/opentera-webrtc-ros/opentera_webrtc_ros_msgs) by extension 'colcon_pkg'
[1.597s] Level 1:colcon.colcon_core.package_identification:_identify(src/ugv_else/opentera-webrtc-ros/opentera_webrtc_ros_msgs) by extensions ['colcon_meta']
[1.597s] Level 1:colcon.colcon_core.package_identification:_identify(src/ugv_else/opentera-webrtc-ros/opentera_webrtc_ros_msgs) by extension 'colcon_meta'
[1.597s] Level 1:colcon.colcon_core.package_identification:_identify(src/ugv_else/opentera-webrtc-ros/opentera_webrtc_ros_msgs) by extensions ['ros']
[1.597s] Level 1:colcon.colcon_core.package_identification:_identify(src/ugv_else/opentera-webrtc-ros/opentera_webrtc_ros_msgs) by extension 'ros'
[1.601s] DEBUG:colcon.colcon_core.package_identification:Package 'src/ugv_else/opentera-webrtc-ros/opentera_webrtc_ros_msgs' with type 'ros.ament_cmake' and name 'opentera_webrtc_ros_msgs'
[1.601s] Level 1:colcon.colcon_core.package_identification:_identify(src/ugv_else/opentera-webrtc-ros/turtlebot3_beam_description) by extensions ['ignore', 'ignore_ament_install']
[1.602s] Level 1:colcon.colcon_core.package_identification:_identify(src/ugv_else/opentera-webrtc-ros/turtlebot3_beam_description) by extension 'ignore'
[1.602s] Level 1:colcon.colcon_core.package_identification:_identify(src/ugv_else/opentera-webrtc-ros/turtlebot3_beam_description) by extension 'ignore_ament_install'
[1.602s] Level 1:colcon.colcon_core.package_identification:_identify(src/ugv_else/opentera-webrtc-ros/turtlebot3_beam_description) by extensions ['colcon_pkg']
[1.602s] Level 1:colcon.colcon_core.package_identification:_identify(src/ugv_else/opentera-webrtc-ros/turtlebot3_beam_description) by extension 'colcon_pkg'
[1.602s] Level 1:colcon.colcon_core.package_identification:_identify(src/ugv_else/opentera-webrtc-ros/turtlebot3_beam_description) by extensions ['colcon_meta']
[1.603s] Level 1:colcon.colcon_core.package_identification:_identify(src/ugv_else/opentera-webrtc-ros/turtlebot3_beam_description) by extension 'colcon_meta'
[1.603s] Level 1:colcon.colcon_core.package_identification:_identify(src/ugv_else/opentera-webrtc-ros/turtlebot3_beam_description) by extensions ['ros']
[1.603s] Level 1:colcon.colcon_core.package_identification:_identify(src/ugv_else/opentera-webrtc-ros/turtlebot3_beam_description) by extension 'ros'
[1.606s] DEBUG:colcon.colcon_core.package_identification:Package 'src/ugv_else/opentera-webrtc-ros/turtlebot3_beam_description' with type 'ros.ament_cmake' and name 'turtlebot3_beam_description'
[1.607s] Level 1:colcon.colcon_core.package_identification:_identify(src/ugv_else/rf2o_laser_odometry) by extensions ['ignore', 'ignore_ament_install']
[1.607s] Level 1:colcon.colcon_core.package_identification:_identify(src/ugv_else/rf2o_laser_odometry) by extension 'ignore'
[1.607s] Level 1:colcon.colcon_core.package_identification:_identify(src/ugv_else/rf2o_laser_odometry) by extension 'ignore_ament_install'
[1.608s] Level 1:colcon.colcon_core.package_identification:_identify(src/ugv_else/rf2o_laser_odometry) by extensions ['colcon_pkg']
[1.608s] Level 1:colcon.colcon_core.package_identification:_identify(src/ugv_else/rf2o_laser_odometry) by extension 'colcon_pkg'
[1.608s] Level 1:colcon.colcon_core.package_identification:_identify(src/ugv_else/rf2o_laser_odometry) by extensions ['colcon_meta']
[1.608s] Level 1:colcon.colcon_core.package_identification:_identify(src/ugv_else/rf2o_laser_odometry) by extension 'colcon_meta'
[1.608s] Level 1:colcon.colcon_core.package_identification:_identify(src/ugv_else/rf2o_laser_odometry) by extensions ['ros']
[1.608s] Level 1:colcon.colcon_core.package_identification:_identify(src/ugv_else/rf2o_laser_odometry) by extension 'ros'
[1.613s] DEBUG:colcon.colcon_core.package_identification:Package 'src/ugv_else/rf2o_laser_odometry' with type 'ros.ament_cmake' and name 'rf2o_laser_odometry'
[1.613s] Level 1:colcon.colcon_core.package_identification:_identify(src/ugv_else/robot_pose_publisher) by extensions ['ignore', 'ignore_ament_install']
[1.613s] Level 1:colcon.colcon_core.package_identification:_identify(src/ugv_else/robot_pose_publisher) by extension 'ignore'
[1.614s] Level 1:colcon.colcon_core.package_identification:_identify(src/ugv_else/robot_pose_publisher) by extension 'ignore_ament_install'
[1.614s] Level 1:colcon.colcon_core.package_identification:_identify(src/ugv_else/robot_pose_publisher) by extensions ['colcon_pkg']
[1.614s] Level 1:colcon.colcon_core.package_identification:_identify(src/ugv_else/robot_pose_publisher) by extension 'colcon_pkg'
[1.614s] Level 1:colcon.colcon_core.package_identification:_identify(src/ugv_else/robot_pose_publisher) by extensions ['colcon_meta']
[1.614s] Level 1:colcon.colcon_core.package_identification:_identify(src/ugv_else/robot_pose_publisher) by extension 'colcon_meta'
[1.615s] Level 1:colcon.colcon_core.package_identification:_identify(src/ugv_else/robot_pose_publisher) by extensions ['ros']
[1.615s] Level 1:colcon.colcon_core.package_identification:_identify(src/ugv_else/robot_pose_publisher) by extension 'ros'
[1.618s] DEBUG:colcon.colcon_core.package_identification:Package 'src/ugv_else/robot_pose_publisher' with type 'ros.ament_cmake' and name 'robot_pose_publisher'
[1.618s] Level 1:colcon.colcon_core.package_identification:_identify(src/ugv_else/teb_local_planner) by extensions ['ignore', 'ignore_ament_install']
[1.619s] Level 1:colcon.colcon_core.package_identification:_identify(src/ugv_else/teb_local_planner) by extension 'ignore'
[1.619s] Level 1:colcon.colcon_core.package_identification:_identify(src/ugv_else/teb_local_planner) by extension 'ignore_ament_install'
[1.619s] Level 1:colcon.colcon_core.package_identification:_identify(src/ugv_else/teb_local_planner) by extensions ['colcon_pkg']
[1.619s] Level 1:colcon.colcon_core.package_identification:_identify(src/ugv_else/teb_local_planner) by extension 'colcon_pkg'
[1.619s] Level 1:colcon.colcon_core.package_identification:_identify(src/ugv_else/teb_local_planner) by extensions ['colcon_meta']
[1.620s] Level 1:colcon.colcon_core.package_identification:_identify(src/ugv_else/teb_local_planner) by extension 'colcon_meta'
[1.620s] Level 1:colcon.colcon_core.package_identification:_identify(src/ugv_else/teb_local_planner) by extensions ['ros']
[1.620s] Level 1:colcon.colcon_core.package_identification:_identify(src/ugv_else/teb_local_planner) by extension 'ros'
[1.620s] Level 1:colcon.colcon_core.package_identification:_identify(src/ugv_else/teb_local_planner) by extensions ['cmake', 'python']
[1.620s] Level 1:colcon.colcon_core.package_identification:_identify(src/ugv_else/teb_local_planner) by extension 'cmake'
[1.620s] Level 1:colcon.colcon_core.package_identification:_identify(src/ugv_else/teb_local_planner) by extension 'python'
[1.621s] Level 1:colcon.colcon_core.package_identification:_identify(src/ugv_else/teb_local_planner) by extensions ['python_setup_py']
[1.621s] Level 1:colcon.colcon_core.package_identification:_identify(src/ugv_else/teb_local_planner) by extension 'python_setup_py'
[1.621s] Level 1:colcon.colcon_core.package_identification:_identify(src/ugv_else/teb_local_planner/teb_local_planner) by extensions ['ignore', 'ignore_ament_install']
[1.621s] Level 1:colcon.colcon_core.package_identification:_identify(src/ugv_else/teb_local_planner/teb_local_planner) by extension 'ignore'
[1.622s] Level 1:colcon.colcon_core.package_identification:_identify(src/ugv_else/teb_local_planner/teb_local_planner) by extension 'ignore_ament_install'
[1.622s] Level 1:colcon.colcon_core.package_identification:_identify(src/ugv_else/teb_local_planner/teb_local_planner) by extensions ['colcon_pkg']
[1.622s] Level 1:colcon.colcon_core.package_identification:_identify(src/ugv_else/teb_local_planner/teb_local_planner) by extension 'colcon_pkg'
[1.622s] Level 1:colcon.colcon_core.package_identification:_identify(src/ugv_else/teb_local_planner/teb_local_planner) by extensions ['colcon_meta']
[1.622s] Level 1:colcon.colcon_core.package_identification:_identify(src/ugv_else/teb_local_planner/teb_local_planner) by extension 'colcon_meta'
[1.623s] Level 1:colcon.colcon_core.package_identification:_identify(src/ugv_else/teb_local_planner/teb_local_planner) by extensions ['ros']
[1.623s] Level 1:colcon.colcon_core.package_identification:_identify(src/ugv_else/teb_local_planner/teb_local_planner) by extension 'ros'
[1.631s] DEBUG:colcon.colcon_core.package_identification:Package 'src/ugv_else/teb_local_planner/teb_local_planner' with type 'ros.ament_cmake' and name 'teb_local_planner'
[1.631s] Level 1:colcon.colcon_core.package_identification:_identify(src/ugv_else/teb_local_planner/teb_msgs) by extensions ['ignore', 'ignore_ament_install']
[1.631s] Level 1:colcon.colcon_core.package_identification:_identify(src/ugv_else/teb_local_planner/teb_msgs) by extension 'ignore'
[1.632s] Level 1:colcon.colcon_core.package_identification:_identify(src/ugv_else/teb_local_planner/teb_msgs) by extension 'ignore_ament_install'
[1.632s] Level 1:colcon.colcon_core.package_identification:_identify(src/ugv_else/teb_local_planner/teb_msgs) by extensions ['colcon_pkg']
[1.632s] Level 1:colcon.colcon_core.package_identification:_identify(src/ugv_else/teb_local_planner/teb_msgs) by extension 'colcon_pkg'
[1.632s] Level 1:colcon.colcon_core.package_identification:_identify(src/ugv_else/teb_local_planner/teb_msgs) by extensions ['colcon_meta']
[1.632s] Level 1:colcon.colcon_core.package_identification:_identify(src/ugv_else/teb_local_planner/teb_msgs) by extension 'colcon_meta'
[1.632s] Level 1:colcon.colcon_core.package_identification:_identify(src/ugv_else/teb_local_planner/teb_msgs) by extensions ['ros']
[1.633s] Level 1:colcon.colcon_core.package_identification:_identify(src/ugv_else/teb_local_planner/teb_msgs) by extension 'ros'
[1.635s] DEBUG:colcon.colcon_core.package_identification:Package 'src/ugv_else/teb_local_planner/teb_msgs' with type 'ros.ament_cmake' and name 'teb_msgs'
[1.636s] Level 1:colcon.colcon_core.package_identification:_identify(src/ugv_else/vizanti) by extensions ['ignore', 'ignore_ament_install']
[1.637s] Level 1:colcon.colcon_core.package_identification:_identify(src/ugv_else/vizanti) by extension 'ignore'
[1.637s] Level 1:colcon.colcon_core.package_identification:_identify(src/ugv_else/vizanti) by extension 'ignore_ament_install'
[1.637s] Level 1:colcon.colcon_core.package_identification:_identify(src/ugv_else/vizanti) by extensions ['colcon_pkg']
[1.637s] Level 1:colcon.colcon_core.package_identification:_identify(src/ugv_else/vizanti) by extension 'colcon_pkg'
[1.638s] Level 1:colcon.colcon_core.package_identification:_identify(src/ugv_else/vizanti) by extensions ['colcon_meta']
[1.638s] Level 1:colcon.colcon_core.package_identification:_identify(src/ugv_else/vizanti) by extension 'colcon_meta'
[1.638s] Level 1:colcon.colcon_core.package_identification:_identify(src/ugv_else/vizanti) by extensions ['ros']
[1.638s] Level 1:colcon.colcon_core.package_identification:_identify(src/ugv_else/vizanti) by extension 'ros'
[1.638s] Level 1:colcon.colcon_core.package_identification:_identify(src/ugv_else/vizanti) by extensions ['cmake', 'python']
[1.638s] Level 1:colcon.colcon_core.package_identification:_identify(src/ugv_else/vizanti) by extension 'cmake'
[1.639s] Level 1:colcon.colcon_core.package_identification:_identify(src/ugv_else/vizanti) by extension 'python'
[1.639s] Level 1:colcon.colcon_core.package_identification:_identify(src/ugv_else/vizanti) by extensions ['python_setup_py']
[1.639s] Level 1:colcon.colcon_core.package_identification:_identify(src/ugv_else/vizanti) by extension 'python_setup_py'
[1.639s] Level 1:colcon.colcon_core.package_identification:_identify(src/ugv_else/vizanti/vizanti) by extensions ['ignore', 'ignore_ament_install']
[1.640s] Level 1:colcon.colcon_core.package_identification:_identify(src/ugv_else/vizanti/vizanti) by extension 'ignore'
[1.640s] Level 1:colcon.colcon_core.package_identification:_identify(src/ugv_else/vizanti/vizanti) by extension 'ignore_ament_install'
[1.640s] Level 1:colcon.colcon_core.package_identification:_identify(src/ugv_else/vizanti/vizanti) by extensions ['colcon_pkg']
[1.640s] Level 1:colcon.colcon_core.package_identification:_identify(src/ugv_else/vizanti/vizanti) by extension 'colcon_pkg'
[1.640s] Level 1:colcon.colcon_core.package_identification:_identify(src/ugv_else/vizanti/vizanti) by extensions ['colcon_meta']
[1.640s] Level 1:colcon.colcon_core.package_identification:_identify(src/ugv_else/vizanti/vizanti) by extension 'colcon_meta'
[1.641s] Level 1:colcon.colcon_core.package_identification:_identify(src/ugv_else/vizanti/vizanti) by extensions ['ros']
[1.641s] Level 1:colcon.colcon_core.package_identification:_identify(src/ugv_else/vizanti/vizanti) by extension 'ros'
[1.643s] DEBUG:colcon.colcon_core.package_identification:Package 'src/ugv_else/vizanti/vizanti' with type 'ros.ament_cmake' and name 'vizanti'
[1.644s] Level 1:colcon.colcon_core.package_identification:_identify(src/ugv_else/vizanti/vizanti_cpp) by extensions ['ignore', 'ignore_ament_install']
[1.644s] Level 1:colcon.colcon_core.package_identification:_identify(src/ugv_else/vizanti/vizanti_cpp) by extension 'ignore'
[1.644s] Level 1:colcon.colcon_core.package_identification:_identify(src/ugv_else/vizanti/vizanti_cpp) by extension 'ignore_ament_install'
[1.645s] Level 1:colcon.colcon_core.package_identification:_identify(src/ugv_else/vizanti/vizanti_cpp) by extensions ['colcon_pkg']
[1.645s] Level 1:colcon.colcon_core.package_identification:_identify(src/ugv_else/vizanti/vizanti_cpp) by extension 'colcon_pkg'
[1.645s] Level 1:colcon.colcon_core.package_identification:_identify(src/ugv_else/vizanti/vizanti_cpp) by extensions ['colcon_meta']
[1.645s] Level 1:colcon.colcon_core.package_identification:_identify(src/ugv_else/vizanti/vizanti_cpp) by extension 'colcon_meta'
[1.645s] Level 1:colcon.colcon_core.package_identification:_identify(src/ugv_else/vizanti/vizanti_cpp) by extensions ['ros']
[1.645s] Level 1:colcon.colcon_core.package_identification:_identify(src/ugv_else/vizanti/vizanti_cpp) by extension 'ros'
[1.648s] DEBUG:colcon.colcon_core.package_identification:Package 'src/ugv_else/vizanti/vizanti_cpp' with type 'ros.ament_cmake' and name 'vizanti_cpp'
[1.649s] Level 1:colcon.colcon_core.package_identification:_identify(src/ugv_else/vizanti/vizanti_demos) by extensions ['ignore', 'ignore_ament_install']
[1.649s] Level 1:colcon.colcon_core.package_identification:_identify(src/ugv_else/vizanti/vizanti_demos) by extension 'ignore'
[1.649s] Level 1:colcon.colcon_core.package_identification:_identify(src/ugv_else/vizanti/vizanti_demos) by extension 'ignore_ament_install'
[1.650s] Level 1:colcon.colcon_core.package_identification:_identify(src/ugv_else/vizanti/vizanti_demos) by extensions ['colcon_pkg']
[1.650s] Level 1:colcon.colcon_core.package_identification:_identify(src/ugv_else/vizanti/vizanti_demos) by extension 'colcon_pkg'
[1.650s] Level 1:colcon.colcon_core.package_identification:_identify(src/ugv_else/vizanti/vizanti_demos) by extensions ['colcon_meta']
[1.650s] Level 1:colcon.colcon_core.package_identification:_identify(src/ugv_else/vizanti/vizanti_demos) by extension 'colcon_meta'
[1.650s] Level 1:colcon.colcon_core.package_identification:_identify(src/ugv_else/vizanti/vizanti_demos) by extensions ['ros']
[1.650s] Level 1:colcon.colcon_core.package_identification:_identify(src/ugv_else/vizanti/vizanti_demos) by extension 'ros'
[1.655s] DEBUG:colcon.colcon_core.package_identification:Package 'src/ugv_else/vizanti/vizanti_demos' with type 'ros.ament_cmake' and name 'vizanti_demos'
[1.656s] Level 1:colcon.colcon_core.package_identification:_identify(src/ugv_else/vizanti/vizanti_msgs) by extensions ['ignore', 'ignore_ament_install']
[1.656s] Level 1:colcon.colcon_core.package_identification:_identify(src/ugv_else/vizanti/vizanti_msgs) by extension 'ignore'
[1.656s] Level 1:colcon.colcon_core.package_identification:_identify(src/ugv_else/vizanti/vizanti_msgs) by extension 'ignore_ament_install'
[1.656s] Level 1:colcon.colcon_core.package_identification:_identify(src/ugv_else/vizanti/vizanti_msgs) by extensions ['colcon_pkg']
[1.657s] Level 1:colcon.colcon_core.package_identification:_identify(src/ugv_else/vizanti/vizanti_msgs) by extension 'colcon_pkg'
[1.657s] Level 1:colcon.colcon_core.package_identification:_identify(src/ugv_else/vizanti/vizanti_msgs) by extensions ['colcon_meta']
[1.657s] Level 1:colcon.colcon_core.package_identification:_identify(src/ugv_else/vizanti/vizanti_msgs) by extension 'colcon_meta'
[1.657s] Level 1:colcon.colcon_core.package_identification:_identify(src/ugv_else/vizanti/vizanti_msgs) by extensions ['ros']
[1.657s] Level 1:colcon.colcon_core.package_identification:_identify(src/ugv_else/vizanti/vizanti_msgs) by extension 'ros'
[1.661s] DEBUG:colcon.colcon_core.package_identification:Package 'src/ugv_else/vizanti/vizanti_msgs' with type 'ros.ament_cmake' and name 'vizanti_msgs'
[1.661s] Level 1:colcon.colcon_core.package_identification:_identify(src/ugv_else/vizanti/vizanti_server) by extensions ['ignore', 'ignore_ament_install']
[1.662s] Level 1:colcon.colcon_core.package_identification:_identify(src/ugv_else/vizanti/vizanti_server) by extension 'ignore'
[1.663s] Level 1:colcon.colcon_core.package_identification:_identify(src/ugv_else/vizanti/vizanti_server) by extension 'ignore_ament_install'
[1.663s] Level 1:colcon.colcon_core.package_identification:_identify(src/ugv_else/vizanti/vizanti_server) by extensions ['colcon_pkg']
[1.663s] Level 1:colcon.colcon_core.package_identification:_identify(src/ugv_else/vizanti/vizanti_server) by extension 'colcon_pkg'
[1.663s] Level 1:colcon.colcon_core.package_identification:_identify(src/ugv_else/vizanti/vizanti_server) by extensions ['colcon_meta']
[1.663s] Level 1:colcon.colcon_core.package_identification:_identify(src/ugv_else/vizanti/vizanti_server) by extension 'colcon_meta'
[1.663s] Level 1:colcon.colcon_core.package_identification:_identify(src/ugv_else/vizanti/vizanti_server) by extensions ['ros']
[1.664s] Level 1:colcon.colcon_core.package_identification:_identify(src/ugv_else/vizanti/vizanti_server) by extension 'ros'
[1.668s] DEBUG:colcon.colcon_core.package_identification:Package 'src/ugv_else/vizanti/vizanti_server' with type 'ros.ament_cmake' and name 'vizanti_server'
[1.669s] Level 1:colcon.colcon_core.package_identification:_identify(src/ugv_main) by extensions ['ignore', 'ignore_ament_install']
[1.669s] Level 1:colcon.colcon_core.package_identification:_identify(src/ugv_main) by extension 'ignore'
[1.670s] Level 1:colcon.colcon_core.package_identification:_identify(src/ugv_main) by extension 'ignore_ament_install'
[1.670s] Level 1:colcon.colcon_core.package_identification:_identify(src/ugv_main) by extensions ['colcon_pkg']
[1.670s] Level 1:colcon.colcon_core.package_identification:_identify(src/ugv_main) by extension 'colcon_pkg'
[1.670s] Level 1:colcon.colcon_core.package_identification:_identify(src/ugv_main) by extensions ['colcon_meta']
[1.670s] Level 1:colcon.colcon_core.package_identification:_identify(src/ugv_main) by extension 'colcon_meta'
[1.670s] Level 1:colcon.colcon_core.package_identification:_identify(src/ugv_main) by extensions ['ros']
[1.671s] Level 1:colcon.colcon_core.package_identification:_identify(src/ugv_main) by extension 'ros'
[1.671s] Level 1:colcon.colcon_core.package_identification:_identify(src/ugv_main) by extensions ['cmake', 'python']
[1.671s] Level 1:colcon.colcon_core.package_identification:_identify(src/ugv_main) by extension 'cmake'
[1.671s] Level 1:colcon.colcon_core.package_identification:_identify(src/ugv_main) by extension 'python'
[1.671s] Level 1:colcon.colcon_core.package_identification:_identify(src/ugv_main) by extensions ['python_setup_py']
[1.671s] Level 1:colcon.colcon_core.package_identification:_identify(src/ugv_main) by extension 'python_setup_py'
[1.672s] Level 1:colcon.colcon_core.package_identification:_identify(src/ugv_main/ugv_base_node) by extensions ['ignore', 'ignore_ament_install']
[1.672s] Level 1:colcon.colcon_core.package_identification:_identify(src/ugv_main/ugv_base_node) by extension 'ignore'
[1.672s] Level 1:colcon.colcon_core.package_identification:_identify(src/ugv_main/ugv_base_node) by extension 'ignore_ament_install'
[1.673s] Level 1:colcon.colcon_core.package_identification:_identify(src/ugv_main/ugv_base_node) by extensions ['colcon_pkg']
[1.673s] Level 1:colcon.colcon_core.package_identification:_identify(src/ugv_main/ugv_base_node) by extension 'colcon_pkg'
[1.673s] Level 1:colcon.colcon_core.package_identification:_identify(src/ugv_main/ugv_base_node) by extensions ['colcon_meta']
[1.673s] Level 1:colcon.colcon_core.package_identification:_identify(src/ugv_main/ugv_base_node) by extension 'colcon_meta'
[1.673s] Level 1:colcon.colcon_core.package_identification:_identify(src/ugv_main/ugv_base_node) by extensions ['ros']
[1.673s] Level 1:colcon.colcon_core.package_identification:_identify(src/ugv_main/ugv_base_node) by extension 'ros'
[1.677s] DEBUG:colcon.colcon_core.package_identification:Package 'src/ugv_main/ugv_base_node' with type 'ros.ament_cmake' and name 'ugv_base_node'
[1.678s] Level 1:colcon.colcon_core.package_identification:_identify(src/ugv_main/ugv_bringup) by extensions ['ignore', 'ignore_ament_install']
[1.678s] Level 1:colcon.colcon_core.package_identification:_identify(src/ugv_main/ugv_bringup) by extension 'ignore'
[1.678s] Level 1:colcon.colcon_core.package_identification:_identify(src/ugv_main/ugv_bringup) by extension 'ignore_ament_install'
[1.679s] Level 1:colcon.colcon_core.package_identification:_identify(src/ugv_main/ugv_bringup) by extensions ['colcon_pkg']
[1.679s] Level 1:colcon.colcon_core.package_identification:_identify(src/ugv_main/ugv_bringup) by extension 'colcon_pkg'
[1.679s] Level 1:colcon.colcon_core.package_identification:_identify(src/ugv_main/ugv_bringup) by extensions ['colcon_meta']
[1.679s] Level 1:colcon.colcon_core.package_identification:_identify(src/ugv_main/ugv_bringup) by extension 'colcon_meta'
[1.679s] Level 1:colcon.colcon_core.package_identification:_identify(src/ugv_main/ugv_bringup) by extensions ['ros']
[1.679s] Level 1:colcon.colcon_core.package_identification:_identify(src/ugv_main/ugv_bringup) by extension 'ros'
[1.682s] DEBUG:colcon.colcon_core.package_identification:Package 'src/ugv_main/ugv_bringup' with type 'ros.ament_python' and name 'ugv_bringup'
[1.683s] Level 1:colcon.colcon_core.package_identification:_identify(src/ugv_main/ugv_chat_ai) by extensions ['ignore', 'ignore_ament_install']
[1.683s] Level 1:colcon.colcon_core.package_identification:_identify(src/ugv_main/ugv_chat_ai) by extension 'ignore'
[1.683s] Level 1:colcon.colcon_core.package_identification:_identify(src/ugv_main/ugv_chat_ai) by extension 'ignore_ament_install'
[1.683s] Level 1:colcon.colcon_core.package_identification:_identify(src/ugv_main/ugv_chat_ai) by extensions ['colcon_pkg']
[1.684s] Level 1:colcon.colcon_core.package_identification:_identify(src/ugv_main/ugv_chat_ai) by extension 'colcon_pkg'
[1.684s] Level 1:colcon.colcon_core.package_identification:_identify(src/ugv_main/ugv_chat_ai) by extensions ['colcon_meta']
[1.684s] Level 1:colcon.colcon_core.package_identification:_identify(src/ugv_main/ugv_chat_ai) by extension 'colcon_meta'
[1.684s] Level 1:colcon.colcon_core.package_identification:_identify(src/ugv_main/ugv_chat_ai) by extensions ['ros']
[1.684s] Level 1:colcon.colcon_core.package_identification:_identify(src/ugv_main/ugv_chat_ai) by extension 'ros'
[1.687s] DEBUG:colcon.colcon_core.package_identification:Package 'src/ugv_main/ugv_chat_ai' with type 'ros.ament_python' and name 'ugv_chat_ai'
[1.687s] Level 1:colcon.colcon_core.package_identification:_identify(src/ugv_main/ugv_description) by extensions ['ignore', 'ignore_ament_install']
[1.688s] Level 1:colcon.colcon_core.package_identification:_identify(src/ugv_main/ugv_description) by extension 'ignore'
[1.688s] Level 1:colcon.colcon_core.package_identification:_identify(src/ugv_main/ugv_description) by extension 'ignore_ament_install'
[1.688s] Level 1:colcon.colcon_core.package_identification:_identify(src/ugv_main/ugv_description) by extensions ['colcon_pkg']
[1.688s] Level 1:colcon.colcon_core.package_identification:_identify(src/ugv_main/ugv_description) by extension 'colcon_pkg'
[1.688s] Level 1:colcon.colcon_core.package_identification:_identify(src/ugv_main/ugv_description) by extensions ['colcon_meta']
[1.688s] Level 1:colcon.colcon_core.package_identification:_identify(src/ugv_main/ugv_description) by extension 'colcon_meta'
[1.689s] Level 1:colcon.colcon_core.package_identification:_identify(src/ugv_main/ugv_description) by extensions ['ros']
[1.689s] Level 1:colcon.colcon_core.package_identification:_identify(src/ugv_main/ugv_description) by extension 'ros'
[1.693s] DEBUG:colcon.colcon_core.package_identification:Package 'src/ugv_main/ugv_description' with type 'ros.ament_cmake' and name 'ugv_description'
[1.693s] Level 1:colcon.colcon_core.package_identification:_identify(src/ugv_main/ugv_gazebo) by extensions ['ignore', 'ignore_ament_install']
[1.694s] Level 1:colcon.colcon_core.package_identification:_identify(src/ugv_main/ugv_gazebo) by extension 'ignore'
[1.694s] Level 1:colcon.colcon_core.package_identification:_identify(src/ugv_main/ugv_gazebo) by extension 'ignore_ament_install'
[1.694s] Level 1:colcon.colcon_core.package_identification:_identify(src/ugv_main/ugv_gazebo) by extensions ['colcon_pkg']
[1.694s] Level 1:colcon.colcon_core.package_identification:_identify(src/ugv_main/ugv_gazebo) by extension 'colcon_pkg'
[1.694s] Level 1:colcon.colcon_core.package_identification:_identify(src/ugv_main/ugv_gazebo) by extensions ['colcon_meta']
[1.694s] Level 1:colcon.colcon_core.package_identification:_identify(src/ugv_main/ugv_gazebo) by extension 'colcon_meta'
[1.695s] Level 1:colcon.colcon_core.package_identification:_identify(src/ugv_main/ugv_gazebo) by extensions ['ros']
[1.695s] Level 1:colcon.colcon_core.package_identification:_identify(src/ugv_main/ugv_gazebo) by extension 'ros'
[1.698s] DEBUG:colcon.colcon_core.package_identification:Package 'src/ugv_main/ugv_gazebo' with type 'ros.ament_cmake' and name 'ugv_gazebo'
[1.699s] Level 1:colcon.colcon_core.package_identification:_identify(src/ugv_main/ugv_interface) by extensions ['ignore', 'ignore_ament_install']
[1.699s] Level 1:colcon.colcon_core.package_identification:_identify(src/ugv_main/ugv_interface) by extension 'ignore'
[1.699s] Level 1:colcon.colcon_core.package_identification:_identify(src/ugv_main/ugv_interface) by extension 'ignore_ament_install'
[1.700s] Level 1:colcon.colcon_core.package_identification:_identify(src/ugv_main/ugv_interface) by extensions ['colcon_pkg']
[1.700s] Level 1:colcon.colcon_core.package_identification:_identify(src/ugv_main/ugv_interface) by extension 'colcon_pkg'
[1.700s] Level 1:colcon.colcon_core.package_identification:_identify(src/ugv_main/ugv_interface) by extensions ['colcon_meta']
[1.700s] Level 1:colcon.colcon_core.package_identification:_identify(src/ugv_main/ugv_interface) by extension 'colcon_meta'
[1.700s] Level 1:colcon.colcon_core.package_identification:_identify(src/ugv_main/ugv_interface) by extensions ['ros']
[1.700s] Level 1:colcon.colcon_core.package_identification:_identify(src/ugv_main/ugv_interface) by extension 'ros'
[1.705s] DEBUG:colcon.colcon_core.package_identification:Package 'src/ugv_main/ugv_interface' with type 'ros.ament_cmake' and name 'ugv_interface'
[1.706s] Level 1:colcon.colcon_core.package_identification:_identify(src/ugv_main/ugv_nav) by extensions ['ignore', 'ignore_ament_install']
[1.706s] Level 1:colcon.colcon_core.package_identification:_identify(src/ugv_main/ugv_nav) by extension 'ignore'
[1.707s] Level 1:colcon.colcon_core.package_identification:_identify(src/ugv_main/ugv_nav) by extension 'ignore_ament_install'
[1.707s] Level 1:colcon.colcon_core.package_identification:_identify(src/ugv_main/ugv_nav) by extensions ['colcon_pkg']
[1.708s] Level 1:colcon.colcon_core.package_identification:_identify(src/ugv_main/ugv_nav) by extension 'colcon_pkg'
[1.708s] Level 1:colcon.colcon_core.package_identification:_identify(src/ugv_main/ugv_nav) by extensions ['colcon_meta']
[1.708s] Level 1:colcon.colcon_core.package_identification:_identify(src/ugv_main/ugv_nav) by extension 'colcon_meta'
[1.708s] Level 1:colcon.colcon_core.package_identification:_identify(src/ugv_main/ugv_nav) by extensions ['ros']
[1.709s] Level 1:colcon.colcon_core.package_identification:_identify(src/ugv_main/ugv_nav) by extension 'ros'
[1.712s] DEBUG:colcon.colcon_core.package_identification:Package 'src/ugv_main/ugv_nav' with type 'ros.ament_cmake' and name 'ugv_nav'
[1.713s] Level 1:colcon.colcon_core.package_identification:_identify(src/ugv_main/ugv_slam) by extensions ['ignore', 'ignore_ament_install']
[1.713s] Level 1:colcon.colcon_core.package_identification:_identify(src/ugv_main/ugv_slam) by extension 'ignore'
[1.713s] Level 1:colcon.colcon_core.package_identification:_identify(src/ugv_main/ugv_slam) by extension 'ignore_ament_install'
[1.714s] Level 1:colcon.colcon_core.package_identification:_identify(src/ugv_main/ugv_slam) by extensions ['colcon_pkg']
[1.714s] Level 1:colcon.colcon_core.package_identification:_identify(src/ugv_main/ugv_slam) by extension 'colcon_pkg'
[1.715s] Level 1:colcon.colcon_core.package_identification:_identify(src/ugv_main/ugv_slam) by extensions ['colcon_meta']
[1.715s] Level 1:colcon.colcon_core.package_identification:_identify(src/ugv_main/ugv_slam) by extension 'colcon_meta'
[1.715s] Level 1:colcon.colcon_core.package_identification:_identify(src/ugv_main/ugv_slam) by extensions ['ros']
[1.715s] Level 1:colcon.colcon_core.package_identification:_identify(src/ugv_main/ugv_slam) by extension 'ros'
[1.720s] DEBUG:colcon.colcon_core.package_identification:Package 'src/ugv_main/ugv_slam' with type 'ros.ament_cmake' and name 'ugv_slam'
[1.720s] Level 1:colcon.colcon_core.package_identification:_identify(src/ugv_main/ugv_tools) by extensions ['ignore', 'ignore_ament_install']
[1.720s] Level 1:colcon.colcon_core.package_identification:_identify(src/ugv_main/ugv_tools) by extension 'ignore'
[1.721s] Level 1:colcon.colcon_core.package_identification:_identify(src/ugv_main/ugv_tools) by extension 'ignore_ament_install'
[1.721s] Level 1:colcon.colcon_core.package_identification:_identify(src/ugv_main/ugv_tools) by extensions ['colcon_pkg']
[1.721s] Level 1:colcon.colcon_core.package_identification:_identify(src/ugv_main/ugv_tools) by extension 'colcon_pkg'
[1.721s] Level 1:colcon.colcon_core.package_identification:_identify(src/ugv_main/ugv_tools) by extensions ['colcon_meta']
[1.721s] Level 1:colcon.colcon_core.package_identification:_identify(src/ugv_main/ugv_tools) by extension 'colcon_meta'
[1.722s] Level 1:colcon.colcon_core.package_identification:_identify(src/ugv_main/ugv_tools) by extensions ['ros']
[1.722s] Level 1:colcon.colcon_core.package_identification:_identify(src/ugv_main/ugv_tools) by extension 'ros'
[1.725s] DEBUG:colcon.colcon_core.package_identification:Package 'src/ugv_main/ugv_tools' with type 'ros.ament_python' and name 'ugv_tools'
[1.726s] Level 1:colcon.colcon_core.package_identification:_identify(src/ugv_main/ugv_vision) by extensions ['ignore', 'ignore_ament_install']
[1.726s] Level 1:colcon.colcon_core.package_identification:_identify(src/ugv_main/ugv_vision) by extension 'ignore'
[1.726s] Level 1:colcon.colcon_core.package_identification:_identify(src/ugv_main/ugv_vision) by extension 'ignore_ament_install'
[1.727s] Level 1:colcon.colcon_core.package_identification:_identify(src/ugv_main/ugv_vision) by extensions ['colcon_pkg']
[1.727s] Level 1:colcon.colcon_core.package_identification:_identify(src/ugv_main/ugv_vision) by extension 'colcon_pkg'
[1.727s] Level 1:colcon.colcon_core.package_identification:_identify(src/ugv_main/ugv_vision) by extensions ['colcon_meta']
[1.727s] Level 1:colcon.colcon_core.package_identification:_identify(src/ugv_main/ugv_vision) by extension 'colcon_meta'
[1.727s] Level 1:colcon.colcon_core.package_identification:_identify(src/ugv_main/ugv_vision) by extensions ['ros']
[1.727s] Level 1:colcon.colcon_core.package_identification:_identify(src/ugv_main/ugv_vision) by extension 'ros'
[1.730s] DEBUG:colcon.colcon_core.package_identification:Package 'src/ugv_main/ugv_vision' with type 'ros.ament_python' and name 'ugv_vision'
[1.731s] Level 1:colcon.colcon_core.package_identification:_identify(src/ugv_main/ugv_web_app) by extensions ['ignore', 'ignore_ament_install']
[1.731s] Level 1:colcon.colcon_core.package_identification:_identify(src/ugv_main/ugv_web_app) by extension 'ignore'
[1.732s] Level 1:colcon.colcon_core.package_identification:_identify(src/ugv_main/ugv_web_app) by extension 'ignore_ament_install'
[1.732s] Level 1:colcon.colcon_core.package_identification:_identify(src/ugv_main/ugv_web_app) by extensions ['colcon_pkg']
[1.732s] Level 1:colcon.colcon_core.package_identification:_identify(src/ugv_main/ugv_web_app) by extension 'colcon_pkg'
[1.732s] Level 1:colcon.colcon_core.package_identification:_identify(src/ugv_main/ugv_web_app) by extensions ['colcon_meta']
[1.732s] Level 1:colcon.colcon_core.package_identification:_identify(src/ugv_main/ugv_web_app) by extension 'colcon_meta'
[1.732s] Level 1:colcon.colcon_core.package_identification:_identify(src/ugv_main/ugv_web_app) by extensions ['ros']
[1.733s] Level 1:colcon.colcon_core.package_identification:_identify(src/ugv_main/ugv_web_app) by extension 'ros'
[1.735s] DEBUG:colcon.colcon_core.package_identification:Package 'src/ugv_main/ugv_web_app' with type 'ros.ament_python' and name 'ugv_web_app'
[1.735s] Level 1:colcon.colcon_core.package_discovery:discover_packages(recursive) using defaults
[1.736s] Level 1:colcon.colcon_core.package_discovery:discover_packages(ignore) discover
[1.736s] Level 1:colcon.colcon_core.package_discovery:discover_packages(ignore) using defaults
[1.736s] Level 1:colcon.colcon_core.package_discovery:discover_packages(path) discover
[1.736s] Level 1:colcon.colcon_core.package_discovery:discover_packages(path) using defaults
[1.875s] INFO:colcon.colcon_core.package_selection:Skipping not selected package 'apriltag' in 'src/ugv_else/apriltag_ros/apriltag'
[1.876s] INFO:colcon.colcon_core.package_selection:Skipping not selected package 'apriltag_msgs' in 'src/ugv_else/apriltag_ros/apriltag_msgs'
[1.876s] INFO:colcon.colcon_core.package_selection:Skipping not selected package 'audio_utils_msgs' in 'src/ugv_else/audio_utils/audio_utils_msgs'
[1.876s] INFO:colcon.colcon_core.package_selection:Skipping not selected package 'cartographer' in 'src/ugv_else/cartographer'
[1.876s] INFO:colcon.colcon_core.package_selection:Skipping not selected package 'costmap_converter_msgs' in 'src/ugv_else/costmap_converter/costmap_converter_msgs'
[1.876s] INFO:colcon.colcon_core.package_selection:Skipping not selected package 'cv_camera' in 'src/ugv_else/cv_camera'
[1.876s] INFO:colcon.colcon_core.package_selection:Skipping not selected package 'emcl2' in 'src/ugv_else/emcl2_ros2'
[1.876s] INFO:colcon.colcon_core.package_selection:Skipping not selected package 'explore_lite' in 'src/ugv_else/explore_lite'
[1.876s] INFO:colcon.colcon_core.package_selection:Skipping not selected package 'ldlidar' in 'src/ugv_else/ldlidar'
[1.876s] INFO:colcon.colcon_core.package_selection:Skipping not selected package 'odas_ros_msgs' in 'src/ugv_else/odas_ros/odas_ros_msgs'
[1.876s] INFO:colcon.colcon_core.package_selection:Skipping not selected package 'openslam_gmapping' in 'src/ugv_else/gmapping/openslam_gmapping'
[1.877s] INFO:colcon.colcon_core.package_selection:Skipping not selected package 'opentera_protobuf_messages' in 'src/ugv_else/opentera-webrtc-ros/opentera_protobuf_messages'
[1.877s] INFO:colcon.colcon_core.package_selection:Skipping not selected package 'rf2o_laser_odometry' in 'src/ugv_else/rf2o_laser_odometry'
[1.877s] INFO:colcon.colcon_core.package_selection:Skipping not selected package 'robot_pose_publisher' in 'src/ugv_else/robot_pose_publisher'
[1.877s] INFO:colcon.colcon_core.package_selection:Skipping not selected package 'turtlebot3_beam_description' in 'src/ugv_else/opentera-webrtc-ros/turtlebot3_beam_description'
[1.877s] INFO:colcon.colcon_core.package_selection:Skipping not selected package 'ugv_base_node' in 'src/ugv_main/ugv_base_node'
[1.877s] INFO:colcon.colcon_core.package_selection:Skipping not selected package 'ugv_bringup' in 'src/ugv_main/ugv_bringup'
[1.877s] INFO:colcon.colcon_core.package_selection:Skipping not selected package 'ugv_chat_ai' in 'src/ugv_main/ugv_chat_ai'
[1.877s] INFO:colcon.colcon_core.package_selection:Skipping not selected package 'ugv_description' in 'src/ugv_main/ugv_description'
[1.877s] INFO:colcon.colcon_core.package_selection:Skipping not selected package 'ugv_gazebo' in 'src/ugv_main/ugv_gazebo'
[1.877s] INFO:colcon.colcon_core.package_selection:Skipping not selected package 'ugv_interface' in 'src/ugv_main/ugv_interface'
[1.877s] INFO:colcon.colcon_core.package_selection:Skipping not selected package 'ugv_nav' in 'src/ugv_main/ugv_nav'
[1.877s] INFO:colcon.colcon_core.package_selection:Skipping not selected package 'ugv_slam' in 'src/ugv_main/ugv_slam'
[1.878s] INFO:colcon.colcon_core.package_selection:Skipping not selected package 'ugv_tools' in 'src/ugv_main/ugv_tools'
[1.878s] INFO:colcon.colcon_core.package_selection:Skipping not selected package 'ugv_vision' in 'src/ugv_main/ugv_vision'
[1.878s] INFO:colcon.colcon_core.package_selection:Skipping not selected package 'ugv_web_app' in 'src/ugv_main/ugv_web_app'
[1.878s] INFO:colcon.colcon_core.package_selection:Skipping not selected package 'vizanti_cpp' in 'src/ugv_else/vizanti/vizanti_cpp'
[1.878s] INFO:colcon.colcon_core.package_selection:Skipping not selected package 'vizanti_msgs' in 'src/ugv_else/vizanti/vizanti_msgs'
[1.878s] INFO:colcon.colcon_core.package_selection:Skipping not selected package 'apriltag_ros' in 'src/ugv_else/apriltag_ros/apriltag_ros'
[1.878s] INFO:colcon.colcon_core.package_selection:Skipping not selected package 'audio_utils' in 'src/ugv_else/audio_utils/audio_utils'
[1.878s] INFO:colcon.colcon_core.package_selection:Skipping not selected package 'costmap_converter' in 'src/ugv_else/costmap_converter/costmap_converter'
[1.878s] INFO:colcon.colcon_core.package_selection:Skipping not selected package 'odas_ros' in 'src/ugv_else/odas_ros/odas_ros'
[1.878s] INFO:colcon.colcon_core.package_selection:Skipping not selected package 'opentera_webrtc_ros_msgs' in 'src/ugv_else/opentera-webrtc-ros/opentera_webrtc_ros_msgs'
[1.878s] INFO:colcon.colcon_core.package_selection:Skipping not selected package 'slam_gmapping' in 'src/ugv_else/gmapping/slam_gmapping'
[1.879s] INFO:colcon.colcon_core.package_selection:Skipping not selected package 'teb_msgs' in 'src/ugv_else/teb_local_planner/teb_msgs'
[1.879s] INFO:colcon.colcon_core.package_selection:Skipping not selected package 'vizanti_demos' in 'src/ugv_else/vizanti/vizanti_demos'
[1.879s] INFO:colcon.colcon_core.package_selection:Skipping not selected package 'vizanti_server' in 'src/ugv_else/vizanti/vizanti_server'
[1.879s] INFO:colcon.colcon_core.package_selection:Skipping not selected package 'face_cropping' in 'src/ugv_else/opentera-webrtc-ros/face_cropping'
[1.879s] INFO:colcon.colcon_core.package_selection:Skipping not selected package 'map_image_generator' in 'src/ugv_else/opentera-webrtc-ros/map_image_generator'
[1.879s] INFO:colcon.colcon_core.package_selection:Skipping not selected package 'opentera_client_ros' in 'src/ugv_else/opentera-webrtc-ros/opentera_client_ros'
[1.879s] INFO:colcon.colcon_core.package_selection:Skipping not selected package 'opentera_webrtc_robot_gui' in 'src/ugv_else/opentera-webrtc-ros/opentera_webrtc_robot_gui'
[1.879s] INFO:colcon.colcon_core.package_selection:Skipping not selected package 'teb_local_planner' in 'src/ugv_else/teb_local_planner/teb_local_planner'
[1.879s] INFO:colcon.colcon_core.package_selection:Skipping not selected package 'vizanti' in 'src/ugv_else/vizanti/vizanti'
[1.879s] INFO:colcon.colcon_core.package_selection:Skipping not selected package 'opentera_webrtc_demos' in 'src/ugv_else/opentera-webrtc-ros/opentera_webrtc_demos'
[1.881s] Level 5:colcon.colcon_core.verb:set package 'opentera_webrtc_ros' build argument 'cmake_args' from command line to '['-DPYTHON_EXECUTABLE=/usr/bin/python3', '-DCMAKE_BUILD_TYPE=Debug', '--no-warn-unused-cli']'
[1.881s] Level 5:colcon.colcon_core.verb:set package 'opentera_webrtc_ros' build argument 'cmake_target' from command line to 'None'
[1.881s] Level 5:colcon.colcon_core.verb:set package 'opentera_webrtc_ros' build argument 'cmake_target_skip_unavailable' from command line to 'False'
[1.881s] Level 5:colcon.colcon_core.verb:set package 'opentera_webrtc_ros' build argument 'cmake_clean_cache' from command line to 'False'
[1.881s] Level 5:colcon.colcon_core.verb:set package 'opentera_webrtc_ros' build argument 'cmake_clean_first' from command line to 'False'
[1.881s] Level 5:colcon.colcon_core.verb:set package 'opentera_webrtc_ros' build argument 'cmake_force_configure' from command line to 'False'
[1.882s] Level 5:colcon.colcon_core.verb:set package 'opentera_webrtc_ros' build argument 'ament_cmake_args' from command line to 'None'
[1.882s] Level 5:colcon.colcon_core.verb:set package 'opentera_webrtc_ros' build argument 'catkin_cmake_args' from command line to 'None'
[1.882s] Level 5:colcon.colcon_core.verb:set package 'opentera_webrtc_ros' build argument 'catkin_skip_building_tests' from command line to 'False'
[1.882s] DEBUG:colcon.colcon_core.verb:Building package 'opentera_webrtc_ros' with the following arguments: {'ament_cmake_args': None, 'build_base': '/home/ws/ugv_ws/build/opentera_webrtc_ros', 'catkin_cmake_args': None, 'catkin_skip_building_tests': False, 'cmake_args': ['-DPYTHON_EXECUTABLE=/usr/bin/python3', '-DCMAKE_BUILD_TYPE=Debug', '--no-warn-unused-cli'], 'cmake_clean_cache': False, 'cmake_clean_first': False, 'cmake_force_configure': False, 'cmake_target': None, 'cmake_target_skip_unavailable': False, 'install_base': '/home/ws/ugv_ws/install/opentera_webrtc_ros', 'merge_install': False, 'path': '/home/ws/ugv_ws/src/ugv_else/opentera-webrtc-ros/opentera_webrtc_ros', 'symlink_install': True, 'test_result_base': None}
[1.882s] INFO:colcon.colcon_core.executor:Executing jobs using 'parallel' executor
[1.886s] DEBUG:colcon.colcon_parallel_executor.executor.parallel:run_until_complete
[1.887s] INFO:colcon.colcon_ros.task.ament_cmake.build:Building ROS package in '/home/ws/ugv_ws/src/ugv_else/opentera-webrtc-ros/opentera_webrtc_ros' with build type 'ament_cmake'
[1.888s] INFO:colcon.colcon_cmake.task.cmake.build:Building CMake package in '/home/ws/ugv_ws/src/ugv_else/opentera-webrtc-ros/opentera_webrtc_ros'
[1.904s] INFO:colcon.colcon_core.plugin_system:Skipping extension 'colcon_core.shell.bat': Not used on non-Windows systems
[1.905s] INFO:colcon.colcon_core.shell:Skip shell extension 'powershell' for command environment: Not usable outside of PowerShell
[1.905s] DEBUG:colcon.colcon_core.shell:Skip shell extension 'dsv' for command environment
[2.008s] DEBUG:colcon.colcon_core.event_handler.log_command:Invoking command in '/home/ws/ugv_ws/build/opentera_webrtc_ros': CMAKE_PREFIX_PATH=/home/ws/ugv_ws/install/map_image_generator:/home/ws/ugv_ws/install/opentera_webrtc_ros_msgs:/home/ws/ugv_ws/install/odas_ros_msgs:/home/ws/ugv_ws/install/cv_camera:/home/ws/ugv_ws/install/audio_utils_msgs:/home/ws/ugv_ws/install/opentera_client_ros:/home/ws/ugv_ws/install/opentera_protobuf_messages:/home/ws/ugv_ws/install/odas_ros:/home/ws/ugv_ws/install/audio_utils:/home/ws/ugv_ws/install/vizanti:/home/ws/ugv_ws/install/vizanti_server:/home/ws/ugv_ws/install/vizanti_demos:/home/ws/ugv_ws/install/vizanti_msgs:/home/ws/ugv_ws/install/vizanti_cpp:/home/ws/ugv_ws/install/ugv_slam:/home/ws/ugv_ws/install/ugv_nav:/home/ws/ugv_ws/install/ugv_interface:/home/ws/ugv_ws/install/ugv_gazebo:/home/ws/ugv_ws/install/ugv_description:/home/ws/ugv_ws/install/ugv_base_node:/home/ws/ugv_ws/install/teb_local_planner:/home/ws/ugv_ws/install/teb_msgs:/home/ws/ugv_ws/install/slam_gmapping:/home/ws/ugv_ws/install/rf2o_laser_odometry:/home/ws/ugv_ws/install/openslam_gmapping:/home/ws/ugv_ws/install/ldlidar:/home/ws/ugv_ws/install/explore_lite:/home/ws/ugv_ws/install/emcl2:/home/ws/ugv_ws/install/costmap_converter:/home/ws/ugv_ws/install/costmap_converter_msgs:/home/ws/ugv_ws/install/cartographer:/home/ws/ugv_ws/install/apriltag_ros:/home/ws/ugv_ws/install/apriltag_msgs:/home/ws/ugv_ws/install/apriltag:/home/ws/ugv_roarm_ws/install/ugv_roarm_moveit_servo:/home/ws/ugv_roarm_ws/install/ugv_roarm_moveit_mtc_demo:/home/ws/ugv_roarm_ws/install/ugv_roarm_moveit_ikfast_plugins:/home/ws/ugv_roarm_ws/install/ugv_roarm_moveit:/home/ws/ugv_roarm_ws/install/ugv_roarm_description:/home/ws/roarm_ws/install/roarm_moveit_mtc_demo:/home/ws/roarm_ws/install/moveit_task_constructor_visualization:/home/ws/roarm_ws/install/moveit_task_constructor_capabilities:/home/ws/roarm_ws/install/moveit_task_constructor_core:/home/ws/roarm_ws/install/rviz_marker_tools:/home/ws/roarm_ws/install/roarm_moveit_cmd:/home/ws/roarm_ws/install/moveit_servo:/home/ws/roarm_ws/install/roarm_msgs:/home/ws/roarm_ws/install/roarm_moveit_servo:/home/ws/roarm_ws/install/roarm_moveit_ikfast_plugins:/home/ws/roarm_ws/install/roarm_moveit:/home/ws/roarm_ws/install/roarm_description:/home/ws/roarm_ws/install/moveit_task_constructor_msgs:/home/ws/ugv_ws/install/ugv_web_app:/home/ws/ugv_ws/install/ugv_vision:/home/ws/ugv_ws/install/ugv_tools:/home/ws/ugv_ws/install/ugv_chat_ai:/home/ws/ugv_ws/install/ugv_bringup:/home/ws/ugv_ws/install/robot_pose_publisher:/home/ws/ugv_roarm_ws/install/ugv_roarm_bringup:/home/ws/roarm_ws/install/roarm_driver:/opt/ros/humble LD_LIBRARY_PATH=/home/ws/ugv_ws/install/opentera_webrtc_ros_msgs/lib:/home/ws/ugv_ws/install/odas_ros_msgs/lib:/home/ws/ugv_ws/install/audio_utils_msgs/lib:/home/ws/ugv_ws/install/odas_ros/lib:/home/ws/ugv_ws/install/audio_utils/lib:/home/ws/ugv_ws/install/vizanti_msgs/lib:/home/ws/ugv_ws/install/ugv_interface/lib:/home/ws/ugv_ws/install/teb_local_planner/lib:/home/ws/ugv_ws/install/teb_msgs/lib:/home/ws/ugv_ws/install/openslam_gmapping/lib:/home/ws/ugv_ws/install/costmap_converter/lib:/home/ws/ugv_ws/install/costmap_converter_msgs/lib:/home/ws/ugv_ws/install/apriltag_ros/lib:/home/ws/ugv_ws/install/apriltag_msgs/lib:/home/ws/ugv_ws/install/apriltag/lib:/home/ws/ugv_roarm_ws/install/ugv_roarm_moveit_servo/lib:/home/ws/ugv_roarm_ws/install/ugv_roarm_moveit_mtc_demo/lib:/home/ws/ugv_roarm_ws/install/ugv_roarm_moveit_ikfast_plugins/lib:/home/ws/roarm_ws/install/roarm_moveit_mtc_demo/lib:/home/ws/roarm_ws/install/moveit_task_constructor_visualization/lib:/home/ws/roarm_ws/install/moveit_task_constructor_capabilities/lib:/home/ws/roarm_ws/install/moveit_task_constructor_core/lib:/home/ws/roarm_ws/install/rviz_marker_tools/lib:/home/ws/roarm_ws/install/moveit_servo/lib:/home/ws/roarm_ws/install/roarm_msgs/lib:/home/ws/roarm_ws/install/roarm_moveit_servo/lib:/home/ws/roarm_ws/install/roarm_moveit_ikfast_plugins/lib:/home/ws/roarm_ws/install/moveit_task_constructor_msgs/lib:/opt/ros/humble/opt/rviz_ogre_vendor/lib:/opt/ros/humble/lib/aarch64-linux-gnu:/opt/ros/humble/lib /usr/bin/cmake --build /home/ws/ugv_ws/build/opentera_webrtc_ros -- -j4 -l4
[230.795s] DEBUG:colcon.colcon_core.event_handler.log_command:Invoked command in '/home/ws/ugv_ws/build/opentera_webrtc_ros' returned '0': CMAKE_PREFIX_PATH=/home/ws/ugv_ws/install/map_image_generator:/home/ws/ugv_ws/install/opentera_webrtc_ros_msgs:/home/ws/ugv_ws/install/odas_ros_msgs:/home/ws/ugv_ws/install/cv_camera:/home/ws/ugv_ws/install/audio_utils_msgs:/home/ws/ugv_ws/install/opentera_client_ros:/home/ws/ugv_ws/install/opentera_protobuf_messages:/home/ws/ugv_ws/install/odas_ros:/home/ws/ugv_ws/install/audio_utils:/home/ws/ugv_ws/install/vizanti:/home/ws/ugv_ws/install/vizanti_server:/home/ws/ugv_ws/install/vizanti_demos:/home/ws/ugv_ws/install/vizanti_msgs:/home/ws/ugv_ws/install/vizanti_cpp:/home/ws/ugv_ws/install/ugv_slam:/home/ws/ugv_ws/install/ugv_nav:/home/ws/ugv_ws/install/ugv_interface:/home/ws/ugv_ws/install/ugv_gazebo:/home/ws/ugv_ws/install/ugv_description:/home/ws/ugv_ws/install/ugv_base_node:/home/ws/ugv_ws/install/teb_local_planner:/home/ws/ugv_ws/install/teb_msgs:/home/ws/ugv_ws/install/slam_gmapping:/home/ws/ugv_ws/install/rf2o_laser_odometry:/home/ws/ugv_ws/install/openslam_gmapping:/home/ws/ugv_ws/install/ldlidar:/home/ws/ugv_ws/install/explore_lite:/home/ws/ugv_ws/install/emcl2:/home/ws/ugv_ws/install/costmap_converter:/home/ws/ugv_ws/install/costmap_converter_msgs:/home/ws/ugv_ws/install/cartographer:/home/ws/ugv_ws/install/apriltag_ros:/home/ws/ugv_ws/install/apriltag_msgs:/home/ws/ugv_ws/install/apriltag:/home/ws/ugv_roarm_ws/install/ugv_roarm_moveit_servo:/home/ws/ugv_roarm_ws/install/ugv_roarm_moveit_mtc_demo:/home/ws/ugv_roarm_ws/install/ugv_roarm_moveit_ikfast_plugins:/home/ws/ugv_roarm_ws/install/ugv_roarm_moveit:/home/ws/ugv_roarm_ws/install/ugv_roarm_description:/home/ws/roarm_ws/install/roarm_moveit_mtc_demo:/home/ws/roarm_ws/install/moveit_task_constructor_visualization:/home/ws/roarm_ws/install/moveit_task_constructor_capabilities:/home/ws/roarm_ws/install/moveit_task_constructor_core:/home/ws/roarm_ws/install/rviz_marker_tools:/home/ws/roarm_ws/install/roarm_moveit_cmd:/home/ws/roarm_ws/install/moveit_servo:/home/ws/roarm_ws/install/roarm_msgs:/home/ws/roarm_ws/install/roarm_moveit_servo:/home/ws/roarm_ws/install/roarm_moveit_ikfast_plugins:/home/ws/roarm_ws/install/roarm_moveit:/home/ws/roarm_ws/install/roarm_description:/home/ws/roarm_ws/install/moveit_task_constructor_msgs:/home/ws/ugv_ws/install/ugv_web_app:/home/ws/ugv_ws/install/ugv_vision:/home/ws/ugv_ws/install/ugv_tools:/home/ws/ugv_ws/install/ugv_chat_ai:/home/ws/ugv_ws/install/ugv_bringup:/home/ws/ugv_ws/install/robot_pose_publisher:/home/ws/ugv_roarm_ws/install/ugv_roarm_bringup:/home/ws/roarm_ws/install/roarm_driver:/opt/ros/humble LD_LIBRARY_PATH=/home/ws/ugv_ws/install/opentera_webrtc_ros_msgs/lib:/home/ws/ugv_ws/install/odas_ros_msgs/lib:/home/ws/ugv_ws/install/audio_utils_msgs/lib:/home/ws/ugv_ws/install/odas_ros/lib:/home/ws/ugv_ws/install/audio_utils/lib:/home/ws/ugv_ws/install/vizanti_msgs/lib:/home/ws/ugv_ws/install/ugv_interface/lib:/home/ws/ugv_ws/install/teb_local_planner/lib:/home/ws/ugv_ws/install/teb_msgs/lib:/home/ws/ugv_ws/install/openslam_gmapping/lib:/home/ws/ugv_ws/install/costmap_converter/lib:/home/ws/ugv_ws/install/costmap_converter_msgs/lib:/home/ws/ugv_ws/install/apriltag_ros/lib:/home/ws/ugv_ws/install/apriltag_msgs/lib:/home/ws/ugv_ws/install/apriltag/lib:/home/ws/ugv_roarm_ws/install/ugv_roarm_moveit_servo/lib:/home/ws/ugv_roarm_ws/install/ugv_roarm_moveit_mtc_demo/lib:/home/ws/ugv_roarm_ws/install/ugv_roarm_moveit_ikfast_plugins/lib:/home/ws/roarm_ws/install/roarm_moveit_mtc_demo/lib:/home/ws/roarm_ws/install/moveit_task_constructor_visualization/lib:/home/ws/roarm_ws/install/moveit_task_constructor_capabilities/lib:/home/ws/roarm_ws/install/moveit_task_constructor_core/lib:/home/ws/roarm_ws/install/rviz_marker_tools/lib:/home/ws/roarm_ws/install/moveit_servo/lib:/home/ws/roarm_ws/install/roarm_msgs/lib:/home/ws/roarm_ws/install/roarm_moveit_servo/lib:/home/ws/roarm_ws/install/roarm_moveit_ikfast_plugins/lib:/home/ws/roarm_ws/install/moveit_task_constructor_msgs/lib:/opt/ros/humble/opt/rviz_ogre_vendor/lib:/opt/ros/humble/lib/aarch64-linux-gnu:/opt/ros/humble/lib /usr/bin/cmake --build /home/ws/ugv_ws/build/opentera_webrtc_ros -- -j4 -l4
[231.101s] DEBUG:colcon.colcon_core.event_handler.log_command:Invoking command in '/home/ws/ugv_ws/build/opentera_webrtc_ros': CMAKE_PREFIX_PATH=/home/ws/ugv_ws/install/map_image_generator:/home/ws/ugv_ws/install/opentera_webrtc_ros_msgs:/home/ws/ugv_ws/install/odas_ros_msgs:/home/ws/ugv_ws/install/cv_camera:/home/ws/ugv_ws/install/audio_utils_msgs:/home/ws/ugv_ws/install/opentera_client_ros:/home/ws/ugv_ws/install/opentera_protobuf_messages:/home/ws/ugv_ws/install/odas_ros:/home/ws/ugv_ws/install/audio_utils:/home/ws/ugv_ws/install/vizanti:/home/ws/ugv_ws/install/vizanti_server:/home/ws/ugv_ws/install/vizanti_demos:/home/ws/ugv_ws/install/vizanti_msgs:/home/ws/ugv_ws/install/vizanti_cpp:/home/ws/ugv_ws/install/ugv_slam:/home/ws/ugv_ws/install/ugv_nav:/home/ws/ugv_ws/install/ugv_interface:/home/ws/ugv_ws/install/ugv_gazebo:/home/ws/ugv_ws/install/ugv_description:/home/ws/ugv_ws/install/ugv_base_node:/home/ws/ugv_ws/install/teb_local_planner:/home/ws/ugv_ws/install/teb_msgs:/home/ws/ugv_ws/install/slam_gmapping:/home/ws/ugv_ws/install/rf2o_laser_odometry:/home/ws/ugv_ws/install/openslam_gmapping:/home/ws/ugv_ws/install/ldlidar:/home/ws/ugv_ws/install/explore_lite:/home/ws/ugv_ws/install/emcl2:/home/ws/ugv_ws/install/costmap_converter:/home/ws/ugv_ws/install/costmap_converter_msgs:/home/ws/ugv_ws/install/cartographer:/home/ws/ugv_ws/install/apriltag_ros:/home/ws/ugv_ws/install/apriltag_msgs:/home/ws/ugv_ws/install/apriltag:/home/ws/ugv_roarm_ws/install/ugv_roarm_moveit_servo:/home/ws/ugv_roarm_ws/install/ugv_roarm_moveit_mtc_demo:/home/ws/ugv_roarm_ws/install/ugv_roarm_moveit_ikfast_plugins:/home/ws/ugv_roarm_ws/install/ugv_roarm_moveit:/home/ws/ugv_roarm_ws/install/ugv_roarm_description:/home/ws/roarm_ws/install/roarm_moveit_mtc_demo:/home/ws/roarm_ws/install/moveit_task_constructor_visualization:/home/ws/roarm_ws/install/moveit_task_constructor_capabilities:/home/ws/roarm_ws/install/moveit_task_constructor_core:/home/ws/roarm_ws/install/rviz_marker_tools:/home/ws/roarm_ws/install/roarm_moveit_cmd:/home/ws/roarm_ws/install/moveit_servo:/home/ws/roarm_ws/install/roarm_msgs:/home/ws/roarm_ws/install/roarm_moveit_servo:/home/ws/roarm_ws/install/roarm_moveit_ikfast_plugins:/home/ws/roarm_ws/install/roarm_moveit:/home/ws/roarm_ws/install/roarm_description:/home/ws/roarm_ws/install/moveit_task_constructor_msgs:/home/ws/ugv_ws/install/ugv_web_app:/home/ws/ugv_ws/install/ugv_vision:/home/ws/ugv_ws/install/ugv_tools:/home/ws/ugv_ws/install/ugv_chat_ai:/home/ws/ugv_ws/install/ugv_bringup:/home/ws/ugv_ws/install/robot_pose_publisher:/home/ws/ugv_roarm_ws/install/ugv_roarm_bringup:/home/ws/roarm_ws/install/roarm_driver:/opt/ros/humble LD_LIBRARY_PATH=/home/ws/ugv_ws/install/opentera_webrtc_ros_msgs/lib:/home/ws/ugv_ws/install/odas_ros_msgs/lib:/home/ws/ugv_ws/install/audio_utils_msgs/lib:/home/ws/ugv_ws/install/odas_ros/lib:/home/ws/ugv_ws/install/audio_utils/lib:/home/ws/ugv_ws/install/vizanti_msgs/lib:/home/ws/ugv_ws/install/ugv_interface/lib:/home/ws/ugv_ws/install/teb_local_planner/lib:/home/ws/ugv_ws/install/teb_msgs/lib:/home/ws/ugv_ws/install/openslam_gmapping/lib:/home/ws/ugv_ws/install/costmap_converter/lib:/home/ws/ugv_ws/install/costmap_converter_msgs/lib:/home/ws/ugv_ws/install/apriltag_ros/lib:/home/ws/ugv_ws/install/apriltag_msgs/lib:/home/ws/ugv_ws/install/apriltag/lib:/home/ws/ugv_roarm_ws/install/ugv_roarm_moveit_servo/lib:/home/ws/ugv_roarm_ws/install/ugv_roarm_moveit_mtc_demo/lib:/home/ws/ugv_roarm_ws/install/ugv_roarm_moveit_ikfast_plugins/lib:/home/ws/roarm_ws/install/roarm_moveit_mtc_demo/lib:/home/ws/roarm_ws/install/moveit_task_constructor_visualization/lib:/home/ws/roarm_ws/install/moveit_task_constructor_capabilities/lib:/home/ws/roarm_ws/install/moveit_task_constructor_core/lib:/home/ws/roarm_ws/install/rviz_marker_tools/lib:/home/ws/roarm_ws/install/moveit_servo/lib:/home/ws/roarm_ws/install/roarm_msgs/lib:/home/ws/roarm_ws/install/roarm_moveit_servo/lib:/home/ws/roarm_ws/install/roarm_moveit_ikfast_plugins/lib:/home/ws/roarm_ws/install/moveit_task_constructor_msgs/lib:/opt/ros/humble/opt/rviz_ogre_vendor/lib:/opt/ros/humble/lib/aarch64-linux-gnu:/opt/ros/humble/lib /usr/bin/cmake --install /home/ws/ugv_ws/build/opentera_webrtc_ros
[270.857s] Level 1:colcon.colcon_core.environment:create_environment_scripts_only(opentera_webrtc_ros)
[270.859s] DEBUG:colcon.colcon_core.event_handler.log_command:Invoked command in '/home/ws/ugv_ws/build/opentera_webrtc_ros' returned '0': CMAKE_PREFIX_PATH=/home/ws/ugv_ws/install/map_image_generator:/home/ws/ugv_ws/install/opentera_webrtc_ros_msgs:/home/ws/ugv_ws/install/odas_ros_msgs:/home/ws/ugv_ws/install/cv_camera:/home/ws/ugv_ws/install/audio_utils_msgs:/home/ws/ugv_ws/install/opentera_client_ros:/home/ws/ugv_ws/install/opentera_protobuf_messages:/home/ws/ugv_ws/install/odas_ros:/home/ws/ugv_ws/install/audio_utils:/home/ws/ugv_ws/install/vizanti:/home/ws/ugv_ws/install/vizanti_server:/home/ws/ugv_ws/install/vizanti_demos:/home/ws/ugv_ws/install/vizanti_msgs:/home/ws/ugv_ws/install/vizanti_cpp:/home/ws/ugv_ws/install/ugv_slam:/home/ws/ugv_ws/install/ugv_nav:/home/ws/ugv_ws/install/ugv_interface:/home/ws/ugv_ws/install/ugv_gazebo:/home/ws/ugv_ws/install/ugv_description:/home/ws/ugv_ws/install/ugv_base_node:/home/ws/ugv_ws/install/teb_local_planner:/home/ws/ugv_ws/install/teb_msgs:/home/ws/ugv_ws/install/slam_gmapping:/home/ws/ugv_ws/install/rf2o_laser_odometry:/home/ws/ugv_ws/install/openslam_gmapping:/home/ws/ugv_ws/install/ldlidar:/home/ws/ugv_ws/install/explore_lite:/home/ws/ugv_ws/install/emcl2:/home/ws/ugv_ws/install/costmap_converter:/home/ws/ugv_ws/install/costmap_converter_msgs:/home/ws/ugv_ws/install/cartographer:/home/ws/ugv_ws/install/apriltag_ros:/home/ws/ugv_ws/install/apriltag_msgs:/home/ws/ugv_ws/install/apriltag:/home/ws/ugv_roarm_ws/install/ugv_roarm_moveit_servo:/home/ws/ugv_roarm_ws/install/ugv_roarm_moveit_mtc_demo:/home/ws/ugv_roarm_ws/install/ugv_roarm_moveit_ikfast_plugins:/home/ws/ugv_roarm_ws/install/ugv_roarm_moveit:/home/ws/ugv_roarm_ws/install/ugv_roarm_description:/home/ws/roarm_ws/install/roarm_moveit_mtc_demo:/home/ws/roarm_ws/install/moveit_task_constructor_visualization:/home/ws/roarm_ws/install/moveit_task_constructor_capabilities:/home/ws/roarm_ws/install/moveit_task_constructor_core:/home/ws/roarm_ws/install/rviz_marker_tools:/home/ws/roarm_ws/install/roarm_moveit_cmd:/home/ws/roarm_ws/install/moveit_servo:/home/ws/roarm_ws/install/roarm_msgs:/home/ws/roarm_ws/install/roarm_moveit_servo:/home/ws/roarm_ws/install/roarm_moveit_ikfast_plugins:/home/ws/roarm_ws/install/roarm_moveit:/home/ws/roarm_ws/install/roarm_description:/home/ws/roarm_ws/install/moveit_task_constructor_msgs:/home/ws/ugv_ws/install/ugv_web_app:/home/ws/ugv_ws/install/ugv_vision:/home/ws/ugv_ws/install/ugv_tools:/home/ws/ugv_ws/install/ugv_chat_ai:/home/ws/ugv_ws/install/ugv_bringup:/home/ws/ugv_ws/install/robot_pose_publisher:/home/ws/ugv_roarm_ws/install/ugv_roarm_bringup:/home/ws/roarm_ws/install/roarm_driver:/opt/ros/humble LD_LIBRARY_PATH=/home/ws/ugv_ws/install/opentera_webrtc_ros_msgs/lib:/home/ws/ugv_ws/install/odas_ros_msgs/lib:/home/ws/ugv_ws/install/audio_utils_msgs/lib:/home/ws/ugv_ws/install/odas_ros/lib:/home/ws/ugv_ws/install/audio_utils/lib:/home/ws/ugv_ws/install/vizanti_msgs/lib:/home/ws/ugv_ws/install/ugv_interface/lib:/home/ws/ugv_ws/install/teb_local_planner/lib:/home/ws/ugv_ws/install/teb_msgs/lib:/home/ws/ugv_ws/install/openslam_gmapping/lib:/home/ws/ugv_ws/install/costmap_converter/lib:/home/ws/ugv_ws/install/costmap_converter_msgs/lib:/home/ws/ugv_ws/install/apriltag_ros/lib:/home/ws/ugv_ws/install/apriltag_msgs/lib:/home/ws/ugv_ws/install/apriltag/lib:/home/ws/ugv_roarm_ws/install/ugv_roarm_moveit_servo/lib:/home/ws/ugv_roarm_ws/install/ugv_roarm_moveit_mtc_demo/lib:/home/ws/ugv_roarm_ws/install/ugv_roarm_moveit_ikfast_plugins/lib:/home/ws/roarm_ws/install/roarm_moveit_mtc_demo/lib:/home/ws/roarm_ws/install/moveit_task_constructor_visualization/lib:/home/ws/roarm_ws/install/moveit_task_constructor_capabilities/lib:/home/ws/roarm_ws/install/moveit_task_constructor_core/lib:/home/ws/roarm_ws/install/rviz_marker_tools/lib:/home/ws/roarm_ws/install/moveit_servo/lib:/home/ws/roarm_ws/install/roarm_msgs/lib:/home/ws/roarm_ws/install/roarm_moveit_servo/lib:/home/ws/roarm_ws/install/roarm_moveit_ikfast_plugins/lib:/home/ws/roarm_ws/install/moveit_task_constructor_msgs/lib:/opt/ros/humble/opt/rviz_ogre_vendor/lib:/opt/ros/humble/lib/aarch64-linux-gnu:/opt/ros/humble/lib /usr/bin/cmake --install /home/ws/ugv_ws/build/opentera_webrtc_ros
[278.863s] Level 1:colcon.colcon_core.environment:checking '/home/ws/ugv_ws/install/opentera_webrtc_ros' for CMake module files
[278.942s] Level 1:colcon.colcon_core.environment:checking '/home/ws/ugv_ws/install/opentera_webrtc_ros' for CMake config files
[278.947s] Level 1:colcon.colcon_core.shell:create_environment_hook('opentera_webrtc_ros', 'cmake_prefix_path')
[278.950s] INFO:colcon.colcon_core.shell:Creating environment hook '/home/ws/ugv_ws/install/opentera_webrtc_ros/share/opentera_webrtc_ros/hook/cmake_prefix_path.ps1'
[278.995s] INFO:colcon.colcon_core.shell:Creating environment descriptor '/home/ws/ugv_ws/install/opentera_webrtc_ros/share/opentera_webrtc_ros/hook/cmake_prefix_path.dsv'
[279.017s] INFO:colcon.colcon_core.shell:Creating environment hook '/home/ws/ugv_ws/install/opentera_webrtc_ros/share/opentera_webrtc_ros/hook/cmake_prefix_path.sh'
[279.293s] Level 1:colcon.colcon_core.environment:checking '/home/ws/ugv_ws/install/opentera_webrtc_ros/lib'
[279.296s] Level 1:colcon.colcon_core.shell:create_environment_hook('opentera_webrtc_ros', 'ld_library_path_lib')
[279.298s] INFO:colcon.colcon_core.shell:Creating environment hook '/home/ws/ugv_ws/install/opentera_webrtc_ros/share/opentera_webrtc_ros/hook/ld_library_path_lib.ps1'
[279.301s] INFO:colcon.colcon_core.shell:Creating environment descriptor '/home/ws/ugv_ws/install/opentera_webrtc_ros/share/opentera_webrtc_ros/hook/ld_library_path_lib.dsv'
[279.303s] INFO:colcon.colcon_core.shell:Creating environment hook '/home/ws/ugv_ws/install/opentera_webrtc_ros/share/opentera_webrtc_ros/hook/ld_library_path_lib.sh'
[279.305s] Level 1:colcon.colcon_core.environment:checking '/home/ws/ugv_ws/install/opentera_webrtc_ros/bin'
[279.306s] Level 1:colcon.colcon_core.shell:create_environment_hook('opentera_webrtc_ros', 'path')
[279.308s] INFO:colcon.colcon_core.shell:Creating environment hook '/home/ws/ugv_ws/install/opentera_webrtc_ros/share/opentera_webrtc_ros/hook/path.ps1'
[279.311s] INFO:colcon.colcon_core.shell:Creating environment descriptor '/home/ws/ugv_ws/install/opentera_webrtc_ros/share/opentera_webrtc_ros/hook/path.dsv'
[279.313s] INFO:colcon.colcon_core.shell:Creating environment hook '/home/ws/ugv_ws/install/opentera_webrtc_ros/share/opentera_webrtc_ros/hook/path.sh'
[279.316s] Level 1:colcon.colcon_core.environment:checking '/home/ws/ugv_ws/install/opentera_webrtc_ros/lib/pkgconfig/opentera_webrtc_ros.pc'
[279.331s] Level 1:colcon.colcon_core.environment:checking '/home/ws/ugv_ws/install/opentera_webrtc_ros/lib/python3.10/site-packages'
[279.333s] Level 1:colcon.colcon_core.environment:checking '/home/ws/ugv_ws/install/opentera_webrtc_ros/bin'
[279.333s] Level 1:colcon.colcon_core.shell:create_environment_hook('opentera_webrtc_ros', 'pythonscriptspath')
[279.335s] INFO:colcon.colcon_core.shell:Creating environment hook '/home/ws/ugv_ws/install/opentera_webrtc_ros/share/opentera_webrtc_ros/hook/pythonscriptspath.ps1'
[279.337s] INFO:colcon.colcon_core.shell:Creating environment descriptor '/home/ws/ugv_ws/install/opentera_webrtc_ros/share/opentera_webrtc_ros/hook/pythonscriptspath.dsv'
[279.338s] INFO:colcon.colcon_core.shell:Creating environment hook '/home/ws/ugv_ws/install/opentera_webrtc_ros/share/opentera_webrtc_ros/hook/pythonscriptspath.sh'
[279.342s] INFO:colcon.colcon_core.shell:Creating package script '/home/ws/ugv_ws/install/opentera_webrtc_ros/share/opentera_webrtc_ros/package.ps1'
[282.443s] INFO:colcon.colcon_core.shell:Creating package descriptor '/home/ws/ugv_ws/install/opentera_webrtc_ros/share/opentera_webrtc_ros/package.dsv'
[282.449s] INFO:colcon.colcon_core.shell:Creating package script '/home/ws/ugv_ws/install/opentera_webrtc_ros/share/opentera_webrtc_ros/package.sh'
[282.453s] INFO:colcon.colcon_core.shell:Creating package script '/home/ws/ugv_ws/install/opentera_webrtc_ros/share/opentera_webrtc_ros/package.bash'
[282.459s] INFO:colcon.colcon_core.shell:Creating package script '/home/ws/ugv_ws/install/opentera_webrtc_ros/share/opentera_webrtc_ros/package.zsh'
[282.465s] Level 1:colcon.colcon_core.environment:create_file_with_runtime_dependencies(/home/ws/ugv_ws/install/opentera_webrtc_ros/share/colcon-core/packages/opentera_webrtc_ros)
[282.661s] Level 1:colcon.colcon_core.environment:create_environment_scripts_only(opentera_webrtc_ros)
[282.662s] Level 1:colcon.colcon_core.environment:checking '/home/ws/ugv_ws/install/opentera_webrtc_ros' for CMake module files
[282.664s] Level 1:colcon.colcon_core.environment:checking '/home/ws/ugv_ws/install/opentera_webrtc_ros' for CMake config files
[282.667s] Level 1:colcon.colcon_core.shell:create_environment_hook('opentera_webrtc_ros', 'cmake_prefix_path')
[282.670s] INFO:colcon.colcon_core.shell:Creating environment hook '/home/ws/ugv_ws/install/opentera_webrtc_ros/share/opentera_webrtc_ros/hook/cmake_prefix_path.ps1'
[282.673s] INFO:colcon.colcon_core.shell:Creating environment descriptor '/home/ws/ugv_ws/install/opentera_webrtc_ros/share/opentera_webrtc_ros/hook/cmake_prefix_path.dsv'
[282.677s] INFO:colcon.colcon_core.shell:Creating environment hook '/home/ws/ugv_ws/install/opentera_webrtc_ros/share/opentera_webrtc_ros/hook/cmake_prefix_path.sh'
[282.681s] Level 1:colcon.colcon_core.environment:checking '/home/ws/ugv_ws/install/opentera_webrtc_ros/lib'
[282.682s] Level 1:colcon.colcon_core.shell:create_environment_hook('opentera_webrtc_ros', 'ld_library_path_lib')
[282.683s] INFO:colcon.colcon_core.shell:Creating environment hook '/home/ws/ugv_ws/install/opentera_webrtc_ros/share/opentera_webrtc_ros/hook/ld_library_path_lib.ps1'
[282.684s] INFO:colcon.colcon_core.shell:Creating environment descriptor '/home/ws/ugv_ws/install/opentera_webrtc_ros/share/opentera_webrtc_ros/hook/ld_library_path_lib.dsv'
[282.688s] INFO:colcon.colcon_core.shell:Creating environment hook '/home/ws/ugv_ws/install/opentera_webrtc_ros/share/opentera_webrtc_ros/hook/ld_library_path_lib.sh'
[282.692s] Level 1:colcon.colcon_core.environment:checking '/home/ws/ugv_ws/install/opentera_webrtc_ros/bin'
[282.692s] Level 1:colcon.colcon_core.shell:create_environment_hook('opentera_webrtc_ros', 'path')
[282.693s] INFO:colcon.colcon_core.shell:Creating environment hook '/home/ws/ugv_ws/install/opentera_webrtc_ros/share/opentera_webrtc_ros/hook/path.ps1'
[282.696s] INFO:colcon.colcon_core.shell:Creating environment descriptor '/home/ws/ugv_ws/install/opentera_webrtc_ros/share/opentera_webrtc_ros/hook/path.dsv'
[282.699s] INFO:colcon.colcon_core.shell:Creating environment hook '/home/ws/ugv_ws/install/opentera_webrtc_ros/share/opentera_webrtc_ros/hook/path.sh'
[282.703s] Level 1:colcon.colcon_core.environment:checking '/home/ws/ugv_ws/install/opentera_webrtc_ros/lib/pkgconfig/opentera_webrtc_ros.pc'
[282.704s] Level 1:colcon.colcon_core.environment:checking '/home/ws/ugv_ws/install/opentera_webrtc_ros/lib/python3.10/site-packages'
[282.705s] Level 1:colcon.colcon_core.environment:checking '/home/ws/ugv_ws/install/opentera_webrtc_ros/bin'
[282.705s] Level 1:colcon.colcon_core.shell:create_environment_hook('opentera_webrtc_ros', 'pythonscriptspath')
[282.706s] INFO:colcon.colcon_core.shell:Creating environment hook '/home/ws/ugv_ws/install/opentera_webrtc_ros/share/opentera_webrtc_ros/hook/pythonscriptspath.ps1'
[282.708s] INFO:colcon.colcon_core.shell:Creating environment descriptor '/home/ws/ugv_ws/install/opentera_webrtc_ros/share/opentera_webrtc_ros/hook/pythonscriptspath.dsv'
[282.712s] INFO:colcon.colcon_core.shell:Creating environment hook '/home/ws/ugv_ws/install/opentera_webrtc_ros/share/opentera_webrtc_ros/hook/pythonscriptspath.sh'
[282.716s] INFO:colcon.colcon_core.shell:Creating package script '/home/ws/ugv_ws/install/opentera_webrtc_ros/share/opentera_webrtc_ros/package.ps1'
[282.723s] INFO:colcon.colcon_core.shell:Creating package descriptor '/home/ws/ugv_ws/install/opentera_webrtc_ros/share/opentera_webrtc_ros/package.dsv'
[282.734s] INFO:colcon.colcon_core.shell:Creating package script '/home/ws/ugv_ws/install/opentera_webrtc_ros/share/opentera_webrtc_ros/package.sh'
[282.739s] INFO:colcon.colcon_core.shell:Creating package script '/home/ws/ugv_ws/install/opentera_webrtc_ros/share/opentera_webrtc_ros/package.bash'
[282.740s] INFO:colcon.colcon_core.shell:Creating package script '/home/ws/ugv_ws/install/opentera_webrtc_ros/share/opentera_webrtc_ros/package.zsh'
[282.742s] Level 1:colcon.colcon_core.environment:create_file_with_runtime_dependencies(/home/ws/ugv_ws/install/opentera_webrtc_ros/share/colcon-core/packages/opentera_webrtc_ros)
[282.746s] DEBUG:colcon.colcon_parallel_executor.executor.parallel:closing loop
[282.748s] DEBUG:colcon.colcon_parallel_executor.executor.parallel:loop closed
[282.748s] DEBUG:colcon.colcon_parallel_executor.executor.parallel:run_until_complete finished with '0'
[282.748s] DEBUG:colcon.colcon_core.event_reactor:joining thread
[282.790s] INFO:colcon.colcon_core.plugin_system:Skipping extension 'colcon_notification.desktop_notification.terminal_notifier': Not used on non-Darwin systems
[282.791s] INFO:colcon.colcon_core.plugin_system:Skipping extension 'colcon_notification.desktop_notification.win32': Not used on non-Windows systems
[282.791s] INFO:colcon.colcon_notification.desktop_notification:Sending desktop notification using 'notify2'
[282.799s] DEBUG:colcon.colcon_notification.desktop_notification.notify2:Failed to initialize notify2: org.freedesktop.DBus.Error.Spawn.ExecFailed: /usr/bin/dbus-launch terminated abnormally without any error message
[282.800s] DEBUG:colcon.colcon_core.event_reactor:joined thread
[282.802s] INFO:colcon.colcon_core.shell:Creating prefix script '/home/ws/ugv_ws/install/local_setup.ps1'
[282.806s] INFO:colcon.colcon_core.shell:Creating prefix util module '/home/ws/ugv_ws/install/_local_setup_util_ps1.py'
[282.812s] INFO:colcon.colcon_core.shell:Creating prefix chain script '/home/ws/ugv_ws/install/setup.ps1'
[282.824s] INFO:colcon.colcon_core.shell:Creating prefix script '/home/ws/ugv_ws/install/local_setup.sh'
[282.827s] INFO:colcon.colcon_core.shell:Creating prefix util module '/home/ws/ugv_ws/install/_local_setup_util_sh.py'
[282.829s] INFO:colcon.colcon_core.shell:Creating prefix chain script '/home/ws/ugv_ws/install/setup.sh'
[282.841s] INFO:colcon.colcon_core.shell:Creating prefix script '/home/ws/ugv_ws/install/local_setup.bash'
[282.843s] INFO:colcon.colcon_core.shell:Creating prefix chain script '/home/ws/ugv_ws/install/setup.bash'
[282.856s] INFO:colcon.colcon_core.shell:Creating prefix script '/home/ws/ugv_ws/install/local_setup.zsh'
[282.858s] INFO:colcon.colcon_core.shell:Creating prefix chain script '/home/ws/ugv_ws/install/setup.zsh'
