[0.155s] DEBUG:colcon:Command line arguments: ['/usr/bin/colcon', 'build', '--packages-select', 'apriltag', 'apriltag_msgs', 'apriltag_ros', 'cartographer', 'costmap_converter_msgs', 'costmap_converter', 'emcl2', 'explore_lite', 'openslam_gmapping', 'slam_gmapping', 'ldlidar', 'rf2o_laser_odometry', 'robot_pose_publisher', 'teb_msgs', 'teb_local_planner', 'vizanti', 'vizanti_cpp', 'vizanti_demos', 'vizanti_msgs', 'vizanti_server', 'ugv_base_node', 'ugv_interface']
[0.155s] DEBUG:colcon:Parsed command line arguments: Namespace(log_base=None, log_level=None, verb_name='build', build_base='build', install_base='install', merge_install=False, symlink_install=False, test_result_base=None, continue_on_error=False, executor='parallel', parallel_workers=4, event_handlers=None, ignore_user_meta=False, metas=['./colcon.meta'], base_paths=['.'], packages_ignore=None, packages_ignore_regex=None, paths=None, packages_up_to=None, packages_up_to_regex=None, packages_above=None, packages_above_and_dependencies=None, packages_above_depth=None, packages_select_by_dep=None, packages_skip_by_dep=None, packages_skip_up_to=None, packages_select_build_failed=False, packages_skip_build_finished=False, packages_select_test_failures=False, packages_skip_test_passed=False, packages_select=['apriltag', 'apriltag_msgs', 'apriltag_ros', 'cartographer', 'costmap_converter_msgs', 'costmap_converter', 'emcl2', 'explore_lite', 'openslam_gmapping', 'slam_gmapping', 'ldlidar', 'rf2o_laser_odometry', 'robot_pose_publisher', 'teb_msgs', 'teb_local_planner', 'vizanti', 'vizanti_cpp', 'vizanti_demos', 'vizanti_msgs', 'vizanti_server', 'ugv_base_node', 'ugv_interface'], packages_skip=None, packages_select_regex=None, packages_skip_regex=None, packages_start=None, packages_end=None, cmake_args=None, cmake_target=None, cmake_target_skip_unavailable=False, cmake_clean_cache=False, cmake_clean_first=False, cmake_force_configure=False, ament_cmake_args=None, catkin_cmake_args=None, catkin_skip_building_tests=False, mixin_files=None, mixin=None, verb_parser=<colcon_mixin.mixin.mixin_argument.MixinArgumentDecorator object at 0x7fff1b4074f0>, verb_extension=<colcon_core.verb.build.BuildVerb object at 0x7fff1b407040>, main=<bound method BuildVerb.main of <colcon_core.verb.build.BuildVerb object at 0x7fff1b407040>>, mixin_verb=('build',))
[0.341s] Level 1:colcon.colcon_core.package_discovery:discover_packages(colcon_meta) check parameters
[0.342s] INFO:colcon.colcon_metadata.package_discovery.colcon_meta:Using configuration from '/root/.colcon/metadata/default/Gazebo.meta'
[0.343s] INFO:colcon.colcon_metadata.package_discovery.colcon_meta:Using configuration from '/root/.colcon/metadata/default/fastrtps.meta'
[0.343s] Level 1:colcon.colcon_core.package_discovery:discover_packages(recursive) check parameters
[0.343s] Level 1:colcon.colcon_core.package_discovery:discover_packages(ignore) check parameters
[0.343s] Level 1:colcon.colcon_core.package_discovery:discover_packages(path) check parameters
[0.343s] Level 1:colcon.colcon_core.package_discovery:discover_packages(colcon_meta) discover
[0.343s] Level 1:colcon.colcon_core.package_discovery:discover_packages(recursive) discover
[0.343s] INFO:colcon.colcon_core.package_discovery:Crawling recursively for packages in '/home/ws/ugv_ws'
[0.343s] Level 1:colcon.colcon_core.package_identification:_identify(.) by extensions ['ignore', 'ignore_ament_install']
[0.343s] Level 1:colcon.colcon_core.package_identification:_identify(.) by extension 'ignore'
[0.343s] Level 1:colcon.colcon_core.package_identification:_identify(.) by extension 'ignore_ament_install'
[0.344s] Level 1:colcon.colcon_core.package_identification:_identify(.) by extensions ['colcon_pkg']
[0.344s] Level 1:colcon.colcon_core.package_identification:_identify(.) by extension 'colcon_pkg'
[0.344s] Level 1:colcon.colcon_core.package_identification:_identify(.) by extensions ['colcon_meta']
[0.344s] Level 1:colcon.colcon_core.package_identification:_identify(.) by extension 'colcon_meta'
[0.344s] Level 1:colcon.colcon_core.package_identification:_identify(.) by extensions ['ros']
[0.344s] Level 1:colcon.colcon_core.package_identification:_identify(.) by extension 'ros'
[0.359s] Level 1:colcon.colcon_core.package_identification:_identify(.) by extensions ['cmake', 'python']
[0.359s] Level 1:colcon.colcon_core.package_identification:_identify(.) by extension 'cmake'
[0.359s] Level 1:colcon.colcon_core.package_identification:_identify(.) by extension 'python'
[0.360s] Level 1:colcon.colcon_core.package_identification:_identify(.) by extensions ['python_setup_py']
[0.360s] Level 1:colcon.colcon_core.package_identification:_identify(.) by extension 'python_setup_py'
[0.360s] Level 1:colcon.colcon_core.package_identification:_identify(build) by extensions ['ignore', 'ignore_ament_install']
[0.360s] Level 1:colcon.colcon_core.package_identification:_identify(build) by extension 'ignore'
[0.360s] Level 1:colcon.colcon_core.package_identification:_identify(build) ignored
[0.360s] Level 1:colcon.colcon_core.package_identification:_identify(install) by extensions ['ignore', 'ignore_ament_install']
[0.360s] Level 1:colcon.colcon_core.package_identification:_identify(install) by extension 'ignore'
[0.360s] Level 1:colcon.colcon_core.package_identification:_identify(install) ignored
[0.360s] Level 1:colcon.colcon_core.package_identification:_identify(log) by extensions ['ignore', 'ignore_ament_install']
[0.360s] Level 1:colcon.colcon_core.package_identification:_identify(log) by extension 'ignore'
[0.360s] Level 1:colcon.colcon_core.package_identification:_identify(log) ignored
[0.360s] Level 1:colcon.colcon_core.package_identification:_identify(src) by extensions ['ignore', 'ignore_ament_install']
[0.361s] Level 1:colcon.colcon_core.package_identification:_identify(src) by extension 'ignore'
[0.361s] Level 1:colcon.colcon_core.package_identification:_identify(src) by extension 'ignore_ament_install'
[0.361s] Level 1:colcon.colcon_core.package_identification:_identify(src) by extensions ['colcon_pkg']
[0.361s] Level 1:colcon.colcon_core.package_identification:_identify(src) by extension 'colcon_pkg'
[0.361s] Level 1:colcon.colcon_core.package_identification:_identify(src) by extensions ['colcon_meta']
[0.361s] Level 1:colcon.colcon_core.package_identification:_identify(src) by extension 'colcon_meta'
[0.361s] Level 1:colcon.colcon_core.package_identification:_identify(src) by extensions ['ros']
[0.361s] Level 1:colcon.colcon_core.package_identification:_identify(src) by extension 'ros'
[0.361s] Level 1:colcon.colcon_core.package_identification:_identify(src) by extensions ['cmake', 'python']
[0.361s] Level 1:colcon.colcon_core.package_identification:_identify(src) by extension 'cmake'
[0.361s] Level 1:colcon.colcon_core.package_identification:_identify(src) by extension 'python'
[0.361s] Level 1:colcon.colcon_core.package_identification:_identify(src) by extensions ['python_setup_py']
[0.361s] Level 1:colcon.colcon_core.package_identification:_identify(src) by extension 'python_setup_py'
[0.361s] Level 1:colcon.colcon_core.package_identification:_identify(src/ugv_else) by extensions ['ignore', 'ignore_ament_install']
[0.361s] Level 1:colcon.colcon_core.package_identification:_identify(src/ugv_else) by extension 'ignore'
[0.361s] Level 1:colcon.colcon_core.package_identification:_identify(src/ugv_else) by extension 'ignore_ament_install'
[0.361s] Level 1:colcon.colcon_core.package_identification:_identify(src/ugv_else) by extensions ['colcon_pkg']
[0.361s] Level 1:colcon.colcon_core.package_identification:_identify(src/ugv_else) by extension 'colcon_pkg'
[0.361s] Level 1:colcon.colcon_core.package_identification:_identify(src/ugv_else) by extensions ['colcon_meta']
[0.361s] Level 1:colcon.colcon_core.package_identification:_identify(src/ugv_else) by extension 'colcon_meta'
[0.361s] Level 1:colcon.colcon_core.package_identification:_identify(src/ugv_else) by extensions ['ros']
[0.361s] Level 1:colcon.colcon_core.package_identification:_identify(src/ugv_else) by extension 'ros'
[0.361s] Level 1:colcon.colcon_core.package_identification:_identify(src/ugv_else) by extensions ['cmake', 'python']
[0.362s] Level 1:colcon.colcon_core.package_identification:_identify(src/ugv_else) by extension 'cmake'
[0.362s] Level 1:colcon.colcon_core.package_identification:_identify(src/ugv_else) by extension 'python'
[0.362s] Level 1:colcon.colcon_core.package_identification:_identify(src/ugv_else) by extensions ['python_setup_py']
[0.362s] Level 1:colcon.colcon_core.package_identification:_identify(src/ugv_else) by extension 'python_setup_py'
[0.362s] Level 1:colcon.colcon_core.package_identification:_identify(src/ugv_else/apriltag_ros) by extensions ['ignore', 'ignore_ament_install']
[0.362s] Level 1:colcon.colcon_core.package_identification:_identify(src/ugv_else/apriltag_ros) by extension 'ignore'
[0.362s] Level 1:colcon.colcon_core.package_identification:_identify(src/ugv_else/apriltag_ros) by extension 'ignore_ament_install'
[0.362s] Level 1:colcon.colcon_core.package_identification:_identify(src/ugv_else/apriltag_ros) by extensions ['colcon_pkg']
[0.362s] Level 1:colcon.colcon_core.package_identification:_identify(src/ugv_else/apriltag_ros) by extension 'colcon_pkg'
[0.362s] Level 1:colcon.colcon_core.package_identification:_identify(src/ugv_else/apriltag_ros) by extensions ['colcon_meta']
[0.362s] Level 1:colcon.colcon_core.package_identification:_identify(src/ugv_else/apriltag_ros) by extension 'colcon_meta'
[0.362s] Level 1:colcon.colcon_core.package_identification:_identify(src/ugv_else/apriltag_ros) by extensions ['ros']
[0.362s] Level 1:colcon.colcon_core.package_identification:_identify(src/ugv_else/apriltag_ros) by extension 'ros'
[0.362s] Level 1:colcon.colcon_core.package_identification:_identify(src/ugv_else/apriltag_ros) by extensions ['cmake', 'python']
[0.362s] Level 1:colcon.colcon_core.package_identification:_identify(src/ugv_else/apriltag_ros) by extension 'cmake'
[0.362s] Level 1:colcon.colcon_core.package_identification:_identify(src/ugv_else/apriltag_ros) by extension 'python'
[0.362s] Level 1:colcon.colcon_core.package_identification:_identify(src/ugv_else/apriltag_ros) by extensions ['python_setup_py']
[0.362s] Level 1:colcon.colcon_core.package_identification:_identify(src/ugv_else/apriltag_ros) by extension 'python_setup_py'
[0.362s] Level 1:colcon.colcon_core.package_identification:_identify(src/ugv_else/apriltag_ros/apriltag) by extensions ['ignore', 'ignore_ament_install']
[0.362s] Level 1:colcon.colcon_core.package_identification:_identify(src/ugv_else/apriltag_ros/apriltag) by extension 'ignore'
[0.362s] Level 1:colcon.colcon_core.package_identification:_identify(src/ugv_else/apriltag_ros/apriltag) by extension 'ignore_ament_install'
[0.362s] Level 1:colcon.colcon_core.package_identification:_identify(src/ugv_else/apriltag_ros/apriltag) by extensions ['colcon_pkg']
[0.363s] Level 1:colcon.colcon_core.package_identification:_identify(src/ugv_else/apriltag_ros/apriltag) by extension 'colcon_pkg'
[0.363s] Level 1:colcon.colcon_core.package_identification:_identify(src/ugv_else/apriltag_ros/apriltag) by extensions ['colcon_meta']
[0.363s] Level 1:colcon.colcon_core.package_identification:_identify(src/ugv_else/apriltag_ros/apriltag) by extension 'colcon_meta'
[0.363s] Level 1:colcon.colcon_core.package_identification:_identify(src/ugv_else/apriltag_ros/apriltag) by extensions ['ros']
[0.363s] Level 1:colcon.colcon_core.package_identification:_identify(src/ugv_else/apriltag_ros/apriltag) by extension 'ros'
[0.368s] DEBUG:colcon.colcon_core.package_identification:Package 'src/ugv_else/apriltag_ros/apriltag' with type 'ros.cmake' and name 'apriltag'
[0.368s] Level 1:colcon.colcon_core.package_identification:_identify(src/ugv_else/apriltag_ros/apriltag_msgs) by extensions ['ignore', 'ignore_ament_install']
[0.368s] Level 1:colcon.colcon_core.package_identification:_identify(src/ugv_else/apriltag_ros/apriltag_msgs) by extension 'ignore'
[0.368s] Level 1:colcon.colcon_core.package_identification:_identify(src/ugv_else/apriltag_ros/apriltag_msgs) by extension 'ignore_ament_install'
[0.368s] Level 1:colcon.colcon_core.package_identification:_identify(src/ugv_else/apriltag_ros/apriltag_msgs) by extensions ['colcon_pkg']
[0.368s] Level 1:colcon.colcon_core.package_identification:_identify(src/ugv_else/apriltag_ros/apriltag_msgs) by extension 'colcon_pkg'
[0.368s] Level 1:colcon.colcon_core.package_identification:_identify(src/ugv_else/apriltag_ros/apriltag_msgs) by extensions ['colcon_meta']
[0.368s] Level 1:colcon.colcon_core.package_identification:_identify(src/ugv_else/apriltag_ros/apriltag_msgs) by extension 'colcon_meta'
[0.368s] Level 1:colcon.colcon_core.package_identification:_identify(src/ugv_else/apriltag_ros/apriltag_msgs) by extensions ['ros']
[0.368s] Level 1:colcon.colcon_core.package_identification:_identify(src/ugv_else/apriltag_ros/apriltag_msgs) by extension 'ros'
[0.369s] DEBUG:colcon.colcon_core.package_identification:Package 'src/ugv_else/apriltag_ros/apriltag_msgs' with type 'ros.ament_cmake' and name 'apriltag_msgs'
[0.369s] Level 1:colcon.colcon_core.package_identification:_identify(src/ugv_else/apriltag_ros/apriltag_ros) by extensions ['ignore', 'ignore_ament_install']
[0.369s] Level 1:colcon.colcon_core.package_identification:_identify(src/ugv_else/apriltag_ros/apriltag_ros) by extension 'ignore'
[0.370s] Level 1:colcon.colcon_core.package_identification:_identify(src/ugv_else/apriltag_ros/apriltag_ros) by extension 'ignore_ament_install'
[0.370s] Level 1:colcon.colcon_core.package_identification:_identify(src/ugv_else/apriltag_ros/apriltag_ros) by extensions ['colcon_pkg']
[0.370s] Level 1:colcon.colcon_core.package_identification:_identify(src/ugv_else/apriltag_ros/apriltag_ros) by extension 'colcon_pkg'
[0.370s] Level 1:colcon.colcon_core.package_identification:_identify(src/ugv_else/apriltag_ros/apriltag_ros) by extensions ['colcon_meta']
[0.370s] Level 1:colcon.colcon_core.package_identification:_identify(src/ugv_else/apriltag_ros/apriltag_ros) by extension 'colcon_meta'
[0.370s] Level 1:colcon.colcon_core.package_identification:_identify(src/ugv_else/apriltag_ros/apriltag_ros) by extensions ['ros']
[0.370s] Level 1:colcon.colcon_core.package_identification:_identify(src/ugv_else/apriltag_ros/apriltag_ros) by extension 'ros'
[0.371s] DEBUG:colcon.colcon_core.package_identification:Package 'src/ugv_else/apriltag_ros/apriltag_ros' with type 'ros.ament_cmake' and name 'apriltag_ros'
[0.372s] Level 1:colcon.colcon_core.package_identification:_identify(src/ugv_else/cartographer) by extensions ['ignore', 'ignore_ament_install']
[0.372s] Level 1:colcon.colcon_core.package_identification:_identify(src/ugv_else/cartographer) by extension 'ignore'
[0.372s] Level 1:colcon.colcon_core.package_identification:_identify(src/ugv_else/cartographer) by extension 'ignore_ament_install'
[0.372s] Level 1:colcon.colcon_core.package_identification:_identify(src/ugv_else/cartographer) by extensions ['colcon_pkg']
[0.372s] Level 1:colcon.colcon_core.package_identification:_identify(src/ugv_else/cartographer) by extension 'colcon_pkg'
[0.372s] Level 1:colcon.colcon_core.package_identification:_identify(src/ugv_else/cartographer) by extensions ['colcon_meta']
[0.372s] Level 1:colcon.colcon_core.package_identification:_identify(src/ugv_else/cartographer) by extension 'colcon_meta'
[0.372s] Level 1:colcon.colcon_core.package_identification:_identify(src/ugv_else/cartographer) by extensions ['ros']
[0.372s] Level 1:colcon.colcon_core.package_identification:_identify(src/ugv_else/cartographer) by extension 'ros'
[0.372s] DEBUG:colcon.colcon_core.package_identification:Package 'src/ugv_else/cartographer' with type 'ros.ament_cmake' and name 'cartographer'
[0.373s] Level 1:colcon.colcon_core.package_identification:_identify(src/ugv_else/costmap_converter) by extensions ['ignore', 'ignore_ament_install']
[0.373s] Level 1:colcon.colcon_core.package_identification:_identify(src/ugv_else/costmap_converter) by extension 'ignore'
[0.373s] Level 1:colcon.colcon_core.package_identification:_identify(src/ugv_else/costmap_converter) by extension 'ignore_ament_install'
[0.373s] Level 1:colcon.colcon_core.package_identification:_identify(src/ugv_else/costmap_converter) by extensions ['colcon_pkg']
[0.373s] Level 1:colcon.colcon_core.package_identification:_identify(src/ugv_else/costmap_converter) by extension 'colcon_pkg'
[0.373s] Level 1:colcon.colcon_core.package_identification:_identify(src/ugv_else/costmap_converter) by extensions ['colcon_meta']
[0.373s] Level 1:colcon.colcon_core.package_identification:_identify(src/ugv_else/costmap_converter) by extension 'colcon_meta'
[0.373s] Level 1:colcon.colcon_core.package_identification:_identify(src/ugv_else/costmap_converter) by extensions ['ros']
[0.373s] Level 1:colcon.colcon_core.package_identification:_identify(src/ugv_else/costmap_converter) by extension 'ros'
[0.373s] Level 1:colcon.colcon_core.package_identification:_identify(src/ugv_else/costmap_converter) by extensions ['cmake', 'python']
[0.373s] Level 1:colcon.colcon_core.package_identification:_identify(src/ugv_else/costmap_converter) by extension 'cmake'
[0.373s] Level 1:colcon.colcon_core.package_identification:_identify(src/ugv_else/costmap_converter) by extension 'python'
[0.373s] Level 1:colcon.colcon_core.package_identification:_identify(src/ugv_else/costmap_converter) by extensions ['python_setup_py']
[0.373s] Level 1:colcon.colcon_core.package_identification:_identify(src/ugv_else/costmap_converter) by extension 'python_setup_py'
[0.373s] Level 1:colcon.colcon_core.package_identification:_identify(src/ugv_else/costmap_converter/costmap_converter) by extensions ['ignore', 'ignore_ament_install']
[0.373s] Level 1:colcon.colcon_core.package_identification:_identify(src/ugv_else/costmap_converter/costmap_converter) by extension 'ignore'
[0.373s] Level 1:colcon.colcon_core.package_identification:_identify(src/ugv_else/costmap_converter/costmap_converter) by extension 'ignore_ament_install'
[0.373s] Level 1:colcon.colcon_core.package_identification:_identify(src/ugv_else/costmap_converter/costmap_converter) by extensions ['colcon_pkg']
[0.373s] Level 1:colcon.colcon_core.package_identification:_identify(src/ugv_else/costmap_converter/costmap_converter) by extension 'colcon_pkg'
[0.373s] Level 1:colcon.colcon_core.package_identification:_identify(src/ugv_else/costmap_converter/costmap_converter) by extensions ['colcon_meta']
[0.373s] Level 1:colcon.colcon_core.package_identification:_identify(src/ugv_else/costmap_converter/costmap_converter) by extension 'colcon_meta'
[0.374s] Level 1:colcon.colcon_core.package_identification:_identify(src/ugv_else/costmap_converter/costmap_converter) by extensions ['ros']
[0.374s] Level 1:colcon.colcon_core.package_identification:_identify(src/ugv_else/costmap_converter/costmap_converter) by extension 'ros'
[0.375s] DEBUG:colcon.colcon_core.package_identification:Package 'src/ugv_else/costmap_converter/costmap_converter' with type 'ros.ament_cmake' and name 'costmap_converter'
[0.375s] Level 1:colcon.colcon_core.package_identification:_identify(src/ugv_else/costmap_converter/costmap_converter_msgs) by extensions ['ignore', 'ignore_ament_install']
[0.375s] Level 1:colcon.colcon_core.package_identification:_identify(src/ugv_else/costmap_converter/costmap_converter_msgs) by extension 'ignore'
[0.375s] Level 1:colcon.colcon_core.package_identification:_identify(src/ugv_else/costmap_converter/costmap_converter_msgs) by extension 'ignore_ament_install'
[0.375s] Level 1:colcon.colcon_core.package_identification:_identify(src/ugv_else/costmap_converter/costmap_converter_msgs) by extensions ['colcon_pkg']
[0.375s] Level 1:colcon.colcon_core.package_identification:_identify(src/ugv_else/costmap_converter/costmap_converter_msgs) by extension 'colcon_pkg'
[0.375s] Level 1:colcon.colcon_core.package_identification:_identify(src/ugv_else/costmap_converter/costmap_converter_msgs) by extensions ['colcon_meta']
[0.375s] Level 1:colcon.colcon_core.package_identification:_identify(src/ugv_else/costmap_converter/costmap_converter_msgs) by extension 'colcon_meta'
[0.375s] Level 1:colcon.colcon_core.package_identification:_identify(src/ugv_else/costmap_converter/costmap_converter_msgs) by extensions ['ros']
[0.375s] Level 1:colcon.colcon_core.package_identification:_identify(src/ugv_else/costmap_converter/costmap_converter_msgs) by extension 'ros'
[0.376s] DEBUG:colcon.colcon_core.package_identification:Package 'src/ugv_else/costmap_converter/costmap_converter_msgs' with type 'ros.ament_cmake' and name 'costmap_converter_msgs'
[0.376s] Level 1:colcon.colcon_core.package_identification:_identify(src/ugv_else/emcl2_ros2) by extensions ['ignore', 'ignore_ament_install']
[0.376s] Level 1:colcon.colcon_core.package_identification:_identify(src/ugv_else/emcl2_ros2) by extension 'ignore'
[0.376s] Level 1:colcon.colcon_core.package_identification:_identify(src/ugv_else/emcl2_ros2) by extension 'ignore_ament_install'
[0.376s] Level 1:colcon.colcon_core.package_identification:_identify(src/ugv_else/emcl2_ros2) by extensions ['colcon_pkg']
[0.376s] Level 1:colcon.colcon_core.package_identification:_identify(src/ugv_else/emcl2_ros2) by extension 'colcon_pkg'
[0.376s] Level 1:colcon.colcon_core.package_identification:_identify(src/ugv_else/emcl2_ros2) by extensions ['colcon_meta']
[0.376s] Level 1:colcon.colcon_core.package_identification:_identify(src/ugv_else/emcl2_ros2) by extension 'colcon_meta'
[0.376s] Level 1:colcon.colcon_core.package_identification:_identify(src/ugv_else/emcl2_ros2) by extensions ['ros']
[0.376s] Level 1:colcon.colcon_core.package_identification:_identify(src/ugv_else/emcl2_ros2) by extension 'ros'
[0.378s] DEBUG:colcon.colcon_core.package_identification:Package 'src/ugv_else/emcl2_ros2' with type 'ros.ament_cmake' and name 'emcl2'
[0.378s] Level 1:colcon.colcon_core.package_identification:_identify(src/ugv_else/explore_lite) by extensions ['ignore', 'ignore_ament_install']
[0.378s] Level 1:colcon.colcon_core.package_identification:_identify(src/ugv_else/explore_lite) by extension 'ignore'
[0.378s] Level 1:colcon.colcon_core.package_identification:_identify(src/ugv_else/explore_lite) by extension 'ignore_ament_install'
[0.378s] Level 1:colcon.colcon_core.package_identification:_identify(src/ugv_else/explore_lite) by extensions ['colcon_pkg']
[0.378s] Level 1:colcon.colcon_core.package_identification:_identify(src/ugv_else/explore_lite) by extension 'colcon_pkg'
[0.378s] Level 1:colcon.colcon_core.package_identification:_identify(src/ugv_else/explore_lite) by extensions ['colcon_meta']
[0.378s] Level 1:colcon.colcon_core.package_identification:_identify(src/ugv_else/explore_lite) by extension 'colcon_meta'
[0.378s] Level 1:colcon.colcon_core.package_identification:_identify(src/ugv_else/explore_lite) by extensions ['ros']
[0.378s] Level 1:colcon.colcon_core.package_identification:_identify(src/ugv_else/explore_lite) by extension 'ros'
[0.380s] DEBUG:colcon.colcon_core.package_identification:Package 'src/ugv_else/explore_lite' with type 'ros.ament_cmake' and name 'explore_lite'
[0.380s] Level 1:colcon.colcon_core.package_identification:_identify(src/ugv_else/gmapping) by extensions ['ignore', 'ignore_ament_install']
[0.380s] Level 1:colcon.colcon_core.package_identification:_identify(src/ugv_else/gmapping) by extension 'ignore'
[0.380s] Level 1:colcon.colcon_core.package_identification:_identify(src/ugv_else/gmapping) by extension 'ignore_ament_install'
[0.380s] Level 1:colcon.colcon_core.package_identification:_identify(src/ugv_else/gmapping) by extensions ['colcon_pkg']
[0.380s] Level 1:colcon.colcon_core.package_identification:_identify(src/ugv_else/gmapping) by extension 'colcon_pkg'
[0.380s] Level 1:colcon.colcon_core.package_identification:_identify(src/ugv_else/gmapping) by extensions ['colcon_meta']
[0.380s] Level 1:colcon.colcon_core.package_identification:_identify(src/ugv_else/gmapping) by extension 'colcon_meta'
[0.380s] Level 1:colcon.colcon_core.package_identification:_identify(src/ugv_else/gmapping) by extensions ['ros']
[0.380s] Level 1:colcon.colcon_core.package_identification:_identify(src/ugv_else/gmapping) by extension 'ros'
[0.380s] Level 1:colcon.colcon_core.package_identification:_identify(src/ugv_else/gmapping) by extensions ['cmake', 'python']
[0.380s] Level 1:colcon.colcon_core.package_identification:_identify(src/ugv_else/gmapping) by extension 'cmake'
[0.380s] Level 1:colcon.colcon_core.package_identification:_identify(src/ugv_else/gmapping) by extension 'python'
[0.380s] Level 1:colcon.colcon_core.package_identification:_identify(src/ugv_else/gmapping) by extensions ['python_setup_py']
[0.380s] Level 1:colcon.colcon_core.package_identification:_identify(src/ugv_else/gmapping) by extension 'python_setup_py'
[0.380s] Level 1:colcon.colcon_core.package_identification:_identify(src/ugv_else/gmapping/openslam_gmapping) by extensions ['ignore', 'ignore_ament_install']
[0.381s] Level 1:colcon.colcon_core.package_identification:_identify(src/ugv_else/gmapping/openslam_gmapping) by extension 'ignore'
[0.381s] Level 1:colcon.colcon_core.package_identification:_identify(src/ugv_else/gmapping/openslam_gmapping) by extension 'ignore_ament_install'
[0.381s] Level 1:colcon.colcon_core.package_identification:_identify(src/ugv_else/gmapping/openslam_gmapping) by extensions ['colcon_pkg']
[0.381s] Level 1:colcon.colcon_core.package_identification:_identify(src/ugv_else/gmapping/openslam_gmapping) by extension 'colcon_pkg'
[0.381s] Level 1:colcon.colcon_core.package_identification:_identify(src/ugv_else/gmapping/openslam_gmapping) by extensions ['colcon_meta']
[0.381s] Level 1:colcon.colcon_core.package_identification:_identify(src/ugv_else/gmapping/openslam_gmapping) by extension 'colcon_meta'
[0.381s] Level 1:colcon.colcon_core.package_identification:_identify(src/ugv_else/gmapping/openslam_gmapping) by extensions ['ros']
[0.381s] Level 1:colcon.colcon_core.package_identification:_identify(src/ugv_else/gmapping/openslam_gmapping) by extension 'ros'
[0.381s] DEBUG:colcon.colcon_core.package_identification:Package 'src/ugv_else/gmapping/openslam_gmapping' with type 'ros.ament_cmake' and name 'openslam_gmapping'
[0.381s] Level 1:colcon.colcon_core.package_identification:_identify(src/ugv_else/gmapping/slam_gmapping) by extensions ['ignore', 'ignore_ament_install']
[0.381s] Level 1:colcon.colcon_core.package_identification:_identify(src/ugv_else/gmapping/slam_gmapping) by extension 'ignore'
[0.382s] Level 1:colcon.colcon_core.package_identification:_identify(src/ugv_else/gmapping/slam_gmapping) by extension 'ignore_ament_install'
[0.382s] Level 1:colcon.colcon_core.package_identification:_identify(src/ugv_else/gmapping/slam_gmapping) by extensions ['colcon_pkg']
[0.382s] Level 1:colcon.colcon_core.package_identification:_identify(src/ugv_else/gmapping/slam_gmapping) by extension 'colcon_pkg'
[0.382s] Level 1:colcon.colcon_core.package_identification:_identify(src/ugv_else/gmapping/slam_gmapping) by extensions ['colcon_meta']
[0.382s] Level 1:colcon.colcon_core.package_identification:_identify(src/ugv_else/gmapping/slam_gmapping) by extension 'colcon_meta'
[0.382s] Level 1:colcon.colcon_core.package_identification:_identify(src/ugv_else/gmapping/slam_gmapping) by extensions ['ros']
[0.382s] Level 1:colcon.colcon_core.package_identification:_identify(src/ugv_else/gmapping/slam_gmapping) by extension 'ros'
[0.383s] DEBUG:colcon.colcon_core.package_identification:Package 'src/ugv_else/gmapping/slam_gmapping' with type 'ros.ament_cmake' and name 'slam_gmapping'
[0.383s] Level 1:colcon.colcon_core.package_identification:_identify(src/ugv_else/ldlidar) by extensions ['ignore', 'ignore_ament_install']
[0.383s] Level 1:colcon.colcon_core.package_identification:_identify(src/ugv_else/ldlidar) by extension 'ignore'
[0.383s] Level 1:colcon.colcon_core.package_identification:_identify(src/ugv_else/ldlidar) by extension 'ignore_ament_install'
[0.383s] Level 1:colcon.colcon_core.package_identification:_identify(src/ugv_else/ldlidar) by extensions ['colcon_pkg']
[0.383s] Level 1:colcon.colcon_core.package_identification:_identify(src/ugv_else/ldlidar) by extension 'colcon_pkg'
[0.383s] Level 1:colcon.colcon_core.package_identification:_identify(src/ugv_else/ldlidar) by extensions ['colcon_meta']
[0.383s] Level 1:colcon.colcon_core.package_identification:_identify(src/ugv_else/ldlidar) by extension 'colcon_meta'
[0.383s] Level 1:colcon.colcon_core.package_identification:_identify(src/ugv_else/ldlidar) by extensions ['ros']
[0.383s] Level 1:colcon.colcon_core.package_identification:_identify(src/ugv_else/ldlidar) by extension 'ros'
[0.384s] DEBUG:colcon.colcon_core.package_identification:Package 'src/ugv_else/ldlidar' with type 'ros.ament_cmake' and name 'ldlidar'
[0.384s] Level 1:colcon.colcon_core.package_identification:_identify(src/ugv_else/rf2o_laser_odometry) by extensions ['ignore', 'ignore_ament_install']
[0.384s] Level 1:colcon.colcon_core.package_identification:_identify(src/ugv_else/rf2o_laser_odometry) by extension 'ignore'
[0.384s] Level 1:colcon.colcon_core.package_identification:_identify(src/ugv_else/rf2o_laser_odometry) by extension 'ignore_ament_install'
[0.384s] Level 1:colcon.colcon_core.package_identification:_identify(src/ugv_else/rf2o_laser_odometry) by extensions ['colcon_pkg']
[0.384s] Level 1:colcon.colcon_core.package_identification:_identify(src/ugv_else/rf2o_laser_odometry) by extension 'colcon_pkg'
[0.384s] Level 1:colcon.colcon_core.package_identification:_identify(src/ugv_else/rf2o_laser_odometry) by extensions ['colcon_meta']
[0.384s] Level 1:colcon.colcon_core.package_identification:_identify(src/ugv_else/rf2o_laser_odometry) by extension 'colcon_meta'
[0.385s] Level 1:colcon.colcon_core.package_identification:_identify(src/ugv_else/rf2o_laser_odometry) by extensions ['ros']
[0.385s] Level 1:colcon.colcon_core.package_identification:_identify(src/ugv_else/rf2o_laser_odometry) by extension 'ros'
[0.386s] DEBUG:colcon.colcon_core.package_identification:Package 'src/ugv_else/rf2o_laser_odometry' with type 'ros.ament_cmake' and name 'rf2o_laser_odometry'
[0.386s] Level 1:colcon.colcon_core.package_identification:_identify(src/ugv_else/robot_pose_publisher) by extensions ['ignore', 'ignore_ament_install']
[0.386s] Level 1:colcon.colcon_core.package_identification:_identify(src/ugv_else/robot_pose_publisher) by extension 'ignore'
[0.386s] Level 1:colcon.colcon_core.package_identification:_identify(src/ugv_else/robot_pose_publisher) by extension 'ignore_ament_install'
[0.386s] Level 1:colcon.colcon_core.package_identification:_identify(src/ugv_else/robot_pose_publisher) by extensions ['colcon_pkg']
[0.386s] Level 1:colcon.colcon_core.package_identification:_identify(src/ugv_else/robot_pose_publisher) by extension 'colcon_pkg'
[0.386s] Level 1:colcon.colcon_core.package_identification:_identify(src/ugv_else/robot_pose_publisher) by extensions ['colcon_meta']
[0.386s] Level 1:colcon.colcon_core.package_identification:_identify(src/ugv_else/robot_pose_publisher) by extension 'colcon_meta'
[0.386s] Level 1:colcon.colcon_core.package_identification:_identify(src/ugv_else/robot_pose_publisher) by extensions ['ros']
[0.386s] Level 1:colcon.colcon_core.package_identification:_identify(src/ugv_else/robot_pose_publisher) by extension 'ros'
[0.387s] DEBUG:colcon.colcon_core.package_identification:Package 'src/ugv_else/robot_pose_publisher' with type 'ros.ament_cmake' and name 'robot_pose_publisher'
[0.387s] Level 1:colcon.colcon_core.package_identification:_identify(src/ugv_else/teb_local_planner) by extensions ['ignore', 'ignore_ament_install']
[0.387s] Level 1:colcon.colcon_core.package_identification:_identify(src/ugv_else/teb_local_planner) by extension 'ignore'
[0.387s] Level 1:colcon.colcon_core.package_identification:_identify(src/ugv_else/teb_local_planner) by extension 'ignore_ament_install'
[0.387s] Level 1:colcon.colcon_core.package_identification:_identify(src/ugv_else/teb_local_planner) by extensions ['colcon_pkg']
[0.387s] Level 1:colcon.colcon_core.package_identification:_identify(src/ugv_else/teb_local_planner) by extension 'colcon_pkg'
[0.387s] Level 1:colcon.colcon_core.package_identification:_identify(src/ugv_else/teb_local_planner) by extensions ['colcon_meta']
[0.387s] Level 1:colcon.colcon_core.package_identification:_identify(src/ugv_else/teb_local_planner) by extension 'colcon_meta'
[0.387s] Level 1:colcon.colcon_core.package_identification:_identify(src/ugv_else/teb_local_planner) by extensions ['ros']
[0.387s] Level 1:colcon.colcon_core.package_identification:_identify(src/ugv_else/teb_local_planner) by extension 'ros'
[0.387s] Level 1:colcon.colcon_core.package_identification:_identify(src/ugv_else/teb_local_planner) by extensions ['cmake', 'python']
[0.387s] Level 1:colcon.colcon_core.package_identification:_identify(src/ugv_else/teb_local_planner) by extension 'cmake'
[0.387s] Level 1:colcon.colcon_core.package_identification:_identify(src/ugv_else/teb_local_planner) by extension 'python'
[0.388s] Level 1:colcon.colcon_core.package_identification:_identify(src/ugv_else/teb_local_planner) by extensions ['python_setup_py']
[0.388s] Level 1:colcon.colcon_core.package_identification:_identify(src/ugv_else/teb_local_planner) by extension 'python_setup_py'
[0.388s] Level 1:colcon.colcon_core.package_identification:_identify(src/ugv_else/teb_local_planner/teb_local_planner) by extensions ['ignore', 'ignore_ament_install']
[0.388s] Level 1:colcon.colcon_core.package_identification:_identify(src/ugv_else/teb_local_planner/teb_local_planner) by extension 'ignore'
[0.388s] Level 1:colcon.colcon_core.package_identification:_identify(src/ugv_else/teb_local_planner/teb_local_planner) by extension 'ignore_ament_install'
[0.388s] Level 1:colcon.colcon_core.package_identification:_identify(src/ugv_else/teb_local_planner/teb_local_planner) by extensions ['colcon_pkg']
[0.388s] Level 1:colcon.colcon_core.package_identification:_identify(src/ugv_else/teb_local_planner/teb_local_planner) by extension 'colcon_pkg'
[0.388s] Level 1:colcon.colcon_core.package_identification:_identify(src/ugv_else/teb_local_planner/teb_local_planner) by extensions ['colcon_meta']
[0.388s] Level 1:colcon.colcon_core.package_identification:_identify(src/ugv_else/teb_local_planner/teb_local_planner) by extension 'colcon_meta'
[0.388s] Level 1:colcon.colcon_core.package_identification:_identify(src/ugv_else/teb_local_planner/teb_local_planner) by extensions ['ros']
[0.388s] Level 1:colcon.colcon_core.package_identification:_identify(src/ugv_else/teb_local_planner/teb_local_planner) by extension 'ros'
[0.390s] DEBUG:colcon.colcon_core.package_identification:Package 'src/ugv_else/teb_local_planner/teb_local_planner' with type 'ros.ament_cmake' and name 'teb_local_planner'
[0.390s] Level 1:colcon.colcon_core.package_identification:_identify(src/ugv_else/teb_local_planner/teb_msgs) by extensions ['ignore', 'ignore_ament_install']
[0.390s] Level 1:colcon.colcon_core.package_identification:_identify(src/ugv_else/teb_local_planner/teb_msgs) by extension 'ignore'
[0.390s] Level 1:colcon.colcon_core.package_identification:_identify(src/ugv_else/teb_local_planner/teb_msgs) by extension 'ignore_ament_install'
[0.390s] Level 1:colcon.colcon_core.package_identification:_identify(src/ugv_else/teb_local_planner/teb_msgs) by extensions ['colcon_pkg']
[0.391s] Level 1:colcon.colcon_core.package_identification:_identify(src/ugv_else/teb_local_planner/teb_msgs) by extension 'colcon_pkg'
[0.391s] Level 1:colcon.colcon_core.package_identification:_identify(src/ugv_else/teb_local_planner/teb_msgs) by extensions ['colcon_meta']
[0.391s] Level 1:colcon.colcon_core.package_identification:_identify(src/ugv_else/teb_local_planner/teb_msgs) by extension 'colcon_meta'
[0.391s] Level 1:colcon.colcon_core.package_identification:_identify(src/ugv_else/teb_local_planner/teb_msgs) by extensions ['ros']
[0.391s] Level 1:colcon.colcon_core.package_identification:_identify(src/ugv_else/teb_local_planner/teb_msgs) by extension 'ros'
[0.391s] DEBUG:colcon.colcon_core.package_identification:Package 'src/ugv_else/teb_local_planner/teb_msgs' with type 'ros.ament_cmake' and name 'teb_msgs'
[0.391s] Level 1:colcon.colcon_core.package_identification:_identify(src/ugv_else/vizanti) by extensions ['ignore', 'ignore_ament_install']
[0.392s] Level 1:colcon.colcon_core.package_identification:_identify(src/ugv_else/vizanti) by extension 'ignore'
[0.392s] Level 1:colcon.colcon_core.package_identification:_identify(src/ugv_else/vizanti) by extension 'ignore_ament_install'
[0.392s] Level 1:colcon.colcon_core.package_identification:_identify(src/ugv_else/vizanti) by extensions ['colcon_pkg']
[0.392s] Level 1:colcon.colcon_core.package_identification:_identify(src/ugv_else/vizanti) by extension 'colcon_pkg'
[0.392s] Level 1:colcon.colcon_core.package_identification:_identify(src/ugv_else/vizanti) by extensions ['colcon_meta']
[0.392s] Level 1:colcon.colcon_core.package_identification:_identify(src/ugv_else/vizanti) by extension 'colcon_meta'
[0.392s] Level 1:colcon.colcon_core.package_identification:_identify(src/ugv_else/vizanti) by extensions ['ros']
[0.392s] Level 1:colcon.colcon_core.package_identification:_identify(src/ugv_else/vizanti) by extension 'ros'
[0.392s] Level 1:colcon.colcon_core.package_identification:_identify(src/ugv_else/vizanti) by extensions ['cmake', 'python']
[0.392s] Level 1:colcon.colcon_core.package_identification:_identify(src/ugv_else/vizanti) by extension 'cmake'
[0.392s] Level 1:colcon.colcon_core.package_identification:_identify(src/ugv_else/vizanti) by extension 'python'
[0.392s] Level 1:colcon.colcon_core.package_identification:_identify(src/ugv_else/vizanti) by extensions ['python_setup_py']
[0.392s] Level 1:colcon.colcon_core.package_identification:_identify(src/ugv_else/vizanti) by extension 'python_setup_py'
[0.392s] Level 1:colcon.colcon_core.package_identification:_identify(src/ugv_else/vizanti/vizanti) by extensions ['ignore', 'ignore_ament_install']
[0.392s] Level 1:colcon.colcon_core.package_identification:_identify(src/ugv_else/vizanti/vizanti) by extension 'ignore'
[0.392s] Level 1:colcon.colcon_core.package_identification:_identify(src/ugv_else/vizanti/vizanti) by extension 'ignore_ament_install'
[0.392s] Level 1:colcon.colcon_core.package_identification:_identify(src/ugv_else/vizanti/vizanti) by extensions ['colcon_pkg']
[0.392s] Level 1:colcon.colcon_core.package_identification:_identify(src/ugv_else/vizanti/vizanti) by extension 'colcon_pkg'
[0.392s] Level 1:colcon.colcon_core.package_identification:_identify(src/ugv_else/vizanti/vizanti) by extensions ['colcon_meta']
[0.392s] Level 1:colcon.colcon_core.package_identification:_identify(src/ugv_else/vizanti/vizanti) by extension 'colcon_meta'
[0.392s] Level 1:colcon.colcon_core.package_identification:_identify(src/ugv_else/vizanti/vizanti) by extensions ['ros']
[0.392s] Level 1:colcon.colcon_core.package_identification:_identify(src/ugv_else/vizanti/vizanti) by extension 'ros'
[0.393s] DEBUG:colcon.colcon_core.package_identification:Package 'src/ugv_else/vizanti/vizanti' with type 'ros.ament_cmake' and name 'vizanti'
[0.393s] Level 1:colcon.colcon_core.package_identification:_identify(src/ugv_else/vizanti/vizanti_cpp) by extensions ['ignore', 'ignore_ament_install']
[0.393s] Level 1:colcon.colcon_core.package_identification:_identify(src/ugv_else/vizanti/vizanti_cpp) by extension 'ignore'
[0.393s] Level 1:colcon.colcon_core.package_identification:_identify(src/ugv_else/vizanti/vizanti_cpp) by extension 'ignore_ament_install'
[0.393s] Level 1:colcon.colcon_core.package_identification:_identify(src/ugv_else/vizanti/vizanti_cpp) by extensions ['colcon_pkg']
[0.393s] Level 1:colcon.colcon_core.package_identification:_identify(src/ugv_else/vizanti/vizanti_cpp) by extension 'colcon_pkg'
[0.393s] Level 1:colcon.colcon_core.package_identification:_identify(src/ugv_else/vizanti/vizanti_cpp) by extensions ['colcon_meta']
[0.393s] Level 1:colcon.colcon_core.package_identification:_identify(src/ugv_else/vizanti/vizanti_cpp) by extension 'colcon_meta'
[0.393s] Level 1:colcon.colcon_core.package_identification:_identify(src/ugv_else/vizanti/vizanti_cpp) by extensions ['ros']
[0.393s] Level 1:colcon.colcon_core.package_identification:_identify(src/ugv_else/vizanti/vizanti_cpp) by extension 'ros'
[0.394s] DEBUG:colcon.colcon_core.package_identification:Package 'src/ugv_else/vizanti/vizanti_cpp' with type 'ros.ament_cmake' and name 'vizanti_cpp'
[0.394s] Level 1:colcon.colcon_core.package_identification:_identify(src/ugv_else/vizanti/vizanti_demos) by extensions ['ignore', 'ignore_ament_install']
[0.394s] Level 1:colcon.colcon_core.package_identification:_identify(src/ugv_else/vizanti/vizanti_demos) by extension 'ignore'
[0.394s] Level 1:colcon.colcon_core.package_identification:_identify(src/ugv_else/vizanti/vizanti_demos) by extension 'ignore_ament_install'
[0.394s] Level 1:colcon.colcon_core.package_identification:_identify(src/ugv_else/vizanti/vizanti_demos) by extensions ['colcon_pkg']
[0.395s] Level 1:colcon.colcon_core.package_identification:_identify(src/ugv_else/vizanti/vizanti_demos) by extension 'colcon_pkg'
[0.395s] Level 1:colcon.colcon_core.package_identification:_identify(src/ugv_else/vizanti/vizanti_demos) by extensions ['colcon_meta']
[0.395s] Level 1:colcon.colcon_core.package_identification:_identify(src/ugv_else/vizanti/vizanti_demos) by extension 'colcon_meta'
[0.395s] Level 1:colcon.colcon_core.package_identification:_identify(src/ugv_else/vizanti/vizanti_demos) by extensions ['ros']
[0.395s] Level 1:colcon.colcon_core.package_identification:_identify(src/ugv_else/vizanti/vizanti_demos) by extension 'ros'
[0.396s] DEBUG:colcon.colcon_core.package_identification:Package 'src/ugv_else/vizanti/vizanti_demos' with type 'ros.ament_cmake' and name 'vizanti_demos'
[0.396s] Level 1:colcon.colcon_core.package_identification:_identify(src/ugv_else/vizanti/vizanti_msgs) by extensions ['ignore', 'ignore_ament_install']
[0.396s] Level 1:colcon.colcon_core.package_identification:_identify(src/ugv_else/vizanti/vizanti_msgs) by extension 'ignore'
[0.396s] Level 1:colcon.colcon_core.package_identification:_identify(src/ugv_else/vizanti/vizanti_msgs) by extension 'ignore_ament_install'
[0.396s] Level 1:colcon.colcon_core.package_identification:_identify(src/ugv_else/vizanti/vizanti_msgs) by extensions ['colcon_pkg']
[0.396s] Level 1:colcon.colcon_core.package_identification:_identify(src/ugv_else/vizanti/vizanti_msgs) by extension 'colcon_pkg'
[0.396s] Level 1:colcon.colcon_core.package_identification:_identify(src/ugv_else/vizanti/vizanti_msgs) by extensions ['colcon_meta']
[0.396s] Level 1:colcon.colcon_core.package_identification:_identify(src/ugv_else/vizanti/vizanti_msgs) by extension 'colcon_meta'
[0.396s] Level 1:colcon.colcon_core.package_identification:_identify(src/ugv_else/vizanti/vizanti_msgs) by extensions ['ros']
[0.396s] Level 1:colcon.colcon_core.package_identification:_identify(src/ugv_else/vizanti/vizanti_msgs) by extension 'ros'
[0.397s] DEBUG:colcon.colcon_core.package_identification:Package 'src/ugv_else/vizanti/vizanti_msgs' with type 'ros.ament_cmake' and name 'vizanti_msgs'
[0.397s] Level 1:colcon.colcon_core.package_identification:_identify(src/ugv_else/vizanti/vizanti_server) by extensions ['ignore', 'ignore_ament_install']
[0.397s] Level 1:colcon.colcon_core.package_identification:_identify(src/ugv_else/vizanti/vizanti_server) by extension 'ignore'
[0.398s] Level 1:colcon.colcon_core.package_identification:_identify(src/ugv_else/vizanti/vizanti_server) by extension 'ignore_ament_install'
[0.398s] Level 1:colcon.colcon_core.package_identification:_identify(src/ugv_else/vizanti/vizanti_server) by extensions ['colcon_pkg']
[0.398s] Level 1:colcon.colcon_core.package_identification:_identify(src/ugv_else/vizanti/vizanti_server) by extension 'colcon_pkg'
[0.398s] Level 1:colcon.colcon_core.package_identification:_identify(src/ugv_else/vizanti/vizanti_server) by extensions ['colcon_meta']
[0.398s] Level 1:colcon.colcon_core.package_identification:_identify(src/ugv_else/vizanti/vizanti_server) by extension 'colcon_meta'
[0.398s] Level 1:colcon.colcon_core.package_identification:_identify(src/ugv_else/vizanti/vizanti_server) by extensions ['ros']
[0.398s] Level 1:colcon.colcon_core.package_identification:_identify(src/ugv_else/vizanti/vizanti_server) by extension 'ros'
[0.399s] DEBUG:colcon.colcon_core.package_identification:Package 'src/ugv_else/vizanti/vizanti_server' with type 'ros.ament_cmake' and name 'vizanti_server'
[0.399s] Level 1:colcon.colcon_core.package_identification:_identify(src/ugv_main) by extensions ['ignore', 'ignore_ament_install']
[0.399s] Level 1:colcon.colcon_core.package_identification:_identify(src/ugv_main) by extension 'ignore'
[0.399s] Level 1:colcon.colcon_core.package_identification:_identify(src/ugv_main) by extension 'ignore_ament_install'
[0.399s] Level 1:colcon.colcon_core.package_identification:_identify(src/ugv_main) by extensions ['colcon_pkg']
[0.399s] Level 1:colcon.colcon_core.package_identification:_identify(src/ugv_main) by extension 'colcon_pkg'
[0.399s] Level 1:colcon.colcon_core.package_identification:_identify(src/ugv_main) by extensions ['colcon_meta']
[0.399s] Level 1:colcon.colcon_core.package_identification:_identify(src/ugv_main) by extension 'colcon_meta'
[0.400s] Level 1:colcon.colcon_core.package_identification:_identify(src/ugv_main) by extensions ['ros']
[0.400s] Level 1:colcon.colcon_core.package_identification:_identify(src/ugv_main) by extension 'ros'
[0.400s] Level 1:colcon.colcon_core.package_identification:_identify(src/ugv_main) by extensions ['cmake', 'python']
[0.400s] Level 1:colcon.colcon_core.package_identification:_identify(src/ugv_main) by extension 'cmake'
[0.400s] Level 1:colcon.colcon_core.package_identification:_identify(src/ugv_main) by extension 'python'
[0.400s] Level 1:colcon.colcon_core.package_identification:_identify(src/ugv_main) by extensions ['python_setup_py']
[0.400s] Level 1:colcon.colcon_core.package_identification:_identify(src/ugv_main) by extension 'python_setup_py'
[0.400s] Level 1:colcon.colcon_core.package_identification:_identify(src/ugv_main/ugv_base_node) by extensions ['ignore', 'ignore_ament_install']
[0.400s] Level 1:colcon.colcon_core.package_identification:_identify(src/ugv_main/ugv_base_node) by extension 'ignore'
[0.400s] Level 1:colcon.colcon_core.package_identification:_identify(src/ugv_main/ugv_base_node) by extension 'ignore_ament_install'
[0.400s] Level 1:colcon.colcon_core.package_identification:_identify(src/ugv_main/ugv_base_node) by extensions ['colcon_pkg']
[0.400s] Level 1:colcon.colcon_core.package_identification:_identify(src/ugv_main/ugv_base_node) by extension 'colcon_pkg'
[0.400s] Level 1:colcon.colcon_core.package_identification:_identify(src/ugv_main/ugv_base_node) by extensions ['colcon_meta']
[0.400s] Level 1:colcon.colcon_core.package_identification:_identify(src/ugv_main/ugv_base_node) by extension 'colcon_meta'
[0.400s] Level 1:colcon.colcon_core.package_identification:_identify(src/ugv_main/ugv_base_node) by extensions ['ros']
[0.400s] Level 1:colcon.colcon_core.package_identification:_identify(src/ugv_main/ugv_base_node) by extension 'ros'
[0.401s] DEBUG:colcon.colcon_core.package_identification:Package 'src/ugv_main/ugv_base_node' with type 'ros.ament_cmake' and name 'ugv_base_node'
[0.401s] Level 1:colcon.colcon_core.package_identification:_identify(src/ugv_main/ugv_bringup) by extensions ['ignore', 'ignore_ament_install']
[0.401s] Level 1:colcon.colcon_core.package_identification:_identify(src/ugv_main/ugv_bringup) by extension 'ignore'
[0.401s] Level 1:colcon.colcon_core.package_identification:_identify(src/ugv_main/ugv_bringup) by extension 'ignore_ament_install'
[0.401s] Level 1:colcon.colcon_core.package_identification:_identify(src/ugv_main/ugv_bringup) by extensions ['colcon_pkg']
[0.401s] Level 1:colcon.colcon_core.package_identification:_identify(src/ugv_main/ugv_bringup) by extension 'colcon_pkg'
[0.401s] Level 1:colcon.colcon_core.package_identification:_identify(src/ugv_main/ugv_bringup) by extensions ['colcon_meta']
[0.401s] Level 1:colcon.colcon_core.package_identification:_identify(src/ugv_main/ugv_bringup) by extension 'colcon_meta'
[0.402s] Level 1:colcon.colcon_core.package_identification:_identify(src/ugv_main/ugv_bringup) by extensions ['ros']
[0.402s] Level 1:colcon.colcon_core.package_identification:_identify(src/ugv_main/ugv_bringup) by extension 'ros'
[0.402s] DEBUG:colcon.colcon_core.package_identification:Package 'src/ugv_main/ugv_bringup' with type 'ros.ament_python' and name 'ugv_bringup'
[0.402s] Level 1:colcon.colcon_core.package_identification:_identify(src/ugv_main/ugv_chat_ai) by extensions ['ignore', 'ignore_ament_install']
[0.402s] Level 1:colcon.colcon_core.package_identification:_identify(src/ugv_main/ugv_chat_ai) by extension 'ignore'
[0.402s] Level 1:colcon.colcon_core.package_identification:_identify(src/ugv_main/ugv_chat_ai) by extension 'ignore_ament_install'
[0.402s] Level 1:colcon.colcon_core.package_identification:_identify(src/ugv_main/ugv_chat_ai) by extensions ['colcon_pkg']
[0.402s] Level 1:colcon.colcon_core.package_identification:_identify(src/ugv_main/ugv_chat_ai) by extension 'colcon_pkg'
[0.403s] Level 1:colcon.colcon_core.package_identification:_identify(src/ugv_main/ugv_chat_ai) by extensions ['colcon_meta']
[0.403s] Level 1:colcon.colcon_core.package_identification:_identify(src/ugv_main/ugv_chat_ai) by extension 'colcon_meta'
[0.403s] Level 1:colcon.colcon_core.package_identification:_identify(src/ugv_main/ugv_chat_ai) by extensions ['ros']
[0.403s] Level 1:colcon.colcon_core.package_identification:_identify(src/ugv_main/ugv_chat_ai) by extension 'ros'
[0.403s] DEBUG:colcon.colcon_core.package_identification:Package 'src/ugv_main/ugv_chat_ai' with type 'ros.ament_python' and name 'ugv_chat_ai'
[0.403s] Level 1:colcon.colcon_core.package_identification:_identify(src/ugv_main/ugv_description) by extensions ['ignore', 'ignore_ament_install']
[0.403s] Level 1:colcon.colcon_core.package_identification:_identify(src/ugv_main/ugv_description) by extension 'ignore'
[0.403s] Level 1:colcon.colcon_core.package_identification:_identify(src/ugv_main/ugv_description) by extension 'ignore_ament_install'
[0.404s] Level 1:colcon.colcon_core.package_identification:_identify(src/ugv_main/ugv_description) by extensions ['colcon_pkg']
[0.404s] Level 1:colcon.colcon_core.package_identification:_identify(src/ugv_main/ugv_description) by extension 'colcon_pkg'
[0.404s] Level 1:colcon.colcon_core.package_identification:_identify(src/ugv_main/ugv_description) by extensions ['colcon_meta']
[0.404s] Level 1:colcon.colcon_core.package_identification:_identify(src/ugv_main/ugv_description) by extension 'colcon_meta'
[0.404s] Level 1:colcon.colcon_core.package_identification:_identify(src/ugv_main/ugv_description) by extensions ['ros']
[0.404s] Level 1:colcon.colcon_core.package_identification:_identify(src/ugv_main/ugv_description) by extension 'ros'
[0.405s] DEBUG:colcon.colcon_core.package_identification:Package 'src/ugv_main/ugv_description' with type 'ros.ament_cmake' and name 'ugv_description'
[0.405s] Level 1:colcon.colcon_core.package_identification:_identify(src/ugv_main/ugv_gazebo) by extensions ['ignore', 'ignore_ament_install']
[0.405s] Level 1:colcon.colcon_core.package_identification:_identify(src/ugv_main/ugv_gazebo) by extension 'ignore'
[0.405s] Level 1:colcon.colcon_core.package_identification:_identify(src/ugv_main/ugv_gazebo) by extension 'ignore_ament_install'
[0.405s] Level 1:colcon.colcon_core.package_identification:_identify(src/ugv_main/ugv_gazebo) by extensions ['colcon_pkg']
[0.405s] Level 1:colcon.colcon_core.package_identification:_identify(src/ugv_main/ugv_gazebo) by extension 'colcon_pkg'
[0.405s] Level 1:colcon.colcon_core.package_identification:_identify(src/ugv_main/ugv_gazebo) by extensions ['colcon_meta']
[0.405s] Level 1:colcon.colcon_core.package_identification:_identify(src/ugv_main/ugv_gazebo) by extension 'colcon_meta'
[0.405s] Level 1:colcon.colcon_core.package_identification:_identify(src/ugv_main/ugv_gazebo) by extensions ['ros']
[0.405s] Level 1:colcon.colcon_core.package_identification:_identify(src/ugv_main/ugv_gazebo) by extension 'ros'
[0.406s] DEBUG:colcon.colcon_core.package_identification:Package 'src/ugv_main/ugv_gazebo' with type 'ros.ament_cmake' and name 'ugv_gazebo'
[0.406s] Level 1:colcon.colcon_core.package_identification:_identify(src/ugv_main/ugv_interface) by extensions ['ignore', 'ignore_ament_install']
[0.406s] Level 1:colcon.colcon_core.package_identification:_identify(src/ugv_main/ugv_interface) by extension 'ignore'
[0.406s] Level 1:colcon.colcon_core.package_identification:_identify(src/ugv_main/ugv_interface) by extension 'ignore_ament_install'
[0.406s] Level 1:colcon.colcon_core.package_identification:_identify(src/ugv_main/ugv_interface) by extensions ['colcon_pkg']
[0.406s] Level 1:colcon.colcon_core.package_identification:_identify(src/ugv_main/ugv_interface) by extension 'colcon_pkg'
[0.406s] Level 1:colcon.colcon_core.package_identification:_identify(src/ugv_main/ugv_interface) by extensions ['colcon_meta']
[0.406s] Level 1:colcon.colcon_core.package_identification:_identify(src/ugv_main/ugv_interface) by extension 'colcon_meta'
[0.406s] Level 1:colcon.colcon_core.package_identification:_identify(src/ugv_main/ugv_interface) by extensions ['ros']
[0.406s] Level 1:colcon.colcon_core.package_identification:_identify(src/ugv_main/ugv_interface) by extension 'ros'
[0.407s] DEBUG:colcon.colcon_core.package_identification:Package 'src/ugv_main/ugv_interface' with type 'ros.ament_cmake' and name 'ugv_interface'
[0.408s] Level 1:colcon.colcon_core.package_identification:_identify(src/ugv_main/ugv_nav) by extensions ['ignore', 'ignore_ament_install']
[0.408s] Level 1:colcon.colcon_core.package_identification:_identify(src/ugv_main/ugv_nav) by extension 'ignore'
[0.408s] Level 1:colcon.colcon_core.package_identification:_identify(src/ugv_main/ugv_nav) by extension 'ignore_ament_install'
[0.408s] Level 1:colcon.colcon_core.package_identification:_identify(src/ugv_main/ugv_nav) by extensions ['colcon_pkg']
[0.408s] Level 1:colcon.colcon_core.package_identification:_identify(src/ugv_main/ugv_nav) by extension 'colcon_pkg'
[0.408s] Level 1:colcon.colcon_core.package_identification:_identify(src/ugv_main/ugv_nav) by extensions ['colcon_meta']
[0.408s] Level 1:colcon.colcon_core.package_identification:_identify(src/ugv_main/ugv_nav) by extension 'colcon_meta'
[0.408s] Level 1:colcon.colcon_core.package_identification:_identify(src/ugv_main/ugv_nav) by extensions ['ros']
[0.408s] Level 1:colcon.colcon_core.package_identification:_identify(src/ugv_main/ugv_nav) by extension 'ros'
[0.408s] DEBUG:colcon.colcon_core.package_identification:Package 'src/ugv_main/ugv_nav' with type 'ros.ament_cmake' and name 'ugv_nav'
[0.408s] Level 1:colcon.colcon_core.package_identification:_identify(src/ugv_main/ugv_slam) by extensions ['ignore', 'ignore_ament_install']
[0.409s] Level 1:colcon.colcon_core.package_identification:_identify(src/ugv_main/ugv_slam) by extension 'ignore'
[0.409s] Level 1:colcon.colcon_core.package_identification:_identify(src/ugv_main/ugv_slam) by extension 'ignore_ament_install'
[0.409s] Level 1:colcon.colcon_core.package_identification:_identify(src/ugv_main/ugv_slam) by extensions ['colcon_pkg']
[0.409s] Level 1:colcon.colcon_core.package_identification:_identify(src/ugv_main/ugv_slam) by extension 'colcon_pkg'
[0.409s] Level 1:colcon.colcon_core.package_identification:_identify(src/ugv_main/ugv_slam) by extensions ['colcon_meta']
[0.409s] Level 1:colcon.colcon_core.package_identification:_identify(src/ugv_main/ugv_slam) by extension 'colcon_meta'
[0.409s] Level 1:colcon.colcon_core.package_identification:_identify(src/ugv_main/ugv_slam) by extensions ['ros']
[0.409s] Level 1:colcon.colcon_core.package_identification:_identify(src/ugv_main/ugv_slam) by extension 'ros'
[0.410s] DEBUG:colcon.colcon_core.package_identification:Package 'src/ugv_main/ugv_slam' with type 'ros.ament_cmake' and name 'ugv_slam'
[0.410s] Level 1:colcon.colcon_core.package_identification:_identify(src/ugv_main/ugv_tools) by extensions ['ignore', 'ignore_ament_install']
[0.410s] Level 1:colcon.colcon_core.package_identification:_identify(src/ugv_main/ugv_tools) by extension 'ignore'
[0.410s] Level 1:colcon.colcon_core.package_identification:_identify(src/ugv_main/ugv_tools) by extension 'ignore_ament_install'
[0.410s] Level 1:colcon.colcon_core.package_identification:_identify(src/ugv_main/ugv_tools) by extensions ['colcon_pkg']
[0.410s] Level 1:colcon.colcon_core.package_identification:_identify(src/ugv_main/ugv_tools) by extension 'colcon_pkg'
[0.410s] Level 1:colcon.colcon_core.package_identification:_identify(src/ugv_main/ugv_tools) by extensions ['colcon_meta']
[0.410s] Level 1:colcon.colcon_core.package_identification:_identify(src/ugv_main/ugv_tools) by extension 'colcon_meta'
[0.410s] Level 1:colcon.colcon_core.package_identification:_identify(src/ugv_main/ugv_tools) by extensions ['ros']
[0.410s] Level 1:colcon.colcon_core.package_identification:_identify(src/ugv_main/ugv_tools) by extension 'ros'
[0.411s] DEBUG:colcon.colcon_core.package_identification:Package 'src/ugv_main/ugv_tools' with type 'ros.ament_python' and name 'ugv_tools'
[0.411s] Level 1:colcon.colcon_core.package_identification:_identify(src/ugv_main/ugv_vision) by extensions ['ignore', 'ignore_ament_install']
[0.411s] Level 1:colcon.colcon_core.package_identification:_identify(src/ugv_main/ugv_vision) by extension 'ignore'
[0.411s] Level 1:colcon.colcon_core.package_identification:_identify(src/ugv_main/ugv_vision) by extension 'ignore_ament_install'
[0.411s] Level 1:colcon.colcon_core.package_identification:_identify(src/ugv_main/ugv_vision) by extensions ['colcon_pkg']
[0.411s] Level 1:colcon.colcon_core.package_identification:_identify(src/ugv_main/ugv_vision) by extension 'colcon_pkg'
[0.411s] Level 1:colcon.colcon_core.package_identification:_identify(src/ugv_main/ugv_vision) by extensions ['colcon_meta']
[0.411s] Level 1:colcon.colcon_core.package_identification:_identify(src/ugv_main/ugv_vision) by extension 'colcon_meta'
[0.411s] Level 1:colcon.colcon_core.package_identification:_identify(src/ugv_main/ugv_vision) by extensions ['ros']
[0.411s] Level 1:colcon.colcon_core.package_identification:_identify(src/ugv_main/ugv_vision) by extension 'ros'
[0.412s] DEBUG:colcon.colcon_core.package_identification:Package 'src/ugv_main/ugv_vision' with type 'ros.ament_python' and name 'ugv_vision'
[0.412s] Level 1:colcon.colcon_core.package_identification:_identify(src/ugv_main/ugv_web_app) by extensions ['ignore', 'ignore_ament_install']
[0.412s] Level 1:colcon.colcon_core.package_identification:_identify(src/ugv_main/ugv_web_app) by extension 'ignore'
[0.412s] Level 1:colcon.colcon_core.package_identification:_identify(src/ugv_main/ugv_web_app) by extension 'ignore_ament_install'
[0.412s] Level 1:colcon.colcon_core.package_identification:_identify(src/ugv_main/ugv_web_app) by extensions ['colcon_pkg']
[0.412s] Level 1:colcon.colcon_core.package_identification:_identify(src/ugv_main/ugv_web_app) by extension 'colcon_pkg'
[0.412s] Level 1:colcon.colcon_core.package_identification:_identify(src/ugv_main/ugv_web_app) by extensions ['colcon_meta']
[0.412s] Level 1:colcon.colcon_core.package_identification:_identify(src/ugv_main/ugv_web_app) by extension 'colcon_meta'
[0.413s] Level 1:colcon.colcon_core.package_identification:_identify(src/ugv_main/ugv_web_app) by extensions ['ros']
[0.413s] Level 1:colcon.colcon_core.package_identification:_identify(src/ugv_main/ugv_web_app) by extension 'ros'
[0.413s] DEBUG:colcon.colcon_core.package_identification:Package 'src/ugv_main/ugv_web_app' with type 'ros.ament_python' and name 'ugv_web_app'
[0.413s] Level 1:colcon.colcon_core.package_discovery:discover_packages(recursive) using defaults
[0.413s] Level 1:colcon.colcon_core.package_discovery:discover_packages(ignore) discover
[0.413s] Level 1:colcon.colcon_core.package_discovery:discover_packages(ignore) using defaults
[0.413s] Level 1:colcon.colcon_core.package_discovery:discover_packages(path) discover
[0.413s] Level 1:colcon.colcon_core.package_discovery:discover_packages(path) using defaults
[0.468s] INFO:colcon.colcon_core.package_selection:Skipping not selected package 'ugv_bringup' in 'src/ugv_main/ugv_bringup'
[0.468s] INFO:colcon.colcon_core.package_selection:Skipping not selected package 'ugv_chat_ai' in 'src/ugv_main/ugv_chat_ai'
[0.468s] INFO:colcon.colcon_core.package_selection:Skipping not selected package 'ugv_description' in 'src/ugv_main/ugv_description'
[0.468s] INFO:colcon.colcon_core.package_selection:Skipping not selected package 'ugv_gazebo' in 'src/ugv_main/ugv_gazebo'
[0.468s] INFO:colcon.colcon_core.package_selection:Skipping not selected package 'ugv_nav' in 'src/ugv_main/ugv_nav'
[0.468s] INFO:colcon.colcon_core.package_selection:Skipping not selected package 'ugv_slam' in 'src/ugv_main/ugv_slam'
[0.468s] INFO:colcon.colcon_core.package_selection:Skipping not selected package 'ugv_tools' in 'src/ugv_main/ugv_tools'
[0.468s] INFO:colcon.colcon_core.package_selection:Skipping not selected package 'ugv_vision' in 'src/ugv_main/ugv_vision'
[0.468s] INFO:colcon.colcon_core.package_selection:Skipping not selected package 'ugv_web_app' in 'src/ugv_main/ugv_web_app'
[0.469s] Level 5:colcon.colcon_core.verb:set package 'apriltag' build argument 'cmake_args' from command line to 'None'
[0.469s] Level 5:colcon.colcon_core.verb:set package 'apriltag' build argument 'cmake_target' from command line to 'None'
[0.469s] Level 5:colcon.colcon_core.verb:set package 'apriltag' build argument 'cmake_target_skip_unavailable' from command line to 'False'
[0.469s] Level 5:colcon.colcon_core.verb:set package 'apriltag' build argument 'cmake_clean_cache' from command line to 'False'
[0.469s] Level 5:colcon.colcon_core.verb:set package 'apriltag' build argument 'cmake_clean_first' from command line to 'False'
[0.469s] Level 5:colcon.colcon_core.verb:set package 'apriltag' build argument 'cmake_force_configure' from command line to 'False'
[0.469s] Level 5:colcon.colcon_core.verb:set package 'apriltag' build argument 'ament_cmake_args' from command line to 'None'
[0.469s] Level 5:colcon.colcon_core.verb:set package 'apriltag' build argument 'catkin_cmake_args' from command line to 'None'
[0.469s] Level 5:colcon.colcon_core.verb:set package 'apriltag' build argument 'catkin_skip_building_tests' from command line to 'False'
[0.469s] DEBUG:colcon.colcon_core.verb:Building package 'apriltag' with the following arguments: {'ament_cmake_args': None, 'build_base': '/home/ws/ugv_ws/build/apriltag', 'catkin_cmake_args': None, 'catkin_skip_building_tests': False, 'cmake_args': None, 'cmake_clean_cache': False, 'cmake_clean_first': False, 'cmake_force_configure': False, 'cmake_target': None, 'cmake_target_skip_unavailable': False, 'install_base': '/home/ws/ugv_ws/install/apriltag', 'merge_install': False, 'path': '/home/ws/ugv_ws/src/ugv_else/apriltag_ros/apriltag', 'symlink_install': False, 'test_result_base': None}
[0.470s] Level 5:colcon.colcon_core.verb:set package 'apriltag_msgs' build argument 'cmake_args' from command line to 'None'
[0.470s] Level 5:colcon.colcon_core.verb:set package 'apriltag_msgs' build argument 'cmake_target' from command line to 'None'
[0.470s] Level 5:colcon.colcon_core.verb:set package 'apriltag_msgs' build argument 'cmake_target_skip_unavailable' from command line to 'False'
[0.470s] Level 5:colcon.colcon_core.verb:set package 'apriltag_msgs' build argument 'cmake_clean_cache' from command line to 'False'
[0.470s] Level 5:colcon.colcon_core.verb:set package 'apriltag_msgs' build argument 'cmake_clean_first' from command line to 'False'
[0.470s] Level 5:colcon.colcon_core.verb:set package 'apriltag_msgs' build argument 'cmake_force_configure' from command line to 'False'
[0.470s] Level 5:colcon.colcon_core.verb:set package 'apriltag_msgs' build argument 'ament_cmake_args' from command line to 'None'
[0.470s] Level 5:colcon.colcon_core.verb:set package 'apriltag_msgs' build argument 'catkin_cmake_args' from command line to 'None'
[0.470s] Level 5:colcon.colcon_core.verb:set package 'apriltag_msgs' build argument 'catkin_skip_building_tests' from command line to 'False'
[0.470s] DEBUG:colcon.colcon_core.verb:Building package 'apriltag_msgs' with the following arguments: {'ament_cmake_args': None, 'build_base': '/home/ws/ugv_ws/build/apriltag_msgs', 'catkin_cmake_args': None, 'catkin_skip_building_tests': False, 'cmake_args': None, 'cmake_clean_cache': False, 'cmake_clean_first': False, 'cmake_force_configure': False, 'cmake_target': None, 'cmake_target_skip_unavailable': False, 'install_base': '/home/ws/ugv_ws/install/apriltag_msgs', 'merge_install': False, 'path': '/home/ws/ugv_ws/src/ugv_else/apriltag_ros/apriltag_msgs', 'symlink_install': False, 'test_result_base': None}
[0.470s] Level 5:colcon.colcon_core.verb:set package 'cartographer' build argument 'cmake_args' from command line to 'None'
[0.470s] Level 5:colcon.colcon_core.verb:set package 'cartographer' build argument 'cmake_target' from command line to 'None'
[0.470s] Level 5:colcon.colcon_core.verb:set package 'cartographer' build argument 'cmake_target_skip_unavailable' from command line to 'False'
[0.470s] Level 5:colcon.colcon_core.verb:set package 'cartographer' build argument 'cmake_clean_cache' from command line to 'False'
[0.470s] Level 5:colcon.colcon_core.verb:set package 'cartographer' build argument 'cmake_clean_first' from command line to 'False'
[0.470s] Level 5:colcon.colcon_core.verb:set package 'cartographer' build argument 'cmake_force_configure' from command line to 'False'
[0.470s] Level 5:colcon.colcon_core.verb:set package 'cartographer' build argument 'ament_cmake_args' from command line to 'None'
[0.470s] Level 5:colcon.colcon_core.verb:set package 'cartographer' build argument 'catkin_cmake_args' from command line to 'None'
[0.470s] Level 5:colcon.colcon_core.verb:set package 'cartographer' build argument 'catkin_skip_building_tests' from command line to 'False'
[0.470s] DEBUG:colcon.colcon_core.verb:Building package 'cartographer' with the following arguments: {'ament_cmake_args': None, 'build_base': '/home/ws/ugv_ws/build/cartographer', 'catkin_cmake_args': None, 'catkin_skip_building_tests': False, 'cmake_args': None, 'cmake_clean_cache': False, 'cmake_clean_first': False, 'cmake_force_configure': False, 'cmake_target': None, 'cmake_target_skip_unavailable': False, 'install_base': '/home/ws/ugv_ws/install/cartographer', 'merge_install': False, 'path': '/home/ws/ugv_ws/src/ugv_else/cartographer', 'symlink_install': False, 'test_result_base': None}
[0.471s] Level 5:colcon.colcon_core.verb:set package 'costmap_converter_msgs' build argument 'cmake_args' from command line to 'None'
[0.471s] Level 5:colcon.colcon_core.verb:set package 'costmap_converter_msgs' build argument 'cmake_target' from command line to 'None'
[0.471s] Level 5:colcon.colcon_core.verb:set package 'costmap_converter_msgs' build argument 'cmake_target_skip_unavailable' from command line to 'False'
[0.471s] Level 5:colcon.colcon_core.verb:set package 'costmap_converter_msgs' build argument 'cmake_clean_cache' from command line to 'False'
[0.471s] Level 5:colcon.colcon_core.verb:set package 'costmap_converter_msgs' build argument 'cmake_clean_first' from command line to 'False'
[0.471s] Level 5:colcon.colcon_core.verb:set package 'costmap_converter_msgs' build argument 'cmake_force_configure' from command line to 'False'
[0.471s] Level 5:colcon.colcon_core.verb:set package 'costmap_converter_msgs' build argument 'ament_cmake_args' from command line to 'None'
[0.471s] Level 5:colcon.colcon_core.verb:set package 'costmap_converter_msgs' build argument 'catkin_cmake_args' from command line to 'None'
[0.471s] Level 5:colcon.colcon_core.verb:set package 'costmap_converter_msgs' build argument 'catkin_skip_building_tests' from command line to 'False'
[0.471s] DEBUG:colcon.colcon_core.verb:Building package 'costmap_converter_msgs' with the following arguments: {'ament_cmake_args': None, 'build_base': '/home/ws/ugv_ws/build/costmap_converter_msgs', 'catkin_cmake_args': None, 'catkin_skip_building_tests': False, 'cmake_args': None, 'cmake_clean_cache': False, 'cmake_clean_first': False, 'cmake_force_configure': False, 'cmake_target': None, 'cmake_target_skip_unavailable': False, 'install_base': '/home/ws/ugv_ws/install/costmap_converter_msgs', 'merge_install': False, 'path': '/home/ws/ugv_ws/src/ugv_else/costmap_converter/costmap_converter_msgs', 'symlink_install': False, 'test_result_base': None}
[0.471s] Level 5:colcon.colcon_core.verb:set package 'emcl2' build argument 'cmake_args' from command line to 'None'
[0.471s] Level 5:colcon.colcon_core.verb:set package 'emcl2' build argument 'cmake_target' from command line to 'None'
[0.471s] Level 5:colcon.colcon_core.verb:set package 'emcl2' build argument 'cmake_target_skip_unavailable' from command line to 'False'
[0.471s] Level 5:colcon.colcon_core.verb:set package 'emcl2' build argument 'cmake_clean_cache' from command line to 'False'
[0.471s] Level 5:colcon.colcon_core.verb:set package 'emcl2' build argument 'cmake_clean_first' from command line to 'False'
[0.472s] Level 5:colcon.colcon_core.verb:set package 'emcl2' build argument 'cmake_force_configure' from command line to 'False'
[0.472s] Level 5:colcon.colcon_core.verb:set package 'emcl2' build argument 'ament_cmake_args' from command line to 'None'
[0.472s] Level 5:colcon.colcon_core.verb:set package 'emcl2' build argument 'catkin_cmake_args' from command line to 'None'
[0.472s] Level 5:colcon.colcon_core.verb:set package 'emcl2' build argument 'catkin_skip_building_tests' from command line to 'False'
[0.472s] DEBUG:colcon.colcon_core.verb:Building package 'emcl2' with the following arguments: {'ament_cmake_args': None, 'build_base': '/home/ws/ugv_ws/build/emcl2', 'catkin_cmake_args': None, 'catkin_skip_building_tests': False, 'cmake_args': None, 'cmake_clean_cache': False, 'cmake_clean_first': False, 'cmake_force_configure': False, 'cmake_target': None, 'cmake_target_skip_unavailable': False, 'install_base': '/home/ws/ugv_ws/install/emcl2', 'merge_install': False, 'path': '/home/ws/ugv_ws/src/ugv_else/emcl2_ros2', 'symlink_install': False, 'test_result_base': None}
[0.472s] Level 5:colcon.colcon_core.verb:set package 'explore_lite' build argument 'cmake_args' from command line to 'None'
[0.472s] Level 5:colcon.colcon_core.verb:set package 'explore_lite' build argument 'cmake_target' from command line to 'None'
[0.472s] Level 5:colcon.colcon_core.verb:set package 'explore_lite' build argument 'cmake_target_skip_unavailable' from command line to 'False'
[0.472s] Level 5:colcon.colcon_core.verb:set package 'explore_lite' build argument 'cmake_clean_cache' from command line to 'False'
[0.472s] Level 5:colcon.colcon_core.verb:set package 'explore_lite' build argument 'cmake_clean_first' from command line to 'False'
[0.472s] Level 5:colcon.colcon_core.verb:set package 'explore_lite' build argument 'cmake_force_configure' from command line to 'False'
[0.472s] Level 5:colcon.colcon_core.verb:set package 'explore_lite' build argument 'ament_cmake_args' from command line to 'None'
[0.472s] Level 5:colcon.colcon_core.verb:set package 'explore_lite' build argument 'catkin_cmake_args' from command line to 'None'
[0.472s] Level 5:colcon.colcon_core.verb:set package 'explore_lite' build argument 'catkin_skip_building_tests' from command line to 'False'
[0.472s] DEBUG:colcon.colcon_core.verb:Building package 'explore_lite' with the following arguments: {'ament_cmake_args': None, 'build_base': '/home/ws/ugv_ws/build/explore_lite', 'catkin_cmake_args': None, 'catkin_skip_building_tests': False, 'cmake_args': None, 'cmake_clean_cache': False, 'cmake_clean_first': False, 'cmake_force_configure': False, 'cmake_target': None, 'cmake_target_skip_unavailable': False, 'install_base': '/home/ws/ugv_ws/install/explore_lite', 'merge_install': False, 'path': '/home/ws/ugv_ws/src/ugv_else/explore_lite', 'symlink_install': False, 'test_result_base': None}
[0.473s] Level 5:colcon.colcon_core.verb:set package 'ldlidar' build argument 'cmake_args' from command line to 'None'
[0.473s] Level 5:colcon.colcon_core.verb:set package 'ldlidar' build argument 'cmake_target' from command line to 'None'
[0.473s] Level 5:colcon.colcon_core.verb:set package 'ldlidar' build argument 'cmake_target_skip_unavailable' from command line to 'False'
[0.473s] Level 5:colcon.colcon_core.verb:set package 'ldlidar' build argument 'cmake_clean_cache' from command line to 'False'
[0.473s] Level 5:colcon.colcon_core.verb:set package 'ldlidar' build argument 'cmake_clean_first' from command line to 'False'
[0.473s] Level 5:colcon.colcon_core.verb:set package 'ldlidar' build argument 'cmake_force_configure' from command line to 'False'
[0.473s] Level 5:colcon.colcon_core.verb:set package 'ldlidar' build argument 'ament_cmake_args' from command line to 'None'
[0.473s] Level 5:colcon.colcon_core.verb:set package 'ldlidar' build argument 'catkin_cmake_args' from command line to 'None'
[0.473s] Level 5:colcon.colcon_core.verb:set package 'ldlidar' build argument 'catkin_skip_building_tests' from command line to 'False'
[0.473s] DEBUG:colcon.colcon_core.verb:Building package 'ldlidar' with the following arguments: {'ament_cmake_args': None, 'build_base': '/home/ws/ugv_ws/build/ldlidar', 'catkin_cmake_args': None, 'catkin_skip_building_tests': False, 'cmake_args': None, 'cmake_clean_cache': False, 'cmake_clean_first': False, 'cmake_force_configure': False, 'cmake_target': None, 'cmake_target_skip_unavailable': False, 'install_base': '/home/ws/ugv_ws/install/ldlidar', 'merge_install': False, 'path': '/home/ws/ugv_ws/src/ugv_else/ldlidar', 'symlink_install': False, 'test_result_base': None}
[0.473s] Level 5:colcon.colcon_core.verb:set package 'openslam_gmapping' build argument 'cmake_args' from command line to 'None'
[0.473s] Level 5:colcon.colcon_core.verb:set package 'openslam_gmapping' build argument 'cmake_target' from command line to 'None'
[0.473s] Level 5:colcon.colcon_core.verb:set package 'openslam_gmapping' build argument 'cmake_target_skip_unavailable' from command line to 'False'
[0.473s] Level 5:colcon.colcon_core.verb:set package 'openslam_gmapping' build argument 'cmake_clean_cache' from command line to 'False'
[0.473s] Level 5:colcon.colcon_core.verb:set package 'openslam_gmapping' build argument 'cmake_clean_first' from command line to 'False'
[0.473s] Level 5:colcon.colcon_core.verb:set package 'openslam_gmapping' build argument 'cmake_force_configure' from command line to 'False'
[0.473s] Level 5:colcon.colcon_core.verb:set package 'openslam_gmapping' build argument 'ament_cmake_args' from command line to 'None'
[0.473s] Level 5:colcon.colcon_core.verb:set package 'openslam_gmapping' build argument 'catkin_cmake_args' from command line to 'None'
[0.473s] Level 5:colcon.colcon_core.verb:set package 'openslam_gmapping' build argument 'catkin_skip_building_tests' from command line to 'False'
[0.473s] DEBUG:colcon.colcon_core.verb:Building package 'openslam_gmapping' with the following arguments: {'ament_cmake_args': None, 'build_base': '/home/ws/ugv_ws/build/openslam_gmapping', 'catkin_cmake_args': None, 'catkin_skip_building_tests': False, 'cmake_args': None, 'cmake_clean_cache': False, 'cmake_clean_first': False, 'cmake_force_configure': False, 'cmake_target': None, 'cmake_target_skip_unavailable': False, 'install_base': '/home/ws/ugv_ws/install/openslam_gmapping', 'merge_install': False, 'path': '/home/ws/ugv_ws/src/ugv_else/gmapping/openslam_gmapping', 'symlink_install': False, 'test_result_base': None}
[0.474s] Level 5:colcon.colcon_core.verb:set package 'rf2o_laser_odometry' build argument 'cmake_args' from command line to 'None'
[0.474s] Level 5:colcon.colcon_core.verb:set package 'rf2o_laser_odometry' build argument 'cmake_target' from command line to 'None'
[0.474s] Level 5:colcon.colcon_core.verb:set package 'rf2o_laser_odometry' build argument 'cmake_target_skip_unavailable' from command line to 'False'
[0.474s] Level 5:colcon.colcon_core.verb:set package 'rf2o_laser_odometry' build argument 'cmake_clean_cache' from command line to 'False'
[0.474s] Level 5:colcon.colcon_core.verb:set package 'rf2o_laser_odometry' build argument 'cmake_clean_first' from command line to 'False'
[0.474s] Level 5:colcon.colcon_core.verb:set package 'rf2o_laser_odometry' build argument 'cmake_force_configure' from command line to 'False'
[0.474s] Level 5:colcon.colcon_core.verb:set package 'rf2o_laser_odometry' build argument 'ament_cmake_args' from command line to 'None'
[0.474s] Level 5:colcon.colcon_core.verb:set package 'rf2o_laser_odometry' build argument 'catkin_cmake_args' from command line to 'None'
[0.474s] Level 5:colcon.colcon_core.verb:set package 'rf2o_laser_odometry' build argument 'catkin_skip_building_tests' from command line to 'False'
[0.474s] DEBUG:colcon.colcon_core.verb:Building package 'rf2o_laser_odometry' with the following arguments: {'ament_cmake_args': None, 'build_base': '/home/ws/ugv_ws/build/rf2o_laser_odometry', 'catkin_cmake_args': None, 'catkin_skip_building_tests': False, 'cmake_args': None, 'cmake_clean_cache': False, 'cmake_clean_first': False, 'cmake_force_configure': False, 'cmake_target': None, 'cmake_target_skip_unavailable': False, 'install_base': '/home/ws/ugv_ws/install/rf2o_laser_odometry', 'merge_install': False, 'path': '/home/ws/ugv_ws/src/ugv_else/rf2o_laser_odometry', 'symlink_install': False, 'test_result_base': None}
[0.474s] Level 5:colcon.colcon_core.verb:set package 'robot_pose_publisher' build argument 'cmake_args' from command line to 'None'
[0.474s] Level 5:colcon.colcon_core.verb:set package 'robot_pose_publisher' build argument 'cmake_target' from command line to 'None'
[0.474s] Level 5:colcon.colcon_core.verb:set package 'robot_pose_publisher' build argument 'cmake_target_skip_unavailable' from command line to 'False'
[0.474s] Level 5:colcon.colcon_core.verb:set package 'robot_pose_publisher' build argument 'cmake_clean_cache' from command line to 'False'
[0.474s] Level 5:colcon.colcon_core.verb:set package 'robot_pose_publisher' build argument 'cmake_clean_first' from command line to 'False'
[0.474s] Level 5:colcon.colcon_core.verb:set package 'robot_pose_publisher' build argument 'cmake_force_configure' from command line to 'False'
[0.474s] Level 5:colcon.colcon_core.verb:set package 'robot_pose_publisher' build argument 'ament_cmake_args' from command line to 'None'
[0.474s] Level 5:colcon.colcon_core.verb:set package 'robot_pose_publisher' build argument 'catkin_cmake_args' from command line to 'None'
[0.474s] Level 5:colcon.colcon_core.verb:set package 'robot_pose_publisher' build argument 'catkin_skip_building_tests' from command line to 'False'
[0.474s] DEBUG:colcon.colcon_core.verb:Building package 'robot_pose_publisher' with the following arguments: {'ament_cmake_args': None, 'build_base': '/home/ws/ugv_ws/build/robot_pose_publisher', 'catkin_cmake_args': None, 'catkin_skip_building_tests': False, 'cmake_args': None, 'cmake_clean_cache': False, 'cmake_clean_first': False, 'cmake_force_configure': False, 'cmake_target': None, 'cmake_target_skip_unavailable': False, 'install_base': '/home/ws/ugv_ws/install/robot_pose_publisher', 'merge_install': False, 'path': '/home/ws/ugv_ws/src/ugv_else/robot_pose_publisher', 'symlink_install': False, 'test_result_base': None}
[0.475s] Level 5:colcon.colcon_core.verb:set package 'ugv_base_node' build argument 'cmake_args' from command line to 'None'
[0.475s] Level 5:colcon.colcon_core.verb:set package 'ugv_base_node' build argument 'cmake_target' from command line to 'None'
[0.475s] Level 5:colcon.colcon_core.verb:set package 'ugv_base_node' build argument 'cmake_target_skip_unavailable' from command line to 'False'
[0.475s] Level 5:colcon.colcon_core.verb:set package 'ugv_base_node' build argument 'cmake_clean_cache' from command line to 'False'
[0.475s] Level 5:colcon.colcon_core.verb:set package 'ugv_base_node' build argument 'cmake_clean_first' from command line to 'False'
[0.475s] Level 5:colcon.colcon_core.verb:set package 'ugv_base_node' build argument 'cmake_force_configure' from command line to 'False'
[0.475s] Level 5:colcon.colcon_core.verb:set package 'ugv_base_node' build argument 'ament_cmake_args' from command line to 'None'
[0.475s] Level 5:colcon.colcon_core.verb:set package 'ugv_base_node' build argument 'catkin_cmake_args' from command line to 'None'
[0.475s] Level 5:colcon.colcon_core.verb:set package 'ugv_base_node' build argument 'catkin_skip_building_tests' from command line to 'False'
[0.475s] DEBUG:colcon.colcon_core.verb:Building package 'ugv_base_node' with the following arguments: {'ament_cmake_args': None, 'build_base': '/home/ws/ugv_ws/build/ugv_base_node', 'catkin_cmake_args': None, 'catkin_skip_building_tests': False, 'cmake_args': None, 'cmake_clean_cache': False, 'cmake_clean_first': False, 'cmake_force_configure': False, 'cmake_target': None, 'cmake_target_skip_unavailable': False, 'install_base': '/home/ws/ugv_ws/install/ugv_base_node', 'merge_install': False, 'path': '/home/ws/ugv_ws/src/ugv_main/ugv_base_node', 'symlink_install': False, 'test_result_base': None}
[0.475s] Level 5:colcon.colcon_core.verb:set package 'ugv_interface' build argument 'cmake_args' from command line to 'None'
[0.475s] Level 5:colcon.colcon_core.verb:set package 'ugv_interface' build argument 'cmake_target' from command line to 'None'
[0.475s] Level 5:colcon.colcon_core.verb:set package 'ugv_interface' build argument 'cmake_target_skip_unavailable' from command line to 'False'
[0.475s] Level 5:colcon.colcon_core.verb:set package 'ugv_interface' build argument 'cmake_clean_cache' from command line to 'False'
[0.475s] Level 5:colcon.colcon_core.verb:set package 'ugv_interface' build argument 'cmake_clean_first' from command line to 'False'
[0.475s] Level 5:colcon.colcon_core.verb:set package 'ugv_interface' build argument 'cmake_force_configure' from command line to 'False'
[0.475s] Level 5:colcon.colcon_core.verb:set package 'ugv_interface' build argument 'ament_cmake_args' from command line to 'None'
[0.475s] Level 5:colcon.colcon_core.verb:set package 'ugv_interface' build argument 'catkin_cmake_args' from command line to 'None'
[0.475s] Level 5:colcon.colcon_core.verb:set package 'ugv_interface' build argument 'catkin_skip_building_tests' from command line to 'False'
[0.475s] DEBUG:colcon.colcon_core.verb:Building package 'ugv_interface' with the following arguments: {'ament_cmake_args': None, 'build_base': '/home/ws/ugv_ws/build/ugv_interface', 'catkin_cmake_args': None, 'catkin_skip_building_tests': False, 'cmake_args': None, 'cmake_clean_cache': False, 'cmake_clean_first': False, 'cmake_force_configure': False, 'cmake_target': None, 'cmake_target_skip_unavailable': False, 'install_base': '/home/ws/ugv_ws/install/ugv_interface', 'merge_install': False, 'path': '/home/ws/ugv_ws/src/ugv_main/ugv_interface', 'symlink_install': False, 'test_result_base': None}
[0.476s] Level 5:colcon.colcon_core.verb:set package 'vizanti_cpp' build argument 'cmake_args' from command line to 'None'
[0.476s] Level 5:colcon.colcon_core.verb:set package 'vizanti_cpp' build argument 'cmake_target' from command line to 'None'
[0.476s] Level 5:colcon.colcon_core.verb:set package 'vizanti_cpp' build argument 'cmake_target_skip_unavailable' from command line to 'False'
[0.476s] Level 5:colcon.colcon_core.verb:set package 'vizanti_cpp' build argument 'cmake_clean_cache' from command line to 'False'
[0.476s] Level 5:colcon.colcon_core.verb:set package 'vizanti_cpp' build argument 'cmake_clean_first' from command line to 'False'
[0.476s] Level 5:colcon.colcon_core.verb:set package 'vizanti_cpp' build argument 'cmake_force_configure' from command line to 'False'
[0.476s] Level 5:colcon.colcon_core.verb:set package 'vizanti_cpp' build argument 'ament_cmake_args' from command line to 'None'
[0.476s] Level 5:colcon.colcon_core.verb:set package 'vizanti_cpp' build argument 'catkin_cmake_args' from command line to 'None'
[0.476s] Level 5:colcon.colcon_core.verb:set package 'vizanti_cpp' build argument 'catkin_skip_building_tests' from command line to 'False'
[0.476s] DEBUG:colcon.colcon_core.verb:Building package 'vizanti_cpp' with the following arguments: {'ament_cmake_args': None, 'build_base': '/home/ws/ugv_ws/build/vizanti_cpp', 'catkin_cmake_args': None, 'catkin_skip_building_tests': False, 'cmake_args': None, 'cmake_clean_cache': False, 'cmake_clean_first': False, 'cmake_force_configure': False, 'cmake_target': None, 'cmake_target_skip_unavailable': False, 'install_base': '/home/ws/ugv_ws/install/vizanti_cpp', 'merge_install': False, 'path': '/home/ws/ugv_ws/src/ugv_else/vizanti/vizanti_cpp', 'symlink_install': False, 'test_result_base': None}
[0.477s] Level 5:colcon.colcon_core.verb:set package 'vizanti_msgs' build argument 'cmake_args' from command line to 'None'
[0.477s] Level 5:colcon.colcon_core.verb:set package 'vizanti_msgs' build argument 'cmake_target' from command line to 'None'
[0.477s] Level 5:colcon.colcon_core.verb:set package 'vizanti_msgs' build argument 'cmake_target_skip_unavailable' from command line to 'False'
[0.477s] Level 5:colcon.colcon_core.verb:set package 'vizanti_msgs' build argument 'cmake_clean_cache' from command line to 'False'
[0.477s] Level 5:colcon.colcon_core.verb:set package 'vizanti_msgs' build argument 'cmake_clean_first' from command line to 'False'
[0.477s] Level 5:colcon.colcon_core.verb:set package 'vizanti_msgs' build argument 'cmake_force_configure' from command line to 'False'
[0.477s] Level 5:colcon.colcon_core.verb:set package 'vizanti_msgs' build argument 'ament_cmake_args' from command line to 'None'
[0.477s] Level 5:colcon.colcon_core.verb:set package 'vizanti_msgs' build argument 'catkin_cmake_args' from command line to 'None'
[0.477s] Level 5:colcon.colcon_core.verb:set package 'vizanti_msgs' build argument 'catkin_skip_building_tests' from command line to 'False'
[0.477s] DEBUG:colcon.colcon_core.verb:Building package 'vizanti_msgs' with the following arguments: {'ament_cmake_args': None, 'build_base': '/home/ws/ugv_ws/build/vizanti_msgs', 'catkin_cmake_args': None, 'catkin_skip_building_tests': False, 'cmake_args': None, 'cmake_clean_cache': False, 'cmake_clean_first': False, 'cmake_force_configure': False, 'cmake_target': None, 'cmake_target_skip_unavailable': False, 'install_base': '/home/ws/ugv_ws/install/vizanti_msgs', 'merge_install': False, 'path': '/home/ws/ugv_ws/src/ugv_else/vizanti/vizanti_msgs', 'symlink_install': False, 'test_result_base': None}
[0.477s] Level 5:colcon.colcon_core.verb:set package 'apriltag_ros' build argument 'cmake_args' from command line to 'None'
[0.477s] Level 5:colcon.colcon_core.verb:set package 'apriltag_ros' build argument 'cmake_target' from command line to 'None'
[0.477s] Level 5:colcon.colcon_core.verb:set package 'apriltag_ros' build argument 'cmake_target_skip_unavailable' from command line to 'False'
[0.477s] Level 5:colcon.colcon_core.verb:set package 'apriltag_ros' build argument 'cmake_clean_cache' from command line to 'False'
[0.477s] Level 5:colcon.colcon_core.verb:set package 'apriltag_ros' build argument 'cmake_clean_first' from command line to 'False'
[0.477s] Level 5:colcon.colcon_core.verb:set package 'apriltag_ros' build argument 'cmake_force_configure' from command line to 'False'
[0.477s] Level 5:colcon.colcon_core.verb:set package 'apriltag_ros' build argument 'ament_cmake_args' from command line to 'None'
[0.477s] Level 5:colcon.colcon_core.verb:set package 'apriltag_ros' build argument 'catkin_cmake_args' from command line to 'None'
[0.477s] Level 5:colcon.colcon_core.verb:set package 'apriltag_ros' build argument 'catkin_skip_building_tests' from command line to 'False'
[0.477s] DEBUG:colcon.colcon_core.verb:Building package 'apriltag_ros' with the following arguments: {'ament_cmake_args': None, 'build_base': '/home/ws/ugv_ws/build/apriltag_ros', 'catkin_cmake_args': None, 'catkin_skip_building_tests': False, 'cmake_args': None, 'cmake_clean_cache': False, 'cmake_clean_first': False, 'cmake_force_configure': False, 'cmake_target': None, 'cmake_target_skip_unavailable': False, 'install_base': '/home/ws/ugv_ws/install/apriltag_ros', 'merge_install': False, 'path': '/home/ws/ugv_ws/src/ugv_else/apriltag_ros/apriltag_ros', 'symlink_install': False, 'test_result_base': None}
[0.478s] Level 5:colcon.colcon_core.verb:set package 'costmap_converter' build argument 'cmake_args' from command line to 'None'
[0.478s] Level 5:colcon.colcon_core.verb:set package 'costmap_converter' build argument 'cmake_target' from command line to 'None'
[0.478s] Level 5:colcon.colcon_core.verb:set package 'costmap_converter' build argument 'cmake_target_skip_unavailable' from command line to 'False'
[0.478s] Level 5:colcon.colcon_core.verb:set package 'costmap_converter' build argument 'cmake_clean_cache' from command line to 'False'
[0.478s] Level 5:colcon.colcon_core.verb:set package 'costmap_converter' build argument 'cmake_clean_first' from command line to 'False'
[0.478s] Level 5:colcon.colcon_core.verb:set package 'costmap_converter' build argument 'cmake_force_configure' from command line to 'False'
[0.478s] Level 5:colcon.colcon_core.verb:set package 'costmap_converter' build argument 'ament_cmake_args' from command line to 'None'
[0.478s] Level 5:colcon.colcon_core.verb:set package 'costmap_converter' build argument 'catkin_cmake_args' from command line to 'None'
[0.478s] Level 5:colcon.colcon_core.verb:set package 'costmap_converter' build argument 'catkin_skip_building_tests' from command line to 'False'
[0.478s] DEBUG:colcon.colcon_core.verb:Building package 'costmap_converter' with the following arguments: {'ament_cmake_args': None, 'build_base': '/home/ws/ugv_ws/build/costmap_converter', 'catkin_cmake_args': None, 'catkin_skip_building_tests': False, 'cmake_args': None, 'cmake_clean_cache': False, 'cmake_clean_first': False, 'cmake_force_configure': False, 'cmake_target': None, 'cmake_target_skip_unavailable': False, 'install_base': '/home/ws/ugv_ws/install/costmap_converter', 'merge_install': False, 'path': '/home/ws/ugv_ws/src/ugv_else/costmap_converter/costmap_converter', 'symlink_install': False, 'test_result_base': None}
[0.478s] Level 5:colcon.colcon_core.verb:set package 'slam_gmapping' build argument 'cmake_args' from command line to 'None'
[0.478s] Level 5:colcon.colcon_core.verb:set package 'slam_gmapping' build argument 'cmake_target' from command line to 'None'
[0.478s] Level 5:colcon.colcon_core.verb:set package 'slam_gmapping' build argument 'cmake_target_skip_unavailable' from command line to 'False'
[0.478s] Level 5:colcon.colcon_core.verb:set package 'slam_gmapping' build argument 'cmake_clean_cache' from command line to 'False'
[0.478s] Level 5:colcon.colcon_core.verb:set package 'slam_gmapping' build argument 'cmake_clean_first' from command line to 'False'
[0.478s] Level 5:colcon.colcon_core.verb:set package 'slam_gmapping' build argument 'cmake_force_configure' from command line to 'False'
[0.478s] Level 5:colcon.colcon_core.verb:set package 'slam_gmapping' build argument 'ament_cmake_args' from command line to 'None'
[0.478s] Level 5:colcon.colcon_core.verb:set package 'slam_gmapping' build argument 'catkin_cmake_args' from command line to 'None'
[0.478s] Level 5:colcon.colcon_core.verb:set package 'slam_gmapping' build argument 'catkin_skip_building_tests' from command line to 'False'
[0.478s] DEBUG:colcon.colcon_core.verb:Building package 'slam_gmapping' with the following arguments: {'ament_cmake_args': None, 'build_base': '/home/ws/ugv_ws/build/slam_gmapping', 'catkin_cmake_args': None, 'catkin_skip_building_tests': False, 'cmake_args': None, 'cmake_clean_cache': False, 'cmake_clean_first': False, 'cmake_force_configure': False, 'cmake_target': None, 'cmake_target_skip_unavailable': False, 'install_base': '/home/ws/ugv_ws/install/slam_gmapping', 'merge_install': False, 'path': '/home/ws/ugv_ws/src/ugv_else/gmapping/slam_gmapping', 'symlink_install': False, 'test_result_base': None}
[0.479s] Level 5:colcon.colcon_core.verb:set package 'teb_msgs' build argument 'cmake_args' from command line to 'None'
[0.479s] Level 5:colcon.colcon_core.verb:set package 'teb_msgs' build argument 'cmake_target' from command line to 'None'
[0.479s] Level 5:colcon.colcon_core.verb:set package 'teb_msgs' build argument 'cmake_target_skip_unavailable' from command line to 'False'
[0.479s] Level 5:colcon.colcon_core.verb:set package 'teb_msgs' build argument 'cmake_clean_cache' from command line to 'False'
[0.479s] Level 5:colcon.colcon_core.verb:set package 'teb_msgs' build argument 'cmake_clean_first' from command line to 'False'
[0.479s] Level 5:colcon.colcon_core.verb:set package 'teb_msgs' build argument 'cmake_force_configure' from command line to 'False'
[0.479s] Level 5:colcon.colcon_core.verb:set package 'teb_msgs' build argument 'ament_cmake_args' from command line to 'None'
[0.479s] Level 5:colcon.colcon_core.verb:set package 'teb_msgs' build argument 'catkin_cmake_args' from command line to 'None'
[0.479s] Level 5:colcon.colcon_core.verb:set package 'teb_msgs' build argument 'catkin_skip_building_tests' from command line to 'False'
[0.479s] DEBUG:colcon.colcon_core.verb:Building package 'teb_msgs' with the following arguments: {'ament_cmake_args': None, 'build_base': '/home/ws/ugv_ws/build/teb_msgs', 'catkin_cmake_args': None, 'catkin_skip_building_tests': False, 'cmake_args': None, 'cmake_clean_cache': False, 'cmake_clean_first': False, 'cmake_force_configure': False, 'cmake_target': None, 'cmake_target_skip_unavailable': False, 'install_base': '/home/ws/ugv_ws/install/teb_msgs', 'merge_install': False, 'path': '/home/ws/ugv_ws/src/ugv_else/teb_local_planner/teb_msgs', 'symlink_install': False, 'test_result_base': None}
[0.479s] Level 5:colcon.colcon_core.verb:set package 'vizanti_demos' build argument 'cmake_args' from command line to 'None'
[0.479s] Level 5:colcon.colcon_core.verb:set package 'vizanti_demos' build argument 'cmake_target' from command line to 'None'
[0.479s] Level 5:colcon.colcon_core.verb:set package 'vizanti_demos' build argument 'cmake_target_skip_unavailable' from command line to 'False'
[0.479s] Level 5:colcon.colcon_core.verb:set package 'vizanti_demos' build argument 'cmake_clean_cache' from command line to 'False'
[0.479s] Level 5:colcon.colcon_core.verb:set package 'vizanti_demos' build argument 'cmake_clean_first' from command line to 'False'
[0.479s] Level 5:colcon.colcon_core.verb:set package 'vizanti_demos' build argument 'cmake_force_configure' from command line to 'False'
[0.480s] Level 5:colcon.colcon_core.verb:set package 'vizanti_demos' build argument 'ament_cmake_args' from command line to 'None'
[0.480s] Level 5:colcon.colcon_core.verb:set package 'vizanti_demos' build argument 'catkin_cmake_args' from command line to 'None'
[0.480s] Level 5:colcon.colcon_core.verb:set package 'vizanti_demos' build argument 'catkin_skip_building_tests' from command line to 'False'
[0.480s] DEBUG:colcon.colcon_core.verb:Building package 'vizanti_demos' with the following arguments: {'ament_cmake_args': None, 'build_base': '/home/ws/ugv_ws/build/vizanti_demos', 'catkin_cmake_args': None, 'catkin_skip_building_tests': False, 'cmake_args': None, 'cmake_clean_cache': False, 'cmake_clean_first': False, 'cmake_force_configure': False, 'cmake_target': None, 'cmake_target_skip_unavailable': False, 'install_base': '/home/ws/ugv_ws/install/vizanti_demos', 'merge_install': False, 'path': '/home/ws/ugv_ws/src/ugv_else/vizanti/vizanti_demos', 'symlink_install': False, 'test_result_base': None}
[0.480s] Level 5:colcon.colcon_core.verb:set package 'vizanti_server' build argument 'cmake_args' from command line to 'None'
[0.480s] Level 5:colcon.colcon_core.verb:set package 'vizanti_server' build argument 'cmake_target' from command line to 'None'
[0.480s] Level 5:colcon.colcon_core.verb:set package 'vizanti_server' build argument 'cmake_target_skip_unavailable' from command line to 'False'
[0.480s] Level 5:colcon.colcon_core.verb:set package 'vizanti_server' build argument 'cmake_clean_cache' from command line to 'False'
[0.480s] Level 5:colcon.colcon_core.verb:set package 'vizanti_server' build argument 'cmake_clean_first' from command line to 'False'
[0.480s] Level 5:colcon.colcon_core.verb:set package 'vizanti_server' build argument 'cmake_force_configure' from command line to 'False'
[0.480s] Level 5:colcon.colcon_core.verb:set package 'vizanti_server' build argument 'ament_cmake_args' from command line to 'None'
[0.480s] Level 5:colcon.colcon_core.verb:set package 'vizanti_server' build argument 'catkin_cmake_args' from command line to 'None'
[0.480s] Level 5:colcon.colcon_core.verb:set package 'vizanti_server' build argument 'catkin_skip_building_tests' from command line to 'False'
[0.480s] DEBUG:colcon.colcon_core.verb:Building package 'vizanti_server' with the following arguments: {'ament_cmake_args': None, 'build_base': '/home/ws/ugv_ws/build/vizanti_server', 'catkin_cmake_args': None, 'catkin_skip_building_tests': False, 'cmake_args': None, 'cmake_clean_cache': False, 'cmake_clean_first': False, 'cmake_force_configure': False, 'cmake_target': None, 'cmake_target_skip_unavailable': False, 'install_base': '/home/ws/ugv_ws/install/vizanti_server', 'merge_install': False, 'path': '/home/ws/ugv_ws/src/ugv_else/vizanti/vizanti_server', 'symlink_install': False, 'test_result_base': None}
[0.480s] Level 5:colcon.colcon_core.verb:set package 'teb_local_planner' build argument 'cmake_args' from command line to 'None'
[0.481s] Level 5:colcon.colcon_core.verb:set package 'teb_local_planner' build argument 'cmake_target' from command line to 'None'
[0.481s] Level 5:colcon.colcon_core.verb:set package 'teb_local_planner' build argument 'cmake_target_skip_unavailable' from command line to 'False'
[0.481s] Level 5:colcon.colcon_core.verb:set package 'teb_local_planner' build argument 'cmake_clean_cache' from command line to 'False'
[0.481s] Level 5:colcon.colcon_core.verb:set package 'teb_local_planner' build argument 'cmake_clean_first' from command line to 'False'
[0.481s] Level 5:colcon.colcon_core.verb:set package 'teb_local_planner' build argument 'cmake_force_configure' from command line to 'False'
[0.481s] Level 5:colcon.colcon_core.verb:set package 'teb_local_planner' build argument 'ament_cmake_args' from command line to 'None'
[0.481s] Level 5:colcon.colcon_core.verb:set package 'teb_local_planner' build argument 'catkin_cmake_args' from command line to 'None'
[0.481s] Level 5:colcon.colcon_core.verb:set package 'teb_local_planner' build argument 'catkin_skip_building_tests' from command line to 'False'
[0.481s] DEBUG:colcon.colcon_core.verb:Building package 'teb_local_planner' with the following arguments: {'ament_cmake_args': None, 'build_base': '/home/ws/ugv_ws/build/teb_local_planner', 'catkin_cmake_args': None, 'catkin_skip_building_tests': False, 'cmake_args': None, 'cmake_clean_cache': False, 'cmake_clean_first': False, 'cmake_force_configure': False, 'cmake_target': None, 'cmake_target_skip_unavailable': False, 'install_base': '/home/ws/ugv_ws/install/teb_local_planner', 'merge_install': False, 'path': '/home/ws/ugv_ws/src/ugv_else/teb_local_planner/teb_local_planner', 'symlink_install': False, 'test_result_base': None}
[0.481s] Level 5:colcon.colcon_core.verb:set package 'vizanti' build argument 'cmake_args' from command line to 'None'
[0.481s] Level 5:colcon.colcon_core.verb:set package 'vizanti' build argument 'cmake_target' from command line to 'None'
[0.481s] Level 5:colcon.colcon_core.verb:set package 'vizanti' build argument 'cmake_target_skip_unavailable' from command line to 'False'
[0.481s] Level 5:colcon.colcon_core.verb:set package 'vizanti' build argument 'cmake_clean_cache' from command line to 'False'
[0.481s] Level 5:colcon.colcon_core.verb:set package 'vizanti' build argument 'cmake_clean_first' from command line to 'False'
[0.481s] Level 5:colcon.colcon_core.verb:set package 'vizanti' build argument 'cmake_force_configure' from command line to 'False'
[0.481s] Level 5:colcon.colcon_core.verb:set package 'vizanti' build argument 'ament_cmake_args' from command line to 'None'
[0.481s] Level 5:colcon.colcon_core.verb:set package 'vizanti' build argument 'catkin_cmake_args' from command line to 'None'
[0.481s] Level 5:colcon.colcon_core.verb:set package 'vizanti' build argument 'catkin_skip_building_tests' from command line to 'False'
[0.481s] DEBUG:colcon.colcon_core.verb:Building package 'vizanti' with the following arguments: {'ament_cmake_args': None, 'build_base': '/home/ws/ugv_ws/build/vizanti', 'catkin_cmake_args': None, 'catkin_skip_building_tests': False, 'cmake_args': None, 'cmake_clean_cache': False, 'cmake_clean_first': False, 'cmake_force_configure': False, 'cmake_target': None, 'cmake_target_skip_unavailable': False, 'install_base': '/home/ws/ugv_ws/install/vizanti', 'merge_install': False, 'path': '/home/ws/ugv_ws/src/ugv_else/vizanti/vizanti', 'symlink_install': False, 'test_result_base': None}
[0.482s] INFO:colcon.colcon_core.executor:Executing jobs using 'parallel' executor
[0.483s] DEBUG:colcon.colcon_parallel_executor.executor.parallel:run_until_complete
[0.484s] INFO:colcon.colcon_ros.task.ament_cmake.build:Building ROS package in '/home/ws/ugv_ws/src/ugv_else/costmap_converter/costmap_converter_msgs' with build type 'ament_cmake'
[0.484s] INFO:colcon.colcon_cmake.task.cmake.build:Building CMake package in '/home/ws/ugv_ws/src/ugv_else/costmap_converter/costmap_converter_msgs'
[0.487s] INFO:colcon.colcon_core.plugin_system:Skipping extension 'colcon_core.shell.bat': Not used on non-Windows systems
[0.487s] INFO:colcon.colcon_core.shell:Skip shell extension 'powershell' for command environment: Not usable outside of PowerShell
[0.487s] DEBUG:colcon.colcon_core.shell:Skip shell extension 'dsv' for command environment
[0.488s] WARNING:colcon.colcon_ros.prefix_path.ament:The path '/home/ws/ugv_ws/install/ugv_tools' in the environment variable AMENT_PREFIX_PATH doesn't exist
[0.495s] INFO:colcon.colcon_ros.task.ament_cmake.build:Building ROS package in '/home/ws/ugv_ws/src/ugv_else/vizanti/vizanti_msgs' with build type 'ament_cmake'
[0.495s] INFO:colcon.colcon_cmake.task.cmake.build:Building CMake package in '/home/ws/ugv_ws/src/ugv_else/vizanti/vizanti_msgs'
[0.495s] INFO:colcon.colcon_core.shell:Skip shell extension 'powershell' for command environment: Not usable outside of PowerShell
[0.495s] DEBUG:colcon.colcon_core.shell:Skip shell extension 'dsv' for command environment
[0.501s] INFO:colcon.colcon_ros.task.cmake.build:Building ROS package in '/home/ws/ugv_ws/src/ugv_else/apriltag_ros/apriltag' with build type 'cmake'
[0.502s] INFO:colcon.colcon_cmake.task.cmake.build:Building CMake package in '/home/ws/ugv_ws/src/ugv_else/apriltag_ros/apriltag'
[0.502s] INFO:colcon.colcon_core.shell:Skip shell extension 'powershell' for command environment: Not usable outside of PowerShell
[0.502s] DEBUG:colcon.colcon_core.shell:Skip shell extension 'dsv' for command environment
[0.508s] INFO:colcon.colcon_ros.task.ament_cmake.build:Building ROS package in '/home/ws/ugv_ws/src/ugv_else/apriltag_ros/apriltag_msgs' with build type 'ament_cmake'
[0.508s] INFO:colcon.colcon_cmake.task.cmake.build:Building CMake package in '/home/ws/ugv_ws/src/ugv_else/apriltag_ros/apriltag_msgs'
[0.509s] INFO:colcon.colcon_core.shell:Skip shell extension 'powershell' for command environment: Not usable outside of PowerShell
[0.509s] DEBUG:colcon.colcon_core.shell:Skip shell extension 'dsv' for command environment
[0.520s] DEBUG:colcon.colcon_core.event_handler.log_command:Invoking command in '/home/ws/ugv_ws/build/costmap_converter_msgs': CMAKE_PREFIX_PATH=${CMAKE_PREFIX_PATH}:/home/ws/ugv_ws/install/ugv_web_app:/home/ws/ugv_ws/install/ugv_vision:/home/ws/ugv_ws/install/ugv_tools:/home/ws/ugv_ws/install/ugv_chat_ai:/home/ws/ugv_ws/install/ugv_bringup:/opt/ros/humble /usr/bin/cmake --build /home/ws/ugv_ws/build/costmap_converter_msgs -- -j4 -l4
[0.525s] DEBUG:colcon.colcon_core.event_handler.log_command:Invoking command in '/home/ws/ugv_ws/build/vizanti_msgs': CMAKE_PREFIX_PATH=${CMAKE_PREFIX_PATH}:/home/ws/ugv_ws/install/ugv_web_app:/home/ws/ugv_ws/install/ugv_vision:/home/ws/ugv_ws/install/ugv_tools:/home/ws/ugv_ws/install/ugv_chat_ai:/home/ws/ugv_ws/install/ugv_bringup:/opt/ros/humble /usr/bin/cmake --build /home/ws/ugv_ws/build/vizanti_msgs -- -j4 -l4
[0.537s] DEBUG:colcon.colcon_core.event_handler.log_command:Invoking command in '/home/ws/ugv_ws/build/apriltag': CMAKE_PREFIX_PATH=${CMAKE_PREFIX_PATH}:/home/ws/ugv_ws/install/ugv_web_app:/home/ws/ugv_ws/install/ugv_vision:/home/ws/ugv_ws/install/ugv_tools:/home/ws/ugv_ws/install/ugv_chat_ai:/home/ws/ugv_ws/install/ugv_bringup:/opt/ros/humble /usr/bin/cmake --build /home/ws/ugv_ws/build/apriltag -- -j4 -l4
[0.553s] DEBUG:colcon.colcon_core.event_handler.log_command:Invoking command in '/home/ws/ugv_ws/build/apriltag_msgs': CMAKE_PREFIX_PATH=${CMAKE_PREFIX_PATH}:/home/ws/ugv_ws/install/ugv_web_app:/home/ws/ugv_ws/install/ugv_vision:/home/ws/ugv_ws/install/ugv_tools:/home/ws/ugv_ws/install/ugv_chat_ai:/home/ws/ugv_ws/install/ugv_bringup:/opt/ros/humble /usr/bin/cmake --build /home/ws/ugv_ws/build/apriltag_msgs -- -j4 -l4
[1.460s] DEBUG:colcon.colcon_core.event_handler.log_command:Invoked command in '/home/ws/ugv_ws/build/apriltag' returned '0': CMAKE_PREFIX_PATH=${CMAKE_PREFIX_PATH}:/home/ws/ugv_ws/install/ugv_web_app:/home/ws/ugv_ws/install/ugv_vision:/home/ws/ugv_ws/install/ugv_tools:/home/ws/ugv_ws/install/ugv_chat_ai:/home/ws/ugv_ws/install/ugv_bringup:/opt/ros/humble /usr/bin/cmake --build /home/ws/ugv_ws/build/apriltag -- -j4 -l4
[1.612s] DEBUG:colcon.colcon_core.event_handler.log_command:Invoked command in '/home/ws/ugv_ws/build/vizanti_msgs' returned '0': CMAKE_PREFIX_PATH=${CMAKE_PREFIX_PATH}:/home/ws/ugv_ws/install/ugv_web_app:/home/ws/ugv_ws/install/ugv_vision:/home/ws/ugv_ws/install/ugv_tools:/home/ws/ugv_ws/install/ugv_chat_ai:/home/ws/ugv_ws/install/ugv_bringup:/opt/ros/humble /usr/bin/cmake --build /home/ws/ugv_ws/build/vizanti_msgs -- -j4 -l4
[1.664s] DEBUG:colcon.colcon_core.event_handler.log_command:Invoked command in '/home/ws/ugv_ws/build/costmap_converter_msgs' returned '0': CMAKE_PREFIX_PATH=${CMAKE_PREFIX_PATH}:/home/ws/ugv_ws/install/ugv_web_app:/home/ws/ugv_ws/install/ugv_vision:/home/ws/ugv_ws/install/ugv_tools:/home/ws/ugv_ws/install/ugv_chat_ai:/home/ws/ugv_ws/install/ugv_bringup:/opt/ros/humble /usr/bin/cmake --build /home/ws/ugv_ws/build/costmap_converter_msgs -- -j4 -l4
[1.682s] DEBUG:colcon.colcon_core.event_handler.log_command:Invoking command in '/home/ws/ugv_ws/build/apriltag': CMAKE_PREFIX_PATH=${CMAKE_PREFIX_PATH}:/home/ws/ugv_ws/install/ugv_web_app:/home/ws/ugv_ws/install/ugv_vision:/home/ws/ugv_ws/install/ugv_tools:/home/ws/ugv_ws/install/ugv_chat_ai:/home/ws/ugv_ws/install/ugv_bringup:/opt/ros/humble /usr/bin/cmake --install /home/ws/ugv_ws/build/apriltag
[1.687s] DEBUG:colcon.colcon_core.event_handler.log_command:Invoked command in '/home/ws/ugv_ws/build/apriltag_msgs' returned '0': CMAKE_PREFIX_PATH=${CMAKE_PREFIX_PATH}:/home/ws/ugv_ws/install/ugv_web_app:/home/ws/ugv_ws/install/ugv_vision:/home/ws/ugv_ws/install/ugv_tools:/home/ws/ugv_ws/install/ugv_chat_ai:/home/ws/ugv_ws/install/ugv_bringup:/opt/ros/humble /usr/bin/cmake --build /home/ws/ugv_ws/build/apriltag_msgs -- -j4 -l4
[1.709s] DEBUG:colcon.colcon_core.event_handler.log_command:Invoked command in '/home/ws/ugv_ws/build/apriltag' returned '0': CMAKE_PREFIX_PATH=${CMAKE_PREFIX_PATH}:/home/ws/ugv_ws/install/ugv_web_app:/home/ws/ugv_ws/install/ugv_vision:/home/ws/ugv_ws/install/ugv_tools:/home/ws/ugv_ws/install/ugv_chat_ai:/home/ws/ugv_ws/install/ugv_bringup:/opt/ros/humble /usr/bin/cmake --install /home/ws/ugv_ws/build/apriltag
[1.783s] DEBUG:colcon.colcon_core.event_handler.log_command:Invoking command in '/home/ws/ugv_ws/build/costmap_converter_msgs': CMAKE_PREFIX_PATH=${CMAKE_PREFIX_PATH}:/home/ws/ugv_ws/install/ugv_web_app:/home/ws/ugv_ws/install/ugv_vision:/home/ws/ugv_ws/install/ugv_tools:/home/ws/ugv_ws/install/ugv_chat_ai:/home/ws/ugv_ws/install/ugv_bringup:/opt/ros/humble /usr/bin/cmake --install /home/ws/ugv_ws/build/costmap_converter_msgs
[1.820s] DEBUG:colcon.colcon_core.event_handler.log_command:Invoking command in '/home/ws/ugv_ws/build/apriltag_msgs': CMAKE_PREFIX_PATH=${CMAKE_PREFIX_PATH}:/home/ws/ugv_ws/install/ugv_web_app:/home/ws/ugv_ws/install/ugv_vision:/home/ws/ugv_ws/install/ugv_tools:/home/ws/ugv_ws/install/ugv_chat_ai:/home/ws/ugv_ws/install/ugv_bringup:/opt/ros/humble /usr/bin/cmake --install /home/ws/ugv_ws/build/apriltag_msgs
[1.858s] Level 1:colcon.colcon_core.shell:create_environment_hook('apriltag', 'pkg_config_path')
[1.859s] INFO:colcon.colcon_core.shell:Creating environment hook '/home/ws/ugv_ws/install/apriltag/share/apriltag/hook/pkg_config_path.ps1'
[1.860s] INFO:colcon.colcon_core.shell:Creating environment descriptor '/home/ws/ugv_ws/install/apriltag/share/apriltag/hook/pkg_config_path.dsv'
[1.866s] INFO:colcon.colcon_core.shell:Creating environment hook '/home/ws/ugv_ws/install/apriltag/share/apriltag/hook/pkg_config_path.sh'
[1.870s] Level 1:colcon.colcon_core.shell:create_environment_hook('apriltag', 'pkg_config_path_multiarch')
[1.870s] INFO:colcon.colcon_core.shell:Creating environment hook '/home/ws/ugv_ws/install/apriltag/share/apriltag/hook/pkg_config_path_multiarch.ps1'
[1.871s] INFO:colcon.colcon_core.shell:Creating environment descriptor '/home/ws/ugv_ws/install/apriltag/share/apriltag/hook/pkg_config_path_multiarch.dsv'
[1.872s] INFO:colcon.colcon_core.shell:Creating environment hook '/home/ws/ugv_ws/install/apriltag/share/apriltag/hook/pkg_config_path_multiarch.sh'
[1.873s] Level 1:colcon.colcon_core.environment:create_environment_scripts_only(apriltag)
[1.878s] Level 1:colcon.colcon_core.environment:checking '/home/ws/ugv_ws/install/apriltag' for CMake module files
[1.879s] Level 1:colcon.colcon_core.environment:checking '/home/ws/ugv_ws/install/apriltag' for CMake config files
[1.879s] Level 1:colcon.colcon_core.shell:create_environment_hook('apriltag', 'cmake_prefix_path')
[1.880s] INFO:colcon.colcon_core.shell:Creating environment hook '/home/ws/ugv_ws/install/apriltag/share/apriltag/hook/cmake_prefix_path.ps1'
[1.881s] INFO:colcon.colcon_core.shell:Creating environment descriptor '/home/ws/ugv_ws/install/apriltag/share/apriltag/hook/cmake_prefix_path.dsv'
[1.882s] INFO:colcon.colcon_core.shell:Creating environment hook '/home/ws/ugv_ws/install/apriltag/share/apriltag/hook/cmake_prefix_path.sh'
[1.884s] Level 1:colcon.colcon_core.environment:checking '/home/ws/ugv_ws/install/apriltag/lib'
[1.884s] Level 1:colcon.colcon_core.shell:create_environment_hook('apriltag', 'ld_library_path_lib')
[1.885s] INFO:colcon.colcon_core.shell:Creating environment hook '/home/ws/ugv_ws/install/apriltag/share/apriltag/hook/ld_library_path_lib.ps1'
[1.885s] INFO:colcon.colcon_core.shell:Creating environment descriptor '/home/ws/ugv_ws/install/apriltag/share/apriltag/hook/ld_library_path_lib.dsv'
[1.887s] INFO:colcon.colcon_core.shell:Creating environment hook '/home/ws/ugv_ws/install/apriltag/share/apriltag/hook/ld_library_path_lib.sh'
[1.889s] Level 1:colcon.colcon_core.environment:checking '/home/ws/ugv_ws/install/apriltag/bin'
[1.890s] Level 1:colcon.colcon_core.shell:create_environment_hook('apriltag', 'path')
[1.891s] INFO:colcon.colcon_core.shell:Creating environment hook '/home/ws/ugv_ws/install/apriltag/share/apriltag/hook/path.ps1'
[1.892s] INFO:colcon.colcon_core.shell:Creating environment descriptor '/home/ws/ugv_ws/install/apriltag/share/apriltag/hook/path.dsv'
[1.896s] INFO:colcon.colcon_core.shell:Creating environment hook '/home/ws/ugv_ws/install/apriltag/share/apriltag/hook/path.sh'
[1.897s] Level 1:colcon.colcon_core.environment:checking '/home/ws/ugv_ws/install/apriltag/lib/pkgconfig/apriltag.pc'
[1.897s] Level 1:colcon.colcon_core.shell:create_environment_hook('apriltag', 'pkg_config')
[1.898s] INFO:colcon.colcon_core.shell:Creating environment hook '/home/ws/ugv_ws/install/apriltag/share/apriltag/hook/pkg_config.ps1'
[1.900s] INFO:colcon.colcon_core.shell:Creating environment descriptor '/home/ws/ugv_ws/install/apriltag/share/apriltag/hook/pkg_config.dsv'
[1.902s] INFO:colcon.colcon_core.shell:Creating environment hook '/home/ws/ugv_ws/install/apriltag/share/apriltag/hook/pkg_config.sh'
[1.908s] Level 1:colcon.colcon_core.environment:checking '/home/ws/ugv_ws/install/apriltag/lib/python3.10/site-packages'
[1.909s] Level 1:colcon.colcon_core.shell:create_environment_hook('apriltag', 'pythonpath')
[1.910s] INFO:colcon.colcon_core.shell:Creating environment hook '/home/ws/ugv_ws/install/apriltag/share/apriltag/hook/pythonpath.ps1'
[1.911s] INFO:colcon.colcon_core.shell:Creating environment descriptor '/home/ws/ugv_ws/install/apriltag/share/apriltag/hook/pythonpath.dsv'
[1.912s] INFO:colcon.colcon_core.shell:Creating environment hook '/home/ws/ugv_ws/install/apriltag/share/apriltag/hook/pythonpath.sh'
[1.915s] Level 1:colcon.colcon_core.environment:checking '/home/ws/ugv_ws/install/apriltag/bin'
[1.915s] Level 1:colcon.colcon_core.shell:create_environment_hook('apriltag', 'pythonscriptspath')
[1.916s] INFO:colcon.colcon_core.shell:Creating environment hook '/home/ws/ugv_ws/install/apriltag/share/apriltag/hook/pythonscriptspath.ps1'
[1.919s] INFO:colcon.colcon_core.shell:Creating environment descriptor '/home/ws/ugv_ws/install/apriltag/share/apriltag/hook/pythonscriptspath.dsv'
[1.924s] INFO:colcon.colcon_core.shell:Creating environment hook '/home/ws/ugv_ws/install/apriltag/share/apriltag/hook/pythonscriptspath.sh'
[1.927s] INFO:colcon.colcon_core.shell:Creating package script '/home/ws/ugv_ws/install/apriltag/share/apriltag/package.ps1'
[1.929s] INFO:colcon.colcon_core.shell:Creating package descriptor '/home/ws/ugv_ws/install/apriltag/share/apriltag/package.dsv'
[1.930s] INFO:colcon.colcon_core.shell:Creating package script '/home/ws/ugv_ws/install/apriltag/share/apriltag/package.sh'
[1.931s] INFO:colcon.colcon_core.shell:Creating package script '/home/ws/ugv_ws/install/apriltag/share/apriltag/package.bash'
[1.933s] INFO:colcon.colcon_core.shell:Creating package script '/home/ws/ugv_ws/install/apriltag/share/apriltag/package.zsh'
[1.934s] Level 1:colcon.colcon_core.environment:create_file_with_runtime_dependencies(/home/ws/ugv_ws/install/apriltag/share/colcon-core/packages/apriltag)
[1.935s] INFO:colcon.colcon_ros.task.ament_cmake.build:Building ROS package in '/home/ws/ugv_ws/src/ugv_else/gmapping/openslam_gmapping' with build type 'ament_cmake'
[1.935s] INFO:colcon.colcon_cmake.task.cmake.build:Building CMake package in '/home/ws/ugv_ws/src/ugv_else/gmapping/openslam_gmapping'
[1.935s] INFO:colcon.colcon_core.shell:Skip shell extension 'powershell' for command environment: Not usable outside of PowerShell
[1.935s] DEBUG:colcon.colcon_core.shell:Skip shell extension 'dsv' for command environment
[1.945s] Level 1:colcon.colcon_core.environment:create_environment_scripts_only(costmap_converter_msgs)
[1.945s] Level 1:colcon.colcon_core.environment:checking '/home/ws/ugv_ws/install/costmap_converter_msgs' for CMake module files
[1.946s] DEBUG:colcon.colcon_core.event_handler.log_command:Invoked command in '/home/ws/ugv_ws/build/costmap_converter_msgs' returned '0': CMAKE_PREFIX_PATH=${CMAKE_PREFIX_PATH}:/home/ws/ugv_ws/install/ugv_web_app:/home/ws/ugv_ws/install/ugv_vision:/home/ws/ugv_ws/install/ugv_tools:/home/ws/ugv_ws/install/ugv_chat_ai:/home/ws/ugv_ws/install/ugv_bringup:/opt/ros/humble /usr/bin/cmake --install /home/ws/ugv_ws/build/costmap_converter_msgs
[1.946s] Level 1:colcon.colcon_core.environment:checking '/home/ws/ugv_ws/install/costmap_converter_msgs' for CMake config files
[1.947s] Level 1:colcon.colcon_core.shell:create_environment_hook('costmap_converter_msgs', 'cmake_prefix_path')
[1.947s] INFO:colcon.colcon_core.shell:Creating environment hook '/home/ws/ugv_ws/install/costmap_converter_msgs/share/costmap_converter_msgs/hook/cmake_prefix_path.ps1'
[1.948s] INFO:colcon.colcon_core.shell:Creating environment descriptor '/home/ws/ugv_ws/install/costmap_converter_msgs/share/costmap_converter_msgs/hook/cmake_prefix_path.dsv'
[1.948s] INFO:colcon.colcon_core.shell:Creating environment hook '/home/ws/ugv_ws/install/costmap_converter_msgs/share/costmap_converter_msgs/hook/cmake_prefix_path.sh'
[1.949s] Level 1:colcon.colcon_core.environment:checking '/home/ws/ugv_ws/install/costmap_converter_msgs/lib'
[1.949s] Level 1:colcon.colcon_core.shell:create_environment_hook('costmap_converter_msgs', 'ld_library_path_lib')
[1.949s] INFO:colcon.colcon_core.shell:Creating environment hook '/home/ws/ugv_ws/install/costmap_converter_msgs/share/costmap_converter_msgs/hook/ld_library_path_lib.ps1'
[1.952s] INFO:colcon.colcon_core.shell:Creating environment descriptor '/home/ws/ugv_ws/install/costmap_converter_msgs/share/costmap_converter_msgs/hook/ld_library_path_lib.dsv'
[1.953s] INFO:colcon.colcon_core.shell:Creating environment hook '/home/ws/ugv_ws/install/costmap_converter_msgs/share/costmap_converter_msgs/hook/ld_library_path_lib.sh'
[1.953s] Level 1:colcon.colcon_core.environment:checking '/home/ws/ugv_ws/install/costmap_converter_msgs/bin'
[1.954s] Level 1:colcon.colcon_core.environment:checking '/home/ws/ugv_ws/install/costmap_converter_msgs/lib/pkgconfig/costmap_converter_msgs.pc'
[1.954s] Level 1:colcon.colcon_core.environment:checking '/home/ws/ugv_ws/install/costmap_converter_msgs/lib/python3.10/site-packages'
[1.954s] Level 1:colcon.colcon_core.environment:checking '/home/ws/ugv_ws/install/costmap_converter_msgs/bin'
[1.955s] INFO:colcon.colcon_core.shell:Creating package script '/home/ws/ugv_ws/install/costmap_converter_msgs/share/costmap_converter_msgs/package.ps1'
[1.955s] INFO:colcon.colcon_core.shell:Creating package descriptor '/home/ws/ugv_ws/install/costmap_converter_msgs/share/costmap_converter_msgs/package.dsv'
[1.956s] INFO:colcon.colcon_core.shell:Creating package script '/home/ws/ugv_ws/install/costmap_converter_msgs/share/costmap_converter_msgs/package.sh'
[1.956s] INFO:colcon.colcon_core.shell:Creating package script '/home/ws/ugv_ws/install/costmap_converter_msgs/share/costmap_converter_msgs/package.bash'
[1.957s] INFO:colcon.colcon_core.shell:Creating package script '/home/ws/ugv_ws/install/costmap_converter_msgs/share/costmap_converter_msgs/package.zsh'
[1.958s] Level 1:colcon.colcon_core.environment:create_file_with_runtime_dependencies(/home/ws/ugv_ws/install/costmap_converter_msgs/share/colcon-core/packages/costmap_converter_msgs)
[1.959s] Level 1:colcon.colcon_core.environment:create_environment_scripts_only(apriltag_msgs)
[1.960s] Level 1:colcon.colcon_core.environment:checking '/home/ws/ugv_ws/install/apriltag_msgs' for CMake module files
[1.960s] DEBUG:colcon.colcon_core.event_handler.log_command:Invoked command in '/home/ws/ugv_ws/build/apriltag_msgs' returned '0': CMAKE_PREFIX_PATH=${CMAKE_PREFIX_PATH}:/home/ws/ugv_ws/install/ugv_web_app:/home/ws/ugv_ws/install/ugv_vision:/home/ws/ugv_ws/install/ugv_tools:/home/ws/ugv_ws/install/ugv_chat_ai:/home/ws/ugv_ws/install/ugv_bringup:/opt/ros/humble /usr/bin/cmake --install /home/ws/ugv_ws/build/apriltag_msgs
[1.961s] Level 1:colcon.colcon_core.environment:checking '/home/ws/ugv_ws/install/apriltag_msgs' for CMake config files
[1.961s] Level 1:colcon.colcon_core.shell:create_environment_hook('apriltag_msgs', 'cmake_prefix_path')
[1.962s] INFO:colcon.colcon_core.shell:Creating environment hook '/home/ws/ugv_ws/install/apriltag_msgs/share/apriltag_msgs/hook/cmake_prefix_path.ps1'
[1.962s] INFO:colcon.colcon_core.shell:Creating environment descriptor '/home/ws/ugv_ws/install/apriltag_msgs/share/apriltag_msgs/hook/cmake_prefix_path.dsv'
[1.963s] INFO:colcon.colcon_core.shell:Creating environment hook '/home/ws/ugv_ws/install/apriltag_msgs/share/apriltag_msgs/hook/cmake_prefix_path.sh'
[1.964s] Level 1:colcon.colcon_core.environment:checking '/home/ws/ugv_ws/install/apriltag_msgs/lib'
[1.964s] Level 1:colcon.colcon_core.shell:create_environment_hook('apriltag_msgs', 'ld_library_path_lib')
[1.965s] INFO:colcon.colcon_core.shell:Creating environment hook '/home/ws/ugv_ws/install/apriltag_msgs/share/apriltag_msgs/hook/ld_library_path_lib.ps1'
[1.967s] INFO:colcon.colcon_core.shell:Creating environment descriptor '/home/ws/ugv_ws/install/apriltag_msgs/share/apriltag_msgs/hook/ld_library_path_lib.dsv'
[1.968s] INFO:colcon.colcon_core.shell:Creating environment hook '/home/ws/ugv_ws/install/apriltag_msgs/share/apriltag_msgs/hook/ld_library_path_lib.sh'
[1.968s] Level 1:colcon.colcon_core.environment:checking '/home/ws/ugv_ws/install/apriltag_msgs/bin'
[1.969s] Level 1:colcon.colcon_core.environment:checking '/home/ws/ugv_ws/install/apriltag_msgs/lib/pkgconfig/apriltag_msgs.pc'
[1.969s] Level 1:colcon.colcon_core.environment:checking '/home/ws/ugv_ws/install/apriltag_msgs/lib/python3.10/site-packages'
[1.969s] Level 1:colcon.colcon_core.environment:checking '/home/ws/ugv_ws/install/apriltag_msgs/bin'
[1.970s] INFO:colcon.colcon_core.shell:Creating package script '/home/ws/ugv_ws/install/apriltag_msgs/share/apriltag_msgs/package.ps1'
[1.970s] INFO:colcon.colcon_core.shell:Creating package descriptor '/home/ws/ugv_ws/install/apriltag_msgs/share/apriltag_msgs/package.dsv'
[1.971s] INFO:colcon.colcon_core.shell:Creating package script '/home/ws/ugv_ws/install/apriltag_msgs/share/apriltag_msgs/package.sh'
[1.972s] INFO:colcon.colcon_core.shell:Creating package script '/home/ws/ugv_ws/install/apriltag_msgs/share/apriltag_msgs/package.bash'
[1.972s] INFO:colcon.colcon_core.shell:Creating package script '/home/ws/ugv_ws/install/apriltag_msgs/share/apriltag_msgs/package.zsh'
[1.973s] Level 1:colcon.colcon_core.environment:create_file_with_runtime_dependencies(/home/ws/ugv_ws/install/apriltag_msgs/share/colcon-core/packages/apriltag_msgs)
[1.981s] DEBUG:colcon.colcon_core.event_handler.log_command:Invoking command in '/home/ws/ugv_ws/build/vizanti_msgs': CMAKE_PREFIX_PATH=${CMAKE_PREFIX_PATH}:/home/ws/ugv_ws/install/ugv_web_app:/home/ws/ugv_ws/install/ugv_vision:/home/ws/ugv_ws/install/ugv_tools:/home/ws/ugv_ws/install/ugv_chat_ai:/home/ws/ugv_ws/install/ugv_bringup:/opt/ros/humble /usr/bin/cmake --install /home/ws/ugv_ws/build/vizanti_msgs
[1.989s] DEBUG:colcon.colcon_core.event_handler.log_command:Invoking command in '/home/ws/ugv_ws/build/openslam_gmapping': CMAKE_PREFIX_PATH=${CMAKE_PREFIX_PATH}:/home/ws/ugv_ws/install/ugv_web_app:/home/ws/ugv_ws/install/ugv_vision:/home/ws/ugv_ws/install/ugv_tools:/home/ws/ugv_ws/install/ugv_chat_ai:/home/ws/ugv_ws/install/ugv_bringup:/opt/ros/humble /usr/bin/cmake --build /home/ws/ugv_ws/build/openslam_gmapping -- -j4 -l4
[2.110s] Level 1:colcon.colcon_core.environment:create_environment_scripts_only(costmap_converter_msgs)
[2.110s] Level 1:colcon.colcon_core.environment:checking '/home/ws/ugv_ws/install/costmap_converter_msgs' for CMake module files
[2.113s] Level 1:colcon.colcon_core.environment:checking '/home/ws/ugv_ws/install/costmap_converter_msgs' for CMake config files
[2.115s] Level 1:colcon.colcon_core.shell:create_environment_hook('costmap_converter_msgs', 'cmake_prefix_path')
[2.115s] INFO:colcon.colcon_core.shell:Creating environment hook '/home/ws/ugv_ws/install/costmap_converter_msgs/share/costmap_converter_msgs/hook/cmake_prefix_path.ps1'
[2.121s] INFO:colcon.colcon_core.shell:Creating environment descriptor '/home/ws/ugv_ws/install/costmap_converter_msgs/share/costmap_converter_msgs/hook/cmake_prefix_path.dsv'
[2.217s] INFO:colcon.colcon_core.shell:Creating environment hook '/home/ws/ugv_ws/install/costmap_converter_msgs/share/costmap_converter_msgs/hook/cmake_prefix_path.sh'
[2.218s] Level 1:colcon.colcon_core.environment:checking '/home/ws/ugv_ws/install/costmap_converter_msgs/lib'
[2.218s] Level 1:colcon.colcon_core.shell:create_environment_hook('costmap_converter_msgs', 'ld_library_path_lib')
[2.219s] INFO:colcon.colcon_core.shell:Creating environment hook '/home/ws/ugv_ws/install/costmap_converter_msgs/share/costmap_converter_msgs/hook/ld_library_path_lib.ps1'
[2.219s] INFO:colcon.colcon_core.shell:Creating environment descriptor '/home/ws/ugv_ws/install/costmap_converter_msgs/share/costmap_converter_msgs/hook/ld_library_path_lib.dsv'
[2.220s] INFO:colcon.colcon_core.shell:Creating environment hook '/home/ws/ugv_ws/install/costmap_converter_msgs/share/costmap_converter_msgs/hook/ld_library_path_lib.sh'
[2.220s] Level 1:colcon.colcon_core.environment:checking '/home/ws/ugv_ws/install/costmap_converter_msgs/bin'
[2.220s] Level 1:colcon.colcon_core.environment:checking '/home/ws/ugv_ws/install/costmap_converter_msgs/lib/pkgconfig/costmap_converter_msgs.pc'
[2.221s] Level 1:colcon.colcon_core.environment:checking '/home/ws/ugv_ws/install/costmap_converter_msgs/lib/python3.10/site-packages'
[2.221s] Level 1:colcon.colcon_core.environment:checking '/home/ws/ugv_ws/install/costmap_converter_msgs/bin'
[2.221s] INFO:colcon.colcon_core.shell:Creating package script '/home/ws/ugv_ws/install/costmap_converter_msgs/share/costmap_converter_msgs/package.ps1'
[2.222s] INFO:colcon.colcon_core.shell:Creating package descriptor '/home/ws/ugv_ws/install/costmap_converter_msgs/share/costmap_converter_msgs/package.dsv'
[2.222s] INFO:colcon.colcon_core.shell:Creating package script '/home/ws/ugv_ws/install/costmap_converter_msgs/share/costmap_converter_msgs/package.sh'
[2.223s] INFO:colcon.colcon_core.shell:Creating package script '/home/ws/ugv_ws/install/costmap_converter_msgs/share/costmap_converter_msgs/package.bash'
[2.227s] INFO:colcon.colcon_core.shell:Creating package script '/home/ws/ugv_ws/install/costmap_converter_msgs/share/costmap_converter_msgs/package.zsh'
[2.228s] Level 1:colcon.colcon_core.environment:create_file_with_runtime_dependencies(/home/ws/ugv_ws/install/costmap_converter_msgs/share/colcon-core/packages/costmap_converter_msgs)
[2.229s] INFO:colcon.colcon_ros.task.ament_cmake.build:Building ROS package in '/home/ws/ugv_ws/src/ugv_else/costmap_converter/costmap_converter' with build type 'ament_cmake'
[2.229s] INFO:colcon.colcon_cmake.task.cmake.build:Building CMake package in '/home/ws/ugv_ws/src/ugv_else/costmap_converter/costmap_converter'
[2.229s] INFO:colcon.colcon_core.shell:Skip shell extension 'powershell' for command environment: Not usable outside of PowerShell
[2.229s] DEBUG:colcon.colcon_core.shell:Skip shell extension 'dsv' for command environment
[2.237s] Level 1:colcon.colcon_core.environment:create_environment_scripts_only(apriltag_msgs)
[2.237s] Level 1:colcon.colcon_core.environment:checking '/home/ws/ugv_ws/install/apriltag_msgs' for CMake module files
[2.238s] Level 1:colcon.colcon_core.environment:checking '/home/ws/ugv_ws/install/apriltag_msgs' for CMake config files
[2.238s] Level 1:colcon.colcon_core.shell:create_environment_hook('apriltag_msgs', 'cmake_prefix_path')
[2.239s] INFO:colcon.colcon_core.shell:Creating environment hook '/home/ws/ugv_ws/install/apriltag_msgs/share/apriltag_msgs/hook/cmake_prefix_path.ps1'
[2.239s] INFO:colcon.colcon_core.shell:Creating environment descriptor '/home/ws/ugv_ws/install/apriltag_msgs/share/apriltag_msgs/hook/cmake_prefix_path.dsv'
[2.240s] INFO:colcon.colcon_core.shell:Creating environment hook '/home/ws/ugv_ws/install/apriltag_msgs/share/apriltag_msgs/hook/cmake_prefix_path.sh'
[2.240s] Level 1:colcon.colcon_core.environment:checking '/home/ws/ugv_ws/install/apriltag_msgs/lib'
[2.240s] Level 1:colcon.colcon_core.shell:create_environment_hook('apriltag_msgs', 'ld_library_path_lib')
[2.241s] INFO:colcon.colcon_core.shell:Creating environment hook '/home/ws/ugv_ws/install/apriltag_msgs/share/apriltag_msgs/hook/ld_library_path_lib.ps1'
[2.241s] INFO:colcon.colcon_core.shell:Creating environment descriptor '/home/ws/ugv_ws/install/apriltag_msgs/share/apriltag_msgs/hook/ld_library_path_lib.dsv'
[2.241s] INFO:colcon.colcon_core.shell:Creating environment hook '/home/ws/ugv_ws/install/apriltag_msgs/share/apriltag_msgs/hook/ld_library_path_lib.sh'
[2.242s] Level 1:colcon.colcon_core.environment:checking '/home/ws/ugv_ws/install/apriltag_msgs/bin'
[2.242s] Level 1:colcon.colcon_core.environment:checking '/home/ws/ugv_ws/install/apriltag_msgs/lib/pkgconfig/apriltag_msgs.pc'
[2.243s] Level 1:colcon.colcon_core.environment:checking '/home/ws/ugv_ws/install/apriltag_msgs/lib/python3.10/site-packages'
[2.243s] Level 1:colcon.colcon_core.environment:checking '/home/ws/ugv_ws/install/apriltag_msgs/bin'
[2.243s] INFO:colcon.colcon_core.shell:Creating package script '/home/ws/ugv_ws/install/apriltag_msgs/share/apriltag_msgs/package.ps1'
[2.244s] INFO:colcon.colcon_core.shell:Creating package descriptor '/home/ws/ugv_ws/install/apriltag_msgs/share/apriltag_msgs/package.dsv'
[2.245s] INFO:colcon.colcon_core.shell:Creating package script '/home/ws/ugv_ws/install/apriltag_msgs/share/apriltag_msgs/package.sh'
[2.248s] INFO:colcon.colcon_core.shell:Creating package script '/home/ws/ugv_ws/install/apriltag_msgs/share/apriltag_msgs/package.bash'
[2.249s] INFO:colcon.colcon_core.shell:Creating package script '/home/ws/ugv_ws/install/apriltag_msgs/share/apriltag_msgs/package.zsh'
[2.249s] Level 1:colcon.colcon_core.environment:create_file_with_runtime_dependencies(/home/ws/ugv_ws/install/apriltag_msgs/share/colcon-core/packages/apriltag_msgs)
[2.250s] Level 1:colcon.colcon_core.environment:create_environment_scripts_only(vizanti_msgs)
[2.251s] Level 1:colcon.colcon_core.environment:checking '/home/ws/ugv_ws/install/vizanti_msgs' for CMake module files
[2.252s] DEBUG:colcon.colcon_core.event_handler.log_command:Invoked command in '/home/ws/ugv_ws/build/vizanti_msgs' returned '0': CMAKE_PREFIX_PATH=${CMAKE_PREFIX_PATH}:/home/ws/ugv_ws/install/ugv_web_app:/home/ws/ugv_ws/install/ugv_vision:/home/ws/ugv_ws/install/ugv_tools:/home/ws/ugv_ws/install/ugv_chat_ai:/home/ws/ugv_ws/install/ugv_bringup:/opt/ros/humble /usr/bin/cmake --install /home/ws/ugv_ws/build/vizanti_msgs
[2.252s] Level 1:colcon.colcon_core.environment:checking '/home/ws/ugv_ws/install/vizanti_msgs' for CMake config files
[2.253s] Level 1:colcon.colcon_core.shell:create_environment_hook('vizanti_msgs', 'cmake_prefix_path')
[2.253s] INFO:colcon.colcon_core.shell:Creating environment hook '/home/ws/ugv_ws/install/vizanti_msgs/share/vizanti_msgs/hook/cmake_prefix_path.ps1'
[2.253s] INFO:colcon.colcon_core.shell:Creating environment descriptor '/home/ws/ugv_ws/install/vizanti_msgs/share/vizanti_msgs/hook/cmake_prefix_path.dsv'
[2.254s] INFO:colcon.colcon_core.shell:Creating environment hook '/home/ws/ugv_ws/install/vizanti_msgs/share/vizanti_msgs/hook/cmake_prefix_path.sh'
[2.254s] Level 1:colcon.colcon_core.environment:checking '/home/ws/ugv_ws/install/vizanti_msgs/lib'
[2.254s] Level 1:colcon.colcon_core.shell:create_environment_hook('vizanti_msgs', 'ld_library_path_lib')
[2.255s] INFO:colcon.colcon_core.shell:Creating environment hook '/home/ws/ugv_ws/install/vizanti_msgs/share/vizanti_msgs/hook/ld_library_path_lib.ps1'
[2.255s] INFO:colcon.colcon_core.shell:Creating environment descriptor '/home/ws/ugv_ws/install/vizanti_msgs/share/vizanti_msgs/hook/ld_library_path_lib.dsv'
[2.256s] INFO:colcon.colcon_core.shell:Creating environment hook '/home/ws/ugv_ws/install/vizanti_msgs/share/vizanti_msgs/hook/ld_library_path_lib.sh'
[2.256s] Level 1:colcon.colcon_core.environment:checking '/home/ws/ugv_ws/install/vizanti_msgs/bin'
[2.256s] Level 1:colcon.colcon_core.environment:checking '/home/ws/ugv_ws/install/vizanti_msgs/lib/pkgconfig/vizanti_msgs.pc'
[2.257s] Level 1:colcon.colcon_core.environment:checking '/home/ws/ugv_ws/install/vizanti_msgs/lib/python3.10/site-packages'
[2.257s] Level 1:colcon.colcon_core.environment:checking '/home/ws/ugv_ws/install/vizanti_msgs/bin'
[2.257s] INFO:colcon.colcon_core.shell:Creating package script '/home/ws/ugv_ws/install/vizanti_msgs/share/vizanti_msgs/package.ps1'
[2.258s] INFO:colcon.colcon_core.shell:Creating package descriptor '/home/ws/ugv_ws/install/vizanti_msgs/share/vizanti_msgs/package.dsv'
[2.259s] INFO:colcon.colcon_core.shell:Creating package script '/home/ws/ugv_ws/install/vizanti_msgs/share/vizanti_msgs/package.sh'
[2.262s] INFO:colcon.colcon_core.shell:Creating package script '/home/ws/ugv_ws/install/vizanti_msgs/share/vizanti_msgs/package.bash'
[2.263s] INFO:colcon.colcon_core.shell:Creating package script '/home/ws/ugv_ws/install/vizanti_msgs/share/vizanti_msgs/package.zsh'
[2.263s] Level 1:colcon.colcon_core.environment:create_file_with_runtime_dependencies(/home/ws/ugv_ws/install/vizanti_msgs/share/colcon-core/packages/vizanti_msgs)
[2.265s] DEBUG:colcon.colcon_core.event_handler.log_command:Invoked command in '/home/ws/ugv_ws/build/openslam_gmapping' returned '0': CMAKE_PREFIX_PATH=${CMAKE_PREFIX_PATH}:/home/ws/ugv_ws/install/ugv_web_app:/home/ws/ugv_ws/install/ugv_vision:/home/ws/ugv_ws/install/ugv_tools:/home/ws/ugv_ws/install/ugv_chat_ai:/home/ws/ugv_ws/install/ugv_bringup:/opt/ros/humble /usr/bin/cmake --build /home/ws/ugv_ws/build/openslam_gmapping -- -j4 -l4
[2.267s] INFO:colcon.colcon_ros.task.ament_cmake.build:Building ROS package in '/home/ws/ugv_ws/src/ugv_else/teb_local_planner/teb_msgs' with build type 'ament_cmake'
[2.267s] INFO:colcon.colcon_cmake.task.cmake.build:Building CMake package in '/home/ws/ugv_ws/src/ugv_else/teb_local_planner/teb_msgs'
[2.268s] INFO:colcon.colcon_core.shell:Skip shell extension 'powershell' for command environment: Not usable outside of PowerShell
[2.268s] DEBUG:colcon.colcon_core.shell:Skip shell extension 'dsv' for command environment
[2.285s] DEBUG:colcon.colcon_core.event_handler.log_command:Invoking command in '/home/ws/ugv_ws/build/costmap_converter': CMAKE_PREFIX_PATH=/home/ws/ugv_ws/install/costmap_converter_msgs:/home/ws/ugv_ws/install/vizanti:/home/ws/ugv_ws/install/vizanti_server:/home/ws/ugv_ws/install/vizanti_demos:/home/ws/ugv_ws/install/vizanti_msgs:/home/ws/ugv_ws/install/vizanti_cpp:/home/ws/ugv_ws/install/ugv_slam:/home/ws/ugv_ws/install/ugv_nav:/home/ws/ugv_ws/install/ugv_interface:/home/ws/ugv_ws/install/ugv_gazebo:/home/ws/ugv_ws/install/ugv_description:/home/ws/ugv_ws/install/ugv_base_node:/home/ws/ugv_ws/install/teb_local_planner:/home/ws/ugv_ws/install/teb_msgs:/home/ws/ugv_ws/install/slam_gmapping:/home/ws/ugv_ws/install/robot_pose_publisher:/home/ws/ugv_ws/install/rf2o_laser_odometry:/home/ws/ugv_ws/install/openslam_gmapping:/home/ws/ugv_ws/install/ldlidar:/home/ws/ugv_ws/install/explore_lite:/home/ws/ugv_ws/install/emcl2:/home/ws/ugv_ws/install/costmap_converter:/home/ws/ugv_ws/install/cartographer:/home/ws/ugv_ws/install/apriltag_ros:/home/ws/ugv_ws/install/apriltag_msgs:/home/ws/ugv_ws/install/apriltag:/home/ws/ugv_ws/install/ugv_web_app:/home/ws/ugv_ws/install/ugv_vision:/home/ws/ugv_ws/install/ugv_tools:/home/ws/ugv_ws/install/ugv_chat_ai:/home/ws/ugv_ws/install/ugv_bringup:/opt/ros/humble LD_LIBRARY_PATH=/home/ws/ugv_ws/install/costmap_converter_msgs/lib:/home/ws/ugv_ws/install/vizanti_msgs/lib:/home/ws/ugv_ws/install/ugv_interface/lib:/home/ws/ugv_ws/install/teb_local_planner/lib:/home/ws/ugv_ws/install/teb_msgs/lib:/home/ws/ugv_ws/install/openslam_gmapping/lib:/home/ws/ugv_ws/install/costmap_converter/lib:/home/ws/ugv_ws/install/apriltag_ros/lib:/home/ws/ugv_ws/install/apriltag_msgs/lib:/home/ws/ugv_ws/install/apriltag/lib:/opt/ros/humble/opt/rviz_ogre_vendor/lib:/opt/ros/humble/lib/aarch64-linux-gnu:/opt/ros/humble/lib /usr/bin/cmake --build /home/ws/ugv_ws/build/costmap_converter -- -j4 -l4
[2.296s] DEBUG:colcon.colcon_core.event_handler.log_command:Invoking command in '/home/ws/ugv_ws/build/teb_msgs': CMAKE_PREFIX_PATH=/home/ws/ugv_ws/install/costmap_converter_msgs:/home/ws/ugv_ws/install/vizanti:/home/ws/ugv_ws/install/vizanti_server:/home/ws/ugv_ws/install/vizanti_demos:/home/ws/ugv_ws/install/vizanti_msgs:/home/ws/ugv_ws/install/vizanti_cpp:/home/ws/ugv_ws/install/ugv_slam:/home/ws/ugv_ws/install/ugv_nav:/home/ws/ugv_ws/install/ugv_interface:/home/ws/ugv_ws/install/ugv_gazebo:/home/ws/ugv_ws/install/ugv_description:/home/ws/ugv_ws/install/ugv_base_node:/home/ws/ugv_ws/install/teb_local_planner:/home/ws/ugv_ws/install/teb_msgs:/home/ws/ugv_ws/install/slam_gmapping:/home/ws/ugv_ws/install/robot_pose_publisher:/home/ws/ugv_ws/install/rf2o_laser_odometry:/home/ws/ugv_ws/install/openslam_gmapping:/home/ws/ugv_ws/install/ldlidar:/home/ws/ugv_ws/install/explore_lite:/home/ws/ugv_ws/install/emcl2:/home/ws/ugv_ws/install/costmap_converter:/home/ws/ugv_ws/install/cartographer:/home/ws/ugv_ws/install/apriltag_ros:/home/ws/ugv_ws/install/apriltag_msgs:/home/ws/ugv_ws/install/apriltag:/home/ws/ugv_ws/install/ugv_web_app:/home/ws/ugv_ws/install/ugv_vision:/home/ws/ugv_ws/install/ugv_tools:/home/ws/ugv_ws/install/ugv_chat_ai:/home/ws/ugv_ws/install/ugv_bringup:/opt/ros/humble LD_LIBRARY_PATH=/home/ws/ugv_ws/install/costmap_converter_msgs/lib:/home/ws/ugv_ws/install/vizanti_msgs/lib:/home/ws/ugv_ws/install/ugv_interface/lib:/home/ws/ugv_ws/install/teb_local_planner/lib:/home/ws/ugv_ws/install/teb_msgs/lib:/home/ws/ugv_ws/install/openslam_gmapping/lib:/home/ws/ugv_ws/install/costmap_converter/lib:/home/ws/ugv_ws/install/apriltag_ros/lib:/home/ws/ugv_ws/install/apriltag_msgs/lib:/home/ws/ugv_ws/install/apriltag/lib:/opt/ros/humble/opt/rviz_ogre_vendor/lib:/opt/ros/humble/lib/aarch64-linux-gnu:/opt/ros/humble/lib /usr/bin/cmake --build /home/ws/ugv_ws/build/teb_msgs -- -j4 -l4
[2.316s] DEBUG:colcon.colcon_core.event_handler.log_command:Invoking command in '/home/ws/ugv_ws/build/openslam_gmapping': CMAKE_PREFIX_PATH=${CMAKE_PREFIX_PATH}:/home/ws/ugv_ws/install/ugv_web_app:/home/ws/ugv_ws/install/ugv_vision:/home/ws/ugv_ws/install/ugv_tools:/home/ws/ugv_ws/install/ugv_chat_ai:/home/ws/ugv_ws/install/ugv_bringup:/opt/ros/humble /usr/bin/cmake --install /home/ws/ugv_ws/build/openslam_gmapping
[2.333s] Level 1:colcon.colcon_core.environment:create_environment_scripts_only(openslam_gmapping)
[2.334s] Level 1:colcon.colcon_core.environment:checking '/home/ws/ugv_ws/install/openslam_gmapping' for CMake module files
[2.335s] Level 1:colcon.colcon_core.environment:checking '/home/ws/ugv_ws/install/openslam_gmapping' for CMake config files
[2.342s] Level 1:colcon.colcon_core.shell:create_environment_hook('openslam_gmapping', 'cmake_prefix_path')
[2.342s] INFO:colcon.colcon_core.shell:Creating environment hook '/home/ws/ugv_ws/install/openslam_gmapping/share/openslam_gmapping/hook/cmake_prefix_path.ps1'
[2.347s] INFO:colcon.colcon_core.shell:Creating environment descriptor '/home/ws/ugv_ws/install/openslam_gmapping/share/openslam_gmapping/hook/cmake_prefix_path.dsv'
[2.349s] DEBUG:colcon.colcon_core.event_handler.log_command:Invoked command in '/home/ws/ugv_ws/build/openslam_gmapping' returned '0': CMAKE_PREFIX_PATH=${CMAKE_PREFIX_PATH}:/home/ws/ugv_ws/install/ugv_web_app:/home/ws/ugv_ws/install/ugv_vision:/home/ws/ugv_ws/install/ugv_tools:/home/ws/ugv_ws/install/ugv_chat_ai:/home/ws/ugv_ws/install/ugv_bringup:/opt/ros/humble /usr/bin/cmake --install /home/ws/ugv_ws/build/openslam_gmapping
[2.351s] INFO:colcon.colcon_core.shell:Creating environment hook '/home/ws/ugv_ws/install/openslam_gmapping/share/openslam_gmapping/hook/cmake_prefix_path.sh'
[2.356s] Level 1:colcon.colcon_core.environment:checking '/home/ws/ugv_ws/install/openslam_gmapping/lib'
[2.357s] Level 1:colcon.colcon_core.environment:checking '/home/ws/ugv_ws/install/openslam_gmapping/bin'
[2.357s] Level 1:colcon.colcon_core.environment:checking '/home/ws/ugv_ws/install/openslam_gmapping/lib/pkgconfig/openslam_gmapping.pc'
[2.357s] Level 1:colcon.colcon_core.environment:checking '/home/ws/ugv_ws/install/openslam_gmapping/lib/python3.10/site-packages'
[2.358s] Level 1:colcon.colcon_core.environment:checking '/home/ws/ugv_ws/install/openslam_gmapping/bin'
[2.359s] INFO:colcon.colcon_core.shell:Creating package script '/home/ws/ugv_ws/install/openslam_gmapping/share/openslam_gmapping/package.ps1'
[2.365s] INFO:colcon.colcon_core.shell:Creating package descriptor '/home/ws/ugv_ws/install/openslam_gmapping/share/openslam_gmapping/package.dsv'
[2.366s] INFO:colcon.colcon_core.shell:Creating package script '/home/ws/ugv_ws/install/openslam_gmapping/share/openslam_gmapping/package.sh'
[2.368s] INFO:colcon.colcon_core.shell:Creating package script '/home/ws/ugv_ws/install/openslam_gmapping/share/openslam_gmapping/package.bash'
[2.369s] INFO:colcon.colcon_core.shell:Creating package script '/home/ws/ugv_ws/install/openslam_gmapping/share/openslam_gmapping/package.zsh'
[2.373s] Level 1:colcon.colcon_core.environment:create_file_with_runtime_dependencies(/home/ws/ugv_ws/install/openslam_gmapping/share/colcon-core/packages/openslam_gmapping)
[2.445s] Level 1:colcon.colcon_core.environment:create_environment_scripts_only(openslam_gmapping)
[2.445s] Level 1:colcon.colcon_core.environment:checking '/home/ws/ugv_ws/install/openslam_gmapping' for CMake module files
[2.447s] Level 1:colcon.colcon_core.environment:checking '/home/ws/ugv_ws/install/openslam_gmapping' for CMake config files
[2.449s] Level 1:colcon.colcon_core.shell:create_environment_hook('openslam_gmapping', 'cmake_prefix_path')
[2.450s] INFO:colcon.colcon_core.shell:Creating environment hook '/home/ws/ugv_ws/install/openslam_gmapping/share/openslam_gmapping/hook/cmake_prefix_path.ps1'
[2.451s] INFO:colcon.colcon_core.shell:Creating environment descriptor '/home/ws/ugv_ws/install/openslam_gmapping/share/openslam_gmapping/hook/cmake_prefix_path.dsv'
[2.455s] INFO:colcon.colcon_core.shell:Creating environment hook '/home/ws/ugv_ws/install/openslam_gmapping/share/openslam_gmapping/hook/cmake_prefix_path.sh'
[2.458s] Level 1:colcon.colcon_core.environment:checking '/home/ws/ugv_ws/install/openslam_gmapping/lib'
[2.458s] Level 1:colcon.colcon_core.environment:checking '/home/ws/ugv_ws/install/openslam_gmapping/bin'
[2.458s] Level 1:colcon.colcon_core.environment:checking '/home/ws/ugv_ws/install/openslam_gmapping/lib/pkgconfig/openslam_gmapping.pc'
[2.459s] Level 1:colcon.colcon_core.environment:checking '/home/ws/ugv_ws/install/openslam_gmapping/lib/python3.10/site-packages'
[2.459s] Level 1:colcon.colcon_core.environment:checking '/home/ws/ugv_ws/install/openslam_gmapping/bin'
[2.460s] INFO:colcon.colcon_core.shell:Creating package script '/home/ws/ugv_ws/install/openslam_gmapping/share/openslam_gmapping/package.ps1'
[2.461s] INFO:colcon.colcon_core.shell:Creating package descriptor '/home/ws/ugv_ws/install/openslam_gmapping/share/openslam_gmapping/package.dsv'
[2.462s] INFO:colcon.colcon_core.shell:Creating package script '/home/ws/ugv_ws/install/openslam_gmapping/share/openslam_gmapping/package.sh'
[2.464s] INFO:colcon.colcon_core.shell:Creating package script '/home/ws/ugv_ws/install/openslam_gmapping/share/openslam_gmapping/package.bash'
[2.465s] INFO:colcon.colcon_core.shell:Creating package script '/home/ws/ugv_ws/install/openslam_gmapping/share/openslam_gmapping/package.zsh'
[2.469s] Level 1:colcon.colcon_core.environment:create_file_with_runtime_dependencies(/home/ws/ugv_ws/install/openslam_gmapping/share/colcon-core/packages/openslam_gmapping)
[2.470s] INFO:colcon.colcon_ros.task.ament_cmake.build:Building ROS package in '/home/ws/ugv_ws/src/ugv_else/cartographer' with build type 'ament_cmake'
[2.470s] INFO:colcon.colcon_cmake.task.cmake.build:Building CMake package in '/home/ws/ugv_ws/src/ugv_else/cartographer'
[2.471s] INFO:colcon.colcon_core.shell:Skip shell extension 'powershell' for command environment: Not usable outside of PowerShell
[2.471s] DEBUG:colcon.colcon_core.shell:Skip shell extension 'dsv' for command environment
[2.500s] DEBUG:colcon.colcon_core.event_handler.log_command:Invoking command in '/home/ws/ugv_ws/build/cartographer': CMAKE_PREFIX_PATH=${CMAKE_PREFIX_PATH}:/home/ws/ugv_ws/install/ugv_web_app:/home/ws/ugv_ws/install/ugv_vision:/home/ws/ugv_ws/install/ugv_tools:/home/ws/ugv_ws/install/ugv_chat_ai:/home/ws/ugv_ws/install/ugv_bringup:/opt/ros/humble /usr/bin/cmake --build /home/ws/ugv_ws/build/cartographer -- -j4 -l4
[2.561s] DEBUG:colcon.colcon_core.event_handler.log_command:Invoked command in '/home/ws/ugv_ws/build/costmap_converter' returned '0': CMAKE_PREFIX_PATH=/home/ws/ugv_ws/install/costmap_converter_msgs:/home/ws/ugv_ws/install/vizanti:/home/ws/ugv_ws/install/vizanti_server:/home/ws/ugv_ws/install/vizanti_demos:/home/ws/ugv_ws/install/vizanti_msgs:/home/ws/ugv_ws/install/vizanti_cpp:/home/ws/ugv_ws/install/ugv_slam:/home/ws/ugv_ws/install/ugv_nav:/home/ws/ugv_ws/install/ugv_interface:/home/ws/ugv_ws/install/ugv_gazebo:/home/ws/ugv_ws/install/ugv_description:/home/ws/ugv_ws/install/ugv_base_node:/home/ws/ugv_ws/install/teb_local_planner:/home/ws/ugv_ws/install/teb_msgs:/home/ws/ugv_ws/install/slam_gmapping:/home/ws/ugv_ws/install/robot_pose_publisher:/home/ws/ugv_ws/install/rf2o_laser_odometry:/home/ws/ugv_ws/install/openslam_gmapping:/home/ws/ugv_ws/install/ldlidar:/home/ws/ugv_ws/install/explore_lite:/home/ws/ugv_ws/install/emcl2:/home/ws/ugv_ws/install/costmap_converter:/home/ws/ugv_ws/install/cartographer:/home/ws/ugv_ws/install/apriltag_ros:/home/ws/ugv_ws/install/apriltag_msgs:/home/ws/ugv_ws/install/apriltag:/home/ws/ugv_ws/install/ugv_web_app:/home/ws/ugv_ws/install/ugv_vision:/home/ws/ugv_ws/install/ugv_tools:/home/ws/ugv_ws/install/ugv_chat_ai:/home/ws/ugv_ws/install/ugv_bringup:/opt/ros/humble LD_LIBRARY_PATH=/home/ws/ugv_ws/install/costmap_converter_msgs/lib:/home/ws/ugv_ws/install/vizanti_msgs/lib:/home/ws/ugv_ws/install/ugv_interface/lib:/home/ws/ugv_ws/install/teb_local_planner/lib:/home/ws/ugv_ws/install/teb_msgs/lib:/home/ws/ugv_ws/install/openslam_gmapping/lib:/home/ws/ugv_ws/install/costmap_converter/lib:/home/ws/ugv_ws/install/apriltag_ros/lib:/home/ws/ugv_ws/install/apriltag_msgs/lib:/home/ws/ugv_ws/install/apriltag/lib:/opt/ros/humble/opt/rviz_ogre_vendor/lib:/opt/ros/humble/lib/aarch64-linux-gnu:/opt/ros/humble/lib /usr/bin/cmake --build /home/ws/ugv_ws/build/costmap_converter -- -j4 -l4
[2.584s] DEBUG:colcon.colcon_core.event_handler.log_command:Invoked command in '/home/ws/ugv_ws/build/cartographer' returned '0': CMAKE_PREFIX_PATH=${CMAKE_PREFIX_PATH}:/home/ws/ugv_ws/install/ugv_web_app:/home/ws/ugv_ws/install/ugv_vision:/home/ws/ugv_ws/install/ugv_tools:/home/ws/ugv_ws/install/ugv_chat_ai:/home/ws/ugv_ws/install/ugv_bringup:/opt/ros/humble /usr/bin/cmake --build /home/ws/ugv_ws/build/cartographer -- -j4 -l4
[2.637s] DEBUG:colcon.colcon_core.event_handler.log_command:Invoking command in '/home/ws/ugv_ws/build/cartographer': CMAKE_PREFIX_PATH=${CMAKE_PREFIX_PATH}:/home/ws/ugv_ws/install/ugv_web_app:/home/ws/ugv_ws/install/ugv_vision:/home/ws/ugv_ws/install/ugv_tools:/home/ws/ugv_ws/install/ugv_chat_ai:/home/ws/ugv_ws/install/ugv_bringup:/opt/ros/humble /usr/bin/cmake --install /home/ws/ugv_ws/build/cartographer
[2.669s] DEBUG:colcon.colcon_core.event_handler.log_command:Invoking command in '/home/ws/ugv_ws/build/costmap_converter': CMAKE_PREFIX_PATH=/home/ws/ugv_ws/install/costmap_converter_msgs:/home/ws/ugv_ws/install/vizanti:/home/ws/ugv_ws/install/vizanti_server:/home/ws/ugv_ws/install/vizanti_demos:/home/ws/ugv_ws/install/vizanti_msgs:/home/ws/ugv_ws/install/vizanti_cpp:/home/ws/ugv_ws/install/ugv_slam:/home/ws/ugv_ws/install/ugv_nav:/home/ws/ugv_ws/install/ugv_interface:/home/ws/ugv_ws/install/ugv_gazebo:/home/ws/ugv_ws/install/ugv_description:/home/ws/ugv_ws/install/ugv_base_node:/home/ws/ugv_ws/install/teb_local_planner:/home/ws/ugv_ws/install/teb_msgs:/home/ws/ugv_ws/install/slam_gmapping:/home/ws/ugv_ws/install/robot_pose_publisher:/home/ws/ugv_ws/install/rf2o_laser_odometry:/home/ws/ugv_ws/install/openslam_gmapping:/home/ws/ugv_ws/install/ldlidar:/home/ws/ugv_ws/install/explore_lite:/home/ws/ugv_ws/install/emcl2:/home/ws/ugv_ws/install/costmap_converter:/home/ws/ugv_ws/install/cartographer:/home/ws/ugv_ws/install/apriltag_ros:/home/ws/ugv_ws/install/apriltag_msgs:/home/ws/ugv_ws/install/apriltag:/home/ws/ugv_ws/install/ugv_web_app:/home/ws/ugv_ws/install/ugv_vision:/home/ws/ugv_ws/install/ugv_tools:/home/ws/ugv_ws/install/ugv_chat_ai:/home/ws/ugv_ws/install/ugv_bringup:/opt/ros/humble LD_LIBRARY_PATH=/home/ws/ugv_ws/install/costmap_converter_msgs/lib:/home/ws/ugv_ws/install/vizanti_msgs/lib:/home/ws/ugv_ws/install/ugv_interface/lib:/home/ws/ugv_ws/install/teb_local_planner/lib:/home/ws/ugv_ws/install/teb_msgs/lib:/home/ws/ugv_ws/install/openslam_gmapping/lib:/home/ws/ugv_ws/install/costmap_converter/lib:/home/ws/ugv_ws/install/apriltag_ros/lib:/home/ws/ugv_ws/install/apriltag_msgs/lib:/home/ws/ugv_ws/install/apriltag/lib:/opt/ros/humble/opt/rviz_ogre_vendor/lib:/opt/ros/humble/lib/aarch64-linux-gnu:/opt/ros/humble/lib /usr/bin/cmake --install /home/ws/ugv_ws/build/costmap_converter
[2.689s] Level 1:colcon.colcon_core.environment:create_environment_scripts_only(cartographer)
[2.690s] DEBUG:colcon.colcon_core.event_handler.log_command:Invoked command in '/home/ws/ugv_ws/build/cartographer' returned '0': CMAKE_PREFIX_PATH=${CMAKE_PREFIX_PATH}:/home/ws/ugv_ws/install/ugv_web_app:/home/ws/ugv_ws/install/ugv_vision:/home/ws/ugv_ws/install/ugv_tools:/home/ws/ugv_ws/install/ugv_chat_ai:/home/ws/ugv_ws/install/ugv_bringup:/opt/ros/humble /usr/bin/cmake --install /home/ws/ugv_ws/build/cartographer
[2.693s] Level 1:colcon.colcon_core.environment:checking '/home/ws/ugv_ws/install/cartographer' for CMake module files
[2.694s] Level 1:colcon.colcon_core.environment:checking '/home/ws/ugv_ws/install/cartographer' for CMake config files
[2.703s] Level 1:colcon.colcon_core.shell:create_environment_hook('cartographer', 'cmake_prefix_path')
[2.703s] INFO:colcon.colcon_core.shell:Creating environment hook '/home/ws/ugv_ws/install/cartographer/share/cartographer/hook/cmake_prefix_path.ps1'
[2.709s] INFO:colcon.colcon_core.shell:Creating environment descriptor '/home/ws/ugv_ws/install/cartographer/share/cartographer/hook/cmake_prefix_path.dsv'
[2.710s] INFO:colcon.colcon_core.shell:Creating environment hook '/home/ws/ugv_ws/install/cartographer/share/cartographer/hook/cmake_prefix_path.sh'
[2.711s] Level 1:colcon.colcon_core.environment:checking '/home/ws/ugv_ws/install/cartographer/bin'
[2.712s] Level 1:colcon.colcon_core.environment:checking '/home/ws/ugv_ws/install/cartographer/lib/pkgconfig/cartographer.pc'
[2.712s] Level 1:colcon.colcon_core.environment:checking '/home/ws/ugv_ws/install/cartographer/lib/python3.10/site-packages'
[2.713s] Level 1:colcon.colcon_core.environment:checking '/home/ws/ugv_ws/install/cartographer/bin'
[2.713s] INFO:colcon.colcon_core.shell:Creating package script '/home/ws/ugv_ws/install/cartographer/share/cartographer/package.ps1'
[2.714s] INFO:colcon.colcon_core.shell:Creating package descriptor '/home/ws/ugv_ws/install/cartographer/share/cartographer/package.dsv'
[2.716s] INFO:colcon.colcon_core.shell:Creating package script '/home/ws/ugv_ws/install/cartographer/share/cartographer/package.sh'
[2.717s] INFO:colcon.colcon_core.shell:Creating package script '/home/ws/ugv_ws/install/cartographer/share/cartographer/package.bash'
[2.721s] INFO:colcon.colcon_core.shell:Creating package script '/home/ws/ugv_ws/install/cartographer/share/cartographer/package.zsh'
[2.723s] Level 1:colcon.colcon_core.environment:create_file_with_runtime_dependencies(/home/ws/ugv_ws/install/cartographer/share/colcon-core/packages/cartographer)
[2.734s] Level 1:colcon.colcon_core.environment:create_environment_scripts_only(costmap_converter)
[2.735s] Level 1:colcon.colcon_core.environment:checking '/home/ws/ugv_ws/install/costmap_converter' for CMake module files
[2.740s] DEBUG:colcon.colcon_core.event_handler.log_command:Invoked command in '/home/ws/ugv_ws/build/costmap_converter' returned '0': CMAKE_PREFIX_PATH=/home/ws/ugv_ws/install/costmap_converter_msgs:/home/ws/ugv_ws/install/vizanti:/home/ws/ugv_ws/install/vizanti_server:/home/ws/ugv_ws/install/vizanti_demos:/home/ws/ugv_ws/install/vizanti_msgs:/home/ws/ugv_ws/install/vizanti_cpp:/home/ws/ugv_ws/install/ugv_slam:/home/ws/ugv_ws/install/ugv_nav:/home/ws/ugv_ws/install/ugv_interface:/home/ws/ugv_ws/install/ugv_gazebo:/home/ws/ugv_ws/install/ugv_description:/home/ws/ugv_ws/install/ugv_base_node:/home/ws/ugv_ws/install/teb_local_planner:/home/ws/ugv_ws/install/teb_msgs:/home/ws/ugv_ws/install/slam_gmapping:/home/ws/ugv_ws/install/robot_pose_publisher:/home/ws/ugv_ws/install/rf2o_laser_odometry:/home/ws/ugv_ws/install/openslam_gmapping:/home/ws/ugv_ws/install/ldlidar:/home/ws/ugv_ws/install/explore_lite:/home/ws/ugv_ws/install/emcl2:/home/ws/ugv_ws/install/costmap_converter:/home/ws/ugv_ws/install/cartographer:/home/ws/ugv_ws/install/apriltag_ros:/home/ws/ugv_ws/install/apriltag_msgs:/home/ws/ugv_ws/install/apriltag:/home/ws/ugv_ws/install/ugv_web_app:/home/ws/ugv_ws/install/ugv_vision:/home/ws/ugv_ws/install/ugv_tools:/home/ws/ugv_ws/install/ugv_chat_ai:/home/ws/ugv_ws/install/ugv_bringup:/opt/ros/humble LD_LIBRARY_PATH=/home/ws/ugv_ws/install/costmap_converter_msgs/lib:/home/ws/ugv_ws/install/vizanti_msgs/lib:/home/ws/ugv_ws/install/ugv_interface/lib:/home/ws/ugv_ws/install/teb_local_planner/lib:/home/ws/ugv_ws/install/teb_msgs/lib:/home/ws/ugv_ws/install/openslam_gmapping/lib:/home/ws/ugv_ws/install/costmap_converter/lib:/home/ws/ugv_ws/install/apriltag_ros/lib:/home/ws/ugv_ws/install/apriltag_msgs/lib:/home/ws/ugv_ws/install/apriltag/lib:/opt/ros/humble/opt/rviz_ogre_vendor/lib:/opt/ros/humble/lib/aarch64-linux-gnu:/opt/ros/humble/lib /usr/bin/cmake --install /home/ws/ugv_ws/build/costmap_converter
[2.741s] Level 1:colcon.colcon_core.environment:checking '/home/ws/ugv_ws/install/costmap_converter' for CMake config files
[2.741s] Level 1:colcon.colcon_core.shell:create_environment_hook('costmap_converter', 'cmake_prefix_path')
[2.742s] INFO:colcon.colcon_core.shell:Creating environment hook '/home/ws/ugv_ws/install/costmap_converter/share/costmap_converter/hook/cmake_prefix_path.ps1'
[2.742s] INFO:colcon.colcon_core.shell:Creating environment descriptor '/home/ws/ugv_ws/install/costmap_converter/share/costmap_converter/hook/cmake_prefix_path.dsv'
[2.748s] INFO:colcon.colcon_core.shell:Creating environment hook '/home/ws/ugv_ws/install/costmap_converter/share/costmap_converter/hook/cmake_prefix_path.sh'
[2.750s] Level 1:colcon.colcon_core.environment:checking '/home/ws/ugv_ws/install/costmap_converter/lib'
[2.750s] Level 1:colcon.colcon_core.shell:create_environment_hook('costmap_converter', 'ld_library_path_lib')
[2.750s] INFO:colcon.colcon_core.shell:Creating environment hook '/home/ws/ugv_ws/install/costmap_converter/share/costmap_converter/hook/ld_library_path_lib.ps1'
[2.751s] INFO:colcon.colcon_core.shell:Creating environment descriptor '/home/ws/ugv_ws/install/costmap_converter/share/costmap_converter/hook/ld_library_path_lib.dsv'
[2.754s] INFO:colcon.colcon_core.shell:Creating environment hook '/home/ws/ugv_ws/install/costmap_converter/share/costmap_converter/hook/ld_library_path_lib.sh'
[2.757s] Level 1:colcon.colcon_core.environment:checking '/home/ws/ugv_ws/install/costmap_converter/bin'
[2.758s] Level 1:colcon.colcon_core.shell:create_environment_hook('costmap_converter', 'path')
[2.758s] INFO:colcon.colcon_core.shell:Creating environment hook '/home/ws/ugv_ws/install/costmap_converter/share/costmap_converter/hook/path.ps1'
[2.759s] INFO:colcon.colcon_core.shell:Creating environment descriptor '/home/ws/ugv_ws/install/costmap_converter/share/costmap_converter/hook/path.dsv'
[2.760s] INFO:colcon.colcon_core.shell:Creating environment hook '/home/ws/ugv_ws/install/costmap_converter/share/costmap_converter/hook/path.sh'
[2.761s] Level 1:colcon.colcon_core.environment:checking '/home/ws/ugv_ws/install/costmap_converter/lib/pkgconfig/costmap_converter.pc'
[2.762s] Level 1:colcon.colcon_core.environment:checking '/home/ws/ugv_ws/install/costmap_converter/lib/python3.10/site-packages'
[2.762s] Level 1:colcon.colcon_core.environment:checking '/home/ws/ugv_ws/install/costmap_converter/bin'
[2.763s] Level 1:colcon.colcon_core.shell:create_environment_hook('costmap_converter', 'pythonscriptspath')
[2.764s] INFO:colcon.colcon_core.shell:Creating environment hook '/home/ws/ugv_ws/install/costmap_converter/share/costmap_converter/hook/pythonscriptspath.ps1'
[2.766s] INFO:colcon.colcon_core.shell:Creating environment descriptor '/home/ws/ugv_ws/install/costmap_converter/share/costmap_converter/hook/pythonscriptspath.dsv'
[2.770s] INFO:colcon.colcon_core.shell:Creating environment hook '/home/ws/ugv_ws/install/costmap_converter/share/costmap_converter/hook/pythonscriptspath.sh'
[2.772s] INFO:colcon.colcon_core.shell:Creating package script '/home/ws/ugv_ws/install/costmap_converter/share/costmap_converter/package.ps1'
[2.773s] INFO:colcon.colcon_core.shell:Creating package descriptor '/home/ws/ugv_ws/install/costmap_converter/share/costmap_converter/package.dsv'
[2.775s] INFO:colcon.colcon_core.shell:Creating package script '/home/ws/ugv_ws/install/costmap_converter/share/costmap_converter/package.sh'
[2.777s] INFO:colcon.colcon_core.shell:Creating package script '/home/ws/ugv_ws/install/costmap_converter/share/costmap_converter/package.bash'
[2.778s] INFO:colcon.colcon_core.shell:Creating package script '/home/ws/ugv_ws/install/costmap_converter/share/costmap_converter/package.zsh'
[2.778s] Level 1:colcon.colcon_core.environment:create_file_with_runtime_dependencies(/home/ws/ugv_ws/install/costmap_converter/share/colcon-core/packages/costmap_converter)
[2.782s] Level 1:colcon.colcon_core.environment:create_environment_scripts_only(cartographer)
[2.783s] Level 1:colcon.colcon_core.environment:checking '/home/ws/ugv_ws/install/cartographer' for CMake module files
[2.783s] Level 1:colcon.colcon_core.environment:checking '/home/ws/ugv_ws/install/cartographer' for CMake config files
[2.784s] Level 1:colcon.colcon_core.shell:create_environment_hook('cartographer', 'cmake_prefix_path')
[2.784s] INFO:colcon.colcon_core.shell:Creating environment hook '/home/ws/ugv_ws/install/cartographer/share/cartographer/hook/cmake_prefix_path.ps1'
[2.827s] INFO:colcon.colcon_core.shell:Creating environment descriptor '/home/ws/ugv_ws/install/cartographer/share/cartographer/hook/cmake_prefix_path.dsv'
[2.827s] INFO:colcon.colcon_core.shell:Creating environment hook '/home/ws/ugv_ws/install/cartographer/share/cartographer/hook/cmake_prefix_path.sh'
[2.828s] Level 1:colcon.colcon_core.environment:checking '/home/ws/ugv_ws/install/cartographer/bin'
[2.829s] Level 1:colcon.colcon_core.environment:checking '/home/ws/ugv_ws/install/cartographer/lib/pkgconfig/cartographer.pc'
[2.829s] Level 1:colcon.colcon_core.environment:checking '/home/ws/ugv_ws/install/cartographer/lib/python3.10/site-packages'
[2.829s] Level 1:colcon.colcon_core.environment:checking '/home/ws/ugv_ws/install/cartographer/bin'
[2.830s] INFO:colcon.colcon_core.shell:Creating package script '/home/ws/ugv_ws/install/cartographer/share/cartographer/package.ps1'
[2.830s] INFO:colcon.colcon_core.shell:Creating package descriptor '/home/ws/ugv_ws/install/cartographer/share/cartographer/package.dsv'
[2.834s] INFO:colcon.colcon_core.shell:Creating package script '/home/ws/ugv_ws/install/cartographer/share/cartographer/package.sh'
[2.835s] INFO:colcon.colcon_core.shell:Creating package script '/home/ws/ugv_ws/install/cartographer/share/cartographer/package.bash'
[2.835s] INFO:colcon.colcon_core.shell:Creating package script '/home/ws/ugv_ws/install/cartographer/share/cartographer/package.zsh'
[2.836s] Level 1:colcon.colcon_core.environment:create_file_with_runtime_dependencies(/home/ws/ugv_ws/install/cartographer/share/colcon-core/packages/cartographer)
[2.837s] INFO:colcon.colcon_ros.task.ament_cmake.build:Building ROS package in '/home/ws/ugv_ws/src/ugv_else/emcl2_ros2' with build type 'ament_cmake'
[2.837s] INFO:colcon.colcon_cmake.task.cmake.build:Building CMake package in '/home/ws/ugv_ws/src/ugv_else/emcl2_ros2'
[2.838s] INFO:colcon.colcon_core.shell:Skip shell extension 'powershell' for command environment: Not usable outside of PowerShell
[2.838s] DEBUG:colcon.colcon_core.shell:Skip shell extension 'dsv' for command environment
[2.845s] Level 1:colcon.colcon_core.environment:create_environment_scripts_only(vizanti_msgs)
[2.845s] Level 1:colcon.colcon_core.environment:checking '/home/ws/ugv_ws/install/vizanti_msgs' for CMake module files
[2.846s] Level 1:colcon.colcon_core.environment:checking '/home/ws/ugv_ws/install/vizanti_msgs' for CMake config files
[2.847s] Level 1:colcon.colcon_core.shell:create_environment_hook('vizanti_msgs', 'cmake_prefix_path')
[2.847s] INFO:colcon.colcon_core.shell:Creating environment hook '/home/ws/ugv_ws/install/vizanti_msgs/share/vizanti_msgs/hook/cmake_prefix_path.ps1'
[2.848s] INFO:colcon.colcon_core.shell:Creating environment descriptor '/home/ws/ugv_ws/install/vizanti_msgs/share/vizanti_msgs/hook/cmake_prefix_path.dsv'
[2.848s] INFO:colcon.colcon_core.shell:Creating environment hook '/home/ws/ugv_ws/install/vizanti_msgs/share/vizanti_msgs/hook/cmake_prefix_path.sh'
[2.849s] Level 1:colcon.colcon_core.environment:checking '/home/ws/ugv_ws/install/vizanti_msgs/lib'
[2.849s] Level 1:colcon.colcon_core.shell:create_environment_hook('vizanti_msgs', 'ld_library_path_lib')
[2.850s] INFO:colcon.colcon_core.shell:Creating environment hook '/home/ws/ugv_ws/install/vizanti_msgs/share/vizanti_msgs/hook/ld_library_path_lib.ps1'
[2.850s] INFO:colcon.colcon_core.shell:Creating environment descriptor '/home/ws/ugv_ws/install/vizanti_msgs/share/vizanti_msgs/hook/ld_library_path_lib.dsv'
[2.851s] INFO:colcon.colcon_core.shell:Creating environment hook '/home/ws/ugv_ws/install/vizanti_msgs/share/vizanti_msgs/hook/ld_library_path_lib.sh'
[2.851s] Level 1:colcon.colcon_core.environment:checking '/home/ws/ugv_ws/install/vizanti_msgs/bin'
[2.851s] Level 1:colcon.colcon_core.environment:checking '/home/ws/ugv_ws/install/vizanti_msgs/lib/pkgconfig/vizanti_msgs.pc'
[2.851s] Level 1:colcon.colcon_core.environment:checking '/home/ws/ugv_ws/install/vizanti_msgs/lib/python3.10/site-packages'
[2.852s] Level 1:colcon.colcon_core.environment:checking '/home/ws/ugv_ws/install/vizanti_msgs/bin'
[2.852s] INFO:colcon.colcon_core.shell:Creating package script '/home/ws/ugv_ws/install/vizanti_msgs/share/vizanti_msgs/package.ps1'
[2.853s] INFO:colcon.colcon_core.shell:Creating package descriptor '/home/ws/ugv_ws/install/vizanti_msgs/share/vizanti_msgs/package.dsv'
[2.856s] INFO:colcon.colcon_core.shell:Creating package script '/home/ws/ugv_ws/install/vizanti_msgs/share/vizanti_msgs/package.sh'
[2.857s] INFO:colcon.colcon_core.shell:Creating package script '/home/ws/ugv_ws/install/vizanti_msgs/share/vizanti_msgs/package.bash'
[2.858s] INFO:colcon.colcon_core.shell:Creating package script '/home/ws/ugv_ws/install/vizanti_msgs/share/vizanti_msgs/package.zsh'
[2.858s] Level 1:colcon.colcon_core.environment:create_file_with_runtime_dependencies(/home/ws/ugv_ws/install/vizanti_msgs/share/colcon-core/packages/vizanti_msgs)
[2.859s] Level 1:colcon.colcon_core.environment:create_environment_scripts_only(costmap_converter)
[2.859s] Level 1:colcon.colcon_core.environment:checking '/home/ws/ugv_ws/install/costmap_converter' for CMake module files
[2.860s] Level 1:colcon.colcon_core.environment:checking '/home/ws/ugv_ws/install/costmap_converter' for CMake config files
[2.861s] Level 1:colcon.colcon_core.shell:create_environment_hook('costmap_converter', 'cmake_prefix_path')
[2.861s] INFO:colcon.colcon_core.shell:Creating environment hook '/home/ws/ugv_ws/install/costmap_converter/share/costmap_converter/hook/cmake_prefix_path.ps1'
[2.862s] INFO:colcon.colcon_core.shell:Creating environment descriptor '/home/ws/ugv_ws/install/costmap_converter/share/costmap_converter/hook/cmake_prefix_path.dsv'
[2.862s] INFO:colcon.colcon_core.shell:Creating environment hook '/home/ws/ugv_ws/install/costmap_converter/share/costmap_converter/hook/cmake_prefix_path.sh'
[2.863s] Level 1:colcon.colcon_core.environment:checking '/home/ws/ugv_ws/install/costmap_converter/lib'
[2.863s] Level 1:colcon.colcon_core.shell:create_environment_hook('costmap_converter', 'ld_library_path_lib')
[2.863s] INFO:colcon.colcon_core.shell:Creating environment hook '/home/ws/ugv_ws/install/costmap_converter/share/costmap_converter/hook/ld_library_path_lib.ps1'
[2.864s] INFO:colcon.colcon_core.shell:Creating environment descriptor '/home/ws/ugv_ws/install/costmap_converter/share/costmap_converter/hook/ld_library_path_lib.dsv'
[2.864s] INFO:colcon.colcon_core.shell:Creating environment hook '/home/ws/ugv_ws/install/costmap_converter/share/costmap_converter/hook/ld_library_path_lib.sh'
[2.865s] Level 1:colcon.colcon_core.environment:checking '/home/ws/ugv_ws/install/costmap_converter/bin'
[2.865s] Level 1:colcon.colcon_core.shell:create_environment_hook('costmap_converter', 'path')
[2.865s] INFO:colcon.colcon_core.shell:Creating environment hook '/home/ws/ugv_ws/install/costmap_converter/share/costmap_converter/hook/path.ps1'
[2.866s] INFO:colcon.colcon_core.shell:Creating environment descriptor '/home/ws/ugv_ws/install/costmap_converter/share/costmap_converter/hook/path.dsv'
[2.869s] INFO:colcon.colcon_core.shell:Creating environment hook '/home/ws/ugv_ws/install/costmap_converter/share/costmap_converter/hook/path.sh'
[2.870s] Level 1:colcon.colcon_core.environment:checking '/home/ws/ugv_ws/install/costmap_converter/lib/pkgconfig/costmap_converter.pc'
[2.870s] Level 1:colcon.colcon_core.environment:checking '/home/ws/ugv_ws/install/costmap_converter/lib/python3.10/site-packages'
[2.870s] Level 1:colcon.colcon_core.environment:checking '/home/ws/ugv_ws/install/costmap_converter/bin'
[2.870s] Level 1:colcon.colcon_core.shell:create_environment_hook('costmap_converter', 'pythonscriptspath')
[2.871s] INFO:colcon.colcon_core.shell:Creating environment hook '/home/ws/ugv_ws/install/costmap_converter/share/costmap_converter/hook/pythonscriptspath.ps1'
[2.871s] INFO:colcon.colcon_core.shell:Creating environment descriptor '/home/ws/ugv_ws/install/costmap_converter/share/costmap_converter/hook/pythonscriptspath.dsv'
[2.872s] INFO:colcon.colcon_core.shell:Creating environment hook '/home/ws/ugv_ws/install/costmap_converter/share/costmap_converter/hook/pythonscriptspath.sh'
[2.873s] INFO:colcon.colcon_core.shell:Creating package script '/home/ws/ugv_ws/install/costmap_converter/share/costmap_converter/package.ps1'
[2.873s] INFO:colcon.colcon_core.shell:Creating package descriptor '/home/ws/ugv_ws/install/costmap_converter/share/costmap_converter/package.dsv'
[2.874s] INFO:colcon.colcon_core.shell:Creating package script '/home/ws/ugv_ws/install/costmap_converter/share/costmap_converter/package.sh'
[2.875s] INFO:colcon.colcon_core.shell:Creating package script '/home/ws/ugv_ws/install/costmap_converter/share/costmap_converter/package.bash'
[2.875s] INFO:colcon.colcon_core.shell:Creating package script '/home/ws/ugv_ws/install/costmap_converter/share/costmap_converter/package.zsh'
[2.876s] Level 1:colcon.colcon_core.environment:create_file_with_runtime_dependencies(/home/ws/ugv_ws/install/costmap_converter/share/colcon-core/packages/costmap_converter)
[2.877s] INFO:colcon.colcon_ros.task.ament_cmake.build:Building ROS package in '/home/ws/ugv_ws/src/ugv_else/vizanti/vizanti_server' with build type 'ament_cmake'
[2.877s] INFO:colcon.colcon_cmake.task.cmake.build:Building CMake package in '/home/ws/ugv_ws/src/ugv_else/vizanti/vizanti_server'
[2.877s] INFO:colcon.colcon_core.shell:Skip shell extension 'powershell' for command environment: Not usable outside of PowerShell
[2.877s] DEBUG:colcon.colcon_core.shell:Skip shell extension 'dsv' for command environment
[2.884s] INFO:colcon.colcon_ros.task.ament_cmake.build:Building ROS package in '/home/ws/ugv_ws/src/ugv_else/explore_lite' with build type 'ament_cmake'
[2.884s] INFO:colcon.colcon_cmake.task.cmake.build:Building CMake package in '/home/ws/ugv_ws/src/ugv_else/explore_lite'
[2.884s] INFO:colcon.colcon_core.shell:Skip shell extension 'powershell' for command environment: Not usable outside of PowerShell
[2.884s] DEBUG:colcon.colcon_core.shell:Skip shell extension 'dsv' for command environment
[2.900s] DEBUG:colcon.colcon_core.event_handler.log_command:Invoking command in '/home/ws/ugv_ws/build/emcl2': CMAKE_PREFIX_PATH=${CMAKE_PREFIX_PATH}:/home/ws/ugv_ws/install/ugv_web_app:/home/ws/ugv_ws/install/ugv_vision:/home/ws/ugv_ws/install/ugv_tools:/home/ws/ugv_ws/install/ugv_chat_ai:/home/ws/ugv_ws/install/ugv_bringup:/opt/ros/humble /usr/bin/cmake --build /home/ws/ugv_ws/build/emcl2 -- -j4 -l4
[2.991s] DEBUG:colcon.colcon_core.event_handler.log_command:Invoking command in '/home/ws/ugv_ws/build/vizanti_server': CMAKE_PREFIX_PATH=/home/ws/ugv_ws/install/vizanti_msgs:/home/ws/ugv_ws/install/vizanti:/home/ws/ugv_ws/install/vizanti_server:/home/ws/ugv_ws/install/vizanti_demos:/home/ws/ugv_ws/install/vizanti_cpp:/home/ws/ugv_ws/install/ugv_slam:/home/ws/ugv_ws/install/ugv_nav:/home/ws/ugv_ws/install/ugv_interface:/home/ws/ugv_ws/install/ugv_gazebo:/home/ws/ugv_ws/install/ugv_description:/home/ws/ugv_ws/install/ugv_base_node:/home/ws/ugv_ws/install/teb_local_planner:/home/ws/ugv_ws/install/teb_msgs:/home/ws/ugv_ws/install/slam_gmapping:/home/ws/ugv_ws/install/robot_pose_publisher:/home/ws/ugv_ws/install/rf2o_laser_odometry:/home/ws/ugv_ws/install/openslam_gmapping:/home/ws/ugv_ws/install/ldlidar:/home/ws/ugv_ws/install/explore_lite:/home/ws/ugv_ws/install/emcl2:/home/ws/ugv_ws/install/costmap_converter:/home/ws/ugv_ws/install/costmap_converter_msgs:/home/ws/ugv_ws/install/cartographer:/home/ws/ugv_ws/install/apriltag_ros:/home/ws/ugv_ws/install/apriltag_msgs:/home/ws/ugv_ws/install/apriltag:/home/ws/ugv_ws/install/ugv_web_app:/home/ws/ugv_ws/install/ugv_vision:/home/ws/ugv_ws/install/ugv_tools:/home/ws/ugv_ws/install/ugv_chat_ai:/home/ws/ugv_ws/install/ugv_bringup:/opt/ros/humble /usr/bin/cmake --build /home/ws/ugv_ws/build/vizanti_server -- -j4 -l4
[3.011s] DEBUG:colcon.colcon_core.event_handler.log_command:Invoking command in '/home/ws/ugv_ws/build/explore_lite': CMAKE_PREFIX_PATH=${CMAKE_PREFIX_PATH}:/home/ws/ugv_ws/install/ugv_web_app:/home/ws/ugv_ws/install/ugv_vision:/home/ws/ugv_ws/install/ugv_tools:/home/ws/ugv_ws/install/ugv_chat_ai:/home/ws/ugv_ws/install/ugv_bringup:/opt/ros/humble /usr/bin/cmake --build /home/ws/ugv_ws/build/explore_lite -- -j4 -l4
[3.016s] DEBUG:colcon.colcon_core.event_handler.log_command:Invoked command in '/home/ws/ugv_ws/build/emcl2' returned '0': CMAKE_PREFIX_PATH=${CMAKE_PREFIX_PATH}:/home/ws/ugv_ws/install/ugv_web_app:/home/ws/ugv_ws/install/ugv_vision:/home/ws/ugv_ws/install/ugv_tools:/home/ws/ugv_ws/install/ugv_chat_ai:/home/ws/ugv_ws/install/ugv_bringup:/opt/ros/humble /usr/bin/cmake --build /home/ws/ugv_ws/build/emcl2 -- -j4 -l4
[3.053s] DEBUG:colcon.colcon_core.event_handler.log_command:Invoked command in '/home/ws/ugv_ws/build/teb_msgs' returned '0': CMAKE_PREFIX_PATH=/home/ws/ugv_ws/install/costmap_converter_msgs:/home/ws/ugv_ws/install/vizanti:/home/ws/ugv_ws/install/vizanti_server:/home/ws/ugv_ws/install/vizanti_demos:/home/ws/ugv_ws/install/vizanti_msgs:/home/ws/ugv_ws/install/vizanti_cpp:/home/ws/ugv_ws/install/ugv_slam:/home/ws/ugv_ws/install/ugv_nav:/home/ws/ugv_ws/install/ugv_interface:/home/ws/ugv_ws/install/ugv_gazebo:/home/ws/ugv_ws/install/ugv_description:/home/ws/ugv_ws/install/ugv_base_node:/home/ws/ugv_ws/install/teb_local_planner:/home/ws/ugv_ws/install/teb_msgs:/home/ws/ugv_ws/install/slam_gmapping:/home/ws/ugv_ws/install/robot_pose_publisher:/home/ws/ugv_ws/install/rf2o_laser_odometry:/home/ws/ugv_ws/install/openslam_gmapping:/home/ws/ugv_ws/install/ldlidar:/home/ws/ugv_ws/install/explore_lite:/home/ws/ugv_ws/install/emcl2:/home/ws/ugv_ws/install/costmap_converter:/home/ws/ugv_ws/install/cartographer:/home/ws/ugv_ws/install/apriltag_ros:/home/ws/ugv_ws/install/apriltag_msgs:/home/ws/ugv_ws/install/apriltag:/home/ws/ugv_ws/install/ugv_web_app:/home/ws/ugv_ws/install/ugv_vision:/home/ws/ugv_ws/install/ugv_tools:/home/ws/ugv_ws/install/ugv_chat_ai:/home/ws/ugv_ws/install/ugv_bringup:/opt/ros/humble LD_LIBRARY_PATH=/home/ws/ugv_ws/install/costmap_converter_msgs/lib:/home/ws/ugv_ws/install/vizanti_msgs/lib:/home/ws/ugv_ws/install/ugv_interface/lib:/home/ws/ugv_ws/install/teb_local_planner/lib:/home/ws/ugv_ws/install/teb_msgs/lib:/home/ws/ugv_ws/install/openslam_gmapping/lib:/home/ws/ugv_ws/install/costmap_converter/lib:/home/ws/ugv_ws/install/apriltag_ros/lib:/home/ws/ugv_ws/install/apriltag_msgs/lib:/home/ws/ugv_ws/install/apriltag/lib:/opt/ros/humble/opt/rviz_ogre_vendor/lib:/opt/ros/humble/lib/aarch64-linux-gnu:/opt/ros/humble/lib /usr/bin/cmake --build /home/ws/ugv_ws/build/teb_msgs -- -j4 -l4
[3.057s] DEBUG:colcon.colcon_core.event_handler.log_command:Invoked command in '/home/ws/ugv_ws/build/vizanti_server' returned '0': CMAKE_PREFIX_PATH=/home/ws/ugv_ws/install/vizanti_msgs:/home/ws/ugv_ws/install/vizanti:/home/ws/ugv_ws/install/vizanti_server:/home/ws/ugv_ws/install/vizanti_demos:/home/ws/ugv_ws/install/vizanti_cpp:/home/ws/ugv_ws/install/ugv_slam:/home/ws/ugv_ws/install/ugv_nav:/home/ws/ugv_ws/install/ugv_interface:/home/ws/ugv_ws/install/ugv_gazebo:/home/ws/ugv_ws/install/ugv_description:/home/ws/ugv_ws/install/ugv_base_node:/home/ws/ugv_ws/install/teb_local_planner:/home/ws/ugv_ws/install/teb_msgs:/home/ws/ugv_ws/install/slam_gmapping:/home/ws/ugv_ws/install/robot_pose_publisher:/home/ws/ugv_ws/install/rf2o_laser_odometry:/home/ws/ugv_ws/install/openslam_gmapping:/home/ws/ugv_ws/install/ldlidar:/home/ws/ugv_ws/install/explore_lite:/home/ws/ugv_ws/install/emcl2:/home/ws/ugv_ws/install/costmap_converter:/home/ws/ugv_ws/install/costmap_converter_msgs:/home/ws/ugv_ws/install/cartographer:/home/ws/ugv_ws/install/apriltag_ros:/home/ws/ugv_ws/install/apriltag_msgs:/home/ws/ugv_ws/install/apriltag:/home/ws/ugv_ws/install/ugv_web_app:/home/ws/ugv_ws/install/ugv_vision:/home/ws/ugv_ws/install/ugv_tools:/home/ws/ugv_ws/install/ugv_chat_ai:/home/ws/ugv_ws/install/ugv_bringup:/opt/ros/humble /usr/bin/cmake --build /home/ws/ugv_ws/build/vizanti_server -- -j4 -l4
[3.104s] DEBUG:colcon.colcon_core.event_handler.log_command:Invoking command in '/home/ws/ugv_ws/build/emcl2': CMAKE_PREFIX_PATH=${CMAKE_PREFIX_PATH}:/home/ws/ugv_ws/install/ugv_web_app:/home/ws/ugv_ws/install/ugv_vision:/home/ws/ugv_ws/install/ugv_tools:/home/ws/ugv_ws/install/ugv_chat_ai:/home/ws/ugv_ws/install/ugv_bringup:/opt/ros/humble /usr/bin/cmake --install /home/ws/ugv_ws/build/emcl2
[3.111s] DEBUG:colcon.colcon_core.event_handler.log_command:Invoking command in '/home/ws/ugv_ws/build/vizanti_server': CMAKE_PREFIX_PATH=/home/ws/ugv_ws/install/vizanti_msgs:/home/ws/ugv_ws/install/vizanti:/home/ws/ugv_ws/install/vizanti_server:/home/ws/ugv_ws/install/vizanti_demos:/home/ws/ugv_ws/install/vizanti_cpp:/home/ws/ugv_ws/install/ugv_slam:/home/ws/ugv_ws/install/ugv_nav:/home/ws/ugv_ws/install/ugv_interface:/home/ws/ugv_ws/install/ugv_gazebo:/home/ws/ugv_ws/install/ugv_description:/home/ws/ugv_ws/install/ugv_base_node:/home/ws/ugv_ws/install/teb_local_planner:/home/ws/ugv_ws/install/teb_msgs:/home/ws/ugv_ws/install/slam_gmapping:/home/ws/ugv_ws/install/robot_pose_publisher:/home/ws/ugv_ws/install/rf2o_laser_odometry:/home/ws/ugv_ws/install/openslam_gmapping:/home/ws/ugv_ws/install/ldlidar:/home/ws/ugv_ws/install/explore_lite:/home/ws/ugv_ws/install/emcl2:/home/ws/ugv_ws/install/costmap_converter:/home/ws/ugv_ws/install/costmap_converter_msgs:/home/ws/ugv_ws/install/cartographer:/home/ws/ugv_ws/install/apriltag_ros:/home/ws/ugv_ws/install/apriltag_msgs:/home/ws/ugv_ws/install/apriltag:/home/ws/ugv_ws/install/ugv_web_app:/home/ws/ugv_ws/install/ugv_vision:/home/ws/ugv_ws/install/ugv_tools:/home/ws/ugv_ws/install/ugv_chat_ai:/home/ws/ugv_ws/install/ugv_bringup:/opt/ros/humble /usr/bin/cmake --install /home/ws/ugv_ws/build/vizanti_server
[3.128s] Level 1:colcon.colcon_core.environment:create_environment_scripts_only(emcl2)
[3.128s] Level 1:colcon.colcon_core.environment:checking '/home/ws/ugv_ws/install/emcl2' for CMake module files
[3.136s] DEBUG:colcon.colcon_core.event_handler.log_command:Invoked command in '/home/ws/ugv_ws/build/emcl2' returned '0': CMAKE_PREFIX_PATH=${CMAKE_PREFIX_PATH}:/home/ws/ugv_ws/install/ugv_web_app:/home/ws/ugv_ws/install/ugv_vision:/home/ws/ugv_ws/install/ugv_tools:/home/ws/ugv_ws/install/ugv_chat_ai:/home/ws/ugv_ws/install/ugv_bringup:/opt/ros/humble /usr/bin/cmake --install /home/ws/ugv_ws/build/emcl2
[3.140s] Level 1:colcon.colcon_core.environment:checking '/home/ws/ugv_ws/install/emcl2' for CMake config files
[3.152s] Level 1:colcon.colcon_core.shell:create_environment_hook('emcl2', 'cmake_prefix_path')
[3.154s] INFO:colcon.colcon_core.shell:Creating environment hook '/home/ws/ugv_ws/install/emcl2/share/emcl2/hook/cmake_prefix_path.ps1'
[3.156s] INFO:colcon.colcon_core.shell:Creating environment descriptor '/home/ws/ugv_ws/install/emcl2/share/emcl2/hook/cmake_prefix_path.dsv'
[3.159s] INFO:colcon.colcon_core.shell:Creating environment hook '/home/ws/ugv_ws/install/emcl2/share/emcl2/hook/cmake_prefix_path.sh'
[3.163s] Level 1:colcon.colcon_core.environment:checking '/home/ws/ugv_ws/install/emcl2/lib'
[3.163s] Level 1:colcon.colcon_core.environment:checking '/home/ws/ugv_ws/install/emcl2/bin'
[3.163s] Level 1:colcon.colcon_core.environment:checking '/home/ws/ugv_ws/install/emcl2/lib/pkgconfig/emcl2.pc'
[3.164s] Level 1:colcon.colcon_core.environment:checking '/home/ws/ugv_ws/install/emcl2/lib/python3.10/site-packages'
[3.165s] Level 1:colcon.colcon_core.environment:checking '/home/ws/ugv_ws/install/emcl2/bin'
[3.166s] INFO:colcon.colcon_core.shell:Creating package script '/home/ws/ugv_ws/install/emcl2/share/emcl2/package.ps1'
[3.168s] INFO:colcon.colcon_core.shell:Creating package descriptor '/home/ws/ugv_ws/install/emcl2/share/emcl2/package.dsv'
[3.170s] INFO:colcon.colcon_core.shell:Creating package script '/home/ws/ugv_ws/install/emcl2/share/emcl2/package.sh'
[3.171s] INFO:colcon.colcon_core.shell:Creating package script '/home/ws/ugv_ws/install/emcl2/share/emcl2/package.bash'
[3.174s] INFO:colcon.colcon_core.shell:Creating package script '/home/ws/ugv_ws/install/emcl2/share/emcl2/package.zsh'
[3.176s] Level 1:colcon.colcon_core.environment:create_file_with_runtime_dependencies(/home/ws/ugv_ws/install/emcl2/share/colcon-core/packages/emcl2)
[3.185s] Level 1:colcon.colcon_core.environment:create_environment_scripts_only(vizanti_server)
[3.186s] Level 1:colcon.colcon_core.environment:checking '/home/ws/ugv_ws/install/vizanti_server' for CMake module files
[3.187s] DEBUG:colcon.colcon_core.event_handler.log_command:Invoked command in '/home/ws/ugv_ws/build/vizanti_server' returned '0': CMAKE_PREFIX_PATH=/home/ws/ugv_ws/install/vizanti_msgs:/home/ws/ugv_ws/install/vizanti:/home/ws/ugv_ws/install/vizanti_server:/home/ws/ugv_ws/install/vizanti_demos:/home/ws/ugv_ws/install/vizanti_cpp:/home/ws/ugv_ws/install/ugv_slam:/home/ws/ugv_ws/install/ugv_nav:/home/ws/ugv_ws/install/ugv_interface:/home/ws/ugv_ws/install/ugv_gazebo:/home/ws/ugv_ws/install/ugv_description:/home/ws/ugv_ws/install/ugv_base_node:/home/ws/ugv_ws/install/teb_local_planner:/home/ws/ugv_ws/install/teb_msgs:/home/ws/ugv_ws/install/slam_gmapping:/home/ws/ugv_ws/install/robot_pose_publisher:/home/ws/ugv_ws/install/rf2o_laser_odometry:/home/ws/ugv_ws/install/openslam_gmapping:/home/ws/ugv_ws/install/ldlidar:/home/ws/ugv_ws/install/explore_lite:/home/ws/ugv_ws/install/emcl2:/home/ws/ugv_ws/install/costmap_converter:/home/ws/ugv_ws/install/costmap_converter_msgs:/home/ws/ugv_ws/install/cartographer:/home/ws/ugv_ws/install/apriltag_ros:/home/ws/ugv_ws/install/apriltag_msgs:/home/ws/ugv_ws/install/apriltag:/home/ws/ugv_ws/install/ugv_web_app:/home/ws/ugv_ws/install/ugv_vision:/home/ws/ugv_ws/install/ugv_tools:/home/ws/ugv_ws/install/ugv_chat_ai:/home/ws/ugv_ws/install/ugv_bringup:/opt/ros/humble /usr/bin/cmake --install /home/ws/ugv_ws/build/vizanti_server
[3.188s] Level 1:colcon.colcon_core.environment:checking '/home/ws/ugv_ws/install/vizanti_server' for CMake config files
[3.189s] Level 1:colcon.colcon_core.shell:create_environment_hook('vizanti_server', 'cmake_prefix_path')
[3.190s] INFO:colcon.colcon_core.shell:Creating environment hook '/home/ws/ugv_ws/install/vizanti_server/share/vizanti_server/hook/cmake_prefix_path.ps1'
[3.191s] INFO:colcon.colcon_core.shell:Creating environment descriptor '/home/ws/ugv_ws/install/vizanti_server/share/vizanti_server/hook/cmake_prefix_path.dsv'
[3.192s] INFO:colcon.colcon_core.shell:Creating environment hook '/home/ws/ugv_ws/install/vizanti_server/share/vizanti_server/hook/cmake_prefix_path.sh'
[3.193s] Level 1:colcon.colcon_core.environment:checking '/home/ws/ugv_ws/install/vizanti_server/lib'
[3.193s] Level 1:colcon.colcon_core.environment:checking '/home/ws/ugv_ws/install/vizanti_server/bin'
[3.193s] Level 1:colcon.colcon_core.environment:checking '/home/ws/ugv_ws/install/vizanti_server/lib/pkgconfig/vizanti_server.pc'
[3.194s] Level 1:colcon.colcon_core.environment:checking '/home/ws/ugv_ws/install/vizanti_server/lib/python3.10/site-packages'
[3.194s] Level 1:colcon.colcon_core.environment:checking '/home/ws/ugv_ws/install/vizanti_server/bin'
[3.195s] INFO:colcon.colcon_core.shell:Creating package script '/home/ws/ugv_ws/install/vizanti_server/share/vizanti_server/package.ps1'
[3.196s] INFO:colcon.colcon_core.shell:Creating package descriptor '/home/ws/ugv_ws/install/vizanti_server/share/vizanti_server/package.dsv'
[3.197s] INFO:colcon.colcon_core.shell:Creating package script '/home/ws/ugv_ws/install/vizanti_server/share/vizanti_server/package.sh'
[3.197s] INFO:colcon.colcon_core.shell:Creating package script '/home/ws/ugv_ws/install/vizanti_server/share/vizanti_server/package.bash'
[3.198s] INFO:colcon.colcon_core.shell:Creating package script '/home/ws/ugv_ws/install/vizanti_server/share/vizanti_server/package.zsh'
[3.199s] Level 1:colcon.colcon_core.environment:create_file_with_runtime_dependencies(/home/ws/ugv_ws/install/vizanti_server/share/colcon-core/packages/vizanti_server)
[3.209s] DEBUG:colcon.colcon_core.event_handler.log_command:Invoked command in '/home/ws/ugv_ws/build/explore_lite' returned '0': CMAKE_PREFIX_PATH=${CMAKE_PREFIX_PATH}:/home/ws/ugv_ws/install/ugv_web_app:/home/ws/ugv_ws/install/ugv_vision:/home/ws/ugv_ws/install/ugv_tools:/home/ws/ugv_ws/install/ugv_chat_ai:/home/ws/ugv_ws/install/ugv_bringup:/opt/ros/humble /usr/bin/cmake --build /home/ws/ugv_ws/build/explore_lite -- -j4 -l4
[3.210s] DEBUG:colcon.colcon_core.event_handler.log_command:Invoking command in '/home/ws/ugv_ws/build/teb_msgs': CMAKE_PREFIX_PATH=/home/ws/ugv_ws/install/costmap_converter_msgs:/home/ws/ugv_ws/install/vizanti:/home/ws/ugv_ws/install/vizanti_server:/home/ws/ugv_ws/install/vizanti_demos:/home/ws/ugv_ws/install/vizanti_msgs:/home/ws/ugv_ws/install/vizanti_cpp:/home/ws/ugv_ws/install/ugv_slam:/home/ws/ugv_ws/install/ugv_nav:/home/ws/ugv_ws/install/ugv_interface:/home/ws/ugv_ws/install/ugv_gazebo:/home/ws/ugv_ws/install/ugv_description:/home/ws/ugv_ws/install/ugv_base_node:/home/ws/ugv_ws/install/teb_local_planner:/home/ws/ugv_ws/install/teb_msgs:/home/ws/ugv_ws/install/slam_gmapping:/home/ws/ugv_ws/install/robot_pose_publisher:/home/ws/ugv_ws/install/rf2o_laser_odometry:/home/ws/ugv_ws/install/openslam_gmapping:/home/ws/ugv_ws/install/ldlidar:/home/ws/ugv_ws/install/explore_lite:/home/ws/ugv_ws/install/emcl2:/home/ws/ugv_ws/install/costmap_converter:/home/ws/ugv_ws/install/cartographer:/home/ws/ugv_ws/install/apriltag_ros:/home/ws/ugv_ws/install/apriltag_msgs:/home/ws/ugv_ws/install/apriltag:/home/ws/ugv_ws/install/ugv_web_app:/home/ws/ugv_ws/install/ugv_vision:/home/ws/ugv_ws/install/ugv_tools:/home/ws/ugv_ws/install/ugv_chat_ai:/home/ws/ugv_ws/install/ugv_bringup:/opt/ros/humble LD_LIBRARY_PATH=/home/ws/ugv_ws/install/costmap_converter_msgs/lib:/home/ws/ugv_ws/install/vizanti_msgs/lib:/home/ws/ugv_ws/install/ugv_interface/lib:/home/ws/ugv_ws/install/teb_local_planner/lib:/home/ws/ugv_ws/install/teb_msgs/lib:/home/ws/ugv_ws/install/openslam_gmapping/lib:/home/ws/ugv_ws/install/costmap_converter/lib:/home/ws/ugv_ws/install/apriltag_ros/lib:/home/ws/ugv_ws/install/apriltag_msgs/lib:/home/ws/ugv_ws/install/apriltag/lib:/opt/ros/humble/opt/rviz_ogre_vendor/lib:/opt/ros/humble/lib/aarch64-linux-gnu:/opt/ros/humble/lib /usr/bin/cmake --install /home/ws/ugv_ws/build/teb_msgs
[3.234s] Level 1:colcon.colcon_core.environment:create_environment_scripts_only(vizanti_server)
[3.236s] Level 1:colcon.colcon_core.environment:checking '/home/ws/ugv_ws/install/vizanti_server' for CMake module files
[3.237s] Level 1:colcon.colcon_core.environment:checking '/home/ws/ugv_ws/install/vizanti_server' for CMake config files
[3.239s] Level 1:colcon.colcon_core.shell:create_environment_hook('vizanti_server', 'cmake_prefix_path')
[3.239s] INFO:colcon.colcon_core.shell:Creating environment hook '/home/ws/ugv_ws/install/vizanti_server/share/vizanti_server/hook/cmake_prefix_path.ps1'
[3.243s] INFO:colcon.colcon_core.shell:Creating environment descriptor '/home/ws/ugv_ws/install/vizanti_server/share/vizanti_server/hook/cmake_prefix_path.dsv'
[3.244s] INFO:colcon.colcon_core.shell:Creating environment hook '/home/ws/ugv_ws/install/vizanti_server/share/vizanti_server/hook/cmake_prefix_path.sh'
[3.245s] Level 1:colcon.colcon_core.environment:checking '/home/ws/ugv_ws/install/vizanti_server/lib'
[3.245s] Level 1:colcon.colcon_core.environment:checking '/home/ws/ugv_ws/install/vizanti_server/bin'
[3.245s] Level 1:colcon.colcon_core.environment:checking '/home/ws/ugv_ws/install/vizanti_server/lib/pkgconfig/vizanti_server.pc'
[3.246s] Level 1:colcon.colcon_core.environment:checking '/home/ws/ugv_ws/install/vizanti_server/lib/python3.10/site-packages'
[3.246s] Level 1:colcon.colcon_core.environment:checking '/home/ws/ugv_ws/install/vizanti_server/bin'
[3.247s] INFO:colcon.colcon_core.shell:Creating package script '/home/ws/ugv_ws/install/vizanti_server/share/vizanti_server/package.ps1'
[3.248s] INFO:colcon.colcon_core.shell:Creating package descriptor '/home/ws/ugv_ws/install/vizanti_server/share/vizanti_server/package.dsv'
[3.251s] INFO:colcon.colcon_core.shell:Creating package script '/home/ws/ugv_ws/install/vizanti_server/share/vizanti_server/package.sh'
[3.252s] INFO:colcon.colcon_core.shell:Creating package script '/home/ws/ugv_ws/install/vizanti_server/share/vizanti_server/package.bash'
[3.253s] INFO:colcon.colcon_core.shell:Creating package script '/home/ws/ugv_ws/install/vizanti_server/share/vizanti_server/package.zsh'
[3.254s] Level 1:colcon.colcon_core.environment:create_file_with_runtime_dependencies(/home/ws/ugv_ws/install/vizanti_server/share/colcon-core/packages/vizanti_server)
[3.255s] INFO:colcon.colcon_ros.task.ament_cmake.build:Building ROS package in '/home/ws/ugv_ws/src/ugv_else/ldlidar' with build type 'ament_cmake'
[3.256s] INFO:colcon.colcon_cmake.task.cmake.build:Building CMake package in '/home/ws/ugv_ws/src/ugv_else/ldlidar'
[3.256s] INFO:colcon.colcon_core.shell:Skip shell extension 'powershell' for command environment: Not usable outside of PowerShell
[3.256s] DEBUG:colcon.colcon_core.shell:Skip shell extension 'dsv' for command environment
[3.263s] Level 1:colcon.colcon_core.environment:create_environment_scripts_only(emcl2)
[3.264s] Level 1:colcon.colcon_core.environment:checking '/home/ws/ugv_ws/install/emcl2' for CMake module files
[3.265s] Level 1:colcon.colcon_core.environment:checking '/home/ws/ugv_ws/install/emcl2' for CMake config files
[3.265s] Level 1:colcon.colcon_core.shell:create_environment_hook('emcl2', 'cmake_prefix_path')
[3.265s] INFO:colcon.colcon_core.shell:Creating environment hook '/home/ws/ugv_ws/install/emcl2/share/emcl2/hook/cmake_prefix_path.ps1'
[3.266s] INFO:colcon.colcon_core.shell:Creating environment descriptor '/home/ws/ugv_ws/install/emcl2/share/emcl2/hook/cmake_prefix_path.dsv'
[3.266s] INFO:colcon.colcon_core.shell:Creating environment hook '/home/ws/ugv_ws/install/emcl2/share/emcl2/hook/cmake_prefix_path.sh'
[3.267s] Level 1:colcon.colcon_core.environment:checking '/home/ws/ugv_ws/install/emcl2/lib'
[3.267s] Level 1:colcon.colcon_core.environment:checking '/home/ws/ugv_ws/install/emcl2/bin'
[3.267s] Level 1:colcon.colcon_core.environment:checking '/home/ws/ugv_ws/install/emcl2/lib/pkgconfig/emcl2.pc'
[3.267s] Level 1:colcon.colcon_core.environment:checking '/home/ws/ugv_ws/install/emcl2/lib/python3.10/site-packages'
[3.268s] Level 1:colcon.colcon_core.environment:checking '/home/ws/ugv_ws/install/emcl2/bin'
[3.268s] INFO:colcon.colcon_core.shell:Creating package script '/home/ws/ugv_ws/install/emcl2/share/emcl2/package.ps1'
[3.269s] INFO:colcon.colcon_core.shell:Creating package descriptor '/home/ws/ugv_ws/install/emcl2/share/emcl2/package.dsv'
[3.269s] INFO:colcon.colcon_core.shell:Creating package script '/home/ws/ugv_ws/install/emcl2/share/emcl2/package.sh'
[3.270s] INFO:colcon.colcon_core.shell:Creating package script '/home/ws/ugv_ws/install/emcl2/share/emcl2/package.bash'
[3.274s] INFO:colcon.colcon_core.shell:Creating package script '/home/ws/ugv_ws/install/emcl2/share/emcl2/package.zsh'
[3.274s] Level 1:colcon.colcon_core.environment:create_file_with_runtime_dependencies(/home/ws/ugv_ws/install/emcl2/share/colcon-core/packages/emcl2)
[3.278s] INFO:colcon.colcon_ros.task.ament_cmake.build:Building ROS package in '/home/ws/ugv_ws/src/ugv_else/rf2o_laser_odometry' with build type 'ament_cmake'
[3.279s] INFO:colcon.colcon_cmake.task.cmake.build:Building CMake package in '/home/ws/ugv_ws/src/ugv_else/rf2o_laser_odometry'
[3.279s] INFO:colcon.colcon_core.shell:Skip shell extension 'powershell' for command environment: Not usable outside of PowerShell
[3.279s] DEBUG:colcon.colcon_core.shell:Skip shell extension 'dsv' for command environment
[3.280s] DEBUG:colcon.colcon_core.event_handler.log_command:Invoking command in '/home/ws/ugv_ws/build/explore_lite': CMAKE_PREFIX_PATH=${CMAKE_PREFIX_PATH}:/home/ws/ugv_ws/install/ugv_web_app:/home/ws/ugv_ws/install/ugv_vision:/home/ws/ugv_ws/install/ugv_tools:/home/ws/ugv_ws/install/ugv_chat_ai:/home/ws/ugv_ws/install/ugv_bringup:/opt/ros/humble /usr/bin/cmake --install /home/ws/ugv_ws/build/explore_lite
[3.297s] DEBUG:colcon.colcon_core.event_handler.log_command:Invoking command in '/home/ws/ugv_ws/build/ldlidar': CMAKE_PREFIX_PATH=${CMAKE_PREFIX_PATH}:/home/ws/ugv_ws/install/ugv_web_app:/home/ws/ugv_ws/install/ugv_vision:/home/ws/ugv_ws/install/ugv_tools:/home/ws/ugv_ws/install/ugv_chat_ai:/home/ws/ugv_ws/install/ugv_bringup:/opt/ros/humble /usr/bin/cmake --build /home/ws/ugv_ws/build/ldlidar -- -j4 -l4
[3.304s] Level 1:colcon.colcon_core.environment:create_environment_scripts_only(explore_lite)
[3.305s] Level 1:colcon.colcon_core.environment:checking '/home/ws/ugv_ws/install/explore_lite' for CMake module files
[3.309s] DEBUG:colcon.colcon_core.event_handler.log_command:Invoking command in '/home/ws/ugv_ws/build/rf2o_laser_odometry': CMAKE_PREFIX_PATH=${CMAKE_PREFIX_PATH}:/home/ws/ugv_ws/install/ugv_web_app:/home/ws/ugv_ws/install/ugv_vision:/home/ws/ugv_ws/install/ugv_tools:/home/ws/ugv_ws/install/ugv_chat_ai:/home/ws/ugv_ws/install/ugv_bringup:/opt/ros/humble /usr/bin/cmake --build /home/ws/ugv_ws/build/rf2o_laser_odometry -- -j4 -l4
[3.309s] Level 1:colcon.colcon_core.environment:checking '/home/ws/ugv_ws/install/explore_lite' for CMake config files
[3.311s] DEBUG:colcon.colcon_core.event_handler.log_command:Invoked command in '/home/ws/ugv_ws/build/explore_lite' returned '0': CMAKE_PREFIX_PATH=${CMAKE_PREFIX_PATH}:/home/ws/ugv_ws/install/ugv_web_app:/home/ws/ugv_ws/install/ugv_vision:/home/ws/ugv_ws/install/ugv_tools:/home/ws/ugv_ws/install/ugv_chat_ai:/home/ws/ugv_ws/install/ugv_bringup:/opt/ros/humble /usr/bin/cmake --install /home/ws/ugv_ws/build/explore_lite
[3.312s] Level 1:colcon.colcon_core.shell:create_environment_hook('explore_lite', 'cmake_prefix_path')
[3.312s] INFO:colcon.colcon_core.shell:Creating environment hook '/home/ws/ugv_ws/install/explore_lite/share/explore_lite/hook/cmake_prefix_path.ps1'
[3.314s] INFO:colcon.colcon_core.shell:Creating environment descriptor '/home/ws/ugv_ws/install/explore_lite/share/explore_lite/hook/cmake_prefix_path.dsv'
[3.318s] INFO:colcon.colcon_core.shell:Creating environment hook '/home/ws/ugv_ws/install/explore_lite/share/explore_lite/hook/cmake_prefix_path.sh'
[3.319s] Level 1:colcon.colcon_core.environment:checking '/home/ws/ugv_ws/install/explore_lite/lib'
[3.319s] Level 1:colcon.colcon_core.environment:checking '/home/ws/ugv_ws/install/explore_lite/bin'
[3.320s] Level 1:colcon.colcon_core.environment:checking '/home/ws/ugv_ws/install/explore_lite/lib/pkgconfig/explore_lite.pc'
[3.320s] Level 1:colcon.colcon_core.environment:checking '/home/ws/ugv_ws/install/explore_lite/lib/python3.10/site-packages'
[3.320s] Level 1:colcon.colcon_core.environment:checking '/home/ws/ugv_ws/install/explore_lite/bin'
[3.321s] INFO:colcon.colcon_core.shell:Creating package script '/home/ws/ugv_ws/install/explore_lite/share/explore_lite/package.ps1'
[3.322s] INFO:colcon.colcon_core.shell:Creating package descriptor '/home/ws/ugv_ws/install/explore_lite/share/explore_lite/package.dsv'
[3.322s] INFO:colcon.colcon_core.shell:Creating package script '/home/ws/ugv_ws/install/explore_lite/share/explore_lite/package.sh'
[3.323s] INFO:colcon.colcon_core.shell:Creating package script '/home/ws/ugv_ws/install/explore_lite/share/explore_lite/package.bash'
[3.324s] INFO:colcon.colcon_core.shell:Creating package script '/home/ws/ugv_ws/install/explore_lite/share/explore_lite/package.zsh'
[3.325s] Level 1:colcon.colcon_core.environment:create_file_with_runtime_dependencies(/home/ws/ugv_ws/install/explore_lite/share/colcon-core/packages/explore_lite)
[3.328s] Level 1:colcon.colcon_core.environment:create_environment_scripts_only(teb_msgs)
[3.329s] Level 1:colcon.colcon_core.environment:checking '/home/ws/ugv_ws/install/teb_msgs' for CMake module files
[3.330s] Level 1:colcon.colcon_core.environment:checking '/home/ws/ugv_ws/install/teb_msgs' for CMake config files
[3.331s] Level 1:colcon.colcon_core.shell:create_environment_hook('teb_msgs', 'cmake_prefix_path')
[3.331s] INFO:colcon.colcon_core.shell:Creating environment hook '/home/ws/ugv_ws/install/teb_msgs/share/teb_msgs/hook/cmake_prefix_path.ps1'
[3.332s] DEBUG:colcon.colcon_core.event_handler.log_command:Invoked command in '/home/ws/ugv_ws/build/teb_msgs' returned '0': CMAKE_PREFIX_PATH=/home/ws/ugv_ws/install/costmap_converter_msgs:/home/ws/ugv_ws/install/vizanti:/home/ws/ugv_ws/install/vizanti_server:/home/ws/ugv_ws/install/vizanti_demos:/home/ws/ugv_ws/install/vizanti_msgs:/home/ws/ugv_ws/install/vizanti_cpp:/home/ws/ugv_ws/install/ugv_slam:/home/ws/ugv_ws/install/ugv_nav:/home/ws/ugv_ws/install/ugv_interface:/home/ws/ugv_ws/install/ugv_gazebo:/home/ws/ugv_ws/install/ugv_description:/home/ws/ugv_ws/install/ugv_base_node:/home/ws/ugv_ws/install/teb_local_planner:/home/ws/ugv_ws/install/teb_msgs:/home/ws/ugv_ws/install/slam_gmapping:/home/ws/ugv_ws/install/robot_pose_publisher:/home/ws/ugv_ws/install/rf2o_laser_odometry:/home/ws/ugv_ws/install/openslam_gmapping:/home/ws/ugv_ws/install/ldlidar:/home/ws/ugv_ws/install/explore_lite:/home/ws/ugv_ws/install/emcl2:/home/ws/ugv_ws/install/costmap_converter:/home/ws/ugv_ws/install/cartographer:/home/ws/ugv_ws/install/apriltag_ros:/home/ws/ugv_ws/install/apriltag_msgs:/home/ws/ugv_ws/install/apriltag:/home/ws/ugv_ws/install/ugv_web_app:/home/ws/ugv_ws/install/ugv_vision:/home/ws/ugv_ws/install/ugv_tools:/home/ws/ugv_ws/install/ugv_chat_ai:/home/ws/ugv_ws/install/ugv_bringup:/opt/ros/humble LD_LIBRARY_PATH=/home/ws/ugv_ws/install/costmap_converter_msgs/lib:/home/ws/ugv_ws/install/vizanti_msgs/lib:/home/ws/ugv_ws/install/ugv_interface/lib:/home/ws/ugv_ws/install/teb_local_planner/lib:/home/ws/ugv_ws/install/teb_msgs/lib:/home/ws/ugv_ws/install/openslam_gmapping/lib:/home/ws/ugv_ws/install/costmap_converter/lib:/home/ws/ugv_ws/install/apriltag_ros/lib:/home/ws/ugv_ws/install/apriltag_msgs/lib:/home/ws/ugv_ws/install/apriltag/lib:/opt/ros/humble/opt/rviz_ogre_vendor/lib:/opt/ros/humble/lib/aarch64-linux-gnu:/opt/ros/humble/lib /usr/bin/cmake --install /home/ws/ugv_ws/build/teb_msgs
[3.333s] INFO:colcon.colcon_core.shell:Creating environment descriptor '/home/ws/ugv_ws/install/teb_msgs/share/teb_msgs/hook/cmake_prefix_path.dsv'
[3.357s] INFO:colcon.colcon_core.shell:Creating environment hook '/home/ws/ugv_ws/install/teb_msgs/share/teb_msgs/hook/cmake_prefix_path.sh'
[3.359s] Level 1:colcon.colcon_core.environment:checking '/home/ws/ugv_ws/install/teb_msgs/lib'
[3.359s] Level 1:colcon.colcon_core.shell:create_environment_hook('teb_msgs', 'ld_library_path_lib')
[3.360s] INFO:colcon.colcon_core.shell:Creating environment hook '/home/ws/ugv_ws/install/teb_msgs/share/teb_msgs/hook/ld_library_path_lib.ps1'
[3.364s] INFO:colcon.colcon_core.shell:Creating environment descriptor '/home/ws/ugv_ws/install/teb_msgs/share/teb_msgs/hook/ld_library_path_lib.dsv'
[3.367s] INFO:colcon.colcon_core.shell:Creating environment hook '/home/ws/ugv_ws/install/teb_msgs/share/teb_msgs/hook/ld_library_path_lib.sh'
[3.368s] Level 1:colcon.colcon_core.environment:checking '/home/ws/ugv_ws/install/teb_msgs/bin'
[3.368s] Level 1:colcon.colcon_core.environment:checking '/home/ws/ugv_ws/install/teb_msgs/lib/pkgconfig/teb_msgs.pc'
[3.369s] Level 1:colcon.colcon_core.environment:checking '/home/ws/ugv_ws/install/teb_msgs/lib/python3.10/site-packages'
[3.369s] Level 1:colcon.colcon_core.environment:checking '/home/ws/ugv_ws/install/teb_msgs/bin'
[3.370s] INFO:colcon.colcon_core.shell:Creating package script '/home/ws/ugv_ws/install/teb_msgs/share/teb_msgs/package.ps1'
[3.371s] INFO:colcon.colcon_core.shell:Creating package descriptor '/home/ws/ugv_ws/install/teb_msgs/share/teb_msgs/package.dsv'
[3.372s] INFO:colcon.colcon_core.shell:Creating package script '/home/ws/ugv_ws/install/teb_msgs/share/teb_msgs/package.sh'
[3.373s] INFO:colcon.colcon_core.shell:Creating package script '/home/ws/ugv_ws/install/teb_msgs/share/teb_msgs/package.bash'
[3.374s] INFO:colcon.colcon_core.shell:Creating package script '/home/ws/ugv_ws/install/teb_msgs/share/teb_msgs/package.zsh'
[3.375s] Level 1:colcon.colcon_core.environment:create_file_with_runtime_dependencies(/home/ws/ugv_ws/install/teb_msgs/share/colcon-core/packages/teb_msgs)
[3.381s] Level 1:colcon.colcon_core.environment:create_environment_scripts_only(explore_lite)
[3.381s] Level 1:colcon.colcon_core.environment:checking '/home/ws/ugv_ws/install/explore_lite' for CMake module files
[3.382s] Level 1:colcon.colcon_core.environment:checking '/home/ws/ugv_ws/install/explore_lite' for CMake config files
[3.382s] Level 1:colcon.colcon_core.shell:create_environment_hook('explore_lite', 'cmake_prefix_path')
[3.383s] INFO:colcon.colcon_core.shell:Creating environment hook '/home/ws/ugv_ws/install/explore_lite/share/explore_lite/hook/cmake_prefix_path.ps1'
[3.388s] INFO:colcon.colcon_core.shell:Creating environment descriptor '/home/ws/ugv_ws/install/explore_lite/share/explore_lite/hook/cmake_prefix_path.dsv'
[3.389s] INFO:colcon.colcon_core.shell:Creating environment hook '/home/ws/ugv_ws/install/explore_lite/share/explore_lite/hook/cmake_prefix_path.sh'
[3.391s] Level 1:colcon.colcon_core.environment:checking '/home/ws/ugv_ws/install/explore_lite/lib'
[3.391s] Level 1:colcon.colcon_core.environment:checking '/home/ws/ugv_ws/install/explore_lite/bin'
[3.391s] Level 1:colcon.colcon_core.environment:checking '/home/ws/ugv_ws/install/explore_lite/lib/pkgconfig/explore_lite.pc'
[3.391s] Level 1:colcon.colcon_core.environment:checking '/home/ws/ugv_ws/install/explore_lite/lib/python3.10/site-packages'
[3.392s] Level 1:colcon.colcon_core.environment:checking '/home/ws/ugv_ws/install/explore_lite/bin'
[3.392s] INFO:colcon.colcon_core.shell:Creating package script '/home/ws/ugv_ws/install/explore_lite/share/explore_lite/package.ps1'
[3.395s] INFO:colcon.colcon_core.shell:Creating package descriptor '/home/ws/ugv_ws/install/explore_lite/share/explore_lite/package.dsv'
[3.396s] INFO:colcon.colcon_core.shell:Creating package script '/home/ws/ugv_ws/install/explore_lite/share/explore_lite/package.sh'
[3.397s] INFO:colcon.colcon_core.shell:Creating package script '/home/ws/ugv_ws/install/explore_lite/share/explore_lite/package.bash'
[3.398s] INFO:colcon.colcon_core.shell:Creating package script '/home/ws/ugv_ws/install/explore_lite/share/explore_lite/package.zsh'
[3.400s] Level 1:colcon.colcon_core.environment:create_file_with_runtime_dependencies(/home/ws/ugv_ws/install/explore_lite/share/colcon-core/packages/explore_lite)
[3.401s] INFO:colcon.colcon_ros.task.ament_cmake.build:Building ROS package in '/home/ws/ugv_ws/src/ugv_else/robot_pose_publisher' with build type 'ament_cmake'
[3.401s] INFO:colcon.colcon_cmake.task.cmake.build:Building CMake package in '/home/ws/ugv_ws/src/ugv_else/robot_pose_publisher'
[3.401s] INFO:colcon.colcon_core.shell:Skip shell extension 'powershell' for command environment: Not usable outside of PowerShell
[3.402s] DEBUG:colcon.colcon_core.shell:Skip shell extension 'dsv' for command environment
[3.518s] Level 1:colcon.colcon_core.environment:create_environment_scripts_only(teb_msgs)
[3.518s] Level 1:colcon.colcon_core.environment:checking '/home/ws/ugv_ws/install/teb_msgs' for CMake module files
[3.519s] Level 1:colcon.colcon_core.environment:checking '/home/ws/ugv_ws/install/teb_msgs' for CMake config files
[3.519s] Level 1:colcon.colcon_core.shell:create_environment_hook('teb_msgs', 'cmake_prefix_path')
[3.519s] INFO:colcon.colcon_core.shell:Creating environment hook '/home/ws/ugv_ws/install/teb_msgs/share/teb_msgs/hook/cmake_prefix_path.ps1'
[3.537s] INFO:colcon.colcon_core.shell:Creating environment descriptor '/home/ws/ugv_ws/install/teb_msgs/share/teb_msgs/hook/cmake_prefix_path.dsv'
[3.538s] INFO:colcon.colcon_core.shell:Creating environment hook '/home/ws/ugv_ws/install/teb_msgs/share/teb_msgs/hook/cmake_prefix_path.sh'
[3.539s] Level 1:colcon.colcon_core.environment:checking '/home/ws/ugv_ws/install/teb_msgs/lib'
[3.539s] Level 1:colcon.colcon_core.shell:create_environment_hook('teb_msgs', 'ld_library_path_lib')
[3.540s] INFO:colcon.colcon_core.shell:Creating environment hook '/home/ws/ugv_ws/install/teb_msgs/share/teb_msgs/hook/ld_library_path_lib.ps1'
[3.540s] INFO:colcon.colcon_core.shell:Creating environment descriptor '/home/ws/ugv_ws/install/teb_msgs/share/teb_msgs/hook/ld_library_path_lib.dsv'
[3.540s] INFO:colcon.colcon_core.shell:Creating environment hook '/home/ws/ugv_ws/install/teb_msgs/share/teb_msgs/hook/ld_library_path_lib.sh'
[3.541s] Level 1:colcon.colcon_core.environment:checking '/home/ws/ugv_ws/install/teb_msgs/bin'
[3.541s] Level 1:colcon.colcon_core.environment:checking '/home/ws/ugv_ws/install/teb_msgs/lib/pkgconfig/teb_msgs.pc'
[3.541s] Level 1:colcon.colcon_core.environment:checking '/home/ws/ugv_ws/install/teb_msgs/lib/python3.10/site-packages'
[3.541s] Level 1:colcon.colcon_core.environment:checking '/home/ws/ugv_ws/install/teb_msgs/bin'
[3.541s] INFO:colcon.colcon_core.shell:Creating package script '/home/ws/ugv_ws/install/teb_msgs/share/teb_msgs/package.ps1'
[3.542s] INFO:colcon.colcon_core.shell:Creating package descriptor '/home/ws/ugv_ws/install/teb_msgs/share/teb_msgs/package.dsv'
[3.542s] INFO:colcon.colcon_core.shell:Creating package script '/home/ws/ugv_ws/install/teb_msgs/share/teb_msgs/package.sh'
[3.543s] INFO:colcon.colcon_core.shell:Creating package script '/home/ws/ugv_ws/install/teb_msgs/share/teb_msgs/package.bash'
[3.544s] INFO:colcon.colcon_core.shell:Creating package script '/home/ws/ugv_ws/install/teb_msgs/share/teb_msgs/package.zsh'
[3.544s] Level 1:colcon.colcon_core.environment:create_file_with_runtime_dependencies(/home/ws/ugv_ws/install/teb_msgs/share/colcon-core/packages/teb_msgs)
[3.545s] INFO:colcon.colcon_ros.task.ament_cmake.build:Building ROS package in '/home/ws/ugv_ws/src/ugv_main/ugv_base_node' with build type 'ament_cmake'
[3.545s] INFO:colcon.colcon_cmake.task.cmake.build:Building CMake package in '/home/ws/ugv_ws/src/ugv_main/ugv_base_node'
[3.545s] INFO:colcon.colcon_core.shell:Skip shell extension 'powershell' for command environment: Not usable outside of PowerShell
[3.545s] DEBUG:colcon.colcon_core.shell:Skip shell extension 'dsv' for command environment
[3.555s] DEBUG:colcon.colcon_core.event_handler.log_command:Invoking command in '/home/ws/ugv_ws/build/robot_pose_publisher': CMAKE_PREFIX_PATH=${CMAKE_PREFIX_PATH}:/home/ws/ugv_ws/install/ugv_web_app:/home/ws/ugv_ws/install/ugv_vision:/home/ws/ugv_ws/install/ugv_tools:/home/ws/ugv_ws/install/ugv_chat_ai:/home/ws/ugv_ws/install/ugv_bringup:/opt/ros/humble /usr/bin/cmake --build /home/ws/ugv_ws/build/robot_pose_publisher -- -j4 -l4
[3.557s] DEBUG:colcon.colcon_core.event_handler.log_command:Invoked command in '/home/ws/ugv_ws/build/rf2o_laser_odometry' returned '0': CMAKE_PREFIX_PATH=${CMAKE_PREFIX_PATH}:/home/ws/ugv_ws/install/ugv_web_app:/home/ws/ugv_ws/install/ugv_vision:/home/ws/ugv_ws/install/ugv_tools:/home/ws/ugv_ws/install/ugv_chat_ai:/home/ws/ugv_ws/install/ugv_bringup:/opt/ros/humble /usr/bin/cmake --build /home/ws/ugv_ws/build/rf2o_laser_odometry -- -j4 -l4
[3.558s] DEBUG:colcon.colcon_core.event_handler.log_command:Invoked command in '/home/ws/ugv_ws/build/ldlidar' returned '0': CMAKE_PREFIX_PATH=${CMAKE_PREFIX_PATH}:/home/ws/ugv_ws/install/ugv_web_app:/home/ws/ugv_ws/install/ugv_vision:/home/ws/ugv_ws/install/ugv_tools:/home/ws/ugv_ws/install/ugv_chat_ai:/home/ws/ugv_ws/install/ugv_bringup:/opt/ros/humble /usr/bin/cmake --build /home/ws/ugv_ws/build/ldlidar -- -j4 -l4
[3.567s] DEBUG:colcon.colcon_core.event_handler.log_command:Invoking command in '/home/ws/ugv_ws/build/ugv_base_node': CMAKE_PREFIX_PATH=${CMAKE_PREFIX_PATH}:/home/ws/ugv_ws/install/ugv_web_app:/home/ws/ugv_ws/install/ugv_vision:/home/ws/ugv_ws/install/ugv_tools:/home/ws/ugv_ws/install/ugv_chat_ai:/home/ws/ugv_ws/install/ugv_bringup:/opt/ros/humble /usr/bin/cmake --build /home/ws/ugv_ws/build/ugv_base_node -- -j4 -l4
[3.617s] DEBUG:colcon.colcon_core.event_handler.log_command:Invoking command in '/home/ws/ugv_ws/build/rf2o_laser_odometry': CMAKE_PREFIX_PATH=${CMAKE_PREFIX_PATH}:/home/ws/ugv_ws/install/ugv_web_app:/home/ws/ugv_ws/install/ugv_vision:/home/ws/ugv_ws/install/ugv_tools:/home/ws/ugv_ws/install/ugv_chat_ai:/home/ws/ugv_ws/install/ugv_bringup:/opt/ros/humble /usr/bin/cmake --install /home/ws/ugv_ws/build/rf2o_laser_odometry
[3.626s] DEBUG:colcon.colcon_core.event_handler.log_command:Invoking command in '/home/ws/ugv_ws/build/ldlidar': CMAKE_PREFIX_PATH=${CMAKE_PREFIX_PATH}:/home/ws/ugv_ws/install/ugv_web_app:/home/ws/ugv_ws/install/ugv_vision:/home/ws/ugv_ws/install/ugv_tools:/home/ws/ugv_ws/install/ugv_chat_ai:/home/ws/ugv_ws/install/ugv_bringup:/opt/ros/humble /usr/bin/cmake --install /home/ws/ugv_ws/build/ldlidar
[3.636s] Level 1:colcon.colcon_core.environment:create_environment_scripts_only(rf2o_laser_odometry)
[3.637s] Level 1:colcon.colcon_core.environment:checking '/home/ws/ugv_ws/install/rf2o_laser_odometry' for CMake module files
[3.640s] DEBUG:colcon.colcon_core.event_handler.log_command:Invoked command in '/home/ws/ugv_ws/build/rf2o_laser_odometry' returned '0': CMAKE_PREFIX_PATH=${CMAKE_PREFIX_PATH}:/home/ws/ugv_ws/install/ugv_web_app:/home/ws/ugv_ws/install/ugv_vision:/home/ws/ugv_ws/install/ugv_tools:/home/ws/ugv_ws/install/ugv_chat_ai:/home/ws/ugv_ws/install/ugv_bringup:/opt/ros/humble /usr/bin/cmake --install /home/ws/ugv_ws/build/rf2o_laser_odometry
[3.644s] Level 1:colcon.colcon_core.environment:checking '/home/ws/ugv_ws/install/rf2o_laser_odometry' for CMake config files
[3.645s] Level 1:colcon.colcon_core.shell:create_environment_hook('rf2o_laser_odometry', 'cmake_prefix_path')
[3.645s] INFO:colcon.colcon_core.shell:Creating environment hook '/home/ws/ugv_ws/install/rf2o_laser_odometry/share/rf2o_laser_odometry/hook/cmake_prefix_path.ps1'
[3.646s] INFO:colcon.colcon_core.shell:Creating environment descriptor '/home/ws/ugv_ws/install/rf2o_laser_odometry/share/rf2o_laser_odometry/hook/cmake_prefix_path.dsv'
[3.647s] INFO:colcon.colcon_core.shell:Creating environment hook '/home/ws/ugv_ws/install/rf2o_laser_odometry/share/rf2o_laser_odometry/hook/cmake_prefix_path.sh'
[3.649s] Level 1:colcon.colcon_core.environment:checking '/home/ws/ugv_ws/install/rf2o_laser_odometry/lib'
[3.649s] Level 1:colcon.colcon_core.environment:checking '/home/ws/ugv_ws/install/rf2o_laser_odometry/bin'
[3.649s] Level 1:colcon.colcon_core.environment:checking '/home/ws/ugv_ws/install/rf2o_laser_odometry/lib/pkgconfig/rf2o_laser_odometry.pc'
[3.650s] Level 1:colcon.colcon_core.environment:checking '/home/ws/ugv_ws/install/rf2o_laser_odometry/lib/python3.10/site-packages'
[3.650s] Level 1:colcon.colcon_core.environment:checking '/home/ws/ugv_ws/install/rf2o_laser_odometry/bin'
[3.651s] INFO:colcon.colcon_core.shell:Creating package script '/home/ws/ugv_ws/install/rf2o_laser_odometry/share/rf2o_laser_odometry/package.ps1'
[3.652s] INFO:colcon.colcon_core.shell:Creating package descriptor '/home/ws/ugv_ws/install/rf2o_laser_odometry/share/rf2o_laser_odometry/package.dsv'
[3.653s] INFO:colcon.colcon_core.shell:Creating package script '/home/ws/ugv_ws/install/rf2o_laser_odometry/share/rf2o_laser_odometry/package.sh'
[3.653s] INFO:colcon.colcon_core.shell:Creating package script '/home/ws/ugv_ws/install/rf2o_laser_odometry/share/rf2o_laser_odometry/package.bash'
[3.654s] INFO:colcon.colcon_core.shell:Creating package script '/home/ws/ugv_ws/install/rf2o_laser_odometry/share/rf2o_laser_odometry/package.zsh'
[3.655s] Level 1:colcon.colcon_core.environment:create_file_with_runtime_dependencies(/home/ws/ugv_ws/install/rf2o_laser_odometry/share/colcon-core/packages/rf2o_laser_odometry)
[3.659s] Level 1:colcon.colcon_core.environment:create_environment_scripts_only(ldlidar)
[3.660s] Level 1:colcon.colcon_core.environment:checking '/home/ws/ugv_ws/install/ldlidar' for CMake module files
[3.662s] DEBUG:colcon.colcon_core.event_handler.log_command:Invoked command in '/home/ws/ugv_ws/build/ldlidar' returned '0': CMAKE_PREFIX_PATH=${CMAKE_PREFIX_PATH}:/home/ws/ugv_ws/install/ugv_web_app:/home/ws/ugv_ws/install/ugv_vision:/home/ws/ugv_ws/install/ugv_tools:/home/ws/ugv_ws/install/ugv_chat_ai:/home/ws/ugv_ws/install/ugv_bringup:/opt/ros/humble /usr/bin/cmake --install /home/ws/ugv_ws/build/ldlidar
[3.662s] Level 1:colcon.colcon_core.environment:checking '/home/ws/ugv_ws/install/ldlidar' for CMake config files
[3.663s] Level 1:colcon.colcon_core.shell:create_environment_hook('ldlidar', 'cmake_prefix_path')
[3.663s] INFO:colcon.colcon_core.shell:Creating environment hook '/home/ws/ugv_ws/install/ldlidar/share/ldlidar/hook/cmake_prefix_path.ps1'
[3.665s] INFO:colcon.colcon_core.shell:Creating environment descriptor '/home/ws/ugv_ws/install/ldlidar/share/ldlidar/hook/cmake_prefix_path.dsv'
[3.666s] INFO:colcon.colcon_core.shell:Creating environment hook '/home/ws/ugv_ws/install/ldlidar/share/ldlidar/hook/cmake_prefix_path.sh'
[3.669s] Level 1:colcon.colcon_core.environment:checking '/home/ws/ugv_ws/install/ldlidar/lib'
[3.670s] Level 1:colcon.colcon_core.environment:checking '/home/ws/ugv_ws/install/ldlidar/bin'
[3.670s] Level 1:colcon.colcon_core.environment:checking '/home/ws/ugv_ws/install/ldlidar/lib/pkgconfig/ldlidar.pc'
[3.670s] Level 1:colcon.colcon_core.environment:checking '/home/ws/ugv_ws/install/ldlidar/lib/python3.10/site-packages'
[3.670s] Level 1:colcon.colcon_core.environment:checking '/home/ws/ugv_ws/install/ldlidar/bin'
[3.671s] INFO:colcon.colcon_core.shell:Creating package script '/home/ws/ugv_ws/install/ldlidar/share/ldlidar/package.ps1'
[3.672s] INFO:colcon.colcon_core.shell:Creating package descriptor '/home/ws/ugv_ws/install/ldlidar/share/ldlidar/package.dsv'
[3.673s] INFO:colcon.colcon_core.shell:Creating package script '/home/ws/ugv_ws/install/ldlidar/share/ldlidar/package.sh'
[3.674s] INFO:colcon.colcon_core.shell:Creating package script '/home/ws/ugv_ws/install/ldlidar/share/ldlidar/package.bash'
[3.674s] INFO:colcon.colcon_core.shell:Creating package script '/home/ws/ugv_ws/install/ldlidar/share/ldlidar/package.zsh'
[3.675s] Level 1:colcon.colcon_core.environment:create_file_with_runtime_dependencies(/home/ws/ugv_ws/install/ldlidar/share/colcon-core/packages/ldlidar)
[3.681s] DEBUG:colcon.colcon_core.event_handler.log_command:Invoked command in '/home/ws/ugv_ws/build/robot_pose_publisher' returned '0': CMAKE_PREFIX_PATH=${CMAKE_PREFIX_PATH}:/home/ws/ugv_ws/install/ugv_web_app:/home/ws/ugv_ws/install/ugv_vision:/home/ws/ugv_ws/install/ugv_tools:/home/ws/ugv_ws/install/ugv_chat_ai:/home/ws/ugv_ws/install/ugv_bringup:/opt/ros/humble /usr/bin/cmake --build /home/ws/ugv_ws/build/robot_pose_publisher -- -j4 -l4
[3.687s] DEBUG:colcon.colcon_core.event_handler.log_command:Invoked command in '/home/ws/ugv_ws/build/ugv_base_node' returned '0': CMAKE_PREFIX_PATH=${CMAKE_PREFIX_PATH}:/home/ws/ugv_ws/install/ugv_web_app:/home/ws/ugv_ws/install/ugv_vision:/home/ws/ugv_ws/install/ugv_tools:/home/ws/ugv_ws/install/ugv_chat_ai:/home/ws/ugv_ws/install/ugv_bringup:/opt/ros/humble /usr/bin/cmake --build /home/ws/ugv_ws/build/ugv_base_node -- -j4 -l4
[3.699s] Level 1:colcon.colcon_core.environment:create_environment_scripts_only(rf2o_laser_odometry)
[3.700s] Level 1:colcon.colcon_core.environment:checking '/home/ws/ugv_ws/install/rf2o_laser_odometry' for CMake module files
[3.701s] Level 1:colcon.colcon_core.environment:checking '/home/ws/ugv_ws/install/rf2o_laser_odometry' for CMake config files
[3.701s] Level 1:colcon.colcon_core.shell:create_environment_hook('rf2o_laser_odometry', 'cmake_prefix_path')
[3.702s] INFO:colcon.colcon_core.shell:Creating environment hook '/home/ws/ugv_ws/install/rf2o_laser_odometry/share/rf2o_laser_odometry/hook/cmake_prefix_path.ps1'
[3.703s] INFO:colcon.colcon_core.shell:Creating environment descriptor '/home/ws/ugv_ws/install/rf2o_laser_odometry/share/rf2o_laser_odometry/hook/cmake_prefix_path.dsv'
[3.704s] INFO:colcon.colcon_core.shell:Creating environment hook '/home/ws/ugv_ws/install/rf2o_laser_odometry/share/rf2o_laser_odometry/hook/cmake_prefix_path.sh'
[3.706s] Level 1:colcon.colcon_core.environment:checking '/home/ws/ugv_ws/install/rf2o_laser_odometry/lib'
[3.706s] Level 1:colcon.colcon_core.environment:checking '/home/ws/ugv_ws/install/rf2o_laser_odometry/bin'
[3.706s] Level 1:colcon.colcon_core.environment:checking '/home/ws/ugv_ws/install/rf2o_laser_odometry/lib/pkgconfig/rf2o_laser_odometry.pc'
[3.707s] Level 1:colcon.colcon_core.environment:checking '/home/ws/ugv_ws/install/rf2o_laser_odometry/lib/python3.10/site-packages'
[3.708s] Level 1:colcon.colcon_core.environment:checking '/home/ws/ugv_ws/install/rf2o_laser_odometry/bin'
[3.709s] INFO:colcon.colcon_core.shell:Creating package script '/home/ws/ugv_ws/install/rf2o_laser_odometry/share/rf2o_laser_odometry/package.ps1'
[3.711s] INFO:colcon.colcon_core.shell:Creating package descriptor '/home/ws/ugv_ws/install/rf2o_laser_odometry/share/rf2o_laser_odometry/package.dsv'
[3.712s] INFO:colcon.colcon_core.shell:Creating package script '/home/ws/ugv_ws/install/rf2o_laser_odometry/share/rf2o_laser_odometry/package.sh'
[3.713s] INFO:colcon.colcon_core.shell:Creating package script '/home/ws/ugv_ws/install/rf2o_laser_odometry/share/rf2o_laser_odometry/package.bash'
[3.717s] INFO:colcon.colcon_core.shell:Creating package script '/home/ws/ugv_ws/install/rf2o_laser_odometry/share/rf2o_laser_odometry/package.zsh'
[3.718s] Level 1:colcon.colcon_core.environment:create_file_with_runtime_dependencies(/home/ws/ugv_ws/install/rf2o_laser_odometry/share/colcon-core/packages/rf2o_laser_odometry)
[3.720s] INFO:colcon.colcon_ros.task.ament_cmake.build:Building ROS package in '/home/ws/ugv_ws/src/ugv_main/ugv_interface' with build type 'ament_cmake'
[3.720s] INFO:colcon.colcon_cmake.task.cmake.build:Building CMake package in '/home/ws/ugv_ws/src/ugv_main/ugv_interface'
[3.721s] INFO:colcon.colcon_core.shell:Skip shell extension 'powershell' for command environment: Not usable outside of PowerShell
[3.721s] DEBUG:colcon.colcon_core.shell:Skip shell extension 'dsv' for command environment
[3.732s] DEBUG:colcon.colcon_core.event_handler.log_command:Invoking command in '/home/ws/ugv_ws/build/robot_pose_publisher': CMAKE_PREFIX_PATH=${CMAKE_PREFIX_PATH}:/home/ws/ugv_ws/install/ugv_web_app:/home/ws/ugv_ws/install/ugv_vision:/home/ws/ugv_ws/install/ugv_tools:/home/ws/ugv_ws/install/ugv_chat_ai:/home/ws/ugv_ws/install/ugv_bringup:/opt/ros/humble /usr/bin/cmake --install /home/ws/ugv_ws/build/robot_pose_publisher
[3.734s] DEBUG:colcon.colcon_core.event_handler.log_command:Invoking command in '/home/ws/ugv_ws/build/ugv_base_node': CMAKE_PREFIX_PATH=${CMAKE_PREFIX_PATH}:/home/ws/ugv_ws/install/ugv_web_app:/home/ws/ugv_ws/install/ugv_vision:/home/ws/ugv_ws/install/ugv_tools:/home/ws/ugv_ws/install/ugv_chat_ai:/home/ws/ugv_ws/install/ugv_bringup:/opt/ros/humble /usr/bin/cmake --install /home/ws/ugv_ws/build/ugv_base_node
[3.735s] Level 1:colcon.colcon_core.environment:create_environment_scripts_only(ldlidar)
[3.735s] Level 1:colcon.colcon_core.environment:checking '/home/ws/ugv_ws/install/ldlidar' for CMake module files
[3.736s] Level 1:colcon.colcon_core.environment:checking '/home/ws/ugv_ws/install/ldlidar' for CMake config files
[3.736s] Level 1:colcon.colcon_core.shell:create_environment_hook('ldlidar', 'cmake_prefix_path')
[3.737s] INFO:colcon.colcon_core.shell:Creating environment hook '/home/ws/ugv_ws/install/ldlidar/share/ldlidar/hook/cmake_prefix_path.ps1'
[3.738s] INFO:colcon.colcon_core.shell:Creating environment descriptor '/home/ws/ugv_ws/install/ldlidar/share/ldlidar/hook/cmake_prefix_path.dsv'
[3.739s] INFO:colcon.colcon_core.shell:Creating environment hook '/home/ws/ugv_ws/install/ldlidar/share/ldlidar/hook/cmake_prefix_path.sh'
[3.740s] Level 1:colcon.colcon_core.environment:checking '/home/ws/ugv_ws/install/ldlidar/lib'
[3.740s] Level 1:colcon.colcon_core.environment:checking '/home/ws/ugv_ws/install/ldlidar/bin'
[3.740s] Level 1:colcon.colcon_core.environment:checking '/home/ws/ugv_ws/install/ldlidar/lib/pkgconfig/ldlidar.pc'
[3.741s] Level 1:colcon.colcon_core.environment:checking '/home/ws/ugv_ws/install/ldlidar/lib/python3.10/site-packages'
[3.741s] Level 1:colcon.colcon_core.environment:checking '/home/ws/ugv_ws/install/ldlidar/bin'
[3.742s] INFO:colcon.colcon_core.shell:Creating package script '/home/ws/ugv_ws/install/ldlidar/share/ldlidar/package.ps1'
[3.742s] INFO:colcon.colcon_core.shell:Creating package descriptor '/home/ws/ugv_ws/install/ldlidar/share/ldlidar/package.dsv'
[3.744s] INFO:colcon.colcon_core.shell:Creating package script '/home/ws/ugv_ws/install/ldlidar/share/ldlidar/package.sh'
[3.744s] INFO:colcon.colcon_core.shell:Creating package script '/home/ws/ugv_ws/install/ldlidar/share/ldlidar/package.bash'
[3.745s] INFO:colcon.colcon_core.shell:Creating package script '/home/ws/ugv_ws/install/ldlidar/share/ldlidar/package.zsh'
[3.745s] Level 1:colcon.colcon_core.environment:create_file_with_runtime_dependencies(/home/ws/ugv_ws/install/ldlidar/share/colcon-core/packages/ldlidar)
[3.747s] INFO:colcon.colcon_ros.task.ament_cmake.build:Building ROS package in '/home/ws/ugv_ws/src/ugv_else/vizanti/vizanti_cpp' with build type 'ament_cmake'
[3.747s] INFO:colcon.colcon_cmake.task.cmake.build:Building CMake package in '/home/ws/ugv_ws/src/ugv_else/vizanti/vizanti_cpp'
[3.748s] INFO:colcon.colcon_core.shell:Skip shell extension 'powershell' for command environment: Not usable outside of PowerShell
[3.748s] DEBUG:colcon.colcon_core.shell:Skip shell extension 'dsv' for command environment
[3.850s] Level 1:colcon.colcon_core.environment:create_environment_scripts_only(ugv_base_node)
[3.851s] Level 1:colcon.colcon_core.environment:checking '/home/ws/ugv_ws/install/ugv_base_node' for CMake module files
[3.852s] DEBUG:colcon.colcon_core.event_handler.log_command:Invoking command in '/home/ws/ugv_ws/build/ugv_interface': CMAKE_PREFIX_PATH=${CMAKE_PREFIX_PATH}:/home/ws/ugv_ws/install/ugv_web_app:/home/ws/ugv_ws/install/ugv_vision:/home/ws/ugv_ws/install/ugv_tools:/home/ws/ugv_ws/install/ugv_chat_ai:/home/ws/ugv_ws/install/ugv_bringup:/opt/ros/humble /usr/bin/cmake --build /home/ws/ugv_ws/build/ugv_interface -- -j4 -l4
[3.852s] DEBUG:colcon.colcon_core.event_handler.log_command:Invoked command in '/home/ws/ugv_ws/build/ugv_base_node' returned '0': CMAKE_PREFIX_PATH=${CMAKE_PREFIX_PATH}:/home/ws/ugv_ws/install/ugv_web_app:/home/ws/ugv_ws/install/ugv_vision:/home/ws/ugv_ws/install/ugv_tools:/home/ws/ugv_ws/install/ugv_chat_ai:/home/ws/ugv_ws/install/ugv_bringup:/opt/ros/humble /usr/bin/cmake --install /home/ws/ugv_ws/build/ugv_base_node
[3.852s] Level 1:colcon.colcon_core.environment:checking '/home/ws/ugv_ws/install/ugv_base_node' for CMake config files
[3.853s] Level 1:colcon.colcon_core.shell:create_environment_hook('ugv_base_node', 'cmake_prefix_path')
[3.853s] INFO:colcon.colcon_core.shell:Creating environment hook '/home/ws/ugv_ws/install/ugv_base_node/share/ugv_base_node/hook/cmake_prefix_path.ps1'
[3.854s] INFO:colcon.colcon_core.shell:Creating environment descriptor '/home/ws/ugv_ws/install/ugv_base_node/share/ugv_base_node/hook/cmake_prefix_path.dsv'
[3.854s] INFO:colcon.colcon_core.shell:Creating environment hook '/home/ws/ugv_ws/install/ugv_base_node/share/ugv_base_node/hook/cmake_prefix_path.sh'
[3.855s] Level 1:colcon.colcon_core.environment:checking '/home/ws/ugv_ws/install/ugv_base_node/lib'
[3.856s] Level 1:colcon.colcon_core.environment:checking '/home/ws/ugv_ws/install/ugv_base_node/bin'
[3.856s] Level 1:colcon.colcon_core.environment:checking '/home/ws/ugv_ws/install/ugv_base_node/lib/pkgconfig/ugv_base_node.pc'
[3.856s] Level 1:colcon.colcon_core.environment:checking '/home/ws/ugv_ws/install/ugv_base_node/lib/python3.10/site-packages'
[3.856s] Level 1:colcon.colcon_core.environment:checking '/home/ws/ugv_ws/install/ugv_base_node/bin'
[3.857s] INFO:colcon.colcon_core.shell:Creating package script '/home/ws/ugv_ws/install/ugv_base_node/share/ugv_base_node/package.ps1'
[3.857s] INFO:colcon.colcon_core.shell:Creating package descriptor '/home/ws/ugv_ws/install/ugv_base_node/share/ugv_base_node/package.dsv'
[3.858s] INFO:colcon.colcon_core.shell:Creating package script '/home/ws/ugv_ws/install/ugv_base_node/share/ugv_base_node/package.sh'
[3.859s] INFO:colcon.colcon_core.shell:Creating package script '/home/ws/ugv_ws/install/ugv_base_node/share/ugv_base_node/package.bash'
[3.860s] INFO:colcon.colcon_core.shell:Creating package script '/home/ws/ugv_ws/install/ugv_base_node/share/ugv_base_node/package.zsh'
[3.863s] Level 1:colcon.colcon_core.environment:create_file_with_runtime_dependencies(/home/ws/ugv_ws/install/ugv_base_node/share/colcon-core/packages/ugv_base_node)
[3.865s] Level 1:colcon.colcon_core.environment:create_environment_scripts_only(robot_pose_publisher)
[3.866s] Level 1:colcon.colcon_core.environment:checking '/home/ws/ugv_ws/install/robot_pose_publisher' for CMake module files
[3.867s] Level 1:colcon.colcon_core.environment:checking '/home/ws/ugv_ws/install/robot_pose_publisher' for CMake config files
[3.867s] Level 1:colcon.colcon_core.shell:create_environment_hook('robot_pose_publisher', 'cmake_prefix_path')
[3.867s] INFO:colcon.colcon_core.shell:Creating environment hook '/home/ws/ugv_ws/install/robot_pose_publisher/share/robot_pose_publisher/hook/cmake_prefix_path.ps1'
[3.868s] DEBUG:colcon.colcon_core.event_handler.log_command:Invoked command in '/home/ws/ugv_ws/build/robot_pose_publisher' returned '0': CMAKE_PREFIX_PATH=${CMAKE_PREFIX_PATH}:/home/ws/ugv_ws/install/ugv_web_app:/home/ws/ugv_ws/install/ugv_vision:/home/ws/ugv_ws/install/ugv_tools:/home/ws/ugv_ws/install/ugv_chat_ai:/home/ws/ugv_ws/install/ugv_bringup:/opt/ros/humble /usr/bin/cmake --install /home/ws/ugv_ws/build/robot_pose_publisher
[3.869s] INFO:colcon.colcon_core.shell:Creating environment descriptor '/home/ws/ugv_ws/install/robot_pose_publisher/share/robot_pose_publisher/hook/cmake_prefix_path.dsv'
[3.870s] INFO:colcon.colcon_core.shell:Creating environment hook '/home/ws/ugv_ws/install/robot_pose_publisher/share/robot_pose_publisher/hook/cmake_prefix_path.sh'
[3.871s] Level 1:colcon.colcon_core.environment:checking '/home/ws/ugv_ws/install/robot_pose_publisher/lib'
[3.871s] Level 1:colcon.colcon_core.environment:checking '/home/ws/ugv_ws/install/robot_pose_publisher/bin'
[3.871s] Level 1:colcon.colcon_core.environment:checking '/home/ws/ugv_ws/install/robot_pose_publisher/lib/pkgconfig/robot_pose_publisher.pc'
[3.872s] Level 1:colcon.colcon_core.environment:checking '/home/ws/ugv_ws/install/robot_pose_publisher/lib/python3.10/site-packages'
[3.872s] Level 1:colcon.colcon_core.environment:checking '/home/ws/ugv_ws/install/robot_pose_publisher/bin'
[3.872s] INFO:colcon.colcon_core.shell:Creating package script '/home/ws/ugv_ws/install/robot_pose_publisher/share/robot_pose_publisher/package.ps1'
[3.873s] INFO:colcon.colcon_core.shell:Creating package descriptor '/home/ws/ugv_ws/install/robot_pose_publisher/share/robot_pose_publisher/package.dsv'
[3.874s] INFO:colcon.colcon_core.shell:Creating package script '/home/ws/ugv_ws/install/robot_pose_publisher/share/robot_pose_publisher/package.sh'
[3.875s] INFO:colcon.colcon_core.shell:Creating package script '/home/ws/ugv_ws/install/robot_pose_publisher/share/robot_pose_publisher/package.bash'
[3.876s] INFO:colcon.colcon_core.shell:Creating package script '/home/ws/ugv_ws/install/robot_pose_publisher/share/robot_pose_publisher/package.zsh'
[3.877s] Level 1:colcon.colcon_core.environment:create_file_with_runtime_dependencies(/home/ws/ugv_ws/install/robot_pose_publisher/share/colcon-core/packages/robot_pose_publisher)
[3.889s] DEBUG:colcon.colcon_core.event_handler.log_command:Invoking command in '/home/ws/ugv_ws/build/vizanti_cpp': CMAKE_PREFIX_PATH=${CMAKE_PREFIX_PATH}:/home/ws/ugv_ws/install/ugv_web_app:/home/ws/ugv_ws/install/ugv_vision:/home/ws/ugv_ws/install/ugv_tools:/home/ws/ugv_ws/install/ugv_chat_ai:/home/ws/ugv_ws/install/ugv_bringup:/opt/ros/humble /usr/bin/cmake --build /home/ws/ugv_ws/build/vizanti_cpp -- -j4 -l4
[3.916s] Level 1:colcon.colcon_core.environment:create_environment_scripts_only(ugv_base_node)
[3.917s] Level 1:colcon.colcon_core.environment:checking '/home/ws/ugv_ws/install/ugv_base_node' for CMake module files
[3.917s] Level 1:colcon.colcon_core.environment:checking '/home/ws/ugv_ws/install/ugv_base_node' for CMake config files
[3.918s] Level 1:colcon.colcon_core.shell:create_environment_hook('ugv_base_node', 'cmake_prefix_path')
[3.918s] INFO:colcon.colcon_core.shell:Creating environment hook '/home/ws/ugv_ws/install/ugv_base_node/share/ugv_base_node/hook/cmake_prefix_path.ps1'
[3.919s] INFO:colcon.colcon_core.shell:Creating environment descriptor '/home/ws/ugv_ws/install/ugv_base_node/share/ugv_base_node/hook/cmake_prefix_path.dsv'
[3.921s] INFO:colcon.colcon_core.shell:Creating environment hook '/home/ws/ugv_ws/install/ugv_base_node/share/ugv_base_node/hook/cmake_prefix_path.sh'
[3.922s] Level 1:colcon.colcon_core.environment:checking '/home/ws/ugv_ws/install/ugv_base_node/lib'
[3.923s] Level 1:colcon.colcon_core.environment:checking '/home/ws/ugv_ws/install/ugv_base_node/bin'
[3.923s] Level 1:colcon.colcon_core.environment:checking '/home/ws/ugv_ws/install/ugv_base_node/lib/pkgconfig/ugv_base_node.pc'
[3.923s] Level 1:colcon.colcon_core.environment:checking '/home/ws/ugv_ws/install/ugv_base_node/lib/python3.10/site-packages'
[3.925s] Level 1:colcon.colcon_core.environment:checking '/home/ws/ugv_ws/install/ugv_base_node/bin'
[3.926s] INFO:colcon.colcon_core.shell:Creating package script '/home/ws/ugv_ws/install/ugv_base_node/share/ugv_base_node/package.ps1'
[3.927s] INFO:colcon.colcon_core.shell:Creating package descriptor '/home/ws/ugv_ws/install/ugv_base_node/share/ugv_base_node/package.dsv'
[3.928s] INFO:colcon.colcon_core.shell:Creating package script '/home/ws/ugv_ws/install/ugv_base_node/share/ugv_base_node/package.sh'
[3.929s] INFO:colcon.colcon_core.shell:Creating package script '/home/ws/ugv_ws/install/ugv_base_node/share/ugv_base_node/package.bash'
[3.930s] INFO:colcon.colcon_core.shell:Creating package script '/home/ws/ugv_ws/install/ugv_base_node/share/ugv_base_node/package.zsh'
[3.932s] Level 1:colcon.colcon_core.environment:create_file_with_runtime_dependencies(/home/ws/ugv_ws/install/ugv_base_node/share/colcon-core/packages/ugv_base_node)
[3.934s] INFO:colcon.colcon_ros.task.ament_cmake.build:Building ROS package in '/home/ws/ugv_ws/src/ugv_else/apriltag_ros/apriltag_ros' with build type 'ament_cmake'
[3.935s] INFO:colcon.colcon_cmake.task.cmake.build:Building CMake package in '/home/ws/ugv_ws/src/ugv_else/apriltag_ros/apriltag_ros'
[3.936s] INFO:colcon.colcon_core.shell:Skip shell extension 'powershell' for command environment: Not usable outside of PowerShell
[3.936s] DEBUG:colcon.colcon_core.shell:Skip shell extension 'dsv' for command environment
[3.950s] Level 1:colcon.colcon_core.environment:create_environment_scripts_only(robot_pose_publisher)
[3.950s] Level 1:colcon.colcon_core.environment:checking '/home/ws/ugv_ws/install/robot_pose_publisher' for CMake module files
[3.952s] Level 1:colcon.colcon_core.environment:checking '/home/ws/ugv_ws/install/robot_pose_publisher' for CMake config files
[3.954s] Level 1:colcon.colcon_core.shell:create_environment_hook('robot_pose_publisher', 'cmake_prefix_path')
[3.954s] INFO:colcon.colcon_core.shell:Creating environment hook '/home/ws/ugv_ws/install/robot_pose_publisher/share/robot_pose_publisher/hook/cmake_prefix_path.ps1'
[3.958s] INFO:colcon.colcon_core.shell:Creating environment descriptor '/home/ws/ugv_ws/install/robot_pose_publisher/share/robot_pose_publisher/hook/cmake_prefix_path.dsv'
[3.959s] INFO:colcon.colcon_core.shell:Creating environment hook '/home/ws/ugv_ws/install/robot_pose_publisher/share/robot_pose_publisher/hook/cmake_prefix_path.sh'
[3.960s] Level 1:colcon.colcon_core.environment:checking '/home/ws/ugv_ws/install/robot_pose_publisher/lib'
[3.961s] Level 1:colcon.colcon_core.environment:checking '/home/ws/ugv_ws/install/robot_pose_publisher/bin'
[3.961s] Level 1:colcon.colcon_core.environment:checking '/home/ws/ugv_ws/install/robot_pose_publisher/lib/pkgconfig/robot_pose_publisher.pc'
[3.961s] Level 1:colcon.colcon_core.environment:checking '/home/ws/ugv_ws/install/robot_pose_publisher/lib/python3.10/site-packages'
[3.968s] Level 1:colcon.colcon_core.environment:checking '/home/ws/ugv_ws/install/robot_pose_publisher/bin'
[3.969s] INFO:colcon.colcon_core.shell:Creating package script '/home/ws/ugv_ws/install/robot_pose_publisher/share/robot_pose_publisher/package.ps1'
[3.971s] INFO:colcon.colcon_core.shell:Creating package descriptor '/home/ws/ugv_ws/install/robot_pose_publisher/share/robot_pose_publisher/package.dsv'
[3.973s] INFO:colcon.colcon_core.shell:Creating package script '/home/ws/ugv_ws/install/robot_pose_publisher/share/robot_pose_publisher/package.sh'
[3.974s] INFO:colcon.colcon_core.shell:Creating package script '/home/ws/ugv_ws/install/robot_pose_publisher/share/robot_pose_publisher/package.bash'
[3.975s] INFO:colcon.colcon_core.shell:Creating package script '/home/ws/ugv_ws/install/robot_pose_publisher/share/robot_pose_publisher/package.zsh'
[3.976s] Level 1:colcon.colcon_core.environment:create_file_with_runtime_dependencies(/home/ws/ugv_ws/install/robot_pose_publisher/share/colcon-core/packages/robot_pose_publisher)
[3.978s] INFO:colcon.colcon_ros.task.ament_cmake.build:Building ROS package in '/home/ws/ugv_ws/src/ugv_else/gmapping/slam_gmapping' with build type 'ament_cmake'
[3.979s] INFO:colcon.colcon_cmake.task.cmake.build:Building CMake package in '/home/ws/ugv_ws/src/ugv_else/gmapping/slam_gmapping'
[3.980s] INFO:colcon.colcon_core.shell:Skip shell extension 'powershell' for command environment: Not usable outside of PowerShell
[3.980s] DEBUG:colcon.colcon_core.shell:Skip shell extension 'dsv' for command environment
[4.010s] DEBUG:colcon.colcon_core.event_handler.log_command:Invoking command in '/home/ws/ugv_ws/build/apriltag_ros': CMAKE_PREFIX_PATH=/home/ws/ugv_ws/install/apriltag_msgs:/home/ws/ugv_ws/install/apriltag:/home/ws/ugv_ws/install/vizanti:/home/ws/ugv_ws/install/vizanti_server:/home/ws/ugv_ws/install/vizanti_demos:/home/ws/ugv_ws/install/vizanti_msgs:/home/ws/ugv_ws/install/vizanti_cpp:/home/ws/ugv_ws/install/ugv_slam:/home/ws/ugv_ws/install/ugv_nav:/home/ws/ugv_ws/install/ugv_interface:/home/ws/ugv_ws/install/ugv_gazebo:/home/ws/ugv_ws/install/ugv_description:/home/ws/ugv_ws/install/ugv_base_node:/home/ws/ugv_ws/install/teb_local_planner:/home/ws/ugv_ws/install/teb_msgs:/home/ws/ugv_ws/install/slam_gmapping:/home/ws/ugv_ws/install/robot_pose_publisher:/home/ws/ugv_ws/install/rf2o_laser_odometry:/home/ws/ugv_ws/install/openslam_gmapping:/home/ws/ugv_ws/install/ldlidar:/home/ws/ugv_ws/install/explore_lite:/home/ws/ugv_ws/install/emcl2:/home/ws/ugv_ws/install/costmap_converter:/home/ws/ugv_ws/install/costmap_converter_msgs:/home/ws/ugv_ws/install/cartographer:/home/ws/ugv_ws/install/apriltag_ros:/home/ws/ugv_ws/install/ugv_web_app:/home/ws/ugv_ws/install/ugv_vision:/home/ws/ugv_ws/install/ugv_tools:/home/ws/ugv_ws/install/ugv_chat_ai:/home/ws/ugv_ws/install/ugv_bringup:/opt/ros/humble LD_LIBRARY_PATH=/home/ws/ugv_ws/install/apriltag_msgs/lib:/home/ws/ugv_ws/install/apriltag/lib:/home/ws/ugv_ws/install/vizanti_msgs/lib:/home/ws/ugv_ws/install/ugv_interface/lib:/home/ws/ugv_ws/install/teb_local_planner/lib:/home/ws/ugv_ws/install/teb_msgs/lib:/home/ws/ugv_ws/install/openslam_gmapping/lib:/home/ws/ugv_ws/install/costmap_converter/lib:/home/ws/ugv_ws/install/costmap_converter_msgs/lib:/home/ws/ugv_ws/install/apriltag_ros/lib:/opt/ros/humble/opt/rviz_ogre_vendor/lib:/opt/ros/humble/lib/aarch64-linux-gnu:/opt/ros/humble/lib PATH=/home/ws/ugv_ws/install/apriltag/bin:/home/ws/ugv_ws/install/costmap_converter/bin:/home/ws/ugv_ws/install/apriltag_ros/bin:/opt/ros/humble/bin:/usr/local/sbin:/usr/local/bin:/usr/sbin:/usr/bin:/sbin:/bin:/usr/games:/usr/local/games:/snap/bin PYTHONPATH=/home/ws/ugv_ws/install/apriltag/lib/python3.10/site-packages:/home/ws/ugv_ws/install/vizanti_msgs/local/lib/python3.10/dist-packages:/home/ws/ugv_ws/build/ugv_web_app:/home/ws/ugv_ws/install/ugv_web_app/lib/python3.10/site-packages:/home/ws/ugv_ws/build/ugv_vision:/home/ws/ugv_ws/install/ugv_vision/lib/python3.10/site-packages:/home/ws/ugv_ws/build/ugv_tools:/home/ws/ugv_ws/install/ugv_tools/lib/python3.10/site-packages:/home/ws/ugv_ws/install/ugv_interface/local/lib/python3.10/dist-packages:/home/ws/ugv_ws/build/ugv_chat_ai:/home/ws/ugv_ws/install/ugv_chat_ai/lib/python3.10/site-packages:/home/ws/ugv_ws/build/ugv_bringup:/home/ws/ugv_ws/install/ugv_bringup/lib/python3.10/site-packages:/home/ws/ugv_ws/install/teb_msgs/local/lib/python3.10/dist-packages:/home/ws/ugv_ws/install/costmap_converter_msgs/local/lib/python3.10/dist-packages:/home/ws/ugv_ws/install/apriltag_msgs/local/lib/python3.10/dist-packages:/opt/ros/humble/lib/python3.10/site-packages:/opt/ros/humble/local/lib/python3.10/dist-packages /usr/bin/cmake --build /home/ws/ugv_ws/build/apriltag_ros -- -j4 -l4
[4.028s] DEBUG:colcon.colcon_core.event_handler.log_command:Invoking command in '/home/ws/ugv_ws/build/slam_gmapping': CMAKE_PREFIX_PATH=/home/ws/ugv_ws/install/openslam_gmapping:/home/ws/ugv_ws/install/vizanti:/home/ws/ugv_ws/install/vizanti_server:/home/ws/ugv_ws/install/vizanti_demos:/home/ws/ugv_ws/install/vizanti_msgs:/home/ws/ugv_ws/install/vizanti_cpp:/home/ws/ugv_ws/install/ugv_slam:/home/ws/ugv_ws/install/ugv_nav:/home/ws/ugv_ws/install/ugv_interface:/home/ws/ugv_ws/install/ugv_gazebo:/home/ws/ugv_ws/install/ugv_description:/home/ws/ugv_ws/install/ugv_base_node:/home/ws/ugv_ws/install/teb_local_planner:/home/ws/ugv_ws/install/teb_msgs:/home/ws/ugv_ws/install/slam_gmapping:/home/ws/ugv_ws/install/robot_pose_publisher:/home/ws/ugv_ws/install/rf2o_laser_odometry:/home/ws/ugv_ws/install/ldlidar:/home/ws/ugv_ws/install/explore_lite:/home/ws/ugv_ws/install/emcl2:/home/ws/ugv_ws/install/costmap_converter:/home/ws/ugv_ws/install/costmap_converter_msgs:/home/ws/ugv_ws/install/cartographer:/home/ws/ugv_ws/install/apriltag_ros:/home/ws/ugv_ws/install/apriltag_msgs:/home/ws/ugv_ws/install/apriltag:/home/ws/ugv_ws/install/ugv_web_app:/home/ws/ugv_ws/install/ugv_vision:/home/ws/ugv_ws/install/ugv_tools:/home/ws/ugv_ws/install/ugv_chat_ai:/home/ws/ugv_ws/install/ugv_bringup:/opt/ros/humble /usr/bin/cmake --build /home/ws/ugv_ws/build/slam_gmapping -- -j4 -l4
[4.045s] DEBUG:colcon.colcon_core.event_handler.log_command:Invoked command in '/home/ws/ugv_ws/build/vizanti_cpp' returned '0': CMAKE_PREFIX_PATH=${CMAKE_PREFIX_PATH}:/home/ws/ugv_ws/install/ugv_web_app:/home/ws/ugv_ws/install/ugv_vision:/home/ws/ugv_ws/install/ugv_tools:/home/ws/ugv_ws/install/ugv_chat_ai:/home/ws/ugv_ws/install/ugv_bringup:/opt/ros/humble /usr/bin/cmake --build /home/ws/ugv_ws/build/vizanti_cpp -- -j4 -l4
[4.102s] DEBUG:colcon.colcon_core.event_handler.log_command:Invoking command in '/home/ws/ugv_ws/build/vizanti_cpp': CMAKE_PREFIX_PATH=${CMAKE_PREFIX_PATH}:/home/ws/ugv_ws/install/ugv_web_app:/home/ws/ugv_ws/install/ugv_vision:/home/ws/ugv_ws/install/ugv_tools:/home/ws/ugv_ws/install/ugv_chat_ai:/home/ws/ugv_ws/install/ugv_bringup:/opt/ros/humble /usr/bin/cmake --install /home/ws/ugv_ws/build/vizanti_cpp
[4.124s] Level 1:colcon.colcon_core.environment:create_environment_scripts_only(vizanti_cpp)
[4.125s] Level 1:colcon.colcon_core.environment:checking '/home/ws/ugv_ws/install/vizanti_cpp' for CMake module files
[4.126s] Level 1:colcon.colcon_core.environment:checking '/home/ws/ugv_ws/install/vizanti_cpp' for CMake config files
[4.126s] Level 1:colcon.colcon_core.shell:create_environment_hook('vizanti_cpp', 'cmake_prefix_path')
[4.126s] INFO:colcon.colcon_core.shell:Creating environment hook '/home/ws/ugv_ws/install/vizanti_cpp/share/vizanti_cpp/hook/cmake_prefix_path.ps1'
[4.125s] DEBUG:colcon.colcon_core.event_handler.log_command:Invoked command in '/home/ws/ugv_ws/build/vizanti_cpp' returned '0': CMAKE_PREFIX_PATH=${CMAKE_PREFIX_PATH}:/home/ws/ugv_ws/install/ugv_web_app:/home/ws/ugv_ws/install/ugv_vision:/home/ws/ugv_ws/install/ugv_tools:/home/ws/ugv_ws/install/ugv_chat_ai:/home/ws/ugv_ws/install/ugv_bringup:/opt/ros/humble /usr/bin/cmake --install /home/ws/ugv_ws/build/vizanti_cpp
[4.127s] INFO:colcon.colcon_core.shell:Creating environment descriptor '/home/ws/ugv_ws/install/vizanti_cpp/share/vizanti_cpp/hook/cmake_prefix_path.dsv'
[4.135s] INFO:colcon.colcon_core.shell:Creating environment hook '/home/ws/ugv_ws/install/vizanti_cpp/share/vizanti_cpp/hook/cmake_prefix_path.sh'
[4.136s] Level 1:colcon.colcon_core.environment:checking '/home/ws/ugv_ws/install/vizanti_cpp/lib'
[4.136s] Level 1:colcon.colcon_core.environment:checking '/home/ws/ugv_ws/install/vizanti_cpp/bin'
[4.136s] Level 1:colcon.colcon_core.environment:checking '/home/ws/ugv_ws/install/vizanti_cpp/lib/pkgconfig/vizanti_cpp.pc'
[4.137s] Level 1:colcon.colcon_core.environment:checking '/home/ws/ugv_ws/install/vizanti_cpp/lib/python3.10/site-packages'
[4.137s] Level 1:colcon.colcon_core.environment:checking '/home/ws/ugv_ws/install/vizanti_cpp/bin'
[4.138s] INFO:colcon.colcon_core.shell:Creating package script '/home/ws/ugv_ws/install/vizanti_cpp/share/vizanti_cpp/package.ps1'
[4.139s] INFO:colcon.colcon_core.shell:Creating package descriptor '/home/ws/ugv_ws/install/vizanti_cpp/share/vizanti_cpp/package.dsv'
[4.144s] INFO:colcon.colcon_core.shell:Creating package script '/home/ws/ugv_ws/install/vizanti_cpp/share/vizanti_cpp/package.sh'
[4.145s] INFO:colcon.colcon_core.shell:Creating package script '/home/ws/ugv_ws/install/vizanti_cpp/share/vizanti_cpp/package.bash'
[4.146s] INFO:colcon.colcon_core.shell:Creating package script '/home/ws/ugv_ws/install/vizanti_cpp/share/vizanti_cpp/package.zsh'
[4.148s] Level 1:colcon.colcon_core.environment:create_file_with_runtime_dependencies(/home/ws/ugv_ws/install/vizanti_cpp/share/colcon-core/packages/vizanti_cpp)
[4.187s] DEBUG:colcon.colcon_core.event_handler.log_command:Invoked command in '/home/ws/ugv_ws/build/slam_gmapping' returned '0': CMAKE_PREFIX_PATH=/home/ws/ugv_ws/install/openslam_gmapping:/home/ws/ugv_ws/install/vizanti:/home/ws/ugv_ws/install/vizanti_server:/home/ws/ugv_ws/install/vizanti_demos:/home/ws/ugv_ws/install/vizanti_msgs:/home/ws/ugv_ws/install/vizanti_cpp:/home/ws/ugv_ws/install/ugv_slam:/home/ws/ugv_ws/install/ugv_nav:/home/ws/ugv_ws/install/ugv_interface:/home/ws/ugv_ws/install/ugv_gazebo:/home/ws/ugv_ws/install/ugv_description:/home/ws/ugv_ws/install/ugv_base_node:/home/ws/ugv_ws/install/teb_local_planner:/home/ws/ugv_ws/install/teb_msgs:/home/ws/ugv_ws/install/slam_gmapping:/home/ws/ugv_ws/install/robot_pose_publisher:/home/ws/ugv_ws/install/rf2o_laser_odometry:/home/ws/ugv_ws/install/ldlidar:/home/ws/ugv_ws/install/explore_lite:/home/ws/ugv_ws/install/emcl2:/home/ws/ugv_ws/install/costmap_converter:/home/ws/ugv_ws/install/costmap_converter_msgs:/home/ws/ugv_ws/install/cartographer:/home/ws/ugv_ws/install/apriltag_ros:/home/ws/ugv_ws/install/apriltag_msgs:/home/ws/ugv_ws/install/apriltag:/home/ws/ugv_ws/install/ugv_web_app:/home/ws/ugv_ws/install/ugv_vision:/home/ws/ugv_ws/install/ugv_tools:/home/ws/ugv_ws/install/ugv_chat_ai:/home/ws/ugv_ws/install/ugv_bringup:/opt/ros/humble /usr/bin/cmake --build /home/ws/ugv_ws/build/slam_gmapping -- -j4 -l4
[4.197s] DEBUG:colcon.colcon_core.event_handler.log_command:Invoked command in '/home/ws/ugv_ws/build/apriltag_ros' returned '0': CMAKE_PREFIX_PATH=/home/ws/ugv_ws/install/apriltag_msgs:/home/ws/ugv_ws/install/apriltag:/home/ws/ugv_ws/install/vizanti:/home/ws/ugv_ws/install/vizanti_server:/home/ws/ugv_ws/install/vizanti_demos:/home/ws/ugv_ws/install/vizanti_msgs:/home/ws/ugv_ws/install/vizanti_cpp:/home/ws/ugv_ws/install/ugv_slam:/home/ws/ugv_ws/install/ugv_nav:/home/ws/ugv_ws/install/ugv_interface:/home/ws/ugv_ws/install/ugv_gazebo:/home/ws/ugv_ws/install/ugv_description:/home/ws/ugv_ws/install/ugv_base_node:/home/ws/ugv_ws/install/teb_local_planner:/home/ws/ugv_ws/install/teb_msgs:/home/ws/ugv_ws/install/slam_gmapping:/home/ws/ugv_ws/install/robot_pose_publisher:/home/ws/ugv_ws/install/rf2o_laser_odometry:/home/ws/ugv_ws/install/openslam_gmapping:/home/ws/ugv_ws/install/ldlidar:/home/ws/ugv_ws/install/explore_lite:/home/ws/ugv_ws/install/emcl2:/home/ws/ugv_ws/install/costmap_converter:/home/ws/ugv_ws/install/costmap_converter_msgs:/home/ws/ugv_ws/install/cartographer:/home/ws/ugv_ws/install/apriltag_ros:/home/ws/ugv_ws/install/ugv_web_app:/home/ws/ugv_ws/install/ugv_vision:/home/ws/ugv_ws/install/ugv_tools:/home/ws/ugv_ws/install/ugv_chat_ai:/home/ws/ugv_ws/install/ugv_bringup:/opt/ros/humble LD_LIBRARY_PATH=/home/ws/ugv_ws/install/apriltag_msgs/lib:/home/ws/ugv_ws/install/apriltag/lib:/home/ws/ugv_ws/install/vizanti_msgs/lib:/home/ws/ugv_ws/install/ugv_interface/lib:/home/ws/ugv_ws/install/teb_local_planner/lib:/home/ws/ugv_ws/install/teb_msgs/lib:/home/ws/ugv_ws/install/openslam_gmapping/lib:/home/ws/ugv_ws/install/costmap_converter/lib:/home/ws/ugv_ws/install/costmap_converter_msgs/lib:/home/ws/ugv_ws/install/apriltag_ros/lib:/opt/ros/humble/opt/rviz_ogre_vendor/lib:/opt/ros/humble/lib/aarch64-linux-gnu:/opt/ros/humble/lib PATH=/home/ws/ugv_ws/install/apriltag/bin:/home/ws/ugv_ws/install/costmap_converter/bin:/home/ws/ugv_ws/install/apriltag_ros/bin:/opt/ros/humble/bin:/usr/local/sbin:/usr/local/bin:/usr/sbin:/usr/bin:/sbin:/bin:/usr/games:/usr/local/games:/snap/bin PYTHONPATH=/home/ws/ugv_ws/install/apriltag/lib/python3.10/site-packages:/home/ws/ugv_ws/install/vizanti_msgs/local/lib/python3.10/dist-packages:/home/ws/ugv_ws/build/ugv_web_app:/home/ws/ugv_ws/install/ugv_web_app/lib/python3.10/site-packages:/home/ws/ugv_ws/build/ugv_vision:/home/ws/ugv_ws/install/ugv_vision/lib/python3.10/site-packages:/home/ws/ugv_ws/build/ugv_tools:/home/ws/ugv_ws/install/ugv_tools/lib/python3.10/site-packages:/home/ws/ugv_ws/install/ugv_interface/local/lib/python3.10/dist-packages:/home/ws/ugv_ws/build/ugv_chat_ai:/home/ws/ugv_ws/install/ugv_chat_ai/lib/python3.10/site-packages:/home/ws/ugv_ws/build/ugv_bringup:/home/ws/ugv_ws/install/ugv_bringup/lib/python3.10/site-packages:/home/ws/ugv_ws/install/teb_msgs/local/lib/python3.10/dist-packages:/home/ws/ugv_ws/install/costmap_converter_msgs/local/lib/python3.10/dist-packages:/home/ws/ugv_ws/install/apriltag_msgs/local/lib/python3.10/dist-packages:/opt/ros/humble/lib/python3.10/site-packages:/opt/ros/humble/local/lib/python3.10/dist-packages /usr/bin/cmake --build /home/ws/ugv_ws/build/apriltag_ros -- -j4 -l4
[4.209s] Level 1:colcon.colcon_core.environment:create_environment_scripts_only(vizanti_cpp)
[4.209s] Level 1:colcon.colcon_core.environment:checking '/home/ws/ugv_ws/install/vizanti_cpp' for CMake module files
[4.210s] Level 1:colcon.colcon_core.environment:checking '/home/ws/ugv_ws/install/vizanti_cpp' for CMake config files
[4.210s] Level 1:colcon.colcon_core.shell:create_environment_hook('vizanti_cpp', 'cmake_prefix_path')
[4.211s] INFO:colcon.colcon_core.shell:Creating environment hook '/home/ws/ugv_ws/install/vizanti_cpp/share/vizanti_cpp/hook/cmake_prefix_path.ps1'
[4.214s] INFO:colcon.colcon_core.shell:Creating environment descriptor '/home/ws/ugv_ws/install/vizanti_cpp/share/vizanti_cpp/hook/cmake_prefix_path.dsv'
[4.215s] INFO:colcon.colcon_core.shell:Creating environment hook '/home/ws/ugv_ws/install/vizanti_cpp/share/vizanti_cpp/hook/cmake_prefix_path.sh'
[4.216s] Level 1:colcon.colcon_core.environment:checking '/home/ws/ugv_ws/install/vizanti_cpp/lib'
[4.216s] Level 1:colcon.colcon_core.environment:checking '/home/ws/ugv_ws/install/vizanti_cpp/bin'
[4.216s] Level 1:colcon.colcon_core.environment:checking '/home/ws/ugv_ws/install/vizanti_cpp/lib/pkgconfig/vizanti_cpp.pc'
[4.221s] Level 1:colcon.colcon_core.environment:checking '/home/ws/ugv_ws/install/vizanti_cpp/lib/python3.10/site-packages'
[4.221s] Level 1:colcon.colcon_core.environment:checking '/home/ws/ugv_ws/install/vizanti_cpp/bin'
[4.222s] INFO:colcon.colcon_core.shell:Creating package script '/home/ws/ugv_ws/install/vizanti_cpp/share/vizanti_cpp/package.ps1'
[4.223s] INFO:colcon.colcon_core.shell:Creating package descriptor '/home/ws/ugv_ws/install/vizanti_cpp/share/vizanti_cpp/package.dsv'
[4.224s] INFO:colcon.colcon_core.shell:Creating package script '/home/ws/ugv_ws/install/vizanti_cpp/share/vizanti_cpp/package.sh'
[4.225s] INFO:colcon.colcon_core.shell:Creating package script '/home/ws/ugv_ws/install/vizanti_cpp/share/vizanti_cpp/package.bash'
[4.229s] INFO:colcon.colcon_core.shell:Creating package script '/home/ws/ugv_ws/install/vizanti_cpp/share/vizanti_cpp/package.zsh'
[4.230s] Level 1:colcon.colcon_core.environment:create_file_with_runtime_dependencies(/home/ws/ugv_ws/install/vizanti_cpp/share/colcon-core/packages/vizanti_cpp)
[4.236s] INFO:colcon.colcon_ros.task.ament_cmake.build:Building ROS package in '/home/ws/ugv_ws/src/ugv_else/vizanti/vizanti_demos' with build type 'ament_cmake'
[4.236s] INFO:colcon.colcon_cmake.task.cmake.build:Building CMake package in '/home/ws/ugv_ws/src/ugv_else/vizanti/vizanti_demos'
[4.239s] INFO:colcon.colcon_core.shell:Skip shell extension 'powershell' for command environment: Not usable outside of PowerShell
[4.239s] DEBUG:colcon.colcon_core.shell:Skip shell extension 'dsv' for command environment
[4.269s] DEBUG:colcon.colcon_core.event_handler.log_command:Invoking command in '/home/ws/ugv_ws/build/apriltag_ros': CMAKE_PREFIX_PATH=/home/ws/ugv_ws/install/apriltag_msgs:/home/ws/ugv_ws/install/apriltag:/home/ws/ugv_ws/install/vizanti:/home/ws/ugv_ws/install/vizanti_server:/home/ws/ugv_ws/install/vizanti_demos:/home/ws/ugv_ws/install/vizanti_msgs:/home/ws/ugv_ws/install/vizanti_cpp:/home/ws/ugv_ws/install/ugv_slam:/home/ws/ugv_ws/install/ugv_nav:/home/ws/ugv_ws/install/ugv_interface:/home/ws/ugv_ws/install/ugv_gazebo:/home/ws/ugv_ws/install/ugv_description:/home/ws/ugv_ws/install/ugv_base_node:/home/ws/ugv_ws/install/teb_local_planner:/home/ws/ugv_ws/install/teb_msgs:/home/ws/ugv_ws/install/slam_gmapping:/home/ws/ugv_ws/install/robot_pose_publisher:/home/ws/ugv_ws/install/rf2o_laser_odometry:/home/ws/ugv_ws/install/openslam_gmapping:/home/ws/ugv_ws/install/ldlidar:/home/ws/ugv_ws/install/explore_lite:/home/ws/ugv_ws/install/emcl2:/home/ws/ugv_ws/install/costmap_converter:/home/ws/ugv_ws/install/costmap_converter_msgs:/home/ws/ugv_ws/install/cartographer:/home/ws/ugv_ws/install/apriltag_ros:/home/ws/ugv_ws/install/ugv_web_app:/home/ws/ugv_ws/install/ugv_vision:/home/ws/ugv_ws/install/ugv_tools:/home/ws/ugv_ws/install/ugv_chat_ai:/home/ws/ugv_ws/install/ugv_bringup:/opt/ros/humble LD_LIBRARY_PATH=/home/ws/ugv_ws/install/apriltag_msgs/lib:/home/ws/ugv_ws/install/apriltag/lib:/home/ws/ugv_ws/install/vizanti_msgs/lib:/home/ws/ugv_ws/install/ugv_interface/lib:/home/ws/ugv_ws/install/teb_local_planner/lib:/home/ws/ugv_ws/install/teb_msgs/lib:/home/ws/ugv_ws/install/openslam_gmapping/lib:/home/ws/ugv_ws/install/costmap_converter/lib:/home/ws/ugv_ws/install/costmap_converter_msgs/lib:/home/ws/ugv_ws/install/apriltag_ros/lib:/opt/ros/humble/opt/rviz_ogre_vendor/lib:/opt/ros/humble/lib/aarch64-linux-gnu:/opt/ros/humble/lib PATH=/home/ws/ugv_ws/install/apriltag/bin:/home/ws/ugv_ws/install/costmap_converter/bin:/home/ws/ugv_ws/install/apriltag_ros/bin:/opt/ros/humble/bin:/usr/local/sbin:/usr/local/bin:/usr/sbin:/usr/bin:/sbin:/bin:/usr/games:/usr/local/games:/snap/bin PYTHONPATH=/home/ws/ugv_ws/install/apriltag/lib/python3.10/site-packages:/home/ws/ugv_ws/install/vizanti_msgs/local/lib/python3.10/dist-packages:/home/ws/ugv_ws/build/ugv_web_app:/home/ws/ugv_ws/install/ugv_web_app/lib/python3.10/site-packages:/home/ws/ugv_ws/build/ugv_vision:/home/ws/ugv_ws/install/ugv_vision/lib/python3.10/site-packages:/home/ws/ugv_ws/build/ugv_tools:/home/ws/ugv_ws/install/ugv_tools/lib/python3.10/site-packages:/home/ws/ugv_ws/install/ugv_interface/local/lib/python3.10/dist-packages:/home/ws/ugv_ws/build/ugv_chat_ai:/home/ws/ugv_ws/install/ugv_chat_ai/lib/python3.10/site-packages:/home/ws/ugv_ws/build/ugv_bringup:/home/ws/ugv_ws/install/ugv_bringup/lib/python3.10/site-packages:/home/ws/ugv_ws/install/teb_msgs/local/lib/python3.10/dist-packages:/home/ws/ugv_ws/install/costmap_converter_msgs/local/lib/python3.10/dist-packages:/home/ws/ugv_ws/install/apriltag_msgs/local/lib/python3.10/dist-packages:/opt/ros/humble/lib/python3.10/site-packages:/opt/ros/humble/local/lib/python3.10/dist-packages /usr/bin/cmake --install /home/ws/ugv_ws/build/apriltag_ros
[4.273s] DEBUG:colcon.colcon_core.event_handler.log_command:Invoking command in '/home/ws/ugv_ws/build/slam_gmapping': CMAKE_PREFIX_PATH=/home/ws/ugv_ws/install/openslam_gmapping:/home/ws/ugv_ws/install/vizanti:/home/ws/ugv_ws/install/vizanti_server:/home/ws/ugv_ws/install/vizanti_demos:/home/ws/ugv_ws/install/vizanti_msgs:/home/ws/ugv_ws/install/vizanti_cpp:/home/ws/ugv_ws/install/ugv_slam:/home/ws/ugv_ws/install/ugv_nav:/home/ws/ugv_ws/install/ugv_interface:/home/ws/ugv_ws/install/ugv_gazebo:/home/ws/ugv_ws/install/ugv_description:/home/ws/ugv_ws/install/ugv_base_node:/home/ws/ugv_ws/install/teb_local_planner:/home/ws/ugv_ws/install/teb_msgs:/home/ws/ugv_ws/install/slam_gmapping:/home/ws/ugv_ws/install/robot_pose_publisher:/home/ws/ugv_ws/install/rf2o_laser_odometry:/home/ws/ugv_ws/install/ldlidar:/home/ws/ugv_ws/install/explore_lite:/home/ws/ugv_ws/install/emcl2:/home/ws/ugv_ws/install/costmap_converter:/home/ws/ugv_ws/install/costmap_converter_msgs:/home/ws/ugv_ws/install/cartographer:/home/ws/ugv_ws/install/apriltag_ros:/home/ws/ugv_ws/install/apriltag_msgs:/home/ws/ugv_ws/install/apriltag:/home/ws/ugv_ws/install/ugv_web_app:/home/ws/ugv_ws/install/ugv_vision:/home/ws/ugv_ws/install/ugv_tools:/home/ws/ugv_ws/install/ugv_chat_ai:/home/ws/ugv_ws/install/ugv_bringup:/opt/ros/humble /usr/bin/cmake --install /home/ws/ugv_ws/build/slam_gmapping
[4.286s] Level 1:colcon.colcon_core.environment:create_environment_scripts_only(apriltag_ros)
[4.288s] Level 1:colcon.colcon_core.environment:checking '/home/ws/ugv_ws/install/apriltag_ros' for CMake module files
[4.292s] Level 1:colcon.colcon_core.environment:checking '/home/ws/ugv_ws/install/apriltag_ros' for CMake config files
[4.292s] Level 1:colcon.colcon_core.shell:create_environment_hook('apriltag_ros', 'cmake_prefix_path')
[4.293s] INFO:colcon.colcon_core.shell:Creating environment hook '/home/ws/ugv_ws/install/apriltag_ros/share/apriltag_ros/hook/cmake_prefix_path.ps1'
[4.294s] INFO:colcon.colcon_core.shell:Creating environment descriptor '/home/ws/ugv_ws/install/apriltag_ros/share/apriltag_ros/hook/cmake_prefix_path.dsv'
[4.294s] INFO:colcon.colcon_core.shell:Creating environment hook '/home/ws/ugv_ws/install/apriltag_ros/share/apriltag_ros/hook/cmake_prefix_path.sh'
[4.295s] Level 1:colcon.colcon_core.environment:checking '/home/ws/ugv_ws/install/apriltag_ros/lib'
[4.295s] Level 1:colcon.colcon_core.shell:create_environment_hook('apriltag_ros', 'ld_library_path_lib')
[4.296s] INFO:colcon.colcon_core.shell:Creating environment hook '/home/ws/ugv_ws/install/apriltag_ros/share/apriltag_ros/hook/ld_library_path_lib.ps1'
[4.296s] DEBUG:colcon.colcon_core.event_handler.log_command:Invoking command in '/home/ws/ugv_ws/build/vizanti_demos': CMAKE_PREFIX_PATH=/home/ws/ugv_ws/install/vizanti_msgs:/home/ws/ugv_ws/install/vizanti:/home/ws/ugv_ws/install/vizanti_server:/home/ws/ugv_ws/install/vizanti_demos:/home/ws/ugv_ws/install/vizanti_cpp:/home/ws/ugv_ws/install/ugv_slam:/home/ws/ugv_ws/install/ugv_nav:/home/ws/ugv_ws/install/ugv_interface:/home/ws/ugv_ws/install/ugv_gazebo:/home/ws/ugv_ws/install/ugv_description:/home/ws/ugv_ws/install/ugv_base_node:/home/ws/ugv_ws/install/teb_local_planner:/home/ws/ugv_ws/install/teb_msgs:/home/ws/ugv_ws/install/slam_gmapping:/home/ws/ugv_ws/install/robot_pose_publisher:/home/ws/ugv_ws/install/rf2o_laser_odometry:/home/ws/ugv_ws/install/openslam_gmapping:/home/ws/ugv_ws/install/ldlidar:/home/ws/ugv_ws/install/explore_lite:/home/ws/ugv_ws/install/emcl2:/home/ws/ugv_ws/install/costmap_converter:/home/ws/ugv_ws/install/costmap_converter_msgs:/home/ws/ugv_ws/install/cartographer:/home/ws/ugv_ws/install/apriltag_ros:/home/ws/ugv_ws/install/apriltag_msgs:/home/ws/ugv_ws/install/apriltag:/home/ws/ugv_ws/install/ugv_web_app:/home/ws/ugv_ws/install/ugv_vision:/home/ws/ugv_ws/install/ugv_tools:/home/ws/ugv_ws/install/ugv_chat_ai:/home/ws/ugv_ws/install/ugv_bringup:/opt/ros/humble /usr/bin/cmake --build /home/ws/ugv_ws/build/vizanti_demos -- -j4 -l4
[4.297s] INFO:colcon.colcon_core.shell:Creating environment descriptor '/home/ws/ugv_ws/install/apriltag_ros/share/apriltag_ros/hook/ld_library_path_lib.dsv'
[4.298s] INFO:colcon.colcon_core.shell:Creating environment hook '/home/ws/ugv_ws/install/apriltag_ros/share/apriltag_ros/hook/ld_library_path_lib.sh'
[4.298s] DEBUG:colcon.colcon_core.event_handler.log_command:Invoked command in '/home/ws/ugv_ws/build/apriltag_ros' returned '0': CMAKE_PREFIX_PATH=/home/ws/ugv_ws/install/apriltag_msgs:/home/ws/ugv_ws/install/apriltag:/home/ws/ugv_ws/install/vizanti:/home/ws/ugv_ws/install/vizanti_server:/home/ws/ugv_ws/install/vizanti_demos:/home/ws/ugv_ws/install/vizanti_msgs:/home/ws/ugv_ws/install/vizanti_cpp:/home/ws/ugv_ws/install/ugv_slam:/home/ws/ugv_ws/install/ugv_nav:/home/ws/ugv_ws/install/ugv_interface:/home/ws/ugv_ws/install/ugv_gazebo:/home/ws/ugv_ws/install/ugv_description:/home/ws/ugv_ws/install/ugv_base_node:/home/ws/ugv_ws/install/teb_local_planner:/home/ws/ugv_ws/install/teb_msgs:/home/ws/ugv_ws/install/slam_gmapping:/home/ws/ugv_ws/install/robot_pose_publisher:/home/ws/ugv_ws/install/rf2o_laser_odometry:/home/ws/ugv_ws/install/openslam_gmapping:/home/ws/ugv_ws/install/ldlidar:/home/ws/ugv_ws/install/explore_lite:/home/ws/ugv_ws/install/emcl2:/home/ws/ugv_ws/install/costmap_converter:/home/ws/ugv_ws/install/costmap_converter_msgs:/home/ws/ugv_ws/install/cartographer:/home/ws/ugv_ws/install/apriltag_ros:/home/ws/ugv_ws/install/ugv_web_app:/home/ws/ugv_ws/install/ugv_vision:/home/ws/ugv_ws/install/ugv_tools:/home/ws/ugv_ws/install/ugv_chat_ai:/home/ws/ugv_ws/install/ugv_bringup:/opt/ros/humble LD_LIBRARY_PATH=/home/ws/ugv_ws/install/apriltag_msgs/lib:/home/ws/ugv_ws/install/apriltag/lib:/home/ws/ugv_ws/install/vizanti_msgs/lib:/home/ws/ugv_ws/install/ugv_interface/lib:/home/ws/ugv_ws/install/teb_local_planner/lib:/home/ws/ugv_ws/install/teb_msgs/lib:/home/ws/ugv_ws/install/openslam_gmapping/lib:/home/ws/ugv_ws/install/costmap_converter/lib:/home/ws/ugv_ws/install/costmap_converter_msgs/lib:/home/ws/ugv_ws/install/apriltag_ros/lib:/opt/ros/humble/opt/rviz_ogre_vendor/lib:/opt/ros/humble/lib/aarch64-linux-gnu:/opt/ros/humble/lib PATH=/home/ws/ugv_ws/install/apriltag/bin:/home/ws/ugv_ws/install/costmap_converter/bin:/home/ws/ugv_ws/install/apriltag_ros/bin:/opt/ros/humble/bin:/usr/local/sbin:/usr/local/bin:/usr/sbin:/usr/bin:/sbin:/bin:/usr/games:/usr/local/games:/snap/bin PYTHONPATH=/home/ws/ugv_ws/install/apriltag/lib/python3.10/site-packages:/home/ws/ugv_ws/install/vizanti_msgs/local/lib/python3.10/dist-packages:/home/ws/ugv_ws/build/ugv_web_app:/home/ws/ugv_ws/install/ugv_web_app/lib/python3.10/site-packages:/home/ws/ugv_ws/build/ugv_vision:/home/ws/ugv_ws/install/ugv_vision/lib/python3.10/site-packages:/home/ws/ugv_ws/build/ugv_tools:/home/ws/ugv_ws/install/ugv_tools/lib/python3.10/site-packages:/home/ws/ugv_ws/install/ugv_interface/local/lib/python3.10/dist-packages:/home/ws/ugv_ws/build/ugv_chat_ai:/home/ws/ugv_ws/install/ugv_chat_ai/lib/python3.10/site-packages:/home/ws/ugv_ws/build/ugv_bringup:/home/ws/ugv_ws/install/ugv_bringup/lib/python3.10/site-packages:/home/ws/ugv_ws/install/teb_msgs/local/lib/python3.10/dist-packages:/home/ws/ugv_ws/install/costmap_converter_msgs/local/lib/python3.10/dist-packages:/home/ws/ugv_ws/install/apriltag_msgs/local/lib/python3.10/dist-packages:/opt/ros/humble/lib/python3.10/site-packages:/opt/ros/humble/local/lib/python3.10/dist-packages /usr/bin/cmake --install /home/ws/ugv_ws/build/apriltag_ros
[4.299s] Level 1:colcon.colcon_core.environment:checking '/home/ws/ugv_ws/install/apriltag_ros/bin'
[4.300s] Level 1:colcon.colcon_core.shell:create_environment_hook('apriltag_ros', 'path')
[4.301s] INFO:colcon.colcon_core.shell:Creating environment hook '/home/ws/ugv_ws/install/apriltag_ros/share/apriltag_ros/hook/path.ps1'
[4.301s] INFO:colcon.colcon_core.shell:Creating environment descriptor '/home/ws/ugv_ws/install/apriltag_ros/share/apriltag_ros/hook/path.dsv'
[4.302s] INFO:colcon.colcon_core.shell:Creating environment hook '/home/ws/ugv_ws/install/apriltag_ros/share/apriltag_ros/hook/path.sh'
[4.303s] Level 1:colcon.colcon_core.environment:checking '/home/ws/ugv_ws/install/apriltag_ros/lib/pkgconfig/apriltag_ros.pc'
[4.303s] Level 1:colcon.colcon_core.environment:checking '/home/ws/ugv_ws/install/apriltag_ros/lib/python3.10/site-packages'
[4.303s] Level 1:colcon.colcon_core.environment:checking '/home/ws/ugv_ws/install/apriltag_ros/bin'
[4.303s] Level 1:colcon.colcon_core.shell:create_environment_hook('apriltag_ros', 'pythonscriptspath')
[4.304s] INFO:colcon.colcon_core.shell:Creating environment hook '/home/ws/ugv_ws/install/apriltag_ros/share/apriltag_ros/hook/pythonscriptspath.ps1'
[4.306s] INFO:colcon.colcon_core.shell:Creating environment descriptor '/home/ws/ugv_ws/install/apriltag_ros/share/apriltag_ros/hook/pythonscriptspath.dsv'
[4.307s] INFO:colcon.colcon_core.shell:Creating environment hook '/home/ws/ugv_ws/install/apriltag_ros/share/apriltag_ros/hook/pythonscriptspath.sh'
[4.309s] INFO:colcon.colcon_core.shell:Creating package script '/home/ws/ugv_ws/install/apriltag_ros/share/apriltag_ros/package.ps1'
[4.310s] INFO:colcon.colcon_core.shell:Creating package descriptor '/home/ws/ugv_ws/install/apriltag_ros/share/apriltag_ros/package.dsv'
[4.310s] INFO:colcon.colcon_core.shell:Creating package script '/home/ws/ugv_ws/install/apriltag_ros/share/apriltag_ros/package.sh'
[4.311s] INFO:colcon.colcon_core.shell:Creating package script '/home/ws/ugv_ws/install/apriltag_ros/share/apriltag_ros/package.bash'
[4.312s] INFO:colcon.colcon_core.shell:Creating package script '/home/ws/ugv_ws/install/apriltag_ros/share/apriltag_ros/package.zsh'
[4.312s] Level 1:colcon.colcon_core.environment:create_file_with_runtime_dependencies(/home/ws/ugv_ws/install/apriltag_ros/share/colcon-core/packages/apriltag_ros)
[4.315s] Level 1:colcon.colcon_core.environment:create_environment_scripts_only(slam_gmapping)
[4.315s] Level 1:colcon.colcon_core.environment:checking '/home/ws/ugv_ws/install/slam_gmapping' for CMake module files
[4.316s] Level 1:colcon.colcon_core.environment:checking '/home/ws/ugv_ws/install/slam_gmapping' for CMake config files
[4.317s] Level 1:colcon.colcon_core.shell:create_environment_hook('slam_gmapping', 'cmake_prefix_path')
[4.317s] INFO:colcon.colcon_core.shell:Creating environment hook '/home/ws/ugv_ws/install/slam_gmapping/share/slam_gmapping/hook/cmake_prefix_path.ps1'
[4.318s] INFO:colcon.colcon_core.shell:Creating environment descriptor '/home/ws/ugv_ws/install/slam_gmapping/share/slam_gmapping/hook/cmake_prefix_path.dsv'
[4.319s] INFO:colcon.colcon_core.shell:Creating environment hook '/home/ws/ugv_ws/install/slam_gmapping/share/slam_gmapping/hook/cmake_prefix_path.sh'
[4.320s] DEBUG:colcon.colcon_core.event_handler.log_command:Invoked command in '/home/ws/ugv_ws/build/slam_gmapping' returned '0': CMAKE_PREFIX_PATH=/home/ws/ugv_ws/install/openslam_gmapping:/home/ws/ugv_ws/install/vizanti:/home/ws/ugv_ws/install/vizanti_server:/home/ws/ugv_ws/install/vizanti_demos:/home/ws/ugv_ws/install/vizanti_msgs:/home/ws/ugv_ws/install/vizanti_cpp:/home/ws/ugv_ws/install/ugv_slam:/home/ws/ugv_ws/install/ugv_nav:/home/ws/ugv_ws/install/ugv_interface:/home/ws/ugv_ws/install/ugv_gazebo:/home/ws/ugv_ws/install/ugv_description:/home/ws/ugv_ws/install/ugv_base_node:/home/ws/ugv_ws/install/teb_local_planner:/home/ws/ugv_ws/install/teb_msgs:/home/ws/ugv_ws/install/slam_gmapping:/home/ws/ugv_ws/install/robot_pose_publisher:/home/ws/ugv_ws/install/rf2o_laser_odometry:/home/ws/ugv_ws/install/ldlidar:/home/ws/ugv_ws/install/explore_lite:/home/ws/ugv_ws/install/emcl2:/home/ws/ugv_ws/install/costmap_converter:/home/ws/ugv_ws/install/costmap_converter_msgs:/home/ws/ugv_ws/install/cartographer:/home/ws/ugv_ws/install/apriltag_ros:/home/ws/ugv_ws/install/apriltag_msgs:/home/ws/ugv_ws/install/apriltag:/home/ws/ugv_ws/install/ugv_web_app:/home/ws/ugv_ws/install/ugv_vision:/home/ws/ugv_ws/install/ugv_tools:/home/ws/ugv_ws/install/ugv_chat_ai:/home/ws/ugv_ws/install/ugv_bringup:/opt/ros/humble /usr/bin/cmake --install /home/ws/ugv_ws/build/slam_gmapping
[4.320s] Level 1:colcon.colcon_core.environment:checking '/home/ws/ugv_ws/install/slam_gmapping/lib'
[4.320s] Level 1:colcon.colcon_core.environment:checking '/home/ws/ugv_ws/install/slam_gmapping/bin'
[4.321s] Level 1:colcon.colcon_core.environment:checking '/home/ws/ugv_ws/install/slam_gmapping/lib/pkgconfig/slam_gmapping.pc'
[4.321s] Level 1:colcon.colcon_core.environment:checking '/home/ws/ugv_ws/install/slam_gmapping/lib/python3.10/site-packages'
[4.322s] Level 1:colcon.colcon_core.environment:checking '/home/ws/ugv_ws/install/slam_gmapping/bin'
[4.322s] INFO:colcon.colcon_core.shell:Creating package script '/home/ws/ugv_ws/install/slam_gmapping/share/slam_gmapping/package.ps1'
[4.324s] INFO:colcon.colcon_core.shell:Creating package descriptor '/home/ws/ugv_ws/install/slam_gmapping/share/slam_gmapping/package.dsv'
[4.325s] INFO:colcon.colcon_core.shell:Creating package script '/home/ws/ugv_ws/install/slam_gmapping/share/slam_gmapping/package.sh'
[4.325s] INFO:colcon.colcon_core.shell:Creating package script '/home/ws/ugv_ws/install/slam_gmapping/share/slam_gmapping/package.bash'
[4.326s] INFO:colcon.colcon_core.shell:Creating package script '/home/ws/ugv_ws/install/slam_gmapping/share/slam_gmapping/package.zsh'
[4.327s] Level 1:colcon.colcon_core.environment:create_file_with_runtime_dependencies(/home/ws/ugv_ws/install/slam_gmapping/share/colcon-core/packages/slam_gmapping)
[4.346s] DEBUG:colcon.colcon_core.event_handler.log_command:Invoked command in '/home/ws/ugv_ws/build/vizanti_demos' returned '0': CMAKE_PREFIX_PATH=/home/ws/ugv_ws/install/vizanti_msgs:/home/ws/ugv_ws/install/vizanti:/home/ws/ugv_ws/install/vizanti_server:/home/ws/ugv_ws/install/vizanti_demos:/home/ws/ugv_ws/install/vizanti_cpp:/home/ws/ugv_ws/install/ugv_slam:/home/ws/ugv_ws/install/ugv_nav:/home/ws/ugv_ws/install/ugv_interface:/home/ws/ugv_ws/install/ugv_gazebo:/home/ws/ugv_ws/install/ugv_description:/home/ws/ugv_ws/install/ugv_base_node:/home/ws/ugv_ws/install/teb_local_planner:/home/ws/ugv_ws/install/teb_msgs:/home/ws/ugv_ws/install/slam_gmapping:/home/ws/ugv_ws/install/robot_pose_publisher:/home/ws/ugv_ws/install/rf2o_laser_odometry:/home/ws/ugv_ws/install/openslam_gmapping:/home/ws/ugv_ws/install/ldlidar:/home/ws/ugv_ws/install/explore_lite:/home/ws/ugv_ws/install/emcl2:/home/ws/ugv_ws/install/costmap_converter:/home/ws/ugv_ws/install/costmap_converter_msgs:/home/ws/ugv_ws/install/cartographer:/home/ws/ugv_ws/install/apriltag_ros:/home/ws/ugv_ws/install/apriltag_msgs:/home/ws/ugv_ws/install/apriltag:/home/ws/ugv_ws/install/ugv_web_app:/home/ws/ugv_ws/install/ugv_vision:/home/ws/ugv_ws/install/ugv_tools:/home/ws/ugv_ws/install/ugv_chat_ai:/home/ws/ugv_ws/install/ugv_bringup:/opt/ros/humble /usr/bin/cmake --build /home/ws/ugv_ws/build/vizanti_demos -- -j4 -l4
[4.351s] Level 1:colcon.colcon_core.environment:create_environment_scripts_only(apriltag_ros)
[4.351s] Level 1:colcon.colcon_core.environment:checking '/home/ws/ugv_ws/install/apriltag_ros' for CMake module files
[4.352s] Level 1:colcon.colcon_core.environment:checking '/home/ws/ugv_ws/install/apriltag_ros' for CMake config files
[4.353s] Level 1:colcon.colcon_core.shell:create_environment_hook('apriltag_ros', 'cmake_prefix_path')
[4.353s] INFO:colcon.colcon_core.shell:Creating environment hook '/home/ws/ugv_ws/install/apriltag_ros/share/apriltag_ros/hook/cmake_prefix_path.ps1'
[4.354s] INFO:colcon.colcon_core.shell:Creating environment descriptor '/home/ws/ugv_ws/install/apriltag_ros/share/apriltag_ros/hook/cmake_prefix_path.dsv'
[4.355s] INFO:colcon.colcon_core.shell:Creating environment hook '/home/ws/ugv_ws/install/apriltag_ros/share/apriltag_ros/hook/cmake_prefix_path.sh'
[4.357s] Level 1:colcon.colcon_core.environment:checking '/home/ws/ugv_ws/install/apriltag_ros/lib'
[4.357s] Level 1:colcon.colcon_core.shell:create_environment_hook('apriltag_ros', 'ld_library_path_lib')
[4.358s] INFO:colcon.colcon_core.shell:Creating environment hook '/home/ws/ugv_ws/install/apriltag_ros/share/apriltag_ros/hook/ld_library_path_lib.ps1'
[4.358s] INFO:colcon.colcon_core.shell:Creating environment descriptor '/home/ws/ugv_ws/install/apriltag_ros/share/apriltag_ros/hook/ld_library_path_lib.dsv'
[4.359s] INFO:colcon.colcon_core.shell:Creating environment hook '/home/ws/ugv_ws/install/apriltag_ros/share/apriltag_ros/hook/ld_library_path_lib.sh'
[4.360s] Level 1:colcon.colcon_core.environment:checking '/home/ws/ugv_ws/install/apriltag_ros/bin'
[4.360s] Level 1:colcon.colcon_core.shell:create_environment_hook('apriltag_ros', 'path')
[4.361s] INFO:colcon.colcon_core.shell:Creating environment hook '/home/ws/ugv_ws/install/apriltag_ros/share/apriltag_ros/hook/path.ps1'
[4.364s] INFO:colcon.colcon_core.shell:Creating environment descriptor '/home/ws/ugv_ws/install/apriltag_ros/share/apriltag_ros/hook/path.dsv'
[4.365s] INFO:colcon.colcon_core.shell:Creating environment hook '/home/ws/ugv_ws/install/apriltag_ros/share/apriltag_ros/hook/path.sh'
[4.365s] Level 1:colcon.colcon_core.environment:checking '/home/ws/ugv_ws/install/apriltag_ros/lib/pkgconfig/apriltag_ros.pc'
[4.366s] Level 1:colcon.colcon_core.environment:checking '/home/ws/ugv_ws/install/apriltag_ros/lib/python3.10/site-packages'
[4.366s] Level 1:colcon.colcon_core.environment:checking '/home/ws/ugv_ws/install/apriltag_ros/bin'
[4.366s] Level 1:colcon.colcon_core.shell:create_environment_hook('apriltag_ros', 'pythonscriptspath')
[4.366s] INFO:colcon.colcon_core.shell:Creating environment hook '/home/ws/ugv_ws/install/apriltag_ros/share/apriltag_ros/hook/pythonscriptspath.ps1'
[4.367s] INFO:colcon.colcon_core.shell:Creating environment descriptor '/home/ws/ugv_ws/install/apriltag_ros/share/apriltag_ros/hook/pythonscriptspath.dsv'
[4.368s] INFO:colcon.colcon_core.shell:Creating environment hook '/home/ws/ugv_ws/install/apriltag_ros/share/apriltag_ros/hook/pythonscriptspath.sh'
[4.369s] INFO:colcon.colcon_core.shell:Creating package script '/home/ws/ugv_ws/install/apriltag_ros/share/apriltag_ros/package.ps1'
[4.370s] INFO:colcon.colcon_core.shell:Creating package descriptor '/home/ws/ugv_ws/install/apriltag_ros/share/apriltag_ros/package.dsv'
[4.371s] INFO:colcon.colcon_core.shell:Creating package script '/home/ws/ugv_ws/install/apriltag_ros/share/apriltag_ros/package.sh'
[4.372s] INFO:colcon.colcon_core.shell:Creating package script '/home/ws/ugv_ws/install/apriltag_ros/share/apriltag_ros/package.bash'
[4.372s] INFO:colcon.colcon_core.shell:Creating package script '/home/ws/ugv_ws/install/apriltag_ros/share/apriltag_ros/package.zsh'
[4.373s] Level 1:colcon.colcon_core.environment:create_file_with_runtime_dependencies(/home/ws/ugv_ws/install/apriltag_ros/share/colcon-core/packages/apriltag_ros)
[4.374s] INFO:colcon.colcon_ros.task.ament_cmake.build:Building ROS package in '/home/ws/ugv_ws/src/ugv_else/teb_local_planner/teb_local_planner' with build type 'ament_cmake'
[4.375s] INFO:colcon.colcon_cmake.task.cmake.build:Building CMake package in '/home/ws/ugv_ws/src/ugv_else/teb_local_planner/teb_local_planner'
[4.375s] INFO:colcon.colcon_core.shell:Skip shell extension 'powershell' for command environment: Not usable outside of PowerShell
[4.375s] DEBUG:colcon.colcon_core.shell:Skip shell extension 'dsv' for command environment
[4.383s] Level 1:colcon.colcon_core.environment:create_environment_scripts_only(slam_gmapping)
[4.383s] Level 1:colcon.colcon_core.environment:checking '/home/ws/ugv_ws/install/slam_gmapping' for CMake module files
[4.384s] Level 1:colcon.colcon_core.environment:checking '/home/ws/ugv_ws/install/slam_gmapping' for CMake config files
[4.384s] Level 1:colcon.colcon_core.shell:create_environment_hook('slam_gmapping', 'cmake_prefix_path')
[4.384s] INFO:colcon.colcon_core.shell:Creating environment hook '/home/ws/ugv_ws/install/slam_gmapping/share/slam_gmapping/hook/cmake_prefix_path.ps1'
[4.385s] INFO:colcon.colcon_core.shell:Creating environment descriptor '/home/ws/ugv_ws/install/slam_gmapping/share/slam_gmapping/hook/cmake_prefix_path.dsv'
[4.386s] INFO:colcon.colcon_core.shell:Creating environment hook '/home/ws/ugv_ws/install/slam_gmapping/share/slam_gmapping/hook/cmake_prefix_path.sh'
[4.387s] Level 1:colcon.colcon_core.environment:checking '/home/ws/ugv_ws/install/slam_gmapping/lib'
[4.387s] Level 1:colcon.colcon_core.environment:checking '/home/ws/ugv_ws/install/slam_gmapping/bin'
[4.387s] Level 1:colcon.colcon_core.environment:checking '/home/ws/ugv_ws/install/slam_gmapping/lib/pkgconfig/slam_gmapping.pc'
[4.387s] Level 1:colcon.colcon_core.environment:checking '/home/ws/ugv_ws/install/slam_gmapping/lib/python3.10/site-packages'
[4.387s] Level 1:colcon.colcon_core.environment:checking '/home/ws/ugv_ws/install/slam_gmapping/bin'
[4.388s] INFO:colcon.colcon_core.shell:Creating package script '/home/ws/ugv_ws/install/slam_gmapping/share/slam_gmapping/package.ps1'
[4.389s] INFO:colcon.colcon_core.shell:Creating package descriptor '/home/ws/ugv_ws/install/slam_gmapping/share/slam_gmapping/package.dsv'
[4.390s] INFO:colcon.colcon_core.shell:Creating package script '/home/ws/ugv_ws/install/slam_gmapping/share/slam_gmapping/package.sh'
[4.390s] INFO:colcon.colcon_core.shell:Creating package script '/home/ws/ugv_ws/install/slam_gmapping/share/slam_gmapping/package.bash'
[4.391s] INFO:colcon.colcon_core.shell:Creating package script '/home/ws/ugv_ws/install/slam_gmapping/share/slam_gmapping/package.zsh'
[4.392s] Level 1:colcon.colcon_core.environment:create_file_with_runtime_dependencies(/home/ws/ugv_ws/install/slam_gmapping/share/colcon-core/packages/slam_gmapping)
[4.396s] INFO:colcon.colcon_ros.task.ament_cmake.build:Building ROS package in '/home/ws/ugv_ws/src/ugv_else/vizanti/vizanti' with build type 'ament_cmake'
[4.396s] INFO:colcon.colcon_cmake.task.cmake.build:Building CMake package in '/home/ws/ugv_ws/src/ugv_else/vizanti/vizanti'
[4.397s] INFO:colcon.colcon_core.shell:Skip shell extension 'powershell' for command environment: Not usable outside of PowerShell
[4.397s] DEBUG:colcon.colcon_core.shell:Skip shell extension 'dsv' for command environment
[4.397s] DEBUG:colcon.colcon_core.event_handler.log_command:Invoking command in '/home/ws/ugv_ws/build/vizanti_demos': CMAKE_PREFIX_PATH=/home/ws/ugv_ws/install/vizanti_msgs:/home/ws/ugv_ws/install/vizanti:/home/ws/ugv_ws/install/vizanti_server:/home/ws/ugv_ws/install/vizanti_demos:/home/ws/ugv_ws/install/vizanti_cpp:/home/ws/ugv_ws/install/ugv_slam:/home/ws/ugv_ws/install/ugv_nav:/home/ws/ugv_ws/install/ugv_interface:/home/ws/ugv_ws/install/ugv_gazebo:/home/ws/ugv_ws/install/ugv_description:/home/ws/ugv_ws/install/ugv_base_node:/home/ws/ugv_ws/install/teb_local_planner:/home/ws/ugv_ws/install/teb_msgs:/home/ws/ugv_ws/install/slam_gmapping:/home/ws/ugv_ws/install/robot_pose_publisher:/home/ws/ugv_ws/install/rf2o_laser_odometry:/home/ws/ugv_ws/install/openslam_gmapping:/home/ws/ugv_ws/install/ldlidar:/home/ws/ugv_ws/install/explore_lite:/home/ws/ugv_ws/install/emcl2:/home/ws/ugv_ws/install/costmap_converter:/home/ws/ugv_ws/install/costmap_converter_msgs:/home/ws/ugv_ws/install/cartographer:/home/ws/ugv_ws/install/apriltag_ros:/home/ws/ugv_ws/install/apriltag_msgs:/home/ws/ugv_ws/install/apriltag:/home/ws/ugv_ws/install/ugv_web_app:/home/ws/ugv_ws/install/ugv_vision:/home/ws/ugv_ws/install/ugv_tools:/home/ws/ugv_ws/install/ugv_chat_ai:/home/ws/ugv_ws/install/ugv_bringup:/opt/ros/humble /usr/bin/cmake --install /home/ws/ugv_ws/build/vizanti_demos
[4.413s] DEBUG:colcon.colcon_core.event_handler.log_command:Invoking command in '/home/ws/ugv_ws/build/teb_local_planner': CMAKE_PREFIX_PATH=/home/ws/ugv_ws/install/teb_msgs:/home/ws/ugv_ws/install/costmap_converter:/home/ws/ugv_ws/install/costmap_converter_msgs:/home/ws/ugv_ws/install/vizanti:/home/ws/ugv_ws/install/vizanti_server:/home/ws/ugv_ws/install/vizanti_demos:/home/ws/ugv_ws/install/vizanti_msgs:/home/ws/ugv_ws/install/vizanti_cpp:/home/ws/ugv_ws/install/ugv_slam:/home/ws/ugv_ws/install/ugv_nav:/home/ws/ugv_ws/install/ugv_interface:/home/ws/ugv_ws/install/ugv_gazebo:/home/ws/ugv_ws/install/ugv_description:/home/ws/ugv_ws/install/ugv_base_node:/home/ws/ugv_ws/install/teb_local_planner:/home/ws/ugv_ws/install/slam_gmapping:/home/ws/ugv_ws/install/robot_pose_publisher:/home/ws/ugv_ws/install/rf2o_laser_odometry:/home/ws/ugv_ws/install/openslam_gmapping:/home/ws/ugv_ws/install/ldlidar:/home/ws/ugv_ws/install/explore_lite:/home/ws/ugv_ws/install/emcl2:/home/ws/ugv_ws/install/cartographer:/home/ws/ugv_ws/install/apriltag_ros:/home/ws/ugv_ws/install/apriltag_msgs:/home/ws/ugv_ws/install/apriltag:/home/ws/ugv_ws/install/ugv_web_app:/home/ws/ugv_ws/install/ugv_vision:/home/ws/ugv_ws/install/ugv_tools:/home/ws/ugv_ws/install/ugv_chat_ai:/home/ws/ugv_ws/install/ugv_bringup:/opt/ros/humble LD_LIBRARY_PATH=/home/ws/ugv_ws/install/teb_msgs/lib:/home/ws/ugv_ws/install/costmap_converter/lib:/home/ws/ugv_ws/install/costmap_converter_msgs/lib:/home/ws/ugv_ws/install/vizanti_msgs/lib:/home/ws/ugv_ws/install/ugv_interface/lib:/home/ws/ugv_ws/install/teb_local_planner/lib:/home/ws/ugv_ws/install/openslam_gmapping/lib:/home/ws/ugv_ws/install/apriltag_ros/lib:/home/ws/ugv_ws/install/apriltag_msgs/lib:/home/ws/ugv_ws/install/apriltag/lib:/opt/ros/humble/opt/rviz_ogre_vendor/lib:/opt/ros/humble/lib/aarch64-linux-gnu:/opt/ros/humble/lib /usr/bin/cmake --build /home/ws/ugv_ws/build/teb_local_planner -- -j4 -l4
[4.421s] Level 1:colcon.colcon_core.environment:create_environment_scripts_only(vizanti_demos)
[4.421s] Level 1:colcon.colcon_core.environment:checking '/home/ws/ugv_ws/install/vizanti_demos' for CMake module files
[4.422s] DEBUG:colcon.colcon_core.event_handler.log_command:Invoking command in '/home/ws/ugv_ws/build/vizanti': CMAKE_PREFIX_PATH=/home/ws/ugv_ws/install/vizanti_server:/home/ws/ugv_ws/install/vizanti_msgs:/home/ws/ugv_ws/install/vizanti:/home/ws/ugv_ws/install/vizanti_demos:/home/ws/ugv_ws/install/vizanti_cpp:/home/ws/ugv_ws/install/ugv_slam:/home/ws/ugv_ws/install/ugv_nav:/home/ws/ugv_ws/install/ugv_interface:/home/ws/ugv_ws/install/ugv_gazebo:/home/ws/ugv_ws/install/ugv_description:/home/ws/ugv_ws/install/ugv_base_node:/home/ws/ugv_ws/install/teb_local_planner:/home/ws/ugv_ws/install/teb_msgs:/home/ws/ugv_ws/install/slam_gmapping:/home/ws/ugv_ws/install/robot_pose_publisher:/home/ws/ugv_ws/install/rf2o_laser_odometry:/home/ws/ugv_ws/install/openslam_gmapping:/home/ws/ugv_ws/install/ldlidar:/home/ws/ugv_ws/install/explore_lite:/home/ws/ugv_ws/install/emcl2:/home/ws/ugv_ws/install/costmap_converter:/home/ws/ugv_ws/install/costmap_converter_msgs:/home/ws/ugv_ws/install/cartographer:/home/ws/ugv_ws/install/apriltag_ros:/home/ws/ugv_ws/install/apriltag_msgs:/home/ws/ugv_ws/install/apriltag:/home/ws/ugv_ws/install/ugv_web_app:/home/ws/ugv_ws/install/ugv_vision:/home/ws/ugv_ws/install/ugv_tools:/home/ws/ugv_ws/install/ugv_chat_ai:/home/ws/ugv_ws/install/ugv_bringup:/opt/ros/humble /usr/bin/cmake --build /home/ws/ugv_ws/build/vizanti -- -j4 -l4
[4.423s] DEBUG:colcon.colcon_core.event_handler.log_command:Invoked command in '/home/ws/ugv_ws/build/vizanti_demos' returned '0': CMAKE_PREFIX_PATH=/home/ws/ugv_ws/install/vizanti_msgs:/home/ws/ugv_ws/install/vizanti:/home/ws/ugv_ws/install/vizanti_server:/home/ws/ugv_ws/install/vizanti_demos:/home/ws/ugv_ws/install/vizanti_cpp:/home/ws/ugv_ws/install/ugv_slam:/home/ws/ugv_ws/install/ugv_nav:/home/ws/ugv_ws/install/ugv_interface:/home/ws/ugv_ws/install/ugv_gazebo:/home/ws/ugv_ws/install/ugv_description:/home/ws/ugv_ws/install/ugv_base_node:/home/ws/ugv_ws/install/teb_local_planner:/home/ws/ugv_ws/install/teb_msgs:/home/ws/ugv_ws/install/slam_gmapping:/home/ws/ugv_ws/install/robot_pose_publisher:/home/ws/ugv_ws/install/rf2o_laser_odometry:/home/ws/ugv_ws/install/openslam_gmapping:/home/ws/ugv_ws/install/ldlidar:/home/ws/ugv_ws/install/explore_lite:/home/ws/ugv_ws/install/emcl2:/home/ws/ugv_ws/install/costmap_converter:/home/ws/ugv_ws/install/costmap_converter_msgs:/home/ws/ugv_ws/install/cartographer:/home/ws/ugv_ws/install/apriltag_ros:/home/ws/ugv_ws/install/apriltag_msgs:/home/ws/ugv_ws/install/apriltag:/home/ws/ugv_ws/install/ugv_web_app:/home/ws/ugv_ws/install/ugv_vision:/home/ws/ugv_ws/install/ugv_tools:/home/ws/ugv_ws/install/ugv_chat_ai:/home/ws/ugv_ws/install/ugv_bringup:/opt/ros/humble /usr/bin/cmake --install /home/ws/ugv_ws/build/vizanti_demos
[4.423s] Level 1:colcon.colcon_core.environment:checking '/home/ws/ugv_ws/install/vizanti_demos' for CMake config files
[4.424s] Level 1:colcon.colcon_core.shell:create_environment_hook('vizanti_demos', 'cmake_prefix_path')
[4.424s] INFO:colcon.colcon_core.shell:Creating environment hook '/home/ws/ugv_ws/install/vizanti_demos/share/vizanti_demos/hook/cmake_prefix_path.ps1'
[4.426s] INFO:colcon.colcon_core.shell:Creating environment descriptor '/home/ws/ugv_ws/install/vizanti_demos/share/vizanti_demos/hook/cmake_prefix_path.dsv'
[4.426s] INFO:colcon.colcon_core.shell:Creating environment hook '/home/ws/ugv_ws/install/vizanti_demos/share/vizanti_demos/hook/cmake_prefix_path.sh'
[4.427s] Level 1:colcon.colcon_core.environment:checking '/home/ws/ugv_ws/install/vizanti_demos/lib'
[4.428s] Level 1:colcon.colcon_core.environment:checking '/home/ws/ugv_ws/install/vizanti_demos/bin'
[4.428s] Level 1:colcon.colcon_core.environment:checking '/home/ws/ugv_ws/install/vizanti_demos/lib/pkgconfig/vizanti_demos.pc'
[4.428s] Level 1:colcon.colcon_core.environment:checking '/home/ws/ugv_ws/install/vizanti_demos/lib/python3.10/site-packages'
[4.429s] Level 1:colcon.colcon_core.environment:checking '/home/ws/ugv_ws/install/vizanti_demos/bin'
[4.429s] INFO:colcon.colcon_core.shell:Creating package script '/home/ws/ugv_ws/install/vizanti_demos/share/vizanti_demos/package.ps1'
[4.430s] INFO:colcon.colcon_core.shell:Creating package descriptor '/home/ws/ugv_ws/install/vizanti_demos/share/vizanti_demos/package.dsv'
[4.432s] INFO:colcon.colcon_core.shell:Creating package script '/home/ws/ugv_ws/install/vizanti_demos/share/vizanti_demos/package.sh'
[4.432s] INFO:colcon.colcon_core.shell:Creating package script '/home/ws/ugv_ws/install/vizanti_demos/share/vizanti_demos/package.bash'
[4.436s] INFO:colcon.colcon_core.shell:Creating package script '/home/ws/ugv_ws/install/vizanti_demos/share/vizanti_demos/package.zsh'
[4.532s] Level 1:colcon.colcon_core.environment:create_file_with_runtime_dependencies(/home/ws/ugv_ws/install/vizanti_demos/share/colcon-core/packages/vizanti_demos)
[4.541s] DEBUG:colcon.colcon_core.event_handler.log_command:Invoked command in '/home/ws/ugv_ws/build/vizanti' returned '0': CMAKE_PREFIX_PATH=/home/ws/ugv_ws/install/vizanti_server:/home/ws/ugv_ws/install/vizanti_msgs:/home/ws/ugv_ws/install/vizanti:/home/ws/ugv_ws/install/vizanti_demos:/home/ws/ugv_ws/install/vizanti_cpp:/home/ws/ugv_ws/install/ugv_slam:/home/ws/ugv_ws/install/ugv_nav:/home/ws/ugv_ws/install/ugv_interface:/home/ws/ugv_ws/install/ugv_gazebo:/home/ws/ugv_ws/install/ugv_description:/home/ws/ugv_ws/install/ugv_base_node:/home/ws/ugv_ws/install/teb_local_planner:/home/ws/ugv_ws/install/teb_msgs:/home/ws/ugv_ws/install/slam_gmapping:/home/ws/ugv_ws/install/robot_pose_publisher:/home/ws/ugv_ws/install/rf2o_laser_odometry:/home/ws/ugv_ws/install/openslam_gmapping:/home/ws/ugv_ws/install/ldlidar:/home/ws/ugv_ws/install/explore_lite:/home/ws/ugv_ws/install/emcl2:/home/ws/ugv_ws/install/costmap_converter:/home/ws/ugv_ws/install/costmap_converter_msgs:/home/ws/ugv_ws/install/cartographer:/home/ws/ugv_ws/install/apriltag_ros:/home/ws/ugv_ws/install/apriltag_msgs:/home/ws/ugv_ws/install/apriltag:/home/ws/ugv_ws/install/ugv_web_app:/home/ws/ugv_ws/install/ugv_vision:/home/ws/ugv_ws/install/ugv_tools:/home/ws/ugv_ws/install/ugv_chat_ai:/home/ws/ugv_ws/install/ugv_bringup:/opt/ros/humble /usr/bin/cmake --build /home/ws/ugv_ws/build/vizanti -- -j4 -l4
[4.569s] DEBUG:colcon.colcon_core.event_handler.log_command:Invoking command in '/home/ws/ugv_ws/build/vizanti': CMAKE_PREFIX_PATH=/home/ws/ugv_ws/install/vizanti_server:/home/ws/ugv_ws/install/vizanti_msgs:/home/ws/ugv_ws/install/vizanti:/home/ws/ugv_ws/install/vizanti_demos:/home/ws/ugv_ws/install/vizanti_cpp:/home/ws/ugv_ws/install/ugv_slam:/home/ws/ugv_ws/install/ugv_nav:/home/ws/ugv_ws/install/ugv_interface:/home/ws/ugv_ws/install/ugv_gazebo:/home/ws/ugv_ws/install/ugv_description:/home/ws/ugv_ws/install/ugv_base_node:/home/ws/ugv_ws/install/teb_local_planner:/home/ws/ugv_ws/install/teb_msgs:/home/ws/ugv_ws/install/slam_gmapping:/home/ws/ugv_ws/install/robot_pose_publisher:/home/ws/ugv_ws/install/rf2o_laser_odometry:/home/ws/ugv_ws/install/openslam_gmapping:/home/ws/ugv_ws/install/ldlidar:/home/ws/ugv_ws/install/explore_lite:/home/ws/ugv_ws/install/emcl2:/home/ws/ugv_ws/install/costmap_converter:/home/ws/ugv_ws/install/costmap_converter_msgs:/home/ws/ugv_ws/install/cartographer:/home/ws/ugv_ws/install/apriltag_ros:/home/ws/ugv_ws/install/apriltag_msgs:/home/ws/ugv_ws/install/apriltag:/home/ws/ugv_ws/install/ugv_web_app:/home/ws/ugv_ws/install/ugv_vision:/home/ws/ugv_ws/install/ugv_tools:/home/ws/ugv_ws/install/ugv_chat_ai:/home/ws/ugv_ws/install/ugv_bringup:/opt/ros/humble /usr/bin/cmake --install /home/ws/ugv_ws/build/vizanti
[4.571s] Level 1:colcon.colcon_core.environment:create_environment_scripts_only(vizanti_demos)
[4.572s] Level 1:colcon.colcon_core.environment:checking '/home/ws/ugv_ws/install/vizanti_demos' for CMake module files
[4.573s] Level 1:colcon.colcon_core.environment:checking '/home/ws/ugv_ws/install/vizanti_demos' for CMake config files
[4.574s] Level 1:colcon.colcon_core.shell:create_environment_hook('vizanti_demos', 'cmake_prefix_path')
[4.574s] INFO:colcon.colcon_core.shell:Creating environment hook '/home/ws/ugv_ws/install/vizanti_demos/share/vizanti_demos/hook/cmake_prefix_path.ps1'
[4.576s] INFO:colcon.colcon_core.shell:Creating environment descriptor '/home/ws/ugv_ws/install/vizanti_demos/share/vizanti_demos/hook/cmake_prefix_path.dsv'
[4.576s] INFO:colcon.colcon_core.shell:Creating environment hook '/home/ws/ugv_ws/install/vizanti_demos/share/vizanti_demos/hook/cmake_prefix_path.sh'
[4.578s] Level 1:colcon.colcon_core.environment:checking '/home/ws/ugv_ws/install/vizanti_demos/lib'
[4.578s] Level 1:colcon.colcon_core.environment:checking '/home/ws/ugv_ws/install/vizanti_demos/bin'
[4.578s] Level 1:colcon.colcon_core.environment:checking '/home/ws/ugv_ws/install/vizanti_demos/lib/pkgconfig/vizanti_demos.pc'
[4.579s] Level 1:colcon.colcon_core.environment:checking '/home/ws/ugv_ws/install/vizanti_demos/lib/python3.10/site-packages'
[4.579s] Level 1:colcon.colcon_core.environment:checking '/home/ws/ugv_ws/install/vizanti_demos/bin'
[4.580s] INFO:colcon.colcon_core.shell:Creating package script '/home/ws/ugv_ws/install/vizanti_demos/share/vizanti_demos/package.ps1'
[4.581s] INFO:colcon.colcon_core.shell:Creating package descriptor '/home/ws/ugv_ws/install/vizanti_demos/share/vizanti_demos/package.dsv'
[4.583s] INFO:colcon.colcon_core.shell:Creating package script '/home/ws/ugv_ws/install/vizanti_demos/share/vizanti_demos/package.sh'
[4.584s] INFO:colcon.colcon_core.shell:Creating package script '/home/ws/ugv_ws/install/vizanti_demos/share/vizanti_demos/package.bash'
[4.588s] INFO:colcon.colcon_core.shell:Creating package script '/home/ws/ugv_ws/install/vizanti_demos/share/vizanti_demos/package.zsh'
[4.589s] Level 1:colcon.colcon_core.environment:create_file_with_runtime_dependencies(/home/ws/ugv_ws/install/vizanti_demos/share/colcon-core/packages/vizanti_demos)
[4.591s] Level 1:colcon.colcon_core.environment:create_environment_scripts_only(vizanti)
[4.592s] Level 1:colcon.colcon_core.environment:checking '/home/ws/ugv_ws/install/vizanti' for CMake module files
[4.593s] DEBUG:colcon.colcon_core.event_handler.log_command:Invoked command in '/home/ws/ugv_ws/build/vizanti' returned '0': CMAKE_PREFIX_PATH=/home/ws/ugv_ws/install/vizanti_server:/home/ws/ugv_ws/install/vizanti_msgs:/home/ws/ugv_ws/install/vizanti:/home/ws/ugv_ws/install/vizanti_demos:/home/ws/ugv_ws/install/vizanti_cpp:/home/ws/ugv_ws/install/ugv_slam:/home/ws/ugv_ws/install/ugv_nav:/home/ws/ugv_ws/install/ugv_interface:/home/ws/ugv_ws/install/ugv_gazebo:/home/ws/ugv_ws/install/ugv_description:/home/ws/ugv_ws/install/ugv_base_node:/home/ws/ugv_ws/install/teb_local_planner:/home/ws/ugv_ws/install/teb_msgs:/home/ws/ugv_ws/install/slam_gmapping:/home/ws/ugv_ws/install/robot_pose_publisher:/home/ws/ugv_ws/install/rf2o_laser_odometry:/home/ws/ugv_ws/install/openslam_gmapping:/home/ws/ugv_ws/install/ldlidar:/home/ws/ugv_ws/install/explore_lite:/home/ws/ugv_ws/install/emcl2:/home/ws/ugv_ws/install/costmap_converter:/home/ws/ugv_ws/install/costmap_converter_msgs:/home/ws/ugv_ws/install/cartographer:/home/ws/ugv_ws/install/apriltag_ros:/home/ws/ugv_ws/install/apriltag_msgs:/home/ws/ugv_ws/install/apriltag:/home/ws/ugv_ws/install/ugv_web_app:/home/ws/ugv_ws/install/ugv_vision:/home/ws/ugv_ws/install/ugv_tools:/home/ws/ugv_ws/install/ugv_chat_ai:/home/ws/ugv_ws/install/ugv_bringup:/opt/ros/humble /usr/bin/cmake --install /home/ws/ugv_ws/build/vizanti
[4.593s] Level 1:colcon.colcon_core.environment:checking '/home/ws/ugv_ws/install/vizanti' for CMake config files
[4.594s] Level 1:colcon.colcon_core.shell:create_environment_hook('vizanti', 'cmake_prefix_path')
[4.594s] INFO:colcon.colcon_core.shell:Creating environment hook '/home/ws/ugv_ws/install/vizanti/share/vizanti/hook/cmake_prefix_path.ps1'
[4.595s] INFO:colcon.colcon_core.shell:Creating environment descriptor '/home/ws/ugv_ws/install/vizanti/share/vizanti/hook/cmake_prefix_path.dsv'
[4.595s] INFO:colcon.colcon_core.shell:Creating environment hook '/home/ws/ugv_ws/install/vizanti/share/vizanti/hook/cmake_prefix_path.sh'
[4.596s] Level 1:colcon.colcon_core.environment:checking '/home/ws/ugv_ws/install/vizanti/bin'
[4.596s] Level 1:colcon.colcon_core.environment:checking '/home/ws/ugv_ws/install/vizanti/lib/pkgconfig/vizanti.pc'
[4.596s] Level 1:colcon.colcon_core.environment:checking '/home/ws/ugv_ws/install/vizanti/lib/python3.10/site-packages'
[4.596s] Level 1:colcon.colcon_core.environment:checking '/home/ws/ugv_ws/install/vizanti/bin'
[4.597s] INFO:colcon.colcon_core.shell:Creating package script '/home/ws/ugv_ws/install/vizanti/share/vizanti/package.ps1'
[4.597s] INFO:colcon.colcon_core.shell:Creating package descriptor '/home/ws/ugv_ws/install/vizanti/share/vizanti/package.dsv'
[4.598s] INFO:colcon.colcon_core.shell:Creating package script '/home/ws/ugv_ws/install/vizanti/share/vizanti/package.sh'
[4.599s] INFO:colcon.colcon_core.shell:Creating package script '/home/ws/ugv_ws/install/vizanti/share/vizanti/package.bash'
[4.599s] INFO:colcon.colcon_core.shell:Creating package script '/home/ws/ugv_ws/install/vizanti/share/vizanti/package.zsh'
[4.600s] Level 1:colcon.colcon_core.environment:create_file_with_runtime_dependencies(/home/ws/ugv_ws/install/vizanti/share/colcon-core/packages/vizanti)
[4.602s] DEBUG:colcon.colcon_core.event_handler.log_command:Invoked command in '/home/ws/ugv_ws/build/teb_local_planner' returned '0': CMAKE_PREFIX_PATH=/home/ws/ugv_ws/install/teb_msgs:/home/ws/ugv_ws/install/costmap_converter:/home/ws/ugv_ws/install/costmap_converter_msgs:/home/ws/ugv_ws/install/vizanti:/home/ws/ugv_ws/install/vizanti_server:/home/ws/ugv_ws/install/vizanti_demos:/home/ws/ugv_ws/install/vizanti_msgs:/home/ws/ugv_ws/install/vizanti_cpp:/home/ws/ugv_ws/install/ugv_slam:/home/ws/ugv_ws/install/ugv_nav:/home/ws/ugv_ws/install/ugv_interface:/home/ws/ugv_ws/install/ugv_gazebo:/home/ws/ugv_ws/install/ugv_description:/home/ws/ugv_ws/install/ugv_base_node:/home/ws/ugv_ws/install/teb_local_planner:/home/ws/ugv_ws/install/slam_gmapping:/home/ws/ugv_ws/install/robot_pose_publisher:/home/ws/ugv_ws/install/rf2o_laser_odometry:/home/ws/ugv_ws/install/openslam_gmapping:/home/ws/ugv_ws/install/ldlidar:/home/ws/ugv_ws/install/explore_lite:/home/ws/ugv_ws/install/emcl2:/home/ws/ugv_ws/install/cartographer:/home/ws/ugv_ws/install/apriltag_ros:/home/ws/ugv_ws/install/apriltag_msgs:/home/ws/ugv_ws/install/apriltag:/home/ws/ugv_ws/install/ugv_web_app:/home/ws/ugv_ws/install/ugv_vision:/home/ws/ugv_ws/install/ugv_tools:/home/ws/ugv_ws/install/ugv_chat_ai:/home/ws/ugv_ws/install/ugv_bringup:/opt/ros/humble LD_LIBRARY_PATH=/home/ws/ugv_ws/install/teb_msgs/lib:/home/ws/ugv_ws/install/costmap_converter/lib:/home/ws/ugv_ws/install/costmap_converter_msgs/lib:/home/ws/ugv_ws/install/vizanti_msgs/lib:/home/ws/ugv_ws/install/ugv_interface/lib:/home/ws/ugv_ws/install/teb_local_planner/lib:/home/ws/ugv_ws/install/openslam_gmapping/lib:/home/ws/ugv_ws/install/apriltag_ros/lib:/home/ws/ugv_ws/install/apriltag_msgs/lib:/home/ws/ugv_ws/install/apriltag/lib:/opt/ros/humble/opt/rviz_ogre_vendor/lib:/opt/ros/humble/lib/aarch64-linux-gnu:/opt/ros/humble/lib /usr/bin/cmake --build /home/ws/ugv_ws/build/teb_local_planner -- -j4 -l4
[4.606s] DEBUG:colcon.colcon_core.event_handler.log_command:Invoked command in '/home/ws/ugv_ws/build/ugv_interface' returned '0': CMAKE_PREFIX_PATH=${CMAKE_PREFIX_PATH}:/home/ws/ugv_ws/install/ugv_web_app:/home/ws/ugv_ws/install/ugv_vision:/home/ws/ugv_ws/install/ugv_tools:/home/ws/ugv_ws/install/ugv_chat_ai:/home/ws/ugv_ws/install/ugv_bringup:/opt/ros/humble /usr/bin/cmake --build /home/ws/ugv_ws/build/ugv_interface -- -j4 -l4
[4.627s] Level 1:colcon.colcon_core.environment:create_environment_scripts_only(vizanti)
[4.628s] Level 1:colcon.colcon_core.environment:checking '/home/ws/ugv_ws/install/vizanti' for CMake module files
[4.628s] Level 1:colcon.colcon_core.environment:checking '/home/ws/ugv_ws/install/vizanti' for CMake config files
[4.629s] Level 1:colcon.colcon_core.shell:create_environment_hook('vizanti', 'cmake_prefix_path')
[4.629s] INFO:colcon.colcon_core.shell:Creating environment hook '/home/ws/ugv_ws/install/vizanti/share/vizanti/hook/cmake_prefix_path.ps1'
[4.630s] INFO:colcon.colcon_core.shell:Creating environment descriptor '/home/ws/ugv_ws/install/vizanti/share/vizanti/hook/cmake_prefix_path.dsv'
[4.631s] INFO:colcon.colcon_core.shell:Creating environment hook '/home/ws/ugv_ws/install/vizanti/share/vizanti/hook/cmake_prefix_path.sh'
[4.635s] Level 1:colcon.colcon_core.environment:checking '/home/ws/ugv_ws/install/vizanti/bin'
[4.635s] Level 1:colcon.colcon_core.environment:checking '/home/ws/ugv_ws/install/vizanti/lib/pkgconfig/vizanti.pc'
[4.635s] Level 1:colcon.colcon_core.environment:checking '/home/ws/ugv_ws/install/vizanti/lib/python3.10/site-packages'
[4.636s] Level 1:colcon.colcon_core.environment:checking '/home/ws/ugv_ws/install/vizanti/bin'
[4.636s] INFO:colcon.colcon_core.shell:Creating package script '/home/ws/ugv_ws/install/vizanti/share/vizanti/package.ps1'
[4.637s] INFO:colcon.colcon_core.shell:Creating package descriptor '/home/ws/ugv_ws/install/vizanti/share/vizanti/package.dsv'
[4.638s] INFO:colcon.colcon_core.shell:Creating package script '/home/ws/ugv_ws/install/vizanti/share/vizanti/package.sh'
[4.639s] INFO:colcon.colcon_core.shell:Creating package script '/home/ws/ugv_ws/install/vizanti/share/vizanti/package.bash'
[4.640s] INFO:colcon.colcon_core.shell:Creating package script '/home/ws/ugv_ws/install/vizanti/share/vizanti/package.zsh'
[4.641s] Level 1:colcon.colcon_core.environment:create_file_with_runtime_dependencies(/home/ws/ugv_ws/install/vizanti/share/colcon-core/packages/vizanti)
[4.654s] DEBUG:colcon.colcon_core.event_handler.log_command:Invoking command in '/home/ws/ugv_ws/build/teb_local_planner': CMAKE_PREFIX_PATH=/home/ws/ugv_ws/install/teb_msgs:/home/ws/ugv_ws/install/costmap_converter:/home/ws/ugv_ws/install/costmap_converter_msgs:/home/ws/ugv_ws/install/vizanti:/home/ws/ugv_ws/install/vizanti_server:/home/ws/ugv_ws/install/vizanti_demos:/home/ws/ugv_ws/install/vizanti_msgs:/home/ws/ugv_ws/install/vizanti_cpp:/home/ws/ugv_ws/install/ugv_slam:/home/ws/ugv_ws/install/ugv_nav:/home/ws/ugv_ws/install/ugv_interface:/home/ws/ugv_ws/install/ugv_gazebo:/home/ws/ugv_ws/install/ugv_description:/home/ws/ugv_ws/install/ugv_base_node:/home/ws/ugv_ws/install/teb_local_planner:/home/ws/ugv_ws/install/slam_gmapping:/home/ws/ugv_ws/install/robot_pose_publisher:/home/ws/ugv_ws/install/rf2o_laser_odometry:/home/ws/ugv_ws/install/openslam_gmapping:/home/ws/ugv_ws/install/ldlidar:/home/ws/ugv_ws/install/explore_lite:/home/ws/ugv_ws/install/emcl2:/home/ws/ugv_ws/install/cartographer:/home/ws/ugv_ws/install/apriltag_ros:/home/ws/ugv_ws/install/apriltag_msgs:/home/ws/ugv_ws/install/apriltag:/home/ws/ugv_ws/install/ugv_web_app:/home/ws/ugv_ws/install/ugv_vision:/home/ws/ugv_ws/install/ugv_tools:/home/ws/ugv_ws/install/ugv_chat_ai:/home/ws/ugv_ws/install/ugv_bringup:/opt/ros/humble LD_LIBRARY_PATH=/home/ws/ugv_ws/install/teb_msgs/lib:/home/ws/ugv_ws/install/costmap_converter/lib:/home/ws/ugv_ws/install/costmap_converter_msgs/lib:/home/ws/ugv_ws/install/vizanti_msgs/lib:/home/ws/ugv_ws/install/ugv_interface/lib:/home/ws/ugv_ws/install/teb_local_planner/lib:/home/ws/ugv_ws/install/openslam_gmapping/lib:/home/ws/ugv_ws/install/apriltag_ros/lib:/home/ws/ugv_ws/install/apriltag_msgs/lib:/home/ws/ugv_ws/install/apriltag/lib:/opt/ros/humble/opt/rviz_ogre_vendor/lib:/opt/ros/humble/lib/aarch64-linux-gnu:/opt/ros/humble/lib /usr/bin/cmake --install /home/ws/ugv_ws/build/teb_local_planner
[4.672s] Level 1:colcon.colcon_core.environment:create_environment_scripts_only(teb_local_planner)
[4.672s] Level 1:colcon.colcon_core.environment:checking '/home/ws/ugv_ws/install/teb_local_planner' for CMake module files
[4.673s] DEBUG:colcon.colcon_core.event_handler.log_command:Invoked command in '/home/ws/ugv_ws/build/teb_local_planner' returned '0': CMAKE_PREFIX_PATH=/home/ws/ugv_ws/install/teb_msgs:/home/ws/ugv_ws/install/costmap_converter:/home/ws/ugv_ws/install/costmap_converter_msgs:/home/ws/ugv_ws/install/vizanti:/home/ws/ugv_ws/install/vizanti_server:/home/ws/ugv_ws/install/vizanti_demos:/home/ws/ugv_ws/install/vizanti_msgs:/home/ws/ugv_ws/install/vizanti_cpp:/home/ws/ugv_ws/install/ugv_slam:/home/ws/ugv_ws/install/ugv_nav:/home/ws/ugv_ws/install/ugv_interface:/home/ws/ugv_ws/install/ugv_gazebo:/home/ws/ugv_ws/install/ugv_description:/home/ws/ugv_ws/install/ugv_base_node:/home/ws/ugv_ws/install/teb_local_planner:/home/ws/ugv_ws/install/slam_gmapping:/home/ws/ugv_ws/install/robot_pose_publisher:/home/ws/ugv_ws/install/rf2o_laser_odometry:/home/ws/ugv_ws/install/openslam_gmapping:/home/ws/ugv_ws/install/ldlidar:/home/ws/ugv_ws/install/explore_lite:/home/ws/ugv_ws/install/emcl2:/home/ws/ugv_ws/install/cartographer:/home/ws/ugv_ws/install/apriltag_ros:/home/ws/ugv_ws/install/apriltag_msgs:/home/ws/ugv_ws/install/apriltag:/home/ws/ugv_ws/install/ugv_web_app:/home/ws/ugv_ws/install/ugv_vision:/home/ws/ugv_ws/install/ugv_tools:/home/ws/ugv_ws/install/ugv_chat_ai:/home/ws/ugv_ws/install/ugv_bringup:/opt/ros/humble LD_LIBRARY_PATH=/home/ws/ugv_ws/install/teb_msgs/lib:/home/ws/ugv_ws/install/costmap_converter/lib:/home/ws/ugv_ws/install/costmap_converter_msgs/lib:/home/ws/ugv_ws/install/vizanti_msgs/lib:/home/ws/ugv_ws/install/ugv_interface/lib:/home/ws/ugv_ws/install/teb_local_planner/lib:/home/ws/ugv_ws/install/openslam_gmapping/lib:/home/ws/ugv_ws/install/apriltag_ros/lib:/home/ws/ugv_ws/install/apriltag_msgs/lib:/home/ws/ugv_ws/install/apriltag/lib:/opt/ros/humble/opt/rviz_ogre_vendor/lib:/opt/ros/humble/lib/aarch64-linux-gnu:/opt/ros/humble/lib /usr/bin/cmake --install /home/ws/ugv_ws/build/teb_local_planner
[4.674s] Level 1:colcon.colcon_core.environment:checking '/home/ws/ugv_ws/install/teb_local_planner' for CMake config files
[4.674s] Level 1:colcon.colcon_core.shell:create_environment_hook('teb_local_planner', 'cmake_prefix_path')
[4.674s] INFO:colcon.colcon_core.shell:Creating environment hook '/home/ws/ugv_ws/install/teb_local_planner/share/teb_local_planner/hook/cmake_prefix_path.ps1'
[4.675s] INFO:colcon.colcon_core.shell:Creating environment descriptor '/home/ws/ugv_ws/install/teb_local_planner/share/teb_local_planner/hook/cmake_prefix_path.dsv'
[4.676s] INFO:colcon.colcon_core.shell:Creating environment hook '/home/ws/ugv_ws/install/teb_local_planner/share/teb_local_planner/hook/cmake_prefix_path.sh'
[4.677s] Level 1:colcon.colcon_core.environment:checking '/home/ws/ugv_ws/install/teb_local_planner/lib'
[4.677s] Level 1:colcon.colcon_core.shell:create_environment_hook('teb_local_planner', 'ld_library_path_lib')
[4.677s] INFO:colcon.colcon_core.shell:Creating environment hook '/home/ws/ugv_ws/install/teb_local_planner/share/teb_local_planner/hook/ld_library_path_lib.ps1'
[4.678s] INFO:colcon.colcon_core.shell:Creating environment descriptor '/home/ws/ugv_ws/install/teb_local_planner/share/teb_local_planner/hook/ld_library_path_lib.dsv'
[4.682s] INFO:colcon.colcon_core.shell:Creating environment hook '/home/ws/ugv_ws/install/teb_local_planner/share/teb_local_planner/hook/ld_library_path_lib.sh'
[4.682s] Level 1:colcon.colcon_core.environment:checking '/home/ws/ugv_ws/install/teb_local_planner/bin'
[4.683s] Level 1:colcon.colcon_core.environment:checking '/home/ws/ugv_ws/install/teb_local_planner/lib/pkgconfig/teb_local_planner.pc'
[4.683s] Level 1:colcon.colcon_core.environment:checking '/home/ws/ugv_ws/install/teb_local_planner/lib/python3.10/site-packages'
[4.683s] Level 1:colcon.colcon_core.environment:checking '/home/ws/ugv_ws/install/teb_local_planner/bin'
[4.684s] INFO:colcon.colcon_core.shell:Creating package script '/home/ws/ugv_ws/install/teb_local_planner/share/teb_local_planner/package.ps1'
[4.685s] INFO:colcon.colcon_core.shell:Creating package descriptor '/home/ws/ugv_ws/install/teb_local_planner/share/teb_local_planner/package.dsv'
[4.685s] INFO:colcon.colcon_core.shell:Creating package script '/home/ws/ugv_ws/install/teb_local_planner/share/teb_local_planner/package.sh'
[4.686s] INFO:colcon.colcon_core.shell:Creating package script '/home/ws/ugv_ws/install/teb_local_planner/share/teb_local_planner/package.bash'
[4.687s] INFO:colcon.colcon_core.shell:Creating package script '/home/ws/ugv_ws/install/teb_local_planner/share/teb_local_planner/package.zsh'
[4.687s] Level 1:colcon.colcon_core.environment:create_file_with_runtime_dependencies(/home/ws/ugv_ws/install/teb_local_planner/share/colcon-core/packages/teb_local_planner)
[4.692s] DEBUG:colcon.colcon_core.event_handler.log_command:Invoking command in '/home/ws/ugv_ws/build/ugv_interface': CMAKE_PREFIX_PATH=${CMAKE_PREFIX_PATH}:/home/ws/ugv_ws/install/ugv_web_app:/home/ws/ugv_ws/install/ugv_vision:/home/ws/ugv_ws/install/ugv_tools:/home/ws/ugv_ws/install/ugv_chat_ai:/home/ws/ugv_ws/install/ugv_bringup:/opt/ros/humble /usr/bin/cmake --install /home/ws/ugv_ws/build/ugv_interface
[4.734s] Level 1:colcon.colcon_core.environment:create_environment_scripts_only(teb_local_planner)
[4.734s] Level 1:colcon.colcon_core.environment:checking '/home/ws/ugv_ws/install/teb_local_planner' for CMake module files
[4.735s] Level 1:colcon.colcon_core.environment:checking '/home/ws/ugv_ws/install/teb_local_planner' for CMake config files
[4.735s] Level 1:colcon.colcon_core.shell:create_environment_hook('teb_local_planner', 'cmake_prefix_path')
[4.736s] INFO:colcon.colcon_core.shell:Creating environment hook '/home/ws/ugv_ws/install/teb_local_planner/share/teb_local_planner/hook/cmake_prefix_path.ps1'
[4.736s] INFO:colcon.colcon_core.shell:Creating environment descriptor '/home/ws/ugv_ws/install/teb_local_planner/share/teb_local_planner/hook/cmake_prefix_path.dsv'
[4.737s] INFO:colcon.colcon_core.shell:Creating environment hook '/home/ws/ugv_ws/install/teb_local_planner/share/teb_local_planner/hook/cmake_prefix_path.sh'
[4.738s] Level 1:colcon.colcon_core.environment:checking '/home/ws/ugv_ws/install/teb_local_planner/lib'
[4.738s] Level 1:colcon.colcon_core.shell:create_environment_hook('teb_local_planner', 'ld_library_path_lib')
[4.739s] INFO:colcon.colcon_core.shell:Creating environment hook '/home/ws/ugv_ws/install/teb_local_planner/share/teb_local_planner/hook/ld_library_path_lib.ps1'
[4.739s] INFO:colcon.colcon_core.shell:Creating environment descriptor '/home/ws/ugv_ws/install/teb_local_planner/share/teb_local_planner/hook/ld_library_path_lib.dsv'
[4.742s] INFO:colcon.colcon_core.shell:Creating environment hook '/home/ws/ugv_ws/install/teb_local_planner/share/teb_local_planner/hook/ld_library_path_lib.sh'
[4.743s] Level 1:colcon.colcon_core.environment:checking '/home/ws/ugv_ws/install/teb_local_planner/bin'
[4.743s] Level 1:colcon.colcon_core.environment:checking '/home/ws/ugv_ws/install/teb_local_planner/lib/pkgconfig/teb_local_planner.pc'
[4.744s] Level 1:colcon.colcon_core.environment:checking '/home/ws/ugv_ws/install/teb_local_planner/lib/python3.10/site-packages'
[4.744s] Level 1:colcon.colcon_core.environment:checking '/home/ws/ugv_ws/install/teb_local_planner/bin'
[4.744s] INFO:colcon.colcon_core.shell:Creating package script '/home/ws/ugv_ws/install/teb_local_planner/share/teb_local_planner/package.ps1'
[4.745s] INFO:colcon.colcon_core.shell:Creating package descriptor '/home/ws/ugv_ws/install/teb_local_planner/share/teb_local_planner/package.dsv'
[4.746s] INFO:colcon.colcon_core.shell:Creating package script '/home/ws/ugv_ws/install/teb_local_planner/share/teb_local_planner/package.sh'
[4.746s] INFO:colcon.colcon_core.shell:Creating package script '/home/ws/ugv_ws/install/teb_local_planner/share/teb_local_planner/package.bash'
[4.747s] INFO:colcon.colcon_core.shell:Creating package script '/home/ws/ugv_ws/install/teb_local_planner/share/teb_local_planner/package.zsh'
[4.747s] Level 1:colcon.colcon_core.environment:create_file_with_runtime_dependencies(/home/ws/ugv_ws/install/teb_local_planner/share/colcon-core/packages/teb_local_planner)
[4.772s] Level 1:colcon.colcon_core.environment:create_environment_scripts_only(ugv_interface)
[4.772s] Level 1:colcon.colcon_core.environment:checking '/home/ws/ugv_ws/install/ugv_interface' for CMake module files
[4.773s] Level 1:colcon.colcon_core.environment:checking '/home/ws/ugv_ws/install/ugv_interface' for CMake config files
[4.773s] Level 1:colcon.colcon_core.shell:create_environment_hook('ugv_interface', 'cmake_prefix_path')
[4.773s] INFO:colcon.colcon_core.shell:Creating environment hook '/home/ws/ugv_ws/install/ugv_interface/share/ugv_interface/hook/cmake_prefix_path.ps1'
[4.774s] INFO:colcon.colcon_core.shell:Creating environment descriptor '/home/ws/ugv_ws/install/ugv_interface/share/ugv_interface/hook/cmake_prefix_path.dsv'
[4.774s] DEBUG:colcon.colcon_core.event_handler.log_command:Invoked command in '/home/ws/ugv_ws/build/ugv_interface' returned '0': CMAKE_PREFIX_PATH=${CMAKE_PREFIX_PATH}:/home/ws/ugv_ws/install/ugv_web_app:/home/ws/ugv_ws/install/ugv_vision:/home/ws/ugv_ws/install/ugv_tools:/home/ws/ugv_ws/install/ugv_chat_ai:/home/ws/ugv_ws/install/ugv_bringup:/opt/ros/humble /usr/bin/cmake --install /home/ws/ugv_ws/build/ugv_interface
[4.777s] INFO:colcon.colcon_core.shell:Creating environment hook '/home/ws/ugv_ws/install/ugv_interface/share/ugv_interface/hook/cmake_prefix_path.sh'
[4.778s] Level 1:colcon.colcon_core.environment:checking '/home/ws/ugv_ws/install/ugv_interface/lib'
[4.778s] Level 1:colcon.colcon_core.shell:create_environment_hook('ugv_interface', 'ld_library_path_lib')
[4.778s] INFO:colcon.colcon_core.shell:Creating environment hook '/home/ws/ugv_ws/install/ugv_interface/share/ugv_interface/hook/ld_library_path_lib.ps1'
[4.779s] INFO:colcon.colcon_core.shell:Creating environment descriptor '/home/ws/ugv_ws/install/ugv_interface/share/ugv_interface/hook/ld_library_path_lib.dsv'
[4.779s] INFO:colcon.colcon_core.shell:Creating environment hook '/home/ws/ugv_ws/install/ugv_interface/share/ugv_interface/hook/ld_library_path_lib.sh'
[4.780s] Level 1:colcon.colcon_core.environment:checking '/home/ws/ugv_ws/install/ugv_interface/bin'
[4.780s] Level 1:colcon.colcon_core.environment:checking '/home/ws/ugv_ws/install/ugv_interface/lib/pkgconfig/ugv_interface.pc'
[4.780s] Level 1:colcon.colcon_core.environment:checking '/home/ws/ugv_ws/install/ugv_interface/lib/python3.10/site-packages'
[4.780s] Level 1:colcon.colcon_core.environment:checking '/home/ws/ugv_ws/install/ugv_interface/bin'
[4.781s] INFO:colcon.colcon_core.shell:Creating package script '/home/ws/ugv_ws/install/ugv_interface/share/ugv_interface/package.ps1'
[4.781s] INFO:colcon.colcon_core.shell:Creating package descriptor '/home/ws/ugv_ws/install/ugv_interface/share/ugv_interface/package.dsv'
[4.782s] INFO:colcon.colcon_core.shell:Creating package script '/home/ws/ugv_ws/install/ugv_interface/share/ugv_interface/package.sh'
[4.783s] INFO:colcon.colcon_core.shell:Creating package script '/home/ws/ugv_ws/install/ugv_interface/share/ugv_interface/package.bash'
[4.783s] INFO:colcon.colcon_core.shell:Creating package script '/home/ws/ugv_ws/install/ugv_interface/share/ugv_interface/package.zsh'
[4.784s] Level 1:colcon.colcon_core.environment:create_file_with_runtime_dependencies(/home/ws/ugv_ws/install/ugv_interface/share/colcon-core/packages/ugv_interface)
[4.851s] Level 1:colcon.colcon_core.environment:create_environment_scripts_only(ugv_interface)
[4.851s] Level 1:colcon.colcon_core.environment:checking '/home/ws/ugv_ws/install/ugv_interface' for CMake module files
[4.852s] Level 1:colcon.colcon_core.environment:checking '/home/ws/ugv_ws/install/ugv_interface' for CMake config files
[4.852s] Level 1:colcon.colcon_core.shell:create_environment_hook('ugv_interface', 'cmake_prefix_path')
[4.852s] INFO:colcon.colcon_core.shell:Creating environment hook '/home/ws/ugv_ws/install/ugv_interface/share/ugv_interface/hook/cmake_prefix_path.ps1'
[4.853s] INFO:colcon.colcon_core.shell:Creating environment descriptor '/home/ws/ugv_ws/install/ugv_interface/share/ugv_interface/hook/cmake_prefix_path.dsv'
[4.854s] INFO:colcon.colcon_core.shell:Creating environment hook '/home/ws/ugv_ws/install/ugv_interface/share/ugv_interface/hook/cmake_prefix_path.sh'
[4.858s] Level 1:colcon.colcon_core.environment:checking '/home/ws/ugv_ws/install/ugv_interface/lib'
[4.858s] Level 1:colcon.colcon_core.shell:create_environment_hook('ugv_interface', 'ld_library_path_lib')
[4.858s] INFO:colcon.colcon_core.shell:Creating environment hook '/home/ws/ugv_ws/install/ugv_interface/share/ugv_interface/hook/ld_library_path_lib.ps1'
[4.858s] INFO:colcon.colcon_core.shell:Creating environment descriptor '/home/ws/ugv_ws/install/ugv_interface/share/ugv_interface/hook/ld_library_path_lib.dsv'
[4.859s] INFO:colcon.colcon_core.shell:Creating environment hook '/home/ws/ugv_ws/install/ugv_interface/share/ugv_interface/hook/ld_library_path_lib.sh'
[4.860s] Level 1:colcon.colcon_core.environment:checking '/home/ws/ugv_ws/install/ugv_interface/bin'
[4.860s] Level 1:colcon.colcon_core.environment:checking '/home/ws/ugv_ws/install/ugv_interface/lib/pkgconfig/ugv_interface.pc'
[4.860s] Level 1:colcon.colcon_core.environment:checking '/home/ws/ugv_ws/install/ugv_interface/lib/python3.10/site-packages'
[4.860s] Level 1:colcon.colcon_core.environment:checking '/home/ws/ugv_ws/install/ugv_interface/bin'
[4.861s] INFO:colcon.colcon_core.shell:Creating package script '/home/ws/ugv_ws/install/ugv_interface/share/ugv_interface/package.ps1'
[4.861s] INFO:colcon.colcon_core.shell:Creating package descriptor '/home/ws/ugv_ws/install/ugv_interface/share/ugv_interface/package.dsv'
[4.862s] INFO:colcon.colcon_core.shell:Creating package script '/home/ws/ugv_ws/install/ugv_interface/share/ugv_interface/package.sh'
[4.862s] INFO:colcon.colcon_core.shell:Creating package script '/home/ws/ugv_ws/install/ugv_interface/share/ugv_interface/package.bash'
[4.863s] INFO:colcon.colcon_core.shell:Creating package script '/home/ws/ugv_ws/install/ugv_interface/share/ugv_interface/package.zsh'
[4.864s] Level 1:colcon.colcon_core.environment:create_file_with_runtime_dependencies(/home/ws/ugv_ws/install/ugv_interface/share/colcon-core/packages/ugv_interface)
[4.864s] DEBUG:colcon.colcon_parallel_executor.executor.parallel:closing loop
[4.865s] DEBUG:colcon.colcon_parallel_executor.executor.parallel:loop closed
[4.865s] DEBUG:colcon.colcon_parallel_executor.executor.parallel:run_until_complete finished with '0'
[4.865s] DEBUG:colcon.colcon_core.event_reactor:joining thread
[4.872s] INFO:colcon.colcon_core.plugin_system:Skipping extension 'colcon_notification.desktop_notification.notify_send': Could not find 'notify-send'
[4.872s] INFO:colcon.colcon_core.plugin_system:Skipping extension 'colcon_notification.desktop_notification.terminal_notifier': Not used on non-Darwin systems
[4.872s] INFO:colcon.colcon_core.plugin_system:Skipping extension 'colcon_notification.desktop_notification.win32': Not used on non-Windows systems
[4.872s] INFO:colcon.colcon_notification.desktop_notification:Sending desktop notification using 'notify2'
[4.874s] DEBUG:colcon.colcon_notification.desktop_notification.notify2:Failed to initialize notify2: org.freedesktop.DBus.Error.Spawn.ExecFailed: /usr/bin/dbus-launch terminated abnormally without any error message
[4.874s] DEBUG:colcon.colcon_core.event_reactor:joined thread
[4.875s] INFO:colcon.colcon_core.shell:Creating prefix script '/home/ws/ugv_ws/install/local_setup.ps1'
[4.876s] INFO:colcon.colcon_core.shell:Creating prefix util module '/home/ws/ugv_ws/install/_local_setup_util_ps1.py'
[4.878s] INFO:colcon.colcon_core.shell:Creating prefix chain script '/home/ws/ugv_ws/install/setup.ps1'
[4.881s] INFO:colcon.colcon_core.shell:Creating prefix script '/home/ws/ugv_ws/install/local_setup.sh'
[4.882s] INFO:colcon.colcon_core.shell:Creating prefix util module '/home/ws/ugv_ws/install/_local_setup_util_sh.py'
[4.883s] INFO:colcon.colcon_core.shell:Creating prefix chain script '/home/ws/ugv_ws/install/setup.sh'
[4.885s] INFO:colcon.colcon_core.shell:Creating prefix script '/home/ws/ugv_ws/install/local_setup.bash'
[4.885s] INFO:colcon.colcon_core.shell:Creating prefix chain script '/home/ws/ugv_ws/install/setup.bash'
[4.887s] INFO:colcon.colcon_core.shell:Creating prefix script '/home/ws/ugv_ws/install/local_setup.zsh'
[4.888s] INFO:colcon.colcon_core.shell:Creating prefix chain script '/home/ws/ugv_ws/install/setup.zsh'
